NRO_RADICADO;FECHA_ACCIDENTE;HORA_ACCIDENTE;Día de la semana;AÑO;MES;CLASE_VEHICULO;TIPO_SERVICIO;TIPO_VICTIMA;EDAD;GENERO;GRAVEDAD;ESTADO_BEODEZ;ESTADO_DROGA;RESULTADO_BEODEZ;RESUL_BEODEZ_GRAMOS;DIRECCION_CARACT_VIA;TRAMO_VIA;LOCALIDAD_O_COMUNA;    GEORREFERENCIACIÓN;DESC_CLASE_ACCIDENTE;DESC_CHOQUE_ACCIDENTE;DESC_OBJETO_FIJO;DESC_SECTOR_ACCIDENTE;CONDICION_CLIMATICA;CAUSA_ACCIDENTE
2173901;2/01/2018;10:50:00 p. m.;Martes;2018;Enero;MOTOCICLETA;DIPLOMATICO;Motociclista;19;MASCULINO;HERIDOS;0;0;0;0;TRANSVERSAL 34 C SUR CON DIAGONAL 32;;OBRERO;6.172124153467526, -75.5812525681186;CHOQUE;VEHICULO;NO REPORTADO;COMERCIAL;Normal;Desobedecer señales
2180000;2/01/2018;8:40:00 p. m.;Martes;2018;Enero;BUS;PUBLICO;Pasajero;21;FEMENINO;HERIDOS;0;0;0;0;CALLE 37 SURCON CARRERA 36;;MESA;6.168280395747758, -75.58332019343861;CHOQUE;VEHICULO;NO REPORTADO;RESIDENCIAL;Lluvia;Desobedecer señales
2180000;2/01/2018;8:40:00 p. m.;Martes;2018;Enero;AUTOMOVIL;PARTICULAR;Conductor;31;MASCULINO;HERIDOS;0;0;0;0;CALLE 37 SURCON CARRERA 36;;MESA;6.168280395747758, -75.58332019343861;CHOQUE;VEHICULO;NO REPORTADO;RESIDENCIAL;Lluvia;Desobedecer señales
2180005;1/01/2018;7:00:00 p. m.;Lunes;2018;Enero;MOTOCICLETA;PARTICULAR;Motociclista;15;FEMENINO;HERIDOS;0;0;0;0;CARRERA 48 CON CALLE 25 A SUR;;LAS VEGAS;6.185400850933313, -75.58369129945635;CHOQUE;VEHICULO;NO REPORTADO;COMERCIAL;Lluvia;No respetar prelacion
2180008;3/01/2018;9:00:00 a. m.;Miércoles;2018;Enero;MOTOCICLETA;PARTICULAR;Motociclista;20;FEMENINO;HERIDOS;0;0;0;0;TRANSVERSAL 34 SUR CON DIAGONAL 31 E;;LA MAGNOLIA;6.173760854570752, -75.58103891883675;CHOQUE;VEHICULO;NO REPORTADO;RESIDENCIAL;Normal;Impericia en el manejo
2180011;3/01/2018;10:45:00 p. m.;Miércoles;2018;Enero;MOTOCICLETA;DIPLOMATICO;Motociclista;41;MASCULINO;HERIDOS;0;0;0;0;CARRERA 50 CON CALLE 25 AA SUR;;LAS VEGAS;6.185702, -75.586148;CHOQUE;VEHICULO;NO REPORTADO;INDUSTRIAL;Normal;Embriaguez aparente
2180018;3/01/2018;9:00:00 a. m.;Miércoles;2018;Enero;CAMIONETA;PARTICULAR;Conductor;46;FEMENINO;HERIDOS;0;0;0;0;CALLE 36 AA SUR CON CARRERA 25 B 150 CASA 118;;VEREDA SANTA CATALINA;6.161394764789896, -75.56502353576704;CHOQUE;OBJETO FIJO;INMUEBLE;RESIDENCIAL;Normal;Impericia en el manejo
2180020;3/01/2018;9:30:00 p. m.;Miércoles;2018;Enero;AUTOMOVIL;PUBLICO;Acompañante;57;FEMENINO;HERIDOS;0;0;0;0;TRANSVERSAL 32 A SUR CON DIAGONAL 33;;LA MAGNOLIA;6.175029759197726, -75.58464621857274;ATROPELLO;NO REPORTADO;NO REPORTADO;RESIDENCIAL;Lluvia;Reverso imprudente
2180021;4/01/2018;6:00:00 a. m.;Jueves;2018;Enero;MOTOCICLETA;PARTICULAR;Motociclista;35;MASCULINO;HERIDOS;0;0;0;0;CARRERA 50 CON CALLE 23 SUR;;LAS VEGAS;6.187524, -75.583868;CAIDA OCUPANTE;NO REPORTADO;NO REPORTADO;INDUSTRIAL;Normal;Impericia en el manejo
2180022;4/01/2018;8:00:00 a. m.;Jueves;2018;Enero;MOTOCICLETA;PARTICULAR;Acompañante;18;FEMENINO;HERIDOS;0;0;0;0;CARRERA 48 CON CALLE 49 D SUR;;LAS CASITAS;6.163348131256726, -75.60251593624304;CHOQUE;VEHICULO;NO REPORTADO;RESIDENCIAL;Normal;No mantener distancia de seguridad
2180022;4/01/2018;8:00:00 a. m.;Jueves;2018;Enero;MOTOCICLETA;PARTICULAR;Motociclista;21;MASCULINO;HERIDOS;0;0;0;0;CARRERA 48 CON CALLE 49 D SUR;;LAS CASITAS;6.163348131256726, -75.60251593624304;CHOQUE;VEHICULO;NO REPORTADO;RESIDENCIAL;Normal;No mantener distancia de seguridad
2180023;5/01/2018;12:10:00 p. m.;Viernes;2018;Enero;BICICLETA;PARTICULAR;Ciclista;56;MASCULINO;MUERTOS;0;0;0;0;CARRERA 43 A # 46 A SUR 39;;PRIMAVERA;6.162988, -75.596782;CHOQUE;VEHICULO;NO REPORTADO;RESIDENCIAL;Normal;Transitar entre vehiculos
2180024;5/01/2018;11:00:00 p. m.;Viernes;2018;Enero;MOTOCICLETA;PARTICULAR;Acompañante;25;FEMENINO;HERIDOS;0;0;0;0;KILOMETRO 8;el escobero - km 0-13);VEREDA EL ESCOBERO;6.125262088095403, -75.5354119889815;CAIDA OCUPANTE;NO REPORTADO;NO REPORTADO;NO REPORTADO;Normal;Impericia en el manejo
2180024;5/01/2018;11:00:00 p. m.;Viernes;2018;Enero;MOTOCICLETA;PARTICULAR;Motociclista;23;MASCULINO;HERIDOS;0;0;0;0;KILOMETRO 8;el escobero - km 0-13);VEREDA EL ESCOBERO;6.125262088095403, -75.5354119889815;CAIDA OCUPANTE;NO REPORTADO;NO REPORTADO;NO REPORTADO;Normal;Impericia en el manejo
2180025;4/01/2018;11:30:00 a. m.;Jueves;2018;Enero;AUTOMOVIL;PUBLICO;Pasajero;34;FEMENINO;HERIDOS;0;0;0;0;CARRERA 43 A CALLE 45 SUR;;LA PAZ;6.164843128924306, -75.59421879013185;CHOQUE;VEHICULO;NO REPORTADO;RESIDENCIAL;Normal;No mantener distancia de seguridad
2180026;6/01/2018;9:30:00 a. m.;Sábado;2018;Enero;MOTOCICLETA;PARTICULAR;Motociclista;23;MASCULINO;HERIDOS;0;0;0;0;DIAGONAL 30 B TRANSVERSAL 32 D SUR 03;;LAS FLORES;6.1743457587044785, -75.57851197672746;CHOQUE;VEHICULO;NO REPORTADO;RESIDENCIAL;Normal;Impericia en el manejo
2180027;3/01/2018;8:50:00 a. m.;Miércoles;2018;Enero;MOTOCICLETA;PARTICULAR;Peaton;73;MASCULINO;HERIDOS;0;0;0;0;CARRERA 40 CALLE 35 SUR;;ZONA CENTRO;6.170951608977489, -75.58467349984832;ATROPELLO;NO REPORTADO;NO REPORTADO;RESIDENCIAL;Normal;Cruzar sin observar  -  Poner en marcha un vehiculo sin precauci
2180028;3/01/2018;8:10:00 p. m.;Miércoles;2018;Enero;MOTOCICLETA;DIPLOMATICO;Motociclista;34;MASCULINO;HERIDOS;0;0;0;0;CARRERA 50 CALLE 25 AA SUR;;LAS VEGAS;6.185690, -75.586150;CHOQUE;VEHICULO;NO REPORTADO;RESIDENCIAL;Normal;No mantener distancia de seguridad
2180029;4/01/2018;1:00:00 p. m.;Jueves;2018;Enero;AUTOMOVIL;PUBLICO;Pasajero;79;FEMENINO;HERIDOS;0;0;0;0;CALLE 45 B SUR CARRERA 42 B;;LA PAZ;6.164870131242592, -75.59478220547443;CHOQUE;VEHICULO;NO REPORTADO;RESIDENCIAL;Normal;Desobedecer señales
2180030;9/01/2018;3:15:00 p. m.;Martes;2018;Enero;MOTOCICLETA;PARTICULAR;Motociclista;35;MASCULINO;HERIDOS;0;0;0;0;CARRERA 50 CALLE 43 SUR ;;LAS VEGAS;6.171018, -75.600755;CHOQUE;VEHICULO;NO REPORTADO;RESIDENCIAL;Lluvia;Impericia en el manejo
2180031;5/01/2018;7:40:00 a. m.;Viernes;2018;Enero;MOTOCICLETA;PARTICULAR;Motociclista;44;MASCULINO;HERIDOS;0;0;0;0;CARRERA 43 A TRANSVERSAL 27 A;;VILLA GRANDE;6.179330456345116, -75.58357263391602;CAIDA OCUPANTE;NO REPORTADO;NO REPORTADO;RESIDENCIAL;Normal;Impericia en el manejo
2180031;5/01/2018;7:40:00 a. m.;Viernes;2018;Enero;MOTOCICLETA;PARTICULAR;Acompañante;40;FEMENINO;HERIDOS;0;0;0;0;CARRERA 43 A TRANSVERSAL 27 A;;VILLA GRANDE;6.179330456345116, -75.58357263391602;CAIDA OCUPANTE;NO REPORTADO;NO REPORTADO;RESIDENCIAL;Normal;Impericia en el manejo
2180032;3/01/2018;7:20:00 p. m.;Miércoles;2018;Enero;MOTOCICLETA;PARTICULAR;Motociclista;27;MASCULINO;HERIDOS;0;0;0;0;CARRERA 48 CON CALLE 37 SUR;;LAS VEGAS;6.173473352424915, -75.59256588595376;CHOQUE;VEHICULO;NO REPORTADO;RESIDENCIAL;Normal;Adelantar cerrando  -  No respetar pelacion de interseccion o giros
2180032;3/01/2018;7:20:00 p. m.;Miércoles;2018;Enero;MOTOCICLETA;PARTICULAR;Acompañante;20;FEMENINO;HERIDOS;0;0;0;0;CARRERA 48 CON CALLE 37 SUR;;LAS VEGAS;6.173473352424915, -75.59256588595376;CHOQUE;VEHICULO;NO REPORTADO;RESIDENCIAL;Normal;Adelantar cerrando  -  No respetar pelacion de interseccion o giros
2180033;5/01/2018;1:30:00 p. m.;Viernes;2018;Enero;MOTOCICLETA;PARTICULAR;Peaton;70;FEMENINO;HERIDOS;0;0;0;0;CARRERA 41 CALLE 37 SUR 40;;ZONA CENTRO;6.169484095800993, -75.5864417489289;ATROPELLO;NO REPORTADO;NO REPORTADO;RESIDENCIAL;Lluvia;Cruzar sin observar
2180034;5/01/2018;1:00:00 p. m.;Viernes;2018;Enero;MOTOCICLETA;PARTICULAR;Peaton;65;FEMENINO;HERIDOS;0;0;0;0;CARRERA 24 E # 40 SUR 96;;EL SALADO;6.150143067226524, -75.57903703391639;ATROPELLO;NO REPORTADO;NO REPORTADO;RESIDENCIAL;Normal;Exceso de velocidad
2180035;8/01/2018;9:20:00 a. m.;Lunes;2018;Enero;BICICLETA;PARTICULAR;Ciclista;55;MASCULINO;HERIDOS;0;0;0;0;CARRERA 43 A CALLE 45 SUR;;LA PAZ;6.164843128924306, -75.59421879013185;CHOQUE;VEHICULO;NO REPORTADO;RESIDENCIAL;Normal;Semaforo en rojo
2180036;9/01/2018;10:10:00 p. m.;Martes;2018;Enero;BUS;PUBLICO;Pasajero;37;MASCULINO;HERIDOS;0;0;0;0;CARRERA 50 CALLE 37 SUR;;LAS VEGAS;6.175135, -75.595369;CHOQUE;VEHICULO;NO REPORTADO;RESIDENCIAL;Lluvia;Adelantar cerrando  -  Adelantar por la derecha
2180037;9/01/2018;6:30:00 a. m.;Martes;2018;Enero;MOTOCICLETA;PARTICULAR;Motociclista;23;FEMENINO;HERIDOS;0;0;0;0;CARRERA 50 CALLE 39 SUR;;LAS VEGAS;6.173831, -75.597143;CHOQUE;VEHICULO;NO REPORTADO;RESIDENCIAL;Lluvia;Transitar entre vehiculos
2180043;9/01/2018;7:45:00 a. m.;Martes;2018;Enero;MOTOCICLETA;PARTICULAR;Motociclista;30;FEMENINO;HERIDOS;0;0;0;0;CALLE 46 D SUR CARRERA 42 D;;LA PAZ;6.161510465921735, -75.5958292050804;CHOQUE;VEHICULO;NO REPORTADO;RESIDENCIAL;Normal;Desobedecer señales
2180043;9/01/2018;7:45:00 a. m.;Martes;2018;Enero;MOTOCICLETA;OFICIAL;Motociclista;35;MASCULINO;HERIDOS;0;0;0;0;CALLE 46 D SUR CARRERA 42 D;;LA PAZ;6.161510465921735, -75.5958292050804;CHOQUE;VEHICULO;NO REPORTADO;RESIDENCIAL;Normal;Desobedecer señales
2180044;11/01/2018;10:40:00 a. m.;Jueves;2018;Enero;CAMION;PUBLICO;Peaton;34;MASCULINO;HERIDOS;0;0;0;0;CALLE 36 SUR CARRERA 27;;LA INMACULADA;6.167093131972579, -75.5693685981976;ATROPELLO;NO REPORTADO;NO REPORTADO;RESIDENCIAL;Normal;Impericia en el manejo
2180054;11/01/2018;9:04:00 p. m.;Jueves;2018;Enero;BICICLETA;PARTICULAR;Ciclista;16;MASCULINO;MUERTOS;0;0;0;0;CALLE 36 D SUR  # 24-35;;VEREDA EL ESCOBERO;6.154654, -75.566695;CHOQUE;VEHICULO;NO REPORTADO;RESIDENCIAL;Normal;Impericia en el manejo
2180062;13/01/2018;1:10:00 p. m.;Sábado;2018;Enero;MOTOCICLETA;PARTICULAR;Motociclista;20;MASCULINO;HERIDOS;0;0;0;0;KILOMETRO 6 +300;el escobero - km 0-13);VEREDA EL ESCOBERO;6.120051476749055, -75.54380052929696;CHOQUE;VEHICULO;NO REPORTADO;NO REPORTADO;Normal;Transitar en contravia
2180062;13/01/2018;1:10:00 p. m.;Sábado;2018;Enero;MOTOCICLETA;PARTICULAR;Acompañante;32;MASCULINO;HERIDOS;0;0;0;0;KILOMETRO 6 +300;el escobero - km 0-13);VEREDA EL ESCOBERO;6.120051476749055, -75.54380052929696;CHOQUE;VEHICULO;NO REPORTADO;NO REPORTADO;Normal;Transitar en contravia
2180064;11/01/2018;6:00:00 p. m.;Jueves;2018;Enero;MOTOCICLETA;PARTICULAR;Acompañante;11;FEMENINO;HERIDOS;0;0;0;0;CARRERA 48 CALLE 36 A SUR ;;EL PORTAL;6.1739752043210965, -75.59198904218593;CHOQUE;VEHICULO;NO REPORTADO;RESIDENCIAL;Normal;Adelantar por la derecha
2180065;13/01/2018;11:00:00 p. m.;Sábado;2018;Enero;MOTOCICLETA;PARTICULAR;Motociclista;22;MASCULINO;HERIDOS;0;0;0;0;CARRERA 27 B # 39 A 57;;SAN JOSE;6.160336296401594, -75.57594376275209;CAIDA OCUPANTE;NO REPORTADO;NO REPORTADO;RESIDENCIAL;Normal;Impericia en el manejo
2180066;11/01/2018;4:40:00 p. m.;Jueves;2018;Enero;AUTOMOVIL;DIPLOMATICO;Peaton;67;FEMENINO;HERIDOS;0;0;0;0;CALLE 39 SUR # 31 -42;;MESA;6.171167818611337, -75.59268847086084;ATROPELLO;NO REPORTADO;NO REPORTADO;RESIDENCIAL;Normal;Cruzar sin observar
2180067;12/01/2018;2:30:00 p. m.;Viernes;2018;Enero;BUSETA;PUBLICO;Pasajero;48;FEMENINO;HERIDOS;0;0;0;0;CALLE 38 SUR # 43-33;;ZONA CENTRO;6.1701956436010335, -75.5880581381545;CAIDA OCUPANTE;NO REPORTADO;NO REPORTADO;RESIDENCIAL;Normal;Arrancar sin precaucion
2180068;12/01/2018;4:50:00 p. m.;Viernes;2018;Enero;MOTOCICLETA;OFICIAL;Acompañante;38;FEMENINO;HERIDOS;0;0;0;0;KILOMETRO 0+650;el escobero - km 0-13);VEREDA EL ESCOBERO;6.148008350163916, -75.56155548360533;CAIDA OCUPANTE;NO REPORTADO;NO REPORTADO;NO REPORTADO;Normal;Impericia en el manejo  -  Superficie lisa
2180069;13/01/2018;12:50:00 p. m.;Sábado;2018;Enero;MOTOCICLETA;PARTICULAR;Motociclista;30;MASCULINO;HERIDOS;0;0;0;0;CARRERA 42 CALLE 33 B SUR;;ZONA CENTRO;6.172612860004692, -75.58555464780304;CHOQUE;VEHICULO;NO REPORTADO;RESIDENCIAL;Normal;Desobedecer señales
2180100;15/01/2018;7:30:00 a. m.;Lunes;2018;Enero;MOTOCICLETA;PARTICULAR;Peaton;78;MASCULINO;HERIDOS;0;0;0;0;CARRERA 43 CLL 36 SUR;;ZONA CENTRO;6.171540426967832, -75.58712719343858;ATROPELLO;NO REPORTADO;NO REPORTADO;RESIDENCIAL;Normal;Cruzar sin observar
2180101;11/01/2018;11:45:00 a. m.;Jueves;2018;Enero;AUTOMOVIL;PARTICULAR;Peaton;28;FEMENINO;HERIDOS;0;0;0;0;CARRERA 43 A CLL 38  A SUR;;ZONA CENTRO;6.169438361004396, -75.58843220878197;ATROPELLO;NO REPORTADO;NO REPORTADO;RESIDENCIAL;Normal;Cruzar sin observar
2180104;12/01/2018;8:00:00 a. m.;Viernes;2018;Enero;CAMION;PUBLICO;Acompañante;20;MASCULINO;HERIDOS;0;0;0;0;KILOMETRO 14+140;retiro varia palmas enviga (km 5+43 - km 14+ 550);VEREDA PALMAS;6.155873731543431, -75.53237755572034;VOLCAMIENTO;NO REPORTADO;NO REPORTADO;NO REPORTADO;Normal;Impericia en el manejo
2180107;11/01/2018;8:10:00 p. m.;Jueves;2018;Enero;MOTOCICLETA;PARTICULAR;Motociclista;33;MASCULINO;HERIDOS;0;0;0;0;CARRERA 50 CON CALLE 30 SUR;;LAS VEGAS;6.180427, -75.590467;CHOQUE;VEHICULO;NO REPORTADO;RESIDENCIAL;Normal;Transitar entre vehiculos
2180107;11/01/2018;8:10:00 p. m.;Jueves;2018;Enero;MOTOCICLETA;PARTICULAR;Acompañante;47;FEMENINO;HERIDOS;0;0;0;0;CARRERA 50 CON CALLE 30 SUR;;LAS VEGAS;6.180427, -75.590467;CHOQUE;VEHICULO;NO REPORTADO;RESIDENCIAL;Normal;Transitar entre vehiculos
2180109;16/01/2018;8:30:00 a. m.;Martes;2018;Enero;MOTOCICLETA;PARTICULAR;Motociclista;43;FEMENINO;HERIDOS;0;0;0;0;CALLE 30 SUR CARRERA 46A;;JARDINES;6.178681011999083, -75.58728341045207;CHOQUE;VEHICULO;NO REPORTADO;RESIDENCIAL;Normal;No mantener distancia de seguridad
2180112;15/01/2018;4:31:00 p. m.;Lunes;2018;Enero;MOTOCICLETA;PARTICULAR;Peaton;58;FEMENINO;HERIDOS;0;0;0;0;CALLE 38 SUR #45 A 87;;ALCALA;6.171498126943029, -75.5904025185728;ATROPELLO;NO REPORTADO;NO REPORTADO;RESIDENCIAL;Normal;Cruzar sin observar  -  No respetar prelacion
2180115;15/01/2018;6:45:00 p. m.;Lunes;2018;Enero;MOTOCICLETA;PARTICULAR;Motociclista;22;FEMENINO;HERIDOS;0;0;0;0;CARRERA 48 # 32 B SUR 139;;LAS VEGAS;6.1762844337092, -75.5907449535185;CHOQUE;OBJETO FIJO;VALLA - SEÑAL;RESIDENCIAL;Normal;Adelantar por la derecha
2180118;15/01/2018;1:00:00 p. m.;Lunes;2018;Enero;MOTOCICLETA;PARTICULAR;Acompañante;18;MASCULINO;HERIDOS;0;0;0;0;CARRERA 50 CALLE 26 SUR ;;LAS VEGAS;6.184920, -75.587152;CHOQUE;VEHICULO;NO REPORTADO;RESIDENCIAL;Normal;Transitar entre vehiculos
2180118;15/01/2018;1:00:00 p. m.;Lunes;2018;Enero;MOTOCICLETA;PARTICULAR;Motociclista;25;FEMENINO;HERIDOS;0;0;0;0;CARRERA 50 CALLE 26 SUR ;;LAS VEGAS;6.184920, -75.587152;CHOQUE;VEHICULO;NO REPORTADO;RESIDENCIAL;Normal;Transitar entre vehiculos
2180119;16/01/2018;9:45:00 p. m.;Martes;2018;Enero;MOTOCICLETA;PARTICULAR;Motociclista;31;MASCULINO;HERIDOS;0;0;0;0;CARRERA 27 # 28 SUR 80;;LOMA DEL ATRAVEZADO;6.169638422525613, -75.56839043613014;CHOQUE;VEHICULO;NO REPORTADO;RESIDENCIAL;Normal;No respetar prelacion
2180126;16/01/2018;11:00:00 a. m.;Martes;2018;Enero;BICICLETA;PARTICULAR;Ciclista;21;MASCULINO;HERIDOS;0;0;0;0;CALLE 40 H SUR  CARRERA 43;;EL DORADO;6.167213628713508, -75.59091182042367;CAIDA OCUPANTE;NO REPORTADO;NO REPORTADO;RESIDENCIAL;Normal;Impericia en el manejo
2180129;18/01/2018;6:00:00 a. m.;Jueves;2018;Enero;MOTOCICLETA;PARTICULAR;Motociclista;29;FEMENINO;HERIDOS;0;0;0;0;CALLE 50 SUR CARRERA 48;;LAS VEGAS;6.162072458716961, -75.60353659646475;CHOQUE;VEHICULO;NO REPORTADO;RESIDENCIAL;Normal;No mantener distancia de seguridad
2180133;15/01/2018;8:45:00 p. m.;Lunes;2018;Enero;BICICLETA;PARTICULAR;Ciclista;16;MASCULINO;HERIDOS;0;0;0;0;CALLE 36 D SUR  CARRERA 23;;VEREDA EL ESCOBERO;6.153371936476893, -75.56384710547447;CHOQUE;VEHICULO;NO REPORTADO;RESIDENCIAL;Normal;Transitar distante de la acera u orilla 
2180136;17/01/2018;9:10:00 p. m.;Miércoles;2018;Enero;AUTOMOVIL;PUBLICO;Peaton;60;MASCULINO;HERIDOS;0;0;0;0;CARRERA 40 CALLE 39 SUR;;ZONA CENTRO;6.167519794882963, -75.58672852042369;ATROPELLO;NO REPORTADO;NO REPORTADO;RESIDENCIAL;Lluvia;Cruzar sin observar
2180138;16/01/2018;4:30:00 p. m.;Martes;2018;Enero;MOTOCICLETA;PARTICULAR;Motociclista;22;MASCULINO;HERIDOS;0;0;0;0;CALLE 37 SUR CARRERA 50;;LAS VEGAS;6.175281311262004, -75.59506880040107;CHOQUE;VEHICULO;NO REPORTADO;RESIDENCIAL;Normal;Desobedecer señales
2180141;16/01/2018;4:30:00 p. m.;Martes;2018;Enero;BUS;PUBLICO;Peaton;85;FEMENINO;HERIDOS;0;0;0;0;CARRERA 42 CALLE 26 SUR;;LAS ORQUIDEAS;6.178048883932061, -75.58009260681371;ATROPELLO;NO REPORTADO;NO REPORTADO;RESIDENCIAL;Normal;Arrancar sin precaucion
2180143;16/01/2018;7:35:00 a. m.;Martes;2018;Enero;MOTOCICLETA;PARTICULAR;Motociclista;28;FEMENINO;HERIDOS;0;0;0;0;CARRERA 50 CALLE 46 A SUR 06;;LAS VEGAS;6.168548, -75.602176;CHOQUE;VEHICULO;NO REPORTADO;RESIDENCIAL;Normal;Adelantar por la derecha
2180145;18/01/2018;9:30:00 a. m.;Jueves;2018;Enero;MOTOCICLETA;PARTICULAR;Motociclista;21;MASCULINO;HERIDOS;0;0;0;0;DIAGONAL 32 TRANSVERSAL 34 SUR;;OBRERO;6.173400012160298, -75.58174819649088;CHOQUE;VEHICULO;NO REPORTADO;RESIDENCIAL;Normal;Desobedecer señales
2180147;16/01/2018;12:10:00 p. m.;Martes;2018;Enero;AUTOMOVIL;PARTICULAR;Acompañante;34;MASCULINO;HERIDOS;0;0;0;0;CARRERA 43 A CALLE 31 SUR;;JARDINES;6.176682303051665, -75.58538750629832;CHOQUE;VEHICULO;NO REPORTADO;RESIDENCIAL;Lluvia;No respetar prelacion
2180147;16/01/2018;12:10:00 p. m.;Martes;2018;Enero;AUTOMOVIL;PARTICULAR;Conductor;27;FEMENINO;HERIDOS;0;0;0;0;CARRERA 43 A CALLE 31 SUR;;JARDINES;6.176682303051665, -75.58538750629832;CHOQUE;VEHICULO;NO REPORTADO;RESIDENCIAL;Lluvia;No respetar prelacion
2180151;19/01/2018;5:00:00 p. m.;Viernes;2018;Enero;MOTOCICLETA;PARTICULAR;Acompañante;48;FEMENINO;HERIDOS;0;0;0;0;CARRERA 49 # 46 A SUR 20;;LAS VEGAS;6.167889, -75.602347;CHOQUE;VEHICULO;NO REPORTADO;RESIDENCIAL;Normal;No mantener distancia de seguridad
2180151;19/01/2018;5:00:00 p. m.;Viernes;2018;Enero;MOTOCICLETA;PARTICULAR;Motociclista;62;MASCULINO;HERIDOS;0;0;0;0;CARRERA 49 # 46 A SUR 20;;LAS VEGAS;6.167889, -75.602347;CHOQUE;VEHICULO;NO REPORTADO;RESIDENCIAL;Normal;No mantener distancia de seguridad
2180152;19/01/2018;10:40:00 p. m.;Viernes;2018;Enero;MOTOCICLETA;PARTICULAR;Motociclista;26;MASCULINO;HERIDOS;0;0;0;0;CARRERA 48 CALLE 40 SUR;;LAS VEGAS;6.170156055221228, -75.59573852798471;CHOQUE;VEHICULO;NO REPORTADO;RESIDENCIAL;Normal;Adelantar cerrando
2180154;19/01/2018;12:15:00 p. m.;Viernes;2018;Enero;CAMIONETA;PUBLICO;Conductor;20;MASCULINO;HERIDOS;0;0;0;0;CARRERA 43 A # 31 SUR 12;;LA MAGNOLIA;6.17640990651897, -75.5852706134214;CHOQUE;OBJETO FIJO;ARBOL;RESIDENCIAL;Normal;Exceso de velocidad  -  Impericia en el manejo
2180157;19/01/2018;1:45:00 p. m.;Viernes;2018;Enero;MOTOCICLETA;PARTICULAR;Motociclista;40;MASCULINO;HERIDOS;0;0;0;0;CALLE 25 SUR # 42 B 02;;LAS ORQUIDEAS;6.179579681631353, -75.58044818691694;CHOQUE;VEHICULO;NO REPORTADO;RESIDENCIAL;Normal;Transitar con las puertas abiertas
2180160;20/01/2018;3:10:00 p. m.;Sábado;2018;Enero;MOTOCICLETA;PARTICULAR;Acompañante;28;FEMENINO;HERIDOS;0;0;0;0;CARRERA 50 CALLE 26 SUR ;;LAS VEGAS;6.184920, -75.587152;CHOQUE;VEHICULO;NO REPORTADO;RESIDENCIAL;Normal;No mantener distancia de seguridad
2180163;20/01/2018;11:20:00 a. m.;Sábado;2018;Enero;MOTOCICLETA;PARTICULAR;Motociclista;47;FEMENINO;HERIDOS;0;0;0;0;CARRERA 42 CALLE 35 SUR;;ZONA CENTRO;6.172527526916682, -75.58557610547432;CHOQUE;VEHICULO;NO REPORTADO;RESIDENCIAL;Normal;Desobedecer señales
2180166;19/01/2018;10:40:00 p. m.;Viernes;2018;Enero;MOTOCICLETA;PARTICULAR;Acompañante;32;MASCULINO;HERIDOS;0;0;0;0;CALLE 38 A SUR  CARRERA 41;;ZONA CENTRO;6.169445494881743, -75.58674098033771;CHOQUE;VEHICULO;NO REPORTADO;RESIDENCIAL;Lluvia;Semaforo en rojo
2180166;19/01/2018;10:40:00 p. m.;Viernes;2018;Enero;MOTOCICLETA;PARTICULAR;Motociclista;35;MASCULINO;HERIDOS;0;0;0;0;CALLE 38 A SUR  CARRERA 41;;ZONA CENTRO;6.169445494881743, -75.58674098033771;CHOQUE;VEHICULO;NO REPORTADO;RESIDENCIAL;Lluvia;Semaforo en rojo
2180169;19/01/2018;4:30:00 p. m.;Viernes;2018;Enero;BICICLETA;PARTICULAR;Ciclista;14;MASCULINO;HERIDOS;0;0;0;0;DIAGONAL 31 CALLE 37 SUR;;LA PRADERA;6.1659299055643295, -75.58026839273028;CHOQUE;VEHICULO;NO REPORTADO;RESIDENCIAL;Normal;No respetar pelacion de interseccion o giros  -  Transitar entre vehiculos
2180172;19/01/2018;12:05:00 p. m.;Viernes;2018;Enero;MOTOCICLETA;PARTICULAR;Motociclista;22;FEMENINO;HERIDOS;0;0;0;0;CALLE 25 SUR # 42 B 61;;LAS ORQUIDEAS;6.180237992694924, -75.58113083957399;CHOQUE;VEHICULO;NO REPORTADO;RESIDENCIAL;Normal;No respetar pelacion de interseccion o giros  -  No respetar prelacion
2180174;19/01/2018;9:00:00 p. m.;Viernes;2018;Enero;MOTOCICLETA;PARTICULAR;Acompañante;26;FEMENINO;HERIDOS;0;0;0;0;CARRERA 48 CALLE 50 SUR;;LAS VEGAS;6.162072458716961, -75.60353659646475;CHOQUE;VEHICULO;NO REPORTADO;RESIDENCIAL;Normal;Transitar entre vehiculos
2180174;19/01/2018;9:00:00 p. m.;Viernes;2018;Enero;MOTOCICLETA;PARTICULAR;Motociclista;23;MASCULINO;HERIDOS;0;0;0;0;CARRERA 48 CALLE 50 SUR;;LAS VEGAS;6.162072458716961, -75.60353659646475;CHOQUE;VEHICULO;NO REPORTADO;RESIDENCIAL;Normal;Transitar entre vehiculos
2180176;20/01/2018;2:50:00 p. m.;Sábado;2018;Enero;MOTOCICLETA;PARTICULAR;Acompañante;37;FEMENINO;HERIDOS;0;0;0;0;DIAGONAL 40 # 33 SUR 92;;BUCAREST;6.17283276639185, -75.58550882475599;CHOQUE;VEHICULO;NO REPORTADO;RESIDENCIAL;Normal;No mantener distancia de seguridad
2180177;23/01/2018;5:50:00 p. m.;Martes;2018;Enero;AUTOMOVIL;PARTICULAR;Peaton;2;FEMENINO;HERIDOS;0;0;0;0;CALLE 33 B SUR # 44-37;;SAN MARCOS;6.174011092581856, -75.58769056275196;ATROPELLO;NO REPORTADO;NO REPORTADO;RESIDENCIAL;Normal;Cruzar sin observar