NRO_RADICADO;FECHA_ACCIDENTE;HORA_ACCIDENTE;Día de la semana;AÑO;MES;CLASE_VEHICULO;TIPO_SERVICIO;TIPO_VICTIMA;EDAD;GENERO;GRAVEDAD;ESTADO_BEODEZ;ESTADO_DROGA;RESULTADO_BEODEZ;RESUL_BEODEZ_GRAMOS;DIRECCION_CARACT_VIA;TRAMO_VIA;LOCALIDAD_O_COMUNA;    GEORREFERENCIACIÓN;DESC_CLASE_ACCIDENTE;DESC_CHOQUE_ACCIDENTE;DESC_OBJETO_FIJO;DESC_SECTOR_ACCIDENTE;CONDICION_CLIMATICA;CAUSA_ACCIDENTE
2180384;9/02/2018;4:10:00 p. m.;Viernes;2018;Febrero;MOTOCICLETA;DIPLOMATICO;Acompañante;24;FEMENINO;HERIDOS;0;0;0;0;CARRERA 50 CALLE 16 SUR ;;LAS VEGAS;6.191861, -75.582092;CHOQUE;VEHICULO;NO REPORTADO;RESIDENCIAL;Normal;Girar bruscamente
2180394;10/02/2018;5:10:00 p. m.;Sábado;2018;Febrero;MOTOCICLETA;PARTICULAR;Motociclista;26;FEMENINO;HERIDOS;0;0;0;0;TRANSVERSAL 34 A SUR DIAGONAL 39;;OBRERO;6.172384826171581, -75.5842706172121;CHOQUE;VEHICULO;NO REPORTADO;RESIDENCIAL;Normal;Desobedecer señales
2180395;12/02/2018;5:40:00 p. m.;Lunes;2018;Febrero;MOTOCICLETA;PARTICULAR;Motociclista;24;MASCULINO;HERIDOS;0;0;0;0;CARRERA 43 A CALLE 40 SUR;;ALCALA;6.168023935044304, -75.59036832024142;CHOQUE;VEHICULO;NO REPORTADO;RESIDENCIAL;Normal;Transitar entre vehiculos
2180401;10/02/2018;6:00:00 p. m.;Sábado;2018;Febrero;MOTOCICLETA;PARTICULAR;Motociclista;18;FEMENINO;HERIDOS;0;0;0;0;CALLE 41 B SUR # 25-69;;SAN RAFAEL;6.154412436953675, -75.58561294780321;CHOQUE;VEHICULO;NO REPORTADO;RESIDENCIAL;Normal;Transitar entre vehiculos
2180401;10/02/2018;6:00:00 p. m.;Sábado;2018;Febrero;MOTOCICLETA;PARTICULAR;Motociclista;23;MASCULINO;HERIDOS;0;0;0;0;CALLE 41 B SUR # 25-69;;SAN RAFAEL;6.154412436953675, -75.58561294780321;CHOQUE;VEHICULO;NO REPORTADO;RESIDENCIAL;Normal;Transitar entre vehiculos
2180406;13/02/2018;2:30:00 p. m.;Martes;2018;Febrero;MOTOCICLETA;PARTICULAR;Motociclista;47;MASCULINO;HERIDOS;0;0;0;0;CARRERA 42 B # 25 A SUR 41;;PONTE VEDRA;6.179434844476613, -75.58158759052064;CHOQUE;VEHICULO;NO REPORTADO;RESIDENCIAL;Normal;No respetar prelacion
2180409;13/02/2018;1:10:00 p. m.;Martes;2018;Febrero;MOTOCICLETA;PARTICULAR;Motociclista;19;MASCULINO;HERIDOS;0;0;0;0;CARRERA 48 CALLE 26 SUR;;LAS VEGAS;6.18322194412248, -75.58534108727152;CHOQUE;VEHICULO;NO REPORTADO;RESIDENCIAL;Normal;No mantener distancia de seguridad
2180412;12/02/2018;12:30:00 p. m.;Lunes;2018;Febrero;MOTOCICLETA;PARTICULAR;Motociclista;22;MASCULINO;HERIDOS;0;0;0;0;CARRERA 48 CALLE 40 SUR;;LAS VEGAS;6.170156055221228, -75.59573852798471;CHOQUE;VEHICULO;NO REPORTADO;RESIDENCIAL;Normal;No mantener distancia de seguridad
2180418;15/02/2018;9:20:00 p. m.;Jueves;2018;Febrero;MOTOCICLETA;PARTICULAR;Motociclista;25;MASCULINO;HERIDOS;0;0;0;0;CALLE 40 SUR  # 26-26;;SAN JOSE;6.157562998744768, -75.58061953431009;CHOQUE;VEHICULO;NO REPORTADO;RESIDENCIAL;Normal;Impericia en el manejo
2180419;12/02/2018;5:50:00 p. m.;Lunes;2018;Febrero;MOTOCICLETA;PARTICULAR;Motociclista;48;MASCULINO;HERIDOS;0;0;0;0;CARRERA 48 CALLE 46-150;;LAS VEGAS;6.165320341695494, -75.60018438994942;CHOQUE;VEHICULO;NO REPORTADO;RESIDENCIAL;Normal;No mantener distancia de seguridad
2180421;13/02/2018;9:30:00 a. m.;Martes;2018;Febrero;BICICLETA;PARTICULAR;Ciclista;33;FEMENINO;HERIDOS;0;0;0;0;CARRERA 50 CALLE 20 SUR ;;LAS VEGAS;6.188186, -75.583373;CHOQUE;VEHICULO;NO REPORTADO;RESIDENCIAL;Normal;Transitar entre vehiculos
2180423;13/02/2018;11:55:00 a. m.;Martes;2018;Febrero;BICICLETA;PARTICULAR;Peaton;56;FEMENINO;HERIDOS;0;0;0;0;CARRERA 42 # 35 SUR 24;;ZONA CENTRO;6.168640961261931, -75.58827574925945;ATROPELLO;NO REPORTADO;NO REPORTADO;RESIDENCIAL;Normal;Transitar en contravia  -  Transitar por la calzada
2180430;15/02/2018;8:30:00 a. m.;Jueves;2018;Febrero;BUS;PUBLICO;Peaton;42;MASCULINO;HERIDOS;0;0;0;0;CALLE 37 SUR # 41-42;;ZONA CENTRO;6.170283360731474, -75.58651204925947;ATROPELLO;NO REPORTADO;NO REPORTADO;RESIDENCIAL;Normal;Impericia en el manejo
2180431;15/02/2018;8:30:00 a. m.;Jueves;2018;Febrero;BUSETA;PUBLICO;Peaton;54;MASCULINO;HERIDOS;0;0;0;0;CALLE 36 SUR # 22-05;;VEREDA SANTA CATALINA;6.16532492947513, -75.55654235111034;ATROPELLO;NO REPORTADO;NO REPORTADO;RESIDENCIAL;Normal;Reverso imprudente
2180432;14/02/2018;5:30:00 p. m.;Miércoles;2018;Febrero;MOTOCICLETA;PARTICULAR;Acompañante;19;FEMENINO;HERIDOS;0;0;0;0;KILOMETRO 1+00;arenales;VEREDA EL VALLANO;6.138918653364947, -75.58348571776246;CHOQUE;VEHICULO;NO REPORTADO;NO REPORTADO;Normal;Impericia en el manejo
2180433;14/02/2018;5:10:00 p. m.;Miércoles;2018;Febrero;BICICLETA;PARTICULAR;Ciclista;15;MASCULINO;HERIDOS;0;0;0;0;CALLE 40 B SUR # 26- 22;;LA MINA;6.157761500302689, -75.58148880547449;CHOQUE;VEHICULO;NO REPORTADO;RESIDENCIAL;Normal;Transitar entre vehiculos
2180449;18/02/2018;4:20:00 a. m.;Domingo;2018;Febrero;MOTOCICLETA;PARTICULAR;Motociclista;37;MASCULINO;HERIDOS;0;0;0;0;KILOMETRO 12 + 140;medell??n palmas envigado (km 12 - km 16+700);VEREDA PALMAS;6.172837, -75.546581;CAIDA OCUPANTE;NO REPORTADO;NO REPORTADO;NO REPORTADO;Normal;Trasportar otras personas o cosas
2180449;18/02/2018;4:20:00 a. m.;Domingo;2018;Febrero;MOTOCICLETA;PARTICULAR;Acompañante;22;FEMENINO;HERIDOS;0;0;0;0;KILOMETRO 12 + 140;medell??n palmas envigado (km 12 - km 16+700);VEREDA PALMAS;6.172837, -75.546581;CAIDA OCUPANTE;NO REPORTADO;NO REPORTADO;NO REPORTADO;Normal;Trasportar otras personas o cosas
2180449;18/02/2018;4:20:00 a. m.;Domingo;2018;Febrero;MOTOCICLETA;PARTICULAR;Acompañante;60;FEMENINO;MUERTOS;0;0;0;0;KILOMETRO 12 + 140;medell??n palmas envigado (km 12 - km 16+700);VEREDA PALMAS;6.172837, -75.546581;CAIDA OCUPANTE;NO REPORTADO;NO REPORTADO;NO REPORTADO;Normal;Trasportar otras personas o cosas
2180450;14/02/2018;5:40:00 a. m.;Miércoles;2018;Febrero;MOTOCICLETA;PARTICULAR;Motociclista;24;MASCULINO;HERIDOS;0;0;0;0;CARRERA 48 CON CALLE 38 A SUR;;LAS VEGAS;6.173787521269844, -75.59227430635417;CHOQUE;VEHICULO;NO REPORTADO;RESIDENCIAL;Normal;Adelantar cerrando  -  No respetar pelacion de interseccion o giros
2180451;14/02/2018;11:10:00 p. m.;Miércoles;2018;Febrero;AUTOMOVIL;PARTICULAR;Acompañante;28;MASCULINO;HERIDOS;0;0;0;0;CARRERA 48 CON CALLE 32 B SUR 139;;LAS VEGAS;6.1762844337092, -75.5907449535185;CHOQUE;VEHICULO;NO REPORTADO;RESIDENCIAL;Normal;Exceso de velocidad
2180451;14/02/2018;11:10:00 p. m.;Miércoles;2018;Febrero;AUTOMOVIL;PARTICULAR;Conductor;18;MASCULINO;HERIDOS;0;0;0;0;CARRERA 48 CON CALLE 32 B SUR 139;;LAS VEGAS;6.1762844337092, -75.5907449535185;CHOQUE;VEHICULO;NO REPORTADO;RESIDENCIAL;Normal;Exceso de velocidad
2180452;18/02/2018;10:44:00 a. m.;Domingo;2018;Febrero;CAMIONETA;PARTICULAR;Acompañante;15;FEMENINO;HERIDOS;0;0;0;0;KILOMETRO 4 + 500;medell??n palmas envigado (km 12 - km 16+700);VEREDA EL ESCOBERO;6.129619438967578, -75.5508207733991;VOLCAMIENTO;NO REPORTADO;NO REPORTADO;NO REPORTADO;Normal;Exceso de velocidad  -  Impericia en el manejo
2180454;16/02/2018;5:42:00 a. m.;Viernes;2018;Febrero;AUTOMOVIL;PUBLICO;Pasajero;25;FEMENINO;HERIDOS;0;0;0;0;KILOMETRO 14 + 200;medell??n palmas envigado (km 12 - km 16+700);VEREDA PALMAS;6.15628980770367, -75.54670148334715;CHOQUE;OBJETO FIJO;MURO;NO REPORTADO;Normal;Impericia en el manejo
2180454;16/02/2018;5:42:00 a. m.;Viernes;2018;Febrero;AUTOMOVIL;PUBLICO;Pasajero;26;MASCULINO;HERIDOS;0;0;0;0;KILOMETRO 14 + 200;medell??n palmas envigado (km 12 - km 16+700);VEREDA PALMAS;6.15628980770367, -75.54670148334715;CHOQUE;OBJETO FIJO;MURO;NO REPORTADO;Normal;Impericia en el manejo
2180454;16/02/2018;5:42:00 a. m.;Viernes;2018;Febrero;AUTOMOVIL;PUBLICO;Pasajero;61;MASCULINO;HERIDOS;0;0;0;0;KILOMETRO 14 + 200;medell??n palmas envigado (km 12 - km 16+700);VEREDA PALMAS;6.15628980770367, -75.54670148334715;CHOQUE;OBJETO FIJO;MURO;NO REPORTADO;Normal;Impericia en el manejo
2180454;16/02/2018;5:42:00 a. m.;Viernes;2018;Febrero;AUTOMOVIL;PUBLICO;Pasajero;27;FEMENINO;HERIDOS;0;0;0;0;KILOMETRO 14 + 200;medell??n palmas envigado (km 12 - km 16+700);VEREDA PALMAS;6.15628980770367, -75.54670148334715;CHOQUE;OBJETO FIJO;MURO;NO REPORTADO;Normal;Impericia en el manejo
2180454;16/02/2018;5:42:00 a. m.;Viernes;2018;Febrero;AUTOMOVIL;PUBLICO;Conductor;20;MASCULINO;HERIDOS;0;0;0;0;KILOMETRO 14 + 200;medell??n palmas envigado (km 12 - km 16+700);VEREDA PALMAS;6.15628980770367, -75.54670148334715;CHOQUE;OBJETO FIJO;MURO;NO REPORTADO;Normal;Impericia en el manejo
2180455;14/02/2018;5:30:00 a. m.;Miércoles;2018;Febrero;BUS;PUBLICO;Pasajero;15;MASCULINO;HERIDOS;0;0;0;0;CARRERA 43 A CON CALLE 25 A SUR;;VILLA GRANDE;6.1813875960223745, -75.58178302480395;CHOQUE;VEHICULO;NO REPORTADO;RESIDENCIAL;Normal;Semaforo en rojo
2180455;14/02/2018;5:30:00 a. m.;Miércoles;2018;Febrero;AUTOMOVIL;PARTICULAR;Conductor;38;MASCULINO;HERIDOS;0;0;0;0;CARRERA 43 A CON CALLE 25 A SUR;;VILLA GRANDE;6.1813875960223745, -75.58178302480395;CHOQUE;VEHICULO;NO REPORTADO;RESIDENCIAL;Normal;Semaforo en rojo
2180457;16/02/2018;11:20:00 a. m.;Viernes;2018;Febrero;MICROBUS;PUBLICO;Pasajero;51;FEMENINO;HERIDOS;0;0;0;0;CALLE 38 SUR CON CARRERA 43-41;;ZONA CENTRO;6.170184860763298, -75.5879071780953;CAIDA OCUPANTE;NO REPORTADO;NO REPORTADO;RESIDENCIAL;Normal;Impericia en el manejo
2180458;19/02/2018;12:40:00 p. m.;Lunes;2018;Febrero;MOTOCICLETA;PARTICULAR;Peaton;16;FEMENINO;HERIDOS;0;0;0;0;CALLE 38 SUR  # 44-70;;ALCALA;6.171201860462519, -75.58975007848821;ATROPELLO;NO REPORTADO;NO REPORTADO;RESIDENCIAL;Normal;No mantener distancia de seguridad
2180459;19/02/2018;3:50:00 p. m.;Lunes;2018;Febrero;BUSETA;PUBLICO;Peaton;80;FEMENINO;HERIDOS;0;0;0;0;CALLE 30 SUR # 45 A 20;;JARDINES;6.179391790791673, -75.5876342474085;ATROPELLO;NO REPORTADO;NO REPORTADO;RESIDENCIAL;Normal;Cruzar sin observar
2180461;19/02/2018;6:30:00 a. m.;Lunes;2018;Febrero;MOTOCICLETA;DIPLOMATICO;Motociclista;31;MASCULINO;HERIDOS;0;0;0;0;CALLE 38 A SUR CARRERA 38;;MESA;6.167250212316021, -75.58516271582039;CHOQUE;VEHICULO;NO REPORTADO;RESIDENCIAL;Normal;Desobedecer señales
2180463;19/02/2018;10:40:00 a. m.;Lunes;2018;Febrero;MOTOCICLETA;PARTICULAR;Motociclista;21;MASCULINO;HERIDOS;0;0;0;0;CALLE 39 SUR  CARRERA 28;;SAN JOSE;6.1612509541917895, -75.57983726176211;CHOQUE;VEHICULO;NO REPORTADO;RESIDENCIAL;Normal;Transitar entre vehiculos
2180470;19/02/2018;11:00:00 a. m.;Lunes;2018;Febrero;BICICLETA;PARTICULAR;Ciclista;15;MASCULINO;HERIDOS;0;0;0;0;CALLE 40 D SUR # 25 C 63;;LA MINA;6.156884133769975, -75.58159637478931;CHOQUE;VEHICULO;NO REPORTADO;RESIDENCIAL;Normal;No respetar prelacion
2180471;20/02/2018;7:40:00 a. m.;Martes;2018;Febrero;MOTOCICLETA;PARTICULAR;Motociclista;27;FEMENINO;HERIDOS;0;0;0;0;CALLE 47 SUR  CARRERA 40;;EL TRIANON;6.167287196433903, -75.6008819784882;CHOQUE;VEHICULO;NO REPORTADO;RESIDENCIAL;Normal;Desobedecer señales
2180471;20/02/2018;7:40:00 a. m.;Martes;2018;Febrero;MOTOCICLETA;PARTICULAR;Acompañante;8;MASCULINO;HERIDOS;0;0;0;0;CALLE 47 SUR  CARRERA 40;;EL TRIANON;6.167287196433903, -75.6008819784882;CHOQUE;VEHICULO;NO REPORTADO;RESIDENCIAL;Normal;Desobedecer señales
2180480;20/02/2018;6:05:00 p. m.;Martes;2018;Febrero;CAMION;PUBLICO;Acompañante;33;MASCULINO;HERIDOS;0;0;0;0;KILOMETRO 4.7 +280;el escobero - km 0-13);VEREDA EL ESCOBERO;6.125812497154809, -75.5484324424081;VOLCAMIENTO;NO REPORTADO;NO REPORTADO;NO REPORTADO;Normal;Exceso de velocidad  -  Impericia en el manejo
2180480;20/02/2018;6:05:00 p. m.;Martes;2018;Febrero;CAMION;PUBLICO;Conductor;48;MASCULINO;HERIDOS;0;0;0;0;KILOMETRO 4.7 +280;el escobero - km 0-13);VEREDA EL ESCOBERO;6.125812497154809, -75.5484324424081;VOLCAMIENTO;NO REPORTADO;NO REPORTADO;NO REPORTADO;Normal;Exceso de velocidad  -  Impericia en el manejo
2180484;20/02/2018;5:40:00 p. m.;Martes;2018;Febrero;MOTOCICLETA;DIPLOMATICO;Motociclista;41;MASCULINO;HERIDOS;0;0;0;0;CARRERA 48 # 25 AA SUR 70;;LAS VEGAS;6.1829796044476355, -75.58529541638394;CHOQUE;VEHICULO;NO REPORTADO;RESIDENCIAL;Normal;Adelantar en zona prohibida
2180498;20/02/2018;4:50:00 p. m.;Martes;2018;Febrero;MOTOCICLETA;PARTICULAR;Motociclista;42;MASCULINO;HERIDOS;0;0;0;0;TRANSVERSAL 34 A SUR DIAGONAL 39;;OBRERO;6.171921684202143, -75.58438088637399;CAIDA OCUPANTE;NO REPORTADO;NO REPORTADO;RESIDENCIAL;Normal;Desobedecer señales  -  Impericia en el manejo
2180500;22/02/2018;4:00:00 p. m.;Jueves;2018;Febrero;MOTOCICLETA;PARTICULAR;Motociclista;44;FEMENINO;HERIDOS;0;0;0;0;CARRERA 48 # 25 A SUR 81;;LAS VEGAS;6.185101148566068, -75.58330702798654;CHOQUE;VEHICULO;NO REPORTADO;RESIDENCIAL;Normal;Transitar entre vehiculos
2180510;21/02/2018;8:10:00 p. m.;Miércoles;2018;Febrero;MOTOCICLETA;PARTICULAR;Motociclista;22;MASCULINO;HERIDOS;0;0;0;0;CALLE 46 A SUR  # 42-61;;LA PAZ;6.161966865125197, -75.59435643431007;CHOQUE;VEHICULO;NO REPORTADO;RESIDENCIAL;Normal;Impericia en el manejo
2180512;22/02/2018;6:20:00 a. m.;Jueves;2018;Febrero;MOTOCICLETA;PARTICULAR;Motociclista;18;MASCULINO;HERIDOS;0;0;0;0;KILOMETRO 11+00;el escobero - km 0-13);VEREDA EL ESCOBERO;6.1207006234867025, -75.53873839975505;CHOQUE;VEHICULO;NO REPORTADO;NO REPORTADO;Normal;Vehiculo mal estacionado
2180517;23/02/2018;6:55:00 a. m.;Viernes;2018;Febrero;BICICLETA;PARTICULAR;Ciclista;62;MASCULINO;HERIDOS;0;0;0;0;CALLE 37 SUR CARRERA 49;;LAS VEGAS;6.174591625761879, -75.59361447478908;CHOQUE;VEHICULO;NO REPORTADO;RESIDENCIAL;Normal;No respetar pelacion de interseccion o giros
2180519;23/02/2018;1:10:00 p. m.;Viernes;2018;Febrero;BICICLETA;PARTICULAR;Ciclista;35;MASCULINO;HERIDOS;0;0;0;0;CARRERA 40 # 38 SUR 57;;ZONA CENTRO;6.1683564617289965, -75.58606631711793;CHOQUE;VEHICULO;NO REPORTADO;RESIDENCIAL;Normal;Transitar entre vehiculos
2180522;24/02/2018;12:20:00 p. m.;Sábado;2018;Febrero;MOTOCICLETA;PARTICULAR;Motociclista;20;MASCULINO;HERIDOS;0;0;0;0;CARRERA 50 CALLE 39 SUR;;LAS VEGAS;6.173831, -75.597143;CHOQUE;VEHICULO;NO REPORTADO;RESIDENCIAL;Normal;Transitar entre vehiculos
2180523;24/02/2018;4:20:00 p. m.;Sábado;2018;Febrero;MOTOCICLETA;PARTICULAR;Motociclista;34;MASCULINO;HERIDOS;0;0;0;0;KILOMETRO 6+70;retiro varia palmas enviga (km 5+43 - km 14+ 550);VEREDA PERICO;6.169645925717496, -75.48305054013346;CHOQUE;VEHICULO;NO REPORTADO;NO REPORTADO;Lluvia;Impericia en el manejo
2180527;25/02/2018;12:55:00 p. m.;Domingo;2018;Febrero;AUTOMOVIL;PARTICULAR;Conductor;65;MASCULINO;HERIDOS;0;0;0;0;CARRERA 48 # 25 AA SUR 13;;LAS VEGAS;6.183318428379055, -75.58497402553817;CHOQUE;VEHICULO;NO REPORTADO;RESIDENCIAL;Normal;No mantener distancia de seguridad
2180527;25/02/2018;12:55:00 p. m.;Domingo;2018;Febrero;AUTOMOVIL;PARTICULAR;Conductor;19;MASCULINO;HERIDOS;0;0;0;0;CARRERA 48 # 25 AA SUR 13;;LAS VEGAS;6.183318428379055, -75.58497402553817;CHOQUE;VEHICULO;NO REPORTADO;RESIDENCIAL;Normal;No mantener distancia de seguridad
2180528;23/02/2018;5:45:00 p. m.;Viernes;2018;Febrero;MOTOCICLETA;PARTICULAR;Acompañante;21;MASCULINO;HERIDOS;0;0;0;0;DIAGONAL 31 C TRANSVERSAL 35 B SUR ;;LA SEBASTIANA;6.169768960897651, -75.58055809158779;CAIDA OCUPANTE;NO REPORTADO;NO REPORTADO;RESIDENCIAL;Normal;Superficie humeda
2180534;25/02/2018;2:50:00 p. m.;Domingo;2018;Febrero;MOTOCICLETA;PARTICULAR;Motociclista;20;MASCULINO;HERIDOS;0;0;0;0;TRANSVERSAL 32 SUR DIAGONAL 32 D;;LA MAGNOLIA;6.1759117246707325, -75.5842986343976;CHOQUE;VEHICULO;NO REPORTADO;RESIDENCIAL;Normal;Desobedecer señales
2180539;26/02/2018;7:10:00 a. m.;Lunes;2018;Febrero;MOTOCICLETA;PARTICULAR;Motociclista;34;MASCULINO;HERIDOS;0;0;0;0;CARRERA 50 # 39B SUR 100;;LAS VEGAS;6.173843, -75.597078;CHOQUE;VEHICULO;NO REPORTADO;RESIDENCIAL;Normal;Adelantar invadiendo carril del mismo sentido en zigzag
2180551;28/02/2018;2:30:00 p. m.;Miércoles;2018;Febrero;BICICLETA;PARTICULAR;Ciclista;29;MASCULINO;HERIDOS;0;0;0;0;CALLE 39 SUR CARRERA 27 D;;SAN JOSE;6.160767630705549, -75.57923990547438;CHOQUE;VEHICULO;NO REPORTADO;RESIDENCIAL;Normal;Transitar en contravia
2180563;26/02/2018;7:45:00 p. m.;Lunes;2018;Febrero;BICICLETA;PARTICULAR;Peaton;49;FEMENINO;HERIDOS;0;0;0;0;DIAGONAL 30 # 34 B SUR 24;;URIBE ANGEL;6.173035359418812, -75.57819937994608;ATROPELLO;NO REPORTADO;NO REPORTADO;RESIDENCIAL;Normal;Transitar en contravia
2180564;1/03/2018;7:10:00 a. m.;Jueves;2018;Marzo;MOTOCICLETA;PARTICULAR;Motociclista;32;FEMENINO;HERIDOS;0;0;0;0;CARRERA 50 CALLE 25 A SUR;;LAS VEGAS;6.186597, -75.584900;CHOQUE;VEHICULO;NO REPORTADO;RESIDENCIAL;Normal;Impericia en el manejo
2180565;28/02/2018;4:40:00 p. m.;Miércoles;2018;Febrero;MOTOCICLETA;PARTICULAR;Motociclista;41;MASCULINO;HERIDOS;0;0;0;0;CARRERA 29 A CALLE 37 SUR;;LA PRADERA;6.166063661809669, -75.58002424225454;CHOQUE;VEHICULO;NO REPORTADO;RESIDENCIAL;Normal;Girar bruscamente
2180580;1/03/2018;3:10:00 p. m.;Jueves;2018;Marzo;MOTOCICLETA;PARTICULAR;Motociclista;19;MASCULINO;HERIDOS;0;0;0;0;CARRERA 50 # 48 SUR 60;;LAS VEGAS;6.166087, -75.602677;CHOQUE;VEHICULO;NO REPORTADO;RESIDENCIAL;Normal;Impericia en el manejo
2180585;3/03/2018;1:15:00 a. m.;Sábado;2018;Marzo;MOTOCICLETA;PARTICULAR;Motociclista;22;MASCULINO;HERIDOS;0;0;0;0;CARRERA 43 A # 48C SUR 55;;LOMA DEL BARRO;6.174456859382945, -75.5862536646027;CHOQUE;OBJETO FIJO;ARBOL;RESIDENCIAL;Normal;Impericia en el manejo
2180585;3/03/2018;1:15:00 a. m.;Sábado;2018;Marzo;MOTOCICLETA;PARTICULAR;Acompañante;20;FEMENINO;HERIDOS;0;0;0;0;CARRERA 43 A # 48C SUR 55;;LOMA DEL BARRO;6.174456859382945, -75.5862536646027;CHOQUE;OBJETO FIJO;ARBOL;RESIDENCIAL;Normal;Impericia en el manejo
2180586;28/02/2018;2:20:00 p. m.;Miércoles;2018;Febrero;CAMION;PUBLICO;Peaton;58;MASCULINO;HERIDOS;0;0;0;0;KILOMETRO 10+800;retiro varia palmas enviga (km 5+43 - km 14+ 550);VEREDA PANTANILLO;6.161873102924248, -75.51004026808074;ATROPELLO;NO REPORTADO;NO REPORTADO;NO REPORTADO;Normal;Salir por delante de un vehiculo
2180603;3/03/2018;7:00:00 p. m.;Sábado;2018;Marzo;MOTOCICLETA;PARTICULAR;Motociclista;44;MASCULINO;HERIDOS;0;0;0;0;CARRERA 48 CALLE 46 SUR ;;LAS VEGAS;6.1665111235779815, -75.59932349904567;CHOQUE;VEHICULO;NO REPORTADO;RESIDENCIAL;Normal;Transitar entre vehiculos
2180616;4/03/2018;6:30:00 p. m.;Domingo;2018;Marzo;MOTOCICLETA;PARTICULAR;Motociclista;22;MASCULINO;HERIDOS;0;0;0;0;CALLE 45 A SUR CARRERA 41;;LAS ANTILLAS;6.162644998466285, -75.59256613246049;CHOQUE;VEHICULO;NO REPORTADO;RESIDENCIAL;Normal;Realizar giro en U
2180617;5/03/2018;1:30:00 p. m.;Lunes;2018;Marzo;MOTOCICLETA;PARTICULAR;Motociclista;24;MASCULINO;HERIDOS;0;0;0;0;CARRERA 48 CALLE 32 SUR ;;LAS VEGAS;6.177553494684281, -75.58959170100616;ATROPELLO;NO REPORTADO;NO REPORTADO;RESIDENCIAL;Normal;Salir por delante de un vehiculo
2180617;5/03/2018;1:30:00 p. m.;Lunes;2018;Marzo;MOTOCICLETA;PARTICULAR;Peaton;32;FEMENINO;HERIDOS;0;0;0;0;CARRERA 48 CALLE 32 SUR ;;LAS VEGAS;6.177553494684281, -75.58959170100616;ATROPELLO;NO REPORTADO;NO REPORTADO;RESIDENCIAL;Normal;Salir por delante de un vehiculo
2180619;5/03/2018;7:00:00 a. m.;Lunes;2018;Marzo;MOTOCICLETA;PARTICULAR;Acompañante;31;FEMENINO;HERIDOS;0;0;0;0;CARRERA 50 CALLE 26 SUR ;;LAS VEGAS;6.184920, -75.587152;CHOQUE;VEHICULO;NO REPORTADO;RESIDENCIAL;Normal;No mantener distancia de seguridad
2180635;5/03/2018;7:00:00 a. m.;Lunes;2018;Marzo;BICICLETA;PARTICULAR;Ciclista;16;MASCULINO;HERIDOS;0;0;0;0;CALLE 36 SUR CARRERA 27 B;;LA INMACULADA;6.167744862214847, -75.57256026129609;CHOQUE;VEHICULO;NO REPORTADO;RESIDENCIAL;Normal;Realizar giro en U
2180636;5/03/2018;12:30:00 p. m.;Lunes;2018;Marzo;MOTOCICLETA;PARTICULAR;Motociclista;32;FEMENINO;HERIDOS;0;0;0;0;CALLE 46 A SUR  CARRERA 42;;LA PAZ;6.161945531426152, -75.59422768828237;CHOQUE;VEHICULO;NO REPORTADO;RESIDENCIAL;Normal;Desobedecer señales
2180637;5/03/2018;3:50:00 p. m.;Lunes;2018;Marzo;MOTOCICLETA;PARTICULAR;Motociclista;41;MASCULINO;HERIDOS;0;0;0;0;CARRERA 46 A CALLE 44 SUR;;PRIMAVERA;6.166418532611218, -75.59529113734271;CHOQUE;VEHICULO;NO REPORTADO;RESIDENCIAL;Normal;Desobedecer señales
2180638;6/03/2018;8:50:00 a. m.;Martes;2018;Marzo;MOTOCICLETA;PARTICULAR;Peaton;79;FEMENINO;HERIDOS;0;0;0;0;CALLE 36 SUR # 39-71;;ZONA CENTRO;6.169995662449062, -75.58495956698019;ATROPELLO;NO REPORTADO;NO REPORTADO;RESIDENCIAL;Normal;Pasar semaforo en rojo
2180639;6/03/2018;4:20:00 p. m.;Martes;2018;Marzo;MOTOCICLETA;PARTICULAR;Peaton;39;FEMENINO;HERIDOS;0;0;0;0;CALLE 37 SUR CARRERA 45 B ;;EL PORTAL;6.17264482643942, -75.59032900878191;ATROPELLO;NO REPORTADO;NO REPORTADO;RESIDENCIAL;Normal;Cruzar sin observar
2180639;6/03/2018;4:20:00 p. m.;Martes;2018;Marzo;MOTOCICLETA;PARTICULAR;Motociclista;40;MASCULINO;HERIDOS;0;0;0;0;CALLE 37 SUR CARRERA 45 B ;;EL PORTAL;6.17264482643942, -75.59032900878191;ATROPELLO;NO REPORTADO;NO REPORTADO;RESIDENCIAL;Normal;Cruzar sin observar
2180640;6/03/2018;3:45:00 p. m.;Martes;2018;Marzo;MOTOCICLETA;PARTICULAR;Peaton;32;MASCULINO;HERIDOS;0;0;0;0;CALLE 40 A SUR # 25 AA 39;;EL SALADO;6.157039767579121, -75.58085637809546;ATROPELLO;NO REPORTADO;NO REPORTADO;RESIDENCIAL;Normal;Arrancar sin precaucion  -  Impericia en el manejo
2180640;6/03/2018;3:45:00 p. m.;Martes;2018;Marzo;MOTOCICLETA;PARTICULAR;Motociclista;16;MASCULINO;HERIDOS;0;0;0;0;CALLE 40 A SUR # 25 AA 39;;EL SALADO;6.157039767579121, -75.58085637809546;ATROPELLO;NO REPORTADO;NO REPORTADO;RESIDENCIAL;Normal;Arrancar sin precaucion  -  Impericia en el manejo
2180642;7/03/2018;4:00:00 a. m.;Miércoles;2018;Marzo;MOTOCICLETA;PARTICULAR;Motociclista;24;MASCULINO;HERIDOS;0;0;0;0;CARRERA 49 CALLE 25 SUR;;LAS VEGAS;6.187125, -75.584125;CAIDA OCUPANTE;NO REPORTADO;NO REPORTADO;RESIDENCIAL;Normal;Embriaguez o droga