NRO_RADICADO;FECHA_ACCIDENTE;HORA_ACCIDENTE;Día de la semana;AÑO;MES;CLASE_VEHICULO;TIPO_SERVICIO;TIPO_VICTIMA;EDAD;GENERO;GRAVEDAD;ESTADO_BEODEZ;ESTADO_DROGA;RESULTADO_BEODEZ;RESUL_BEODEZ_GRAMOS;DIRECCION_CARACT_VIA;TRAMO_VIA;LOCALIDAD_O_COMUNA;    GEORREFERENCIACIÓN;DESC_CLASE_ACCIDENTE;DESC_CHOQUE_ACCIDENTE;DESC_OBJETO_FIJO;DESC_SECTOR_ACCIDENTE;CONDICION_CLIMATICA;CAUSA_ACCIDENTE
2180644;7/03/2018;3:00:00 p. m.;Miércoles;2018;Marzo;AUTOMOVIL;PARTICULAR;Conductor;32;MASCULINO;HERIDOS;0;0;0;0;CALLE 36 SUR  # 23-68;;VEREDA SANTA CATALINA;6.167257480205977, -75.56347515673355;CHOQUE;VEHICULO;NO REPORTADO;RESIDENCIAL;Normal;Impericia en el manejo
2180645;7/03/2018;12:40:00 p. m.;Miércoles;2018;Marzo;MOTOCICLETA;PARTICULAR;Peaton;81;MASCULINO;HERIDOS;0;0;0;0;DIAGONAL 31E TRANSVERSAL 34 D SUR;;OBRERO;6.17192700805297, -75.58039431274938;ATROPELLO;NO REPORTADO;NO REPORTADO;RESIDENCIAL;Normal;Pasar semaforo en rojo  -  Semaforo en rojo
2180651;7/03/2018;3:30:00 p. m.;Miércoles;2018;Marzo;MOTOCICLETA;PARTICULAR;Motociclista;24;MASCULINO;HERIDOS;0;0;0;0;CARRERA 49 CALLE 37 SUR;;LAS VEGAS;6.175555, -75.594665;CHOQUE;VEHICULO;NO REPORTADO;RESIDENCIAL;Normal;No respetar pelacion de interseccion o giros
2180654;7/03/2018;6:40:00 p. m.;Miércoles;2018;Marzo;MOTOCICLETA;PARTICULAR;Peaton;65;FEMENINO;HERIDOS;0;0;0;0;CALLE 40 F SUR # 39-11;;EL DORADO;6.163498597034311, -75.58848312227454;ATROPELLO;NO REPORTADO;NO REPORTADO;RESIDENCIAL;Normal;Impericia en el manejo  -  Transitar por la calzada
2180659;6/03/2018;4:50:00 a. m.;Martes;2018;Marzo;MOTOCICLETA;PARTICULAR;Motociclista;31;MASCULINO;HERIDOS;0;0;0;0;CARRERA 50  CALLE 46 A SUR;;LAS VEGAS;6.169092, -75.602069;CHOQUE;VEHICULO;NO REPORTADO;RESIDENCIAL;Normal;Falta de se?ales en vehiculo varado
2180662;5/03/2018;5:40:00 p. m.;Lunes;2018;Marzo;MOTOCICLETA;PARTICULAR;Peaton;10;MASCULINO;HERIDOS;0;0;0;0;CALLE 39 B SUR # 25-00;;EL SALADO;6.166459061966395, -75.58684527809535;ATROPELLO;NO REPORTADO;NO REPORTADO;RESIDENCIAL;Normal;Desobedecer señales
2180669;7/03/2018;9:15:00 a. m.;Miércoles;2018;Marzo;MOTOCICLETA;PARTICULAR;Peaton;45;FEMENINO;HERIDOS;0;0;0;0;CALLE 38 SUR # 43 A 70;;ZONA CENTRO;6.1700901051935615, -75.58783813817493;ATROPELLO;NO REPORTADO;NO REPORTADO;RESIDENCIAL;Normal;Cruzar sin observar
2180669;7/03/2018;9:15:00 a. m.;Miércoles;2018;Marzo;MOTOCICLETA;PARTICULAR;Motociclista;26;FEMENINO;HERIDOS;0;0;0;0;CALLE 38 SUR # 43 A 70;;ZONA CENTRO;6.1700901051935615, -75.58783813817493;ATROPELLO;NO REPORTADO;NO REPORTADO;RESIDENCIAL;Normal;Cruzar sin observar
2180671;6/03/2018;6:30:00 a. m.;Martes;2018;Marzo;MOTOCICLETA;PARTICULAR;Motociclista;28;FEMENINO;HERIDOS;0;0;0;0;KILOMETRO 15+000;medell??n palmas envigado (km 12 - km 16+700);VEREDA PALMAS;6.152128363410714, -75.5458364089835;CHOQUE;VEHICULO;NO REPORTADO;NO REPORTADO;Lluvia;Impericia en el manejo
2180672;10/03/2018;12:20:00 p. m.;Sábado;2018;Marzo;MOTOCICLETA;PARTICULAR;Motociclista;27;MASCULINO;HERIDOS;0;0;0;0;CARRERA 50 CALLE 25 SUR;;LAS VEGAS;6.186957, -75.584471;CHOQUE;VEHICULO;NO REPORTADO;RESIDENCIAL;Normal;No mantener distancia de seguridad
2180686;11/03/2018;7:45:00 p. m.;Domingo;2018;Marzo;MOTOCICLETA;PARTICULAR;Acompañante;13;MASCULINO;HERIDOS;0;0;0;0;CARRERA 42 CALLE 33 B SUR;;BUCAREST;6.172527526916682, -75.58557610547432;CHOQUE;VEHICULO;NO REPORTADO;RESIDENCIAL;Normal;Desobedecer señales  -  Impericia en el manejo
2180686;11/03/2018;7:45:00 p. m.;Domingo;2018;Marzo;MOTOCICLETA;PARTICULAR;Motociclista;19;MASCULINO;HERIDOS;0;0;0;0;CARRERA 42 CALLE 33 B SUR;;BUCAREST;6.172527526916682, -75.58557610547432;CHOQUE;VEHICULO;NO REPORTADO;RESIDENCIAL;Normal;Desobedecer señales  -  Impericia en el manejo
2180688;12/03/2018;4:30:00 p. m.;Lunes;2018;Marzo;AUTOMOVIL;PUBLICO;Peaton;14;MASCULINO;HERIDOS;0;0;0;0;CALLE 45 B SUR CARERRA 43;;LA PAZ;6.164779929694875, -75.5946396222745;ATROPELLO;NO REPORTADO;NO REPORTADO;RESIDENCIAL;Normal;Cruzar sin observar
2180712;9/03/2018;8:30:00 a. m.;Viernes;2018;Marzo;AUTOMOVIL;PUBLICO;Conductor;32;MASCULINO;HERIDOS;0;0;0;0;CALLE 38 A SUR CARRERA 33;;MESA;6.165804496084112, -75.5826973938308;CHOQUE;VEHICULO;NO REPORTADO;RESIDENCIAL;Normal;Desobedecer señales
2180713;12/03/2018;8:50:00 a. m.;Lunes;2018;Marzo;MOTOCICLETA;PARTICULAR;Motociclista;25;MASCULINO;HERIDOS;0;0;0;0;CALLE 41 AA SUR # 29 A 41;;SAN RAFAEL;6.1586082014292, -75.58552283246064;CHOQUE;VEHICULO;NO REPORTADO;RESIDENCIAL;Normal;Impericia en el manejo
2180714;11/03/2018;3:20:00 p. m.;Domingo;2018;Marzo;MOTOCICLETA;PARTICULAR;Motociclista;19;MASCULINO;HERIDOS;0;0;0;0;CARRERA 50 CALLE 32 B SUR;;LAS VEGAS;6.178263, -75.591897;CHOQUE;VEHICULO;NO REPORTADO;RESIDENCIAL;Normal;No mantener distancia de seguridad
2180715;12/03/2018;6:30:00 p. m.;Lunes;2018;Marzo;MOTOCICLETA;PARTICULAR;Motociclista;19;FEMENINO;HERIDOS;0;0;0;0;CARRERA 48 # 46 SUR 150;;LAS VEGAS;6.1654304594401115, -75.60014866920241;CHOQUE;VEHICULO;NO REPORTADO;RESIDENCIAL;Normal;Impericia en el manejo
2180716;13/03/2018;5:40:00 p. m.;Martes;2018;Marzo;MOTOCICLETA;PARTICULAR;Peaton;30;MASCULINO;HERIDOS;0;0;0;0;CALLE 45 B SUR  CARRERA 42B;;LA PAZ;6.164534104521348, -75.59482815347928;ATROPELLO;NO REPORTADO;NO REPORTADO;RESIDENCIAL;Normal;Cruzar sin observar
2180717;13/03/2018;10:30:00 a. m.;Martes;2018;Marzo;MOTOCICLETA;PARTICULAR;Motociclista;39;MASCULINO;HERIDOS;0;0;0;0;CARRERA 48 CALLE 38 A SUR;;LAS VEGAS;6.172645487392552, -75.59319049898382;CHOQUE;VEHICULO;NO REPORTADO;RESIDENCIAL;Normal;No mantener distancia de seguridad
2180723;14/03/2018;11:41:00 p. m.;Miércoles;2018;Marzo;MOTOCICLETA;PARTICULAR;Acompañante;17;FEMENINO;HERIDOS;0;0;0;0;CALLE 39 SUR CARRERA 43 A;;ZONA CENTRO;6.169251727891376, -75.58987974925945;CAIDA OCUPANTE;NO REPORTADO;NO REPORTADO;RESIDENCIAL;Normal;Impericia en el manejo
2180723;14/03/2018;11:41:00 p. m.;Miércoles;2018;Marzo;MOTOCICLETA;PARTICULAR;Motociclista;20;MASCULINO;HERIDOS;0;0;0;0;CALLE 39 SUR CARRERA 43 A;;ZONA CENTRO;6.169251727891376, -75.58987974925945;CAIDA OCUPANTE;NO REPORTADO;NO REPORTADO;RESIDENCIAL;Normal;Impericia en el manejo
2180726;13/03/2018;5:00:00 p. m.;Martes;2018;Marzo;MOTOCICLETA;PARTICULAR;Motociclista;40;MASCULINO;HERIDOS;0;0;0;0;CALLE 38 SUR CARRERA 39-59;;ZONA CENTRO;6.168744496121563, -75.58513853061093;CHOQUE;VEHICULO;NO REPORTADO;RESIDENCIAL;Normal;Girar bruscamente  -  No mantener distancia de seguridad
2180726;13/03/2018;5:00:00 p. m.;Martes;2018;Marzo;MOTOCICLETA;PARTICULAR;Acompañante;26;FEMENINO;HERIDOS;0;0;0;0;CALLE 38 SUR CARRERA 39-59;;ZONA CENTRO;6.168744496121563, -75.58513853061093;CHOQUE;VEHICULO;NO REPORTADO;RESIDENCIAL;Normal;Girar bruscamente  -  No mantener distancia de seguridad
2180733;15/03/2018;7:00:00 a. m.;Jueves;2018;Marzo;MOTOCICLETA;PARTICULAR;Motociclista;42;MASCULINO;HERIDOS;0;0;0;0;KILOMETRO 13+000;retiro varia palmas enviga (km 5+43 - km 14+ 550);VEREDA PALMAS;6.15978882972066, -75.52599289790669;CHOQUE;VEHICULO;NO REPORTADO;NO REPORTADO;Normal;No mantener distancia de seguridad  -  Transitar entre vehiculos
2180733;15/03/2018;7:00:00 a. m.;Jueves;2018;Marzo;AUTOMOVIL;PARTICULAR;Acompañante;24;FEMENINO;HERIDOS;0;0;0;0;KILOMETRO 13+000;retiro varia palmas enviga (km 5+43 - km 14+ 550);VEREDA PALMAS;6.15978882972066, -75.52599289790669;CHOQUE;VEHICULO;NO REPORTADO;NO REPORTADO;Normal;No mantener distancia de seguridad  -  Transitar entre vehiculos
2180733;15/03/2018;7:00:00 a. m.;Jueves;2018;Marzo;AUTOMOVIL;PARTICULAR;Conductor;29;MASCULINO;HERIDOS;0;0;0;0;KILOMETRO 13+000;retiro varia palmas enviga (km 5+43 - km 14+ 550);VEREDA PALMAS;6.15978882972066, -75.52599289790669;CHOQUE;VEHICULO;NO REPORTADO;NO REPORTADO;Normal;No mantener distancia de seguridad  -  Transitar entre vehiculos
2180733;15/03/2018;7:00:00 a. m.;Jueves;2018;Marzo;AUTOMOVIL;PARTICULAR;Acompañante;26;MASCULINO;HERIDOS;0;0;0;0;KILOMETRO 13+000;retiro varia palmas enviga (km 5+43 - km 14+ 550);VEREDA PALMAS;6.15978882972066, -75.52599289790669;CHOQUE;VEHICULO;NO REPORTADO;NO REPORTADO;Normal;No mantener distancia de seguridad  -  Transitar entre vehiculos
2180733;15/03/2018;7:00:00 a. m.;Jueves;2018;Marzo;AUTOMOVIL;PARTICULAR;Acompañante;36;FEMENINO;HERIDOS;0;0;0;0;KILOMETRO 13+000;retiro varia palmas enviga (km 5+43 - km 14+ 550);VEREDA PALMAS;6.15978882972066, -75.52599289790669;CHOQUE;VEHICULO;NO REPORTADO;NO REPORTADO;Normal;No mantener distancia de seguridad  -  Transitar entre vehiculos
2180733;15/03/2018;7:00:00 a. m.;Jueves;2018;Marzo;AUTOMOVIL;PARTICULAR;Conductor;42;FEMENINO;HERIDOS;0;0;0;0;KILOMETRO 13+000;retiro varia palmas enviga (km 5+43 - km 14+ 550);VEREDA PALMAS;6.15978882972066, -75.52599289790669;CHOQUE;VEHICULO;NO REPORTADO;NO REPORTADO;Normal;No mantener distancia de seguridad  -  Transitar entre vehiculos
2180737;14/03/2018;9:25:00 a. m.;Miércoles;2018;Marzo;MOTOCICLETA;PARTICULAR;Motociclista;22;MASCULINO;HERIDOS;0;0;0;0;CALLE 37 SUR CARRERA 32;;MESA;6.169126994940012, -75.58436178643275;CHOQUE;VEHICULO;NO REPORTADO;RESIDENCIAL;Normal;No respetar prelacion
2180740;15/03/2018;7:30:00 a. m.;Jueves;2018;Marzo;MOTOCICLETA;PARTICULAR;Motociclista;26;FEMENINO;HERIDOS;0;0;0;0;CARRERA 48 # 30 SUR 119;;LAS VEGAS;6.175522019631371, -75.59181442809749;CHOQUE;VEHICULO;NO REPORTADO;RESIDENCIAL;Normal;Poner en marcha un vehiculo sin precauci
2180741;15/03/2018;7:40:00 a. m.;Jueves;2018;Marzo;MOTOCICLETA;PARTICULAR;Motociclista;25;MASCULINO;HERIDOS;0;0;0;0;CALLE 27 SUR # 28-100;;ALTO DE MISAEL;6.176832033269902, -75.57608666307203;CHOQUE;VEHICULO;NO REPORTADO;RESIDENCIAL;Normal;Impericia en el manejo
2180742;14/03/2018;5:40:00 p. m.;Miércoles;2018;Marzo;BUSETA;PUBLICO;Pasajero;60;MASCULINO;HERIDOS;0;0;0;0;CARRERA 27 A # 37 SUR 07;;VEREDA EL ESCOBERO;6.161639563521612, -75.57460090878206;OTRO;NO REPORTADO;NO REPORTADO;RESIDENCIAL;Normal;Desobedecer señales
2180744;16/03/2018;10:10:00 p. m.;Viernes;2018;Marzo;MOTOCICLETA;PARTICULAR;Motociclista;23;MASCULINO;HERIDOS;0;0;0;0;CARRERA 50 CALLE 26 SUR;;LAS VEGAS;6.184920, -75.587152;CHOQUE;VEHICULO;NO REPORTADO;RESIDENCIAL;Normal;Transitar entre vehiculos
2180744;16/03/2018;10:10:00 p. m.;Viernes;2018;Marzo;MOTOCICLETA;PARTICULAR;Acompañante;32;FEMENINO;HERIDOS;0;0;0;0;CARRERA 50 CALLE 26 SUR;;LAS VEGAS;6.184920, -75.587152;CHOQUE;VEHICULO;NO REPORTADO;RESIDENCIAL;Normal;Transitar entre vehiculos
2180747;17/03/2018;6:50:00 p. m.;Sábado;2018;Marzo;MOTOCICLETA;PARTICULAR;Motociclista;28;FEMENINO;HERIDOS;0;0;0;0;CARRERA 48 CALLE 43 SUR;;LAS VEGAS;6.168704822390547, -75.59714832809473;CHOQUE;VEHICULO;NO REPORTADO;RESIDENCIAL;Normal;Adelantar cerrando  -  No respetar prelacion
2180749;17/03/2018;10:15:00 p. m.;Sábado;2018;Marzo;MOTOCICLETA;PARTICULAR;Peaton;56;FEMENINO;HERIDOS;0;0;0;0;CALLE 37 SUR # 45 B 27;;EL PORTAL;6.172702126498924, -75.59032844740857;ATROPELLO;NO REPORTADO;NO REPORTADO;RESIDENCIAL;Normal;Cruzar sin observar  -  Impericia en el manejo
2180750;18/03/2018;11:30:00 a. m.;Domingo;2018;Marzo;MOTOCICLETA;PARTICULAR;Acompañante;30;FEMENINO;HERIDOS;0;0;0;0;KILOMETRO 7+500;el escobero - km 0-13);VEREDA EL ESCOBERO;6.123530728532577, -75.53686717676943;CHOQUE;VEHICULO;NO REPORTADO;NO REPORTADO;Normal;Adelantar cerrando
2180751;16/03/2018;12:15:00 p. m.;Viernes;2018;Marzo;AUTOMOVIL;PARTICULAR;Peaton;16;FEMENINO;HERIDOS;0;0;0;0;KILOMETRO 16+800;medell??n palmas envigado (km 12 - km 16+700);VEREDA PALMAS;6.153597294638558, -75.53296744538642;ATROPELLO;NO REPORTADO;NO REPORTADO;NO REPORTADO;Normal;Cruzar sin observar
2180753;17/03/2018;1:57:00 p. m.;Sábado;2018;Marzo;MOTOCICLETA;PARTICULAR;Motociclista;39;MASCULINO;HERIDOS;0;0;0;0;CARRERA 48 CALLE 35 A SUR ;;LAS VEGAS;6.174738522458155, -75.5916772864174;CHOQUE;VEHICULO;NO REPORTADO;RESIDENCIAL;Normal;No mantener distancia de seguridad
2180756;17/03/2018;12:45:00 p. m.;Sábado;2018;Marzo;BICICLETA;PARTICULAR;Ciclista;18;MASCULINO;HERIDOS;0;0;0;0;KILOMETRO 13+250;medell??n palmas envigado (km 12 - km 16+700);VEREDA PALMAS;6.163421884833852, -75.54558773356074;CHOQUE;VEHICULO;NO REPORTADO;NO REPORTADO;Normal;No respetar prelacion
2180759;17/03/2018;1:15:00 p. m.;Sábado;2018;Marzo;MOTOCICLETA;PARTICULAR;Motociclista;44;MASCULINO;HERIDOS;0;0;0;0;CARRERA 48 CON CALLE 37 SUR;;LAS VEGAS;6.173473352424915, -75.59256588595376;CHOQUE;VEHICULO;NO REPORTADO;RESIDENCIAL;Normal;Transitar entre vehiculos
2180769;15/03/2018;7:15:00 p. m.;Jueves;2018;Marzo;BICICLETA;PARTICULAR;Ciclista;17;MASCULINO;HERIDOS;0;0;0;0;CALLE 39 D SUR # 24 EE 150;;EL CHINGUÍ;6.151766669123425, -75.57639679555085;CHOQUE;OBJETO FIJO;VEHICULO ESTACIONADO;RESIDENCIAL;Normal;Desobedecer señales  -  Desobedecer señales
2180775;15/03/2018;6:50:00 a. m.;Jueves;2018;Marzo;MOTOCICLETA;PARTICULAR;Motociclista;25;FEMENINO;HERIDOS;0;0;0;0;CARRERA 48 CON CALLE 37 SUR;;LAS VEGAS;6.173473352424915, -75.59256588595376;CHOQUE;VEHICULO;NO REPORTADO;RESIDENCIAL;Normal;Transitar entre vehiculos
2180780;17/03/2018;6:50:00 a. m.;Sábado;2018;Marzo;MOTOCICLETA;PARTICULAR;Motociclista;37;MASCULINO;HERIDOS;0;0;0;0;CALLE 37 SUR CARRERA 49;;LAS VEGAS;6.174591625761879, -75.59361447478908;CHOQUE;VEHICULO;NO REPORTADO;RESIDENCIAL;Normal;No mantener distancia de seguridad
2180781;17/03/2018;8:30:00 p. m.;Sábado;2018;Marzo;AUTOMOVIL;PARTICULAR;Acompañante;9;MASCULINO;HERIDOS;0;0;0;0;DIAGONAL 32 B TRANSVERSAL 33SUR;;LA MAGNOLIA;6.1743073379700215, -75.58298609190452;CHOQUE;VEHICULO;NO REPORTADO;RESIDENCIAL;Normal;Desobedecer señales
2180782;19/03/2018;11:40:00 a. m.;Lunes;2018;Marzo;AUTOMOVIL;PARTICULAR;Peaton;31;MASCULINO;HERIDOS;0;0;0;0;CALLE 39 SUR # 39-31;;ZONA CENTRO;6.167157395511316, -75.58659973615949;ATROPELLO;NO REPORTADO;NO REPORTADO;RESIDENCIAL;Normal;Impericia en el manejo
2180783;17/03/2018;10:40:00 a. m.;Sábado;2018;Marzo;MOTOCICLETA;PARTICULAR;Motociclista;60;MASCULINO;HERIDOS;0;0;0;0;KILOMETRO 11+600;medell??n palmas envigado (km 12 - km 16+700);VEREDA PALMAS;6.161194941272225, -75.51545093669165;CHOQUE;VEHICULO;NO REPORTADO;NO REPORTADO;Normal;Adelantar en curva
2180783;17/03/2018;10:40:00 a. m.;Sábado;2018;Marzo;MOTOCICLETA;PARTICULAR;Acompañante;13;MASCULINO;HERIDOS;0;0;0;0;KILOMETRO 11+600;medell??n palmas envigado (km 12 - km 16+700);VEREDA PALMAS;6.161194941272225, -75.51545093669165;CHOQUE;VEHICULO;NO REPORTADO;NO REPORTADO;Normal;Adelantar en curva
2180784;15/03/2018;10:25:00 a. m.;Jueves;2018;Marzo;MICROBUS;PUBLICO;Pasajero;57;FEMENINO;HERIDOS;0;0;0;0;CARRERA 31 # 37 SUR 14;;MESA;6.165780328633756, -75.5809298934387;CAIDA OCUPANTE;NO REPORTADO;NO REPORTADO;RESIDENCIAL;Normal;Desobedecer señales
2180807;22/03/2018;10:10:00 p. m.;Jueves;2018;Marzo;MOTOCICLETA;PARTICULAR;Acompañante;19;FEMENINO;HERIDOS;0;0;0;0;CARRERA 50 CALLE 46 A SUR ;;LAS VEGAS;6.168548, -75.602176;CAIDA OCUPANTE;NO REPORTADO;NO REPORTADO;RESIDENCIAL;Normal;Impericia en el manejo
2180814;23/03/2018;1:20:00 p. m.;Viernes;2018;Marzo;MOTOCICLETA;PARTICULAR;Motociclista;19;MASCULINO;MUERTOS;0;0;0;;CARRERA 50 CON CALLE 19 SUR 82;;LAS VEGAS;6.187877, -75.583571;CHOQUE;VEHICULO;NO REPORTADO;RESIDENCIAL;Normal;Transitar entre vehiculos
2180831;22/03/2018;10:40:00 a. m.;Jueves;2018;Marzo;MOTOCICLETA;OFICIAL;Motociclista;31;MASCULINO;HERIDOS;0;0;0;0;CARRERA 48 CON CALLE 38 SUR;;LAS VEGAS;6.1728750073445156, -75.59282694398259;CHOQUE;VEHICULO;NO REPORTADO;RESIDENCIAL;Normal;Girar bruscamente
2180832;23/03/2018;9:50:00 p. m.;Viernes;2018;Marzo;BUSETA;PUBLICO;Pasajero;30;MASCULINO;HERIDOS;0;0;0;0;CALLE 38 SUR CON CARRERA 43A 70;;ZONA CENTRO;6.170698872907249, -75.5887322993027;ATROPELLO;NO REPORTADO;NO REPORTADO;RESIDENCIAL;Normal;Dejar/recoger pasajeros sitio no demarca
2180833;23/03/2018;3:50:00 p. m.;Viernes;2018;Marzo;MOTOCICLETA;PARTICULAR;Motociclista;21;MASCULINO;HERIDOS;0;0;0;0;CARRERA 43 A CON CALLE 46 SUR 20;;PRIMAVERA;6.16453716631974, -75.59613929206783;CHOQUE;VEHICULO;NO REPORTADO;RESIDENCIAL;Normal;No mantener distancia de seguridad
2180834;23/03/2018;6:05:00 a. m.;Viernes;2018;Marzo;MOTOCICLETA;DIPLOMATICO;Motociclista;43;FEMENINO;HERIDOS;0;0;0;0;CARRERA 27 B CON CALLE 27 D S 60;;EL ESMERALDAL;6.1739414863279, -75.5700417299461;CAIDA OCUPANTE;NO REPORTADO;NO REPORTADO;RESIDENCIAL;Normal;Superficie lisa
2180834;23/03/2018;6:05:00 a. m.;Viernes;2018;Marzo;MOTOCICLETA;DIPLOMATICO;Acompañante;12;FEMENINO;HERIDOS;0;0;0;0;CARRERA 27 B CON CALLE 27 D S 60;;EL ESMERALDAL;6.1739414863279, -75.5700417299461;CAIDA OCUPANTE;NO REPORTADO;NO REPORTADO;RESIDENCIAL;Normal;Superficie lisa
2180837;24/03/2018;11:30:00 p. m.;Sábado;2018;Marzo;MOTOCICLETA;DIPLOMATICO;Motociclista;24;MASCULINO;HERIDOS;0;0;0;0;DIAGONAL 31 CON TRANSVERSAL 35 B SUR ;;LA SEBASTIANA;6.169689961137381, -75.57970140187186;CHOQUE;VEHICULO;NO REPORTADO;RESIDENCIAL;Normal;No respetar pelacion de interseccion o giros
2180839;25/03/2018;1:00:00 p. m.;Domingo;2018;Marzo;MOTOCICLETA;PARTICULAR;Motociclista;17;FEMENINO;HERIDOS;0;0;0;0;CALLE 45 SUR CON CARRERA 43 A;;LA PAZ;6.1653598634164695, -75.59437918828229;CHOQUE;VEHICULO;NO REPORTADO;RESIDENCIAL;Normal;Desobedecer señales
2180854;27/03/2018;1:55:00 p. m.;Martes;2018;Marzo;MOTOCICLETA;PARTICULAR;Motociclista;23;MASCULINO;HERIDOS;0;0;0;0;CARRERA 48 CALLE 39 SUR;;LAS VEGAS;6.171911021092646, -75.59371962809902;CHOQUE;VEHICULO;NO REPORTADO;RESIDENCIAL;Normal;Adelantar por la derecha
2180873;1/04/2018;9:30:00 a. m.;Domingo;2018;Abril;MOTOCICLETA;PARTICULAR;Peaton;76;FEMENINO;HERIDOS;0;0;0;0;CARRERA 37 # 38  SUR 56;;MESA;6.16791479620219, -75.58429367624449;ATROPELLO;NO REPORTADO;NO REPORTADO;RESIDENCIAL;Normal;Cruzar en diagonal
2180874;28/03/2018;9:40:00 a. m.;Miércoles;2018;Marzo;MOTOCICLETA;PARTICULAR;Motociclista;48;MASCULINO;HERIDOS;0;0;0;0;KILOMETRO 4;peri;VEREDA PERICO;6.170752, -75.500305;CAIDA OCUPANTE;NO REPORTADO;NO REPORTADO;NO REPORTADO;Normal;Impericia en el manejo
2180875;31/03/2018;5:40:00 p. m.;Sábado;2018;Marzo;MOTOCICLETA;PARTICULAR;Motociclista;60;MASCULINO;HERIDOS;0;0;0;0;CALLE 38 A SUR # 40-75;;ZONA CENTRO;6.168468361653541, -75.58695726460283;OTRO;NO REPORTADO;NO REPORTADO;RESIDENCIAL;Normal;Impericia en el manejo
2180876;27/03/2018;2:20:00 p. m.;Martes;2018;Marzo;AUTOMOVIL;PARTICULAR;Acompañante;6;FEMENINO;HERIDOS;0;0;0;0;CARRERA 48 CALLE 38 SUR ;;LAS VEGAS;6.173081353873572, -75.59279439909928;CHOQUE;VEHICULO;NO REPORTADO;RESIDENCIAL;Normal;No mantener distancia de seguridad
2180877;29/03/2018;4:30:00 p. m.;Jueves;2018;Marzo;MOTOCICLETA;PARTICULAR;Acompañante;23;MASCULINO;HERIDOS;0;0;0;0;CARRERA 40 # 40 F SUR 35;;EL DORADO;6.166363061997401, -75.5877436204237;CAIDA OCUPANTE;NO REPORTADO;NO REPORTADO;RESIDENCIAL;Normal;Impericia en el manejo
2180878;1/04/2018;11:30:00 a. m.;Domingo;2018;Abril;MOTOCICLETA;PARTICULAR;Motociclista;28;FEMENINO;HERIDOS;0;0;0;0;CALLE 36 D SUR # 27-60;;VEREDA EL ESCOBERO;6.163533397513305, -75.57397763246063;CHOQUE;VEHICULO;NO REPORTADO;RESIDENCIAL;Normal;Adelantar en zona prohibida
2180880;30/03/2018;8:10:00 a. m.;Viernes;2018;Marzo;BUS;PUBLICO;Pasajero;63;FEMENINO;HERIDOS;0;0;0;0;CALLE 38 SUR CARRERA 39;;MESA;6.168275060654128, -75.58528757035191;CAIDA OCUPANTE;NO REPORTADO;NO REPORTADO;RESIDENCIAL;Normal;Impericia en el manejo
2180890;26/03/2018;5:50:00 a. m.;Lunes;2018;Marzo;BICICLETA;PARTICULAR;Ciclista;50;MASCULINO;HERIDOS;0;0;0;0;CARRERA 48 CON CALLE 37 SUR;;LAS VEGAS;6.173473352424915, -75.59256588595376;CHOQUE;VEHICULO;NO REPORTADO;RESIDENCIAL;Normal;Transitar uno al lado del otro
2180893;2/04/2018;5:30:00 a. m.;Lunes;2018;Abril;MOTOCICLETA;PARTICULAR;Motociclista;25;MASCULINO;HERIDOS;0;0;0;0;CARRERA 48 CON CALLE 50 SUR;;LAS VEGAS;6.162072458716961, -75.60353659646475;CHOQUE;VEHICULO;NO REPORTADO;RESIDENCIAL;Normal;Impericia en el manejo
2180893;2/04/2018;5:30:00 a. m.;Lunes;2018;Abril;MOTOCICLETA;PARTICULAR;Acompañante;25;FEMENINO;HERIDOS;0;0;0;0;CARRERA 48 CON CALLE 50 SUR;;LAS VEGAS;6.162072458716961, -75.60353659646475;CHOQUE;VEHICULO;NO REPORTADO;RESIDENCIAL;Normal;Impericia en el manejo
2180903;4/04/2018;10:40:00 p. m.;Miércoles;2018;Abril;MOTOCICLETA;PARTICULAR;Motociclista;18;MASCULINO;HERIDOS;0;0;0;0;DIAGONAL 31 CON TRANSVERSAL 36 SUR;;LA SEBASTIANA;6.168209451248172, -75.58030209089516;CHOQUE;VEHICULO;NO REPORTADO;RESIDENCIAL;Normal;Transitar entre vehiculos
2180903;4/04/2018;10:40:00 p. m.;Miércoles;2018;Abril;MOTOCICLETA;PARTICULAR;Motociclista;41;MASCULINO;HERIDOS;0;0;0;0;DIAGONAL 31 CON TRANSVERSAL 36 SUR;;LA SEBASTIANA;6.168209451248172, -75.58030209089516;CHOQUE;VEHICULO;NO REPORTADO;RESIDENCIAL;Normal;Transitar entre vehiculos
2180903;4/04/2018;10:40:00 p. m.;Miércoles;2018;Abril;MOTOCICLETA;PARTICULAR;Acompañante;19;FEMENINO;HERIDOS;0;0;0;0;DIAGONAL 31 CON TRANSVERSAL 36 SUR;;LA SEBASTIANA;6.168209451248172, -75.58030209089516;CHOQUE;VEHICULO;NO REPORTADO;RESIDENCIAL;Normal;Transitar entre vehiculos
2180907;3/04/2018;7:00:00 p. m.;Martes;2018;Abril;MOTOCICLETA;PARTICULAR;Motociclista;33;FEMENINO;HERIDOS;0;0;0;0;KILOMETRO 14 + 520;medell??n palmas envigado (km 12 - km 16+700);VEREDA PALMAS;6.1542404057171005, -75.54471786623367;CHOQUE;VEHICULO;NO REPORTADO;NO REPORTADO;Normal;Adelantar cerrando