NRO_RADICADO;FECHA_ACCIDENTE;HORA_ACCIDENTE;Día de la semana;AÑO;MES;CLASE_VEHICULO;TIPO_SERVICIO;TIPO_VICTIMA;EDAD;GENERO;GRAVEDAD;ESTADO_BEODEZ;ESTADO_DROGA;RESULTADO_BEODEZ;RESUL_BEODEZ_GRAMOS;DIRECCION_CARACT_VIA;TRAMO_VIA;LOCALIDAD_O_COMUNA;    GEORREFERENCIACIÓN;DESC_CLASE_ACCIDENTE;DESC_CHOQUE_ACCIDENTE;DESC_OBJETO_FIJO;DESC_SECTOR_ACCIDENTE;CONDICION_CLIMATICA;CAUSA_ACCIDENTE
2180908;4/04/2018;7:50:00 a. m.;Miércoles;2018;Abril;MOTOCICLETA;PARTICULAR;Acompañante;29;FEMENINO;HERIDOS;0;0;0;0;KILOMETRO 13 + 460;medell??n palmas envigado (km 12 - km 16+700);VEREDA PALMAS;6.161762419343662, -75.54510079903466;CHOQUE;VEHICULO;NO REPORTADO;NO REPORTADO;Normal;No mantener distancia de seguridad
2180908;4/04/2018;7:50:00 a. m.;Miércoles;2018;Abril;MOTOCICLETA;PARTICULAR;Motociclista;28;MASCULINO;HERIDOS;0;0;0;0;KILOMETRO 13 + 460;medell??n palmas envigado (km 12 - km 16+700);VEREDA PALMAS;6.161762419343662, -75.54510079903466;CHOQUE;VEHICULO;NO REPORTADO;NO REPORTADO;Normal;No mantener distancia de seguridad
2180909;5/04/2018;9:45:00 a. m.;Jueves;2018;Abril;MOTOCICLETA;PARTICULAR;Motociclista;28;MASCULINO;HERIDOS;0;0;0;0;CALLE 25 SUR CON CARRERA 48 - 210;;LAS VEGAS;6.186355148112261, -75.5834047908852;CHOQUE;VEHICULO;NO REPORTADO;RESIDENCIAL;Normal;Adelantar por la derecha
2180909;5/04/2018;9:45:00 a. m.;Jueves;2018;Abril;MOTOCICLETA;PARTICULAR;Acompañante;41;FEMENINO;HERIDOS;0;0;0;0;CALLE 25 SUR CON CARRERA 48 - 210;;LAS VEGAS;6.186355148112261, -75.5834047908852;CHOQUE;VEHICULO;NO REPORTADO;RESIDENCIAL;Normal;Adelantar por la derecha
2180910;5/04/2018;8:30:00 a. m.;Jueves;2018;Abril;MOTOCICLETA;DIPLOMATICO;Acompañante;23;FEMENINO;HERIDOS;0;0;0;0;CALLE 38 A SUR CON CARRERA 33;;MESA;6.1660368321300085, -75.58256356129618;CHOQUE;VEHICULO;NO REPORTADO;RESIDENCIAL;Normal;Desobedecer señales
2180910;5/04/2018;8:30:00 a. m.;Jueves;2018;Abril;MOTOCICLETA;DIPLOMATICO;Motociclista;29;MASCULINO;HERIDOS;0;0;0;0;CALLE 38 A SUR CON CARRERA 33;;MESA;6.1660368321300085, -75.58256356129618;CHOQUE;VEHICULO;NO REPORTADO;RESIDENCIAL;Normal;Desobedecer señales
2180917;8/04/2018;10:30:00 p. m.;Domingo;2018;Abril;AUTOMOVIL;PARTICULAR;Acompañante;32;MASCULINO;HERIDOS;0;0;0;0;KILOMETRO 7+150;pantanill;VEREDA PERICO;6.171540752079794, -75.49029011719227;VOLCAMIENTO;NO REPORTADO;NO REPORTADO;NO REPORTADO;Normal;Exceso de velocidad  -  Impericia en el manejo
2180917;8/04/2018;10:30:00 p. m.;Domingo;2018;Abril;AUTOMOVIL;PARTICULAR;Acompañante;31;MASCULINO;HERIDOS;0;0;0;0;KILOMETRO 7+150;pantanill;VEREDA PERICO;6.171540752079794, -75.49029011719227;VOLCAMIENTO;NO REPORTADO;NO REPORTADO;NO REPORTADO;Normal;Exceso de velocidad  -  Impericia en el manejo
2180917;8/04/2018;10:30:00 p. m.;Domingo;2018;Abril;AUTOMOVIL;PARTICULAR;Conductor;26;MASCULINO;HERIDOS;0;0;0;0;KILOMETRO 7+150;pantanill;VEREDA PERICO;6.171540752079794, -75.49029011719227;VOLCAMIENTO;NO REPORTADO;NO REPORTADO;NO REPORTADO;Normal;Exceso de velocidad  -  Impericia en el manejo
2180919;5/04/2018;7:10:00 p. m.;Jueves;2018;Abril;MOTOCICLETA;PARTICULAR;Peaton;55;FEMENINO;HERIDOS;0;0;0;0;CARRERA 43 TRANSVERSAL 32 SUR;;LA MAGNOLIA;6.175327332513552, -75.5852356715802;ATROPELLO;NO REPORTADO;NO REPORTADO;RESIDENCIAL;Normal;Cruzar sin observar
2180920;6/04/2018;5:40:00 a. m.;Viernes;2018;Abril;CAMIONETA;PARTICULAR;Peaton;56;FEMENINO;HERIDOS;0;0;0;0;CARRERA 39 A # 40 B SUR 3;;EL DORADO;6.164854932819481, -75.58788816275207;ATROPELLO;NO REPORTADO;NO REPORTADO;RESIDENCIAL;Normal;Impericia en el manejo
2180921;6/04/2018;11:00:00 a. m.;Viernes;2018;Abril;MOTOCICLETA;PARTICULAR;Motociclista;43;MASCULINO;HERIDOS;0;0;0;0;KILOMETRO 3+400;;VEREDA EL ESCOBERO;6.133059611212567, -75.55397876851966;CAIDA OCUPANTE;NO REPORTADO;NO REPORTADO;NO REPORTADO;Normal;Falla en luces de freno
2180921;6/04/2018;11:00:00 a. m.;Viernes;2018;Abril;MOTOCICLETA;PARTICULAR;Acompañante;44;MASCULINO;HERIDOS;0;0;0;0;KILOMETRO 3+400;;VEREDA EL ESCOBERO;6.133059611212567, -75.55397876851966;CAIDA OCUPANTE;NO REPORTADO;NO REPORTADO;NO REPORTADO;Normal;Falla en luces de freno
2180922;7/04/2018;9:50:00 a. m.;Sábado;2018;Abril;MOTOCICLETA;PARTICULAR;Motociclista;24;MASCULINO;HERIDOS;0;0;0;0;CARRERA 48 # 30 SUR 119;;LAS VEGAS;6.175522019631371, -75.59181442809749;CHOQUE;VEHICULO;NO REPORTADO;RESIDENCIAL;Normal;Adelantar cerrando
2180923;6/04/2018;5:26:00 p. m.;Viernes;2018;Abril;MOTOCICLETA;PARTICULAR;Motociclista;21;FEMENINO;HERIDOS;0;0;0;0;CARRERA 27 B CALLE 39 SUR;;SAN JOSE;6.159152015809294, -75.57934050917346;CHOQUE;VEHICULO;NO REPORTADO;RESIDENCIAL;Normal;Desobedecer señales
2180928;6/04/2018;6:30:00 a. m.;Viernes;2018;Abril;MOTOCICLETA;PARTICULAR;Motociclista;20;FEMENINO;HERIDOS;0;0;0;0;CARRERA 50 CON CALLE 37 SUR;;LAS VEGAS;6.175135, -75.595369;CHOQUE;VEHICULO;NO REPORTADO;RESIDENCIAL;Lluvia;No mantener distancia de seguridad
2180933;7/04/2018;11:20:00 p. m.;Sábado;2018;Abril;MOTOCICLETA;DIPLOMATICO;Motociclista;17;MASCULINO;HERIDOS;0;0;0;0;CARRERA 39 CALLE 37 SUR;;ZONA CENTRO;6.169033994450284, -75.58501848033762;CHOQUE;VEHICULO;NO REPORTADO;RESIDENCIAL;Normal;No respetar pelacion de interseccion o giros  -  No respetar prelacion
2180934;8/04/2018;1:00:00 p. m.;Domingo;2018;Abril;MOTOCICLETA;PARTICULAR;Peaton;65;MASCULINO;HERIDOS;0;0;0;0;CARRERA 43 A CALLE 39  SUR;;ZONA CENTRO;6.168773327787883, -75.58883912227444;ATROPELLO;NO REPORTADO;NO REPORTADO;RESIDENCIAL;Normal;Exceso de velocidad  -  Transitar entre vehiculos
2180935;5/04/2018;4:10:00 p. m.;Jueves;2018;Abril;MOTOCICLETA;PARTICULAR;Acompañante;37;FEMENINO;HERIDOS;0;0;0;0;CARRERA 48 CALLE 26 SUR ;;LAS VEGAS;6.18322194412248, -75.58534108727152;CHOQUE;VEHICULO;NO REPORTADO;RESIDENCIAL;Normal;Transitar entre vehiculos
2180938;10/04/2018;12:15:00 p. m.;Martes;2018;Abril;MOTOCICLETA;PARTICULAR;Peaton;73;MASCULINO;HERIDOS;0;0;0;0;CALLE 40 SUR # 27-37;;SAN JOSE;6.158821298262806, -75.58104685111046;ATROPELLO;NO REPORTADO;NO REPORTADO;RESIDENCIAL;Normal;Cruzar sin observar
2180941;10/04/2018;8:15:00 a. m.;Martes;2018;Abril;MOTOCICLETA;PARTICULAR;Motociclista;28;MASCULINO;MUERTOS;0;0;0;0;CARRERA 50 CALLE 36 SUR;;LAS VEGAS;6.176824, -75.593330;CHOQUE;VEHICULO;NO REPORTADO;RESIDENCIAL;Normal;Transitar entre vehiculos
2180961;18/01/2018;6:35:00 p. m.;Jueves;2018;Enero;MOTOCICLETA;PARTICULAR;Motociclista;29;FEMENINO;HERIDOS;0;0;0;0;CARRERA 50 CALLE 39 SUR;;LAS VEGAS;6.173831, -75.597143;CHOQUE;VEHICULO;NO REPORTADO;RESIDENCIAL;Normal;Adelantar cerrando
2180967;11/04/2018;2:40:00 p. m.;Miércoles;2018;Abril;BICICLETA;PARTICULAR;Ciclista;34;MASCULINO;HERIDOS;0;0;0;0;CALLE 26 B SUR # 42B 52;;LAS ORQUIDEAS;6.179953262562763, -75.58104158476;CHOQUE;VEHICULO;NO REPORTADO;RESIDENCIAL;Normal;Circular por calzadas o carriles destina
2180968;12/04/2018;6:50:00 a. m.;Jueves;2018;Abril;MOTOCICLETA;PARTICULAR;Peaton;15;MASCULINO;HERIDOS;0;0;0;0;CALLE 29 SUR # 43 A 15;;JARDINES;6.178956457927997, -75.58571360878184;ATROPELLO;NO REPORTADO;NO REPORTADO;RESIDENCIAL;Normal;Exceso de velocidad
2180968;12/04/2018;6:50:00 a. m.;Jueves;2018;Abril;MOTOCICLETA;PARTICULAR;Peaton;21;MASCULINO;HERIDOS;0;0;0;0;CALLE 29 SUR # 43 A 15;;JARDINES;6.178956457927997, -75.58571360878184;ATROPELLO;NO REPORTADO;NO REPORTADO;RESIDENCIAL;Normal;Exceso de velocidad
2180969;12/04/2018;1:50:00 p. m.;Jueves;2018;Abril;MOTOCICLETA;PARTICULAR;Motociclista;24;MASCULINO;HERIDOS;0;0;0;0;CALLE 45 B SUR CARRERA 43;;LA PAZ;6.1649559003517105, -75.59471017663877;CHOQUE;VEHICULO;NO REPORTADO;RESIDENCIAL;Normal;Desobedecer señales
2180980;14/04/2018;11:30:00 p. m.;Sábado;2018;Abril;MOTOCICLETA;PARTICULAR;Motociclista;28;MASCULINO;HERIDOS;0;0;0;0;CALLE 40 SUR # 29 B 94;;SAN JOSE;6.168240394664787, -75.59145903391614;ATROPELLO;NO REPORTADO;NO REPORTADO;RESIDENCIAL;Normal;Embriaguez o droga  -  Exceso de velocidad
2180980;14/04/2018;11:30:00 p. m.;Sábado;2018;Abril;MOTOCICLETA;PARTICULAR;Peaton;46;MASCULINO;HERIDOS;0;0;0;0;CALLE 40 SUR # 29 B 94;;SAN JOSE;6.168240394664787, -75.59145903391614;ATROPELLO;NO REPORTADO;NO REPORTADO;RESIDENCIAL;Normal;Embriaguez o droga  -  Exceso de velocidad
2180999;16/04/2018;4:30:00 p. m.;Lunes;2018;Abril;MOTOCICLETA;PARTICULAR;Motociclista;45;FEMENINO;HERIDOS;0;0;0;0;CARRERA 43 # 32 A SUR 75;;LA MAGNOLIA;6.174165126110486, -75.58517425944657;CHOQUE;VEHICULO;NO REPORTADO;RESIDENCIAL;Normal;Adelantar cerrando
2181001;16/04/2018;4:15:00 p. m.;Lunes;2018;Abril;MOTOCICLETA;PARTICULAR;Motociclista;20;MASCULINO;HERIDOS;0;0;0;0;CARRERA 40 A  CALLE 48 SUR;;EL TRIANON;6.159130665331627, -75.59490009338879;CHOQUE;VEHICULO;NO REPORTADO;RESIDENCIAL;Normal;Desobedecer señales
2181006;16/04/2018;8:30:00 a. m.;Lunes;2018;Abril;MOTOCICLETA;PARTICULAR;Motociclista;27;MASCULINO;HERIDOS;0;0;0;0;DIAGONAL 32 D TRANSVERSAL 33 SUR;;LA MAGNOLIA;6.174085558228623, -75.58368621943816;CHOQUE;VEHICULO;NO REPORTADO;RESIDENCIAL;Normal;Desobedecer señales
2181009;13/04/2018;8:30:00 a. m.;Viernes;2018;Abril;MOTOCICLETA;PARTICULAR;Motociclista;26;FEMENINO;HERIDOS;0;0;0;0;CALLE 35 SUR CARRERA 41;;ZONA CENTRO;6.171484993656337, -75.58529013246046;CHOQUE;VEHICULO;NO REPORTADO;RESIDENCIAL;Normal;Desobedecer señales
2181013;16/04/2018;4:30:00 p. m.;Lunes;2018;Abril;MOTOCICLETA;PARTICULAR;Peaton;37;FEMENINO;HERIDOS;0;0;0;0;CARRERA 48 # 48 SUR 75;;LAS VEGAS;6.16434163907781, -75.60145576709141;ATROPELLO;NO REPORTADO;NO REPORTADO;RESIDENCIAL;Normal;Cruzar sin observar  -  Transitar entre vehiculos
2181014;17/04/2018;1:00:00 p. m.;Martes;2018;Abril;MOTOCICLETA;PARTICULAR;Motociclista;17;MASCULINO;HERIDOS;0;0;0;0;CALLE 45 A SUR # 39 DD 07;;LAS ANTILLAS;6.1619668319799885, -75.5921311478031;CHOQUE;VEHICULO;NO REPORTADO;RESIDENCIAL;Normal;No respetar prelacion
2181027;17/04/2018;11:00:00 a. m.;Martes;2018;Abril;AUTOMOVIL;PARTICULAR;Conductor;17;MASCULINO;HERIDOS;0;0;0;0;KILOMETRO 16+00;medell??n palmas envigado (km 12 - km 16+700);VEREDA PALMAS;6.153624632250411, -75.53878577740348;VOLCAMIENTO;NO REPORTADO;NO REPORTADO;NO REPORTADO;Normal;Exceso de velocidad  -  Impericia en el manejo
2181028;17/04/2018;4:50:00 p. m.;Martes;2018;Abril;MOTOCICLETA;PARTICULAR;Motociclista;30;MASCULINO;HERIDOS;0;0;0;0;CARRERA 50 CALLE 25 SUR;;LAS VEGAS;6.186957, -75.584471;CHOQUE;VEHICULO;NO REPORTADO;RESIDENCIAL;Normal;Adelantar cerrando
2181028;17/04/2018;4:50:00 p. m.;Martes;2018;Abril;MOTOCICLETA;PARTICULAR;Acompañante;40;FEMENINO;HERIDOS;0;0;0;0;CARRERA 50 CALLE 25 SUR;;LAS VEGAS;6.186957, -75.584471;CHOQUE;VEHICULO;NO REPORTADO;RESIDENCIAL;Normal;Adelantar cerrando
2181029;17/04/2018;8:05:00 a. m.;Martes;2018;Abril;MOTOCICLETA;DIPLOMATICO;Motociclista;30;FEMENINO;HERIDOS;0;0;0;0;CALLE 41 AA SUR CARRERA 29;;SAN RAFAEL;6.158472633808927, -75.58498927663892;CHOQUE;VEHICULO;NO REPORTADO;RESIDENCIAL;Normal;Desobedecer señales
2181031;17/04/2018;5:55:00 p. m.;Martes;2018;Abril;MOTOCICLETA;PARTICULAR;Motociclista;26;FEMENINO;HERIDOS;0;0;0;0;KILOMETRO 14+030;retiro varia palmas enviga (km 5+43 - km 14+ 550);VEREDA PALMAS;6.156516504584084, -75.5331669198945;CHOQUE;VEHICULO;NO REPORTADO;NO REPORTADO;Normal;No mantener distancia de seguridad
2181039;17/04/2018;9:20:00 a. m.;Martes;2018;Abril;MOTOCICLETA;PARTICULAR;Motociclista;54;MASCULINO;HERIDOS;0;0;0;0;CALLE 45 A SUR CARRERA 39 DD;;LAS ANTILLAS;6.16202719768268, -75.59140554595362;CHOQUE;VEHICULO;NO REPORTADO;RESIDENCIAL;Normal;Adelantar en zona prohibida
2181040;17/04/2018;3:00:00 p. m.;Martes;2018;Abril;MOTOCICLETA;PARTICULAR;Acompañante;31;FEMENINO;HERIDOS;0;0;0;0;CALLE 38 SUR # 46-17;;ALCALA;6.172059264333582, -75.59182829005343;CAIDA OCUPANTE;NO REPORTADO;NO REPORTADO;RESIDENCIAL;Normal;Impericia en el manejo
2181042;16/04/2018;5:30:00 a. m.;Lunes;2018;Abril;AUTOMOVIL;PARTICULAR;Conductor;22;FEMENINO;HERIDOS;0;0;0;0;KILOMETRO 12+100;retiro varia palmas enviga (km 5+43 - km 14+ 550);VEREDA PALMAS;6.158957490993532, -75.51839778238718;VOLCAMIENTO;NO REPORTADO;NO REPORTADO;NO REPORTADO;Normal;Exceso de velocidad  -  Impericia en el manejo
2181043;18/04/2018;6:53:00 p. m.;Miércoles;2018;Abril;BICICLETA;PARTICULAR;Ciclista;33;MASCULINO;HERIDOS;0;0;0;0;KILOMETRO 14+130;retiro varia palmas enviga (km 5+43 - km 14+ 550);VEREDA PALMAS;6.155883496764382, -75.53245024944462;CHOQUE;VEHICULO;NO REPORTADO;NO REPORTADO;Normal;Desobedecer señales
2181046;18/04/2018;12:10:00 p. m.;Miércoles;2018;Abril;MOTOCICLETA;PARTICULAR;Motociclista;54;MASCULINO;HERIDOS;0;0;0;0;KILOMETRO 13+260;retiro varia palmas enviga (km 5+43 - km 14+ 550);VEREDA PALMAS;6.15949432331264, -75.52829954610623;CHOQUE;VEHICULO;NO REPORTADO;NO REPORTADO;Normal;Adelantar invadiendo carril de sentido contrario
2181047;19/04/2018;9:05:00 a. m.;Jueves;2018;Abril;AUTOMOVIL;PARTICULAR;Acompañante;30;FEMENINO;HERIDOS;0;0;0;0;CARRERA 48 CALLE 32 C SUR;;LAS VEGAS;6.177765685179103, -75.58955997025916;CHOQUE;VEHICULO;NO REPORTADO;RESIDENCIAL;Normal;No mantener distancia de seguridad
2181055;20/04/2018;10:15:00 a. m.;Viernes;2018;Abril;MOTOCICLETA;PARTICULAR;Acompañante;51;FEMENINO;HERIDOS;0;0;0;;CALLE 45 B SUR  CARRERA 42 B;;LA PAZ;6.164534104521348, -75.59482815347928;CAIDA OCUPANTE;NO REPORTADO;NO REPORTADO;RESIDENCIAL;Normal;Impericia en el manejo
2181056;21/04/2018;6:30:00 p. m.;Sábado;2018;Abril;AUTOMOVIL;PARTICULAR;Peaton;9;MASCULINO;HERIDOS;0;0;0;0;CALLE 45 B SUR # 43-39;;LA PAZ;6.164917162845355, -75.59490479343869;ATROPELLO;NO REPORTADO;NO REPORTADO;RESIDENCIAL;Normal;Cruzar sin observar
2181060;21/04/2018;5:50:00 p. m.;Sábado;2018;Abril;MOTOCICLETA;PARTICULAR;Motociclista;18;MASCULINO;HERIDOS;0;0;0;0;KILOMETRO 16 +580;medell??n palmas envigado (km 12 - km 16+700);VEREDA PALMAS;6.15396450135569, -75.53377447566179;CHOQUE;VEHICULO;NO REPORTADO;NO REPORTADO;Normal;No mantener distancia de seguridad
2181063;21/04/2018;9:40:00 p. m.;Sábado;2018;Abril;MOTOCICLETA;PARTICULAR;Motociclista;43;MASCULINO;HERIDOS;0;0;0;0;CARRERA 48 CON CALLE 37 SUR;;LAS VEGAS;6.173473352424915, -75.59256588595376;CHOQUE;VEHICULO;NO REPORTADO;RESIDENCIAL;Normal;No respetar prelacion
2181067;21/04/2018;11:50:00 a. m.;Sábado;2018;Abril;MOTOCICLETA;PARTICULAR;Motociclista;63;MASCULINO;HERIDOS;0;0;0;0;CARRERA 50 CALLE 30 SUR;;LAS VEGAS;6.181402979317868, -75.58979069129407;CHOQUE;VEHICULO;NO REPORTADO;RESIDENCIAL;Normal;No mantener distancia de seguridad
2181071;21/04/2018;4:00:00 p. m.;Sábado;2018;Abril;MOTOCICLETA;PARTICULAR;Acompañante;47;MASCULINO;HERIDOS;0;0;0;;CARRERA 50 CALLE 26 SUR;;LAS VEGAS;6.184920, -75.587152;CHOQUE;VEHICULO;NO REPORTADO;RESIDENCIAL;Normal;Adelantar por la derecha
2181072;21/04/2018;11:50:00 a. m.;Sábado;2018;Abril;MOTOCICLETA;PARTICULAR;Motociclista;53;FEMENINO;HERIDOS;0;0;0;0;CARRERA 42 CALLE 33B SUR;;ZONA CENTRO;6.172612860004692, -75.58555464780304;CHOQUE;VEHICULO;NO REPORTADO;RESIDENCIAL;Normal;Desobedecer señales
2181073;22/04/2018;10:30:00 p. m.;Domingo;2018;Abril;AUTOMOVIL;PARTICULAR;Conductor;55;FEMENINO;HERIDOS;0;0;0;0;CALLE 23 SUR # 27-11;;ZUÑIGA;6.17701525785921, -75.568176606931;CHOQUE;OBJETO FIJO;ARBOL;RESIDENCIAL;Lluvia;Exceso de velocidad  -  Impericia en el manejo
2181073;22/04/2018;10:30:00 p. m.;Domingo;2018;Abril;AUTOMOVIL;PARTICULAR;Acompañante;10;FEMENINO;HERIDOS;0;0;0;0;CALLE 23 SUR # 27-11;;ZUÑIGA;6.17701525785921, -75.568176606931;CHOQUE;OBJETO FIJO;ARBOL;RESIDENCIAL;Lluvia;Exceso de velocidad  -  Impericia en el manejo
2181073;22/04/2018;10:30:00 p. m.;Domingo;2018;Abril;AUTOMOVIL;PARTICULAR;Acompañante;91;FEMENINO;HERIDOS;0;0;0;0;CALLE 23 SUR # 27-11;;ZUÑIGA;6.17701525785921, -75.568176606931;CHOQUE;OBJETO FIJO;ARBOL;RESIDENCIAL;Lluvia;Exceso de velocidad  -  Impericia en el manejo
2181073;22/04/2018;10:30:00 p. m.;Domingo;2018;Abril;AUTOMOVIL;PARTICULAR;Acompañante;14;FEMENINO;HERIDOS;0;0;0;0;CALLE 23 SUR # 27-11;;ZUÑIGA;6.17701525785921, -75.568176606931;CHOQUE;OBJETO FIJO;ARBOL;RESIDENCIAL;Lluvia;Exceso de velocidad  -  Impericia en el manejo
2181073;22/04/2018;10:30:00 p. m.;Domingo;2018;Abril;AUTOMOVIL;PARTICULAR;Acompañante;34;FEMENINO;HERIDOS;0;0;0;0;CALLE 23 SUR # 27-11;;ZUÑIGA;6.17701525785921, -75.568176606931;CHOQUE;OBJETO FIJO;ARBOL;RESIDENCIAL;Lluvia;Exceso de velocidad  -  Impericia en el manejo
2181077;23/04/2018;7:30:00 a. m.;Lunes;2018;Abril;MOTOCICLETA;PARTICULAR;Motociclista;56;FEMENINO;HERIDOS;0;0;0;0;CARRERA 43 A CALLE 49 D SUR;;LAS CASITAS;6.16117796736583, -75.6015317919814;CHOQUE;VEHICULO;NO REPORTADO;RESIDENCIAL;Normal;No mantener distancia de seguridad
2181079;21/04/2018;6:35:00 a. m.;Sábado;2018;Abril;AUTOMOVIL;PUBLICO;Pasajero;24;FEMENINO;HERIDOS;0;0;0;0;CARRERA 48 CALLE 25 AA SUR;;LAS VEGAS;6.182969783111488, -75.58531885692966;CHOQUE;VEHICULO;NO REPORTADO;RESIDENCIAL;Normal;No mantener distancia de seguridad
2181082;23/04/2018;8:30:00 a. m.;Lunes;2018;Abril;CAMPERO;PARTICULAR;Peaton;26;MASCULINO;HERIDOS;0;0;0;0;CARRERA 48 CON CALLE 50 SUR;;LAS VEGAS;6.162072458716961, -75.60353659646475;ATROPELLO;NO REPORTADO;NO REPORTADO;RESIDENCIAL;Normal;Exceso de velocidad  -  No respetar prelacion
2181093;21/04/2018;2:40:00 p. m.;Sábado;2018;Abril;BUSETA;PUBLICO;Pasajero;16;MASCULINO;HERIDOS;0;0;0;0;KILOMETRO 5+500;el escobero - km 0-13);VEREDA EL ESCOBERO;6.120243223082372, -75.5454681420481;OTRO;NO REPORTADO;NO REPORTADO;NO REPORTADO;Normal;Fallas en el sistema electrico
2181098;24/04/2018;3:20:00 p. m.;Martes;2018;Abril;MOTOCICLETA;DIPLOMATICO;Peaton;20;FEMENINO;HERIDOS;0;0;0;0;CALLE 38 SUR # 41-72;;ZONA CENTRO;6.169705334015277, -75.5870536088009;ATROPELLO;NO REPORTADO;NO REPORTADO;RESIDENCIAL;Normal;Cruzar sin observar  -  Exceso de velocidad
2181100;25/04/2018;10:28:00 a. m.;Miércoles;2018;Abril;CAMIONETA;PUBLICO;Peaton;27;MASCULINO;HERIDOS;0;0;0;0;CALLE 36 D SUR CARRERA 27 D;;LA PRADERA;6.164872384031051, -75.57446792541589;ATROPELLO;NO REPORTADO;NO REPORTADO;RESIDENCIAL;Normal;Poner en marcha un vehiculo sin precauci
2181101;24/04/2018;7:30:00 a. m.;Martes;2018;Abril;MICROBUS;PUBLICO;Peaton;42;MASCULINO;HERIDOS;0;0;0;0;CARRERA 48 CON CALLE 50 SUR;;LAS VEGAS;6.162072458716961, -75.60353659646475;ATROPELLO;NO REPORTADO;NO REPORTADO;RESIDENCIAL;Normal;Cruzar sin observar
2181106;26/04/2018;6:00:00 a. m.;Jueves;2018;Abril;MOTOCICLETA;PARTICULAR;Motociclista;27;FEMENINO;HERIDOS;0;0;0;0;CARRERA 43 A CALLE 25 SUR 41;;BOSQUES DE ZUÑIGA;6.182027730131995, -75.58137270989849;CAIDA OCUPANTE;NO REPORTADO;NO REPORTADO;RESIDENCIAL;Normal;Impericia en el manejo  -  Obstaculos en la via
2181106;26/04/2018;6:00:00 a. m.;Jueves;2018;Abril;MOTOCICLETA;PARTICULAR;Acompañante;20;FEMENINO;HERIDOS;0;0;0;0;CARRERA 43 A CALLE 25 SUR 41;;BOSQUES DE ZUÑIGA;6.182027730131995, -75.58137270989849;CAIDA OCUPANTE;NO REPORTADO;NO REPORTADO;RESIDENCIAL;Normal;Impericia en el manejo  -  Obstaculos en la via
2181107;26/04/2018;2:50:00 p. m.;Jueves;2018;Abril;MOTOCICLETA;PARTICULAR;Acompañante;21;MASCULINO;HERIDOS;0;0;0;0;CARRERA 50 CON CALLE 37 SUR;;LAS VEGAS;6.175135, -75.595369;CHOQUE;VEHICULO;NO REPORTADO;RESIDENCIAL;Normal;No mantener distancia de seguridad
2181107;26/04/2018;2:50:00 p. m.;Jueves;2018;Abril;MOTOCICLETA;PARTICULAR;Motociclista;22;MASCULINO;HERIDOS;0;0;0;0;CARRERA 50 CON CALLE 37 SUR;;LAS VEGAS;6.175135, -75.595369;CHOQUE;VEHICULO;NO REPORTADO;RESIDENCIAL;Normal;No mantener distancia de seguridad
2181108;25/04/2018;8:15:00 p. m.;Miércoles;2018;Abril;MOTOCICLETA;PARTICULAR;Motociclista;29;MASCULINO;HERIDOS;0;0;0;0;CALLE 39 SUR # 47-22;;ALCALA;6.171291832790846, -75.59322468726016;CAIDA OCUPANTE;NO REPORTADO;NO REPORTADO;RESIDENCIAL;Normal;Impericia en el manejo  -  No respetar pelacion de interseccion o giros
2181109;26/04/2018;2:35:00 p. m.;Jueves;2018;Abril;MOTOCICLETA;PARTICULAR;Motociclista;19;MASCULINO;HERIDOS;0;0;0;0;CARRERA 43 A CALLE 25 SUR;;BOSQUES DE ZUÑIGA;6.181726856423344, -75.58135053615936;CHOQUE;VEHICULO;NO REPORTADO;RESIDENCIAL;Normal;Semaforo en rojo
2181110;26/04/2018;8:30:00 a. m.;Jueves;2018;Abril;MOTOCICLETA;PARTICULAR;Motociclista;26;FEMENINO;HERIDOS;0;0;0;0;DIAGONAL 31 E  TRANSVERSAL  34 D SUR;;LOS NARANJOS;6.172154760126899, -75.5793561934386;CAIDA OCUPANTE;NO REPORTADO;NO REPORTADO;RESIDENCIAL;Lluvia;Impericia en el manejo
2181110;26/04/2018;8:30:00 a. m.;Jueves;2018;Abril;MOTOCICLETA;PARTICULAR;Acompañante;26;FEMENINO;HERIDOS;0;0;0;0;DIAGONAL 31 E  TRANSVERSAL  34 D SUR;;LOS NARANJOS;6.172154760126899, -75.5793561934386;CAIDA OCUPANTE;NO REPORTADO;NO REPORTADO;RESIDENCIAL;Lluvia;Impericia en el manejo
2181113;25/04/2018;8:40:00 a. m.;Miércoles;2018;Abril;MOTOCICLETA;PARTICULAR;Acompañante;41;MASCULINO;HERIDOS;0;0;0;0;CARRERA 50 CALLE 30 SUR;;LAS VEGAS;6.181402979317868, -75.58979069129407;CHOQUE;VEHICULO;NO REPORTADO;RESIDENCIAL;Normal;Impericia en el manejo  -  Transitar entre vehiculos
2181113;25/04/2018;8:40:00 a. m.;Miércoles;2018;Abril;MOTOCICLETA;PARTICULAR;Motociclista;26;MASCULINO;HERIDOS;0;0;0;0;CARRERA 50 CALLE 30 SUR;;LAS VEGAS;6.181402979317868, -75.58979069129407;CHOQUE;VEHICULO;NO REPORTADO;RESIDENCIAL;Normal;Impericia en el manejo  -  Transitar entre vehiculos