NRO_RADICADO;FECHA_ACCIDENTE;HORA_ACCIDENTE;Día de la semana;AÑO;MES;CLASE_VEHICULO;TIPO_SERVICIO;TIPO_VICTIMA;EDAD;GENERO;GRAVEDAD;ESTADO_BEODEZ;ESTADO_DROGA;RESULTADO_BEODEZ;RESUL_BEODEZ_GRAMOS;DIRECCION_CARACT_VIA;TRAMO_VIA;LOCALIDAD_O_COMUNA;    GEORREFERENCIACIÓN;DESC_CLASE_ACCIDENTE;DESC_CHOQUE_ACCIDENTE;DESC_OBJETO_FIJO;DESC_SECTOR_ACCIDENTE;CONDICION_CLIMATICA;CAUSA_ACCIDENTE
2181117;27/04/2018;3:45:00 p. m.;Viernes;2018;Abril;MOTOCICLETA;PARTICULAR;Motociclista;17;MASCULINO;HERIDOS;0;0;0;0;CALLE 46 E SUR # 42 A;;LA PAZ;6.160303717992575, -75.5949164926786;CHOQUE;VEHICULO;NO REPORTADO;RESIDENCIAL;Normal;Desobedecer señales  -  Exceso de velocidad
2181118;28/04/2018;1:00:00 p. m.;Sábado;2018;Abril;MOTOCICLETA;PARTICULAR;Motociclista;30;FEMENINO;HERIDOS;0;0;0;0;KILOMETRO 14+330;retiro varia palmas enviga (km 5+43 - km 14+ 550);VEREDA PALMAS;6.154933152437427, -75.53119095072377;CHOQUE;VEHICULO;NO REPORTADO;NO REPORTADO;Normal;No mantener distancia de seguridad
2181119;29/04/2018;10:10:00 p. m.;Domingo;2018;Abril;MOTOCICLETA;PARTICULAR;Motociclista;24;MASCULINO;HERIDOS;0;0;0;0;CALLE 37 SUR CARRERA 41;;ZONA CENTRO;6.1700760277315165, -75.58644997663869;CHOQUE;VEHICULO;NO REPORTADO;RESIDENCIAL;Normal;Semaforo en rojo
2181120;27/04/2018;6:35:00 p. m.;Viernes;2018;Abril;MOTOCICLETA;PARTICULAR;Motociclista;44;FEMENINO;HERIDOS;0;0;0;0;CARRERA 48 # 25 AA SUR 70;;LAS VEGAS;6.1829796044476355, -75.58529541638394;CHOQUE;VEHICULO;NO REPORTADO;RESIDENCIAL;Normal;No mantener distancia de seguridad
2181121;27/04/2018;4:30:00 p. m.;Viernes;2018;Abril;MOTOCICLETA;PARTICULAR;Motociclista;35;MASCULINO;HERIDOS;0;0;0;0;KILOMETRO 15;medell??n palmas envigado (km 12 - km 16+700);VEREDA PALMAS;6.152128363410714, -75.5458364089835;OTRO;NO REPORTADO;NO REPORTADO;NO REPORTADO;Normal;Impericia en el manejo
2181145;29/04/2018;10:10:00 p. m.;Domingo;2018;Abril;MOTOCICLETA;PARTICULAR;Motociclista;31;MASCULINO;HERIDOS;0;0;0;0;CALLE 45 A SUR # 39B 02;;LAS ANTILLAS;6.1604601307851565, -75.58984930508042;OTRO;NO REPORTADO;NO REPORTADO;RESIDENCIAL;Normal;Ausencia parcial o total de se?ales  -  Impericia en el manejo
2181146;29/04/2018;9:30:00 a. m.;Domingo;2018;Abril;MOTOCICLETA;DIPLOMATICO;Acompañante;34;MASCULINO;HERIDOS;0;0;0;0;CALLE 50 SUR # 44-15;;LAS CASITAS;6.161497031018069, -75.60329567809536;CAIDA OCUPANTE;NO REPORTADO;NO REPORTADO;RESIDENCIAL;Normal;Impericia en el manejo
2181150;30/04/2018;5:45:00 p. m.;Lunes;2018;Abril;MOTOCICLETA;PARTICULAR;Acompañante;60;FEMENINO;HERIDOS;0;0;0;0;CARRERA 42 B CALLE 45 B SUR ;;LA PAZ;6.16302522197011, -75.59374498173293;CHOQUE;VEHICULO;NO REPORTADO;RESIDENCIAL;Normal;No respetar prelacion
2181156;30/04/2018;2:00:00 p. m.;Lunes;2018;Abril;CAMION;OFICIAL;Acompañante;23;MASCULINO;HERIDOS;0;0;0;0;CALLE 39 SUR CARRERA 30;;MESA;6.169040327976667, -75.58891892042364;OTRO;NO REPORTADO;NO REPORTADO;RESIDENCIAL;Normal;Falta de mantenimiento mecanico
2181161;30/04/2018;12:20:00 p. m.;Lunes;2018;Abril;MOTOCICLETA;PARTICULAR;Peaton;83;FEMENINO;HERIDOS;0;0;0;0;CARRERA 43 A CALLE 48 C SUR;;PRIMAVERA;6.162356131235922, -75.59792732081704;ATROPELLO;NO REPORTADO;NO REPORTADO;RESIDENCIAL;Normal;Pasar semaforo en rojo
2181163;1/05/2018;4:00:00 p. m.;Martes;2018;Mayo;CAMPERO;PARTICULAR;Conductor;65;FEMENINO;HERIDOS;0;0;0;0;KILOMETRO 14+200;retiro varia palmas enviga (km 5+43 - km 14+ 550);VEREDA PALMAS;6.155822847697004, -75.53179679611827;VOLCAMIENTO;NO REPORTADO;NO REPORTADO;NO REPORTADO;Normal;Exceso de velocidad  -  Impericia en el manejo
2181163;1/05/2018;4:00:00 p. m.;Martes;2018;Mayo;CAMPERO;PARTICULAR;Acompañante;61;FEMENINO;HERIDOS;0;0;0;0;KILOMETRO 14+200;retiro varia palmas enviga (km 5+43 - km 14+ 550);VEREDA PALMAS;6.155822847697004, -75.53179679611827;VOLCAMIENTO;NO REPORTADO;NO REPORTADO;NO REPORTADO;Normal;Exceso de velocidad  -  Impericia en el manejo
2181163;1/05/2018;4:00:00 p. m.;Martes;2018;Mayo;CAMPERO;PARTICULAR;Acompañante;31;MASCULINO;HERIDOS;0;0;0;0;KILOMETRO 14+200;retiro varia palmas enviga (km 5+43 - km 14+ 550);VEREDA PALMAS;6.155822847697004, -75.53179679611827;VOLCAMIENTO;NO REPORTADO;NO REPORTADO;NO REPORTADO;Normal;Exceso de velocidad  -  Impericia en el manejo
2181165;2/05/2018;6:35:00 a. m.;Miércoles;2018;Mayo;MOTOCICLETA;PARTICULAR;Motociclista;25;MASCULINO;HERIDOS;0;0;0;0;TRANSVERSAL 34 SUR DIAGONAL 32 D;;BUCAREST;6.172887163555433, -75.58320821414002;CHOQUE;VEHICULO;NO REPORTADO;RESIDENCIAL;Normal;Desobedecer señales
2181173;1/05/2018;8:02:00 a. m.;Martes;2018;Mayo;MOTOCICLETA;PARTICULAR;Motociclista;27;MASCULINO;HERIDOS;0;0;0;0;CARRERA 50 CALLE 30 SUR;;LAS VEGAS;6.181402979317868, -75.58979069129407;OTRO;NO REPORTADO;NO REPORTADO;RESIDENCIAL;Normal;Impericia en el manejo
2181181;3/05/2018;9:55:00 p. m.;Jueves;2018;Mayo;MOTOCICLETA;PARTICULAR;Motociclista;27;MASCULINO;HERIDOS;0;0;0;;CARRERA 50 CALLE 43 SUR;;LAS VEGAS;6.171018, -75.600755;CHOQUE;VEHICULO;NO REPORTADO;RESIDENCIAL;Lluvia;No mantener distancia de seguridad
2181184;2/05/2018;12:20:00 p. m.;Miércoles;2018;Mayo;AUTOMOVIL;PARTICULAR;Conductor;28;FEMENINO;HERIDOS;0;0;0;0;CARRERA 50 CALLE 46 A;;LAS VEGAS;6.168548, -75.602176;CHOQUE;VEHICULO;NO REPORTADO;RESIDENCIAL;Normal;No mantener distancia de seguridad
2181185;3/05/2018;5:40:00 a. m.;Jueves;2018;Mayo;MOTOCICLETA;PARTICULAR;Acompañante;24;FEMENINO;HERIDOS;0;0;0;0;CALLE 38 SUR # 38-05;;MESA;6.168192328909008, -75.58490323430998;CHOQUE;VEHICULO;NO REPORTADO;RESIDENCIAL;Normal;Adelantar por la derecha
2181186;3/05/2018;2:50:00 p. m.;Jueves;2018;Mayo;MOTOCICLETA;DIPLOMATICO;Motociclista;29;FEMENINO;HERIDOS;0;0;0;0;CALLE 37 SUR CARRERA 42;;ZONA CENTRO;6.170879993959201, -75.58723168828223;CHOQUE;VEHICULO;NO REPORTADO;RESIDENCIAL;Normal;Semaforo en rojo
2181187;4/05/2018;10:15:00 p. m.;Viernes;2018;Mayo;MOTOCICLETA;PARTICULAR;Motociclista;28;MASCULINO;HERIDOS;0;0;0;0;TRANSVERSAL 34D DIAGONAL 31C;;LA SEBASTIANA;6.172007472182673, -75.58006372308316;CHOQUE;VEHICULO;NO REPORTADO;RESIDENCIAL;Normal;Adelantar en zona prohibida
2181200;2/05/2018;12:05:00 p. m.;Miércoles;2018;Mayo;MOTOCICLETA;PARTICULAR;Motociclista;21;MASCULINO;HERIDOS;0;0;0;0;CALLE 23 SUR # 28-80;;ZUÑIGA;6.178582143059957, -75.57141522468525;CHOQUE;VEHICULO;NO REPORTADO;RESIDENCIAL;Normal;No respetar prelacion
2181202;5/05/2018;10:00:00 p. m.;Sábado;2018;Mayo;MOTOCICLETA;PARTICULAR;Motociclista;33;MASCULINO;HERIDOS;0;0;0;0;KILOMETRO 6+400;medell??n palmas envigado (km 12 - km 16+700);VEREDA PERICO;6.167767733478876, -75.48506612454325;CHOQUE;VEHICULO;NO REPORTADO;NO REPORTADO;Normal;Adelantar cerrando
2181205;6/05/2018;1:00:00 p. m.;Domingo;2018;Mayo;MOTOCICLETA;PARTICULAR;Motociclista;36;MASCULINO;HERIDOS;0;0;0;0;CARRERA 48 CON CALLE 30 SUR;;LAS VEGAS;6.179496718217783, -75.58819458527805;CHOQUE;VEHICULO;NO REPORTADO;RESIDENCIAL;Lluvia;Semaforo en rojo
2181205;6/05/2018;1:00:00 p. m.;Domingo;2018;Mayo;MOTOCICLETA;PARTICULAR;Acompañante;8;MASCULINO;HERIDOS;0;0;0;0;CARRERA 48 CON CALLE 30 SUR;;LAS VEGAS;6.179496718217783, -75.58819458527805;CHOQUE;VEHICULO;NO REPORTADO;RESIDENCIAL;Lluvia;Semaforo en rojo
2181207;4/05/2018;6:40:00 p. m.;Viernes;2018;Mayo;MOTOCICLETA;PARTICULAR;Motociclista;25;MASCULINO;HERIDOS;0;0;0;0;CALLE 39 SUR CARRERA 45;;ALCALA;6.169701761037652, -75.59108802081688;CHOQUE;VEHICULO;NO REPORTADO;RESIDENCIAL;Normal;Desobedecer señales
2181208;3/05/2018;5:35:00 p. m.;Jueves;2018;Mayo;BUS;PUBLICO;Conductor;23;MASCULINO;HERIDOS;0;0;0;0;CALLE 36 SUR CARRERA 27 B;;LA INMACULADA;6.167483109313242, -75.57260530238166;CHOQUE;VEHICULO;NO REPORTADO;RESIDENCIAL;Normal;Estacionar sin seguridad
2181209;4/05/2018;2:40:00 p. m.;Viernes;2018;Mayo;MOTOCICLETA;PARTICULAR;Acompañante;46;FEMENINO;HERIDOS;0;0;0;0;CARRERA 43 A CALLE 29 SUR;;VILLA GRANDE;6.177868193770459, -75.58469594904993;CAIDA OCUPANTE;NO REPORTADO;NO REPORTADO;RESIDENCIAL;Lluvia;No mantener distancia de seguridad
2181209;4/05/2018;2:40:00 p. m.;Viernes;2018;Mayo;MOTOCICLETA;PARTICULAR;Motociclista;46;MASCULINO;HERIDOS;0;0;0;0;CARRERA 43 A CALLE 29 SUR;;VILLA GRANDE;6.177868193770459, -75.58469594904993;CAIDA OCUPANTE;NO REPORTADO;NO REPORTADO;RESIDENCIAL;Lluvia;No mantener distancia de seguridad
2181210;4/05/2018;9:00:00 a. m.;Viernes;2018;Mayo;MOTOCICLETA;PARTICULAR;Motociclista;64;MASCULINO;HERIDOS;0;0;0;0;CARRERA 50 CON CALLE 37 SUR;;LAS VEGAS;6.175135, -75.595369;CHOQUE;VEHICULO;NO REPORTADO;RESIDENCIAL;Normal;No mantener distancia de seguridad
2181212;7/05/2018;8:00:00 a. m.;Lunes;2018;Mayo;MOTOCICLETA;PARTICULAR;Motociclista;30;MASCULINO;HERIDOS;0;0;0;0;CARRERA 50 # 46 A SUR 04;;LAS VEGAS;6.167889, -75.602347;CHOQUE;VEHICULO;NO REPORTADO;RESIDENCIAL;Normal;No mantener distancia de seguridad
2181215;6/05/2018;2:40:00 p. m.;Domingo;2018;Mayo;MOTOCICLETA;PARTICULAR;Motociclista;16;MASCULINO;HERIDOS;0;0;0;0;KILOMETRO 7+150;medell??n palmas envigado (km 12 - km 16+700);VEREDA PERICO;6.171540752079794, -75.49029011719227;CHOQUE;VEHICULO;NO REPORTADO;NO REPORTADO;Normal;No respetar prelacion
2181215;6/05/2018;2:40:00 p. m.;Domingo;2018;Mayo;MOTOCICLETA;PARTICULAR;Acompañante;15;MASCULINO;HERIDOS;0;0;0;0;KILOMETRO 7+150;medell??n palmas envigado (km 12 - km 16+700);VEREDA PERICO;6.171540752079794, -75.49029011719227;CHOQUE;VEHICULO;NO REPORTADO;NO REPORTADO;Normal;No respetar prelacion
2181228;7/05/2018;1:00:00 p. m.;Lunes;2018;Mayo;MOTOCICLETA;PARTICULAR;Motociclista;18;MASCULINO;HERIDOS;0;0;0;0;CALLE 39B SUR CARRERA 32;;SAN JOSE;6.164149664026033, -75.5831030091734;CHOQUE;VEHICULO;NO REPORTADO;RESIDENCIAL;Normal;Adelantar en zona prohibida
2181241;7/05/2018;6:20:00 p. m.;Lunes;2018;Mayo;AUTOMOVIL;PARTICULAR;Peaton;70;MASCULINO;HERIDOS;0;0;0;0;CARRERA 39 A CALLE 40 B SUR;;EL DORADO;6.165464095505251, -75.5872927492595;ATROPELLO;NO REPORTADO;NO REPORTADO;RESIDENCIAL;Lluvia;Cruzar sin observar  -  Impericia en el manejo
2181247;8/05/2018;11:00:00 a. m.;Martes;2018;Mayo;MOTOCICLETA;DIPLOMATICO;Peaton;66;MASCULINO;HERIDOS;0;0;0;0;CALLE 38 SUR # 43-85;;ZONA CENTRO;6.170595394071166, -75.58859827809529;ATROPELLO;NO REPORTADO;NO REPORTADO;RESIDENCIAL;Normal;Cruzar sin observar
2181251;8/05/2018;8:05:00 a. m.;Martes;2018;Mayo;MOTOCICLETA;PARTICULAR;Motociclista;25;FEMENINO;HERIDOS;0;0;0;0;DIAGONAL 31 C TRANSVERSAL 32 B SUR;;LA MAGNOLIA;6.175829657866102, -75.5810369227481;CHOQUE;VEHICULO;NO REPORTADO;RESIDENCIAL;Normal;No mantener distancia de seguridad
2181253;8/05/2018;11:40:00 a. m.;Martes;2018;Mayo;MOTOCICLETA;PARTICULAR;Motociclista;51;MASCULINO;HERIDOS;0;0;0;0;CARRERA 27 CALLE 36 A SUR ;;LA INMACULADA;6.167245861738157, -75.56931943246052;CHOQUE;VEHICULO;NO REPORTADO;RESIDENCIAL;Normal;Desobedecer señales
2181272;12/05/2018;9:50:00 p. m.;Sábado;2018;Mayo;MOTOCICLETA;PARTICULAR;Peaton;76;MASCULINO;HERIDOS;0;0;0;;CARRERA 41 CALLE 37 SUR;;ZONA CENTRO;6.169814394273224, -75.58654542227447;ATROPELLO;NO REPORTADO;NO REPORTADO;RESIDENCIAL;Normal;Semaforo en rojo
2181272;12/05/2018;9:50:00 p. m.;Sábado;2018;Mayo;MOTOCICLETA;PARTICULAR;Peaton;74;FEMENINO;HERIDOS;0;0;0;;CARRERA 41 CALLE 37 SUR;;ZONA CENTRO;6.169814394273224, -75.58654542227447;ATROPELLO;NO REPORTADO;NO REPORTADO;RESIDENCIAL;Normal;Semaforo en rojo
2181277;12/05/2018;5:00:00 p. m.;Sábado;2018;Mayo;MOTOCICLETA;PARTICULAR;Motociclista;31;MASCULINO;HERIDOS;0;0;0;0;DIAGONAL 31 # 36 A SUR 80;;LA PRADERA;6.166843636130791, -75.58047762981157;CHOQUE;VEHICULO;NO REPORTADO;RESIDENCIAL;Normal;Exceso de velocidad  -  Impericia en el manejo
2181277;12/05/2018;5:00:00 p. m.;Sábado;2018;Mayo;MOTOCICLETA;PARTICULAR;Motociclista;27;MASCULINO;HERIDOS;0;0;0;0;DIAGONAL 31 # 36 A SUR 80;;LA PRADERA;6.166843636130791, -75.58047762981157;CHOQUE;VEHICULO;NO REPORTADO;RESIDENCIAL;Normal;Exceso de velocidad  -  Impericia en el manejo
2181284;12/05/2018;8:30:00 p. m.;Sábado;2018;Mayo;MOTOCICLETA;PARTICULAR;Acompañante;47;FEMENINO;HERIDOS;0;0;0;0;TRANSVERSAL 32 A SUR # 29-48;;LAS ORQUIDEAS;6.175237557954963, -75.57820560032707;CAIDA OCUPANTE;NO REPORTADO;NO REPORTADO;RESIDENCIAL;Lluvia;Impericia en el manejo
2181286;11/05/2018;11:40:00 p. m.;Viernes;2018;Mayo;MOTOCICLETA;PARTICULAR;Motociclista;23;MASCULINO;HERIDOS;0;0;0;0;CALLE 32 B SUR  CARRERA 48;;LAS VEGAS;6.177243524690812, -75.58982717478912;CHOQUE;VEHICULO;NO REPORTADO;RESIDENCIAL;Normal;No respetar pelacion de interseccion o giros  -  No respetar prelacion
2181287;14/05/2018;7:40:00 a. m.;Lunes;2018;Mayo;MOTOCICLETA;PARTICULAR;Acompañante;33;FEMENINO;HERIDOS;0;0;0;0;KILOMETRO 3+900;el escobero - km 0-13);VEREDA EL ESCOBERO;6.129991316973004, -75.55123640384956;CAIDA OCUPANTE;NO REPORTADO;NO REPORTADO;NO REPORTADO;Lluvia;Embriaguez o droga  -  Impericia en el manejo
2181287;14/05/2018;7:40:00 a. m.;Lunes;2018;Mayo;MOTOCICLETA;PARTICULAR;Motociclista;28;MASCULINO;HERIDOS;0;0;0;0;KILOMETRO 3+900;el escobero - km 0-13);VEREDA EL ESCOBERO;6.129991316973004, -75.55123640384956;CAIDA OCUPANTE;NO REPORTADO;NO REPORTADO;NO REPORTADO;Lluvia;Embriaguez o droga  -  Impericia en el manejo
2181288;11/05/2018;6:30:00 p. m.;Viernes;2018;Mayo;MOTOCICLETA;PARTICULAR;Motociclista;30;MASCULINO;HERIDOS;0;0;0;0;CARRERA 50 CALLE 36 SUR;;LAS VEGAS;6.176858, -75.593221;CHOQUE;VEHICULO;NO REPORTADO;RESIDENCIAL;Normal;No mantener distancia de seguridad
2181289;12/05/2018;2:20:00 p. m.;Sábado;2018;Mayo;MOTOCICLETA;PARTICULAR;Motociclista;28;FEMENINO;HERIDOS;0;0;0;0;DIAGONAL 31 C TRANSVERSAL 35 SUR;;LA SEBASTIANA;6.170193227448003, -75.58043610508025;CAIDA OCUPANTE;NO REPORTADO;NO REPORTADO;RESIDENCIAL;Normal;Impericia en el manejo
2181289;12/05/2018;2:20:00 p. m.;Sábado;2018;Mayo;MOTOCICLETA;PARTICULAR;Acompañante;36;FEMENINO;HERIDOS;0;0;0;0;DIAGONAL 31 C TRANSVERSAL 35 SUR;;LA SEBASTIANA;6.170193227448003, -75.58043610508025;CAIDA OCUPANTE;NO REPORTADO;NO REPORTADO;RESIDENCIAL;Normal;Impericia en el manejo
2181290;12/05/2018;5:00:00 p. m.;Sábado;2018;Mayo;AUTOMOVIL;PARTICULAR;Acompañante;20;FEMENINO;HERIDOS;0;0;0;0;CARRERA 27 # 36 SUR 159 SOTANO 4;;VEREDA EL ESCOBERO;6.167154094509066, -75.56918891452824;OTRO;NO REPORTADO;NO REPORTADO;RESIDENCIAL;Normal;Impericia en el manejo
2181291;14/05/2018;1:45:00 p. m.;Lunes;2018;Mayo;BICICLETA;PARTICULAR;Ciclista;22;MASCULINO;HERIDOS;0;0;0;0;CALLE 39 SUR CARRERA 27 D;;SAN JOSE;6.160767630705549, -75.57923990547438;CHOQUE;VEHICULO;NO REPORTADO;RESIDENCIAL;Lluvia;Exceso de velocidad  -  No mantener distancia de seguridad
2181302;15/05/2018;4:00:00 p. m.;Martes;2018;Mayo;AUTOMOVIL;PUBLICO;Pasajero;75;FEMENINO;HERIDOS;0;0;0;0;CARRERA 27 A CALLE 36 A SUR;;LA INMACULADA;6.167309862193229, -75.56923360177538;CHOQUE;VEHICULO;NO REPORTADO;RESIDENCIAL;Lluvia;Exceso de velocidad  -  Falta de precaucion niebla, lluvia, humo
2181302;15/05/2018;4:00:00 p. m.;Martes;2018;Mayo;AUTOMOVIL;PUBLICO;Conductor;31;MASCULINO;HERIDOS;0;0;0;0;CARRERA 27 A CALLE 36 A SUR;;LA INMACULADA;6.167309862193229, -75.56923360177538;CHOQUE;VEHICULO;NO REPORTADO;RESIDENCIAL;Lluvia;Exceso de velocidad  -  Falta de precaucion niebla, lluvia, humo
2181303;16/05/2018;3:00:00 p. m.;Miércoles;2018;Mayo;MOTOCICLETA;DIPLOMATICO;Motociclista;33;MASCULINO;HERIDOS;0;0;0;0;CALLE 38 SUR # 40 A 14;;ZONA CENTRO;6.169384361625395, -75.58606763431;CHOQUE;VEHICULO;NO REPORTADO;RESIDENCIAL;Normal;Adelantar invadiendo carril del mismo sentido en zigzag
2181304;16/05/2018;9:45:00 p. m.;Miércoles;2018;Mayo;MOTOCICLETA;PARTICULAR;Motociclista;24;MASCULINO;HERIDOS;0;0;0;0;CARRERA 43 A CALLE 25 SUR;;BOSQUES DE ZUÑIGA;6.181726856423344, -75.58135053615936;CHOQUE;VEHICULO;NO REPORTADO;RESIDENCIAL;Lluvia;Semaforo en rojo
2181305;11/05/2018;5:40:00 a. m.;Viernes;2018;Mayo;MICROBUS;PUBLICO;Pasajero;70;FEMENINO;HERIDOS;0;0;0;0;CALLE 40 DD SUR CARRERA 41;;EL DORADO;6.166132130087087, -75.58927017624453;CAIDA OCUPANTE;NO REPORTADO;NO REPORTADO;RESIDENCIAL;Lluvia;Poner en marcha un vehiculo sin precauci  -  Transitar con las puertas abiertas
2181306;15/05/2018;6:08:00 p. m.;Martes;2018;Mayo;MOTOCICLETA;PARTICULAR;Motociclista;40;MASCULINO;HERIDOS;0;0;0;0;CALLE 26 B SUR # 42 B 52;;LAS ORQUIDEAS;6.179953262562763, -75.58104158476;CHOQUE;VEHICULO;NO REPORTADO;RESIDENCIAL;Lluvia;Adelantar en zona prohibida
2181314;16/05/2018;12:00:00 p. m.;Miércoles;2018;Mayo;MOTOCICLETA;PARTICULAR;Motociclista;50;MASCULINO;HERIDOS;0;0;0;0;CALLE 41 AA SUR CARRERA 29;;SAN RAFAEL;6.158472633808927, -75.58498927663892;CHOQUE;VEHICULO;NO REPORTADO;RESIDENCIAL;Normal;Desobedecer señales
2181315;16/05/2018;4:00:00 p. m.;Miércoles;2018;Mayo;MOTOCICLETA;PARTICULAR;Motociclista;35;MASCULINO;HERIDOS;0;0;0;0;CALLE 37 SUR CARRERA 46 A;;EL PORTAL;6.1731757264501725, -75.59120620362475;CHOQUE;OBJETO FIJO;OTRO TIPO;RESIDENCIAL;Normal;Impericia en el manejo
2181316;16/05/2018;2:05:00 p. m.;Miércoles;2018;Mayo;MOTOCICLETA;PARTICULAR;Motociclista;21;MASCULINO;HERIDOS;0;0;0;0;CALLE 39 SUR CARRERA 27 B;;SAN JOSE;6.168622772202832, -75.5880326838162;OTRO;NO REPORTADO;NO REPORTADO;RESIDENCIAL;Normal;Impericia en el manejo
2181317;17/05/2018;3:45:00 p. m.;Jueves;2018;Mayo;MOTOCICLETA;PARTICULAR;Motociclista;36;MASCULINO;HERIDOS;0;0;0;0;CARRERA 50 CALLE 26 SUR;;LAS VEGAS;6.184920, -75.587152;CHOQUE;VEHICULO;NO REPORTADO;RESIDENCIAL;Normal;No mantener distancia de seguridad
2181337;18/05/2018;5:30:00 p. m.;Viernes;2018;Mayo;MOTOCICLETA;PARTICULAR;Motociclista;30;MASCULINO;HERIDOS;0;0;0;0;CALLE 37 SUR CON CARRERA 49;;LAS VEGAS;6.1746556253297795, -75.59367884780293;CHOQUE;VEHICULO;NO REPORTADO;RESIDENCIAL;Normal;No mantener distancia de seguridad
2181339;17/05/2018;7:30:00 p. m.;Jueves;2018;Mayo;AUTOMOVIL;PARTICULAR;Peaton;20;MASCULINO;HERIDOS;0;0;0;;CARRERA 48 CON CALLE 19 SUR 29;;BOSQUES DE ZUÑIGA;6.187411178275014, -75.58159395080745;ATROPELLO;NO REPORTADO;NO REPORTADO;RESIDENCIAL;Normal;Arrancar sin precaucion  -  Exceso de velocidad
2181341;17/05/2018;2:50:00 p. m.;Jueves;2018;Mayo;MOTOCICLETA;PARTICULAR;Peaton;66;MASCULINO;HERIDOS;0;0;0;0;DIAGONAL 31 CON TRANSVERSAL 36 SUR ;;LA SEBASTIANA;6.168210117918848, -75.58030745531283;ATROPELLO;NO REPORTADO;NO REPORTADO;RESIDENCIAL;Normal;Cruzar sin observar  -  Exceso de velocidad
2181342;19/05/2018;4:20:00 p. m.;Sábado;2018;Mayo;MOTOCICLETA;PARTICULAR;Acompañante;15;FEMENINO;HERIDOS;0;0;0;0;CALLE 39 SUR CON CARRERA 25B- 130;;EL CHINGUÍ;6.165152229544768, -75.58083635111039;CAIDA OCUPANTE;NO REPORTADO;NO REPORTADO;RESIDENCIAL;Normal;Impericia en el manejo
2181343;17/05/2018;3:15:00 p. m.;Jueves;2018;Mayo;MOTOCICLETA;PARTICULAR;Motociclista;19;MASCULINO;HERIDOS;0;0;0;0;CARRERA 50 CON CALLE 26 SUR;;LAS VEGAS;6.184920, -75.587152;CHOQUE;VEHICULO;NO REPORTADO;RESIDENCIAL;Normal;Transitar entre vehiculos
2181344;19/05/2018;6:10:00 a. m.;Sábado;2018;Mayo;MOTOCICLETA;PARTICULAR;Motociclista;56;MASCULINO;HERIDOS;0;0;0;0;CALLE 38 SUR CON CARRERA 29A;;SAN JOSE;6.1649563457984184, -75.58079523155277;CHOQUE;VEHICULO;NO REPORTADO;RESIDENCIAL;Normal;Semaforo en rojo
2181344;19/05/2018;6:10:00 a. m.;Sábado;2018;Mayo;MOTOCICLETA;PARTICULAR;Motociclista;21;MASCULINO;HERIDOS;0;0;0;0;CALLE 38 SUR CON CARRERA 29A;;SAN JOSE;6.1649563457984184, -75.58079523155277;CHOQUE;VEHICULO;NO REPORTADO;RESIDENCIAL;Normal;Semaforo en rojo
2181345;17/05/2018;6:30:00 a. m.;Jueves;2018;Mayo;MOTOCICLETA;PARTICULAR;Motociclista;45;FEMENINO;HERIDOS;0;0;0;0;CARRERA 50 CON CALLE 37 SUR;;LAS VEGAS;6.175135, -75.595369;CHOQUE;VEHICULO;NO REPORTADO;RESIDENCIAL;Normal;No mantener distancia de seguridad
2181358;21/05/2018;7:30:00 p. m.;Lunes;2018;Mayo;MOTOCICLETA;PARTICULAR;Motociclista;31;MASCULINO;HERIDOS;0;0;0;0;CALLE 38 SUR CON CARRERA 38;;MESA;6.16827606250608, -75.58449587109013;CHOQUE;VEHICULO;NO REPORTADO;RESIDENCIAL;Normal;Desobedecer señales  -  No respetar pelacion de interseccion o giros
2181362;21/05/2018;7:56:00 p. m.;Lunes;2018;Mayo;BICICLETA;PARTICULAR;Ciclista;14;MASCULINO;HERIDOS;0;0;0;0;CARRERA 32 B CON CALLE 40 F SUR;;EL DORADO;6.162069130787524, -75.58568138179699;CHOQUE;OBJETO FIJO;ARBOL;RESIDENCIAL;Normal;Impericia en el manejo
2181368;23/05/2018;7:25:00 a. m.;Miércoles;2018;Mayo;MOTOCICLETA;PARTICULAR;Acompañante;12;MASCULINO;HERIDOS;0;0;0;0;DIAGONAL 31 CON TRANSVERSAL 32 D SUR;;LAS FLORES;6.174700825691977, -75.5787398627519;CAIDA OCUPANTE;NO REPORTADO;NO REPORTADO;RESIDENCIAL;Lluvia;Impericia en el manejo
2181368;23/05/2018;7:25:00 a. m.;Miércoles;2018;Mayo;MOTOCICLETA;PARTICULAR;Motociclista;37;FEMENINO;HERIDOS;0;0;0;0;DIAGONAL 31 CON TRANSVERSAL 32 D SUR;;LAS FLORES;6.174700825691977, -75.5787398627519;CAIDA OCUPANTE;NO REPORTADO;NO REPORTADO;RESIDENCIAL;Lluvia;Impericia en el manejo
2181372;23/05/2018;12:00:00 p. m.;Miércoles;2018;Mayo;BICICLETA;PARTICULAR;Ciclista;30;MASCULINO;HERIDOS;0;0;0;0;KILOMETRO 7+400 VARIANTE PALMAS;retiro varia palmas enviga (km 5+43 - km 14+ 550);VEREDA PERICO;6.173395108827734, -75.491592538122;CHOQUE;VEHICULO;NO REPORTADO;NO REPORTADO;Normal;Adelantar en zona prohibida
2181374;24/05/2018;7:50:00 a. m.;Jueves;2018;Mayo;MOTOCICLETA;PARTICULAR;Motociclista;18;FEMENINO;HERIDOS;0;0;0;0;CARRERA 50 CON CALLE 36 SUR;;LAS VEGAS;6.176858, -75.593221;CHOQUE;VEHICULO;NO REPORTADO;RESIDENCIAL;Normal;Impericia en el manejo
2181375;24/05/2018;6:40:00 a. m.;Jueves;2018;Mayo;MOTOCICLETA;PARTICULAR;Motociclista;32;FEMENINO;HERIDOS;0;0;0;0;CALLE 39 B SUR  CON CARRERA 28-85;;SAN JOSE;6.1615844333290894, -75.58121795980689;CHOQUE;VEHICULO;NO REPORTADO;RESIDENCIAL;Normal;Girar bruscamente