NRO_RADICADO;FECHA_ACCIDENTE;HORA_ACCIDENTE;Día de la semana;AÑO;MES;CLASE_VEHICULO;TIPO_SERVICIO;TIPO_VICTIMA;EDAD;GENERO;GRAVEDAD;ESTADO_BEODEZ;ESTADO_DROGA;RESULTADO_BEODEZ;RESUL_BEODEZ_GRAMOS;DIRECCION_CARACT_VIA;TRAMO_VIA;LOCALIDAD_O_COMUNA;    GEORREFERENCIACIÓN;DESC_CLASE_ACCIDENTE;DESC_CHOQUE_ACCIDENTE;DESC_OBJETO_FIJO;DESC_SECTOR_ACCIDENTE;CONDICION_CLIMATICA;CAUSA_ACCIDENTE
2181376;24/05/2018;6:45:00 a. m.;Jueves;2018;Mayo;MOTOCICLETA;PARTICULAR;Motociclista;26;MASCULINO;HERIDOS;0;0;0;0;CARRERA 50 CON CALLE 19 SUR 70;;LAS VEGAS;6.188167, -75.583364;CHOQUE;VEHICULO;NO REPORTADO;RESIDENCIAL;Normal;No mantener distancia de seguridad
2181377;24/05/2018;6:15:00 a. m.;Jueves;2018;Mayo;MOTOCICLETA;PARTICULAR;Motociclista;20;MASCULINO;HERIDOS;0;0;0;0;CALLE 38 SUR CON CARRERA 34;;MESA;6.166908162903391, -75.58261577663872;CHOQUE;VEHICULO;NO REPORTADO;RESIDENCIAL;Normal;No mantener distancia de seguridad
2181378;24/05/2018;1:15:00 p. m.;Jueves;2018;Mayo;MOTOCICLETA;PARTICULAR;Acompañante;34;FEMENINO;HERIDOS;0;0;0;0;CALLE 45 A SUR CON CARRERA 42B;;LA PAZ;6.163638597436696, -75.59335983391621;CAIDA OCUPANTE;NO REPORTADO;NO REPORTADO;RESIDENCIAL;Normal;Impericia en el manejo
2181378;24/05/2018;1:15:00 p. m.;Jueves;2018;Mayo;MOTOCICLETA;PARTICULAR;Motociclista;60;MASCULINO;HERIDOS;0;0;0;0;CALLE 45 A SUR CON CARRERA 42B;;LA PAZ;6.163638597436696, -75.59335983391621;CAIDA OCUPANTE;NO REPORTADO;NO REPORTADO;RESIDENCIAL;Normal;Impericia en el manejo
2181379;26/05/2018;3:15:00 a. m.;Sábado;2018;Mayo;MOTOCICLETA;PARTICULAR;Motociclista;23;FEMENINO;HERIDOS;0;0;0;0;CARRERA 41 CON CALLE 40 B SUR;;EL DORADO;6.166532028703934, -75.5882272762445;CHOQUE;VEHICULO;NO REPORTADO;RESIDENCIAL;Normal;Desobedecer señales  -  Embriaguez o droga
2181379;26/05/2018;3:15:00 a. m.;Sábado;2018;Mayo;MOTOCICLETA;PARTICULAR;Motociclista;28;MASCULINO;HERIDOS;0;0;0;0;CARRERA 41 CON CALLE 40 B SUR;;EL DORADO;6.166532028703934, -75.5882272762445;CHOQUE;VEHICULO;NO REPORTADO;RESIDENCIAL;Normal;Desobedecer señales  -  Embriaguez o droga
2181410;27/05/2018;1:50:00 p. m.;Domingo;2018;Mayo;MOTOCICLETA;PARTICULAR;Motociclista;38;MASCULINO;HERIDOS;0;0;0;0;CARRERA 43 A CON CALLE 37 SUR 42;;ZONA CENTRO;6.170944294163437, -75.58696507119156;CHOQUE;VEHICULO;NO REPORTADO;RESIDENCIAL;Normal;Impericia en el manejo
2181410;27/05/2018;1:50:00 p. m.;Domingo;2018;Mayo;MOTOCICLETA;PARTICULAR;Acompañante;40;FEMENINO;HERIDOS;0;0;0;0;CARRERA 43 A CON CALLE 37 SUR 42;;ZONA CENTRO;6.170944294163437, -75.58696507119156;CHOQUE;VEHICULO;NO REPORTADO;RESIDENCIAL;Normal;Impericia en el manejo
2181413;27/05/2018;11:30:00 a. m.;Domingo;2018;Mayo;MOTOCICLETA;PARTICULAR;Acompañante;20;FEMENINO;HERIDOS;0;0;0;0;TRANSVERSAL 34 B SUR CON DIAGONAL 33;;OBRERO;6.172278792830158, -75.58367485158321;CHOQUE;VEHICULO;NO REPORTADO;RESIDENCIAL;Normal;Desobedecer señales
2181414;28/05/2018;6:30:00 a. m.;Lunes;2018;Mayo;MOTOCICLETA;PARTICULAR;Motociclista;32;MASCULINO;HERIDOS;0;0;0;0;KILOMETRO 12+300;medell??n palmas envigado (km 12 - km 16+700);VEREDA PALMAS;6.171478544307992, -75.5464655917857;CAIDA OCUPANTE;NO REPORTADO;NO REPORTADO;NO REPORTADO;Lluvia;Impericia en el manejo
2181414;28/05/2018;6:30:00 a. m.;Lunes;2018;Mayo;MOTOCICLETA;PARTICULAR;Acompañante;26;MASCULINO;HERIDOS;0;0;0;0;KILOMETRO 12+300;medell??n palmas envigado (km 12 - km 16+700);VEREDA PALMAS;6.171478544307992, -75.5464655917857;CAIDA OCUPANTE;NO REPORTADO;NO REPORTADO;NO REPORTADO;Lluvia;Impericia en el manejo
2181415;23/05/2018;7:10:00 a. m.;Miércoles;2018;Mayo;MOTOCICLETA;PARTICULAR;Motociclista;39;MASCULINO;HERIDOS;0;0;0;0;KILOMETRO 14+470;medell??n palmas envigado (km 12 - km 16+700);VEREDA PALMAS;6.154501672587118, -75.54490686613856;CHOQUE;VEHICULO;NO REPORTADO;NO REPORTADO;Normal;No mantener distancia de seguridad
2181416;28/05/2018;5:40:00 p. m.;Lunes;2018;Mayo;MOTOCICLETA;PARTICULAR;Motociclista;54;MASCULINO;HERIDOS;0;0;0;0;CARRERA 32 CON CALLE 37 SUR ;;LOS NARANJOS;6.1667360616331495, -75.58116747663874;CHOQUE;VEHICULO;NO REPORTADO;RESIDENCIAL;Normal;Desobedecer señales
2181417;28/05/2018;6:36:00 a. m.;Lunes;2018;Mayo;AUTOMOVIL;PARTICULAR;Peaton;11;FEMENINO;HERIDOS;0;0;0;0;CARRERA 28  CON CALLE 34 D SUR 65;;URIBE ANGEL;6.170998588165309, -75.57665251577316;ATROPELLO;NO REPORTADO;NO REPORTADO;RESIDENCIAL;Normal;Exceso de velocidad  -  Impericia en el manejo
2181420;29/05/2018;4:00:00 p. m.;Martes;2018;Mayo;AUTOMOVIL;PUBLICO;Conductor;53;MASCULINO;HERIDOS;0;0;0;0;CARRERA 48 CON CALLE 32 B SUR 30;;LAS VEGAS;6.176911567654952, -75.5902440409781;CHOQUE;VEHICULO;NO REPORTADO;RESIDENCIAL;Lluvia;No mantener distancia de seguridad
2181421;27/05/2018;10:00:00 a. m.;Domingo;2018;Mayo;MOTOCICLETA;PARTICULAR;Acompañante;26;MASCULINO;HERIDOS;0;0;0;0;KILOMETRO 7+900;retiro varia palmas enviga (km 5+43 - km 14+ 550);VEREDA PERICO;6.1743041471269775, -75.49552916464938;CHOQUE;VEHICULO;NO REPORTADO;NO REPORTADO;Normal;Adelantar cerrando
2181421;27/05/2018;10:00:00 a. m.;Domingo;2018;Mayo;MOTOCICLETA;PARTICULAR;Motociclista;37;MASCULINO;HERIDOS;0;0;0;0;KILOMETRO 7+900;retiro varia palmas enviga (km 5+43 - km 14+ 550);VEREDA PERICO;6.1743041471269775, -75.49552916464938;CHOQUE;VEHICULO;NO REPORTADO;NO REPORTADO;Normal;Adelantar cerrando
2181422;28/05/2018;10:00:00 p. m.;Lunes;2018;Mayo;MOTOCICLETA;PARTICULAR;Acompañante;20;FEMENINO;HERIDOS;0;0;0;0;CALLE 40 SUR CON CARRERA 47 A 38;;ALCALA;6.169956561100062, -75.59499664780307;CHOQUE;VEHICULO;NO REPORTADO;RESIDENCIAL;Normal;Transitar en contravia
2181431;29/05/2018;4:10:00 p. m.;Martes;2018;Mayo;MOTOCICLETA;PARTICULAR;Motociclista;21;MASCULINO;HERIDOS;0;0;0;0;CARRERA 43 A CON CALLE 30 SUR;;JARDINES;6.177142391967457, -75.58535120878186;CAIDA OCUPANTE;NO REPORTADO;NO REPORTADO;RESIDENCIAL;Normal;Huecos
2181436;30/05/2018;11:40:00 p. m.;Miércoles;2018;Mayo;AUTOMOVIL;PARTICULAR;Conductor;22;MASCULINO;MUERTOS;0;0;0;0;CARRERA 48 CON CALLE 25 SUR 79;;LAS VEGAS;6.184628, -75.584091;CHOQUE;OBJETO FIJO;ARBOL;RESIDENCIAL;Lluvia;Impericia en el manejo
2181437;28/05/2018;6:50:00 p. m.;Lunes;2018;Mayo;AUTOMOVIL;PUBLICO;Peaton;62;MASCULINO;HERIDOS;0;0;0;0;DIAGONAL 32B CON TRANSVERSAL 32 SUR;;LA MAGNOLIA;6.1758921567198986, -75.58348534792734;ATROPELLO;NO REPORTADO;NO REPORTADO;RESIDENCIAL;Normal;Impericia en el manejo
2181453;31/05/2018;1:50:00 p. m.;Jueves;2018;Mayo;BICICLETA;PARTICULAR;Ciclista;26;MASCULINO;HERIDOS;0;0;0;0;KILOMETRO 1 + 300;el escobero - km 0-13);VEREDA EL ESCOBERO;6.144589733622942, -75.56136923520566;CHOQUE;VEHICULO;NO REPORTADO;NO REPORTADO;Normal;Adelantar invadiendo carril de sentido contrario
2181454;30/05/2018;5:10:00 p. m.;Miércoles;2018;Mayo;MOTOCICLETA;PARTICULAR;Motociclista;27;MASCULINO;HERIDOS;0;0;0;0;CARRERA 48 CON CALLE 30 SUR;;LAS VEGAS;6.179496718217783, -75.58819458527805;CHOQUE;VEHICULO;NO REPORTADO;RESIDENCIAL;Normal;Semaforo en rojo
2181456;30/05/2018;11:50:00 a. m.;Miércoles;2018;Mayo;MOTOCICLETA;PARTICULAR;Motociclista;22;MASCULINO;HERIDOS;0;0;0;0;CALLE 46 A SUR CON CARRERA 49 - 50;;LAS VEGAS;6.167372530365636, -75.60069958828227;CHOQUE;VEHICULO;NO REPORTADO;RESIDENCIAL;Normal;Impericia en el manejo
2181461;31/05/2018;9:20:00 a. m.;Jueves;2018;Mayo;MOTOCICLETA;PARTICULAR;Motociclista;39;MASCULINO;HERIDOS;0;0;0;0;KILOMETRO 15+970;medell??n palmas envigado (km 12 - km 16+700);VEREDA PALMAS;6.153424783850328, -75.53900058219754;CHOQUE;OBJETO FIJO;MURO;NO REPORTADO;Normal;Impericia en el manejo
2181465;2/06/2018;9:50:00 a. m.;Sábado;2018;Junio;MOTOCICLETA;DIPLOMATICO;Motociclista;25;MASCULINO;HERIDOS;0;0;0;0;CARRERA 43 A CON CALLE 49 D SUR 02;;LAS CASITAS;6.161001966848268, -75.60017274381887;CHOQUE;VEHICULO;NO REPORTADO;RESIDENCIAL;Normal;No mantener distancia de seguridad
2181465;2/06/2018;9:50:00 a. m.;Sábado;2018;Junio;MOTOCICLETA;DIPLOMATICO;Acompañante;15;MASCULINO;HERIDOS;0;0;0;0;CARRERA 43 A CON CALLE 49 D SUR 02;;LAS CASITAS;6.161001966848268, -75.60017274381887;CHOQUE;VEHICULO;NO REPORTADO;RESIDENCIAL;Normal;No mantener distancia de seguridad
2181466;31/05/2018;8:30:00 p. m.;Jueves;2018;Mayo;MOTOCICLETA;PARTICULAR;Peaton;10;MASCULINO;HERIDOS;0;0;0;0;TRANSVERSAL 34 D SUR CON DIAGONAL 30-15;;URIBE ANGEL;6.171880475886764, -75.57856344445007;ATROPELLO;NO REPORTADO;NO REPORTADO;RESIDENCIAL;Normal;Impericia en el manejo
2181467;31/05/2018;12:15:00 p. m.;Jueves;2018;Mayo;CAMPERO;PARTICULAR;Peaton;71;MASCULINO;HERIDOS;0;0;0;0;CARRERA 25 CON CALLE 41 B SUR 50;;LAS ANTILLAS;6.154142233979887, -75.58617806275215;ATROPELLO;NO REPORTADO;NO REPORTADO;RESIDENCIAL;Normal;Reverso imprudente
2181470;31/05/2018;6:05:00 p. m.;Jueves;2018;Mayo;MOTOCICLETA;PARTICULAR;Motociclista;33;FEMENINO;HERIDOS;0;0;0;0;CARRERA 43 A CON CALLE 39 SUR;;ZONA CENTRO;6.169293428020095, -75.58947517488228;CHOQUE;VEHICULO;NO REPORTADO;RESIDENCIAL;Normal;Desobedecer señales
2181472;31/05/2018;12:08:00 p. m.;Jueves;2018;Mayo;MOTOCICLETA;PARTICULAR;Motociclista;84;MASCULINO;HERIDOS;0;0;0;0;CARRERA 50 CON CALLE 25 SUR;;LAS VEGAS;6.186957, -75.584471;CHOQUE;VEHICULO;NO REPORTADO;RESIDENCIAL;Normal;Impericia en el manejo
2181472;31/05/2018;12:08:00 p. m.;Jueves;2018;Mayo;MOTOCICLETA;PARTICULAR;Acompañante;17;FEMENINO;HERIDOS;0;0;0;0;CARRERA 50 CON CALLE 25 SUR;;LAS VEGAS;6.186957, -75.584471;CHOQUE;VEHICULO;NO REPORTADO;RESIDENCIAL;Normal;Impericia en el manejo
2181475;31/05/2018;5:30:00 p. m.;Jueves;2018;Mayo;MOTOCICLETA;PARTICULAR;Motociclista;26;MASCULINO;HERIDOS;0;0;0;0;CARRERA 48 CON CALLE 30 SUR;;LAS VEGAS;6.179496718217783, -75.58819458527805;CHOQUE;VEHICULO;NO REPORTADO;RESIDENCIAL;Normal;Semaforo en rojo
2181477;1/06/2018;7:25:00 p. m.;Viernes;2018;Junio;AUTOMOVIL;PUBLICO;Peaton;67;FEMENINO;HERIDOS;0;0;0;0;TRANSVERSAL 33 SUR CON DIAGONAL 32 D;;LA MAGNOLIA;6.174297092460625, -75.58372393576691;ATROPELLO;NO REPORTADO;NO REPORTADO;RESIDENCIAL;Normal;Arrancar sin precaucion
2181478;1/06/2018;9:30:00 a. m.;Viernes;2018;Junio;AUTOMOVIL;PARTICULAR;Peaton;57;MASCULINO;HERIDOS;0;0;0;0;TRANSVERSAL 34 DD SUR CON DIAGONAL 32 C 13;;LOS NARANJOS;6.170667425372131, -75.58187289228735;ATROPELLO;NO REPORTADO;NO REPORTADO;RESIDENCIAL;Normal;Cruzar sin observar
2181480;1/06/2018;6:05:00 p. m.;Viernes;2018;Junio;MOTOCICLETA;DIPLOMATICO;Peaton;54;FEMENINO;HERIDOS;0;0;0;0;CALLE 40 AA SUR CON CARRERA 30 A ;;SAN JOSE;6.163833930076249, -75.58456454925953;ATROPELLO;NO REPORTADO;NO REPORTADO;RESIDENCIAL;Lluvia;Impericia en el manejo
2181482;3/06/2018;2:15:00 a. m.;Domingo;2018;Junio;MOTOCICLETA;PARTICULAR;Motociclista;32;MASCULINO;HERIDOS;0;0;0;0;CARRERA 40 CON CALLE 38 SUR 36;;ZONA CENTRO;6.168795727637546, -75.58596122227442;CHOQUE;OBJETO FIJO;POSTE;RESIDENCIAL;Lluvia;Embriaguez aparente
2181484;3/06/2018;2:50:00 a. m.;Domingo;2018;Junio;MOTOCICLETA;PARTICULAR;Acompañante;25;FEMENINO;HERIDOS;0;0;0;0;KILOMETRO 14+500;medell??n palmas envigado (km 12 - km 16+700);VEREDA PALMAS;6.154345675114889, -75.54484928676698;CAIDA OCUPANTE;NO REPORTADO;NO REPORTADO;NO REPORTADO;Normal;Impericia en el manejo
2181488;4/06/2018;10:30:00 a. m.;Lunes;2018;Junio;AUTOMOVIL;PUBLICO;Peaton;23;MASCULINO;HERIDOS;0;0;0;0;CALLE 38 A SUR CON CARRERA 46;;ALCALA;6.171357780474387, -75.59157833212781;ATROPELLO;NO REPORTADO;NO REPORTADO;RESIDENCIAL;Normal;Impericia en el manejo
2181510;5/06/2018;4:30:00 p. m.;Martes;2018;Junio;BUSETA;PUBLICO;Pasajero;28;MASCULINO;MUERTOS;0;0;0;0;KILOMETRO 4;el escobero - km 0-13);VEREDA EL ESCOBERO;6.145159, -75.561862;CAIDA OCUPANTE;NO REPORTADO;NO REPORTADO;NO REPORTADO;Normal;Poner en marcha un vehiculo sin precauci
2181519;7/06/2018;8:00:00 a. m.;Jueves;2018;Junio;MOTOCICLETA;PARTICULAR;Motociclista;23;FEMENINO;HERIDOS;0;0;0;0;CARRERA 50 CON CALLE 50 SUR;;LAS VEGAS;6.162927, -75.604774;CHOQUE;VEHICULO;NO REPORTADO;RESIDENCIAL;Normal;No mantener distancia de seguridad
2181520;7/06/2018;10:50:00 a. m.;Jueves;2018;Junio;MOTOCICLETA;PARTICULAR;Motociclista;26;MASCULINO;HERIDOS;0;0;0;0;CARRERA 27 B CON CALLE 51 SUR  109;;LOMA DE LAS BRUJAS;6.168312964584468, -75.57427543927206;CHOQUE;VEHICULO;NO REPORTADO;RESIDENCIAL;Normal;Adelantar cerrando
2181521;6/06/2018;12:55:00 p. m.;Miércoles;2018;Junio;MOTOCICLETA;PARTICULAR;Motociclista;29;MASCULINO;HERIDOS;0;0;0;0;CARRERA 43 A CON CALLE  39 SUR 58;;EL DORADO;6.169314761397802, -75.58955027809532;OTRO;NO REPORTADO;NO REPORTADO;RESIDENCIAL;Normal;Huecos
2181522;5/06/2018;3:50:00 p. m.;Martes;2018;Junio;MOTOCICLETA;PARTICULAR;Motociclista;21;MASCULINO;HERIDOS;0;0;0;0;CARRERA 48 CON CALLE 25 SUR;;LAS VEGAS;6.185465548355144, -75.58320389909402;CHOQUE;VEHICULO;NO REPORTADO;RESIDENCIAL;Normal;Desobedecer señales
2181533;9/06/2018;10:00:00 a. m.;Sábado;2018;Junio;AUTOMOVIL;PARTICULAR;Peaton;19;FEMENINO;HERIDOS;0;0;0;;CALLE 40 B SUR CON CARRERA 28-26;;LA MINA;6.160171271469108, -75.58182721896753;ATROPELLO;NO REPORTADO;NO REPORTADO;RESIDENCIAL;Normal;Impericia en el manejo
2181534;10/06/2018;8:50:00 a. m.;Domingo;2018;Junio;MOTOCICLETA;PARTICULAR;Acompañante;55;FEMENINO;HERIDOS;0;0;0;0;CALLE 45 B SUR  CON CARRERA 43;;LA PAZ;6.164753231317913, -75.5946672612962;CHOQUE;VEHICULO;NO REPORTADO;RESIDENCIAL;Normal;Semaforo en rojo
2181534;10/06/2018;8:50:00 a. m.;Domingo;2018;Junio;MOTOCICLETA;PARTICULAR;Motociclista;30;MASCULINO;HERIDOS;0;0;0;0;CALLE 45 B SUR  CON CARRERA 43;;LA PAZ;6.164753231317913, -75.5946672612962;CHOQUE;VEHICULO;NO REPORTADO;RESIDENCIAL;Normal;Semaforo en rojo
2181536;7/06/2018;7:40:00 p. m.;Jueves;2018;Junio;MOTOCICLETA;PARTICULAR;Motociclista;26;MASCULINO;HERIDOS;0;0;0;0;CARRERA 50 CON CALLE 25 SUR;;LAS VEGAS;6.186957, -75.584471;CHOQUE;OBJETO FIJO;POSTE;RESIDENCIAL;Normal;Defectos fisicos y psiquicos
2181536;7/06/2018;7:40:00 p. m.;Jueves;2018;Junio;MOTOCICLETA;PARTICULAR;Acompañante;23;FEMENINO;HERIDOS;0;0;0;0;CARRERA 50 CON CALLE 25 SUR;;LAS VEGAS;6.186957, -75.584471;CHOQUE;OBJETO FIJO;POSTE;RESIDENCIAL;Normal;Defectos fisicos y psiquicos
2181538;8/06/2018;6:50:00 a. m.;Viernes;2018;Junio;MOTOCICLETA;PARTICULAR;Motociclista;33;MASCULINO;HERIDOS;0;0;0;0;KILOMETRO 14 +100 VARIANTE PALMAS;retiro varia palmas enviga (km 5+43 - km 14+ 550);VEREDA PALMAS;6.155668506256105, -75.5328855521474;CHOQUE;VEHICULO;NO REPORTADO;NO REPORTADO;Normal;Adelantar invadiendo carril de sentido contrario
2181540;7/06/2018;6:25:00 a. m.;Jueves;2018;Junio;MOTOCICLETA;PARTICULAR;Motociclista;23;FEMENINO;HERIDOS;0;0;0;0;KILOMETRO 13+150;retiro varia palmas enviga (km 5+43 - km 14+ 550);VEREDA PALMAS;6.159622669065025, -75.52730473756398;CHOQUE;VEHICULO;NO REPORTADO;NO REPORTADO;Normal;Impericia en el manejo
2181543;7/06/2018;9:40:00 p. m.;Jueves;2018;Junio;MOTOCICLETA;PARTICULAR;Peaton;66;FEMENINO;HERIDOS;0;0;0;0;CARRERA 42 CON CALLE 40 DD SUR 42 ;;EL DORADO;6.166159480030087, -75.58990605607981;ATROPELLO;NO REPORTADO;NO REPORTADO;RESIDENCIAL;Normal;Impericia en el manejo  -  Salir por delante de un vehiculo
2181544;7/06/2018;12:20:00 p. m.;Jueves;2018;Junio;AUTOMOVIL;PARTICULAR;Peaton;14;FEMENINO;HERIDOS;0;0;0;0;CARRERA 43 A CON CALLE 40 SUR;;ALCALA;6.168181428323169, -75.59034289528942;ATROPELLO;NO REPORTADO;NO REPORTADO;RESIDENCIAL;Normal;Cruzar en diagonal
2181545;11/06/2018;4:30:00 p. m.;Lunes;2018;Junio;MOTOCICLETA;PARTICULAR;Motociclista;32;MASCULINO;HERIDOS;0;0;0;0;CARRERA 27 G CON CALLE 36 D SUR 25;;LA PRADERA;6.166400529041418, -75.57684317809536;CHOQUE;OBJETO FIJO;POSTE;RESIDENCIAL;Lluvia;Impericia en el manejo
2181557;12/06/2018;7:20:00 p. m.;Martes;2018;Junio;MOTOCICLETA;PARTICULAR;Acompañante;22;FEMENINO;HERIDOS;0;0;0;0;CARRERA 50  CON CALLE 46 A;;LAS VEGAS;6.169092, -75.602069;CAIDA OCUPANTE;NO REPORTADO;NO REPORTADO;RESIDENCIAL;Normal;Fallas en las llantas
2181558;8/06/2018;10:20:00 a. m.;Viernes;2018;Junio;AUTOMOVIL;PARTICULAR;Peaton;32;MASCULINO;HERIDOS;0;0;0;0;CALLE 38 SUR CON CARRERA 41-68;;ZONA CENTRO;6.169337499865729, -75.58609042924502;ATROPELLO;NO REPORTADO;NO REPORTADO;RESIDENCIAL;Normal;Pasar semaforo en rojo
2181560;8/06/2018;4:00:00 a. m.;Viernes;2018;Junio;CAMIONETA;PARTICULAR;Conductor;52;MASCULINO;HERIDOS;0;0;0;0;KILOMETRO 11+290 VARIANTE PALMAS;retiro varia palmas enviga (km 5+43 - km 14+ 550);VEREDA PANTANILLO;6.163352151398373, -75.51415304544464;CHOQUE;VEHICULO;NO REPORTADO;NO REPORTADO;Normal;Embriaguez o droga
2181560;8/06/2018;4:00:00 a. m.;Viernes;2018;Junio;CAMIONETA;PARTICULAR;Acompañante;25;FEMENINO;HERIDOS;0;0;0;0;KILOMETRO 11+290 VARIANTE PALMAS;retiro varia palmas enviga (km 5+43 - km 14+ 550);VEREDA PANTANILLO;6.163352151398373, -75.51415304544464;CHOQUE;VEHICULO;NO REPORTADO;NO REPORTADO;Normal;Embriaguez o droga
2181573;12/06/2018;11:00:00 a. m.;Martes;2018;Junio;MOTOCICLETA;PARTICULAR;Motociclista;27;MASCULINO;HERIDOS;0;0;0;0;CALLE 27 SUR CON CARRERA 28-131;;ALTO DE MISAEL;6.177594980753615, -75.57667765455943;CHOQUE;VEHICULO;NO REPORTADO;RESIDENCIAL;Normal;Impericia en el manejo
2181574;13/06/2018;4:00:00 p. m.;Miércoles;2018;Junio;BUSETA;PUBLICO;Pasajero;42;FEMENINO;HERIDOS;0;0;0;0;CALLE 40 SUR CON CARRERA 24 DD 59;;EL SALADO;6.1485899019696015, -75.57682244925971;CAIDA OCUPANTE;NO REPORTADO;NO REPORTADO;RESIDENCIAL;Normal;Descender o subir del vehiculo en marcha
2181582;13/06/2018;12:25:00 p. m.;Miércoles;2018;Junio;MOTOCICLETA;OFICIAL;Acompañante;48;MASCULINO;HERIDOS;0;0;0;0;CARRERA 42 B CON CALLE 45 B SUR 47;;LA PAZ;6.162843996323823, -75.59401779013182;CHOQUE;VEHICULO;NO REPORTADO;RESIDENCIAL;Normal;Impericia en el manejo
2181582;13/06/2018;12:25:00 p. m.;Miércoles;2018;Junio;MOTOCICLETA;OFICIAL;Motociclista;40;MASCULINO;HERIDOS;0;0;0;0;CARRERA 42 B CON CALLE 45 B SUR 47;;LA PAZ;6.162843996323823, -75.59401779013182;CHOQUE;VEHICULO;NO REPORTADO;RESIDENCIAL;Normal;Impericia en el manejo
2181583;14/06/2018;5:40:00 a. m.;Jueves;2018;Junio;MOTOCICLETA;PARTICULAR;Motociclista;43;FEMENINO;HERIDOS;0;0;0;0;CARRERA 48 CON CALLE 25 AA SUR 70;;LAS VEGAS;6.183201728984719, -75.58497263422214;CHOQUE;VEHICULO;NO REPORTADO;RESIDENCIAL;Normal;No mantener distancia de seguridad
2181584;14/06/2018;4:50:00 a. m.;Jueves;2018;Junio;MOTOCICLETA;DIPLOMATICO;Motociclista;23;FEMENINO;HERIDOS;0;0;0;0;CARRERA 48 CON CALLE 25 AA SUR;;LAS VEGAS;6.184305348926391, -75.58492402798413;CHOQUE;VEHICULO;NO REPORTADO;RESIDENCIAL;Normal;No mantener distancia de seguridad
2181585;11/06/2018;3:00:00 p. m.;Lunes;2018;Junio;MOTOCICLETA;PARTICULAR;Acompañante;22;MASCULINO;HERIDOS;0;0;0;0;KILOMETRO 7;peri;VEREDA PERICO;6.170657578365031, -75.49981763548665;CHOQUE;VEHICULO;NO REPORTADO;NO REPORTADO;Normal;Transitar distante de la acera u orilla 
2181585;11/06/2018;3:00:00 p. m.;Lunes;2018;Junio;MOTOCICLETA;PARTICULAR;Motociclista;25;MASCULINO;HERIDOS;0;0;0;0;KILOMETRO 7;peri;VEREDA PERICO;6.170657578365031, -75.49981763548665;CHOQUE;VEHICULO;NO REPORTADO;NO REPORTADO;Normal;Transitar distante de la acera u orilla 
2181586;14/06/2018;1:30:00 p. m.;Jueves;2018;Junio;MOTOCICLETA;PARTICULAR;Motociclista;41;MASCULINO;HERIDOS;0;0;0;0;CARRERA 50 CON CALLE 30 SUR;;LAS VEGAS;6.180427, -75.590467;CHOQUE;VEHICULO;NO REPORTADO;RESIDENCIAL;Normal;No mantener distancia de seguridad
2181587;13/06/2018;9:40:00 p. m.;Miércoles;2018;Junio;MOTOCICLETA;DIPLOMATICO;Acompañante;20;FEMENINO;HERIDOS;0;0;0;0;CALLE 36 D SUR CON CARRERA 27 D 29;;LA PRADERA;6.164914436224158, -75.57462945439416;CAIDA OCUPANTE;NO REPORTADO;NO REPORTADO;RESIDENCIAL;Normal;Obstaculos en la via
2181588;14/06/2018;8:45:00 a. m.;Jueves;2018;Junio;MOTOCICLETA;PARTICULAR;Motociclista;30;MASCULINO;HERIDOS;0;0;0;;KILOMETRO 1 ESCOBERO - PALMAS;el escobero - km 0-13);VEREDA EL ESCOBERO;6.14660615160235, -75.56145197638465;CAIDA OCUPANTE;NO REPORTADO;NO REPORTADO;NO REPORTADO;Normal;Impericia en el manejo
2181588;14/06/2018;8:45:00 a. m.;Jueves;2018;Junio;MOTOCICLETA;PARTICULAR;Acompañante;31;FEMENINO;HERIDOS;0;0;0;;KILOMETRO 1 ESCOBERO - PALMAS;el escobero - km 0-13);VEREDA EL ESCOBERO;6.14660615160235, -75.56145197638465;CAIDA OCUPANTE;NO REPORTADO;NO REPORTADO;NO REPORTADO;Normal;Impericia en el manejo
2181601;15/06/2018;6:45:00 p. m.;Viernes;2018;Junio;MOTOCICLETA;PARTICULAR;Motociclista;24;MASCULINO;HERIDOS;0;0;0;0;CALLE 38 A SUR CON CARRERA 43A;;ZONA CENTRO;6.169997627693469, -75.58926792081684;CHOQUE;VEHICULO;NO REPORTADO;RESIDENCIAL;Normal;Adelantar cerrando
2181602;15/06/2018;10:15:00 a. m.;Viernes;2018;Junio;MOTOCICLETA;PARTICULAR;Motociclista;48;MASCULINO;HERIDOS;0;0;0;0;CARRERA 42B CON CALLE 46C SUR;;LA PAZ;6.161630733329723, -75.59499894965262;CHOQUE;VEHICULO;NO REPORTADO;RESIDENCIAL;Normal;Desobedecer señales
2181604;15/06/2018;1:10:00 p. m.;Viernes;2018;Junio;MOTOCICLETA;PARTICULAR;Motociclista;25;MASCULINO;HERIDOS;0;0;0;0;CARRERA 48 CON CALLE 46 SUR- 150;;LAS VEGAS;6.1654304594401115, -75.60014866920241;CHOQUE;VEHICULO;NO REPORTADO;RESIDENCIAL;Normal;Adelantar invadiendo carril del mismo sentido en zigzag
2181606;15/06/2018;2:50:00 p. m.;Viernes;2018;Junio;MOTOCICLETA;PARTICULAR;Motociclista;38;MASCULINO;HERIDOS;0;0;0;0;CALLE 25 A SUR CON CARRERA 42B;;LAS ORQUIDEAS;6.180237992694924, -75.58113083957399;CHOQUE;VEHICULO;NO REPORTADO;RESIDENCIAL;Normal;No mantener distancia de seguridad