NRO_RADICADO;FECHA_ACCIDENTE;HORA_ACCIDENTE;Día de la semana;AÑO;MES;CLASE_VEHICULO;TIPO_SERVICIO;TIPO_VICTIMA;EDAD;GENERO;GRAVEDAD;ESTADO_BEODEZ;ESTADO_DROGA;RESULTADO_BEODEZ;RESUL_BEODEZ_GRAMOS;DIRECCION_CARACT_VIA;TRAMO_VIA;LOCALIDAD_O_COMUNA;    GEORREFERENCIACIÓN;DESC_CLASE_ACCIDENTE;DESC_CHOQUE_ACCIDENTE;DESC_OBJETO_FIJO;DESC_SECTOR_ACCIDENTE;CONDICION_CLIMATICA;CAUSA_ACCIDENTE
2181607;12/06/2018;4:50:00 p. m.;Martes;2018;Junio;CAMIONETA;PARTICULAR;Acompañante;60;FEMENINO;HERIDOS;0;0;0;0;KILOMETRO 11 +  800;retiro varia palmas enviga (km 5+43 - km 14+ 550);VEREDA PALMAS;6.159616221619788, -75.5160771186653;CHOQUE;OBJETO FIJO;BARANDA;NO REPORTADO;Normal;Impericia en el manejo
2181607;12/06/2018;4:50:00 p. m.;Martes;2018;Junio;CAMIONETA;PARTICULAR;Acompañante;5;FEMENINO;HERIDOS;0;0;0;0;KILOMETRO 11 +  800;retiro varia palmas enviga (km 5+43 - km 14+ 550);VEREDA PALMAS;6.159616221619788, -75.5160771186653;CHOQUE;OBJETO FIJO;BARANDA;NO REPORTADO;Normal;Impericia en el manejo
2181607;12/06/2018;4:50:00 p. m.;Martes;2018;Junio;CAMIONETA;PARTICULAR;Conductor;50;MASCULINO;HERIDOS;0;0;0;0;KILOMETRO 11 +  800;retiro varia palmas enviga (km 5+43 - km 14+ 550);VEREDA PALMAS;6.159616221619788, -75.5160771186653;CHOQUE;OBJETO FIJO;BARANDA;NO REPORTADO;Normal;Impericia en el manejo
2181607;12/06/2018;4:50:00 p. m.;Martes;2018;Junio;CAMIONETA;PARTICULAR;Acompañante;70;FEMENINO;HERIDOS;0;0;0;0;KILOMETRO 11 +  800;retiro varia palmas enviga (km 5+43 - km 14+ 550);VEREDA PALMAS;6.159616221619788, -75.5160771186653;CHOQUE;OBJETO FIJO;BARANDA;NO REPORTADO;Normal;Impericia en el manejo
2181614;15/06/2018;7:30:00 p. m.;Viernes;2018;Junio;MOTOCICLETA;PARTICULAR;Motociclista;26;MASCULINO;HERIDOS;0;0;0;0;CARRERA 50 CALLE 25 SUR;;LAS VEGAS;6.186957, -75.584471;CHOQUE;VEHICULO;NO REPORTADO;RESIDENCIAL;Normal;Adelantar por la derecha
2181616;16/06/2018;11:50:00 a. m.;Sábado;2018;Junio;AUTOMOVIL;PARTICULAR;Conductor;66;FEMENINO;HERIDOS;0;0;0;0;CALLE 36 SUR CON CARRERA 25-144;;LOMA DEL ATRAVEZADO;6.167103980828237, -75.56505810551275;CHOQUE;VEHICULO;NO REPORTADO;RESIDENCIAL;Normal;No mantener distancia de seguridad
2181617;17/06/2018;1:40:00 p. m.;Domingo;2018;Junio;MOTOCICLETA;PARTICULAR;Peaton;21;FEMENINO;HERIDOS;0;0;0;0;CARRERA 42 CON CALLE 40 DD SUR 42;;EL DORADO;6.167129808924461, -75.58953430888916;ATROPELLO;NO REPORTADO;NO REPORTADO;RESIDENCIAL;Normal;Cruzar sin observar
2181618;17/06/2018;7:50:00 p. m.;Domingo;2018;Junio;BICICLETA;PARTICULAR;Ciclista;13;MASCULINO;HERIDOS;0;0;0;0;CARRERA 28 CON CALLE 34 AA SUR 65;;URIBE ANGEL;6.172163609912874, -75.57632543787575;CHOQUE;VEHICULO;NO REPORTADO;RESIDENCIAL;Normal;Impericia en el manejo
2181619;18/06/2018;7:20:00 p. m.;Lunes;2018;Junio;MOTOCICLETA;DIPLOMATICO;Motociclista;26;MASCULINO;HERIDOS;0;0;0;0;CALLE 38 A SUR CON CARRERA 42-26;;ZONA CENTRO;6.169726770810159, -75.58754272423221;ATROPELLO;NO REPORTADO;NO REPORTADO;RESIDENCIAL;Normal;Cruzar en estado de embriaguez
2181619;18/06/2018;7:20:00 p. m.;Lunes;2018;Junio;MOTOCICLETA;DIPLOMATICO;Peaton;65;MASCULINO;HERIDOS;0;0;0;0;CALLE 38 A SUR CON CARRERA 42-26;;ZONA CENTRO;6.169726770810159, -75.58754272423221;ATROPELLO;NO REPORTADO;NO REPORTADO;RESIDENCIAL;Normal;Cruzar en estado de embriaguez
2181620;18/06/2018;2:20:00 p. m.;Lunes;2018;Junio;MOTOCICLETA;PARTICULAR;Motociclista;27;MASCULINO;HERIDOS;0;0;0;0;CARRERA 50 CON CALLE 27 A SUR 10;;LAS VEGAS;6.183503, -75.588505;CHOQUE;VEHICULO;NO REPORTADO;RESIDENCIAL;Normal;No mantener distancia de seguridad
2181620;18/06/2018;2:20:00 p. m.;Lunes;2018;Junio;MOTOCICLETA;PARTICULAR;Motociclista;26;MASCULINO;HERIDOS;0;0;0;0;CARRERA 50 CON CALLE 27 A SUR 10;;LAS VEGAS;6.183503, -75.588505;CHOQUE;VEHICULO;NO REPORTADO;RESIDENCIAL;Normal;No mantener distancia de seguridad
2181623;19/06/2018;10:00:00 a. m.;Martes;2018;Junio;MOTOCICLETA;PARTICULAR;Peaton;67;MASCULINO;HERIDOS;0;0;0;0;CALLE 38 SUR CON CARRERA 43-16;;ZONA CENTRO;6.170995435824196, -75.58800384698316;ATROPELLO;NO REPORTADO;NO REPORTADO;RESIDENCIAL;Normal;Pasar semaforo en rojo
2181625;18/06/2018;7:15:00 a. m.;Lunes;2018;Junio;MOTOCICLETA;PARTICULAR;Motociclista;43;MASCULINO;HERIDOS;0;0;0;0;CARRERA 48 CON CALLE 39 SUR;;LAS VEGAS;6.172028359973056, -75.59370890556258;CHOQUE;VEHICULO;NO REPORTADO;RESIDENCIAL;Normal;Impericia en el manejo  -  No mantener distancia de seguridad
2181625;18/06/2018;7:15:00 a. m.;Lunes;2018;Junio;MOTOCICLETA;PARTICULAR;Motociclista;27;MASCULINO;HERIDOS;0;0;0;0;CARRERA 48 CON CALLE 39 SUR;;LAS VEGAS;6.172028359973056, -75.59370890556258;CHOQUE;VEHICULO;NO REPORTADO;RESIDENCIAL;Normal;Impericia en el manejo  -  No mantener distancia de seguridad
2181626;19/06/2018;8:55:00 a. m.;Martes;2018;Junio;AUTOMOVIL;DIPLOMATICO;Peaton;68;MASCULINO;HERIDOS;0;0;0;0;CARRERA 41  CON CALLE 40 G SUR 41;;EL DORADO;6.16560664136505, -75.58971804751386;ATROPELLO;NO REPORTADO;NO REPORTADO;RESIDENCIAL;Normal;Arrancar sin precaucion
2181631;18/06/2018;5:00:00 p. m.;Lunes;2018;Junio;MOTOCICLETA;PARTICULAR;Motociclista;39;MASCULINO;HERIDOS;0;0;0;0;CARRERA 50 CON CALLE 44 SUR;;LAS VEGAS;6.170141, -75.601532;CHOQUE;VEHICULO;NO REPORTADO;RESIDENCIAL;Normal;Impericia en el manejo  -  No mantener distancia de seguridad
2181632;19/06/2018;6:15:00 p. m.;Martes;2018;Junio;BICICLETA;PARTICULAR;Ciclista;13;MASCULINO;HERIDOS;0;0;0;0;CALLE 37 SUR CON CARRERA 49;;LAS VEGAS;6.1746556253297795, -75.59367884780293;CHOQUE;VEHICULO;NO REPORTADO;RESIDENCIAL;Normal;Girar bruscamente
2181638;21/06/2018;10:30:00 p. m.;Jueves;2018;Junio;MOTOCICLETA;PARTICULAR;Motociclista;38;MASCULINO;HERIDOS;0;0;0;0;CARRERA 48 CON CALLE 31 SUR 92;;LAS VEGAS;6.179624151817034, -75.5889579469811;CHOQUE;OBJETO FIJO;OTRO TIPO;RESIDENCIAL;Normal;Exceso de velocidad
2181640;21/06/2018;9:12:00 a. m.;Jueves;2018;Junio;MOTOCICLETA;PARTICULAR;Motociclista;22;MASCULINO;HERIDOS;0;0;0;0;CARRERA 49 CON CALLE 39 SUR 100;;LAS VEGAS;6.173773, -75.597180;CHOQUE;OBJETO FIJO;VEHICULO ESTACIONADO;RESIDENCIAL;Normal;Impericia en el manejo
2181643;21/06/2018;8:30:00 p. m.;Jueves;2018;Junio;MOTOCICLETA;PARTICULAR;Motociclista;32;MASCULINO;HERIDOS;0;0;0;0;CALLE 45 B SUR CON CARRERA 43;;LA PAZ;6.1648705660311345, -75.5948174649952;CHOQUE;VEHICULO;NO REPORTADO;RESIDENCIAL;Normal;Adelantar invadiendo carril del mismo sentido en zigzag
2181656;23/06/2018;11:10:00 a. m.;Sábado;2018;Junio;BICICLETA;PARTICULAR;Ciclista;63;MASCULINO;HERIDOS;0;0;0;0;CALLE 40 B SUR CON CARRERA 40-11;;EL DORADO;6.167504995137701, -75.58673756129612;CHOQUE;VEHICULO;NO REPORTADO;RESIDENCIAL;Normal;Adelantar cerrando
2181658;23/06/2018;9:40:00 p. m.;Sábado;2018;Junio;MOTOCICLETA;PARTICULAR;Motociclista;26;FEMENINO;HERIDOS;0;0;0;0;CARRERA 40 CON CALLE 47 SUR ;;EL TRIANON;6.1592319657738885, -75.5939507612962;CHOQUE;VEHICULO;NO REPORTADO;RESIDENCIAL;Normal;Adelantar invadiendo carril del mismo sentido en zigzag
2181659;24/06/2018;2:00:00 a. m.;Domingo;2018;Junio;AUTOMOVIL;PARTICULAR;Peaton;19;FEMENINO;HERIDOS;0;0;0;0;CARRERA 43 A CON CALLE 45 B SUR;;EL DORADO;6.165766811248612, -75.5953510543913;ATROPELLO;NO REPORTADO;NO REPORTADO;RESIDENCIAL;Lluvia;Pasar semaforo en rojo
2181661;24/06/2018;8:05:00 p. m.;Domingo;2018;Junio;MOTOCICLETA;PARTICULAR;Acompañante;76;FEMENINO;HERIDOS;0;0;0;0;CARRERA 43  A CON CALLE 27 SUR 35;;VILLA GRANDE;6.18083121744198, -75.58362183904417;CAIDA OCUPANTE;NO REPORTADO;NO REPORTADO;RESIDENCIAL;Lluvia;Impericia en el manejo
2181664;25/06/2018;11:00:00 a. m.;Lunes;2018;Junio;BICICLETA;PARTICULAR;Ciclista;21;MASCULINO;HERIDOS;0;0;0;0;KILOMETRO 13+360;retiro varia palmas enviga (km 5+43 - km 14+ 550);VEREDA PALMAS;6.159348292210016, -75.52924628347715;CHOQUE;VEHICULO;NO REPORTADO;NO REPORTADO;Normal;Circular por calzadas o carriles destina
2181667;24/06/2018;10:00:00 p. m.;Domingo;2018;Junio;MOTOCICLETA;PARTICULAR;Motociclista;24;MASCULINO;HERIDOS;0;0;0;0;TRANSVERSAL 34 SUR CON DIAGONAL 39;;OBRERO;6.172279900232315, -75.58455489481632;CHOQUE;VEHICULO;NO REPORTADO;RESIDENCIAL;Normal;Desobedecer señales
2181672;24/06/2018;12:30:00 p. m.;Domingo;2018;Junio;MOTOCICLETA;PARTICULAR;Motociclista;28;MASCULINO;HERIDOS;0;0;0;0;DIAGONAL 33 CON TRANSVERSAL 32 C SUR;;LA MAGNOLIA;6.174339326817545, -75.5845159525854;CHOQUE;VEHICULO;NO REPORTADO;RESIDENCIAL;Normal;Desobedecer señales
2181678;26/06/2018;5:40:00 p. m.;Martes;2018;Junio;MOTOCICLETA;PARTICULAR;Motociclista;45;FEMENINO;HERIDOS;0;0;0;0;CALLE 30 SUR CON CARRERA 45 A 12;;JARDINES;6.178064858656854, -75.58643484595346;CHOQUE;VEHICULO;NO REPORTADO;RESIDENCIAL;Lluvia;No mantener distancia de seguridad
2181690;27/06/2018;8:17:00 a. m.;Miércoles;2018;Junio;AUTOMOVIL;PARTICULAR;Conductor;32;FEMENINO;HERIDOS;0;0;0;0;CARRERA 49 CALLE 43 SUR ;;LAS VEGAS;6.171058, -75.600559;CHOQUE;VEHICULO;NO REPORTADO;RESIDENCIAL;Normal;Impericia en el manejo  -  Vehiculo mal estacionado
2181699;28/06/2018;6:35:00 a. m.;Jueves;2018;Junio;MOTOCICLETA;PARTICULAR;Motociclista;29;FEMENINO;HERIDOS;0;0;0;0;CARRERA 43 A CON CALLE 25 SUR 05 ;;VILLA GRANDE;6.181517590480782, -75.58227731164355;CHOQUE;VEHICULO;NO REPORTADO;RESIDENCIAL;Normal;No mantener distancia de seguridad
2181700;28/06/2018;4:00:00 a. m.;Jueves;2018;Junio;MOTOCICLETA;PARTICULAR;Motociclista;24;MASCULINO;HERIDOS;0;0;0;0;CARRERA 50 CON CALLE 37 SUR;;LAS VEGAS;6.175135, -75.595369;CAIDA OCUPANTE;NO REPORTADO;NO REPORTADO;RESIDENCIAL;Normal;Impericia en el manejo
2181708;1/07/2018;8:20:00 p. m.;Domingo;2018;Julio;MOTOCICLETA;PARTICULAR;Motociclista;22;MASCULINO;HERIDOS;0;0;0;0;CARRERA 48 CON CALLE 46 SUR;;LAS VEGAS;6.16644712875881, -75.5993127767276;CHOQUE;VEHICULO;NO REPORTADO;RESIDENCIAL;Normal;Adelantar en zona prohibida
2181710;29/06/2018;5:20:00 p. m.;Viernes;2018;Junio;MOTOCICLETA;PARTICULAR;Motociclista;25;FEMENINO;HERIDOS;0;0;0;0;CARRERA 48 CON CALLE 38 A SUR;;LAS VEGAS;6.173413397865427, -75.59331936232633;CHOQUE;VEHICULO;NO REPORTADO;RESIDENCIAL;Normal;Impericia en el manejo
2181710;29/06/2018;5:20:00 p. m.;Viernes;2018;Junio;MOTOCICLETA;PARTICULAR;Motociclista;28;MASCULINO;HERIDOS;0;0;0;0;CARRERA 48 CON CALLE 38 A SUR;;LAS VEGAS;6.173413397865427, -75.59331936232633;CHOQUE;VEHICULO;NO REPORTADO;RESIDENCIAL;Normal;Impericia en el manejo
2181711;30/06/2018;10:00:00 p. m.;Sábado;2018;Junio;MOTOCICLETA;PARTICULAR;Motociclista;23;MASCULINO;HERIDOS;0;0;0;0;CARRERA 48 CON CALLE 48 SUR 75;;LAS VEGAS;6.165740848734462, -75.6014710930158;CAIDA OCUPANTE;NO REPORTADO;NO REPORTADO;RESIDENCIAL;Normal;Impericia en el manejo
2181712;29/06/2018;9:00:00 a. m.;Viernes;2018;Junio;CAMIONETA;PUBLICO;Pasajero;32;MASCULINO;HERIDOS;0;0;0;0;TRANSVERSAL 36 SUR  DIAGONAL 30-20;;LA SEBASTIANA;6.16803299494599, -75.57914764420183;CHOQUE;VEHICULO;NO REPORTADO;RESIDENCIAL;Normal;No mantener distancia de seguridad
2181712;29/06/2018;9:00:00 a. m.;Viernes;2018;Junio;CAMIONETA;PUBLICO;Pasajero;9;MASCULINO;HERIDOS;0;0;0;0;TRANSVERSAL 36 SUR  DIAGONAL 30-20;;LA SEBASTIANA;6.16803299494599, -75.57914764420183;CHOQUE;VEHICULO;NO REPORTADO;RESIDENCIAL;Normal;No mantener distancia de seguridad
2181713;30/06/2018;1:30:00 p. m.;Sábado;2018;Junio;MOTOCICLETA;PARTICULAR;Motociclista;31;MASCULINO;HERIDOS;0;0;0;0;CARRERA 48 CON CALLE 31 SUR;;LAS VEGAS;6.178553796513918, -75.58889713626496;CHOQUE;VEHICULO;NO REPORTADO;RESIDENCIAL;Normal;Transitar entre vehiculos
2181718;30/06/2018;2:29:00 a. m.;Sábado;2018;Junio;MOTOCICLETA;PARTICULAR;Motociclista;30;MASCULINO;HERIDOS;0;0;0;0;CARRERA 50 CON CALLE 36 SUR;;LAS VEGAS;6.176858, -75.593221;CHOQUE;VEHICULO;NO REPORTADO;RESIDENCIAL;Normal;No mantener distancia de seguridad
2181719;3/07/2018;5:00:00 p. m.;Martes;2018;Julio;MOTOCICLETA;PARTICULAR;Motociclista;27;MASCULINO;HERIDOS;0;0;0;0;CALLE 46 A SUR # 49-87;;LAS VEGAS;6.16754302998785, -75.60158936314566;CHOQUE;VEHICULO;NO REPORTADO;RESIDENCIAL;Normal;Desobedecer señales
2181720;3/07/2018;10:00:00 p. m.;Martes;2018;Julio;MOTOCARRO;PARTICULAR;Motociclista;48;MASCULINO;HERIDOS;0;0;0;0;CARRERA 50 CON CALLE 26 SUR 220;;LAS VEGAS;6.184739, -75.587316;CHOQUE;VEHICULO;NO REPORTADO;RESIDENCIAL;Normal;Impericia en el manejo
2181720;3/07/2018;10:00:00 p. m.;Martes;2018;Julio;AUTOMOVIL;PARTICULAR;Acompañante;21;MASCULINO;HERIDOS;0;0;0;0;CARRERA 50 CON CALLE 26 SUR 220;;LAS VEGAS;6.184739, -75.587316;CHOQUE;VEHICULO;NO REPORTADO;RESIDENCIAL;Normal;Impericia en el manejo
2181720;3/07/2018;10:00:00 p. m.;Martes;2018;Julio;AUTOMOVIL;PARTICULAR;Acompañante;20;FEMENINO;HERIDOS;0;0;0;0;CARRERA 50 CON CALLE 26 SUR 220;;LAS VEGAS;6.184739, -75.587316;CHOQUE;VEHICULO;NO REPORTADO;RESIDENCIAL;Normal;Impericia en el manejo
2181721;2/07/2018;8:30:00 p. m.;Lunes;2018;Julio;AUTOMOVIL;PUBLICO;Pasajero;26;FEMENINO;HERIDOS;0;0;0;0;CARRERA 43 A CON CALLE 25 SUR;;BOSQUES DE ZUÑIGA;6.181737522874763, -75.58133980740784;CHOQUE;VEHICULO;NO REPORTADO;RESIDENCIAL;Lluvia;No mantener distancia de seguridad
2181732;5/07/2018;7:25:00 a. m.;Jueves;2018;Julio;MOTOCICLETA;PARTICULAR;Acompañante;28;MASCULINO;HERIDOS;0;0;0;;CALLE 38 SUR CON CARRERA 36;;MESA;6.167225, -75.583698;CHOQUE;VEHICULO;NO REPORTADO;RESIDENCIAL;Normal;No respetar pelacion de interseccion o giros
2181732;5/07/2018;7:25:00 a. m.;Jueves;2018;Julio;MOTOCICLETA;PARTICULAR;Motociclista;24;MASCULINO;MUERTOS;0;0;0;;CALLE 38 SUR CON CARRERA 36;;MESA;6.167225, -75.583698;CHOQUE;VEHICULO;NO REPORTADO;RESIDENCIAL;Normal;No respetar pelacion de interseccion o giros
2181734;4/07/2018;9:00:00 p. m.;Miércoles;2018;Julio;AUTOMOVIL;PARTICULAR;Conductor;37;FEMENINO;HERIDOS;0;0;0;0;CALLE 36 D SUR CON CARRERA 27;;VEREDA EL ESCOBERO;6.162262648723476, -75.57027649451149;VOLCAMIENTO;NO REPORTADO;NO REPORTADO;RESIDENCIAL;Normal;Impericia en el manejo
2181742;6/07/2018;5:55:00 p. m.;Viernes;2018;Julio;MOTOCICLETA;PARTICULAR;Motociclista;17;MASCULINO;HERIDOS;0;0;0;0;CARRERA 43 A CON CALLE 25 A SUR;;VILLA GRANDE;6.181561390652875, -75.58182114965247;CHOQUE;VEHICULO;NO REPORTADO;RESIDENCIAL;Normal;Desobedecer señales
2181743;4/07/2018;7:45:00 p. m.;Miércoles;2018;Julio;BICICLETA;PARTICULAR;Ciclista;55;MASCULINO;HERIDOS;0;0;0;0;CARRERA 43 A CON CALLE 46 SUR 74;;PRIMAVERA;6.164995447023453, -75.59606453164042;CHOQUE;VEHICULO;NO REPORTADO;RESIDENCIAL;Normal;Transitar en contravia
2181743;4/07/2018;7:45:00 p. m.;Miércoles;2018;Julio;MOTOCICLETA;PARTICULAR;Motociclista;20;MASCULINO;HERIDOS;0;0;0;0;CARRERA 43 A CON CALLE 46 SUR 74;;PRIMAVERA;6.164995447023453, -75.59606453164042;CHOQUE;VEHICULO;NO REPORTADO;RESIDENCIAL;Normal;Transitar en contravia
2181744;4/07/2018;5:10:00 p. m.;Miércoles;2018;Julio;MOTOCICLETA;PARTICULAR;Motociclista;35;MASCULINO;HERIDOS;0;0;0;0;CARRERA 48 CON CALLE 50 SUR ;;LAS VEGAS;6.162072458716961, -75.60353659646475;CHOQUE;VEHICULO;NO REPORTADO;RESIDENCIAL;Normal;No respetar prelacion
2181746;5/07/2018;5:25:00 p. m.;Jueves;2018;Julio;MICROBUS;PUBLICO;Pasajero;65;FEMENINO;HERIDOS;0;0;0;0;CALLE 48 C SUR CON CARRERA 42CC 41;;LOMA DEL BARRO;6.160716377332531, -75.59673479885406;CAIDA OCUPANTE;NO REPORTADO;NO REPORTADO;RESIDENCIAL;Normal;Frenar bruscamente
2181748;7/07/2018;6:00:00 p. m.;Sábado;2018;Julio;MOTOCICLETA;PARTICULAR;Motociclista;37;MASCULINO;HERIDOS;0;0;0;0;CARRERA 27 CON CALLE 37 SUR;;VEREDA EL ESCOBERO;6.160127732942749, -75.5709826594467;CHOQUE;VEHICULO;NO REPORTADO;RESIDENCIAL;Normal;No mantener distancia de seguridad
2181752;7/07/2018;9:45:00 a. m.;Sábado;2018;Julio;MOTOCICLETA;PARTICULAR;Acompañante;52;FEMENINO;HERIDOS;0;0;0;0;CARRERA 50 CON CALLE 30 SUR 65;;LAS VEGAS;6.180341, -75.590571;CHOQUE;VEHICULO;NO REPORTADO;RESIDENCIAL;Normal;Girar bruscamente
2181753;7/07/2018;6:00:00 a. m.;Sábado;2018;Julio;MOTOCICLETA;PARTICULAR;Motociclista;32;MASCULINO;HERIDOS;0;0;0;0;CARRERA 50 CON CALLE 49 D SUR ;;LAS VEGAS;6.164581, -75.603075;CHOQUE;VEHICULO;NO REPORTADO;RESIDENCIAL;Normal;No mantener distancia de seguridad
2181757;8/07/2018;9:50:00 p. m.;Domingo;2018;Julio;MOTOCICLETA;PARTICULAR;Motociclista;25;FEMENINO;HERIDOS;0;0;0;0;CALLE 38 A SUR CON CARRERA 33;;MESA;6.1660368321300085, -75.58256356129618;CHOQUE;VEHICULO;NO REPORTADO;RESIDENCIAL;Normal;Transitar en contravia
2181757;8/07/2018;9:50:00 p. m.;Domingo;2018;Julio;MOTOCICLETA;PARTICULAR;Acompañante;19;FEMENINO;HERIDOS;0;0;0;0;CALLE 38 A SUR CON CARRERA 33;;MESA;6.1660368321300085, -75.58256356129618;CHOQUE;VEHICULO;NO REPORTADO;RESIDENCIAL;Normal;Transitar en contravia
2181760;7/07/2018;8:21:00 a. m.;Sábado;2018;Julio;MOTOCICLETA;PARTICULAR;Motociclista;22;MASCULINO;HERIDOS;0;0;0;0;CARRERA 50 CON CALLE 46 A SUR;;LAS VEGAS;6.168548, -75.602176;CHOQUE;VEHICULO;NO REPORTADO;RESIDENCIAL;Normal;Adelantar invadiendo carril del mismo sentido en zigzag
2181760;7/07/2018;8:21:00 a. m.;Sábado;2018;Julio;MOTOCICLETA;PARTICULAR;Acompañante;32;FEMENINO;HERIDOS;0;0;0;0;CARRERA 50 CON CALLE 46 A SUR;;LAS VEGAS;6.168548, -75.602176;CHOQUE;VEHICULO;NO REPORTADO;RESIDENCIAL;Normal;Adelantar invadiendo carril del mismo sentido en zigzag
2181768;10/07/2018;2:00:00 p. m.;Martes;2018;Julio;MOTOCICLETA;PARTICULAR;Peaton;78;MASCULINO;HERIDOS;0;0;0;0;CALLE 39 SUR CON CARRERA 28;;SAN JOSE;6.16220775461092, -75.57940936285858;ATROPELLO;NO REPORTADO;NO REPORTADO;RESIDENCIAL;Normal;Cruzar sin observar
2181779;8/07/2018;11:30:00 a. m.;Domingo;2018;Julio;AUTOMOVIL;PARTICULAR;Conductor;74;FEMENINO;HERIDOS;0;0;0;0;TRANSVERSAL 36 SUR CON DIAGONAL 30;;LA SEBASTIANA;6.1683263619217366, -75.5799484920678;CHOQUE;VEHICULO;NO REPORTADO;RESIDENCIAL;Normal;No respetar pelacion de interseccion o giros
2181780;11/07/2018;8:50:00 a. m.;Miércoles;2018;Julio;MOTOCICLETA;PARTICULAR;Motociclista;24;MASCULINO;HERIDOS;0;0;0;0;CARRERA 49 CON CALLE 43 SUR;;LAS VEGAS;6.171058, -75.600559;CHOQUE;VEHICULO;NO REPORTADO;RESIDENCIAL;Normal;Adelantar en zona prohibida  -  Vehiculo mal estacionado
2181781;10/07/2018;9:00:00 p. m.;Martes;2018;Julio;BICICLETA;PARTICULAR;Ciclista;49;MASCULINO;HERIDOS;0;0;0;0;KILOMETRO 14+200;medell??n palmas envigado (km 12 - km 16+700);VEREDA PALMAS;6.15628980770367, -75.54670148334715;CHOQUE;VEHICULO;NO REPORTADO;NO REPORTADO;Normal;Impericia en el manejo
2181788;11/07/2018;1:10:00 p. m.;Miércoles;2018;Julio;MOTOCICLETA;PARTICULAR;Motociclista;20;MASCULINO;HERIDOS;0;0;0;0;CARRERA 48 CON CALLE 37 SUR;;LAS VEGAS;6.173473352424915, -75.59256588595376;CHOQUE;VEHICULO;NO REPORTADO;RESIDENCIAL;Normal;Adelantar cerrando  -  Adelantar invadiendo carril del mismo sentido en zigzag
2181788;11/07/2018;1:10:00 p. m.;Miércoles;2018;Julio;MOTOCICLETA;PARTICULAR;Acompañante;54;FEMENINO;HERIDOS;0;0;0;0;CARRERA 48 CON CALLE 37 SUR;;LAS VEGAS;6.173473352424915, -75.59256588595376;CHOQUE;VEHICULO;NO REPORTADO;RESIDENCIAL;Normal;Adelantar cerrando  -  Adelantar invadiendo carril del mismo sentido en zigzag
2181789;11/07/2018;9:50:00 p. m.;Miércoles;2018;Julio;AUTOMOVIL;PARTICULAR;Conductor;24;MASCULINO;HERIDOS;0;0;0;0;CALLE 36 D SUR CON CARRERA 24-05;;VEREDA EL ESCOBERO;6.155333821066698, -75.5664980395793;CHOQUE;OBJETO FIJO;MURO;RESIDENCIAL;Normal;Impericia en el manejo
2181805;14/07/2018;12:40:00 p. m.;Sábado;2018;Julio;MOTOCICLETA;PARTICULAR;Acompañante;42;MASCULINO;HERIDOS;0;0;0;0;CARRERA 50 CON CALLE 30 SUR;;LAS VEGAS;6.180427, -75.590467;CHOQUE;VEHICULO;NO REPORTADO;RESIDENCIAL;Normal;Transitar entre vehiculos
2181805;14/07/2018;12:40:00 p. m.;Sábado;2018;Julio;MOTOCICLETA;PARTICULAR;Motociclista;38;MASCULINO;HERIDOS;0;0;0;0;CARRERA 50 CON CALLE 30 SUR;;LAS VEGAS;6.180427, -75.590467;CHOQUE;VEHICULO;NO REPORTADO;RESIDENCIAL;Normal;Transitar entre vehiculos
2181813;13/07/2018;3:31:00 p. m.;Viernes;2018;Julio;BICICLETA;PARTICULAR;Acompañante;15;MASCULINO;HERIDOS;0;0;0;0;KILOMETRO 13+690;medell??n palmas envigado (km 12 - km 16+700);VEREDA PALMAS;6.159909035518698, -75.54547630463811;CHOQUE;OBJETO FIJO;OTRO TIPO;NO REPORTADO;Normal;Trasportar otras personas o cosas
2181813;13/07/2018;3:31:00 p. m.;Viernes;2018;Julio;BICICLETA;PARTICULAR;Ciclista;21;MASCULINO;HERIDOS;0;0;0;0;KILOMETRO 13+690;medell??n palmas envigado (km 12 - km 16+700);VEREDA PALMAS;6.159909035518698, -75.54547630463811;CHOQUE;OBJETO FIJO;OTRO TIPO;NO REPORTADO;Normal;Trasportar otras personas o cosas
2181817;14/07/2018;9:40:00 p. m.;Sábado;2018;Julio;MOTOCICLETA;PARTICULAR;Motociclista;30;FEMENINO;HERIDOS;0;0;0;0;CARRERA 38 CON CALLE  38 A SUR ;;MESA;6.167133595272573, -75.58461479013182;CHOQUE;VEHICULO;NO REPORTADO;RESIDENCIAL;Normal;Desobedecer señales
2181821;12/07/2018;6:20:00 p. m.;Jueves;2018;Julio;MOTOCICLETA;PARTICULAR;Motociclista;30;FEMENINO;HERIDOS;0;0;0;0;CARRERA 50 CON CALLE 49 SUR;;LAS VEGAS;6.164581, -75.603075;CHOQUE;VEHICULO;NO REPORTADO;RESIDENCIAL;Normal;Impericia en el manejo
2181822;13/07/2018;10:00:00 a. m.;Viernes;2018;Julio;MOTOCICLETA;PARTICULAR;Motociclista;50;MASCULINO;HERIDOS;0;0;0;0;KILOMETRO 1+320;catedral;VEREDA EL VALLANO;6.138038958179632, -75.58368001261373;CHOQUE;VEHICULO;NO REPORTADO;NO REPORTADO;Normal;Impericia en el manejo
2181823;13/07/2018;7:20:00 a. m.;Viernes;2018;Julio;BUS;PUBLICO;Pasajero;33;FEMENINO;HERIDOS;0;0;0;0;CARRERA 50 CON CALLE 46 A SUR ;;LAS VEGAS;6.168548, -75.602176;CAIDA OCUPANTE;NO REPORTADO;NO REPORTADO;RESIDENCIAL;Normal;Frenar bruscamente