NRO_RADICADO;FECHA_ACCIDENTE;HORA_ACCIDENTE;Día de la semana;AÑO;MES;CLASE_VEHICULO;TIPO_SERVICIO;TIPO_VICTIMA;EDAD;GENERO;GRAVEDAD;ESTADO_BEODEZ;ESTADO_DROGA;RESULTADO_BEODEZ;RESUL_BEODEZ_GRAMOS;DIRECCION_CARACT_VIA;TRAMO_VIA;LOCALIDAD_O_COMUNA;    GEORREFERENCIACIÓN;DESC_CLASE_ACCIDENTE;DESC_CHOQUE_ACCIDENTE;DESC_OBJETO_FIJO;DESC_SECTOR_ACCIDENTE;CONDICION_CLIMATICA;CAUSA_ACCIDENTE
2181824;16/07/2018;10:15:00 p. m.;Lunes;2018;Julio;MOTOCICLETA;PARTICULAR;Motociclista;36;FEMENINO;HERIDOS;0;0;0;0;CARRERA 43 A CON CALLE 45 B SUR  03;;PRIMAVERA;6.165521567669633, -75.59500762090282;CHOQUE;VEHICULO;NO REPORTADO;RESIDENCIAL;Normal;No mantener distancia de seguridad
2181826;14/07/2018;12:30:00 p. m.;Sábado;2018;Julio;MOTOCICLETA;PARTICULAR;Motociclista;26;MASCULINO;HERIDOS;0;0;0;0;CARRERA 50 CON CALLE 27 SUR;;LAS VEGAS;6.183503, -75.588505;CHOQUE;VEHICULO;NO REPORTADO;RESIDENCIAL;Normal;No mantener distancia de seguridad
2181829;14/07/2018;4:40:00 a. m.;Sábado;2018;Julio;AUTOMOVIL;PARTICULAR;Acompañante;21;FEMENINO;HERIDOS;0;0;0;0;DIAGONAL 39 CON TRANSVERSAL 32 C SUR 21;;LA MAGNOLIA;6.174078237595339, -75.58522806954711;CHOQUE;OBJETO FIJO;ARBOL;RESIDENCIAL;Normal;Impericia en el manejo
2181835;13/07/2018;7:50:00 a. m.;Viernes;2018;Julio;MOTOCICLETA;PARTICULAR;Motociclista;25;MASCULINO;HERIDOS;0;0;0;0;CARRERA 50 CON CALLE 29 SUR;;LAS VEGAS;6.182371, -75.589334;CHOQUE;VEHICULO;NO REPORTADO;RESIDENCIAL;Normal;No mantener distancia de seguridad
2181835;13/07/2018;7:50:00 a. m.;Viernes;2018;Julio;MOTOCICLETA;PARTICULAR;Motociclista;30;MASCULINO;HERIDOS;0;0;0;0;CARRERA 50 CON CALLE 29 SUR;;LAS VEGAS;6.182371, -75.589334;CHOQUE;VEHICULO;NO REPORTADO;RESIDENCIAL;Normal;No mantener distancia de seguridad
2181836;16/07/2018;1:25:00 p. m.;Lunes;2018;Julio;MOTOCICLETA;PARTICULAR;Motociclista;23;MASCULINO;HERIDOS;0;0;0;0;CARRERA 50 CON CALLE 46 A SUR;;LAS VEGAS;6.168548, -75.602176;CHOQUE;VEHICULO;NO REPORTADO;RESIDENCIAL;Normal;Adelantar cerrando
2181838;12/07/2018;4:00:00 p. m.;Jueves;2018;Julio;MOTOCICLETA;PARTICULAR;Motociclista;49;MASCULINO;HERIDOS;0;0;0;0;CALLE 25 SUR CON CARRERA 43;;LAS ORQUIDEAS;6.180505651603583, -75.58111540555284;CHOQUE;VEHICULO;NO REPORTADO;RESIDENCIAL;Normal;No mantener distancia de seguridad
2181839;15/07/2018;1:10:00 p. m.;Domingo;2018;Julio;CAMIONETA;PARTICULAR;Peaton;37;MASCULINO;HERIDOS;0;0;0;0;CARRERA 46 B CON CALLE 43 SUR 20;;MILAN VALLEJUELOS;6.168421606721277, -75.59624267767126;CHOQUE;OBJETO FIJO;OTRO TIPO;RESIDENCIAL;Normal;Cruzar en estado de embriaguez
2181840;16/07/2018;6:00:00 p. m.;Lunes;2018;Julio;MOTOCICLETA;PARTICULAR;Motociclista;26;MASCULINO;HERIDOS;0;0;0;0;KILOMETRO 3;el escobero - km 0-13);VEREDA EL ESCOBERO;6.136405768942477, -75.55455028687997;CAIDA OCUPANTE;NO REPORTADO;NO REPORTADO;NO REPORTADO;Normal;Impericia en el manejo
2181840;16/07/2018;6:00:00 p. m.;Lunes;2018;Julio;MOTOCICLETA;PARTICULAR;Acompañante;41;MASCULINO;HERIDOS;0;0;0;0;KILOMETRO 3;el escobero - km 0-13);VEREDA EL ESCOBERO;6.136405768942477, -75.55455028687997;CAIDA OCUPANTE;NO REPORTADO;NO REPORTADO;NO REPORTADO;Normal;Impericia en el manejo
2181842;17/07/2018;6:30:00 p. m.;Martes;2018;Julio;MOTOCICLETA;PARTICULAR;Peaton;26;FEMENINO;HERIDOS;0;0;0;;CALLE 48 F SUR  CON CARRERA 42 BB 24;;LOMA DEL BARRO;6.15830060453321, -75.59818805629219;ATROPELLO;NO REPORTADO;NO REPORTADO;RESIDENCIAL;Normal;Exceso de velocidad
2181843;16/07/2018;5:40:00 p. m.;Lunes;2018;Julio;MOTOCICLETA;PARTICULAR;Motociclista;49;MASCULINO;HERIDOS;0;0;0;0;KILOMETRO 3;el escobero - km 0-13);VEREDA EL ESCOBERO;6.136405768942477, -75.55455028687997;CHOQUE;VEHICULO;NO REPORTADO;NO REPORTADO;Normal;Impericia en el manejo
2181844;12/07/2018;7:20:00 p. m.;Jueves;2018;Julio;MOTOCICLETA;PARTICULAR;Motociclista;36;MASCULINO;HERIDOS;0;0;0;0;CARRERA 50 CON CALLE 36 SUR;;LAS VEGAS;6.176858, -75.593221;CHOQUE;VEHICULO;NO REPORTADO;RESIDENCIAL;Normal;Impericia en el manejo
2181853;12/07/2018;8:10:00 p. m.;Jueves;2018;Julio;AUTOMOVIL;PARTICULAR;Peaton;55;FEMENINO;HERIDOS;0;0;0;0;CARRERA 43 A CON CALLE 39 SUR 58;;ZONA CENTRO;6.168503758072154, -75.58975574809135;ATROPELLO;NO REPORTADO;NO REPORTADO;RESIDENCIAL;Normal;Reverso imprudente
2181855;14/07/2018;11:00:00 a. m.;Sábado;2018;Julio;CAMION;PARTICULAR;Peaton;24;MASCULINO;HERIDOS;0;0;0;0;CALLE 48 D SUR CON CARRERA 42 BB 50;;LOMA DEL BARRO;6.1597178128399195, -75.59674080889054;ATROPELLO;NO REPORTADO;NO REPORTADO;RESIDENCIAL;Normal;Estacionar sin seguridad
2181857;16/07/2018;6:20:00 a. m.;Lunes;2018;Julio;AUTOMOVIL;PARTICULAR;Conductor;41;FEMENINO;HERIDOS;0;0;0;0;CALLE 48 SUR CON CARRERA 40A;;EL TRIANON;6.159133286525503, -75.59487893047962;CHOQUE;VEHICULO;NO REPORTADO;RESIDENCIAL;Normal;Desobedecer señales
2181857;16/07/2018;6:20:00 a. m.;Lunes;2018;Julio;MOTOCICLETA;PARTICULAR;Motociclista;25;FEMENINO;HERIDOS;0;0;0;0;CALLE 48 SUR CON CARRERA 40A;;EL TRIANON;6.159133286525503, -75.59487893047962;CHOQUE;VEHICULO;NO REPORTADO;RESIDENCIAL;Normal;Desobedecer señales
2181859;16/07/2018;7:25:00 p. m.;Lunes;2018;Julio;BICICLETA;PARTICULAR;Ciclista;26;MASCULINO;HERIDOS;0;0;0;0;KILOMETRO 18+00 VIA  LAS PALMAS VEREDA CORINTO;medell??n palmas envigado (km 12 - km 16+700);VEREDA PALMAS;6.143359043858601, -75.52412682735776;CHOQUE;VEHICULO;NO REPORTADO;NO REPORTADO;Normal;Impericia en el manejo
2181863;17/07/2018;10:00:00 a. m.;Martes;2018;Julio;AUTOMOVIL;DIPLOMATICO;Peaton;64;FEMENINO;HERIDOS;0;0;0;0;DIAGONAL 30 CON TRANSVERSAL 34 D SUR;;LA SEBASTIANA;6.1717516128187535, -75.57839548846967;ATROPELLO;NO REPORTADO;NO REPORTADO;RESIDENCIAL;Normal;Reverso imprudente
2181868;17/07/2018;10:15:00 a. m.;Martes;2018;Julio;MOTOCICLETA;PARTICULAR;Motociclista;28;FEMENINO;HERIDOS;0;0;0;0;CARRERA 48 CON CALLE 39 SUR;;LAS VEGAS;6.172028359973056, -75.59370890556258;CHOQUE;VEHICULO;NO REPORTADO;RESIDENCIAL;Normal;Semaforo en rojo
2181870;17/07/2018;5:40:00 a. m.;Martes;2018;Julio;BUS;PUBLICO;Pasajero;54;FEMENINO;HERIDOS;0;0;0;0;CARRERA 50 CON CALLE 37 SUR;;LAS VEGAS;6.175135, -75.595369;CAIDA OCUPANTE;NO REPORTADO;NO REPORTADO;RESIDENCIAL;Normal;Frenar bruscamente
2181873;18/07/2018;8:00:00 a. m.;Miércoles;2018;Julio;MOTOCICLETA;PARTICULAR;Motociclista;22;MASCULINO;HERIDOS;0;0;0;0;CARRERA 49 CON CALLE 43 SUR ;;LAS VEGAS;6.171058, -75.600559;CHOQUE;VEHICULO;NO REPORTADO;RESIDENCIAL;Normal;Adelantar invadiendo carril del mismo sentido en zigzag
2181899;19/07/2018;1:20:00 p. m.;Jueves;2018;Julio;MOTOCICLETA;PARTICULAR;Motociclista;46;MASCULINO;HERIDOS;0;0;0;0;CARRERA 43 A CON TRANSVERSAL 29 SUR;;PONTE VEDRA;6.178108386892935, -75.5842156697543;CHOQUE;VEHICULO;NO REPORTADO;RESIDENCIAL;Normal;No mantener distancia de seguridad
2181899;19/07/2018;1:20:00 p. m.;Jueves;2018;Julio;MOTOCICLETA;PARTICULAR;Acompañante;58;FEMENINO;HERIDOS;0;0;0;0;CARRERA 43 A CON TRANSVERSAL 29 SUR;;PONTE VEDRA;6.178108386892935, -75.5842156697543;CHOQUE;VEHICULO;NO REPORTADO;RESIDENCIAL;Normal;No mantener distancia de seguridad
2181901;22/07/2018;2:50:00 a. m.;Domingo;2018;Julio;MOTOCICLETA;PARTICULAR;Motociclista;20;MASCULINO;HERIDOS;0;0;0;0;CARRERA 29  A CON CALLE 39 B SUR 75;;SAN JOSE;6.163297298111591, -75.58151179013187;CHOQUE;OBJETO FIJO;VEHICULO ESTACIONADO;RESIDENCIAL;Normal;Embriaguez o droga
2181902;16/07/2018;10:00:00 a. m.;Lunes;2018;Julio;MOTOCICLETA;PARTICULAR;Motociclista;30;FEMENINO;HERIDOS;0;0;0;0;KILOMETRO 14 + 200;medell??n palmas envigado (km 12 - km 16+700);VEREDA PALMAS;6.15628980770367, -75.54670148334715;CHOQUE;VEHICULO;NO REPORTADO;NO REPORTADO;Normal;Adelantar cerrando
2181903;21/07/2018;9:00:00 p. m.;Sábado;2018;Julio;MOTOCICLETA;PARTICULAR;Motociclista;23;MASCULINO;HERIDOS;0;0;0;0;CALLE 37 SUR CON CARRERA 39-59;;ZONA CENTRO;6.169204661737688, -75.58488973430995;CHOQUE;VEHICULO;NO REPORTADO;RESIDENCIAL;Normal;Adelantar cerrando
2181907;21/07/2018;3:45:00 p. m.;Sábado;2018;Julio;MOTOCICLETA;PARTICULAR;Motociclista;49;FEMENINO;HERIDOS;0;0;0;0;CARRERA 48 CON CALLE 30 SUR;;LAS VEGAS;6.179496718217783, -75.58819458527805;CHOQUE;VEHICULO;NO REPORTADO;RESIDENCIAL;Normal;No mantener distancia de seguridad
2181910;17/07/2018;4:05:00 p. m.;Martes;2018;Julio;MOTOCICLETA;PARTICULAR;Motociclista;26;MASCULINO;HERIDOS;0;0;0;0;CALLE 38 SUR CON CARRERA 46;;ALCALA;6.172018326896112, -75.59133707478912;CHOQUE;VEHICULO;NO REPORTADO;RESIDENCIAL;Normal;Impericia en el manejo
2181912;19/07/2018;7:20:00 p. m.;Jueves;2018;Julio;MOTOCICLETA;PARTICULAR;Peaton;49;MASCULINO;HERIDOS;0;0;0;;CARRERA 42 CON CALLE 33 B SUR 68;;ZONA CENTRO;6.173551430699564, -75.58583370835794;ATROPELLO;NO REPORTADO;NO REPORTADO;RESIDENCIAL;Normal;Impericia en el manejo
2181913;19/07/2018;11:40:00 a. m.;Jueves;2018;Julio;MOTOCICLETA;PARTICULAR;Peaton;21;FEMENINO;HERIDOS;0;0;0;0;CALLE 40 C SUR CON CARRERA 29-42;;LA MINA;6.161111549055582, -75.58284169301689;ATROPELLO;NO REPORTADO;NO REPORTADO;RESIDENCIAL;Normal;Cruzar en curva
2181913;19/07/2018;11:40:00 a. m.;Jueves;2018;Julio;MOTOCICLETA;PARTICULAR;Motociclista;42;MASCULINO;HERIDOS;0;0;0;0;CALLE 40 C SUR CON CARRERA 29-42;;LA MINA;6.161111549055582, -75.58284169301689;ATROPELLO;NO REPORTADO;NO REPORTADO;RESIDENCIAL;Normal;Cruzar en curva
2181917;18/07/2018;7:10:00 p. m.;Miércoles;2018;Julio;MICROBUS;PUBLICO;Pasajero;58;FEMENINO;HERIDOS;0;0;0;0;CARRERA 38 CON CALLE 39 SUR;;MESA;6.167276607560855, -75.58565333163992;CAIDA OCUPANTE;NO REPORTADO;NO REPORTADO;RESIDENCIAL;Normal;Descender o subir del vehiculo en marcha
2181919;19/07/2018;6:00:00 a. m.;Jueves;2018;Julio;MOTOCICLETA;PARTICULAR;Motociclista;20;MASCULINO;HERIDOS;0;0;0;0;CALLE 37 SUR CON CARRERA 38;;MESA;6.168586751950674, -75.58431594386306;CHOQUE;VEHICULO;NO REPORTADO;RESIDENCIAL;Normal;Adelantar cerrando
2181920;20/07/2018;5:40:00 a. m.;Viernes;2018;Julio;MOTOCICLETA;PARTICULAR;Motociclista;34;MASCULINO;HERIDOS;0;0;0;0;CARRERA 43 A CON CALLE 48 C SUR ;;LOMA DEL BARRO;6.162362862780646, -75.59755518837716;CHOQUE;VEHICULO;NO REPORTADO;RESIDENCIAL;Normal;Semaforo en rojo
2181921;19/07/2018;6:00:00 p. m.;Jueves;2018;Julio;MOTOCICLETA;PARTICULAR;Acompañante;31;FEMENINO;HERIDOS;0;0;0;0;CALLE 39 D SUR CON CARRERA 25-121;;EL CHINGUÍ;6.155418760883204, -75.57841931629873;CAIDA OCUPANTE;NO REPORTADO;NO REPORTADO;RESIDENCIAL;Normal;Impericia en el manejo
2181922;23/07/2018;4:30:00 p. m.;Lunes;2018;Julio;BICICLETA;PARTICULAR;Acompañante;19;MASCULINO;HERIDOS;0;0;0;0;CALLE 40 DD SUR CON CARRERA 39-45;;EL DORADO;6.163992445072708, -75.58860617767222;CAIDA OCUPANTE;NO REPORTADO;NO REPORTADO;RESIDENCIAL;Normal;Trasportar otras personas o cosas
2181922;23/07/2018;4:30:00 p. m.;Lunes;2018;Julio;BICICLETA;PARTICULAR;Ciclista;12;MASCULINO;HERIDOS;0;0;0;0;CALLE 40 DD SUR CON CARRERA 39-45;;EL DORADO;6.163992445072708, -75.58860617767222;CAIDA OCUPANTE;NO REPORTADO;NO REPORTADO;RESIDENCIAL;Normal;Trasportar otras personas o cosas
2181923;21/07/2018;7:15:00 p. m.;Sábado;2018;Julio;AUTOMOVIL;PARTICULAR;Peaton;22;MASCULINO;HERIDOS;0;0;0;0;CARRERA 48 CON CALLE 48 C SUR 05;;LAS VEGAS;6.164099306756596, -75.60171078560887;ATROPELLO;NO REPORTADO;NO REPORTADO;RESIDENCIAL;Normal;Cruzar sin observar
2181924;22/07/2018;7:30:00 p. m.;Domingo;2018;Julio;BICICLETA;PARTICULAR;Peaton;61;MASCULINO;HERIDOS;0;0;0;0;CALLE 40 SUR CON CARRERA 28 B 50;;SAN JOSE;6.16124874633962, -75.58137157026566;ATROPELLO;NO REPORTADO;NO REPORTADO;RESIDENCIAL;Normal;Impericia en el manejo
2181924;22/07/2018;7:30:00 p. m.;Domingo;2018;Julio;BICICLETA;PARTICULAR;Ciclista;15;MASCULINO;HERIDOS;0;0;0;0;CALLE 40 SUR CON CARRERA 28 B 50;;SAN JOSE;6.16124874633962, -75.58137157026566;ATROPELLO;NO REPORTADO;NO REPORTADO;RESIDENCIAL;Normal;Impericia en el manejo
2181925;23/07/2018;8:30:00 a. m.;Lunes;2018;Julio;BICICLETA;PARTICULAR;Ciclista;52;MASCULINO;HERIDOS;0;0;0;0;CARRERA 50 CON CALLE 37 SUR;;LAS VEGAS;6.175135, -75.595369;CHOQUE;VEHICULO;NO REPORTADO;RESIDENCIAL;Normal;Adelantar cerrando
2181926;22/07/2018;9:25:00 p. m.;Domingo;2018;Julio;MOTOCICLETA;PARTICULAR;Motociclista;27;MASCULINO;HERIDOS;0;0;0;0;CALLE 25 SUR CON CARRERA 48;;LAS VEGAS;6.1855643490049115, -75.58313696302534;CHOQUE;VEHICULO;NO REPORTADO;RESIDENCIAL;Normal;Semaforo en rojo
2181927;21/07/2018;5:00:00 p. m.;Sábado;2018;Julio;CAMIONETA;PARTICULAR;Conductor;17;MASCULINO;HERIDOS;0;0;0;0;KILOMETRO 10+500;retiro varia palmas enviga (km 5+43 - km 14+ 550);VEREDA PANTANILLO;6.160100572528074, -75.50799125882878;CHOQUE;OBJETO FIJO;POSTE;NO REPORTADO;Normal;Impericia en el manejo
2181928;22/07/2018;5:00:00 p. m.;Domingo;2018;Julio;MOTOCICLETA;PARTICULAR;Motociclista;55;MASCULINO;HERIDOS;0;0;0;0;CARRERA 50 CON CALLE 25 SUR;;LAS VEGAS;6.186957, -75.584471;CHOQUE;VEHICULO;NO REPORTADO;RESIDENCIAL;Normal;Impericia en el manejo
2181929;25/07/2018;8:50:00 a. m.;Miércoles;2018;Julio;AUTOMOVIL;PARTICULAR;Conductor;28;FEMENINO;HERIDOS;0;0;0;0;CALLE 32 SUR CON CARRERA 48;;LAS VEGAS;6.177553494684281, -75.58959170100616;CHOQUE;OBJETO FIJO;ARBOL;RESIDENCIAL;Normal;Defectos fisicos y psiquicos
2181930;25/07/2018;8:40:00 a. m.;Miércoles;2018;Julio;MICROBUS;PUBLICO;Pasajero;64;FEMENINO;HERIDOS;0;0;0;0;CALLE 39 SUR CON CARRERA 42-67;;ZONA CENTRO;6.168989038160379, -75.58794582423236;CAIDA OCUPANTE;NO REPORTADO;NO REPORTADO;RESIDENCIAL;Normal;Vehiculo mal estacionado
2181932;22/07/2018;7:30:00 p. m.;Domingo;2018;Julio;MOTOCICLETA;PARTICULAR;Motociclista;24;MASCULINO;HERIDOS;0;0;0;0;KILOMETRO 7+150;retiro varia palmas enviga (km 5+43 - km 14+ 550);VEREDA PERICO;6.171540752079794, -75.49029011719227;CHOQUE;VEHICULO;NO REPORTADO;NO REPORTADO;Normal;No respetar pelacion de interseccion o giros
2181935;20/07/2018;7:30:00 p. m.;Viernes;2018;Julio;MOTOCICLETA;PARTICULAR;Motociclista;28;MASCULINO;HERIDOS;0;0;0;0;CALLE 40 B SUR CON CARRERA 39A;;EL DORADO;6.165581430086989, -75.58718545944674;CHOQUE;VEHICULO;NO REPORTADO;RESIDENCIAL;Normal;Adelantar invadiendo carril de sentido contrario
2181936;25/07/2018;8:00:00 a. m.;Miércoles;2018;Julio;MOTOCICLETA;PARTICULAR;Motociclista;25;MASCULINO;HERIDOS;0;0;0;0;CARRERA 50 CON CALLE 43 SUR;;LAS VEGAS;6.171018, -75.600755;CHOQUE;VEHICULO;NO REPORTADO;RESIDENCIAL;Normal;Transitar entre vehiculos
2181937;25/07/2018;6:30:00 a. m.;Miércoles;2018;Julio;MOTOCICLETA;PARTICULAR;Acompañante;40;MASCULINO;HERIDOS;0;0;0;0;TRANSVERSAL 32 A SUR  CON DIAGONAL 29-112;;LAS ORQUIDEAS;6.1754070198384445, -75.57835982701138;CAIDA OCUPANTE;NO REPORTADO;NO REPORTADO;RESIDENCIAL;Normal;Impericia en el manejo
2181937;25/07/2018;6:30:00 a. m.;Miércoles;2018;Julio;MOTOCICLETA;PARTICULAR;Motociclista;44;FEMENINO;HERIDOS;0;0;0;0;TRANSVERSAL 32 A SUR  CON DIAGONAL 29-112;;LAS ORQUIDEAS;6.1754070198384445, -75.57835982701138;CAIDA OCUPANTE;NO REPORTADO;NO REPORTADO;RESIDENCIAL;Normal;Impericia en el manejo
2181938;21/07/2018;10:30:00 a. m.;Sábado;2018;Julio;CAMIONETA;PARTICULAR;Conductor;43;MASCULINO;HERIDOS;0;0;0;0;CARRERA 48 CON CALLE 30 SUR;;LAS VEGAS;6.179496718217783, -75.58819458527805;CHOQUE;VEHICULO;NO REPORTADO;RESIDENCIAL;Normal;Semaforo en rojo
2181940;25/07/2018;5:00:00 p. m.;Miércoles;2018;Julio;MOTOCICLETA;PARTICULAR;Motociclista;35;MASCULINO;HERIDOS;0;0;0;0;CARRERA 27 CON CALLE 35 SUR 162;;LA INMACULADA;6.1687109510962514, -75.56919648435237;CHOQUE;VEHICULO;NO REPORTADO;RESIDENCIAL;Normal;Desobedecer señales
2181961;28/07/2018;7:39:00 a. m.;Sábado;2018;Julio;MOTOCICLETA;PARTICULAR;Peaton;60;MASCULINO;HERIDOS;0;0;0;0;KILOMETRO 16+800;medell??n palmas envigado (km 12 - km 16+700);VEREDA PALMAS;6.153597294638558, -75.53296744538642;ATROPELLO;NO REPORTADO;NO REPORTADO;NO REPORTADO;Normal;Cruzar sin observar
2181963;26/07/2018;2:40:00 p. m.;Jueves;2018;Julio;MOTOCICLETA;PARTICULAR;Acompañante;32;FEMENINO;HERIDOS;0;0;0;0;CALLE 40 SUR CON CARRERA 45 BB 02;;ALCALA;6.168703203350656, -75.59113006285683;CAIDA OCUPANTE;NO REPORTADO;NO REPORTADO;RESIDENCIAL;Lluvia;Falta de precaucion niebla, lluvia, humo
2181967;27/07/2018;6:20:00 a. m.;Viernes;2018;Julio;MOTOCICLETA;PARTICULAR;Motociclista;22;MASCULINO;HERIDOS;0;0;0;0;CARRERA 50 CON CALLE 37 SUR;;LAS VEGAS;6.175135, -75.595369;CHOQUE;VEHICULO;NO REPORTADO;RESIDENCIAL;Normal;Impericia en el manejo
2181969;27/07/2018;3:40:00 p. m.;Viernes;2018;Julio;MOTOCICLETA;PARTICULAR;Motociclista;26;MASCULINO;HERIDOS;0;0;0;;CARRERA 48 CON CALLE 39 SUR;;LAS VEGAS;6.172028359973056, -75.59370890556258;CHOQUE;VEHICULO;NO REPORTADO;RESIDENCIAL;Normal;No mantener distancia de seguridad
2181974;27/07/2018;7:00:00 a. m.;Viernes;2018;Julio;MOTOCICLETA;PARTICULAR;Motociclista;25;MASCULINO;HERIDOS;0;0;0;0;CARRERA 43 A CON CALLE 21 SUR;;BOSQUES DE ZUÑIGA;6.1842878797095455, -75.57958496129602;CHOQUE;VEHICULO;NO REPORTADO;RESIDENCIAL;Normal;No mantener distancia de seguridad
2181974;27/07/2018;7:00:00 a. m.;Viernes;2018;Julio;MOTOCICLETA;PARTICULAR;Motociclista;34;MASCULINO;HERIDOS;0;0;0;0;CARRERA 43 A CON CALLE 21 SUR;;BOSQUES DE ZUÑIGA;6.1842878797095455, -75.57958496129602;CHOQUE;VEHICULO;NO REPORTADO;RESIDENCIAL;Normal;No mantener distancia de seguridad
2181977;28/07/2018;4:30:00 p. m.;Sábado;2018;Julio;MOTOCICLETA;PARTICULAR;Motociclista;54;MASCULINO;HERIDOS;0;0;0;0;KILOMETRO 2 VIA EL ESCOBERO;el escobero - km 0-13);VEREDA EL ESCOBERO;6.140901275827218, -75.5585189754219;CHOQUE;VEHICULO;NO REPORTADO;NO REPORTADO;Normal;No respetar prelacion
2181982;28/07/2018;7:35:00 p. m.;Sábado;2018;Julio;MOTOCICLETA;PARTICULAR;Motociclista;24;MASCULINO;HERIDOS;0;0;0;0;CALLE 25 SUR  CON CARRERA 48;;LAS VEGAS;6.1855643490049115, -75.58313696302534;CHOQUE;VEHICULO;NO REPORTADO;RESIDENCIAL;Normal;Semaforo en rojo
2181982;28/07/2018;7:35:00 p. m.;Sábado;2018;Julio;MOTOCICLETA;PARTICULAR;Motociclista;21;MASCULINO;HERIDOS;0;0;0;0;CALLE 25 SUR  CON CARRERA 48;;LAS VEGAS;6.1855643490049115, -75.58313696302534;CHOQUE;VEHICULO;NO REPORTADO;RESIDENCIAL;Normal;Semaforo en rojo
2181983;29/07/2018;9:40:00 p. m.;Domingo;2018;Julio;AUTOMOVIL;PARTICULAR;Peaton;24;FEMENINO;HERIDOS;0;0;0;0;CALLE 49 D SUR CON CARERRA  40 A SUR  453;;LOMA DEL BARRO;6.15990356432458, -75.60040795315395;ATROPELLO;NO REPORTADO;NO REPORTADO;RESIDENCIAL;Normal;Arrancar sin precaucion
2181987;30/07/2018;4:10:00 p. m.;Lunes;2018;Julio;MOTOCICLETA;PARTICULAR;Motociclista;34;MASCULINO;HERIDOS;0;0;0;0;CALLE 39 SUR CON CARRERA 28;;SAN JOSE;6.161397169098325, -75.57978160035871;CHOQUE;VEHICULO;NO REPORTADO;RESIDENCIAL;Normal;Impericia en el manejo
2181989;27/07/2018;1:45:00 p. m.;Viernes;2018;Julio;AUTOMOVIL;PARTICULAR;Peaton;34;FEMENINO;HERIDOS;0;0;0;0;CARRERA 48 CON CALLE 49B SUR;;LAS CASITAS;6.162770173465414, -75.60291804999493;ATROPELLO;NO REPORTADO;NO REPORTADO;RESIDENCIAL;Normal;Transitar por la calzada
2181992;28/07/2018;12:10:00 p. m.;Sábado;2018;Julio;MOTOCICLETA;PARTICULAR;Motociclista;23;FEMENINO;HERIDOS;0;0;0;0;CARRERA 48 CON CALLE 40 SUR;;LAS VEGAS;6.170220061034249, -75.59578144973783;CHOQUE;VEHICULO;NO REPORTADO;RESIDENCIAL;Normal;Impericia en el manejo
2181995;30/07/2018;8:35:00 a. m.;Lunes;2018;Julio;MOTOCICLETA;PARTICULAR;Acompañante;24;FEMENINO;HERIDOS;0;0;0;0;CARRERA 43 A CON CALLE 49 SUR;;LAS CASITAS;6.16093390552665, -75.60021457223021;CAIDA OCUPANTE;NO REPORTADO;NO REPORTADO;RESIDENCIAL;Normal;Impericia en el manejo
2181995;30/07/2018;8:35:00 a. m.;Lunes;2018;Julio;MOTOCICLETA;PARTICULAR;Motociclista;21;FEMENINO;HERIDOS;0;0;0;0;CARRERA 43 A CON CALLE 49 SUR;;LAS CASITAS;6.16093390552665, -75.60021457223021;CAIDA OCUPANTE;NO REPORTADO;NO REPORTADO;RESIDENCIAL;Normal;Impericia en el manejo
2181998;28/07/2018;3:40:00 p. m.;Sábado;2018;Julio;BUS;PUBLICO;Pasajero;35;FEMENINO;HERIDOS;0;0;0;0;CALLE 36 D SUR CON CARRERA 27;;VEREDA EL ESCOBERO;6.162262648723476, -75.57027649451149;CAIDA OCUPANTE;NO REPORTADO;NO REPORTADO;RESIDENCIAL;Normal;Dejar/recoger pasajeros sitio no demarca
2182001;27/07/2018;5:30:00 p. m.;Viernes;2018;Julio;MOTOCICLETA;PARTICULAR;Motociclista;27;MASCULINO;HERIDOS;0;0;0;0;CARRERA 48 CON CALLE 48 SUR 75;;LAS VEGAS;6.165707695457296, -75.60190556323275;CHOQUE;VEHICULO;NO REPORTADO;RESIDENCIAL;Normal;Impericia en el manejo
2182003;31/07/2018;7:15:00 a. m.;Martes;2018;Julio;MOTOCICLETA;PARTICULAR;Acompañante;50;FEMENINO;HERIDOS;0;0;0;0;CARRERA 7 CON CALLE 25 B SUR 183;;VEREDA PALMAS;6.153276868258517, -75.53633363800483;CAIDA OCUPANTE;NO REPORTADO;NO REPORTADO;RESIDENCIAL;Normal;Impericia en el manejo  -  Superficie lisa
2182005;29/07/2018;11:50:00 a. m.;Domingo;2018;Julio;MOTOCICLETA;PARTICULAR;Acompañante;31;FEMENINO;HERIDOS;0;0;0;0;CARRERA 43 A CON CALLE 39 SUR;;ZONA CENTRO;6.169293428020095, -75.58947517488228;CHOQUE;VEHICULO;NO REPORTADO;RESIDENCIAL;Normal;Girar bruscamente
2182016;31/07/2018;6:45:00 p. m.;Martes;2018;Julio;MOTOCICLETA;PARTICULAR;Peaton;84;MASCULINO;HERIDOS;0;0;0;0;CALLE 38 A SUR CON CARRERA 40-07;;ZONA CENTRO;6.168819672211591, -75.5864091469835;ATROPELLO;NO REPORTADO;NO REPORTADO;RESIDENCIAL;Normal;Cruzar sin observar
2182020;31/07/2018;6:45:00 a. m.;Martes;2018;Julio;MOTOCICLETA;PARTICULAR;Peaton;32;MASCULINO;HERIDOS;0;0;0;0;CALLE 37 SUR CON DIAGONAL 31;;LA PRADERA;6.1659299055643295, -75.58026839273028;ATROPELLO;NO REPORTADO;NO REPORTADO;RESIDENCIAL;Normal;Impericia en el manejo  -  Semaforo en rojo