NRO_RADICADO;FECHA_ACCIDENTE;HORA_ACCIDENTE;Día de la semana;AÑO;MES;CLASE_VEHICULO;TIPO_SERVICIO;TIPO_VICTIMA;EDAD;GENERO;GRAVEDAD;ESTADO_BEODEZ;ESTADO_DROGA;RESULTADO_BEODEZ;RESUL_BEODEZ_GRAMOS;DIRECCION_CARACT_VIA;TRAMO_VIA;LOCALIDAD_O_COMUNA;    GEORREFERENCIACIÓN;DESC_CLASE_ACCIDENTE;DESC_CHOQUE_ACCIDENTE;DESC_OBJETO_FIJO;DESC_SECTOR_ACCIDENTE;CONDICION_CLIMATICA;CAUSA_ACCIDENTE
2182020;31/07/2018;6:45:00 a. m.;Martes;2018;Julio;MOTOCICLETA;PARTICULAR;Peaton;19;FEMENINO;HERIDOS;0;0;0;0;CALLE 37 SUR CON DIAGONAL 31;;LA PRADERA;6.1659299055643295, -75.58026839273028;ATROPELLO;NO REPORTADO;NO REPORTADO;RESIDENCIAL;Normal;Impericia en el manejo  -  Semaforo en rojo
2182022;1/08/2018;5:45:00 a. m.;Miércoles;2018;Agosto;MOTOCICLETA;PARTICULAR;Motociclista;28;MASCULINO;HERIDOS;0;0;0;0;CARRERA 50  CON CALLE 46 SUR;;LAS VEGAS;6.169092, -75.602069;CHOQUE;VEHICULO;NO REPORTADO;RESIDENCIAL;Normal;No mantener distancia de seguridad
2182022;1/08/2018;5:45:00 a. m.;Miércoles;2018;Agosto;MOTOCICLETA;PARTICULAR;Motociclista;37;MASCULINO;HERIDOS;0;0;0;0;CARRERA 50  CON CALLE 46 SUR;;LAS VEGAS;6.169092, -75.602069;CHOQUE;VEHICULO;NO REPORTADO;RESIDENCIAL;Normal;No mantener distancia de seguridad
2182029;2/08/2018;7:05:00 a. m.;Jueves;2018;Agosto;CAMION;OFICIAL;Peaton;29;MASCULINO;MUERTOS;0;0;0;0;CALLE 38 SUR CON CARRERA 43;;ZONA CENTRO;6.170227527523445, -75.58797154965252;ATROPELLO;NO REPORTADO;NO REPORTADO;RESIDENCIAL;Normal;Pasar semaforo en rojo
2182032;29/07/2018;6:30:00 p. m.;Domingo;2018;Julio;MOTOCICLETA;PARTICULAR;Motociclista;29;MASCULINO;HERIDOS;0;0;0;0;CALLE 40 F SUR CON CARRERA 34;;SAN JOSE;6.163216280864331, -75.58539247820211;CHOQUE;VEHICULO;NO REPORTADO;RESIDENCIAL;Normal;No respetar pelacion de interseccion o giros
2182032;29/07/2018;6:30:00 p. m.;Domingo;2018;Julio;BICICLETA;PARTICULAR;Ciclista;17;MASCULINO;HERIDOS;0;0;0;0;CALLE 40 F SUR CON CARRERA 34;;SAN JOSE;6.163216280864331, -75.58539247820211;CHOQUE;VEHICULO;NO REPORTADO;RESIDENCIAL;Normal;No respetar pelacion de interseccion o giros
2182034;1/08/2018;1:10:00 p. m.;Miércoles;2018;Agosto;CAMIONETA;OFICIAL;Peaton;56;FEMENINO;HERIDOS;0;0;0;0;CALLE 38 A SUR CON CARRERA 43;;ZONA CENTRO;6.170419604114354, -75.58861470835885;ATROPELLO;NO REPORTADO;NO REPORTADO;RESIDENCIAL;Normal;Reverso imprudente
2182040;1/08/2018;11:00:00 a. m.;Miércoles;2018;Agosto;MOTOCICLETA;PARTICULAR;Motociclista;22;MASCULINO;HERIDOS;0;0;0;0;CALLE 24 SUR  CON CARRERA 38-91;;ZUÑIGA;6.178482326689697, -75.57432396969575;CHOQUE;VEHICULO;NO REPORTADO;RESIDENCIAL;Normal;Adelantar en zona prohibida  -  Realizar giro en U
2182041;31/07/2018;2:30:00 p. m.;Martes;2018;Julio;MOTOCICLETA;PARTICULAR;Motociclista;17;MASCULINO;HERIDOS;0;0;0;0;CALLE 24 SUR CON CARRERA 42 B 01 COLEGIO LA SALLE;;LAS ORQUIDEAS;6.180664, -75.579861;OTRO;NO REPORTADO;NO REPORTADO;RESIDENCIAL;Normal;Impericia en el manejo
2182042;2/08/2018;9:20:00 a. m.;Jueves;2018;Agosto;MOTOCICLETA;PARTICULAR;Motociclista;46;MASCULINO;HERIDOS;0;0;0;0;KILOMETRO 18 VIA EL REMANSO;medell??n palmas envigado (km 12 - km 16+700);VEREDA PALMAS;6.14895578774, -75.52935132422137;CHOQUE;VEHICULO;NO REPORTADO;NO REPORTADO;Normal;Poner en marcha un vehiculo sin precauci
2182044;4/08/2018;12:15:00 a. m.;Sábado;2018;Agosto;MOTOCICLETA;PARTICULAR;Acompañante;20;FEMENINO;HERIDOS;0;0;0;0;CARRERA 27 AA CON CALLE 36 SUR 160;;VEREDA EL ESCOBERO;6.167800439805117, -75.5694268316399;CAIDA OCUPANTE;NO REPORTADO;NO REPORTADO;RESIDENCIAL;Lluvia;Impericia en el manejo
2182045;2/08/2018;4:00:00 p. m.;Jueves;2018;Agosto;CAMIONETA;PARTICULAR;Peaton;23;FEMENINO;HERIDOS;0;0;0;0;CALLE 36 SUR CON CARRERA 27;;LA INMACULADA;6.167083494858053, -75.56936298004726;ATROPELLO;NO REPORTADO;NO REPORTADO;RESIDENCIAL;Normal;Desobedecer al agente
2182047;4/08/2018;11:10:00 a. m.;Sábado;2018;Agosto;MOTOCICLETA;PARTICULAR;Acompañante;43;FEMENINO;HERIDOS;0;0;0;0;CARRERA 43 A CON CALLE 48 C SUR 45;;PRIMAVERA;6.162071425665765, -75.59822509245654;CHOQUE;VEHICULO;NO REPORTADO;RESIDENCIAL;Normal;No mantener distancia de seguridad
2182048;4/08/2018;1:30:00 p. m.;Sábado;2018;Agosto;BUS;PUBLICO;Pasajero;66;MASCULINO;HERIDOS;0;0;0;0;CALLE 39 B SUR CON CARRERA 25 B 05;;EL CHINGUÍ;6.154737066146278, -75.5758287162989;CAIDA OCUPANTE;NO REPORTADO;NO REPORTADO;RESIDENCIAL;Normal;Impericia en el manejo
2182049;4/08/2018;9:15:00 a. m.;Sábado;2018;Agosto;MOTOCICLETA;PARTICULAR;Motociclista;37;MASCULINO;HERIDOS;0;0;0;0;CARRERA 48 CON CALLE 46 A SUR 107;;LAS VEGAS;6.16619592914973, -75.60066834789251;CHOQUE;VEHICULO;NO REPORTADO;RESIDENCIAL;Normal;No mantener distancia de seguridad
2182050;2/08/2018;11:20:00 a. m.;Jueves;2018;Agosto;BUSETA;PUBLICO;Pasajero;47;FEMENINO;HERIDOS;0;0;0;0;CARRERA 42 B CON CALLE 26 A SUR 58;;LAS ORQUIDEAS;6.177879853232972, -75.57966507109008;CHOQUE;VEHICULO;NO REPORTADO;RESIDENCIAL;Normal;Adelantar cerrando
2182050;2/08/2018;11:20:00 a. m.;Jueves;2018;Agosto;BUSETA;PUBLICO;Pasajero;3;MASCULINO;HERIDOS;0;0;0;0;CARRERA 42 B CON CALLE 26 A SUR 58;;LAS ORQUIDEAS;6.177879853232972, -75.57966507109008;CHOQUE;VEHICULO;NO REPORTADO;RESIDENCIAL;Normal;Adelantar cerrando
2182051;2/08/2018;8:00:00 p. m.;Jueves;2018;Agosto;MOTOCICLETA;PARTICULAR;Motociclista;39;MASCULINO;HERIDOS;0;0;0;0;CARRERA 48 CON CALLE 30SUR;;LAS VEGAS;6.179496718217783, -75.58819458527805;CHOQUE;VEHICULO;NO REPORTADO;RESIDENCIAL;Normal;Semaforo en rojo
2182052;3/08/2018;10:30:00 p. m.;Viernes;2018;Agosto;MOTOCICLETA;DIPLOMATICO;Acompañante;20;FEMENINO;HERIDOS;0;0;0;0;CALLE 36 D SUR CON CARRERA 27 D 49;;LA PRADERA;6.165095780190653, -75.57540888195007;ATROPELLO;NO REPORTADO;NO REPORTADO;RESIDENCIAL;Lluvia;Cruzar sin observar
2182053;5/08/2018;10:15:00 a. m.;Domingo;2018;Agosto;AUTOMOVIL;PARTICULAR;Acompañante;35;FEMENINO;HERIDOS;0;0;0;0;CARRERA 48 CON CALLE 25 SUR;;LAS VEGAS;6.185465548355144, -75.58320389909402;CHOQUE;VEHICULO;NO REPORTADO;RESIDENCIAL;Normal;Semaforo en rojo
2182053;5/08/2018;10:15:00 a. m.;Domingo;2018;Agosto;AUTOMOVIL;PARTICULAR;Acompañante;68;FEMENINO;HERIDOS;0;0;0;0;CARRERA 48 CON CALLE 25 SUR;;LAS VEGAS;6.185465548355144, -75.58320389909402;CHOQUE;VEHICULO;NO REPORTADO;RESIDENCIAL;Normal;Semaforo en rojo
2182062;4/08/2018;5:20:00 p. m.;Sábado;2018;Agosto;MOTOCICLETA;PARTICULAR;Motociclista;16;MASCULINO;HERIDOS;0;0;0;0;KILOMETRO 13+130;medell??n palmas envigado (km 12 - km 16+700);VEREDA PALMAS;6.1644677802668, -75.54520027680711;CHOQUE;VEHICULO;NO REPORTADO;NO REPORTADO;Normal;Salirse de la calzada
2182062;4/08/2018;5:20:00 p. m.;Sábado;2018;Agosto;MOTOCICLETA;PARTICULAR;Acompañante;118;MASCULINO;HERIDOS;0;0;0;0;KILOMETRO 13+130;medell??n palmas envigado (km 12 - km 16+700);VEREDA PALMAS;6.1644677802668, -75.54520027680711;CHOQUE;VEHICULO;NO REPORTADO;NO REPORTADO;Normal;Salirse de la calzada
2182065;7/08/2018;9:30:00 p. m.;Martes;2018;Agosto;MOTOCICLETA;PARTICULAR;Motociclista;41;MASCULINO;HERIDOS;0;0;0;0;TRANSVERSAL 32 SUR CON DIAGONAL 32B;;LA MAGNOLIA;6.176098725153225, -75.58353396323268;CHOQUE;VEHICULO;NO REPORTADO;RESIDENCIAL;Normal;Desobedecer señales
2182066;3/08/2018;2:00:00 p. m.;Viernes;2018;Agosto;AUTOMOVIL;PARTICULAR;Peaton;53;MASCULINO;HERIDOS;0;0;0;0;CALLE 45 B SUR  CON CARRERA 43;;LA PAZ;6.165137143489585, -75.59493559301592;ATROPELLO;NO REPORTADO;NO REPORTADO;RESIDENCIAL;Normal;Cruzar sin observar
2182068;4/08/2018;6:00:00 p. m.;Sábado;2018;Agosto;MOTOCICLETA;PARTICULAR;Motociclista;18;MASCULINO;HERIDOS;0;0;0;0;CARRERA 36 CON CALLE 40 F SUR;;EL DORADO;6.16351899658455, -75.58606326129622;CHOQUE;VEHICULO;NO REPORTADO;RESIDENCIAL;Normal;Desobedecer señales
2182072;4/08/2018;1:40:00 a. m.;Sábado;2018;Agosto;AUTOMOVIL;PUBLICO;Pasajero;35;MASCULINO;HERIDOS;0;0;0;0;CARRERA 48 CON CALLE 25 AA SUR ;;LAS VEGAS;6.184305348926391, -75.58492402798413;CHOQUE;VEHICULO;NO REPORTADO;RESIDENCIAL;Normal;Semaforo en rojo
2182076;6/08/2018;5:30:00 p. m.;Lunes;2018;Agosto;MOTOCICLETA;PARTICULAR;Motociclista;23;FEMENINO;HERIDOS;0;0;0;0;CARRERA 47 A CON CALLE 38 A SUR;;ALCALA;6.172048323635386, -75.59270855001407;CHOQUE;VEHICULO;NO REPORTADO;RESIDENCIAL;Normal;Adelantar por la derecha
2182077;6/08/2018;6:30:00 p. m.;Lunes;2018;Agosto;BUS;PUBLICO;Pasajero;64;FEMENINO;HERIDOS;0;0;0;0;CALLE 41 SUR CON CARRERA 24 C 123;;LA MINA;6.152853, -75.584539;CAIDA OCUPANTE;NO REPORTADO;NO REPORTADO;RESIDENCIAL;Normal;Descender o subir del vehiculo en marcha
2182079;6/08/2018;8:50:00 p. m.;Lunes;2018;Agosto;MOTOCICLETA;PARTICULAR;Motociclista;23;MASCULINO;HERIDOS;0;0;0;0;CARRERA 50 CON CALLE 25 AA SUR;;LAS VEGAS;6.185690, -75.586150;CAIDA OCUPANTE;NO REPORTADO;NO REPORTADO;RESIDENCIAL;Normal;Impericia en el manejo
2182079;6/08/2018;8:50:00 p. m.;Lunes;2018;Agosto;MOTOCICLETA;PARTICULAR;Acompañante;21;FEMENINO;HERIDOS;0;0;0;0;CARRERA 50 CON CALLE 25 AA SUR;;LAS VEGAS;6.185690, -75.586150;CAIDA OCUPANTE;NO REPORTADO;NO REPORTADO;RESIDENCIAL;Normal;Impericia en el manejo
2182082;6/08/2018;1:50:00 p. m.;Lunes;2018;Agosto;CAMIONETA;PARTICULAR;Peaton;63;FEMENINO;HERIDOS;0;0;0;0;CARRERA 42 CON CALLE 33 B SUR;;ZONA CENTRO;6.172698193078973, -75.58557610547427;ATROPELLO;NO REPORTADO;NO REPORTADO;RESIDENCIAL;Normal;Cruzar sin observar  -  Poner en marcha un vehiculo sin precauci
2182085;7/08/2018;4:35:00 p. m.;Martes;2018;Agosto;MOTOCICLETA;PARTICULAR;Motociclista;20;FEMENINO;HERIDOS;0;0;0;0;CARRERA 48 CON CALLE 37 SUR ;;LAS VEGAS;6.173473352424915, -75.59256588595376;CHOQUE;VEHICULO;NO REPORTADO;RESIDENCIAL;Normal;Adelantar cerrando
2182087;6/08/2018;2:45:00 p. m.;Lunes;2018;Agosto;CAMIONETA;PARTICULAR;Peaton;90;FEMENINO;MUERTOS;0;0;0;0;CALLE 38 A SUR CON CARRERA 39;;ZONA CENTRO;6.167642, -75.585690;ATROPELLO;NO REPORTADO;NO REPORTADO;RESIDENCIAL;Normal;Arrancar sin precaucion
2182087;6/08/2018;2:45:00 p. m.;Lunes;2018;Agosto;CAMIONETA;PARTICULAR;Peaton;74;MASCULINO;HERIDOS;0;0;0;0;CALLE 38 A SUR CON CARRERA 39;;ZONA CENTRO;6.167642, -75.585690;ATROPELLO;NO REPORTADO;NO REPORTADO;RESIDENCIAL;Normal;Arrancar sin precaucion
2182090;7/08/2018;5:30:00 p. m.;Martes;2018;Agosto;MOTOCICLETA;PARTICULAR;Acompañante;26;FEMENINO;HERIDOS;0;0;0;0;KILOMETRO 13+840;medell??n palmas envigado (km 12 - km 16+700);VEREDA PALMAS;6.159458326714958, -75.54672513669567;CHOQUE;VEHICULO;NO REPORTADO;NO REPORTADO;Normal;Adelantar por la derecha
2182090;7/08/2018;5:30:00 p. m.;Martes;2018;Agosto;MOTOCICLETA;PARTICULAR;Motociclista;27;FEMENINO;HERIDOS;0;0;0;0;KILOMETRO 13+840;medell??n palmas envigado (km 12 - km 16+700);VEREDA PALMAS;6.159458326714958, -75.54672513669567;CHOQUE;VEHICULO;NO REPORTADO;NO REPORTADO;Normal;Adelantar por la derecha
2182092;7/08/2018;11:00:00 a. m.;Martes;2018;Agosto;AUTOMOVIL;PARTICULAR;Peaton;67;FEMENINO;HERIDOS;0;0;0;0;CALLE 44 SUR CON CARRERA 43 A 85;;MILAN VALLEJUELOS;6.166593578257829, -75.59386313957708;ATROPELLO;NO REPORTADO;NO REPORTADO;RESIDENCIAL;Normal;Cruzar sin observar
2182095;8/08/2018;7:40:00 a. m.;Miércoles;2018;Agosto;MOTOCICLETA;PARTICULAR;Motociclista;22;MASCULINO;HERIDOS;0;0;0;0;CARRERA 48 CON CALLE 49 SUR;;LAS CASITAS;6.163050162859091, -75.60243147678031;CHOQUE;VEHICULO;NO REPORTADO;RESIDENCIAL;Normal;Desobedecer señales
2182100;6/08/2018;11:00:00 a. m.;Lunes;2018;Agosto;MOTOCICLETA;DIPLOMATICO;Motociclista;41;MASCULINO;HERIDOS;0;0;0;0;CALLE 37 B SUR CON CARRERA 28;;LOMA DE LAS BRUJAS;6.163602998412963, -75.57942426711793;CHOQUE;VEHICULO;NO REPORTADO;RESIDENCIAL;Normal;Adelantar por la derecha
2182101;6/08/2018;2:00:00 p. m.;Lunes;2018;Agosto;MOTOCICLETA;DIPLOMATICO;Acompañante;9;MASCULINO;HERIDOS;0;0;0;0;CARRERA 50 CON CALLE 46 A SUR 30;;LAS VEGAS;6.168548, -75.602176;CHOQUE;VEHICULO;NO REPORTADO;RESIDENCIAL;Normal;Impericia en el manejo  -  No mantener distancia de seguridad
2182101;6/08/2018;2:00:00 p. m.;Lunes;2018;Agosto;MOTOCICLETA;DIPLOMATICO;Motociclista;44;MASCULINO;HERIDOS;0;0;0;0;CARRERA 50 CON CALLE 46 A SUR 30;;LAS VEGAS;6.168548, -75.602176;CHOQUE;VEHICULO;NO REPORTADO;RESIDENCIAL;Normal;Impericia en el manejo  -  No mantener distancia de seguridad
2182108;9/08/2018;12:30:00 p. m.;Jueves;2018;Agosto;MOTOCICLETA;PARTICULAR;Motociclista;38;MASCULINO;HERIDOS;0;0;0;0;CARRERA 43 A CON CALLE 23 SUR 79;;BOSQUES DE ZUÑIGA;6.182380399093005, -75.5804791216681;CHOQUE;VEHICULO;NO REPORTADO;RESIDENCIAL;Normal;Adelantar por la derecha
2182113;9/08/2018;4:40:00 p. m.;Jueves;2018;Agosto;MOTOCICLETA;PARTICULAR;Motociclista;27;MASCULINO;HERIDOS;0;0;0;0;DIAGONAL 31 CON TRANSVERSAL 36A SUR 21;;LA PRADERA;6.167907079607749, -75.58037527242648;CHOQUE;VEHICULO;NO REPORTADO;RESIDENCIAL;Normal;Impericia en el manejo
2182116;9/08/2018;9:08:00 p. m.;Jueves;2018;Agosto;MOTOCICLETA;PARTICULAR;Motociclista;50;FEMENINO;HERIDOS;0;0;0;0;CALLE 37 SUR CON CARRERA 49;;LAS VEGAS;6.1746556253297795, -75.59367884780293;CHOQUE;VEHICULO;NO REPORTADO;RESIDENCIAL;Normal;No mantener distancia de seguridad
2182123;8/08/2018;2:40:00 p. m.;Miércoles;2018;Agosto;CAMIONETA;PARTICULAR;Peaton;36;MASCULINO;HERIDOS;0;0;0;0;CARRERA 48 CON CALLE 27  A SUR 89;;LAS VEGAS;6.181980888478793, -75.5869714469807;ATROPELLO;NO REPORTADO;NO REPORTADO;RESIDENCIAL;Normal;Impericia en el manejo  -  Poner en marcha un vehiculo sin precauci
2182129;8/08/2018;2:30:00 p. m.;Miércoles;2018;Agosto;MOTOCICLETA;PARTICULAR;Motociclista;29;MASCULINO;HERIDOS;0;0;0;0;CALLE 48 C SUR CON CARRERA 42 D 80;;LOMA DEL BARRO;6.160508764559198, -75.59642684595363;CHOQUE;VEHICULO;NO REPORTADO;RESIDENCIAL;Normal;Poner en marcha un vehiculo sin precauci
2182134;10/08/2018;6:00:00 a. m.;Viernes;2018;Agosto;MOTOCICLETA;PARTICULAR;Motociclista;21;FEMENINO;HERIDOS;0;0;0;0;CARRERA 43 A CON CALLE 45 B SUR 81;;PRIMAVERA;6.165286898505269, -75.59483595954202;CHOQUE;VEHICULO;NO REPORTADO;RESIDENCIAL;Normal;Adelantar cerrando
2182135;10/08/2018;6:10:00 a. m.;Viernes;2018;Agosto;MOTOCICLETA;PARTICULAR;Motociclista;28;MASCULINO;HERIDOS;0;0;0;0;KILOMETRO 6+060;retiro varia palmas enviga (km 5+43 - km 14+ 550);VEREDA PERICO;6.169665467066108, -75.48295830377761;CHOQUE;VEHICULO;NO REPORTADO;NO REPORTADO;Normal;No mantener distancia de seguridad
2182136;11/08/2018;9:45:00 p. m.;Sábado;2018;Agosto;MOTOCICLETA;PARTICULAR;Peaton;73;FEMENINO;HERIDOS;0;0;0;0;CALLE 39 SUR CON CARRERA 43 A;;ZONA CENTRO;6.16994400412413, -75.58964694698331;ATROPELLO;NO REPORTADO;NO REPORTADO;RESIDENCIAL;Normal;Embriaguez aparente
2182138;12/08/2018;12:50:00 a. m.;Domingo;2018;Agosto;AUTOMOVIL;PUBLICO;Conductor;45;FEMENINO;HERIDOS;0;0;0;0;CALLE 37 SUR  CON CARRERA 32;;MESA;6.166789395397523, -75.58115674780309;CHOQUE;VEHICULO;NO REPORTADO;RESIDENCIAL;Normal;Desobedecer señales  -  Exceso de velocidad
2182139;12/08/2018;10:20:00 p. m.;Domingo;2018;Agosto;MOTOCICLETA;DIPLOMATICO;Motociclista;21;MASCULINO;HERIDOS;0;0;0;0;CARRERA 40 CON CALLE 39 SUR;;MESA;6.168208107085407, -75.58666307026444;CHOQUE;VEHICULO;NO REPORTADO;RESIDENCIAL;Normal;Embriaguez o droga  -  Semaforo en rojo
2182139;12/08/2018;10:20:00 p. m.;Domingo;2018;Agosto;MOTOCICLETA;PARTICULAR;Acompañante;33;FEMENINO;HERIDOS;0;0;0;0;CARRERA 40 CON CALLE 39 SUR;;MESA;6.168208107085407, -75.58666307026444;CHOQUE;VEHICULO;NO REPORTADO;RESIDENCIAL;Normal;Embriaguez o droga  -  Semaforo en rojo
2182139;12/08/2018;10:20:00 p. m.;Domingo;2018;Agosto;MOTOCICLETA;PARTICULAR;Motociclista;35;MASCULINO;HERIDOS;0;0;0;0;CARRERA 40 CON CALLE 39 SUR;;MESA;6.168208107085407, -75.58666307026444;CHOQUE;VEHICULO;NO REPORTADO;RESIDENCIAL;Normal;Embriaguez o droga  -  Semaforo en rojo
2182140;11/08/2018;12:30:00 p. m.;Sábado;2018;Agosto;MOTOCICLETA;PARTICULAR;Motociclista;40;MASCULINO;HERIDOS;0;0;0;0;TRANSVERSAL 34 SUR CON DIAGONAL 32 D;;LA MAGNOLIA;6.173444958261002, -75.5829829576966;CHOQUE;VEHICULO;NO REPORTADO;RESIDENCIAL;Normal;Desobedecer señales
2182147;9/08/2018;7:15:00 p. m.;Jueves;2018;Agosto;MOTOCICLETA;PARTICULAR;Motociclista;31;FEMENINO;HERIDOS;0;0;0;0;CARRERA 43 A CON CALLE 33 SUR 19;;ZONA CENTRO;6.173601595936965, -75.58676773934873;CHOQUE;VEHICULO;NO REPORTADO;RESIDENCIAL;Normal;Adelantar por la derecha
2182148;13/08/2018;4:10:00 p. m.;Lunes;2018;Agosto;MOTOCICLETA;PARTICULAR;Motociclista;32;FEMENINO;HERIDOS;0;0;0;0;CARRERA 48 CON CALLE 30 SUR;;LAS VEGAS;6.179496718217783, -75.58819458527805;CHOQUE;VEHICULO;NO REPORTADO;RESIDENCIAL;Normal;No mantener distancia de seguridad
2182149;10/08/2018;8:14:00 p. m.;Viernes;2018;Agosto;MOTOCICLETA;PARTICULAR;Motociclista;22;MASCULINO;HERIDOS;0;0;0;0;TRANSVERSAL  32 C SUR CON DIAGONAL 32 D;;LA MAGNOLIA;6.174734859107413, -75.58392636323269;CHOQUE;VEHICULO;NO REPORTADO;RESIDENCIAL;Normal;Desobedecer señales
2182174;12/08/2018;2:00:00 p. m.;Domingo;2018;Agosto;MOTOCICLETA;PARTICULAR;Acompañante;22;FEMENINO;HERIDOS;0;0;0;0;KILOMETRO 4 VIA A LA CATEDRAL;catedral;VEREDA EL VALLANO;6.127988324263455, -75.5869412346662;CAIDA OCUPANTE;NO REPORTADO;NO REPORTADO;NO REPORTADO;Normal;Exceso de velocidad  -  Impericia en el manejo
2182174;12/08/2018;2:00:00 p. m.;Domingo;2018;Agosto;MOTOCICLETA;PARTICULAR;Motociclista;20;FEMENINO;HERIDOS;0;0;0;0;KILOMETRO 4 VIA A LA CATEDRAL;catedral;VEREDA EL VALLANO;6.127988324263455, -75.5869412346662;CAIDA OCUPANTE;NO REPORTADO;NO REPORTADO;NO REPORTADO;Normal;Exceso de velocidad  -  Impericia en el manejo
2182176;13/08/2018;7:30:00 p. m.;Lunes;2018;Agosto;BUS;PUBLICO;Pasajero;61;MASCULINO;HERIDOS;0;0;0;0;CARRERA 45 CON CALLE 30 SUR;;JARDINES;6.1778229186503655, -75.58610889920341;OTRO;NO REPORTADO;NO REPORTADO;RESIDENCIAL;Normal;Exceso de velocidad  -  Fallas en los frenos
2182176;13/08/2018;7:30:00 p. m.;Lunes;2018;Agosto;BUS;PUBLICO;Pasajero;20;FEMENINO;HERIDOS;0;0;0;0;CARRERA 45 CON CALLE 30 SUR;;JARDINES;6.1778229186503655, -75.58610889920341;OTRO;NO REPORTADO;NO REPORTADO;RESIDENCIAL;Normal;Exceso de velocidad  -  Fallas en los frenos
2182176;13/08/2018;7:30:00 p. m.;Lunes;2018;Agosto;BUS;PUBLICO;Pasajero;53;MASCULINO;HERIDOS;0;0;0;0;CARRERA 45 CON CALLE 30 SUR;;JARDINES;6.1778229186503655, -75.58610889920341;OTRO;NO REPORTADO;NO REPORTADO;RESIDENCIAL;Normal;Exceso de velocidad  -  Fallas en los frenos
2182177;14/08/2018;7:30:00 a. m.;Martes;2018;Agosto;MOTOCICLETA;PARTICULAR;Motociclista;39;MASCULINO;HERIDOS;0;0;0;0;KILOMETRO 13+00;medell??n palmas envigado (km 12 - km 16+700);VEREDA PALMAS;6.165592595898619, -75.54510949704054;CHOQUE;VEHICULO;NO REPORTADO;NO REPORTADO;Normal;Adelantar invadiendo carril del mismo sentido en zigzag
2182180;14/08/2018;10:25:00 a. m.;Martes;2018;Agosto;MOTOCICLETA;PARTICULAR;Motociclista;36;MASCULINO;HERIDOS;0;0;0;0;DIAGONAL 31 E CON TRANSVERSAL 34 SUR;;LA MAGNOLIA;6.173850026702313, -75.58102903439766;CHOQUE;VEHICULO;NO REPORTADO;RESIDENCIAL;Normal;Adelantar cerrando  -  Adelantar por la derecha
2182184;15/08/2018;12:30:00 p. m.;Miércoles;2018;Agosto;MOTOCICLETA;PARTICULAR;Motociclista;24;FEMENINO;HERIDOS;0;0;0;0;CARRERA 50 CON CALLE 37 SUR;;LAS VEGAS;6.175135, -75.595369;CHOQUE;VEHICULO;NO REPORTADO;RESIDENCIAL;Normal;No mantener distancia de seguridad
2182184;15/08/2018;12:30:00 p. m.;Miércoles;2018;Agosto;MOTOCICLETA;PARTICULAR;Motociclista;20;MASCULINO;HERIDOS;0;0;0;0;CARRERA 50 CON CALLE 37 SUR;;LAS VEGAS;6.175135, -75.595369;CHOQUE;VEHICULO;NO REPORTADO;RESIDENCIAL;Normal;No mantener distancia de seguridad
2182185;15/08/2018;6:45:00 a. m.;Miércoles;2018;Agosto;MOTOCICLETA;PARTICULAR;Motociclista;22;MASCULINO;HERIDOS;0;0;0;0;CARRERA 50 CON CALLE 32 B SUR 24;;LAS VEGAS;6.178257, -75.591896;CHOQUE;VEHICULO;NO REPORTADO;RESIDENCIAL;Normal;Adelantar invadiendo carril del mismo sentido en zigzag
2182186;15/08/2018;6:20:00 p. m.;Miércoles;2018;Agosto;AUTOMOVIL;PARTICULAR;Peaton;29;FEMENINO;HERIDOS;0;0;0;0;CARRERA 48 CON CALLE 27 A SUR ;;LAS VEGAS;6.1822795488931686, -75.5869714469807;ATROPELLO;NO REPORTADO;NO REPORTADO;RESIDENCIAL;Normal;Desobedecer señales  -  No respetar prelacion
2182191;15/08/2018;7:00:00 a. m.;Miércoles;2018;Agosto;MOTOCICLETA;PARTICULAR;Motociclista;45;FEMENINO;HERIDOS;0;0;0;0;CARRERA 48 CON CALLE 26 SUR;;LAS VEGAS;6.183410349274593, -75.58533829909211;CHOQUE;VEHICULO;NO REPORTADO;RESIDENCIAL;Normal;No mantener distancia de seguridad
2182203;16/08/2018;3:00:00 p. m.;Jueves;2018;Agosto;MOTOCICLETA;PARTICULAR;Acompañante;19;FEMENINO;HERIDOS;0;0;0;0;CALLE 48 F SUR  CON CARRERA 39 B 143;;LOMA DEL BARRO;6.1539437872675755, -75.59867831587657;CAIDA OCUPANTE;NO REPORTADO;NO REPORTADO;RESIDENCIAL;Normal;Superficie lisa
2182203;16/08/2018;3:00:00 p. m.;Jueves;2018;Agosto;MOTOCICLETA;PARTICULAR;Motociclista;36;FEMENINO;HERIDOS;0;0;0;0;CALLE 48 F SUR  CON CARRERA 39 B 143;;LOMA DEL BARRO;6.1539437872675755, -75.59867831587657;CAIDA OCUPANTE;NO REPORTADO;NO REPORTADO;RESIDENCIAL;Normal;Superficie lisa
2182204;19/08/2018;7:50:00 p. m.;Domingo;2018;Agosto;MOTOCICLETA;PARTICULAR;Motociclista;21;MASCULINO;MUERTOS;0;0;0;0;KILOMETRO 12+670;retiro varia palmas enviga (km 5+43 - km 14+ 550);VEREDA PALMAS;6.160181, -75.523035;CHOQUE;VEHICULO;NO REPORTADO;NO REPORTADO;Normal;Adelantar invadiendo carril de sentido contrario