NRO_RADICADO;FECHA_ACCIDENTE;HORA_ACCIDENTE;Día de la semana;AÑO;MES;CLASE_VEHICULO;TIPO_SERVICIO;TIPO_VICTIMA;EDAD;GENERO;GRAVEDAD;ESTADO_BEODEZ;ESTADO_DROGA;RESULTADO_BEODEZ;RESUL_BEODEZ_GRAMOS;DIRECCION_CARACT_VIA;TRAMO_VIA;LOCALIDAD_O_COMUNA;    GEORREFERENCIACIÓN;DESC_CLASE_ACCIDENTE;DESC_CHOQUE_ACCIDENTE;DESC_OBJETO_FIJO;DESC_SECTOR_ACCIDENTE;CONDICION_CLIMATICA;CAUSA_ACCIDENTE
2182206;12/08/2018;8:30:00 p. m.;Domingo;2018;Agosto;MOTOCICLETA;PARTICULAR;Motociclista;24;MASCULINO;HERIDOS;0;0;0;0;CARRERA 27 CON CALLE 23 SUR 145;;ZUÑIGA;6.175731717913391, -75.5670784713083;CHOQUE;OBJETO FIJO;OTRO TIPO;RESIDENCIAL;Normal;Exceso de velocidad  -  Impericia en el manejo
2182206;12/08/2018;8:30:00 p. m.;Domingo;2018;Agosto;MOTOCICLETA;PARTICULAR;Acompañante;20;FEMENINO;HERIDOS;0;0;0;0;CARRERA 27 CON CALLE 23 SUR 145;;ZUÑIGA;6.175731717913391, -75.5670784713083;CHOQUE;OBJETO FIJO;OTRO TIPO;RESIDENCIAL;Normal;Exceso de velocidad  -  Impericia en el manejo
2182208;15/08/2018;4:50:00 p. m.;Miércoles;2018;Agosto;MOTOCICLETA;DIPLOMATICO;Acompañante;32;FEMENINO;HERIDOS;0;0;0;0;CARRERA 43 A CON CALLE 32 A SUR;;SAN MARCOS;6.175036681815801, -75.58608721074171;CHOQUE;VEHICULO;NO REPORTADO;RESIDENCIAL;Normal;Girar bruscamente
2182214;17/08/2018;5:20:00 p. m.;Viernes;2018;Agosto;MOTOCICLETA;PARTICULAR;Motociclista;50;MASCULINO;HERIDOS;0;0;0;0;CALLE 25 SUR CON CARRERA 48-210;;LAS VEGAS;6.186355148112261, -75.5834047908852;CHOQUE;VEHICULO;NO REPORTADO;RESIDENCIAL;Normal;Adelantar por la derecha
2182215;17/08/2018;6:15:00 a. m.;Viernes;2018;Agosto;MOTOCICLETA;PARTICULAR;Motociclista;54;MASCULINO;HERIDOS;0;0;0;0;CALLE 36 SUR CON CARRERA 27 B;;LA INMACULADA;6.1675330272525075, -75.57262131678236;CHOQUE;VEHICULO;NO REPORTADO;RESIDENCIAL;Normal;Adelantar por la derecha
2182220;18/08/2018;10:15:00 p. m.;Sábado;2018;Agosto;MOTOCICLETA;PARTICULAR;Acompañante;34;FEMENINO;HERIDOS;0;0;0;0;CALLE 46 D SUR CON CARRERA 42B;;LA PAZ;6.161421778654129, -75.59465014751477;CAIDA OCUPANTE;NO REPORTADO;NO REPORTADO;RESIDENCIAL;Normal;Impericia en el manejo
2182222;18/08/2018;12:00:00 p. m.;Sábado;2018;Agosto;MOTOCICLETA;PARTICULAR;Motociclista;31;MASCULINO;HERIDOS;0;0;0;0;CALLE 25 SUR CARRERA 47;;BOSQUES DE ZUÑIGA;6.184910799544079, -75.58257091250968;CHOQUE;VEHICULO;NO REPORTADO;RESIDENCIAL;Normal;Adelantar por la derecha  -  Recoger o dejar pasajeros en calzada
2182224;20/08/2018;6:00:00 a. m.;Lunes;2018;Agosto;MOTOCICLETA;PARTICULAR;Motociclista;31;MASCULINO;HERIDOS;0;0;0;0;CALLE 24 SUR  CON CARRERA 43 A 60;;ZUÑIGA;6.181729696085021, -75.58084275275306;CHOQUE;VEHICULO;NO REPORTADO;RESIDENCIAL;Normal;No respetar prelacion
2182225;20/08/2018;6:20:00 p. m.;Lunes;2018;Agosto;MOTOCICLETA;DIPLOMATICO;Motociclista;17;MASCULINO;HERIDOS;0;0;0;0;CARRERA 43 A CON CALLE 49 SUR;;LAS CASITAS;6.16093390552665, -75.60021457223021;CHOQUE;VEHICULO;NO REPORTADO;RESIDENCIAL;Normal;Impericia en el manejo
2182225;20/08/2018;6:20:00 p. m.;Lunes;2018;Agosto;MOTOCICLETA;DIPLOMATICO;Acompañante;17;FEMENINO;HERIDOS;0;0;0;0;CARRERA 43 A CON CALLE 49 SUR;;LAS CASITAS;6.16093390552665, -75.60021457223021;CHOQUE;VEHICULO;NO REPORTADO;RESIDENCIAL;Normal;Impericia en el manejo
2182226;17/08/2018;7:00:00 p. m.;Viernes;2018;Agosto;CAMION;PUBLICO;Peaton;78;FEMENINO;HERIDOS;0;0;0;0;CARRERA 40 A CON CALLE 37 SUR;;ZONA CENTRO;6.16992340244758, -75.58588050095155;ATROPELLO;NO REPORTADO;NO REPORTADO;RESIDENCIAL;Normal;Reverso imprudente
2182228;21/08/2018;7:05:00 a. m.;Martes;2018;Agosto;MOTOCICLETA;PARTICULAR;Motociclista;28;MASCULINO;HERIDOS;0;0;0;0;CALLE 39 SUR CON CARRERA 31;;MESA;6.164446195839063, -75.5817928864328;CHOQUE;VEHICULO;NO REPORTADO;RESIDENCIAL;Normal;Desobedecer señales
2182230;22/08/2018;8:40:00 a. m.;Miércoles;2018;Agosto;MOTOCICLETA;PARTICULAR;Acompañante;28;MASCULINO;HERIDOS;0;0;0;0;DIAGONAL 31 A CON TRANSVERSAL 34 E SUR;;LA SEBASTIANA;6.171139320767176, -75.57998756919567;CHOQUE;VEHICULO;NO REPORTADO;RESIDENCIAL;Normal;No mantener distancia de seguridad
2182230;22/08/2018;8:40:00 a. m.;Miércoles;2018;Agosto;AUTOMOVIL;PARTICULAR;Conductor;31;FEMENINO;HERIDOS;0;0;0;0;DIAGONAL 31 A CON TRANSVERSAL 34 E SUR;;LA SEBASTIANA;6.171139320767176, -75.57998756919567;CHOQUE;VEHICULO;NO REPORTADO;RESIDENCIAL;Normal;No mantener distancia de seguridad
2182238;21/08/2018;6:30:00 p. m.;Martes;2018;Agosto;AUTOMOVIL;PARTICULAR;Conductor;22;FEMENINO;HERIDOS;0;0;0;0;CARRERA 48 CON CALLE 25 A SUR;;LAS VEGAS;6.185426490957853, -75.58333382422884;CHOQUE;VEHICULO;NO REPORTADO;RESIDENCIAL;Normal;Semaforo en rojo
2182238;21/08/2018;6:30:00 p. m.;Martes;2018;Agosto;MOTOCICLETA;PARTICULAR;Motociclista;23;MASCULINO;HERIDOS;0;0;0;0;CARRERA 48 CON CALLE 25 A SUR;;LAS VEGAS;6.185426490957853, -75.58333382422884;CHOQUE;VEHICULO;NO REPORTADO;RESIDENCIAL;Normal;Semaforo en rojo
2182243;20/08/2018;12:30:00 p. m.;Lunes;2018;Agosto;MOTOCICLETA;PARTICULAR;Motociclista;50;MASCULINO;HERIDOS;0;0;0;0;CARRERA 29 A CON CALLE 39 B SUR 35;;SAN JOSE;6.163670636769954, -75.58094316184284;CHOQUE;VEHICULO;NO REPORTADO;RESIDENCIAL;Normal;Impericia en el manejo
2182246;22/08/2018;6:30:00 p. m.;Miércoles;2018;Agosto;MOTOCICLETA;PARTICULAR;Motociclista;54;MASCULINO;HERIDOS;0;0;0;0;CARRERA 43 A CON CALLE 32 A SUR;;SAN MARCOS;6.174990328560035, -75.58593425717432;CHOQUE;VEHICULO;NO REPORTADO;RESIDENCIAL;Normal;Adelantar cerrando  -  Transitar entre vehiculos
2182250;22/08/2018;6:15:00 p. m.;Miércoles;2018;Agosto;MOTOCICLETA;PARTICULAR;Motociclista;21;FEMENINO;HERIDOS;0;0;0;0;DIAGONAL 31 TRANSVERSAL 36 A SUR 80;;LA SEBASTIANA;6.168096870071916, -75.58033243563162;CAIDA OCUPANTE;NO REPORTADO;NO REPORTADO;RESIDENCIAL;Normal;Impericia en el manejo
2182250;22/08/2018;6:15:00 p. m.;Miércoles;2018;Agosto;MOTOCICLETA;PARTICULAR;Acompañante;18;FEMENINO;HERIDOS;0;0;0;0;DIAGONAL 31 TRANSVERSAL 36 A SUR 80;;LA SEBASTIANA;6.168096870071916, -75.58033243563162;CAIDA OCUPANTE;NO REPORTADO;NO REPORTADO;RESIDENCIAL;Normal;Impericia en el manejo
2182252;22/08/2018;6:00:00 p. m.;Miércoles;2018;Agosto;AUTOMOVIL;PARTICULAR;Acompañante;49;MASCULINO;HERIDOS;0;0;0;0;DIAGONAL 31 B  TRANSVERSAL 34 DD SUR 24;;LA SEBASTIANA;6.171469497046939, -75.57988936030264;CHOQUE;OBJETO FIJO;ARBOL;RESIDENCIAL;Normal;Desobedecer señales  -  Impericia en el manejo
2182252;22/08/2018;6:00:00 p. m.;Miércoles;2018;Agosto;AUTOMOVIL;PARTICULAR;Acompañante;24;MASCULINO;HERIDOS;0;0;0;0;DIAGONAL 31 B  TRANSVERSAL 34 DD SUR 24;;LA SEBASTIANA;6.171469497046939, -75.57988936030264;CHOQUE;OBJETO FIJO;ARBOL;RESIDENCIAL;Normal;Desobedecer señales  -  Impericia en el manejo
2182261;22/08/2018;4:50:00 p. m.;Miércoles;2018;Agosto;MOTOCICLETA;PARTICULAR;Motociclista;26;MASCULINO;HERIDOS;0;0;0;0;CARRERA 50 CON CALLE 43 SUR ;;LAS VEGAS;6.171018, -75.600755;CHOQUE;VEHICULO;NO REPORTADO;RESIDENCIAL;Normal;Impericia en el manejo
2182264;23/08/2018;7:10:00 p. m.;Jueves;2018;Agosto;BUS;PUBLICO;Pasajero;47;FEMENINO;HERIDOS;0;0;0;;CALLE 34 DD SUR CARRERA 27 D 90;;URIBE ANGEL;6.17127970144349, -75.57637672423195;CAIDA OCUPANTE;NO REPORTADO;NO REPORTADO;RESIDENCIAL;Normal;Transitar con las puertas abiertas
2182265;26/08/2018;10:00:00 p. m.;Domingo;2018;Agosto;MOTOCICLETA;PARTICULAR;Peaton;5;MASCULINO;HERIDOS;0;0;0;0;CARRERA 26 CON CALLE 41 A SUR 58;;SAN RAFAEL;6.156833487099934, -75.5835323549228;ATROPELLO;NO REPORTADO;NO REPORTADO;RESIDENCIAL;Normal;Exceso de velocidad  -  No respetar prelacion
2182266;22/08/2018;8:00:00 a. m.;Miércoles;2018;Agosto;BUSETA;PUBLICO;Pasajero;46;FEMENINO;HERIDOS;0;0;0;0;CARRERA 25 CON CALLE 39 SUR 26;;EL CHINGUÍ;6.153937558966093, -75.5745104162989;CAIDA OCUPANTE;NO REPORTADO;NO REPORTADO;RESIDENCIAL;Normal;Arrancar sin precaucion
2182267;24/08/2018;4:50:00 p. m.;Viernes;2018;Agosto;MOTOCICLETA;PARTICULAR;Motociclista;19;FEMENINO;HERIDOS;0;0;0;0;CARRERA 24 DD CON CALLE 41 SUR 190;;LA MINA;6.158445935380606, -75.58232894040518;CHOQUE;VEHICULO;NO REPORTADO;RESIDENCIAL;Normal;Girar bruscamente
2182268;25/08/2018;1:30:00 p. m.;Sábado;2018;Agosto;AUTOMOVIL;PUBLICO;Peaton;18;FEMENINO;HERIDOS;0;0;0;;CALLE 41 SUR CON CARRERA 25-149;;LA MINA;6.1541888267018665, -75.58483829301838;ATROPELLO;NO REPORTADO;NO REPORTADO;RESIDENCIAL;Normal;Reverso imprudente
2182269;25/08/2018;2:55:00 a. m.;Sábado;2018;Agosto;AUTOMOVIL;PARTICULAR;Conductor;30;MASCULINO;HERIDOS;0;0;0;0;CARRERA 43 A CON CALLE 25 A SUR ;;VILLA GRANDE;6.181491481303356, -75.58179288006247;CHOQUE;VEHICULO;NO REPORTADO;RESIDENCIAL;Normal;Semaforo en rojo
2182269;25/08/2018;2:55:00 a. m.;Sábado;2018;Agosto;AUTOMOVIL;PUBLICO;Pasajero;18;FEMENINO;HERIDOS;0;0;0;0;CARRERA 43 A CON CALLE 25 A SUR ;;VILLA GRANDE;6.181491481303356, -75.58179288006247;CHOQUE;VEHICULO;NO REPORTADO;RESIDENCIAL;Normal;Semaforo en rojo
2182269;25/08/2018;2:55:00 a. m.;Sábado;2018;Agosto;AUTOMOVIL;PUBLICO;Pasajero;20;FEMENINO;HERIDOS;0;0;0;0;CARRERA 43 A CON CALLE 25 A SUR ;;VILLA GRANDE;6.181491481303356, -75.58179288006247;CHOQUE;VEHICULO;NO REPORTADO;RESIDENCIAL;Normal;Semaforo en rojo
2182269;25/08/2018;2:55:00 a. m.;Sábado;2018;Agosto;AUTOMOVIL;PUBLICO;Pasajero;21;MASCULINO;HERIDOS;0;0;0;0;CARRERA 43 A CON CALLE 25 A SUR ;;VILLA GRANDE;6.181491481303356, -75.58179288006247;CHOQUE;VEHICULO;NO REPORTADO;RESIDENCIAL;Normal;Semaforo en rojo
2182280;27/08/2018;6:00:00 a. m.;Lunes;2018;Agosto;AUTOMOVIL;PARTICULAR;Acompañante;20;FEMENINO;HERIDOS;0;0;0;0;KILOMETRO 13+100;medell??n palmas envigado (km 12 - km 16+700);VEREDA PALMAS;6.1647261662395625, -75.54500025852985;CHOQUE;OBJETO FIJO;MURO;NO REPORTADO;Lluvia;Exceso de velocidad  -  Impericia en el manejo
2182282;25/08/2018;4:00:00 p. m.;Sábado;2018;Agosto;BICICLETA;PARTICULAR;Ciclista;12;MASCULINO;HERIDOS;0;0;0;0;CALLE 36 SUR  CON TRANSVERSAL 35;;LOS NARANJOS;6.168861556737419, -75.58322915917248;CHOQUE;VEHICULO;NO REPORTADO;RESIDENCIAL;Normal;Transitar en contravia
2182284;25/08/2018;12:30:00 p. m.;Sábado;2018;Agosto;MOTOCICLETA;PARTICULAR;Motociclista;19;MASCULINO;HERIDOS;0;0;0;0;CALLE 25 SUR CON CARRERA 48-61;;LAS VEGAS;6.186103135200292, -75.5837142418184;CHOQUE;VEHICULO;NO REPORTADO;RESIDENCIAL;Normal;Adelantar en zona prohibida
2182286;26/08/2018;4:30:00 p. m.;Domingo;2018;Agosto;MOTOCICLETA;PARTICULAR;Acompañante;23;FEMENINO;HERIDOS;0;0;0;0;CALLE 40 SUR CR 27;;EL SALADO;6.169020006423833, -75.59134187026419;CAIDA OCUPANTE;NO REPORTADO;NO REPORTADO;RESIDENCIAL;Normal;Impericia en el manejo
2182298;27/08/2018;7:50:00 a. m.;Lunes;2018;Agosto;MOTOCICLETA;PARTICULAR;Motociclista;28;FEMENINO;HERIDOS;0;0;0;0;DIAGONAL 31C  CON TRANSVERSAL 32 D SUR 28;;LAS FLORES;6.1750482933328605, -75.5804392037172;CHOQUE;VEHICULO;NO REPORTADO;RESIDENCIAL;Normal;Adelantar en zona prohibida
2182311;29/08/2018;10:50:00 a. m.;Miércoles;2018;Agosto;MOTOCICLETA;PARTICULAR;Acompañante;54;MASCULINO;HERIDOS;0;0;0;0;CARRERA 48 CON CALLE 27 A SUR  09;;LAS VEGAS;6.181564983566052, -75.58687477025539;CHOQUE;VEHICULO;NO REPORTADO;RESIDENCIAL;Normal;Impericia en el manejo
2182311;29/08/2018;10:50:00 a. m.;Miércoles;2018;Agosto;MOTOCICLETA;PARTICULAR;Motociclista;42;FEMENINO;HERIDOS;0;0;0;0;CARRERA 48 CON CALLE 27 A SUR  09;;LAS VEGAS;6.181564983566052, -75.58687477025539;CHOQUE;VEHICULO;NO REPORTADO;RESIDENCIAL;Normal;Impericia en el manejo
2182314;29/08/2018;10:00:00 a. m.;Miércoles;2018;Agosto;MOTOCICLETA;PARTICULAR;Motociclista;34;MASCULINO;HERIDOS;0;0;0;0;CARRERA 33 CON CALLE 37 SUR 41;;MESA;6.1669583681078874, -75.58144541957748;CHOQUE;VEHICULO;NO REPORTADO;RESIDENCIAL;Normal;Arrancar sin precaucion
2182333;2/09/2018;4:30:00 a. m.;Domingo;2018;Septiembre;MOTOCICLETA;PARTICULAR;Motociclista;21;FEMENINO;HERIDOS;0;0;0;0;CARRERA 50 CON CALLE 28 SUR;;LAS VEGAS;6.182172, -75.589410;OTRO;NO REPORTADO;NO REPORTADO;RESIDENCIAL;Normal;Exceso de velocidad  -  Impericia en el manejo
2182335;2/09/2018;10:55:00 p. m.;Domingo;2018;Septiembre;MOTOCICLETA;PARTICULAR;Acompañante;17;FEMENINO;HERIDOS;0;0;0;0;CARRERA 48 CON CALLE 50 SUR;;LAS VEGAS;6.162072458716961, -75.60353659646475;CHOQUE;OBJETO FIJO;OTRO TIPO;RESIDENCIAL;Normal;Impericia en el manejo  -  Impericia en el manejo
2182335;2/09/2018;10:55:00 p. m.;Domingo;2018;Septiembre;MOTOCICLETA;PARTICULAR;Motociclista;18;MASCULINO;HERIDOS;0;0;0;0;CARRERA 48 CON CALLE 50 SUR;;LAS VEGAS;6.162072458716961, -75.60353659646475;CHOQUE;OBJETO FIJO;OTRO TIPO;RESIDENCIAL;Normal;Impericia en el manejo  -  Impericia en el manejo
2182343;31/08/2018;7:20:00 a. m.;Viernes;2018;Agosto;CAMIONETA;PARTICULAR;Conductor;44;FEMENINO;HERIDOS;0;0;0;0;CARRERA 48 CON CALLE 49 SUR 28;;LAS VEGAS;6.162891073758645, -75.60256486135498;CHOQUE;VEHICULO;NO REPORTADO;RESIDENCIAL;Normal;No mantener distancia de seguridad
2182349;29/08/2018;6:35:00 a. m.;Miércoles;2018;Agosto;MOTOCICLETA;PARTICULAR;Motociclista;50;MASCULINO;HERIDOS;0;0;0;0;KILOMETRO 12+700;medell??n palmas envigado (km 12 - km 16+700);VEREDA PALMAS;6.160177511090896, -75.52330583836458;CHOQUE;VEHICULO;NO REPORTADO;NO REPORTADO;Normal;Exceso de velocidad
2182350;31/08/2018;8:10:00 a. m.;Viernes;2018;Agosto;AUTOMOVIL;PUBLICO;Peaton;81;MASCULINO;HERIDOS;0;0;0;0;CALLE 39 SUR CON CARRERA 41;;ZONA CENTRO;6.168379838197592, -75.58698894751318;ATROPELLO;NO REPORTADO;NO REPORTADO;RESIDENCIAL;Normal;Cruzar sin observar
2182362;2/09/2018;10:30:00 a. m.;Domingo;2018;Septiembre;MOTOCICLETA;PARTICULAR;Motociclista;27;MASCULINO;HERIDOS;0;0;0;0;CARRERA 50 CON CALLE 39 SUR ;;LAS VEGAS;6.173831, -75.597143;CHOQUE;VEHICULO;NO REPORTADO;RESIDENCIAL;Normal;No mantener distancia de seguridad
2182370;1/09/2018;8:30:00 p. m.;Sábado;2018;Septiembre;AUTOMOVIL;PARTICULAR;Acompañante;14;MASCULINO;HERIDOS;0;0;0;0;KILOMETRO 10+060 VARIANTE;retiro varia palmas enviga (km 5+43 - km 14+ 550);VEREDA PANTANILLO;6.160493, -75.504633;CHOQUE;VEHICULO;NO REPORTADO;NO REPORTADO;Normal;No respetar prelacion
2182370;1/09/2018;8:30:00 p. m.;Sábado;2018;Septiembre;AUTOMOVIL;PARTICULAR;Conductor;45;MASCULINO;HERIDOS;0;0;0;0;KILOMETRO 10+060 VARIANTE;retiro varia palmas enviga (km 5+43 - km 14+ 550);VEREDA PANTANILLO;6.160493, -75.504633;CHOQUE;VEHICULO;NO REPORTADO;NO REPORTADO;Normal;No respetar prelacion
2182370;1/09/2018;8:30:00 p. m.;Sábado;2018;Septiembre;AUTOMOVIL;PARTICULAR;Acompañante;44;FEMENINO;HERIDOS;0;0;0;0;KILOMETRO 10+060 VARIANTE;retiro varia palmas enviga (km 5+43 - km 14+ 550);VEREDA PANTANILLO;6.160493, -75.504633;CHOQUE;VEHICULO;NO REPORTADO;NO REPORTADO;Normal;No respetar prelacion
2182370;1/09/2018;8:30:00 p. m.;Sábado;2018;Septiembre;AUTOMOVIL;PARTICULAR;Acompañante;40;FEMENINO;HERIDOS;0;0;0;0;KILOMETRO 10+060 VARIANTE;retiro varia palmas enviga (km 5+43 - km 14+ 550);VEREDA PANTANILLO;6.160493, -75.504633;CHOQUE;VEHICULO;NO REPORTADO;NO REPORTADO;Normal;No respetar prelacion
2182370;1/09/2018;8:30:00 p. m.;Sábado;2018;Septiembre;AUTOMOVIL;PARTICULAR;Acompañante;16;FEMENINO;HERIDOS;0;0;0;0;KILOMETRO 10+060 VARIANTE;retiro varia palmas enviga (km 5+43 - km 14+ 550);VEREDA PANTANILLO;6.160493, -75.504633;CHOQUE;VEHICULO;NO REPORTADO;NO REPORTADO;Normal;No respetar prelacion
2182370;1/09/2018;8:30:00 p. m.;Sábado;2018;Septiembre;AUTOMOVIL;PARTICULAR;Acompañante;28;FEMENINO;HERIDOS;0;0;0;0;KILOMETRO 10+060 VARIANTE;retiro varia palmas enviga (km 5+43 - km 14+ 550);VEREDA PANTANILLO;6.160493, -75.504633;CHOQUE;VEHICULO;NO REPORTADO;NO REPORTADO;Normal;No respetar prelacion
2182370;1/09/2018;8:30:00 p. m.;Sábado;2018;Septiembre;AUTOMOVIL;PARTICULAR;Conductor;24;MASCULINO;HERIDOS;0;0;0;0;KILOMETRO 10+060 VARIANTE;retiro varia palmas enviga (km 5+43 - km 14+ 550);VEREDA PANTANILLO;6.160493, -75.504633;CHOQUE;VEHICULO;NO REPORTADO;NO REPORTADO;Normal;No respetar prelacion
2182370;1/09/2018;8:30:00 p. m.;Sábado;2018;Septiembre;AUTOMOVIL;PARTICULAR;Acompañante;3;FEMENINO;HERIDOS;0;0;0;0;KILOMETRO 10+060 VARIANTE;retiro varia palmas enviga (km 5+43 - km 14+ 550);VEREDA PANTANILLO;6.160493, -75.504633;CHOQUE;VEHICULO;NO REPORTADO;NO REPORTADO;Normal;No respetar prelacion
2182372;31/08/2018;10:30:00 p. m.;Viernes;2018;Agosto;AUTOMOVIL;PARTICULAR;Conductor;25;MASCULINO;HERIDOS;0;0;0;0;CALLE 37 SUR  CON CARRERA 43 A;;ZONA CENTRO;6.171098208539811, -75.58826130555542;CHOQUE;VEHICULO;NO REPORTADO;RESIDENCIAL;Normal;No mantener distancia de seguridad
2182373;31/08/2018;9:15:00 a. m.;Viernes;2018;Agosto;AUTOMOVIL;PARTICULAR;Peaton;49;MASCULINO;HERIDOS;0;0;0;0;CALLE 36 SUR CON CARRERA 40-65;;ZONA CENTRO;6.171057035709135, -75.58517496232685;ATROPELLO;NO REPORTADO;NO REPORTADO;RESIDENCIAL;Normal;Poner en marcha un vehiculo sin precauci
2182375;29/08/2018;4:40:00 p. m.;Miércoles;2018;Agosto;MOTOCICLETA;PARTICULAR;Motociclista;33;MASCULINO;HERIDOS;0;0;0;0;CALLE 36 D SUR CON  CARRERA 27-71;;LA PRADERA;6.162879848023848, -75.57163962978292;CAIDA OCUPANTE;NO REPORTADO;NO REPORTADO;RESIDENCIAL;Normal;Impericia en el manejo  -  Impericia en el manejo
2182376;1/09/2018;8:40:00 a. m.;Sábado;2018;Septiembre;AUTOMOVIL;PARTICULAR;Acompañante;40;FEMENINO;HERIDOS;0;0;0;0;CARRERA 48 CON CALLE 30 SUR ;;LAS VEGAS;6.179496718217783, -75.58819458527805;CHOQUE;VEHICULO;NO REPORTADO;RESIDENCIAL;Normal;Semaforo en rojo
2182377;2/09/2018;10:50:00 a. m.;Domingo;2018;Septiembre;MOTOCICLETA;DIPLOMATICO;Motociclista;17;FEMENINO;HERIDOS;0;0;0;0;CALLE 39 B SUR CON CARRERA 31-50;;SAN JOSE;6.1636772624358445, -75.58248659198132;CHOQUE;VEHICULO;NO REPORTADO;RESIDENCIAL;Normal;Desobedecer señales
2182378;3/09/2018;11:40:00 p. m.;Lunes;2018;Septiembre;MOTOCICLETA;PARTICULAR;Motociclista;19;MASCULINO;HERIDOS;0;0;0;0;CALLE 39 SUR CON CARRERA 36;;MESA;6.166237830051101, -75.58462002081697;CHOQUE;VEHICULO;NO REPORTADO;RESIDENCIAL;Normal;Desobedecer señales
2182379;3/09/2018;12:40:00 p. m.;Lunes;2018;Septiembre;AUTOMOVIL;PARTICULAR;Conductor;54;FEMENINO;HERIDOS;0;0;0;0;CALLE 26 B SUR CARRERA 42 B;;LAS ORQUIDEAS;6.17971200127618, -75.58137106032433;CHOQUE;VEHICULO;NO REPORTADO;RESIDENCIAL;Normal;No mantener distancia de seguridad
2182385;4/09/2018;10:40:00 a. m.;Martes;2018;Septiembre;BICICLETA;PARTICULAR;Ciclista;15;MASCULINO;HERIDOS;0;0;0;0;CALLE 40 F SUR CON CARRERA 24 B 200;;LA MINA;6.161068979712834, -75.58380707756014;CHOQUE;VEHICULO;NO REPORTADO;RESIDENCIAL;Normal;No respetar prelacion
2182385;4/09/2018;10:40:00 a. m.;Martes;2018;Septiembre;BICICLETA;PARTICULAR;Acompañante;12;MASCULINO;HERIDOS;0;0;0;0;CALLE 40 F SUR CON CARRERA 24 B 200;;LA MINA;6.161068979712834, -75.58380707756014;CHOQUE;VEHICULO;NO REPORTADO;RESIDENCIAL;Normal;No respetar prelacion
2182387;3/09/2018;3:40:00 p. m.;Lunes;2018;Septiembre;AUTOMOVIL;PARTICULAR;Acompañante;6;FEMENINO;HERIDOS;0;0;0;0;CALLE 37 SUR CON CARRERA 32-07;;MESA;6.167504067322598, -75.5813820533516;CHOQUE;VEHICULO;NO REPORTADO;RESIDENCIAL;Normal;No mantener distancia de seguridad
2182392;5/09/2018;2:05:00 p. m.;Miércoles;2018;Septiembre;MOTOCICLETA;PARTICULAR;Acompañante;60;FEMENINO;HERIDOS;0;0;0;0;CARRERA 42 B CON CALLE 45 B SUR 15;;LA PAZ;6.165339377586791, -75.5944819088895;CAIDA OCUPANTE;NO REPORTADO;NO REPORTADO;RESIDENCIAL;Normal;Impericia en el manejo
2182392;5/09/2018;2:05:00 p. m.;Miércoles;2018;Septiembre;MOTOCICLETA;PARTICULAR;Motociclista;48;FEMENINO;HERIDOS;0;0;0;0;CARRERA 42 B CON CALLE 45 B SUR 15;;LA PAZ;6.165339377586791, -75.5944819088895;CAIDA OCUPANTE;NO REPORTADO;NO REPORTADO;RESIDENCIAL;Normal;Impericia en el manejo
2182394;4/09/2018;11:10:00 a. m.;Martes;2018;Septiembre;MOTOCICLETA;PARTICULAR;Peaton;59;FEMENINO;HERIDOS;0;0;0;0;CALLE 36 SUR  CON CARRERA 41 -17;;ZONA CENTRO;6.170689527065059, -75.58606439974643;ATROPELLO;NO REPORTADO;NO REPORTADO;RESIDENCIAL;Normal;Cruzar sin observar  -  No respetar prelacion
2182410;5/09/2018;11:05:00 a. m.;Miércoles;2018;Septiembre;MOTOCICLETA;PARTICULAR;Motociclista;35;MASCULINO;HERIDOS;0;0;0;0;CARRERA 41 A CON CALLE 42 SUR 45;;EL DORADO;6.164091711688174, -75.59165209437505;CHOQUE;VEHICULO;NO REPORTADO;RESIDENCIAL;Normal;Desobedecer señales  -  Exceso de velocidad
2182411;4/09/2018;7:25:00 a. m.;Martes;2018;Septiembre;CAMPERO;PARTICULAR;Peaton;24;MASCULINO;HERIDOS;0;0;0;0;CARRERA 41 CON CALLE 40 SUR 13;;EL DORADO;6.1677150069189866, -75.58786807026442;ATROPELLO;NO REPORTADO;NO REPORTADO;RESIDENCIAL;Normal;Subirse al anden o vias Peatonales
2182414;5/09/2018;4:40:00 p. m.;Miércoles;2018;Septiembre;MOTOCICLETA;PARTICULAR;Motociclista;30;MASCULINO;HERIDOS;0;0;0;0;KILOMETRO 13+300  VARIANTE PALMAS;retiro varia palmas enviga (km 5+43 - km 14+ 550);VEREDA PALMAS;6.159421531186217, -75.5286586161267;CHOQUE;VEHICULO;NO REPORTADO;NO REPORTADO;Normal;Adelantar invadiendo carril del mismo sentido en zigzag
2182414;5/09/2018;4:40:00 p. m.;Miércoles;2018;Septiembre;MOTOCICLETA;PARTICULAR;Motociclista;22;MASCULINO;HERIDOS;0;0;0;0;KILOMETRO 13+300  VARIANTE PALMAS;retiro varia palmas enviga (km 5+43 - km 14+ 550);VEREDA PALMAS;6.159421531186217, -75.5286586161267;CHOQUE;VEHICULO;NO REPORTADO;NO REPORTADO;Normal;Adelantar invadiendo carril del mismo sentido en zigzag
2182415;4/09/2018;5:55:00 p. m.;Martes;2018;Septiembre;MOTOCICLETA;PARTICULAR;Motociclista;41;MASCULINO;HERIDOS;0;0;0;0;CARRERA 42 B CON CALLE 44 B SUR;;LA PAZ;6.164125428701239, -75.5928247901318;CHOQUE;VEHICULO;NO REPORTADO;RESIDENCIAL;Normal;Impericia en el manejo