NRO_RADICADO;FECHA_ACCIDENTE;HORA_ACCIDENTE;Día de la semana;AÑO;MES;CLASE_VEHICULO;TIPO_SERVICIO;TIPO_VICTIMA;EDAD;GENERO;GRAVEDAD;ESTADO_BEODEZ;ESTADO_DROGA;RESULTADO_BEODEZ;RESUL_BEODEZ_GRAMOS;DIRECCION_CARACT_VIA;TRAMO_VIA;LOCALIDAD_O_COMUNA;    GEORREFERENCIACIÓN;DESC_CLASE_ACCIDENTE;DESC_CHOQUE_ACCIDENTE;DESC_OBJETO_FIJO;DESC_SECTOR_ACCIDENTE;CONDICION_CLIMATICA;CAUSA_ACCIDENTE
2182416;6/09/2018;3:10:00 p. m.;Jueves;2018;Septiembre;MOTOCICLETA;PARTICULAR;Acompañante;22;FEMENINO;HERIDOS;0;0;0;0;CALLE 25 SUR  CON CARRERA 43 A;;BOSQUES DE ZUÑIGA;6.181646424548058, -75.58128196471274;CHOQUE;VEHICULO;NO REPORTADO;RESIDENCIAL;Normal;Adelantar cerrando
2182421;5/09/2018;6:40:00 a. m.;Miércoles;2018;Septiembre;AUTOMOVIL;PARTICULAR;Peaton;34;FEMENINO;HERIDOS;0;0;0;0;CALLE 20 SUR # 45-70;;ZUÑIGA;6.185197246449961, -75.58103911034465;ATROPELLO;NO REPORTADO;NO REPORTADO;RESIDENCIAL;Normal;Cruzar sin observar
2182429;8/09/2018;10:47:00 p. m.;Sábado;2018;Septiembre;MOTOCICLETA;PARTICULAR;Motociclista;22;MASCULINO;HERIDOS;0;0;0;0;TRANSVERSAL 27 A SUR  CON CARRERA 42B;;PONTE VEDRA;6.1782587573325545, -75.58227860556254;CHOQUE;VEHICULO;NO REPORTADO;RESIDENCIAL;Normal;Adelantar en zona prohibida  -  No mantener distancia de seguridad
2182430;7/09/2018;8:20:00 a. m.;Viernes;2018;Septiembre;MOTOCICLETA;PARTICULAR;Motociclista;28;FEMENINO;HERIDOS;0;0;0;0;CARRERA 48 CON CALLE 37 SUR;;LAS VEGAS;6.173473352424915, -75.59256588595376;CHOQUE;VEHICULO;NO REPORTADO;RESIDENCIAL;Normal;No mantener distancia de seguridad
2182432;7/09/2018;3:30:00 p. m.;Viernes;2018;Septiembre;MOTOCICLETA;DIPLOMATICO;Acompañante;52;FEMENINO;HERIDOS;0;0;0;0;CALLE 37 SUR CON CARRERA 37;;MESA;6.168250523371845, -75.58381675816888;CHOQUE;VEHICULO;NO REPORTADO;RESIDENCIAL;Normal;Desobedecer señales
2182443;8/09/2018;2:30:00 p. m.;Sábado;2018;Septiembre;MOTOCICLETA;PARTICULAR;Acompañante;11;FEMENINO;HERIDOS;0;0;0;0;KILOMETRO 14+790;medell??n palmas envigado (km 12 - km 16+700);VEREDA PALMAS;6.152784050297952, -75.54578429442128;CHOQUE;VEHICULO;NO REPORTADO;NO REPORTADO;Normal;Exceso de velocidad  -  Impericia en el manejo
2182444;10/09/2018;12:35:00 p. m.;Lunes;2018;Septiembre;MOTOCICLETA;OFICIAL;Acompañante;29;FEMENINO;HERIDOS;0;0;0;0;CARRERA 38 CON CALLE 37 SUR 41;;MESA;6.170896744536888, -75.5884348348566;CHOQUE;OBJETO FIJO;VEHICULO ESTACIONADO;RESIDENCIAL;Normal;Transitar entre vehiculos
2182444;10/09/2018;12:35:00 p. m.;Lunes;2018;Septiembre;MOTOCICLETA;OFICIAL;Motociclista;49;MASCULINO;HERIDOS;0;0;0;0;CARRERA 38 CON CALLE 37 SUR 41;;MESA;6.170896744536888, -75.5884348348566;CHOQUE;OBJETO FIJO;VEHICULO ESTACIONADO;RESIDENCIAL;Normal;Transitar entre vehiculos
2182449;10/09/2018;5:10:00 p. m.;Lunes;2018;Septiembre;MOTOCICLETA;PARTICULAR;Motociclista;26;MASCULINO;HERIDOS;0;0;0;0;CALLE 38 A SUR CON CARRERA 41;;ZONA CENTRO;6.168804603275591, -75.58716506232753;CHOQUE;VEHICULO;NO REPORTADO;RESIDENCIAL;Normal;Semaforo en rojo
2182449;10/09/2018;5:10:00 p. m.;Lunes;2018;Septiembre;BICICLETA;;Ciclista;56;MASCULINO;HERIDOS;0;0;0;0;CALLE 38 A SUR CON CARRERA 41;;ZONA CENTRO;6.168804603275591, -75.58716506232753;CHOQUE;VEHICULO;NO REPORTADO;RESIDENCIAL;Normal;Semaforo en rojo
2182451;10/09/2018;11:30:00 a. m.;Lunes;2018;Septiembre;AUTOMOVIL;PUBLICO;Conductor;36;MASCULINO;HERIDOS;0;0;0;0;KILOMETRO 1+700 VEREDA PERICO;peri;VEREDA PERICO;6.181918932584174, -75.50312154472836;CHOQUE;VEHICULO;NO REPORTADO;NO REPORTADO;Normal;Impericia en el manejo
2182453;10/09/2018;7:50:00 a. m.;Lunes;2018;Septiembre;BICICLETA;;Ciclista;63;MASCULINO;HERIDOS;0;0;0;0;CARRERA 48 CON CALLE 50 SUR;;LAS VEGAS;6.162072458716961, -75.60353659646475;CHOQUE;VEHICULO;NO REPORTADO;RESIDENCIAL;Normal;No respetar prelacion
2182462;7/09/2018;8:00:00 a. m.;Viernes;2018;Septiembre;MOTOCICLETA;PARTICULAR;Motociclista;25;MASCULINO;HERIDOS;0;0;0;0;CARRERA 49 CON CALLE 25  SUR ;;LAS VEGAS;6.187125, -75.584125;CAIDA OCUPANTE;NO REPORTADO;NO REPORTADO;RESIDENCIAL;Normal;Impericia en el manejo
2182462;7/09/2018;8:00:00 a. m.;Viernes;2018;Septiembre;MOTOCICLETA;PARTICULAR;Acompañante;25;FEMENINO;HERIDOS;0;0;0;0;CARRERA 49 CON CALLE 25  SUR ;;LAS VEGAS;6.187125, -75.584125;CAIDA OCUPANTE;NO REPORTADO;NO REPORTADO;RESIDENCIAL;Normal;Impericia en el manejo
2182463;11/09/2018;3:20:00 p. m.;Martes;2018;Septiembre;MOTOCICLETA;PARTICULAR;Motociclista;48;FEMENINO;HERIDOS;0;0;0;0;CARRERA 50 CON CALLE 25 AA SUR;;LAS VEGAS;6.185690, -75.586150;CHOQUE;VEHICULO;NO REPORTADO;RESIDENCIAL;Normal;Adelantar cerrando
2182470;12/09/2018;8:20:00 a. m.;Miércoles;2018;Septiembre;MOTOCICLETA;PARTICULAR;Acompañante;23;MASCULINO;HERIDOS;0;0;0;0;CALLE 36 D SUR CON CARRERA 27 A 105;;LA PRADERA;6.1632309093701085, -75.57228900686874;CHOQUE;VEHICULO;NO REPORTADO;RESIDENCIAL;Normal;Transitar entre vehiculos
2182479;12/09/2018;8:40:00 p. m.;Miércoles;2018;Septiembre;MOTOCICLETA;PARTICULAR;Motociclista;37;MASCULINO;HERIDOS;0;0;0;0;CARRERA 29 D CON CALLE 41 SUR 90;;SAN RAFAEL;6.160709041128137, -75.58472417109033;CHOQUE;VEHICULO;NO REPORTADO;RESIDENCIAL;Normal;Exceso de velocidad
2182490;14/09/2018;5:45:00 a. m.;Viernes;2018;Septiembre;MOTOCICLETA;PARTICULAR;Motociclista;29;MASCULINO;HERIDOS;0;0;0;0;CARRERA 50 CON CALLE 36 SUR;;LAS VEGAS;6.176858, -75.593221;CHOQUE;VEHICULO;NO REPORTADO;RESIDENCIAL;Lluvia;No mantener distancia de seguridad
2182491;14/09/2018;1:30:00 p. m.;Viernes;2018;Septiembre;MOTOCICLETA;PARTICULAR;Peaton;67;MASCULINO;HERIDOS;0;0;0;0;DIAGONAL 31 CON TRANSVERSAL 33 A SUR 108;;LAS FLORES;6.1743637978081845, -75.57915706232617;ATROPELLO;NO REPORTADO;NO REPORTADO;RESIDENCIAL;Normal;Exceso de velocidad
2182502;15/09/2018;5:00:00 p. m.;Sábado;2018;Septiembre;MOTOCICLETA;PARTICULAR;Motociclista;27;MASCULINO;HERIDOS;0;0;0;0;CARRERA 50 CON CALLE 39 SUR ;;LAS VEGAS;6.173831, -75.597143;ATROPELLO;NO REPORTADO;NO REPORTADO;RESIDENCIAL;Normal;Cruzar sin observar
2182502;15/09/2018;5:00:00 p. m.;Sábado;2018;Septiembre;MOTOCICLETA;PARTICULAR;Peaton;16;FEMENINO;HERIDOS;0;0;0;0;CARRERA 50 CON CALLE 39 SUR ;;LAS VEGAS;6.173831, -75.597143;ATROPELLO;NO REPORTADO;NO REPORTADO;RESIDENCIAL;Normal;Cruzar sin observar
2182503;15/09/2018;1:50:00 p. m.;Sábado;2018;Septiembre;MOTOCICLETA;PARTICULAR;Acompañante;47;FEMENINO;HERIDOS;0;0;0;0;CARRERA 48 CON CALLE 50 SUR;;LAS VEGAS;6.162072458716961, -75.60353659646475;CHOQUE;VEHICULO;NO REPORTADO;RESIDENCIAL;Normal;No respetar prelacion
2182510;14/09/2018;3:30:00 p. m.;Viernes;2018;Septiembre;MOTOCICLETA;PARTICULAR;Motociclista;27;MASCULINO;HERIDOS;0;0;0;0;CARRERA 48  CON CALLE 26 SUR;;LAS VEGAS;6.183959351733664, -75.58543831629245;CHOQUE;VEHICULO;NO REPORTADO;RESIDENCIAL;Normal;No mantener distancia de seguridad
2182510;14/09/2018;3:30:00 p. m.;Viernes;2018;Septiembre;MOTOCICLETA;PARTICULAR;Motociclista;37;FEMENINO;HERIDOS;0;0;0;0;CARRERA 48  CON CALLE 26 SUR;;LAS VEGAS;6.183959351733664, -75.58543831629245;CHOQUE;VEHICULO;NO REPORTADO;RESIDENCIAL;Normal;No mantener distancia de seguridad
2182511;17/09/2018;8:20:00 a. m.;Lunes;2018;Septiembre;MOTOCICLETA;PARTICULAR;Motociclista;22;MASCULINO;HERIDOS;0;0;0;0;CALLE 45 B SUR CON CARRERA 42 D;;LA PAZ;6.1638816973449355, -75.59432574780311;CHOQUE;VEHICULO;NO REPORTADO;RESIDENCIAL;Normal;No respetar pelacion de interseccion o giros
2182512;16/09/2018;12:30:00 p. m.;Domingo;2018;Septiembre;AUTOMOVIL;PUBLICO;Peaton;57;FEMENINO;HERIDOS;0;0;0;0;CALLE 34 DD SUR CON CARRERA 27 D 81;;URIBE ANGEL;6.170739202767263, -75.57604041629543;ATROPELLO;NO REPORTADO;NO REPORTADO;RESIDENCIAL;Normal;Arrancar sin precaucion
2182512;16/09/2018;12:30:00 p. m.;Domingo;2018;Septiembre;AUTOMOVIL;PUBLICO;Peaton;53;FEMENINO;HERIDOS;0;0;0;0;CALLE 34 DD SUR CON CARRERA 27 D 81;;URIBE ANGEL;6.170739202767263, -75.57604041629543;ATROPELLO;NO REPORTADO;NO REPORTADO;RESIDENCIAL;Normal;Arrancar sin precaucion
2182513;17/09/2018;9:10:00 p. m.;Lunes;2018;Septiembre;AUTOMOVIL;PARTICULAR;Peaton;44;FEMENINO;HERIDOS;0;0;0;0;CARRERA 43 A CON CALLE 44 SUR 38;;LA PAZ;6.166465577167068, -75.59416354698412;ATROPELLO;NO REPORTADO;NO REPORTADO;RESIDENCIAL;Normal;Semaforo en rojo
2182513;17/09/2018;9:10:00 p. m.;Lunes;2018;Septiembre;AUTOMOVIL;PARTICULAR;Peaton;9;FEMENINO;HERIDOS;0;0;0;0;CARRERA 43 A CON CALLE 44 SUR 38;;LA PAZ;6.166465577167068, -75.59416354698412;ATROPELLO;NO REPORTADO;NO REPORTADO;RESIDENCIAL;Normal;Semaforo en rojo
2182514;13/09/2018;10:35:00 a. m.;Jueves;2018;Septiembre;MOTOCICLETA;PARTICULAR;Motociclista;28;MASCULINO;HERIDOS;0;0;0;0;CARRERA 49 CON CALLE 25 AA SUR 42;;LAS VEGAS;6.185395, -75.586313;CHOQUE;VEHICULO;NO REPORTADO;RESIDENCIAL;Normal;Impericia en el manejo
2182515;17/09/2018;9:30:00 a. m.;Lunes;2018;Septiembre;MOTOCICLETA;PARTICULAR;Motociclista;21;MASCULINO;HERIDOS;0;0;0;0;CARRERA 42 CON CALLE 35 SUR;;ZONA CENTRO;6.171784026962355, -75.58601450362481;CHOQUE;VEHICULO;NO REPORTADO;RESIDENCIAL;Normal;Desobedecer señales
2182524;18/09/2018;9:10:00 a. m.;Martes;2018;Septiembre;MOTOCICLETA;PARTICULAR;Motociclista;30;MASCULINO;HERIDOS;0;0;0;0;CARRERA 27 B CON CALLE 36  SUR;;LA PRADERA;6.159184016525949, -75.57910447478933;CHOQUE;VEHICULO;NO REPORTADO;RESIDENCIAL;Normal;Desobedecer señales
2182528;18/09/2018;7:40:00 a. m.;Martes;2018;Septiembre;MOTOCICLETA;PARTICULAR;Motociclista;66;MASCULINO;HERIDOS;0;0;0;0;CALLE 40 B SUR  CON CARRERA 39-04;;EL DORADO;6.165875939678289, -75.58742377026475;CHOQUE;VEHICULO;NO REPORTADO;RESIDENCIAL;Normal;No respetar prelacion
2182528;18/09/2018;7:40:00 a. m.;Martes;2018;Septiembre;MOTOCICLETA;PARTICULAR;Motociclista;27;MASCULINO;HERIDOS;0;0;0;0;CALLE 40 B SUR  CON CARRERA 39-04;;EL DORADO;6.165875939678289, -75.58742377026475;CHOQUE;VEHICULO;NO REPORTADO;RESIDENCIAL;Normal;No respetar prelacion
2182529;17/09/2018;7:00:00 a. m.;Lunes;2018;Septiembre;MOTOCICLETA;PARTICULAR;Motociclista;47;FEMENINO;HERIDOS;0;0;0;0;KILOMETRO 12+440 EL RETIRO;medell??n palmas envigado (km 12 - km 16+700);VEREDA PALMAS;6.159083880585785, -75.52112720288686;CHOQUE;VEHICULO;NO REPORTADO;NO REPORTADO;Normal;Impericia en el manejo
2182530;18/09/2018;4:00:00 p. m.;Martes;2018;Septiembre;AUTOMOVIL;DIPLOMATICO;Conductor;36;FEMENINO;HERIDOS;0;0;0;0;CARRERA 50 CON CALLE 44 SUR;;LAS VEGAS;6.170141, -75.601532;CHOQUE;VEHICULO;NO REPORTADO;RESIDENCIAL;Normal;No mantener distancia de seguridad
2182534;18/09/2018;7:40:00 a. m.;Martes;2018;Septiembre;MOTOCICLETA;PARTICULAR;Motociclista;31;FEMENINO;HERIDOS;0;0;0;0;CARRERA 42 CON CALLE 40 H SUR;;EL DORADO;6.165691194800191, -75.59091282081697;CHOQUE;VEHICULO;NO REPORTADO;RESIDENCIAL;Normal;Desobedecer señales
2182554;20/09/2018;3:15:00 p. m.;Jueves;2018;Septiembre;MOTOCICLETA;PARTICULAR;Motociclista;26;MASCULINO;HERIDOS;0;0;0;0;CARRERA 50  CON CALLE 43 SUR;;LAS VEGAS;6.171018, -75.600755;CHOQUE;VEHICULO;NO REPORTADO;RESIDENCIAL;Normal;No mantener distancia de seguridad
2182555;19/09/2018;8:10:00 p. m.;Miércoles;2018;Septiembre;MOTOCICLETA;PARTICULAR;Motociclista;26;FEMENINO;HERIDOS;0;0;0;0;CARRERA 40 CON CALLE 40 SUR;;EL DORADO;6.167536195350915, -75.5868560784882;CHOQUE;VEHICULO;NO REPORTADO;RESIDENCIAL;Normal;Adelantar en zona prohibida
2182556;19/09/2018;7:40:00 p. m.;Miércoles;2018;Septiembre;BICICLETA;;Ciclista;25;FEMENINO;HERIDOS;0;0;0;0;CALLE 39 SUR  CON CARRERA 28;;SAN JOSE;6.161749175386592, -75.57987815987951;CHOQUE;VEHICULO;NO REPORTADO;RESIDENCIAL;Normal;Adelantar por la derecha
2182563;20/09/2018;5:45:00 p. m.;Jueves;2018;Septiembre;MOTOCICLETA;PARTICULAR;Acompañante;47;FEMENINO;HERIDOS;0;0;0;0;CALLE 37 SUR CON CARRERA 49;;LAS VEGAS;6.175188862366961, -75.59361458560642;ATROPELLO;NO REPORTADO;NO REPORTADO;RESIDENCIAL;Normal;Cruzar sin observar
2182563;20/09/2018;5:45:00 p. m.;Jueves;2018;Septiembre;MOTOCICLETA;PARTICULAR;Motociclista;25;FEMENINO;HERIDOS;0;0;0;0;CALLE 37 SUR CON CARRERA 49;;LAS VEGAS;6.175188862366961, -75.59361458560642;ATROPELLO;NO REPORTADO;NO REPORTADO;RESIDENCIAL;Normal;Cruzar sin observar
2182563;20/09/2018;5:45:00 p. m.;Jueves;2018;Septiembre;MOTOCICLETA;PARTICULAR;Peaton;85;MASCULINO;HERIDOS;0;0;0;0;CALLE 37 SUR CON CARRERA 49;;LAS VEGAS;6.175188862366961, -75.59361458560642;ATROPELLO;NO REPORTADO;NO REPORTADO;RESIDENCIAL;Normal;Cruzar sin observar
2182564;22/09/2018;12:10:00 a. m.;Sábado;2018;Septiembre;MOTOCICLETA;PARTICULAR;Peaton;21;MASCULINO;HERIDOS;0;0;0;0;CARRERA 43 A CON CALLE  46 A SUR  94;;PRIMAVERA;6.164183113948587, -75.59661353164037;ATROPELLO;NO REPORTADO;NO REPORTADO;RESIDENCIAL;Normal;Exceso de velocidad  -  Transitar en contravia
2182564;22/09/2018;12:10:00 a. m.;Sábado;2018;Septiembre;MOTOCICLETA;PARTICULAR;Peaton;32;MASCULINO;HERIDOS;0;0;0;0;CARRERA 43 A CON CALLE  46 A SUR  94;;PRIMAVERA;6.164183113948587, -75.59661353164037;ATROPELLO;NO REPORTADO;NO REPORTADO;RESIDENCIAL;Normal;Exceso de velocidad  -  Transitar en contravia
2182565;23/09/2018;1:00:00 a. m.;Domingo;2018;Septiembre;MOTOCICLETA;PARTICULAR;Motociclista;25;MASCULINO;HERIDOS;0;0;0;0;CARRERA 48 CON CALLE 25 SUR;;LAS VEGAS;6.185476183699448, -75.58319317022531;CHOQUE;VEHICULO;NO REPORTADO;RESIDENCIAL;Normal;Semaforo en rojo
2182567;21/09/2018;5:30:00 p. m.;Viernes;2018;Septiembre;MOTOCICLETA;PARTICULAR;Motociclista;26;MASCULINO;HERIDOS;0;0;0;0;KILOMETRO 5;arenales;VEREDA EL VALLANO;6.1236405082059315, -75.58823538147857;CHOQUE;VEHICULO;NO REPORTADO;NO REPORTADO;Normal;Impericia en el manejo
2182568;18/09/2018;8:40:00 a. m.;Martes;2018;Septiembre;MOTOCICLETA;PARTICULAR;Motociclista;39;MASCULINO;HERIDOS;0;0;0;0;CALLE 36 D SUR  CON CARRERA 27 G-12;;LA PRADERA;6.166033909914328, -75.5772968142359;CAIDA OCUPANTE;NO REPORTADO;NO REPORTADO;RESIDENCIAL;Normal;Impericia en el manejo
2182570;22/09/2018;12:45:00 p. m.;Sábado;2018;Septiembre;MOTOCICLETA;PARTICULAR;Motociclista;68;MASCULINO;HERIDOS;0;0;0;0;CALLE 40 SUR  CON CARRERA 30;;SAN JOSE;6.162705963717987, -75.58238911896744;CHOQUE;VEHICULO;NO REPORTADO;RESIDENCIAL;Normal;Adelantar por la derecha
2182571;22/09/2018;8:30:00 p. m.;Sábado;2018;Septiembre;BUS;PUBLICO;Peaton;51;FEMENINO;HERIDOS;0;0;0;;CALLE 46 SUR CON CARRERA 43 A-10;;PRIMAVERA;6.164910112709251, -75.59580703957721;ATROPELLO;NO REPORTADO;NO REPORTADO;RESIDENCIAL;Normal;Cruzar sin observar  -  Exceso de velocidad
2182575;24/09/2018;4:50:00 a. m.;Lunes;2018;Septiembre;MOTOCICLETA;PARTICULAR;Motociclista;26;MASCULINO;HERIDOS;0;0;0;0;CALLE 38 A SUR  CON CARRERA 41;;ZONA CENTRO;6.168644694881473, -75.58699329013183;CHOQUE;VEHICULO;NO REPORTADO;RESIDENCIAL;Normal;Semaforo en rojo
2182577;20/09/2018;9:40:00 a. m.;Jueves;2018;Septiembre;MOTOCICLETA;PARTICULAR;Motociclista;44;FEMENINO;HERIDOS;0;0;0;0;TRANSVERSAL 32 CC SUR CON DIAGONAL 31BB 11;;LAS FLORES;6.175874265012659, -75.580334634;OTRO;NO REPORTADO;NO REPORTADO;RESIDENCIAL;Normal;Impericia en el manejo
2182594;23/09/2018;4:50:00 p. m.;Domingo;2018;Septiembre;MOTOCICLETA;PARTICULAR;Motociclista;31;MASCULINO;HERIDOS;0;0;0;0;KILOMETRO 9+520;retiro varia palmas enviga (km 5+43 - km 14+ 550);VEREDA PANTANILLO;6.164627726754143, -75.50212820500558;CHOQUE;VEHICULO;NO REPORTADO;NO REPORTADO;Normal;Adelantar en zona prohibida  -  Desobedecer señales
2182594;23/09/2018;4:50:00 p. m.;Domingo;2018;Septiembre;MOTOCICLETA;PARTICULAR;Acompañante;29;FEMENINO;HERIDOS;0;0;0;0;KILOMETRO 9+520;retiro varia palmas enviga (km 5+43 - km 14+ 550);VEREDA PANTANILLO;6.164627726754143, -75.50212820500558;CHOQUE;VEHICULO;NO REPORTADO;NO REPORTADO;Normal;Adelantar en zona prohibida  -  Desobedecer señales
2182596;22/09/2018;12:20:00 p. m.;Sábado;2018;Septiembre;BUSETA;PUBLICO;Peaton;48;MASCULINO;HERIDOS;0;0;0;0;CALLE 36 D SUR  CON CARRERA 24-50;;VEREDA EL ESCOBERO;6.15524848519938, -75.56666970095478;ATROPELLO;NO REPORTADO;NO REPORTADO;RESIDENCIAL;Normal;Impericia en el manejo
2182597;23/09/2018;12:10:00 p. m.;Domingo;2018;Septiembre;MOTOCICLETA;PARTICULAR;Motociclista;27;FEMENINO;HERIDOS;0;0;0;0;CALLE 39 SUR CON CARRERA 27 B;;SAN JOSE;6.158908021444578, -75.57888513895185;CHOQUE;VEHICULO;NO REPORTADO;RESIDENCIAL;Normal;Adelantar en zona prohibida
2182598;23/09/2018;4:30:00 p. m.;Domingo;2018;Septiembre;MOTOCICLETA;PARTICULAR;Motociclista;36;FEMENINO;HERIDOS;0;0;0;0;TRANSVERSAL 34 A SUR  CON DIAGONAL 32D;;OBRERO;6.172447016414593, -75.5830650748159;CHOQUE;VEHICULO;NO REPORTADO;RESIDENCIAL;Normal;Adelantar por la derecha
2182598;23/09/2018;4:30:00 p. m.;Domingo;2018;Septiembre;MOTOCICLETA;PARTICULAR;Acompañante;24;FEMENINO;HERIDOS;0;0;0;0;TRANSVERSAL 34 A SUR  CON DIAGONAL 32D;;OBRERO;6.172447016414593, -75.5830650748159;CHOQUE;VEHICULO;NO REPORTADO;RESIDENCIAL;Normal;Adelantar por la derecha
2182599;25/09/2018;9:35:00 p. m.;Martes;2018;Septiembre;MOTOCICLETA;PARTICULAR;Motociclista;19;MASCULINO;HERIDOS;0;0;0;0;CARRERA 48 CON CALLE 25 AA SUR ;;LAS VEGAS;6.184598082166256, -75.58494750835551;CHOQUE;VEHICULO;NO REPORTADO;RESIDENCIAL;Normal;Semaforo en rojo
2182599;25/09/2018;9:35:00 p. m.;Martes;2018;Septiembre;MOTOCICLETA;PARTICULAR;Motociclista;60;MASCULINO;HERIDOS;0;0;0;0;CARRERA 48 CON CALLE 25 AA SUR ;;LAS VEGAS;6.184598082166256, -75.58494750835551;CHOQUE;VEHICULO;NO REPORTADO;RESIDENCIAL;Normal;Semaforo en rojo
2182607;23/09/2018;12:20:00 p. m.;Domingo;2018;Septiembre;MOTOCICLETA;PARTICULAR;Acompañante;20;FEMENINO;HERIDOS;0;0;0;0;KILOMETRO 7+010;retiro varia palmas enviga (km 5+43 - km 14+ 550);VEREDA PERICO;6.170550402779183, -75.48961439099833;CHOQUE;VEHICULO;NO REPORTADO;NO REPORTADO;Normal;Impericia en el manejo
2182607;23/09/2018;12:20:00 p. m.;Domingo;2018;Septiembre;MOTOCICLETA;PARTICULAR;Motociclista;22;MASCULINO;HERIDOS;0;0;0;0;KILOMETRO 7+010;retiro varia palmas enviga (km 5+43 - km 14+ 550);VEREDA PERICO;6.170550402779183, -75.48961439099833;CHOQUE;VEHICULO;NO REPORTADO;NO REPORTADO;Normal;Impericia en el manejo
2182608;26/09/2018;9:20:00 p. m.;Miércoles;2018;Septiembre;MOTOCICLETA;PARTICULAR;Acompañante;28;FEMENINO;HERIDOS;0;0;0;0;CALLE 37 SUR CON CARRERA 46;;EL PORTAL;6.172753274331434, -75.59088744974254;CAIDA OCUPANTE;NO REPORTADO;NO REPORTADO;RESIDENCIAL;Normal;Impericia en el manejo
2182608;26/09/2018;9:20:00 p. m.;Miércoles;2018;Septiembre;MOTOCICLETA;PARTICULAR;Motociclista;22;MASCULINO;HERIDOS;0;0;0;0;CALLE 37 SUR CON CARRERA 46;;EL PORTAL;6.172753274331434, -75.59088744974254;CAIDA OCUPANTE;NO REPORTADO;NO REPORTADO;RESIDENCIAL;Normal;Impericia en el manejo
2182609;26/09/2018;9:00:00 a. m.;Miércoles;2018;Septiembre;MOTOCICLETA;PARTICULAR;Motociclista;21;MASCULINO;HERIDOS;0;0;0;0;CARRERA 49 CON CALLE 46 SUR;;LAS VEGAS;6.169079, -75.601935;CAIDA OCUPANTE;NO REPORTADO;NO REPORTADO;RESIDENCIAL;Normal;Impericia en el manejo
2182609;26/09/2018;9:00:00 a. m.;Miércoles;2018;Septiembre;MOTOCICLETA;PARTICULAR;Acompañante;20;FEMENINO;HERIDOS;0;0;0;0;CARRERA 49 CON CALLE 46 SUR;;LAS VEGAS;6.169079, -75.601935;CAIDA OCUPANTE;NO REPORTADO;NO REPORTADO;RESIDENCIAL;Normal;Impericia en el manejo
2182616;27/09/2018;6:20:00 a. m.;Jueves;2018;Septiembre;AUTOMOVIL;PARTICULAR;Acompañante;25;FEMENINO;HERIDOS;0;0;0;0;CARRERA 42 CON CALLE 35 SUR;;ZONA CENTRO;6.171784026962355, -75.58601450362481;CHOQUE;VEHICULO;NO REPORTADO;RESIDENCIAL;Normal;Desobedecer señales
2182618;26/09/2018;6:50:00 p. m.;Miércoles;2018;Septiembre;MOTOCICLETA;PARTICULAR;Motociclista;17;MASCULINO;HERIDOS;0;0;0;0;CALLE 40 B SUR CON CARRERA 40;;EL DORADO;6.165646324823735, -75.58766839397069;CHOQUE;VEHICULO;NO REPORTADO;RESIDENCIAL;Normal;Desobedecer señales
2182623;30/09/2018;10:45:00 a. m.;Domingo;2018;Septiembre;MOTOCICLETA;PARTICULAR;Acompañante;39;FEMENINO;HERIDOS;0;0;0;0;CARRERA 43 A CON CALLE 40 SUR;;EL DORADO;6.168778672274963, -75.59006405492035;CAIDA OCUPANTE;NO REPORTADO;NO REPORTADO;RESIDENCIAL;Normal;Impericia en el manejo  -  Impericia en el manejo
2182623;30/09/2018;10:45:00 a. m.;Domingo;2018;Septiembre;MOTOCICLETA;PARTICULAR;Motociclista;38;MASCULINO;HERIDOS;0;0;0;0;CARRERA 43 A CON CALLE 40 SUR;;EL DORADO;6.168778672274963, -75.59006405492035;CAIDA OCUPANTE;NO REPORTADO;NO REPORTADO;RESIDENCIAL;Normal;Impericia en el manejo  -  Impericia en el manejo
2182624;28/09/2018;9:55:00 p. m.;Viernes;2018;Septiembre;MOTOCICLETA;PARTICULAR;Motociclista;19;MASCULINO;HERIDOS;1;0;2;140;CARRERA 48 CON CALLE 32 SUR 29;;LAS VEGAS;6.177646434537166, -75.58955995475615;CHOQUE;VEHICULO;NO REPORTADO;RESIDENCIAL;Lluvia;Embriaguez o droga  -  No mantener distancia de seguridad
2182628;30/09/2018;1:55:00 a. m.;Domingo;2018;Septiembre;CAMPERO;PARTICULAR;Conductor;19;MASCULINO;HERIDOS;0;0;0;0;CALLE 25 SUR CON CARRERA 41-35;;ZUÑIGA;6.179231954636132, -75.57775181301851;CHOQUE;OBJETO FIJO;POSTE;RESIDENCIAL;Normal;Impericia en el manejo  -  Impericia en el manejo
2182631;26/09/2018;3:20:00 p. m.;Miércoles;2018;Septiembre;BICICLETA;;Ciclista;53;MASCULINO;HERIDOS;0;0;0;0;CARRERA 43 A CON CALLE 45 B SUR 81;;PRIMAVERA;6.165286898505269, -75.59483595954202;CHOQUE;VEHICULO;NO REPORTADO;RESIDENCIAL;Normal;Adelantar cerrando
2182632;29/09/2018;8:30:00 a. m.;Sábado;2018;Septiembre;MOTOCICLETA;PARTICULAR;Motociclista;27;MASCULINO;HERIDOS;0;0;0;0;CARRERA 50 CON CALLE 39 B SUR;;LAS VEGAS;6.173831, -75.597143;CHOQUE;VEHICULO;NO REPORTADO;RESIDENCIAL;Normal;Transitar entre vehiculos