NRO_RADICADO;FECHA_ACCIDENTE;HORA_ACCIDENTE;Día de la semana;AÑO;MES;CLASE_VEHICULO;TIPO_SERVICIO;TIPO_VICTIMA;EDAD;GENERO;GRAVEDAD;ESTADO_BEODEZ;ESTADO_DROGA;RESULTADO_BEODEZ;RESUL_BEODEZ_GRAMOS;DIRECCION_CARACT_VIA;TRAMO_VIA;LOCALIDAD_O_COMUNA;    GEORREFERENCIACIÓN;DESC_CLASE_ACCIDENTE;DESC_CHOQUE_ACCIDENTE;DESC_OBJETO_FIJO;DESC_SECTOR_ACCIDENTE;CONDICION_CLIMATICA;CAUSA_ACCIDENTE
2182637;27/09/2018;7:30:00 a. m.;Jueves;2018;Septiembre;MOTOCICLETA;PARTICULAR;Peaton;51;FEMENINO;HERIDOS;0;0;0;0;CARRERA 43 A CON CALLE 23 SUR ;;BOSQUES DE ZUÑIGA;6.182829155301003, -75.58041277848801;ATROPELLO;NO REPORTADO;NO REPORTADO;RESIDENCIAL;Normal;Transitar entre vehiculos
2182640;28/09/2018;11:10:00 a. m.;Viernes;2018;Septiembre;AUTOMOVIL;PUBLICO;Peaton;25;MASCULINO;HERIDOS;0;0;0;0;CARRERA 40 CON CALLE 37 SUR  24;;ZONA CENTRO;6.169691502619174, -75.58560063163927;ATROPELLO;NO REPORTADO;NO REPORTADO;RESIDENCIAL;Normal;Cruzar sin observar
2182642;27/09/2018;9:00:00 a. m.;Jueves;2018;Septiembre;MOTOCICLETA;PARTICULAR;Motociclista;55;MASCULINO;HERIDOS;0;0;0;0;CALLE 40 F SUR  CON CARRERA 24B;;LA MINA;6.151852741982588, -75.58116655944681;CHOQUE;VEHICULO;NO REPORTADO;RESIDENCIAL;Normal;Adelantar en zona prohibida
2182644;27/09/2018;9:55:00 a. m.;Jueves;2018;Septiembre;MOTOCICLETA;PARTICULAR;Motociclista;40;MASCULINO;HERIDOS;0;0;0;0;CARRERA 27 CON CALLE 23 SUR 126;;ZUÑIGA;6.173818777257974, -75.56630118866659;CHOQUE;VEHICULO;NO REPORTADO;RESIDENCIAL;Normal;Adelantar en zona prohibida
2182645;28/09/2018;7:20:00 p. m.;Viernes;2018;Septiembre;BUS;PUBLICO;Pasajero;58;FEMENINO;HERIDOS;0;0;0;0;CALLE 39 SUR CARRERA 31-19;;MESA;6.165065910796845, -75.58210377026494;CAIDA OCUPANTE;NO REPORTADO;NO REPORTADO;RESIDENCIAL;Normal;Impericia en el manejo
2182646;29/09/2018;8:10:00 p. m.;Sábado;2018;Septiembre;MOTOCICLETA;DIPLOMATICO;Motociclista;24;FEMENINO;HERIDOS;0;0;0;0;CARRERA 40 CON CALLE 38 SUR ;;ZONA CENTRO;6.168881061352251, -75.58583247478919;CHOQUE;VEHICULO;NO REPORTADO;RESIDENCIAL;Normal;Desobedecer señales  -  No respetar pelacion de interseccion o giros
2182646;29/09/2018;8:10:00 p. m.;Sábado;2018;Septiembre;MOTOCICLETA;DIPLOMATICO;Acompañante;23;FEMENINO;HERIDOS;0;0;0;0;CARRERA 40 CON CALLE 38 SUR ;;ZONA CENTRO;6.168881061352251, -75.58583247478919;CHOQUE;VEHICULO;NO REPORTADO;RESIDENCIAL;Normal;Desobedecer señales  -  No respetar pelacion de interseccion o giros
2182648;30/09/2018;9:40:00 p. m.;Domingo;2018;Septiembre;MOTOCICLETA;PARTICULAR;Motociclista;32;MASCULINO;HERIDOS;0;0;0;0;CALLE 45 A SUR CON CARRERA 42 B;;LA PAZ;6.163691931538271, -75.5934778496526;CHOQUE;VEHICULO;NO REPORTADO;RESIDENCIAL;Normal;Semaforo en rojo
2182649;1/10/2018;9:50:00 p. m.;Lunes;2018;Octubre;MOTOCICLETA;PARTICULAR;Motociclista;22;MASCULINO;HERIDOS;0;0;0;0;CALLE 45 A SUR CON CARRERA 42B;;LA PAZ;6.163691931538271, -75.5934778496526;CHOQUE;VEHICULO;NO REPORTADO;RESIDENCIAL;Normal;Semaforo en rojo
2182659;29/09/2018;10:25:00 a. m.;Sábado;2018;Septiembre;AUTOMOVIL;PARTICULAR;Conductor;25;MASCULINO;HERIDOS;0;0;0;0;KILOMETRO 12+870;retiro varia palmas enviga (km 5+43 - km 14+ 550);VEREDA PALMAS;6.1599547280615425, -75.52483656425325;CHOQUE;VEHICULO;NO REPORTADO;NO REPORTADO;Normal;No mantener distancia de seguridad
2182660;30/09/2018;10:50:00 a. m.;Domingo;2018;Septiembre;MOTOCICLETA;DIPLOMATICO;Motociclista;24;FEMENINO;HERIDOS;0;0;0;0;CALLE 37 SUR CON DIAGONAL 31;;LA PRADERA;6.1659299055643295, -75.58026839273028;CHOQUE;VEHICULO;NO REPORTADO;RESIDENCIAL;Normal;Impericia en el manejo
2182661;1/10/2018;6:15:00 a. m.;Lunes;2018;Octubre;MOTOCICLETA;PARTICULAR;Motociclista;19;FEMENINO;HERIDOS;0;0;0;0;CALLE 39 B SUR CON CARRERA 29;;SAN JOSE;6.16339320727879, -75.58159773164074;CAIDA OCUPANTE;NO REPORTADO;NO REPORTADO;RESIDENCIAL;Normal;Impericia en el manejo
2182661;1/10/2018;6:15:00 a. m.;Lunes;2018;Octubre;MOTOCICLETA;PARTICULAR;Acompañante;19;FEMENINO;HERIDOS;0;0;0;0;CALLE 39 B SUR CON CARRERA 29;;SAN JOSE;6.16339320727879, -75.58159773164074;CAIDA OCUPANTE;NO REPORTADO;NO REPORTADO;RESIDENCIAL;Normal;Impericia en el manejo
2182663;2/10/2018;9:00:00 a. m.;Martes;2018;Octubre;BUS;PUBLICO;Peaton;77;FEMENINO;HERIDOS;0;0;0;0;CALLE 40 D SUR CON CARRERA 40;;EL DORADO;6.166282578888258, -75.58833057767168;ATROPELLO;NO REPORTADO;NO REPORTADO;RESIDENCIAL;Normal;Reverso imprudente
2182665;1/10/2018;6:00:00 a. m.;Lunes;2018;Octubre;MOTOCICLETA;PARTICULAR;Acompañante;19;MASCULINO;HERIDOS;0;0;0;0;CARRERA 50 CON CALLE 37 SUR;;LAS VEGAS;6.175135, -75.595369;CAIDA OCUPANTE;NO REPORTADO;NO REPORTADO;RESIDENCIAL;Normal;Impericia en el manejo
2182665;1/10/2018;6:00:00 a. m.;Lunes;2018;Octubre;MOTOCICLETA;PARTICULAR;Motociclista;45;MASCULINO;HERIDOS;0;0;0;0;CARRERA 50 CON CALLE 37 SUR;;LAS VEGAS;6.175135, -75.595369;CAIDA OCUPANTE;NO REPORTADO;NO REPORTADO;RESIDENCIAL;Normal;Impericia en el manejo
2182668;2/10/2018;7:00:00 a. m.;Martes;2018;Octubre;CAMPERO;OFICIAL;Conductor;25;MASCULINO;HERIDOS;0;0;0;0;KILOMETRO 5+300;el escobero - km 0-13);VEREDA EL ESCOBERO;6.121356216189092, -75.54682233317487;CHOQUE;OBJETO FIJO;OTRO TIPO;NO REPORTADO;Normal;Exceso de velocidad  -  Impericia en el manejo
2182671;30/09/2018;11:10:00 a. m.;Domingo;2018;Septiembre;MOTOCICLETA;PARTICULAR;Motociclista;24;MASCULINO;HERIDOS;0;0;0;0;CALLE 38 A SUR  CON CARRERA 37;;MESA;6.167538931443398, -75.58470062081697;CHOQUE;VEHICULO;NO REPORTADO;RESIDENCIAL;Normal;Desobedecer señales
2182674;2/10/2018;7:00:00 p. m.;Martes;2018;Octubre;MOTOCICLETA;PARTICULAR;Motociclista;34;FEMENINO;HERIDOS;0;0;0;0;CARRERA 48 CON CALLE 46 SUR ;;LAS VEGAS;6.166857005838698, -75.59946113163984;CHOQUE;VEHICULO;NO REPORTADO;RESIDENCIAL;Normal;No mantener distancia de seguridad
2182674;2/10/2018;7:00:00 p. m.;Martes;2018;Octubre;MOTOCICLETA;PARTICULAR;Motociclista;25;FEMENINO;HERIDOS;0;0;0;0;CARRERA 48 CON CALLE 46 SUR ;;LAS VEGAS;6.166857005838698, -75.59946113163984;CHOQUE;VEHICULO;NO REPORTADO;RESIDENCIAL;Normal;No mantener distancia de seguridad
2182676;3/10/2018;5:30:00 p. m.;Miércoles;2018;Octubre;MOTOCICLETA;PARTICULAR;Motociclista;27;MASCULINO;HERIDOS;0;0;0;0;CALLE 36 D SUR CON CARRERA 27;;VEREDA EL ESCOBERO;6.162262648723476, -75.57027649451149;CHOQUE;VEHICULO;NO REPORTADO;RESIDENCIAL;Normal;Exceso de velocidad
2182685;4/10/2018;1:00:00 p. m.;Jueves;2018;Octubre;MOTOCICLETA;PARTICULAR;Motociclista;23;MASCULINO;HERIDOS;0;0;0;0;CARRERA 50 CON CALLE 43 SUR;;LAS VEGAS;6.171018, -75.600755;CHOQUE;VEHICULO;NO REPORTADO;RESIDENCIAL;Normal;No mantener distancia de seguridad
2182685;4/10/2018;1:00:00 p. m.;Jueves;2018;Octubre;MOTOCICLETA;PARTICULAR;Acompañante;11;MASCULINO;HERIDOS;0;0;0;0;CARRERA 50 CON CALLE 43 SUR;;LAS VEGAS;6.171018, -75.600755;CHOQUE;VEHICULO;NO REPORTADO;RESIDENCIAL;Normal;No mantener distancia de seguridad
2182686;3/10/2018;7:50:00 a. m.;Miércoles;2018;Octubre;MOTOCICLETA;PARTICULAR;Peaton;71;MASCULINO;HERIDOS;0;0;0;0;CARRERA 48 CON CALLE 37 SUR;;LAS VEGAS;6.173473352424915, -75.59256588595376;ATROPELLO;NO REPORTADO;NO REPORTADO;RESIDENCIAL;Normal;Pasar semaforo en rojo
2182686;3/10/2018;7:50:00 a. m.;Miércoles;2018;Octubre;MOTOCICLETA;PARTICULAR;Motociclista;26;FEMENINO;HERIDOS;0;0;0;0;CARRERA 48 CON CALLE 37 SUR;;LAS VEGAS;6.173473352424915, -75.59256588595376;ATROPELLO;NO REPORTADO;NO REPORTADO;RESIDENCIAL;Normal;Pasar semaforo en rojo
2182687;4/10/2018;2:50:00 p. m.;Jueves;2018;Octubre;MOTOCICLETA;PARTICULAR;Acompañante;17;MASCULINO;HERIDOS;0;0;0;0;CARRERA 35 CON CALLE 38 A SUR;;MESA;6.166397795539702, -75.58354904595362;CHOQUE;VEHICULO;NO REPORTADO;RESIDENCIAL;Normal;Desobedecer señales
2182687;4/10/2018;2:50:00 p. m.;Jueves;2018;Octubre;MOTOCICLETA;PARTICULAR;Motociclista;20;MASCULINO;HERIDOS;0;0;0;0;CARRERA 35 CON CALLE 38 A SUR;;MESA;6.166397795539702, -75.58354904595362;CHOQUE;VEHICULO;NO REPORTADO;RESIDENCIAL;Normal;Desobedecer señales
2182688;4/10/2018;1:35:00 p. m.;Jueves;2018;Octubre;MOTOCICLETA;PARTICULAR;Motociclista;19;FEMENINO;HERIDOS;0;0;0;0;CALLE 38 SUR CON CARRERA 46;;ALCALA;6.172018326896112, -75.59133707478912;CHOQUE;VEHICULO;NO REPORTADO;RESIDENCIAL;Normal;Adelantar invadiendo carril de sentido contrario
2182694;4/10/2018;9:45:00 a. m.;Jueves;2018;Octubre;MOTOCICLETA;PARTICULAR;Motociclista;34;MASCULINO;HERIDOS;0;0;0;0;CALLE 25 SUR CON CARRERA 46-16;;BOSQUES DE ZUÑIGA;6.1830964249763145, -75.58272159268972;CHOQUE;VEHICULO;NO REPORTADO;RESIDENCIAL;Normal;Adelantar invadiendo carril del mismo sentido en zigzag
2182695;7/10/2018;1:40:00 a. m.;Domingo;2018;Octubre;MOTOCICLETA;PARTICULAR;Acompañante;44;MASCULINO;HERIDOS;0;0;0;0;KILOMETRO 1 VIA ESCOBERO;el escobero - km 0-13);VEREDA EL ESCOBERO;6.14660615160235, -75.56145197638465;CHOQUE;OBJETO FIJO;OTRO TIPO;NO REPORTADO;Niebla;Exceso de velocidad  -  Falta de precaucion niebla, lluvia, humo
2182695;7/10/2018;1:40:00 a. m.;Domingo;2018;Octubre;MOTOCICLETA;PARTICULAR;Motociclista;22;MASCULINO;HERIDOS;0;0;0;0;KILOMETRO 1 VIA ESCOBERO;el escobero - km 0-13);VEREDA EL ESCOBERO;6.14660615160235, -75.56145197638465;CHOQUE;OBJETO FIJO;OTRO TIPO;NO REPORTADO;Niebla;Exceso de velocidad  -  Falta de precaucion niebla, lluvia, humo
2182714;4/10/2018;7:45:00 p. m.;Jueves;2018;Octubre;MOTOCICLETA;PARTICULAR;Motociclista;25;FEMENINO;HERIDOS;0;0;0;0;CARRERA 47 CON CALLE 38 SUR;;ALCALA;6.172625038024873, -75.59215668392373;CHOQUE;VEHICULO;NO REPORTADO;RESIDENCIAL;Normal;Adelantar cerrando  -  No respetar pelacion de interseccion o giros
2182715;5/10/2018;7:45:00 p. m.;Viernes;2018;Octubre;MOTOCICLETA;PARTICULAR;Peaton;65;FEMENINO;HERIDOS;0;0;0;0;CARRERA 40 CON CALLE 40 SUR;;EL DORADO;6.167267548927536, -75.58800513904734;ATROPELLO;NO REPORTADO;NO REPORTADO;RESIDENCIAL;Normal;Adelantar en zona prohibida  -  Exceso de velocidad
2182716;7/10/2018;10:40:00 a. m.;Domingo;2018;Octubre;MOTOCICLETA;PARTICULAR;Motociclista;36;MASCULINO;HERIDOS;0;0;0;0;TRANSVERSAL 34 C SUR CON DIAGONAL 32-37;;OBRERO;6.172376393234765, -75.58119616138734;CHOQUE;VEHICULO;NO REPORTADO;RESIDENCIAL;Normal;Adelantar en zona prohibida
2182729;6/10/2018;4:00:00 p. m.;Sábado;2018;Octubre;MOTOCICLETA;PARTICULAR;Motociclista;34;MASCULINO;HERIDOS;0;0;0;0;CARRERA 46 A CON CARRERA 35 SUR 81;;EL PORTAL;6.174563353214408, -75.59034079909726;CHOQUE;VEHICULO;NO REPORTADO;RESIDENCIAL;Normal;Adelantar invadiendo carril de sentido contrario
2182730;7/10/2018;12:30:00 p. m.;Domingo;2018;Octubre;MOTOCICLETA;PARTICULAR;Acompañante;21;MASCULINO;HERIDOS;0;0;0;0;KILOMETRO 1+050;arenales;VEREDA EL VALLANO;6.138854916098771, -75.58366928012602;CHOQUE;VEHICULO;NO REPORTADO;NO REPORTADO;Normal;Adelantar en curva  -  Exceso de velocidad
2182730;7/10/2018;12:30:00 p. m.;Domingo;2018;Octubre;MOTOCICLETA;PARTICULAR;Motociclista;25;FEMENINO;HERIDOS;0;0;0;0;KILOMETRO 1+050;arenales;VEREDA EL VALLANO;6.138854916098771, -75.58366928012602;CHOQUE;VEHICULO;NO REPORTADO;NO REPORTADO;Normal;Adelantar en curva  -  Exceso de velocidad
2182730;7/10/2018;12:30:00 p. m.;Domingo;2018;Octubre;MOTOCICLETA;PARTICULAR;Acompañante;63;MASCULINO;HERIDOS;0;0;0;0;KILOMETRO 1+050;arenales;VEREDA EL VALLANO;6.138854916098771, -75.58366928012602;CHOQUE;VEHICULO;NO REPORTADO;NO REPORTADO;Normal;Adelantar en curva  -  Exceso de velocidad
2182731;9/10/2018;10:30:00 a. m.;Martes;2018;Octubre;MOTOCICLETA;PARTICULAR;Motociclista;37;MASCULINO;HERIDOS;0;0;0;0;CALLE 38 SUR CON CARRERA 42-23;;ZONA CENTRO;6.169924461287922, -75.58694423855556;CHOQUE;VEHICULO;NO REPORTADO;RESIDENCIAL;Normal;Adelantar por la derecha  -  Recoger o dejar pasajeros en calzada
2182732;8/10/2018;9:00:00 a. m.;Lunes;2018;Octubre;MOTOCICLETA;PARTICULAR;Motociclista;40;MASCULINO;HERIDOS;0;0;0;0;KILOMETRO 16+160;medell??n palmas envigado (km 12 - km 16+700);VEREDA PALMAS;6.154249134396819, -75.53743261848527;CHOQUE;VEHICULO;NO REPORTADO;NO REPORTADO;Normal;No respetar pelacion de interseccion o giros  -  No respetar prelacion
2182733;5/10/2018;12:50:00 p. m.;Viernes;2018;Octubre;MOTOCICLETA;PARTICULAR;Motociclista;49;MASCULINO;HERIDOS;0;0;0;0;CALLE 37 B SUR CON DIAGONAL 31;;LA PRADERA;6.16599966583816, -75.58018517074615;CHOQUE;VEHICULO;NO REPORTADO;RESIDENCIAL;Normal;Adelantar cerrando
2182733;5/10/2018;12:50:00 p. m.;Viernes;2018;Octubre;MOTOCICLETA;PARTICULAR;Acompañante;66;FEMENINO;HERIDOS;0;0;0;0;CALLE 37 B SUR CON DIAGONAL 31;;LA PRADERA;6.16599966583816, -75.58018517074615;CHOQUE;VEHICULO;NO REPORTADO;RESIDENCIAL;Normal;Adelantar cerrando
2182742;9/10/2018;1:00:00 p. m.;Martes;2018;Octubre;MOTOCICLETA;PARTICULAR;Acompañante;20;MASCULINO;HERIDOS;0;0;0;0;CALLE 39 SUR CON CARRERA 25B 130;;EL CHINGUÍ;6.156771000781098, -75.57867822081707;CHOQUE;VEHICULO;NO REPORTADO;RESIDENCIAL;Normal;Impericia en el manejo
2182743;10/10/2018;4:20:00 p. m.;Miércoles;2018;Octubre;MOTOCICLETA;PARTICULAR;Motociclista;32;MASCULINO;HERIDOS;0;0;0;0;CARRERA 48 CON CALLE 46 SUR 150;;LAS VEGAS;6.1654304594401115, -75.60014866920241;CHOQUE;VEHICULO;NO REPORTADO;RESIDENCIAL;Normal;No mantener distancia de seguridad  -  Poner en marcha un vehiculo sin precauci
2182750;11/10/2018;8:50:00 a. m.;Jueves;2018;Octubre;MOTOCICLETA;PARTICULAR;Motociclista;46;MASCULINO;HERIDOS;0;0;0;0;DIAGONAL 31 E CON TRANSVERSAL 34 D SUR;;OBRERO;6.172240093300745, -75.57917380187195;OTRO;NO REPORTADO;NO REPORTADO;RESIDENCIAL;Normal;Semaforo en rojo
2182751;11/10/2018;1:55:00 p. m.;Jueves;2018;Octubre;MOTOCICLETA;PARTICULAR;Motociclista;40;MASCULINO;HERIDOS;0;0;0;0;CARRERA 50 CON CALLE 29 SUR;;LAS VEGAS;6.182371, -75.589334;CHOQUE;VEHICULO;NO REPORTADO;RESIDENCIAL;Normal;No mantener distancia de seguridad
2182752;10/10/2018;6:27:00 p. m.;Miércoles;2018;Octubre;MOTOCICLETA;PARTICULAR;Motociclista;22;MASCULINO;HERIDOS;0;0;0;0;CARRERA 50 CON CALLE 46 A SUR;;LAS VEGAS;6.168548, -75.602176;CHOQUE;VEHICULO;NO REPORTADO;RESIDENCIAL;Normal;Girar bruscamente  -  Transitar entre vehiculos
2182794;14/10/2018;2:14:00 p. m.;Domingo;2018;Octubre;AUTOMOVIL;PARTICULAR;Conductor;60;MASCULINO;HERIDOS;0;0;0;0;CALLE 36 SUR CON CARRERA 23-49;;VEREDA SANTA CATALINA;6.167538, -75.561207;ATROPELLO;NO REPORTADO;NO REPORTADO;RESIDENCIAL;Normal;Impericia en el manejo
2182794;14/10/2018;2:14:00 p. m.;Domingo;2018;Octubre;AUTOMOVIL;PARTICULAR;Peaton;69;MASCULINO;MUERTOS;0;0;0;0;CALLE 36 SUR CON CARRERA 23-49;;VEREDA SANTA CATALINA;6.167538, -75.561207;ATROPELLO;NO REPORTADO;NO REPORTADO;RESIDENCIAL;Normal;Impericia en el manejo
2182797;14/10/2018;4:30:00 a. m.;Domingo;2018;Octubre;MOTOCICLETA;PARTICULAR;Motociclista;37;MASCULINO;HERIDOS;0;0;0;0;CARRERA 50 CON CALLE 19 SUR;;LAS VEGAS;6.188167, -75.583364;CHOQUE;OBJETO FIJO;ARBOL;RESIDENCIAL;Normal;Embriaguez o droga  -  Impericia en el manejo
2182798;12/10/2018;6:25:00 p. m.;Viernes;2018;Octubre;MOTOCICLETA;PARTICULAR;Motociclista;26;MASCULINO;HERIDOS;0;0;0;0;CARRERA 48 CON CALLE 43 SUR;;LAS VEGAS;6.168499595111275, -75.5973862055626;CHOQUE;VEHICULO;NO REPORTADO;RESIDENCIAL;Normal;Adelantar cerrando
2182799;13/10/2018;12:00:00 p. m.;Sábado;2018;Octubre;AUTOMOVIL;PUBLICO;Peaton;82;MASCULINO;HERIDOS;0;0;0;0;CARRERA 44 A CON CALLE 39 SUR;;ALCALA;6.170430070478834, -75.59037592423223;ATROPELLO;NO REPORTADO;NO REPORTADO;RESIDENCIAL;Normal;Exceso de velocidad
2182800;13/10/2018;4:50:00 p. m.;Sábado;2018;Octubre;MOTOCICLETA;PARTICULAR;Motociclista;22;MASCULINO;HERIDOS;0;0;0;0;CARRERA 48 CON CALLE 30 SUR;;LAS VEGAS;6.179496718217783, -75.58819458527805;CHOQUE;VEHICULO;NO REPORTADO;RESIDENCIAL;Normal;Semaforo en rojo
2182801;11/10/2018;2:45:00 p. m.;Jueves;2018;Octubre;MOTOCICLETA;PARTICULAR;Motociclista;43;MASCULINO;HERIDOS;0;0;0;0;CARRERA 50 CON CALLE 40 SUR;;LAS VEGAS;6.173219, -75.597911;OTRO;NO REPORTADO;NO REPORTADO;RESIDENCIAL;Normal;Transitar entre vehiculos
2182802;11/10/2018;2:30:00 p. m.;Jueves;2018;Octubre;MOTOCICLETA;PARTICULAR;Motociclista;40;MASCULINO;HERIDOS;0;0;0;0;CARRERA 48 CON CALLE 34 SUR 28;;LAS VEGAS;6.176086463080178, -75.59090650095033;CAIDA OCUPANTE;NO REPORTADO;NO REPORTADO;RESIDENCIAL;Normal;Exceso de velocidad  -  Impericia en el manejo
2182803;12/10/2018;3:00:00 a. m.;Viernes;2018;Octubre;MOTOCICLETA;PARTICULAR;Motociclista;34;MASCULINO;HERIDOS;0;0;0;0;CARRERA 42 CON CALLE 44 SUR;;EL DORADO;6.16465094608183, -75.59215811991326;OTRO;NO REPORTADO;NO REPORTADO;RESIDENCIAL;Normal;Impericia en el manejo
2182804;14/10/2018;9:35:00 p. m.;Domingo;2018;Octubre;MOTOCICLETA;PARTICULAR;Motociclista;23;MASCULINO;HERIDOS;0;0;0;0;CALLE 36 SUR CON CARRERA 27 D 136;;LA INMACULADA;6.167412644025766, -75.57385258548607;CHOQUE;VEHICULO;NO REPORTADO;RESIDENCIAL;Normal;No mantener distancia de seguridad
2182805;12/10/2018;1:15:00 p. m.;Viernes;2018;Octubre;MOTOCICLETA;PARTICULAR;Motociclista;31;MASCULINO;HERIDOS;0;0;0;0;CALLE 39 SUR CON CARRERA 25 B 130;;EL CHINGUÍ;6.156771000781098, -75.57867822081707;CHOQUE;VEHICULO;NO REPORTADO;RESIDENCIAL;Normal;Embriaguez o droga  -  No mantener distancia de seguridad
2182806;12/10/2018;9:40:00 a. m.;Viernes;2018;Octubre;MOTOCICLETA;PARTICULAR;Motociclista;38;FEMENINO;HERIDOS;0;0;0;0;DIAGONAL 31 CON TRANSVERSAL 36 SUR;;LA SEBASTIANA;6.1684814285674, -75.58028009022239;CHOQUE;VEHICULO;NO REPORTADO;RESIDENCIAL;Normal;Semaforo en rojo
2182807;16/10/2018;1:40:00 p. m.;Martes;2018;Octubre;MOTOCICLETA;PARTICULAR;Motociclista;24;MASCULINO;HERIDOS;0;0;0;0;CARRERA 48 CON CALLE 48 SUR 181;;LAS VEGAS;6.164976796434484, -75.60136111905749;CHOQUE;VEHICULO;NO REPORTADO;RESIDENCIAL;Normal;Transitar entre vehiculos
2182808;16/10/2018;4:20:00 p. m.;Martes;2018;Octubre;BICICLETA;;Ciclista;81;MASCULINO;HERIDOS;0;0;0;0;CARRERA 43 CON CALLE 33 B SUR 71;;ZONA CENTRO;6.173096759625259, -75.58610939022235;CHOQUE;VEHICULO;NO REPORTADO;RESIDENCIAL;Lluvia;No mantener distancia de seguridad
2182809;16/10/2018;11:00:00 a. m.;Martes;2018;Octubre;MOTOCICLETA;PARTICULAR;Motociclista;42;FEMENINO;HERIDOS;0;0;0;0;KILOMETRO 10+530;retiro varia palmas enviga (km 5+43 - km 14+ 550);VEREDA PANTANILLO;6.160440063913483, -75.5082556777844;CHOQUE;VEHICULO;NO REPORTADO;NO REPORTADO;Normal;No respetar prelacion
2182822;18/10/2018;10:00:00 a. m.;Jueves;2018;Octubre;MOTOCICLETA;PARTICULAR;Motociclista;54;FEMENINO;HERIDOS;0;0;0;0;CALLE 39 SUR CARRERA 46;;ALCALA;6.170643293997913, -75.592574551502;CHOQUE;VEHICULO;NO REPORTADO;RESIDENCIAL;Normal;No mantener distancia de seguridad  -  Superficie humeda
2182824;18/10/2018;4:45:00 p. m.;Jueves;2018;Octubre;BUSETA;PUBLICO;Peaton;70;MASCULINO;HERIDOS;0;0;0;0;CALLE 40 B SUR  CON CARRERA 40-15;;EL DORADO;6.166542209926509, -75.58753307026478;ATROPELLO;NO REPORTADO;NO REPORTADO;RESIDENCIAL;Normal;Cruzar sin observar
2182827;18/10/2018;3:15:00 p. m.;Jueves;2018;Octubre;CAMION;PUBLICO;Peaton;71;MASCULINO;HERIDOS;0;0;0;0;CALLE 22 SUR CON CARRERA 43 A;;ZUÑIGA;6.183093905548437, -75.57992322273068;ATROPELLO;NO REPORTADO;NO REPORTADO;RESIDENCIAL;Normal;Cruzar sin observar
2182828;17/10/2018;2:35:00 p. m.;Miércoles;2018;Octubre;MOTOCICLETA;PARTICULAR;Peaton;19;FEMENINO;HERIDOS;0;0;0;0;CARRERA 48 CON CARRERA 32 B SUR 30;;LAS VEGAS;6.177526857657726, -75.59053643255224;ATROPELLO;NO REPORTADO;NO REPORTADO;RESIDENCIAL;Normal;Cruzar sin observar
2182828;17/10/2018;2:35:00 p. m.;Miércoles;2018;Octubre;MOTOCICLETA;PARTICULAR;Motociclista;25;MASCULINO;HERIDOS;0;0;0;0;CARRERA 48 CON CARRERA 32 B SUR 30;;LAS VEGAS;6.177526857657726, -75.59053643255224;ATROPELLO;NO REPORTADO;NO REPORTADO;RESIDENCIAL;Normal;Cruzar sin observar
2182834;19/10/2018;4:15:00 p. m.;Viernes;2018;Octubre;MOTOCICLETA;PARTICULAR;Motociclista;26;FEMENINO;HERIDOS;0;0;0;0;CARRERA 48 CON CALLE 32 B SUR 30;;LAS VEGAS;6.176911567654952, -75.5902440409781;CHOQUE;VEHICULO;NO REPORTADO;RESIDENCIAL;Normal;No mantener distancia de seguridad
2182837;18/10/2018;6:35:00 p. m.;Jueves;2018;Octubre;MOTOCICLETA;PARTICULAR;Motociclista;34;FEMENINO;HERIDOS;0;0;0;0;CALLE 39 B SUR CON CARRERA 32;;SAN JOSE;6.164043396829556, -75.58305340732392;CHOQUE;VEHICULO;NO REPORTADO;RESIDENCIAL;Normal;Desobedecer señales
2182840;20/10/2018;12:50:00 p. m.;Sábado;2018;Octubre;MOTOCICLETA;DIPLOMATICO;Motociclista;20;MASCULINO;HERIDOS;0;0;0;0;CARRERA 35 CON CALLE 38 A SUR;;MESA;6.166440462578848, -75.58363487663878;CHOQUE;VEHICULO;NO REPORTADO;RESIDENCIAL;Normal;Desobedecer señales
2182841;20/10/2018;6:20:00 a. m.;Sábado;2018;Octubre;AUTOMOVIL;PARTICULAR;Conductor;25;MASCULINO;HERIDOS;0;0;0;0;KILOMETRO 12+500;medell??n palmas envigado (km 12 - km 16+700);VEREDA PALMAS;6.159974569789303, -75.52177180591038;VOLCAMIENTO;NO REPORTADO;NO REPORTADO;NO REPORTADO;Lluvia;Impericia en el manejo
2182842;20/10/2018;5:40:00 a. m.;Sábado;2018;Octubre;MOTOCICLETA;PARTICULAR;Acompañante;30;FEMENINO;HERIDOS;0;0;0;0;CALLE 38 SUR CON CARRERA 36-31;;MESA;6.168203007094142, -75.58354527026422;CAIDA OCUPANTE;NO REPORTADO;NO REPORTADO;RESIDENCIAL;Normal;Falta de precaucion niebla, lluvia, humo
2182843;19/10/2018;12:30:00 p. m.;Viernes;2018;Octubre;MOTOCICLETA;PARTICULAR;Peaton;64;FEMENINO;HERIDOS;0;0;0;;CARRERA 48 CON CALLE 46 SUR 150;;LAS VEGAS;6.1654304594401115, -75.60014866920241;ATROPELLO;NO REPORTADO;NO REPORTADO;RESIDENCIAL;Normal;Impericia en el manejo