NRO_RADICADO;FECHA_ACCIDENTE;HORA_ACCIDENTE;Día de la semana;AÑO;MES;CLASE_VEHICULO;TIPO_SERVICIO;TIPO_VICTIMA;EDAD;GENERO;GRAVEDAD;ESTADO_BEODEZ;ESTADO_DROGA;RESULTADO_BEODEZ;RESUL_BEODEZ_GRAMOS;DIRECCION_CARACT_VIA;TRAMO_VIA;LOCALIDAD_O_COMUNA;    GEORREFERENCIACIÓN;DESC_CLASE_ACCIDENTE;DESC_CHOQUE_ACCIDENTE;DESC_OBJETO_FIJO;DESC_SECTOR_ACCIDENTE;CONDICION_CLIMATICA;CAUSA_ACCIDENTE
2182845;18/10/2018;11:16:00 a. m.;Jueves;2018;Octubre;CAMIONETA;PARTICULAR;Acompañante;28;FEMENINO;HERIDOS;0;0;0;0;CARRERA 29 A CON CALLE 37 SUR ;;LOMA DE LAS BRUJAS;6.1665492415362495, -75.5806360009525;CHOQUE;OBJETO FIJO;MURO;RESIDENCIAL;Normal;Impericia en el manejo
2182845;18/10/2018;11:16:00 a. m.;Jueves;2018;Octubre;CAMIONETA;PARTICULAR;Conductor;32;MASCULINO;HERIDOS;0;0;0;0;CARRERA 29 A CON CALLE 37 SUR ;;LOMA DE LAS BRUJAS;6.1665492415362495, -75.5806360009525;CHOQUE;OBJETO FIJO;MURO;RESIDENCIAL;Normal;Impericia en el manejo
2182851;20/10/2018;7:30:00 a. m.;Sábado;2018;Octubre;MOTOCICLETA;PARTICULAR;Peaton;21;MASCULINO;HERIDOS;0;0;0;0;CARRERA 48 CON CALLE 25 AA SUR 70;;LAS VEGAS;6.183785225544932, -75.58472420318829;ATROPELLO;NO REPORTADO;NO REPORTADO;RESIDENCIAL;Normal;Adelantar invadiendo carril del mismo sentido en zigzag
2182854;17/10/2018;10:20:00 a. m.;Miércoles;2018;Octubre;MOTOCICLETA;PARTICULAR;Motociclista;34;MASCULINO;HERIDOS;0;0;0;0;CARRERA 50 CON CALLE 19 SUR;;LAS VEGAS;6.188167, -75.583364;CHOQUE;VEHICULO;NO REPORTADO;RESIDENCIAL;Normal;No mantener distancia de seguridad
2182856;18/10/2018;10:50:00 p. m.;Jueves;2018;Octubre;MOTOCICLETA;PARTICULAR;Motociclista;40;MASCULINO;HERIDOS;0;0;0;0;CALLE 46 D SUR CON CARRERA 42 D 80;;LOMA DEL BARRO;6.161446464792754, -75.59597940732394;CHOQUE;VEHICULO;NO REPORTADO;RESIDENCIAL;Normal;Impericia en el manejo
2182858;19/10/2018;5:30:00 p. m.;Viernes;2018;Octubre;AUTOMOVIL;PUBLICO;Acompañante;49;MASCULINO;HERIDOS;0;0;0;0;CALLE 40 F SUR  CON CARRERA 25 A 10;;LA MINA;6.1540177526829645, -75.58291653670616;CHOQUE;VEHICULO;NO REPORTADO;RESIDENCIAL;Normal;No respetar pelacion de interseccion o giros
2182858;19/10/2018;5:30:00 p. m.;Viernes;2018;Octubre;AUTOMOVIL;PUBLICO;Acompañante;26;MASCULINO;HERIDOS;0;0;0;0;CALLE 40 F SUR  CON CARRERA 25 A 10;;LA MINA;6.1540177526829645, -75.58291653670616;CHOQUE;VEHICULO;NO REPORTADO;RESIDENCIAL;Normal;No respetar pelacion de interseccion o giros
2182861;22/10/2018;1:45:00 p. m.;Lunes;2018;Octubre;MOTOCICLETA;OFICIAL;Peaton;75;FEMENINO;HERIDOS;0;0;0;0;CARRERA 48 CON CALLE 33 B SUR;;LAS VEGAS;6.1771312587881235, -75.59004749247258;ATROPELLO;NO REPORTADO;NO REPORTADO;RESIDENCIAL;Normal;Transitar entre vehiculos
2182865;19/10/2018;6:40:00 a. m.;Viernes;2018;Octubre;MOTOCICLETA;PARTICULAR;Motociclista;22;FEMENINO;HERIDOS;0;0;0;0;CALLE 38 A SUR  CON CARRERA 39;;ZONA CENTRO;6.168176963779859, -75.58566294780307;CHOQUE;VEHICULO;NO REPORTADO;RESIDENCIAL;Normal;Adelantar por la derecha
2182865;19/10/2018;6:40:00 a. m.;Viernes;2018;Octubre;MOTOCICLETA;PARTICULAR;Acompañante;23;FEMENINO;HERIDOS;0;0;0;0;CALLE 38 A SUR  CON CARRERA 39;;ZONA CENTRO;6.168176963779859, -75.58566294780307;CHOQUE;VEHICULO;NO REPORTADO;RESIDENCIAL;Normal;Adelantar por la derecha
2182866;20/10/2018;4:40:00 p. m.;Sábado;2018;Octubre;MOTOCICLETA;PARTICULAR;Acompañante;19;FEMENINO;HERIDOS;0;0;0;0;CARRERA 48 CON CALLE 19 SUR 196;;LAS VEGAS;6.185597978865899, -75.58265255159967;CHOQUE;VEHICULO;NO REPORTADO;RESIDENCIAL;Normal;No mantener distancia de seguridad
2182867;21/10/2018;5:15:00 p. m.;Domingo;2018;Octubre;AUTOMOVIL;PARTICULAR;Conductor;55;FEMENINO;HERIDOS;0;0;0;0;CALLE 37 SUR CON CARRERA 33;;LOS NARANJOS;6.1669336391674445, -75.58169279269049;CHOQUE;OBJETO FIJO;VEHICULO ESTACIONADO;RESIDENCIAL;Lluvia;Impericia en el manejo
2182868;21/10/2018;5:30:00 p. m.;Domingo;2018;Octubre;CAMPERO;PARTICULAR;Acompañante;45;FEMENINO;HERIDOS;0;0;0;0;CARRERA 48 CON CALLE 19 SUR 176;;BOSQUES DE ZUÑIGA;6.187268962494619, -75.58164367539096;CHOQUE;VEHICULO;NO REPORTADO;RESIDENCIAL;Lluvia;No mantener distancia de seguridad
2182869;22/10/2018;1:00:00 p. m.;Lunes;2018;Octubre;MOTOCICLETA;PARTICULAR;Motociclista;29;MASCULINO;HERIDOS;0;0;0;0;TRANSVERSAL 34 A SUR  CON DIAGONAL 32B;;OBRERO;6.173322232549148, -75.5820237088876;CHOQUE;VEHICULO;NO REPORTADO;RESIDENCIAL;Normal;Desobedecer señales
2182869;22/10/2018;1:00:00 p. m.;Lunes;2018;Octubre;MOTOCICLETA;PARTICULAR;Motociclista;29;MASCULINO;HERIDOS;0;0;0;0;TRANSVERSAL 34 A SUR  CON DIAGONAL 32B;;OBRERO;6.173322232549148, -75.5820237088876;CHOQUE;VEHICULO;NO REPORTADO;RESIDENCIAL;Normal;Desobedecer señales
2182870;22/10/2018;6:15:00 a. m.;Lunes;2018;Octubre;MOTOCICLETA;PARTICULAR;Motociclista;25;FEMENINO;HERIDOS;0;0;0;0;CARRERA 48 CON CALLE 40 SUR;;LAS VEGAS;6.170220061034249, -75.59578144973783;CHOQUE;VEHICULO;NO REPORTADO;RESIDENCIAL;Normal;Adelantar invadiendo carril del mismo sentido en zigzag
2182872;22/10/2018;6:10:00 p. m.;Lunes;2018;Octubre;MOTOCICLETA;PARTICULAR;Motociclista;39;MASCULINO;HERIDOS;0;0;0;0;CALLE 25 SUR  CON CARRERA 45;;BOSQUES DE ZUÑIGA;6.183307518321327, -75.58208304698017;CHOQUE;VEHICULO;NO REPORTADO;RESIDENCIAL;Normal;No hacer uso de señales reflectivas o luminosas
2182872;22/10/2018;6:10:00 p. m.;Lunes;2018;Octubre;BICICLETA;;Ciclista;31;MASCULINO;HERIDOS;0;0;0;0;CALLE 25 SUR  CON CARRERA 45;;BOSQUES DE ZUÑIGA;6.183307518321327, -75.58208304698017;CHOQUE;VEHICULO;NO REPORTADO;RESIDENCIAL;Normal;No hacer uso de señales reflectivas o luminosas
2182873;23/10/2018;9:00:00 a. m.;Martes;2018;Octubre;MOTOCICLETA;PARTICULAR;Motociclista;26;MASCULINO;HERIDOS;0;0;0;0;CARRERA 48 CON CALLE 30 SUR;;LAS VEGAS;6.179496718217783, -75.58819458527805;CHOQUE;VEHICULO;NO REPORTADO;RESIDENCIAL;Normal;No mantener distancia de seguridad
2182895;23/10/2018;6:20:00 a. m.;Martes;2018;Octubre;AUTOMOVIL;PARTICULAR;Acompañante;16;MASCULINO;HERIDOS;0;0;0;0;CARRERA 47A CON CALLE 38B SUR;;ALCALA;6.1719871210360795, -75.59301289903995;CHOQUE;VEHICULO;NO REPORTADO;RESIDENCIAL;Normal;No respetar prelacion
2182895;23/10/2018;6:20:00 a. m.;Martes;2018;Octubre;AUTOMOVIL;PARTICULAR;Acompañante;16;FEMENINO;HERIDOS;0;0;0;0;CARRERA 47A CON CALLE 38B SUR;;ALCALA;6.1719871210360795, -75.59301289903995;CHOQUE;VEHICULO;NO REPORTADO;RESIDENCIAL;Normal;No respetar prelacion
2182895;23/10/2018;6:20:00 a. m.;Martes;2018;Octubre;AUTOMOVIL;PARTICULAR;Acompañante;13;FEMENINO;HERIDOS;0;0;0;0;CARRERA 47A CON CALLE 38B SUR;;ALCALA;6.1719871210360795, -75.59301289903995;CHOQUE;VEHICULO;NO REPORTADO;RESIDENCIAL;Normal;No respetar prelacion
2182896;23/10/2018;11:15:00 a. m.;Martes;2018;Octubre;MOTOCICLETA;PARTICULAR;Motociclista;34;MASCULINO;HERIDOS;0;0;0;0;CALLE 39 SUR CON CARRERA 46;;ALCALA;6.170664627347072, -75.59253163615942;CHOQUE;VEHICULO;NO REPORTADO;RESIDENCIAL;Normal;No mantener distancia de seguridad
2182897;23/10/2018;8:50:00 p. m.;Martes;2018;Octubre;MOTOCICLETA;PARTICULAR;Motociclista;20;MASCULINO;HERIDOS;0;0;0;0;CARRERA 43A CON CALLE 31 SUR;;JARDINES;6.176688299081108, -75.58536870008234;CHOQUE;VEHICULO;NO REPORTADO;RESIDENCIAL;Normal;Semaforo en rojo
2182899;25/10/2018;7:10:00 a. m.;Jueves;2018;Octubre;MOTOCICLETA;PARTICULAR;Motociclista;36;MASCULINO;HERIDOS;0;0;0;0;CARRERA 27A  CON CALLE 37 SUR 07;;LA PRADERA;6.162698097917134, -75.57310311341892;CHOQUE;VEHICULO;NO REPORTADO;RESIDENCIAL;Normal;No mantener distancia de seguridad
2182900;25/10/2018;6:20:00 p. m.;Jueves;2018;Octubre;MOTOCICLETA;PARTICULAR;Acompañante;45;FEMENINO;HERIDOS;0;0;0;0;CARRERA 48 CON CALLE 50 SUR;;LAS VEGAS;6.162072458716961, -75.60353659646475;CHOQUE;VEHICULO;NO REPORTADO;RESIDENCIAL;Normal;Adelantar en zona prohibida
2182900;25/10/2018;6:20:00 p. m.;Jueves;2018;Octubre;MOTOCICLETA;PARTICULAR;Motociclista;26;FEMENINO;HERIDOS;0;0;0;0;CARRERA 48 CON CALLE 50 SUR;;LAS VEGAS;6.162072458716961, -75.60353659646475;CHOQUE;VEHICULO;NO REPORTADO;RESIDENCIAL;Normal;Adelantar en zona prohibida
2182901;24/10/2018;10:00:00 a. m.;Miércoles;2018;Octubre;MOTOCICLETA;PARTICULAR;Motociclista;24;MASCULINO;HERIDOS;0;0;0;0;CARRERA 50 CON CALLE 30 SUR;;LAS VEGAS;6.180427, -75.590467;CHOQUE;VEHICULO;NO REPORTADO;RESIDENCIAL;Normal;Transitar entre vehiculos
2182901;24/10/2018;10:00:00 a. m.;Miércoles;2018;Octubre;MOTOCICLETA;PARTICULAR;Acompañante;13;FEMENINO;HERIDOS;0;0;0;0;CARRERA 50 CON CALLE 30 SUR;;LAS VEGAS;6.180427, -75.590467;CHOQUE;VEHICULO;NO REPORTADO;RESIDENCIAL;Normal;Transitar entre vehiculos
2182902;25/10/2018;8:00:00 a. m.;Jueves;2018;Octubre;MOTOCICLETA;PARTICULAR;Motociclista;27;MASCULINO;HERIDOS;0;0;0;0;CARRERA 50 CON CALLE 27 SUR 30;;LAS VEGAS;6.183503, -75.588505;CHOQUE;VEHICULO;NO REPORTADO;RESIDENCIAL;Normal;No mantener distancia de seguridad
2182902;25/10/2018;8:00:00 a. m.;Jueves;2018;Octubre;MOTOCICLETA;PARTICULAR;Motociclista;43;FEMENINO;HERIDOS;0;0;0;0;CARRERA 50 CON CALLE 27 SUR 30;;LAS VEGAS;6.183503, -75.588505;CHOQUE;VEHICULO;NO REPORTADO;RESIDENCIAL;Normal;No mantener distancia de seguridad
2182917;25/10/2018;1:00:00 p. m.;Jueves;2018;Octubre;BUS;PUBLICO;Conductor;53;MASCULINO;HERIDOS;0;0;0;0;CALLE 48C SUR CON CARRERA 43A;;PRIMAVERA;6.162373529621849, -75.59750154410418;CHOQUE;VEHICULO;NO REPORTADO;RESIDENCIAL;Normal;Impericia en el manejo
2182918;26/10/2018;9:15:00 p. m.;Viernes;2018;Octubre;MOTOCICLETA;PARTICULAR;Acompañante;14;FEMENINO;HERIDOS;0;0;0;;CARRERA 48 CON CALLE 39A SUR 34;;ALCALA;6.170837792169515, -75.59454570827529;CAIDA OCUPANTE;NO REPORTADO;NO REPORTADO;RESIDENCIAL;Normal;Impericia en el manejo
2182919;28/10/2018;2:40:00 p. m.;Domingo;2018;Octubre;MOTOCICLETA;PARTICULAR;Motociclista;20;MASCULINO;MUERTOS;0;0;0;0;CARRERA 50 CON CALLE 36 SUR;;LAS VEGAS;6.176346, -75.593931;CHOQUE;VEHICULO;NO REPORTADO;RESIDENCIAL;Normal;Exceso de velocidad
2182937;28/10/2018;5:40:00 p. m.;Domingo;2018;Octubre;MOTOCICLETA;DIPLOMATICO;Acompañante;21;FEMENINO;HERIDOS;0;0;0;0;CALLE 45A SUR CON CARRERA 39D;;LAS ANTILLAS;6.161813868092648, -75.59099711896748;CHOQUE;VEHICULO;NO REPORTADO;RESIDENCIAL;Normal;No mantener distancia de seguridad
2182938;29/10/2018;7:00:00 a. m.;Lunes;2018;Octubre;MOTOCICLETA;PARTICULAR;Motociclista;38;MASCULINO;HERIDOS;0;0;0;0;CARRERA 39 CON CALLE 37 SUR;;ZONA CENTRO;6.1691833283297655, -75.5848897343099;CHOQUE;VEHICULO;NO REPORTADO;RESIDENCIAL;Normal;Adelantar cerrando
2182940;29/10/2018;8:10:00 p. m.;Lunes;2018;Octubre;MOTOCICLETA;PARTICULAR;Motociclista;35;FEMENINO;HERIDOS;0;0;0;0;CARRERA 50 CON CALLE 30 SUR;;LAS VEGAS;6.180427, -75.590467;CHOQUE;VEHICULO;NO REPORTADO;RESIDENCIAL;Normal;No mantener distancia de seguridad
2182941;30/10/2018;11:55:00 a. m.;Martes;2018;Octubre;MOTOCICLETA;PARTICULAR;Motociclista;40;MASCULINO;HERIDOS;0;0;0;0;CARRERA 43A CON CALLE 48C SUR 45;;PRIMAVERA;6.161999868768795, -75.59835125504785;CHOQUE;VEHICULO;NO REPORTADO;RESIDENCIAL;Normal;Desobedecer señales
2182966;28/10/2018;4:00:00 a. m.;Domingo;2018;Octubre;MOTOCICLETA;PARTICULAR;Motociclista;21;MASCULINO;HERIDOS;0;0;0;0;CALLE 38A SUR CON CARRERA 41;;ZONA CENTRO;6.16854869443766, -75.58701474780311;CHOQUE;VEHICULO;NO REPORTADO;RESIDENCIAL;Normal;Desobedecer señales
2182969;2/11/2018;3:20:00 p. m.;Viernes;2018;Noviembre;MOTOCICLETA;PARTICULAR;Motociclista;22;FEMENINO;HERIDOS;0;0;0;0;CALLE 47 SUR CON CARRERA 40;;EL TRIANON;6.159402636214724, -75.5940258631457;CHOQUE;VEHICULO;NO REPORTADO;RESIDENCIAL;Normal;Desobedecer señales
2182970;30/10/2018;10:38:00 a. m.;Martes;2018;Octubre;MOTOCICLETA;PARTICULAR;Motociclista;36;MASCULINO;HERIDOS;0;0;0;0;CARRERA 42 CON CALLE 33 B SUR;;ZONA CENTRO;6.172698193078973, -75.58557610547427;CHOQUE;VEHICULO;NO REPORTADO;RESIDENCIAL;Normal;Desobedecer señales
2182971;31/10/2018;8:00:00 a. m.;Miércoles;2018;Octubre;MOTOCICLETA;PARTICULAR;Motociclista;40;MASCULINO;HERIDOS;0;0;0;;CARRERA 48 CON CALLE 46 SUR 150;;LAS VEGAS;6.1654304594401115, -75.60014866920241;CHOQUE;VEHICULO;NO REPORTADO;RESIDENCIAL;Normal;No mantener distancia de seguridad
2182972;31/10/2018;6:40:00 a. m.;Miércoles;2018;Octubre;MOTOCICLETA;PARTICULAR;Motociclista;48;MASCULINO;HERIDOS;0;0;0;0;CARRERA 48 CON CALLE 33B SUR 90;;EL PORTAL;6.175728500893489, -75.59072657910956;CAIDA OCUPANTE;NO REPORTADO;NO REPORTADO;RESIDENCIAL;Normal;Fallas en las llantas
2182972;31/10/2018;6:40:00 a. m.;Miércoles;2018;Octubre;MOTOCICLETA;PARTICULAR;Acompañante;48;FEMENINO;HERIDOS;0;0;0;0;CARRERA 48 CON CALLE 33B SUR 90;;EL PORTAL;6.175728500893489, -75.59072657910956;CAIDA OCUPANTE;NO REPORTADO;NO REPORTADO;RESIDENCIAL;Normal;Fallas en las llantas
2182974;31/10/2018;5:30:00 a. m.;Miércoles;2018;Octubre;MOTOCICLETA;PARTICULAR;Motociclista;53;FEMENINO;HERIDOS;0;0;0;0;CARRERA 50 CON CALLE 37 SUR;;LAS VEGAS;6.175135, -75.595369;CHOQUE;VEHICULO;NO REPORTADO;RESIDENCIAL;Normal;No respetar prelacion
2182974;31/10/2018;5:30:00 a. m.;Miércoles;2018;Octubre;MOTOCICLETA;PARTICULAR;Acompañante;22;FEMENINO;HERIDOS;0;0;0;0;CARRERA 50 CON CALLE 37 SUR;;LAS VEGAS;6.175135, -75.595369;CHOQUE;VEHICULO;NO REPORTADO;RESIDENCIAL;Normal;No respetar prelacion
2182976;1/11/2018;11:45:00 a. m.;Jueves;2018;Noviembre;MOTOCICLETA;DIPLOMATICO;Motociclista;19;MASCULINO;HERIDOS;0;0;0;0;CALLE 37 SUR CON CARRERA 36;;MESA;6.1679279282940245, -75.58329474104609;CHOQUE;VEHICULO;NO REPORTADO;RESIDENCIAL;Normal;Desobedecer señales
2182977;2/11/2018;9:30:00 p. m.;Viernes;2018;Noviembre;MOTOCICLETA;PARTICULAR;Acompañante;21;FEMENINO;HERIDOS;0;0;0;0;CARRERA 43A CON CALLE 40H SUR 100;;EL DORADO;6.168095522636776, -75.59021592809606;CHOQUE;VEHICULO;NO REPORTADO;RESIDENCIAL;Normal;No mantener distancia de seguridad
2182979;2/11/2018;12:20:00 a. m.;Viernes;2018;Noviembre;MOTOCICLETA;PARTICULAR;Motociclista;35;MASCULINO;HERIDOS;0;0;0;0;CARRERA 48 CON CALLE 40 SUR;;LAS VEGAS;6.1700385121076975, -75.5956444691994;CHOQUE;OBJETO FIJO;VALLA - SEÑAL;RESIDENCIAL;Normal;Embriaguez o droga
2182981;3/11/2018;10:00:00 p. m.;Sábado;2018;Noviembre;MOTOCICLETA;PARTICULAR;Motociclista;48;MASCULINO;HERIDOS;0;0;0;0;CARRERA 29D CON CALLE 40F SRU 51;;EL DORADO;6.1598839282696485, -75.58513709252796;CHOQUE;VEHICULO;NO REPORTADO;RESIDENCIAL;Normal;Impericia en el manejo
2182982;4/11/2018;4:30:00 a. m.;Domingo;2018;Noviembre;MOTOCICLETA;PARTICULAR;Acompañante;18;FEMENINO;HERIDOS;0;0;0;0;CALLE 39D SUR CON CARRERA 24EE 146;;EL CHINGUÍ;6.14990138550954, -75.57582646924091;CHOQUE;VEHICULO;NO REPORTADO;RESIDENCIAL;Normal;Adelantar en zona prohibida
2182982;4/11/2018;4:30:00 a. m.;Domingo;2018;Noviembre;MOTOCICLETA;PARTICULAR;Motociclista;21;MASCULINO;HERIDOS;0;0;0;0;CALLE 39D SUR CON CARRERA 24EE 146;;EL CHINGUÍ;6.14990138550954, -75.57582646924091;CHOQUE;VEHICULO;NO REPORTADO;RESIDENCIAL;Normal;Adelantar en zona prohibida
2182985;5/11/2018;9:50:00 p. m.;Lunes;2018;Noviembre;MOTOCICLETA;PARTICULAR;Motociclista;18;MASCULINO;HERIDOS;0;0;0;0;CARRERA 48 CON CALLE 36 SUR;;EL PORTAL;6.174330960453414, -75.59212093572795;CHOQUE;OBJETO FIJO;VEHICULO ESTACIONADO;RESIDENCIAL;Normal;Impericia en el manejo
2182986;5/11/2018;3:10:00 p. m.;Lunes;2018;Noviembre;MOTOCICLETA;PARTICULAR;Motociclista;60;MASCULINO;HERIDOS;0;0;0;0;CARRERA 50 CON CALLE 43 SUR;;LAS VEGAS;6.171018, -75.600755;CHOQUE;VEHICULO;NO REPORTADO;RESIDENCIAL;Normal;No respetar prelacion
2182987;5/11/2018;11:00:00 a. m.;Lunes;2018;Noviembre;MOTOCICLETA;OFICIAL;Motociclista;33;MASCULINO;HERIDOS;0;0;0;0;CARRERA 48 CON CALLE 19 SUR 20;;LAS VEGAS;6.18687172358336, -75.58204627943606;CHOQUE;VEHICULO;NO REPORTADO;RESIDENCIAL;Normal;Impericia en el manejo
2182987;5/11/2018;11:00:00 a. m.;Lunes;2018;Noviembre;MOTOCICLETA;OFICIAL;Acompañante;35;MASCULINO;HERIDOS;0;0;0;0;CARRERA 48 CON CALLE 19 SUR 20;;LAS VEGAS;6.18687172358336, -75.58204627943606;CHOQUE;VEHICULO;NO REPORTADO;RESIDENCIAL;Normal;Impericia en el manejo
2182988;4/11/2018;11:24:00 a. m.;Domingo;2018;Noviembre;BICICLETA;;Ciclista;35;MASCULINO;MUERTOS;0;0;0;;KILOMETRO 3 + 500;el escobero - km 0-13);VEREDA EL ESCOBERO;6.146256, -75.561580;CHOQUE;OBJETO FIJO;BARANDA;NO REPORTADO;Normal;Impericia en el manejo
2183014;7/11/2018;10:20:00 a. m.;Miércoles;2018;Noviembre;MOTOCICLETA;PARTICULAR;Motociclista;37;FEMENINO;HERIDOS;0;0;0;0;CARRERA 48 CON CALLE 40 SUR;;LAS VEGAS;6.170220061034249, -75.59578144973783;CHOQUE;VEHICULO;NO REPORTADO;RESIDENCIAL;Normal;Poner en marcha un vehiculo sin precauci
2183015;7/11/2018;4:50:00 p. m.;Miércoles;2018;Noviembre;MOTOCICLETA;PARTICULAR;Motociclista;23;MASCULINO;HERIDOS;0;0;0;0;CALLE 39 SUR CONB CARRERA  37-37;;MESA;6.166881706961246, -75.58518946232788;ATROPELLO;NO REPORTADO;NO REPORTADO;RESIDENCIAL;Normal;Poner en marcha un vehiculo sin precauci
2183017;5/11/2018;2:00:00 p. m.;Lunes;2018;Noviembre;BICICLETA;;Ciclista;18;MASCULINO;HERIDOS;0;0;0;0;KILOMETRO 13 + 100;retiro varia palmas enviga (km 5+43 - km 14+ 550);VEREDA PALMAS;6.159653, -75.526802;CHOQUE;VEHICULO;NO REPORTADO;NO REPORTADO;Normal;Impericia en el manejo
2183019;6/11/2018;8:00:00 a. m.;Martes;2018;Noviembre;MOTOCICLETA;PARTICULAR;Motociclista;22;MASCULINO;HERIDOS;0;0;0;0;CARRERA 43A CON CALLE 38A SUR 21;;ALCALA;6.170469844548444, -75.58864056631975;CHOQUE;VEHICULO;NO REPORTADO;RESIDENCIAL;Normal;No mantener distancia de seguridad
2183035;7/11/2018;2:45:00 p. m.;Miércoles;2018;Noviembre;MOTOCICLETA;PARTICULAR;Motociclista;17;MASCULINO;HERIDOS;0;0;0;0;CARRERA 43A CON CALLE 49 SUR;;LAS CASITAS;6.16097104758283, -75.60021104420407;CHOQUE;VEHICULO;NO REPORTADO;RESIDENCIAL;Normal;Girar bruscamente
2183038;7/11/2018;5:30:00 p. m.;Miércoles;2018;Noviembre;MOTOCICLETA;PARTICULAR;Motociclista;25;MASCULINO;HERIDOS;0;0;0;0;CARRERA 48 CON CALLE 39 SUR;;LAS VEGAS;6.172028359973056, -75.59370890556258;CHOQUE;VEHICULO;NO REPORTADO;RESIDENCIAL;Normal;Desobedecer señales
2183039;7/11/2018;7:20:00 p. m.;Miércoles;2018;Noviembre;MOTOCICLETA;PARTICULAR;Motociclista;31;MASCULINO;HERIDOS;0;0;0;0;CARRERA 48 CON CALLE 50 SUR;;LAS VEGAS;6.162072458716961, -75.60353659646475;CHOQUE;VEHICULO;NO REPORTADO;RESIDENCIAL;Normal;No mantener distancia de seguridad
2183040;8/11/2018;2:40:00 p. m.;Jueves;2018;Noviembre;MOTOCICLETA;PARTICULAR;Motociclista;45;MASCULINO;HERIDOS;0;0;0;0;CALLE 39 SUR CON CARRERA 28;;SAN JOSE;6.161397169098325, -75.57978160035871;CHOQUE;VEHICULO;NO REPORTADO;RESIDENCIAL;Normal;Adelantar en zona prohibida
2183041;9/11/2018;6:40:00 a. m.;Viernes;2018;Noviembre;CAMION;OFICIAL;Acompañante;52;MASCULINO;HERIDOS;0;0;0;0;CALLE 32B SUR CON CARRERA 48-100;;LAS VEGAS;6.177821859749038, -75.59000590094988;CAIDA OCUPANTE;NO REPORTADO;NO REPORTADO;RESIDENCIAL;Normal;Viajar colgado o en los estribos
2183042;9/11/2018;6:00:00 p. m.;Viernes;2018;Noviembre;MOTOCICLETA;PARTICULAR;Acompañante;51;FEMENINO;HERIDOS;0;0;0;0;CALLE 37 SUR CON CARRERA 49;;LAS VEGAS;6.1746556253297795, -75.59367884780293;CHOQUE;VEHICULO;NO REPORTADO;RESIDENCIAL;Normal;No mantener distancia de seguridad
2183042;9/11/2018;6:00:00 p. m.;Viernes;2018;Noviembre;MOTOCICLETA;PARTICULAR;Motociclista;49;MASCULINO;HERIDOS;0;0;0;0;CALLE 37 SUR CON CARRERA 49;;LAS VEGAS;6.1746556253297795, -75.59367884780293;CHOQUE;VEHICULO;NO REPORTADO;RESIDENCIAL;Normal;No mantener distancia de seguridad
2183043;10/11/2018;12:20:00 p. m.;Sábado;2018;Noviembre;MOTOCICLETA;OFICIAL;Motociclista;25;MASCULINO;HERIDOS;0;0;0;;CARRERA 41 CON CALLE 36 SUR 58;;ZONA CENTRO;6.1711233607554306, -75.5855168557476;CHOQUE;VEHICULO;NO REPORTADO;RESIDENCIAL;Normal;Impericia en el manejo
2183045;12/11/2018;2:15:00 p. m.;Lunes;2018;Noviembre;MOTOCICLETA;PARTICULAR;Motociclista;23;FEMENINO;HERIDOS;0;0;0;0;CARRERA 39B CON CALLE 45A SUR;;LAS ANTILLAS;6.165645430742919, -75.58731420547441;CHOQUE;VEHICULO;NO REPORTADO;RESIDENCIAL;Normal;Adelantar invadiendo carril de sentido contrario
2183046;12/11/2018;8:40:00 p. m.;Lunes;2018;Noviembre;MOTOCICLETA;PARTICULAR;Motociclista;28;MASCULINO;HERIDOS;0;0;0;0;CALLE 43 SUR CON CARRERA 48-127;;LAS VEGAS;6.168510261829059, -75.59737547663876;CHOQUE;VEHICULO;NO REPORTADO;RESIDENCIAL;Normal;Impericia en el manejo
2183047;12/11/2018;2:10:00 p. m.;Lunes;2018;Noviembre;AUTOMOVIL;PARTICULAR;Acompañante;34;FEMENINO;HERIDOS;0;0;0;0;CARRERA 41 CON CALLE 40D SUR;;EL DORADO;6.1662554629652915, -75.58892869383075;CHOQUE;VEHICULO;NO REPORTADO;RESIDENCIAL;Normal;Desobedecer señales
2183048;10/11/2018;10:55:00 a. m.;Sábado;2018;Noviembre;MOTOCICLETA;DIPLOMATICO;Motociclista;30;MASCULINO;HERIDOS;0;0;0;0;CALLE 39B SUR CON CARRERA 32;;SAN JOSE;6.163878971407735, -75.58295802936195;CHOQUE;VEHICULO;NO REPORTADO;RESIDENCIAL;Normal;Impericia en el manejo
2183049;12/11/2018;5:50:00 p. m.;Lunes;2018;Noviembre;MOTOCICLETA;PARTICULAR;Motociclista;19;MASCULINO;HERIDOS;0;0;0;0;CALLE 36 SUR CON CARRERA 25-144;;LOMA DEL ATRAVEZADO;6.167100647470103, -75.56498903863482;CHOQUE;VEHICULO;NO REPORTADO;RESIDENCIAL;Normal;No respetar pelacion de interseccion o giros
2183083;13/11/2018;9:10:00 a. m.;Martes;2018;Noviembre;MOTOCICLETA;PARTICULAR;Motociclista;19;MASCULINO;HERIDOS;0;0;0;0;CARRERA 43A CON TRANSVERSAL 27A SUR;;PONTE VEDRA;6.178998369988548, -75.58360620019316;CHOQUE;VEHICULO;NO REPORTADO;RESIDENCIAL;Normal;No respetar prelacion
2183084;9/11/2018;6:50:00 a. m.;Viernes;2018;Noviembre;MOTOCICLETA;DIPLOMATICO;Motociclista;22;MASCULINO;HERIDOS;0;0;0;0;CALLE 37 SUR CON CARRERA 38;;MESA;6.168586751950674, -75.58431594386306;CHOQUE;VEHICULO;NO REPORTADO;RESIDENCIAL;Normal;Desobedecer señales