NRO_RADICADO;FECHA_ACCIDENTE;HORA_ACCIDENTE;Día de la semana;AÑO;MES;CLASE_VEHICULO;TIPO_SERVICIO;TIPO_VICTIMA;EDAD;GENERO;GRAVEDAD;ESTADO_BEODEZ;ESTADO_DROGA;RESULTADO_BEODEZ;RESUL_BEODEZ_GRAMOS;DIRECCION_CARACT_VIA;TRAMO_VIA;LOCALIDAD_O_COMUNA;    GEORREFERENCIACIÓN;DESC_CLASE_ACCIDENTE;DESC_CHOQUE_ACCIDENTE;DESC_OBJETO_FIJO;DESC_SECTOR_ACCIDENTE;CONDICION_CLIMATICA;CAUSA_ACCIDENTE
2183084;9/11/2018;6:50:00 a. m.;Viernes;2018;Noviembre;MOTOCICLETA;DIPLOMATICO;Acompañante;43;FEMENINO;HERIDOS;0;0;0;0;CALLE 37 SUR CON CARRERA 38;;MESA;6.168586751950674, -75.58431594386306;CHOQUE;VEHICULO;NO REPORTADO;RESIDENCIAL;Normal;Desobedecer señales
2183085;11/11/2018;7:50:00 p. m.;Domingo;2018;Noviembre;AUTOMOVIL;PUBLICO;Acompañante;28;FEMENINO;HERIDOS;0;0;0;0;KILOMETRO 7 + 150;retiro varia palmas enviga (km 5+43 - km 14+ 550);VEREDA PANTANILLO;6.171540752079794, -75.49029011719227;CHOQUE;VEHICULO;NO REPORTADO;NO REPORTADO;Normal;No mantener distancia de seguridad
2183086;13/11/2018;10:50:00 a. m.;Martes;2018;Noviembre;MOTOCICLETA;PARTICULAR;Motociclista;39;MASCULINO;HERIDOS;0;0;0;0;DIAGONAL 31 CON TRANSVERSAL 34D SUR;;LA SEBASTIANA;6.171984862873536, -75.57932728051946;CHOQUE;VEHICULO;NO REPORTADO;RESIDENCIAL;Normal;Desobedecer señales
2183088;14/11/2018;5:00:00 p. m.;Miércoles;2018;Noviembre;MOTOCICLETA;PARTICULAR;Acompañante;24;FEMENINO;HERIDOS;0;0;0;0;CARRERA 43A CON CALLE 29A SUR 65;;JARDINES;6.177553694746831, -75.58492046965209;CHOQUE;VEHICULO;NO REPORTADO;RESIDENCIAL;Normal;Impericia en el manejo
2183089;15/11/2018;12:50:00 p. m.;Jueves;2018;Noviembre;MOTOCICLETA;PARTICULAR;Motociclista;23;MASCULINO;HERIDOS;0;0;0;0;CARRERA 24D CON CALLE 40 SUR 801;;VEREDA EL VALLANO;6.14739376957408, -75.57618069807656;CHOQUE;VEHICULO;NO REPORTADO;RESIDENCIAL;Normal;Impericia en el manejo
2183090;15/11/2018;10:20:00 p. m.;Jueves;2018;Noviembre;MOTOCICLETA;PARTICULAR;Motociclista;23;MASCULINO;HERIDOS;0;0;0;0;CARRERA 50 CON CALLE 36 SUR;;LAS VEGAS;6.176858, -75.593221;CHOQUE;VEHICULO;NO REPORTADO;RESIDENCIAL;Normal;No mantener distancia de seguridad
2183091;14/11/2018;6:45:00 a. m.;Miércoles;2018;Noviembre;MOTOCICLETA;PARTICULAR;Acompañante;26;FEMENINO;HERIDOS;0;0;0;0;CALLE 36D SUR CON CARRERA 27C 40;;LA PRADERA;6.164791476740286, -75.57334931629669;CAIDA OCUPANTE;NO REPORTADO;NO REPORTADO;RESIDENCIAL;Normal;Impericia en el manejo
2183120;16/11/2018;6:00:00 p. m.;Viernes;2018;Noviembre;BUS;PUBLICO;Pasajero;49;FEMENINO;HERIDOS;0;0;0;0;CALLE 36 D SUR CON CARRERA 27;;VEREDA EL ESCOBERO;6.162262648723476, -75.57027649451149;CAIDA OCUPANTE;NO REPORTADO;NO REPORTADO;RESIDENCIAL;Normal;Arrancar sin precaucion
2183125;15/11/2018;8:50:00 a. m.;Jueves;2018;Noviembre;MOTOCICLETA;PARTICULAR;Motociclista;29;MASCULINO;HERIDOS;0;0;0;0;TRANSVERSAL 32 A SUR CON DIAGONAL 32D;;LA MAGNOLIA;6.175286258895863, -75.58414012090275;CHOQUE;VEHICULO;NO REPORTADO;RESIDENCIAL;Normal;Desobedecer señales
2183129;15/11/2018;8:55:00 a. m.;Jueves;2018;Noviembre;BUS;PUBLICO;Pasajero;6;MASCULINO;HERIDOS;0;0;0;0;CALLE 38 SUR CON CARRERA 43-41;;ZONA CENTRO;6.170440768813341, -75.58774635491994;CAIDA OCUPANTE;NO REPORTADO;NO REPORTADO;RESIDENCIAL;Normal;Recoger o dejar pasajeros en calzada
2183131;15/11/2018;12:28:00 p. m.;Jueves;2018;Noviembre;MICROBUS;PUBLICO;Peaton;61;FEMENINO;HERIDOS;0;0;0;0;CALLE 38 A SUR  CON CARRERA 43-11;;ZONA CENTRO;6.169273562197426, -75.58840272720079;ATROPELLO;NO REPORTADO;NO REPORTADO;RESIDENCIAL;Normal;Transitar por la calzada
2183132;15/11/2018;5:30:00 p. m.;Jueves;2018;Noviembre;AUTOMOVIL;PARTICULAR;Peaton;22;FEMENINO;HERIDOS;0;0;0;0;CALLE 49 D SUR  CON CARRERA  40 A 453;;LOMA DEL BARRO;6.159916342580015, -75.60040826041664;ATROPELLO;NO REPORTADO;NO REPORTADO;RESIDENCIAL;Normal;Impericia en el manejo
2183138;16/11/2018;3:00:00 p. m.;Viernes;2018;Noviembre;MOTOCICLETA;PARTICULAR;Motociclista;43;MASCULINO;HERIDOS;0;0;0;0;CARRERA 27 A CON CALLE 36 D SUR ;;LOMA DE LAS BRUJAS;6.163286696668864, -75.57191947478928;CHOQUE;VEHICULO;NO REPORTADO;RESIDENCIAL;Normal;Girar bruscamente
2183139;16/11/2018;1:55:00 p. m.;Viernes;2018;Noviembre;MOTOCICLETA;PARTICULAR;Acompañante;33;FEMENINO;HERIDOS;0;0;0;0;CARRERA 43 A CON TRANSVERSAL 33 SUR;;OBRERO;6.17370622597263, -75.58560737857289;CHOQUE;VEHICULO;NO REPORTADO;RESIDENCIAL;Normal;Desobedecer señales
2183140;16/11/2018;8:50:00 a. m.;Viernes;2018;Noviembre;AUTOMOVIL;PARTICULAR;Conductor;37;FEMENINO;HERIDOS;0;0;0;0;CARRERA 27 CON CALLE 36 SUR 199;;LA INMACULADA;6.167544438175331, -75.56934100095216;CHOQUE;OBJETO FIJO;POSTE;RESIDENCIAL;Normal;Impericia en el manejo
2183142;18/11/2018;9:00:00 p. m.;Domingo;2018;Noviembre;BICICLETA;;Ciclista;18;MASCULINO;HERIDOS;0;0;0;0;KILOMETRO 3+600;el escobero - km 0-13);VEREDA EL ESCOBERO;6.131822682942017, -75.55280805903986;CAIDA OCUPANTE;NO REPORTADO;NO REPORTADO;NO REPORTADO;Normal;Impericia en el manejo
2183142;18/11/2018;9:00:00 p. m.;Domingo;2018;Noviembre;BICICLETA;;Acompañante;13;FEMENINO;HERIDOS;0;0;0;0;KILOMETRO 3+600;el escobero - km 0-13);VEREDA EL ESCOBERO;6.131822682942017, -75.55280805903986;CAIDA OCUPANTE;NO REPORTADO;NO REPORTADO;NO REPORTADO;Normal;Impericia en el manejo
2183143;17/11/2018;1:00:00 p. m.;Sábado;2018;Noviembre;MOTOCICLETA;PARTICULAR;Motociclista;21;FEMENINO;HERIDOS;0;0;0;0;CARRERA 43 A CON CALLE 48 C SUR ;;PRIMAVERA;6.162362862780646, -75.59755518837716;CHOQUE;VEHICULO;NO REPORTADO;RESIDENCIAL;Normal;No mantener distancia de seguridad
2183144;17/11/2018;11:30:00 a. m.;Sábado;2018;Noviembre;MOTOCICLETA;PARTICULAR;Motociclista;22;MASCULINO;HERIDOS;0;0;0;0;CARRERA 48 CON CALLE 50 SUR;;LAS VEGAS;6.162072458716961, -75.60353659646475;CHOQUE;VEHICULO;NO REPORTADO;RESIDENCIAL;Normal;Impericia en el manejo
2183145;20/11/2018;7:05:00 a. m.;Martes;2018;Noviembre;MOTOCICLETA;PARTICULAR;Motociclista;19;MASCULINO;HERIDOS;0;0;0;0;TRANSVERSAL 27 A SUR  CON CARRERA 42B;;PONTE VEDRA;6.1782587573325545, -75.58227860556254;CHOQUE;VEHICULO;NO REPORTADO;RESIDENCIAL;Normal;No mantener distancia de seguridad
2183146;18/11/2018;10:10:00 a. m.;Domingo;2018;Noviembre;MOTOCICLETA;PARTICULAR;Peaton;24;FEMENINO;HERIDOS;0;0;0;0;CARRERA 29 A CALLE 39 SUR 77;;EL CHINGUÍ;6.163426125913944, -75.58141279407575;ATROPELLO;NO REPORTADO;NO REPORTADO;RESIDENCIAL;Normal;Cruzar en curva  -  Impericia en el manejo
2183147;19/11/2018;6:10:00 a. m.;Lunes;2018;Noviembre;MOTOCICLETA;PARTICULAR;Acompañante;12;FEMENINO;HERIDOS;0;0;0;0;CARRERA 48 CON CALLE 37 SUR;;LAS VEGAS;6.173473352424915, -75.59256588595376;CAIDA OCUPANTE;NO REPORTADO;NO REPORTADO;RESIDENCIAL;Normal;Impericia en el manejo  -  Superficie humeda
2183148;19/11/2018;8:15:00 a. m.;Lunes;2018;Noviembre;MOTOCICLETA;PARTICULAR;Acompañante;30;FEMENINO;HERIDOS;0;0;0;0;CALLE 40 SUR CON CARRERA 43-13;;ALCALA;6.1682855029136165, -75.59056450888863;CAIDA OCUPANTE;NO REPORTADO;NO REPORTADO;RESIDENCIAL;Lluvia;Impericia en el manejo
2183148;19/11/2018;8:15:00 a. m.;Lunes;2018;Noviembre;MOTOCICLETA;PARTICULAR;Motociclista;26;MASCULINO;HERIDOS;0;0;0;0;CALLE 40 SUR CON CARRERA 43-13;;ALCALA;6.1682855029136165, -75.59056450888863;CAIDA OCUPANTE;NO REPORTADO;NO REPORTADO;RESIDENCIAL;Lluvia;Impericia en el manejo
2183149;19/11/2018;2:50:00 p. m.;Lunes;2018;Noviembre;MOTOCICLETA;PARTICULAR;Motociclista;29;MASCULINO;HERIDOS;0;0;0;0;KILOMETRO 14+460 DOBLE CALZADA;medell??n palmas envigado (km 12 - km 16+700);VEREDA PALMAS;6.154633113612209, -75.54508230085982;CHOQUE;VEHICULO;NO REPORTADO;NO REPORTADO;Normal;Adelantar por la derecha
2183150;20/11/2018;4:10:00 p. m.;Martes;2018;Noviembre;BICICLETA;;Ciclista;32;MASCULINO;HERIDOS;0;0;0;0;CARRERA 48 CON CALLE 50 SUR;;LAS VEGAS;6.162072458716961, -75.60353659646475;CHOQUE;VEHICULO;NO REPORTADO;RESIDENCIAL;Normal;Impericia en el manejo
2183151;20/11/2018;12:50:00 p. m.;Martes;2018;Noviembre;MOTOCICLETA;PARTICULAR;Motociclista;26;FEMENINO;HERIDOS;0;0;0;0;CALLE 39 SUR CON CARRERA 38;;MESA;6.166782995399862, -75.58552933246048;CHOQUE;VEHICULO;NO REPORTADO;RESIDENCIAL;Normal;No respetar prelacion
2183153;17/11/2018;5:40:00 p. m.;Sábado;2018;Noviembre;AUTOMOVIL;PUBLICO;Peaton;51;FEMENINO;HERIDOS;0;0;0;0;CALLE 38 SUR CON CARRERA 39- 63;;ZONA CENTRO;6.169117738640715, -75.5853639469833;ATROPELLO;NO REPORTADO;NO REPORTADO;RESIDENCIAL;Normal;Pasar semaforo en rojo
2183167;20/11/2018;6:30:00 a. m.;Martes;2018;Noviembre;AUTOMOVIL;PUBLICO;Pasajero;83;FEMENINO;HERIDOS;0;0;0;0;DIAGONAL 32 D CON TRANSVERSAL 34 C SUR;;OBRERO;6.171545566659557, -75.58271056590442;CHOQUE;VEHICULO;NO REPORTADO;RESIDENCIAL;Normal;Desobedecer señales
2183167;20/11/2018;6:30:00 a. m.;Martes;2018;Noviembre;CAMIONETA;PARTICULAR;Conductor;42;FEMENINO;HERIDOS;0;0;0;0;DIAGONAL 32 D CON TRANSVERSAL 34 C SUR;;OBRERO;6.171545566659557, -75.58271056590442;CHOQUE;VEHICULO;NO REPORTADO;RESIDENCIAL;Normal;Desobedecer señales
2183168;21/11/2018;7:00:00 a. m.;Miércoles;2018;Noviembre;MOTOCICLETA;PARTICULAR;Motociclista;25;FEMENINO;HERIDOS;0;0;0;0;CARRERA 48 CON CALLE 25 B SUR 12;;LAS VEGAS;6.182992118647929, -75.58579085739281;CHOQUE;VEHICULO;NO REPORTADO;RESIDENCIAL;Normal;No mantener distancia de seguridad
2183178;22/11/2018;5:40:00 a. m.;Jueves;2018;Noviembre;BICICLETA;;Ciclista;27;MASCULINO;HERIDOS;0;0;0;0;DIAGONAL 31 C CON TRANSVERSAL 33 A SUR 130;;LAS FLORES;6.173035437078858, -75.58011135180477;CHOQUE;VEHICULO;NO REPORTADO;RESIDENCIAL;Normal;Impericia en el manejo
2183195;23/11/2018;12:50:00 p. m.;Viernes;2018;Noviembre;AUTOMOVIL;PARTICULAR;Conductor;46;FEMENINO;HERIDOS;0;0;0;0;CARRERA 43 A CON CALLE 21 SUR ;;BOSQUES DE ZUÑIGA;6.183708686383611, -75.57966790921944;CHOQUE;VEHICULO;NO REPORTADO;RESIDENCIAL;Normal;No mantener distancia de seguridad
2183195;23/11/2018;12:50:00 p. m.;Viernes;2018;Noviembre;AUTOMOVIL;PUBLICO;Conductor;41;MASCULINO;HERIDOS;0;0;0;0;CARRERA 43 A CON CALLE 21 SUR ;;BOSQUES DE ZUÑIGA;6.183708686383611, -75.57966790921944;CHOQUE;VEHICULO;NO REPORTADO;RESIDENCIAL;Normal;No mantener distancia de seguridad
2183197;24/11/2018;9:10:00 p. m.;Sábado;2018;Noviembre;CAMPERO;PARTICULAR;Peaton;46;MASCULINO;HERIDOS;0;0;0;0;CALLE 37 SUR CON CARRERA 43-18;;ZONA CENTRO;6.170643127193405, -75.58744314595356;ATROPELLO;NO REPORTADO;NO REPORTADO;RESIDENCIAL;Normal;Embriaguez o droga
2183197;24/11/2018;9:10:00 p. m.;Sábado;2018;Noviembre;CAMPERO;PARTICULAR;Peaton;39;MASCULINO;HERIDOS;0;0;0;0;CALLE 37 SUR CON CARRERA 43-18;;ZONA CENTRO;6.170643127193405, -75.58744314595356;ATROPELLO;NO REPORTADO;NO REPORTADO;RESIDENCIAL;Normal;Embriaguez o droga
2183199;22/11/2018;1:05:00 p. m.;Jueves;2018;Noviembre;BUSETA;PUBLICO;Pasajero;69;MASCULINO;HERIDOS;0;0;0;0;TRANSVERSAL 34 DD SUR CON DIAGONAL 28-06;;URIBE ANGEL;6.171292985023872, -75.57768399061897;CAIDA OCUPANTE;NO REPORTADO;NO REPORTADO;RESIDENCIAL;Normal;Arrancar sin precaucion
2183200;22/11/2018;10:10:00 p. m.;Jueves;2018;Noviembre;CAMPERO;PARTICULAR;Conductor;19;FEMENINO;HERIDOS;0;0;0;0;CALLE 36 D SUR CON CARRERA 15-135;;VEREDA EL ESCOBERO;6.147830078028647, -75.56161592563691;CHOQUE;OBJETO FIJO;POSTE;RESIDENCIAL;Normal;Falta de prevencion ante animales en la via
2183200;22/11/2018;10:10:00 p. m.;Jueves;2018;Noviembre;CAMPERO;PARTICULAR;Acompañante;19;MASCULINO;HERIDOS;0;0;0;0;CALLE 36 D SUR CON CARRERA 15-135;;VEREDA EL ESCOBERO;6.147830078028647, -75.56161592563691;CHOQUE;OBJETO FIJO;POSTE;RESIDENCIAL;Normal;Falta de prevencion ante animales en la via
2183207;23/11/2018;7:00:00 p. m.;Viernes;2018;Noviembre;MOTOCICLETA;PARTICULAR;Motociclista;20;MASCULINO;HERIDOS;0;0;0;0;KILOMETRO 13+520;retiro varia palmas enviga (km 5+43 - km 14+ 550);VEREDA PALMAS;6.1593142015187485, -75.530666540855;CHOQUE;VEHICULO;NO REPORTADO;NO REPORTADO;Normal;Girar bruscamente
2183209;24/11/2018;12:00:00 a. m.;Sábado;2018;Noviembre;MOTOCICLETA;PARTICULAR;Motociclista;24;MASCULINO;HERIDOS;0;0;0;0;CALLE 39 SUR CON CARRERA 27;;EL CHINGUÍ;6.158357765382434, -75.57868691896748;CHOQUE;VEHICULO;NO REPORTADO;RESIDENCIAL;Normal;No respetar pelacion de interseccion o giros
2183210;25/11/2018;7:40:00 a. m.;Domingo;2018;Noviembre;MOTOCICLETA;PARTICULAR;Motociclista;26;MASCULINO;HERIDOS;0;0;0;0;CARRERA 48 CON CALLE 25 SUR;;LAS VEGAS;6.185476183699448, -75.58319317022531;CHOQUE;VEHICULO;NO REPORTADO;RESIDENCIAL;Normal;No mantener distancia de seguridad
2183222;21/11/2018;4:00:00 p. m.;Miércoles;2018;Noviembre;MOTOCICLETA;PARTICULAR;Motociclista;37;MASCULINO;HERIDOS;0;0;0;0;CARRERA 37 CON CALLE 38 A SUR ;;MESA;6.167133595272573, -75.58461479013182;CHOQUE;VEHICULO;NO REPORTADO;RESIDENCIAL;Normal;Desobedecer señales
2183222;21/11/2018;4:00:00 p. m.;Miércoles;2018;Noviembre;MOTOCICLETA;PARTICULAR;Peaton;50;FEMENINO;HERIDOS;0;0;0;0;CARRERA 37 CON CALLE 38 A SUR ;;MESA;6.167133595272573, -75.58461479013182;CHOQUE;VEHICULO;NO REPORTADO;RESIDENCIAL;Normal;Desobedecer señales
2183223;23/11/2018;7:15:00 p. m.;Viernes;2018;Noviembre;MOTOCICLETA;PARTICULAR;Motociclista;22;MASCULINO;HERIDOS;0;0;0;0;CALLE 38 SUR CON CARRERA 37;;MESA;6.16780349502933, -75.58422630547435;CHOQUE;VEHICULO;NO REPORTADO;RESIDENCIAL;Normal;Desobedecer señales
2183242;25/11/2018;12:45:00 a. m.;Domingo;2018;Noviembre;MOTOCICLETA;PARTICULAR;Peaton;16;FEMENINO;HERIDOS;0;0;0;0;CALLE 38 SUR  CON CARRERA 38;;MESA;6.167934875612183, -75.5847269434103;ATROPELLO;NO REPORTADO;NO REPORTADO;RESIDENCIAL;Normal;Impericia en el manejo
2183243;26/11/2018;2:50:00 p. m.;Lunes;2018;Noviembre;MOTOCICLETA;PARTICULAR;Motociclista;28;FEMENINO;HERIDOS;0;0;0;0;CARRERA 48 CON CALLE 25 AA SUR;;LAS VEGAS;6.184305348926391, -75.58492402798413;CHOQUE;VEHICULO;NO REPORTADO;RESIDENCIAL;Lluvia;No mantener distancia de seguridad
2183256;27/11/2018;5:50:00 a. m.;Martes;2018;Noviembre;MOTOCICLETA;PARTICULAR;Acompañante;20;FEMENINO;HERIDOS;0;0;0;0;CARRERA 50 CON CALLE 37 SUR;;LAS VEGAS;6.175135, -75.595369;CHOQUE;VEHICULO;NO REPORTADO;RESIDENCIAL;Normal;No mantener distancia de seguridad
2183257;27/11/2018;10:50:00 a. m.;Martes;2018;Noviembre;MOTOCICLETA;DIPLOMATICO;Motociclista;20;MASCULINO;HERIDOS;0;0;0;0;CALLE 37 SUR  CON CARRERA 29 A 05;;MESA;6.1665492415362495, -75.58102223904733;CHOQUE;OBJETO FIJO;INMUEBLE;RESIDENCIAL;Normal;Fallas en los frenos
2183257;27/11/2018;10:50:00 a. m.;Martes;2018;Noviembre;MOTOCICLETA;DIPLOMATICO;Acompañante;26;MASCULINO;HERIDOS;0;0;0;0;CALLE 37 SUR  CON CARRERA 29 A 05;;MESA;6.1665492415362495, -75.58102223904733;CHOQUE;OBJETO FIJO;INMUEBLE;RESIDENCIAL;Normal;Fallas en los frenos
2183267;29/11/2018;11:45:00 p. m.;Jueves;2018;Noviembre;MOTOCICLETA;PARTICULAR;Motociclista;22;FEMENINO;HERIDOS;0;0;0;0;CALLE 38 SUR CON CARRERA 41;;ZONA CENTRO;6.169360161283688, -75.58660150547433;CHOQUE;VEHICULO;NO REPORTADO;RESIDENCIAL;Normal;Semaforo en rojo
2183274;28/11/2018;4:00:00 p. m.;Miércoles;2018;Noviembre;AUTOMOVIL;PARTICULAR;Conductor;69;FEMENINO;HERIDOS;0;0;0;0;KILOMETRO 14 +800;medell??n palmas envigado (km 12 - km 16+700);VEREDA PALMAS;6.152784050297952, -75.54578429442128;CHOQUE;OBJETO FIJO;POSTE;NO REPORTADO;Lluvia;Impericia en el manejo
2183275;30/11/2018;7:00:00 p. m.;Viernes;2018;Noviembre;MOTOCICLETA;PARTICULAR;Peaton;79;MASCULINO;HERIDOS;0;0;0;0;CALLE 36 SUR CON CARRERA 37;;LOS NARANJOS;6.1693161028970405, -75.58333761629547;ATROPELLO;NO REPORTADO;NO REPORTADO;RESIDENCIAL;Normal;Impericia en el manejo  -  Impericia en el manejo
2183276;30/11/2018;10:10:00 p. m.;Viernes;2018;Noviembre;MOTOCICLETA;PARTICULAR;Motociclista;23;FEMENINO;HERIDOS;0;0;0;0;CARRERA 50 CON CALLE 37 SUR;;LAS VEGAS;6.175135, -75.595369;CHOQUE;VEHICULO;NO REPORTADO;RESIDENCIAL;Normal;No mantener distancia de seguridad
2183276;30/11/2018;10:10:00 p. m.;Viernes;2018;Noviembre;MOTOCICLETA;PARTICULAR;Acompañante;22;FEMENINO;HERIDOS;0;0;0;0;CARRERA 50 CON CALLE 37 SUR;;LAS VEGAS;6.175135, -75.595369;CHOQUE;VEHICULO;NO REPORTADO;RESIDENCIAL;Normal;No mantener distancia de seguridad
2183279;30/11/2018;10:45:00 p. m.;Viernes;2018;Noviembre;MOTOCICLETA;PARTICULAR;Motociclista;20;MASCULINO;HERIDOS;0;0;0;0;KILOMETRO 6+400;retiro varia palmas enviga (km 5+43 - km 14+ 550);VEREDA PERICO;6.167767733478876, -75.48506612454325;CHOQUE;VEHICULO;NO REPORTADO;NO REPORTADO;Normal;Impericia en el manejo
2183280;30/11/2018;6:40:00 a. m.;Viernes;2018;Noviembre;MOTOCICLETA;PARTICULAR;Motociclista;52;MASCULINO;HERIDOS;0;0;0;0;CARRERA 29 A CON CALLE 39 B SUR;;SAN JOSE;6.163201296699822, -75.58151179013187;CHOQUE;VEHICULO;NO REPORTADO;RESIDENCIAL;Normal;Desobedecer señales
2183283;1/12/2018;1:45:00 p. m.;Sábado;2018;Diciembre;MOTOCICLETA;PARTICULAR;Motociclista;61;MASCULINO;HERIDOS;0;0;0;0;DIAGONAL 33 CON TRANSVERSAL 35 D SUR ;;LOS NARANJOS;6.168741362027115, -75.58166502090286;CHOQUE;VEHICULO;NO REPORTADO;RESIDENCIAL;Normal;Desobedecer señales
2183297;3/12/2018;6:40:00 a. m.;Lunes;2018;Diciembre;MOTOCICLETA;PARTICULAR;Acompañante;50;FEMENINO;HERIDOS;0;0;0;0;CARRERA 49 CON CALLE 19 SUR 80;;LAS VEGAS;6.188108, -75.583230;CHOQUE;VEHICULO;NO REPORTADO;RESIDENCIAL;Normal;Transitar distante de la acera u orilla 
2183297;3/12/2018;6:40:00 a. m.;Lunes;2018;Diciembre;MOTOCICLETA;PARTICULAR;Motociclista;52;MASCULINO;HERIDOS;0;0;0;0;CARRERA 49 CON CALLE 19 SUR 80;;LAS VEGAS;6.188108, -75.583230;CHOQUE;VEHICULO;NO REPORTADO;RESIDENCIAL;Normal;Transitar distante de la acera u orilla 
2183299;2/12/2018;2:50:00 a. m.;Domingo;2018;Diciembre;AUTOMOVIL;PARTICULAR;Peaton;30;MASCULINO;HERIDOS;0;0;0;;TRANSVERSAL 29 SUR CON DIAGONAL 32-97;;PONTE VEDRA;6.176491514574502, -75.58366323938846;ATROPELLO;NO REPORTADO;NO REPORTADO;RESIDENCIAL;Normal;Impericia en el manejo
2183301;3/12/2018;1:20:00 p. m.;Lunes;2018;Diciembre;MOTOCICLETA;PARTICULAR;Acompañante;72;FEMENINO;HERIDOS;0;0;0;0;CARRERA 43 CON TRANSVERSAL 33 SUR ;;LA MAGNOLIA;6.1739515580177065, -75.58534988653169;CHOQUE;VEHICULO;NO REPORTADO;RESIDENCIAL;Normal;No respetar prelacion
2183319;30/11/2018;5:20:00 p. m.;Viernes;2018;Noviembre;MOTOCICLETA;PARTICULAR;Motociclista;43;MASCULINO;HERIDOS;0;0;0;0;CARRERA 24 CON CALLE 36 D SUR 15;;VEREDA EL ESCOBERO;6.154917900688712, -75.56664813246061;CHOQUE;VEHICULO;NO REPORTADO;RESIDENCIAL;Normal;Impericia en el manejo
2183320;4/12/2018;8:30:00 a. m.;Martes;2018;Diciembre;BUS;PUBLICO;Pasajero;49;FEMENINO;HERIDOS;0;0;0;0;CALLE 30 SUR CON CARRERA 45 A 05;;JARDINES;6.177967222982792, -75.58666891305721;CAIDA OCUPANTE;NO REPORTADO;NO REPORTADO;RESIDENCIAL;Normal;Poner en marcha un vehiculo sin precauci
2183335;5/12/2018;10:00:00 a. m.;Miércoles;2018;Diciembre;BICICLETA;;Ciclista;33;MASCULINO;HERIDOS;0;0;0;0;KILOMETRO 2+280 VIA ESCOBERO;el escobero - km 0-13);VEREDA EL ESCOBERO;6.138557063664444, -75.55903230690053;CHOQUE;OBJETO FIJO;BARANDA;NO REPORTADO;Normal;Impericia en el manejo
2183336;3/12/2018;11:40:00 a. m.;Lunes;2018;Diciembre;MOTOCICLETA;PARTICULAR;Motociclista;39;MASCULINO;HERIDOS;0;0;0;0;CARRERA 45 CON CALLE 34 SUR ;;SAN MARCOS;6.173671772490861, -75.58825257109201;CHOQUE;VEHICULO;NO REPORTADO;RESIDENCIAL;Normal;Desobedecer señales
2183344;7/12/2018;1:20:00 a. m.;Viernes;2018;Diciembre;AUTOMOVIL;PARTICULAR;Acompañante;28;FEMENINO;HERIDOS;0;0;0;0;CARRERA 50 CON CALLE 25 AA SUR;;LAS VEGAS;6.185690, -75.586150;CHOQUE;VEHICULO;NO REPORTADO;RESIDENCIAL;Normal;No mantener distancia de seguridad
2183344;7/12/2018;1:20:00 a. m.;Viernes;2018;Diciembre;AUTOMOVIL;PARTICULAR;Acompañante;50;FEMENINO;HERIDOS;0;0;0;0;CARRERA 50 CON CALLE 25 AA SUR;;LAS VEGAS;6.185690, -75.586150;CHOQUE;VEHICULO;NO REPORTADO;RESIDENCIAL;Normal;No mantener distancia de seguridad
2183344;7/12/2018;1:20:00 a. m.;Viernes;2018;Diciembre;AUTOMOVIL;PARTICULAR;Acompañante;55;FEMENINO;HERIDOS;0;0;0;0;CARRERA 50 CON CALLE 25 AA SUR;;LAS VEGAS;6.185690, -75.586150;CHOQUE;VEHICULO;NO REPORTADO;RESIDENCIAL;Normal;No mantener distancia de seguridad
2183345;6/12/2018;11:15:00 p. m.;Jueves;2018;Diciembre;BICICLETA;;Ciclista;23;MASCULINO;HERIDOS;0;0;0;0;CALLE 39 B SUR CON CARRERA 36;;SAN JOSE;6.165313094869002, -75.58520716499514;CHOQUE;VEHICULO;NO REPORTADO;RESIDENCIAL;Normal;Circular por calzadas o carriles destina
2183346;5/12/2018;11:20:00 p. m.;Miércoles;2018;Diciembre;MOTOCICLETA;PARTICULAR;Motociclista;28;MASCULINO;HERIDOS;0;0;0;0;CALLE 45 B SUR CON CARRERA 42 B;;LA PAZ;6.164763463322484, -75.59479293431009;CHOQUE;VEHICULO;NO REPORTADO;RESIDENCIAL;Normal;Desobedecer señales
2183347;5/12/2018;9:50:00 p. m.;Miércoles;2018;Diciembre;MOTOCICLETA;PARTICULAR;Motociclista;22;MASCULINO;HERIDOS;0;0;0;0;CARRERA 43 A CON CALLE 40 SUR;;EL DORADO;6.168256095413992, -75.59018196138744;CHOQUE;VEHICULO;NO REPORTADO;RESIDENCIAL;Normal;No respetar prelacion
2183354;6/12/2018;10:50:00 a. m.;Jueves;2018;Diciembre;MOTOCICLETA;PARTICULAR;Acompañante;17;MASCULINO;HERIDOS;0;0;0;0;CARRERA 50 CON CALLE 46 A SUR ;;LAS VEGAS;6.168548, -75.602176;CHOQUE;VEHICULO;NO REPORTADO;RESIDENCIAL;Normal;No mantener distancia de seguridad
2183354;6/12/2018;10:50:00 a. m.;Jueves;2018;Diciembre;MOTOCICLETA;PARTICULAR;Motociclista;26;MASCULINO;HERIDOS;0;0;0;0;CARRERA 50 CON CALLE 46 A SUR ;;LAS VEGAS;6.168548, -75.602176;CHOQUE;VEHICULO;NO REPORTADO;RESIDENCIAL;Normal;No mantener distancia de seguridad