NRO_RADICADO;FECHA_ACCIDENTE;HORA_ACCIDENTE;Día de la semana;AÑO;MES;CLASE_VEHICULO;TIPO_SERVICIO;TIPO_VICTIMA;EDAD;GENERO;GRAVEDAD;ESTADO_BEODEZ;ESTADO_DROGA;RESULTADO_BEODEZ;RESUL_BEODEZ_GRAMOS;DIRECCION_CARACT_VIA;TRAMO_VIA;LOCALIDAD_O_COMUNA;    GEORREFERENCIACIÓN;DESC_CLASE_ACCIDENTE;DESC_CHOQUE_ACCIDENTE;DESC_OBJETO_FIJO;DESC_SECTOR_ACCIDENTE;CONDICION_CLIMATICA;CAUSA_ACCIDENTE
2183356;8/12/2018;9:10:00 p. m.;Sábado;2018;Diciembre;MOTOCICLETA;PARTICULAR;Motociclista;22;MASCULINO;HERIDOS;0;0;0;0;CARRERA 43 A CON CALLE 45 B SUR 81;;PRIMAVERA;6.165187905951536, -75.59495923164026;CHOQUE;VEHICULO;NO REPORTADO;RESIDENCIAL;Normal;Impericia en el manejo  -  No mantener distancia de seguridad
2183356;8/12/2018;9:10:00 p. m.;Sábado;2018;Diciembre;MOTOCICLETA;PARTICULAR;Motociclista;25;MASCULINO;HERIDOS;0;0;0;;CARRERA 43 A CON CALLE 45 B SUR 81;;PRIMAVERA;6.165187905951536, -75.59495923164026;CHOQUE;VEHICULO;NO REPORTADO;RESIDENCIAL;Normal;Impericia en el manejo  -  No mantener distancia de seguridad
2183364;7/12/2018;6:00:00 p. m.;Viernes;2018;Diciembre;CAMIONETA;PARTICULAR;Peaton;75;MASCULINO;HERIDOS;0;0;0;0;DIAGONAL 31C CON TRANSVERSAL 34 D SUR ;;LAS FLORES;6.172066208042955, -75.58007338843481;ATROPELLO;NO REPORTADO;NO REPORTADO;RESIDENCIAL;Normal;Pasar semaforo en rojo
2183370;6/12/2018;8:00:00 p. m.;Jueves;2018;Diciembre;MOTOCICLETA;PARTICULAR;Motociclista;18;MASCULINO;HERIDOS;0;0;0;0;CARRERA 24B CON CALLE 40 A SUR 162 ;;LA MINA;6.151757194434368, -75.58170480732404;CHOQUE;VEHICULO;NO REPORTADO;RESIDENCIAL;Normal;No mantener distancia de seguridad
2183374;9/12/2018;9:30:00 p. m.;Domingo;2018;Diciembre;MOTOCICLETA;PARTICULAR;Motociclista;28;MASCULINO;HERIDOS;0;0;0;0;CARRERA 50 CON CALLE 37 SUR;;LAS VEGAS;6.175135, -75.595369;CHOQUE;VEHICULO;NO REPORTADO;RESIDENCIAL;Normal;No mantener distancia de seguridad
2183374;9/12/2018;9:30:00 p. m.;Domingo;2018;Diciembre;MOTOCICLETA;PARTICULAR;Acompañante;24;FEMENINO;HERIDOS;0;0;0;0;CARRERA 50 CON CALLE 37 SUR;;LAS VEGAS;6.175135, -75.595369;CHOQUE;VEHICULO;NO REPORTADO;RESIDENCIAL;Normal;No mantener distancia de seguridad
2183381;7/12/2018;4:35:00 p. m.;Viernes;2018;Diciembre;MOTOCICLETA;PARTICULAR;Motociclista;29;MASCULINO;HERIDOS;0;0;0;0;CALLE 39 SUR CON CARRERA 36;;MESA;6.166237830051101, -75.58462002081697;CHOQUE;VEHICULO;NO REPORTADO;RESIDENCIAL;Normal;Desobedecer señales
2183382;8/12/2018;1:00:00 p. m.;Sábado;2018;Diciembre;MOTOCICLETA;PARTICULAR;Motociclista;25;MASCULINO;HERIDOS;0;0;0;0;KILOMETRO 13+540;retiro varia palmas enviga (km 5+43 - km 14+ 550);VEREDA PALMAS;6.159304849639924, -75.53087561697764;CHOQUE;VEHICULO;NO REPORTADO;NO REPORTADO;Normal;Impericia en el manejo
2183382;8/12/2018;1:00:00 p. m.;Sábado;2018;Diciembre;MOTOCICLETA;PARTICULAR;Acompañante;60;FEMENINO;HERIDOS;0;0;0;0;KILOMETRO 13+540;retiro varia palmas enviga (km 5+43 - km 14+ 550);VEREDA PALMAS;6.159304849639924, -75.53087561697764;CHOQUE;VEHICULO;NO REPORTADO;NO REPORTADO;Normal;Impericia en el manejo
2183388;10/12/2018;9:40:00 a. m.;Lunes;2018;Diciembre;MOTOCICLETA;PARTICULAR;Motociclista;34;MASCULINO;HERIDOS;0;0;0;0;CARRERA 48 CON CALLE 32 B SUR ;;LAS VEGAS;6.1771312587881235, -75.59004749247258;CHOQUE;VEHICULO;NO REPORTADO;RESIDENCIAL;Normal;Adelantar cerrando
2183399;7/12/2018;3:50:00 p. m.;Viernes;2018;Diciembre;MOTOCICLETA;PARTICULAR;Motociclista;20;FEMENINO;HERIDOS;0;0;0;0;CARRERA 50 CON CALLE 25 A SUR;;LAS VEGAS;6.186597, -75.584900;CHOQUE;VEHICULO;NO REPORTADO;RESIDENCIAL;Normal;Adelantar por la derecha
2183399;7/12/2018;3:50:00 p. m.;Viernes;2018;Diciembre;MOTOCICLETA;PARTICULAR;Motociclista;56;MASCULINO;HERIDOS;0;0;0;0;CARRERA 50 CON CALLE 25 A SUR;;LAS VEGAS;6.186597, -75.584900;CHOQUE;VEHICULO;NO REPORTADO;RESIDENCIAL;Normal;Adelantar por la derecha
2183403;11/12/2018;6:05:00 p. m.;Martes;2018;Diciembre;MOTOCICLETA;PARTICULAR;Motociclista;25;FEMENINO;HERIDOS;0;0;0;0;CALLE 38 SUR CON CARRERA 46;;ALCALA;6.172018326896112, -75.59133707478912;CHOQUE;VEHICULO;NO REPORTADO;RESIDENCIAL;Normal;No respetar prelacion
2183411;12/12/2018;3:05:00 p. m.;Miércoles;2018;Diciembre;MOTOCICLETA;OFICIAL;Peaton;81;FEMENINO;HERIDOS;0;0;0;0;CALLE 38 SUR CON CARRERA 41-12;;ZONA CENTRO;6.170021403992075, -75.58617246285674;ATROPELLO;NO REPORTADO;NO REPORTADO;RESIDENCIAL;Normal;Impericia en el manejo  -  Salir por delante de un vehiculo
2183412;12/12/2018;7:18:00 p. m.;Miércoles;2018;Diciembre;MOTOCICLETA;PARTICULAR;Motociclista;40;FEMENINO;HERIDOS;0;0;0;0;CARRERA 50 CON CALLE 27 A SUR 89;;LAS VEGAS;6.183503, -75.588505;CHOQUE;VEHICULO;NO REPORTADO;RESIDENCIAL;Normal;Transitar distante de la acera u orilla 
2183413;13/12/2018;1:20:00 p. m.;Jueves;2018;Diciembre;MOTOCICLETA;PARTICULAR;Motociclista;32;MASCULINO;HERIDOS;0;0;0;0;TRANSVERSAL 32 A SUR CON DIAGONAL 32 D;;LA MAGNOLIA;6.175286258895863, -75.58414012090275;CHOQUE;VEHICULO;NO REPORTADO;RESIDENCIAL;Normal;Desobedecer señales
2183418;13/12/2018;6:45:00 a. m.;Jueves;2018;Diciembre;MOTOCICLETA;PARTICULAR;Acompañante;28;MASCULINO;HERIDOS;0;0;0;0;CALLE 38 SUR CON CARRERA 37-04;;MESA;6.1680594965340445, -75.58388298273377;CHOQUE;VEHICULO;NO REPORTADO;RESIDENCIAL;Normal;No mantener distancia de seguridad
2183419;15/12/2018;5:10:00 a. m.;Sábado;2018;Diciembre;AUTOMOVIL;PARTICULAR;Conductor;43;MASCULINO;HERIDOS;0;0;0;0;KILOMETRO 12+440;medell??n palmas envigado (km 12 - km 16+700);VEREDA PALMAS;6.170454440841751, -75.54586047145754;CHOQUE;VEHICULO;NO REPORTADO;NO REPORTADO;Normal;Embriaguez o droga
2183420;14/12/2018;7:40:00 p. m.;Viernes;2018;Diciembre;MOTOCICLETA;PARTICULAR;Motociclista;39;FEMENINO;HERIDOS;0;0;0;0;CALLE 40 SUR CON CARRERA 44 A 05;;ALCALA;6.168683795670237, -75.59147130547429;CHOQUE;VEHICULO;NO REPORTADO;RESIDENCIAL;Normal;Impericia en el manejo
2183420;14/12/2018;7:40:00 p. m.;Viernes;2018;Diciembre;MOTOCICLETA;PARTICULAR;Acompañante;57;FEMENINO;HERIDOS;0;0;0;0;CALLE 40 SUR CON CARRERA 44 A 05;;ALCALA;6.168683795670237, -75.59147130547429;CHOQUE;VEHICULO;NO REPORTADO;RESIDENCIAL;Normal;Impericia en el manejo
2183421;14/12/2018;7:15:00 p. m.;Viernes;2018;Diciembre;MOTOCICLETA;PARTICULAR;Acompañante;48;FEMENINO;HERIDOS;0;0;0;0;CALLE 40 SUR CON CARRERA 45 BB 02;;ALCALA;6.169385872596546, -75.59147338560778;CAIDA OCUPANTE;NO REPORTADO;NO REPORTADO;RESIDENCIAL;Lluvia;Falta de precaucion niebla, lluvia, humo
2183422;13/12/2018;2:35:00 p. m.;Jueves;2018;Diciembre;MOTOCICLETA;PARTICULAR;Acompañante;22;FEMENINO;HERIDOS;0;0;0;0;CARRERA 48 CON CALLE 50 SUR;;LAS VEGAS;6.162072458716961, -75.60353659646475;CHOQUE;VEHICULO;NO REPORTADO;RESIDENCIAL;Normal;No respetar pelacion de interseccion o giros
2183422;13/12/2018;2:35:00 p. m.;Jueves;2018;Diciembre;MOTOCICLETA;PARTICULAR;Motociclista;24;MASCULINO;HERIDOS;0;0;0;0;CARRERA 48 CON CALLE 50 SUR;;LAS VEGAS;6.162072458716961, -75.60353659646475;CHOQUE;VEHICULO;NO REPORTADO;RESIDENCIAL;Normal;No respetar pelacion de interseccion o giros
2183423;15/12/2018;9:15:00 p. m.;Sábado;2018;Diciembre;MOTOCICLETA;PARTICULAR;Motociclista;40;FEMENINO;HERIDOS;0;0;0;0;CARRERA 50 CON CALLE 39 A SUR 12;;LAS VEGAS;6.173831, -75.597143;CAIDA OCUPANTE;NO REPORTADO;NO REPORTADO;RESIDENCIAL;Normal;Impericia en el manejo
2183424;14/12/2018;6:00:00 a. m.;Viernes;2018;Diciembre;MOTOCICLETA;PARTICULAR;Motociclista;56;MASCULINO;HERIDOS;0;0;0;0;CALLE 45 A SUR CON CARRERA 41-29;;EL TRIANON;6.16355158650672, -75.59245895492158;CHOQUE;VEHICULO;NO REPORTADO;RESIDENCIAL;Normal;Impericia en el manejo
2183424;14/12/2018;6:00:00 a. m.;Viernes;2018;Diciembre;MOTOCICLETA;PARTICULAR;Motociclista;30;FEMENINO;HERIDOS;0;0;0;0;CALLE 45 A SUR CON CARRERA 41-29;;EL TRIANON;6.16355158650672, -75.59245895492158;CHOQUE;VEHICULO;NO REPORTADO;RESIDENCIAL;Normal;Impericia en el manejo
2183441;17/12/2018;10:09:00 p. m.;Lunes;2018;Diciembre;MOTOCICLETA;PARTICULAR;Motociclista;25;MASCULINO;HERIDOS;0;0;0;0;CARRERA 48 CON CALLE 30 SUR;;LAS VEGAS;6.179496718217783, -75.58819458527805;CHOQUE;VEHICULO;NO REPORTADO;RESIDENCIAL;Normal;Desobedecer señales
2183447;14/12/2018;9:00:00 a. m.;Viernes;2018;Diciembre;MOTOCICLETA;PARTICULAR;Motociclista;50;FEMENINO;HERIDOS;0;0;0;0;CARRERA 48 CON CALLE 19 SUR;;LAS VEGAS;6.1876373810276055, -75.58159439915157;CHOQUE;VEHICULO;NO REPORTADO;RESIDENCIAL;Normal;No mantener distancia de seguridad
2183450;17/12/2018;4:30:00 a. m.;Lunes;2018;Diciembre;MOTOCICLETA;PARTICULAR;Motociclista;27;MASCULINO;HERIDOS;0;0;0;0;CARRERA 48 CON CALLE 32 B SUR;;LAS VEGAS;6.1771312587881235, -75.59004749247258;CHOQUE;VEHICULO;NO REPORTADO;RESIDENCIAL;Normal;No mantener distancia de seguridad
2183450;17/12/2018;4:30:00 a. m.;Lunes;2018;Diciembre;MOTOCICLETA;PARTICULAR;Motociclista;40;MASCULINO;HERIDOS;0;0;0;0;CARRERA 48 CON CALLE 32 B SUR;;LAS VEGAS;6.1771312587881235, -75.59004749247258;CHOQUE;VEHICULO;NO REPORTADO;RESIDENCIAL;Normal;No mantener distancia de seguridad
2183454;17/12/2018;10:15:00 p. m.;Lunes;2018;Diciembre;MOTOCICLETA;PARTICULAR;Motociclista;28;MASCULINO;HERIDOS;0;0;0;0;KILOMETRO 13+390;medell??n palmas envigado (km 12 - km 16+700);VEREDA PALMAS;6.162090632451753, -75.54513864271773;CHOQUE;VEHICULO;NO REPORTADO;NO REPORTADO;Normal;No respetar pelacion de interseccion o giros
2183459;18/12/2018;6:55:00 a. m.;Martes;2018;Diciembre;MOTOCICLETA;PARTICULAR;Motociclista;44;FEMENINO;HERIDOS;0;0;0;0;CALLE 38 SUR CON CARRERA 43 A 14;;ZONA CENTRO;6.170613693971821, -75.58852298828228;CHOQUE;VEHICULO;NO REPORTADO;RESIDENCIAL;Normal;Transitar distante de la acera u orilla 
2183460;16/12/2018;8:30:00 p. m.;Domingo;2018;Diciembre;MOTOCICLETA;PARTICULAR;Motociclista;29;MASCULINO;HERIDOS;0;0;0;0;DIAGONAL 33 CON TRANSVERSAL 32 C SUR 23;;LA MAGNOLIA;6.174230660813586, -75.58454813908831;CHOQUE;VEHICULO;NO REPORTADO;RESIDENCIAL;Normal;Impericia en el manejo
2183469;14/12/2018;9:20:00 p. m.;Viernes;2018;Diciembre;MOTOCICLETA;PARTICULAR;Acompañante;43;FEMENINO;HERIDOS;0;0;0;0;CALLE 40 AA SUR CON CARRERA 30-88;;LA MINA;6.164421542769886, -75.58548254269208;CAIDA OCUPANTE;NO REPORTADO;NO REPORTADO;RESIDENCIAL;Normal;Impericia en el manejo
2183469;14/12/2018;9:20:00 p. m.;Viernes;2018;Diciembre;MOTOCICLETA;PARTICULAR;Motociclista;41;MASCULINO;HERIDOS;0;0;0;0;CALLE 40 AA SUR CON CARRERA 30-88;;LA MINA;6.164421542769886, -75.58548254269208;CAIDA OCUPANTE;NO REPORTADO;NO REPORTADO;RESIDENCIAL;Normal;Impericia en el manejo
2183470;17/12/2018;8:50:00 a. m.;Lunes;2018;Diciembre;MOTOCICLETA;PARTICULAR;Acompañante;37;FEMENINO;HERIDOS;0;0;0;0;CARRERA 48 CON CALLE 30 SUR;;LAS VEGAS;6.179496718217783, -75.58819458527805;CHOQUE;VEHICULO;NO REPORTADO;RESIDENCIAL;Normal;Semaforo en rojo
2183475;20/12/2018;10:25:00 p. m.;Jueves;2018;Diciembre;MOTOCICLETA;PARTICULAR;Motociclista;25;MASCULINO;HERIDOS;0;0;0;0;CARRERA 43 A CON CALLE 23 SUR 15;;BOSQUES DE ZUÑIGA;6.182502070545307, -75.58051543740609;ATROPELLO;NO REPORTADO;NO REPORTADO;RESIDENCIAL;Normal;Adelantar por la derecha  -  Dejar/recoger pasajeros sitio no demarca
2183475;20/12/2018;10:25:00 p. m.;Jueves;2018;Diciembre;MOTOCICLETA;PARTICULAR;Peaton;20;FEMENINO;HERIDOS;0;0;0;0;CARRERA 43 A CON CALLE 23 SUR 15;;BOSQUES DE ZUÑIGA;6.182502070545307, -75.58051543740609;ATROPELLO;NO REPORTADO;NO REPORTADO;RESIDENCIAL;Normal;Adelantar por la derecha  -  Dejar/recoger pasajeros sitio no demarca
2183476;20/12/2018;7:10:00 a. m.;Jueves;2018;Diciembre;MOTOCICLETA;PARTICULAR;Motociclista;42;MASCULINO;HERIDOS;0;0;0;0;CARRERA 43 A CON CALLE 46 SUR;;PRIMAVERA;6.164280863959959, -75.59602150547441;CHOQUE;VEHICULO;NO REPORTADO;RESIDENCIAL;Normal;Transitar por vias prohibidas
2183478;19/12/2018;9:40:00 a. m.;Miércoles;2018;Diciembre;MOTOCICLETA;PARTICULAR;Motociclista;15;MASCULINO;HERIDOS;0;0;0;0;CARRERA 26 CON CALLE 40 B SUR 18;;LA MINA;6.1579949066741, -75.581262799926;CHOQUE;VEHICULO;NO REPORTADO;RESIDENCIAL;Normal;Adelantar en curva
2183479;18/12/2018;2:30:00 p. m.;Martes;2018;Diciembre;MOTOCICLETA;PARTICULAR;Motociclista;41;MASCULINO;HERIDOS;0;0;0;0;CARRERA 43 A CON CALLE 48 C SUR 45;;LAS CASITAS;6.162071425665765, -75.59822509245654;CHOQUE;VEHICULO;NO REPORTADO;RESIDENCIAL;Normal;Impericia en el manejo
2183481;20/12/2018;3:30:00 p. m.;Jueves;2018;Diciembre;MOTOCICLETA;PARTICULAR;Motociclista;15;MASCULINO;HERIDOS;0;0;0;0;DIAGONAL 31C CON TRANSVERSAL 32 A SUR;;LA MAGNOLIA;6.177401923854294, -75.58019506232567;ATROPELLO;NO REPORTADO;NO REPORTADO;RESIDENCIAL;Normal;Pasar semaforo en rojo
2183481;20/12/2018;3:30:00 p. m.;Jueves;2018;Diciembre;MOTOCICLETA;PARTICULAR;Peaton;15;MASCULINO;HERIDOS;0;0;0;0;DIAGONAL 31C CON TRANSVERSAL 32 A SUR;;LA MAGNOLIA;6.177401923854294, -75.58019506232567;ATROPELLO;NO REPORTADO;NO REPORTADO;RESIDENCIAL;Normal;Pasar semaforo en rojo
2183486;23/12/2018;1:05:00 p. m.;Domingo;2018;Diciembre;MOTOCICLETA;PARTICULAR;Acompañante;18;FEMENINO;HERIDOS;0;0;0;0;CALLE 41 B SUR CON CARRERA 24 B 160;;LA MINA;6.162541388077754, -75.58831322582;CHOQUE;VEHICULO;NO REPORTADO;RESIDENCIAL;Normal;Impericia en el manejo
2183486;23/12/2018;1:05:00 p. m.;Domingo;2018;Diciembre;MOTOCICLETA;PARTICULAR;Motociclista;21;MASCULINO;HERIDOS;0;0;0;0;CALLE 41 B SUR CON CARRERA 24 B 160;;LA MINA;6.162541388077754, -75.58831322582;CHOQUE;VEHICULO;NO REPORTADO;RESIDENCIAL;Normal;Impericia en el manejo
2183489;22/12/2018;5:30:00 a. m.;Sábado;2018;Diciembre;CAMPERO;PARTICULAR;Peaton;40;FEMENINO;HERIDOS;0;0;0;0;TRANSVERSAL 34 C SUR CON DIAGONAL 31A;;LAS FLORES;6.172101716491134, -75.57979891898479;ATROPELLO;NO REPORTADO;NO REPORTADO;RESIDENCIAL;Normal;Transitar en contravia
2183492;19/12/2018;2:40:00 p. m.;Miércoles;2018;Diciembre;BICICLETA;;Ciclista;27;MASCULINO;HERIDOS;0;0;0;0;CARRERA 48 CON CALLE 37 SUR;;LAS VEGAS;6.173473352424915, -75.59256588595376;CHOQUE;VEHICULO;NO REPORTADO;RESIDENCIAL;Normal;Semaforo en rojo
2183494;21/12/2018;8:40:00 p. m.;Viernes;2018;Diciembre;CAMIONETA;PARTICULAR;Peaton;23;FEMENINO;HERIDOS;0;0;0;0;CALLE 39 SUR CON CARRERA 43;;ZONA CENTRO;6.169391904463452, -75.58836716285694;ATROPELLO;NO REPORTADO;NO REPORTADO;RESIDENCIAL;Normal;Desobedecer señales
2183496;21/12/2018;5:10:00 p. m.;Viernes;2018;Diciembre;AUTOMOVIL;PARTICULAR;Conductor;26;FEMENINO;HERIDOS;0;0;0;0;CARRERA 48 CON CALLE 37 SUR;;LAS VEGAS;6.173473352424915, -75.59256588595376;CHOQUE;OBJETO FIJO;MURO;RESIDENCIAL;Normal;Impericia en el manejo
2183498;21/12/2018;7:18:00 p. m.;Viernes;2018;Diciembre;BUS;PUBLICO;Pasajero;4;FEMENINO;HERIDOS;0;0;0;0;CALLE 47 SUR CON CARRERA 40;;EL TRIANON;6.159893221258411, -75.59387577026627;CAIDA OCUPANTE;NO REPORTADO;NO REPORTADO;RESIDENCIAL;Normal;Impericia en el manejo
2183499;21/12/2018;2:50:00 p. m.;Viernes;2018;Diciembre;MOTOCICLETA;PARTICULAR;Motociclista;33;FEMENINO;HERIDOS;0;0;0;0;CARRERA 43 A CON CALLE 45 SUR;;LA PAZ;6.165285195943597, -75.59452939206781;CHOQUE;VEHICULO;NO REPORTADO;RESIDENCIAL;Normal;Girar bruscamente
2183502;21/12/2018;2:00:00 p. m.;Viernes;2018;Diciembre;MOTOCICLETA;PARTICULAR;Motociclista;28;FEMENINO;HERIDOS;0;0;0;;CARRERA 50 CON CALLE 50 SUR;;LAS VEGAS;6.162818, -75.604956;CHOQUE;VEHICULO;NO REPORTADO;RESIDENCIAL;Normal;No mantener distancia de seguridad
2183504;21/12/2018;10:50:00 p. m.;Viernes;2018;Diciembre;AUTOMOVIL;PUBLICO;Pasajero;23;MASCULINO;HERIDOS;0;0;0;0;CALLE 38 SUR CON CARRERA 40;;ZONA CENTRO;6.1689237281915705, -75.58590757663869;CHOQUE;VEHICULO;NO REPORTADO;RESIDENCIAL;Normal;Semaforo en rojo
2183504;21/12/2018;10:50:00 p. m.;Viernes;2018;Diciembre;AUTOMOVIL;PUBLICO;Conductor;38;MASCULINO;HERIDOS;0;0;0;0;CALLE 38 SUR CON CARRERA 40;;ZONA CENTRO;6.1689237281915705, -75.58590757663869;CHOQUE;VEHICULO;NO REPORTADO;RESIDENCIAL;Normal;Semaforo en rojo
2183507;22/12/2018;12:50:00 p. m.;Sábado;2018;Diciembre;MOTOCICLETA;PARTICULAR;Motociclista;27;MASCULINO;HERIDOS;0;0;0;0;KILOMETRO 11+600  VARIENTA AEROPUERTO;retiro varia palmas enviga (km 5+43 - km 14+ 550);VEREDA PALMAS;6.161194941272225, -75.51545093669165;CHOQUE;VEHICULO;NO REPORTADO;NO REPORTADO;Normal;Adelantar en zona prohibida
2183509;22/12/2018;1:30:00 p. m.;Sábado;2018;Diciembre;MOTOCICLETA;PARTICULAR;Peaton;32;FEMENINO;HERIDOS;0;0;0;0;KILOMETRO 17+00;medell??n palmas envigado (km 12 - km 16+700);VEREDA PALMAS;6.153591570245191, -75.53282044519636;ATROPELLO;NO REPORTADO;NO REPORTADO;NO REPORTADO;Normal;Adelantar en zona prohibida
2183511;22/12/2018;9:00:00 a. m.;Sábado;2018;Diciembre;MOTOCICLETA;PARTICULAR;Motociclista;26;MASCULINO;HERIDOS;0;0;0;0;CARRERA 36 CON CALLE 40 AA SUR;;LA MINA;6.164536963830986, -75.58532953431005;CHOQUE;VEHICULO;NO REPORTADO;RESIDENCIAL;Normal;Embriaguez o droga  -  No mantener distancia de seguridad
2183513;23/12/2018;4:20:00 a. m.;Domingo;2018;Diciembre;MOTOCICLETA;PARTICULAR;Motociclista;22;MASCULINO;HERIDOS;0;0;0;0;CARRERA 49  CON CALLE 25 SUR 180;;LAS VEGAS;6.187090, -75.584157;OTRO;NO REPORTADO;NO REPORTADO;RESIDENCIAL;Normal;Impericia en el manejo
2183514;23/12/2018;3:00:00 p. m.;Domingo;2018;Diciembre;BICICLETA;;Ciclista;61;MASCULINO;HERIDOS;0;0;0;0;DIAGONAL 31C CON TRANSVERSAL 33 SUR 29;;LAS FLORES;6.174442739377122, -75.58042651844976;CHOQUE;VEHICULO;NO REPORTADO;RESIDENCIAL;Normal;Transitar en contravia
2183517;25/12/2018;4:30:00 p. m.;Martes;2018;Diciembre;AUTOMOVIL;PARTICULAR;Acompañante;31;FEMENINO;HERIDOS;0;0;0;0;CALLE 37 SUR CON CARRERA 46 A 05;;EL PORTAL;6.173463632840373, -75.59132433163842;CHOQUE;VEHICULO;NO REPORTADO;RESIDENCIAL;Normal;Impericia en el manejo
2183517;25/12/2018;4:30:00 p. m.;Martes;2018;Diciembre;MOTOCICLETA;OFICIAL;Acompañante;20;MASCULINO;HERIDOS;0;0;0;0;CALLE 37 SUR CON CARRERA 46 A 05;;EL PORTAL;6.173463632840373, -75.59132433163842;CHOQUE;VEHICULO;NO REPORTADO;RESIDENCIAL;Normal;Impericia en el manejo
2183517;25/12/2018;4:30:00 p. m.;Martes;2018;Diciembre;AUTOMOVIL;PUBLICO;Pasajero;72;MASCULINO;HERIDOS;0;0;0;0;CALLE 37 SUR CON CARRERA 46 A 05;;EL PORTAL;6.173463632840373, -75.59132433163842;CHOQUE;VEHICULO;NO REPORTADO;RESIDENCIAL;Normal;Impericia en el manejo
2183524;22/12/2018;3:00:00 p. m.;Sábado;2018;Diciembre;BUS;PUBLICO;Peaton;57;FEMENINO;HERIDOS;0;0;0;0;CALLE 38 A SUR CON CARRERA 38-6;;MESA;6.1674137949408365, -75.58510339013182;ATROPELLO;NO REPORTADO;NO REPORTADO;RESIDENCIAL;Normal;Impericia en el manejo
2183525;24/11/2018;8:37:00 a. m.;Sábado;2018;Noviembre;MOTOCICLETA;PARTICULAR;Acompañante;44;FEMENINO;HERIDOS;0;0;0;0;DIAGONAL 33 CON TRANSVERSAL 32 C SUR ;;LA MAGNOLIA;6.1743306602031875, -75.58452198755201;CAIDA OCUPANTE;NO REPORTADO;NO REPORTADO;RESIDENCIAL;Normal;Impericia en el manejo
2183537;28/12/2018;9:21:00 p. m.;Viernes;2018;Diciembre;MOTOCICLETA;PARTICULAR;Motociclista;25;FEMENINO;HERIDOS;0;0;0;0;carrera 50 copn calle 32b sur ;;LAS VEGAS;6.178263, -75.591897;CHOQUE;VEHICULO;NO REPORTADO;COMERCIAL;Normal;Impericia en el manejo
2183537;28/12/2018;9:21:00 p. m.;Viernes;2018;Diciembre;MOTOCICLETA;PARTICULAR;Acompañante;29;FEMENINO;HERIDOS;0;0;0;0;carrera 50 copn calle 32b sur ;;LAS VEGAS;6.178263, -75.591897;CHOQUE;VEHICULO;NO REPORTADO;COMERCIAL;Normal;Impericia en el manejo
2183539;24/12/2018;5:50:00 p. m.;Lunes;2018;Diciembre;MOTOCICLETA;PARTICULAR;Motociclista;18;MASCULINO;HERIDOS;0;0;0;0;CARRERA 48 CON CALLE 30 SUR ;;LAS VEGAS;6.179496718217783, -75.58819458527805;CHOQUE;VEHICULO;NO REPORTADO;COMERCIAL;Normal;Impericia en el manejo
2183541;24/12/2018;9:20:00 a. m.;Lunes;2018;Diciembre;MOTOCICLETA;PARTICULAR;Acompañante;28;MASCULINO;HERIDOS;0;0;0;0;CARRERA 50 CON CL 43 SUR;;LAS VEGAS;6.171018, -75.600755;ATROPELLO;NO REPORTADO;NO REPORTADO;RESIDENCIAL;Normal;Adelantar por la derecha
2183542;25/12/2018;12:45:00 p. m.;Martes;2018;Diciembre;MOTOCICLETA;PARTICULAR;Motociclista;24;FEMENINO;HERIDOS;0;0;0;0;CARRERA 48 CON CALLE 25AA SUR - 85;;LAS VEGAS;6.18365512571989, -75.58488221150228;CHOQUE;VEHICULO;NO REPORTADO;RESIDENCIAL;Normal;Impericia en el manejo
2183545;28/12/2018;11:28:00 p. m.;Viernes;2018;Diciembre;MOTOCICLETA;PARTICULAR;Motociclista;28;MASCULINO;HERIDOS;0;0;0;0;CARRERA 43A CON CALLE 48 C SUR;;PRIMAVERA;6.162448191780975, -75.59768392804564;CHOQUE;VEHICULO;NO REPORTADO;RESIDENCIAL;Normal;Semaforo en rojo
2183547;25/12/2018;3:40:00 a. m.;Martes;2018;Diciembre;MOTOCICLETA;PARTICULAR;Motociclista;21;MASCULINO;HERIDOS;0;0;0;0;CARRERA 42 CON CALLE 40 DD SUR 91;;EL DORADO;6.166361894967756, -75.58975950362489;CHOQUE;VEHICULO;NO REPORTADO;RESIDENCIAL;Normal;Poner en marcha un vehiculo sin precauci
2183547;25/12/2018;3:40:00 a. m.;Martes;2018;Diciembre;MOTOCICLETA;PARTICULAR;Acompañante;20;FEMENINO;HERIDOS;0;0;0;0;CARRERA 42 CON CALLE 40 DD SUR 91;;EL DORADO;6.166361894967756, -75.58975950362489;CHOQUE;VEHICULO;NO REPORTADO;RESIDENCIAL;Normal;Poner en marcha un vehiculo sin precauci
2183548;26/12/2018;6:20:00 a. m.;Miércoles;2018;Diciembre;MOTOCICLETA;PARTICULAR;Motociclista;36;MASCULINO;HERIDOS;0;0;0;0;CARRERA 48 CON CALLE 39 SUR;;LAS VEGAS;6.172028359973056, -75.59370890556258;CHOQUE;VEHICULO;NO REPORTADO;RESIDENCIAL;Normal;No mantener distancia de seguridad
2183549;26/12/2018;12:20:00 p. m.;Miércoles;2018;Diciembre;AUTOMOVIL;PARTICULAR;Acompañante;61;MASCULINO;HERIDOS;0;0;0;0;CALLE 36 SUR CON CARRERA 23 - 68;;VEREDA SANTA CATALINA;6.16764814031878, -75.56089908493597;CHOQUE;VEHICULO;NO REPORTADO;RESIDENCIAL;Normal;Impericia en el manejo