NRO_RADICADO;FECHA_ACCIDENTE;HORA_ACCIDENTE;Día de la semana;AÑO;MES;CLASE_VEHICULO;TIPO_SERVICIO;TIPO_VICTIMA;EDAD;GENERO;GRAVEDAD;ESTADO_BEODEZ;ESTADO_DROGA;RESULTADO_BEODEZ;RESUL_BEODEZ_GRAMOS;DIRECCION_CARACT_VIA;TRAMO_VIA;LOCALIDAD_O_COMUNA;    GEORREFERENCIACIÓN;DESC_CLASE_ACCIDENTE;DESC_CHOQUE_ACCIDENTE;DESC_OBJETO_FIJO;DESC_SECTOR_ACCIDENTE;CONDICION_CLIMATICA;CAUSA_ACCIDENTE
2183551;26/12/2018;6:15:00 p. m.;Miércoles;2018;Diciembre;BICICLETA;;Ciclista;61;MASCULINO;HERIDOS;0;0;0;0;CARRERA 48 CON CALLE 49 SUR - 05;;LAS VEGAS;6.163344529822463, -75.60251871905754;CHOQUE;VEHICULO;NO REPORTADO;RESIDENCIAL;Normal;No mantener distancia de seguridad
2183552;30/12/2018;9:15:00 p. m.;Domingo;2018;Diciembre;MOTOCICLETA;PARTICULAR;Motociclista;24;MASCULINO;HERIDOS;0;0;0;0;CARRERA 36D CALLE 42 SUR - 50;;LAS ANTILLAS;6.157370650763681, -75.58672226232983;CAIDA OCUPANTE;NO REPORTADO;NO REPORTADO;RESIDENCIAL;Normal;Impericia en el manejo
2183552;30/12/2018;9:15:00 p. m.;Domingo;2018;Diciembre;MOTOCICLETA;PARTICULAR;Acompañante;56;FEMENINO;HERIDOS;0;0;0;0;CARRERA 36D CALLE 42 SUR - 50;;LAS ANTILLAS;6.157370650763681, -75.58672226232983;CAIDA OCUPANTE;NO REPORTADO;NO REPORTADO;RESIDENCIAL;Normal;Impericia en el manejo
2183553;30/12/2018;12:30:00 a. m.;Domingo;2018;Diciembre;MOTOCICLETA;PARTICULAR;Motociclista;17;MASCULINO;HERIDOS;0;0;0;0;CALLE 40 SUR CON CARRERA 29 C -31;;SAN JOSE;6.1621054104992705, -75.58200373164087;CHOQUE;OBJETO FIJO;MURO;RESIDENCIAL;Normal;Impericia en el manejo
2183557;31/12/2018;2:15:00 a. m.;Lunes;2018;Diciembre;MOTOCICLETA;PARTICULAR;Motociclista;32;FEMENINO;HERIDOS;0;0;0;0;carrera 48 con calle 34 sur;;LAS VEGAS;6.175553163814159, -75.59100803476572;CAIDA OCUPANTE;NO REPORTADO;NO REPORTADO;RESIDENCIAL;Normal;Impericia en el manejo
2183559;26/12/2018;2:20:00 p. m.;Miércoles;2018;Diciembre;MOTOCICLETA;PARTICULAR;Motociclista;26;FEMENINO;HERIDOS;0;0;0;0;TRANSVERSAL 34 B SUR CON DIAGONAL 39;;OBRERO;6.171462496604508, -75.58422052397668;CHOQUE;VEHICULO;NO REPORTADO;RESIDENCIAL;Normal;Desobedecer señales
2183561;27/12/2018;6:30:00 a. m.;Jueves;2018;Diciembre;MOTOCICLETA;PARTICULAR;Motociclista;28;MASCULINO;HERIDOS;0;0;0;0;CALLE 38 A SUR CON CARRERA 41;;ZONA CENTRO;6.169316605194497, -75.58750838507846;CHOQUE;VEHICULO;NO REPORTADO;RESIDENCIAL;Normal;Semaforo en rojo
2183561;27/12/2018;6:30:00 a. m.;Jueves;2018;Diciembre;MOTOCICLETA;PARTICULAR;Motociclista;41;MASCULINO;HERIDOS;0;0;0;0;CALLE 38 A SUR CON CARRERA 41;;ZONA CENTRO;6.169316605194497, -75.58750838507846;CHOQUE;VEHICULO;NO REPORTADO;RESIDENCIAL;Normal;Semaforo en rojo
2183562;27/12/2018;3:30:00 p. m.;Jueves;2018;Diciembre;MOTOCICLETA;DIPLOMATICO;Motociclista;30;MASCULINO;HERIDOS;0;0;0;0;CARRERA 50 CON CALLE 25 SUR;;LAS VEGAS;6.186957, -75.584471;CHOQUE;VEHICULO;NO REPORTADO;RESIDENCIAL;Normal;Impericia en el manejo
2183563;28/12/2018;8:30:00 p. m.;Viernes;2018;Diciembre;MOTOCICLETA;PARTICULAR;Motociclista;52;FEMENINO;HERIDOS;0;0;0;0;CARRERA 48 CON CALLE 50 SUR;;LAS VEGAS;6.162072458716961, -75.60353659646475;CHOQUE;VEHICULO;NO REPORTADO;RESIDENCIAL;Normal;Girar bruscamente
2183563;28/12/2018;8:30:00 p. m.;Viernes;2018;Diciembre;MOTOCICLETA;PARTICULAR;Acompañante;33;FEMENINO;HERIDOS;0;0;0;0;CARRERA 48 CON CALLE 50 SUR;;LAS VEGAS;6.162072458716961, -75.60353659646475;CHOQUE;VEHICULO;NO REPORTADO;RESIDENCIAL;Normal;Girar bruscamente
2183577;31/12/2018;1:00:00 p. m.;Lunes;2018;Diciembre;MOTOCICLETA;PARTICULAR;Acompañante;47;FEMENINO;HERIDOS;0;0;0;;CALLE 40 F SUR CON CARRERA 30 - 27;;EL DORADO;6.160925024505697, -75.58474246330218;CAIDA OCUPANTE;NO REPORTADO;NO REPORTADO;RESIDENCIAL;Normal;Impericia en el manejo
2190001;4/01/2019;10:00:00 p. m.;Viernes;2019;Enero;MOTOCICLETA;PARTICULAR;Motociclista;18;MASCULINO;HERIDOS;0;0;0;0;DIAGONAL 31E CON TRANSVERSAL 34 D SUR ;;OBRERO;6.17192700805297, -75.58039431274938;ATROPELLO;NO REPORTADO;NO REPORTADO;RESIDENCIAL;Normal;Cruzar sin observar
2190001;4/01/2019;10:00:00 p. m.;Viernes;2019;Enero;MOTOCICLETA;PARTICULAR;Peaton;70;MASCULINO;HERIDOS;0;0;0;0;DIAGONAL 31E CON TRANSVERSAL 34 D SUR ;;OBRERO;6.17192700805297, -75.58039431274938;ATROPELLO;NO REPORTADO;NO REPORTADO;RESIDENCIAL;Normal;Cruzar sin observar
2190002;1/01/2019;4:00:00 p. m.;Martes;2019;Enero;MOTOCICLETA;PARTICULAR;Motociclista;20;MASCULINO;HERIDOS;0;0;0;0;CALLE 40 SUR  CARRERA 23 A;;EL SALADO;6.158471271370786, -75.5806599454211;CAIDA OCUPANTE;NO REPORTADO;NO REPORTADO;RESIDENCIAL;Normal;Impericia en el manejo
2190002;1/01/2019;4:00:00 p. m.;Martes;2019;Enero;MOTOCICLETA;PARTICULAR;Acompañante;19;FEMENINO;HERIDOS;0;0;0;0;CALLE 40 SUR  CARRERA 23 A;;EL SALADO;6.158471271370786, -75.5806599454211;CAIDA OCUPANTE;NO REPORTADO;NO REPORTADO;RESIDENCIAL;Normal;Impericia en el manejo
2190003;1/01/2019;7:15:00 p. m.;Martes;2019;Enero;AUTOMOVIL;PUBLICO;Peaton;65;MASCULINO;HERIDOS;0;0;0;0;CARRERA 29B CON CALLE 41 A SUR 15;;SAN RAFAEL;6.1599838240075675, -75.58573089301699;ATROPELLO;NO REPORTADO;NO REPORTADO;RESIDENCIAL;Normal;Cruzar en estado de embriaguez
2190004;1/01/2019;7:00:00 p. m.;Martes;2019;Enero;MOTOCICLETA;PARTICULAR;Motociclista;26;MASCULINO;HERIDOS;0;0;0;0;CARRERA 50 CON CALLE 37 SUR;;LAS VEGAS;6.175135, -75.595369;CHOQUE;VEHICULO;NO REPORTADO;RESIDENCIAL;Normal;Embriaguez o droga  -  Impericia en el manejo
2190005;2/01/2019;7:40:00 p. m.;Miércoles;2019;Enero;MOTOCICLETA;PARTICULAR;Peaton;31;FEMENINO;HERIDOS;0;0;0;0;CALLE 37 SUR CON CARRERA 38-15;;MESA;6.168962095618418, -75.5843050766387;CHOQUE;OBJETO FIJO;VEHICULO ESTACIONADO;RESIDENCIAL;Normal;Estacionar sin seguridad
2190006;2/01/2019;1:28:00 p. m.;Miércoles;2019;Enero;MOTOCICLETA;PARTICULAR;Motociclista;21;FEMENINO;HERIDOS;0;0;0;0;CARRERA 48 CON CALLE 48 C SUR ;;LAS CASITAS;6.163971397301533, -75.60177504789257;CHOQUE;VEHICULO;NO REPORTADO;RESIDENCIAL;Normal;Desobedecer señales
2190007;2/01/2019;12:30:00 p. m.;Miércoles;2019;Enero;MOTOCICLETA;PARTICULAR;Motociclista;36;MASCULINO;HERIDOS;0;0;0;0;CALLE 38 SUR CON CARRERA 43 A 70;;ALCALA;6.1706146776476, -75.58900518202451;CHOQUE;VEHICULO;NO REPORTADO;RESIDENCIAL;Normal;No mantener distancia de seguridad
2190007;2/01/2019;12:30:00 p. m.;Miércoles;2019;Enero;MOTOCICLETA;PARTICULAR;Acompañante;23;FEMENINO;HERIDOS;0;0;0;0;CALLE 38 SUR CON CARRERA 43 A 70;;ALCALA;6.1706146776476, -75.58900518202451;CHOQUE;VEHICULO;NO REPORTADO;RESIDENCIAL;Normal;No mantener distancia de seguridad
2190008;2/01/2019;11:11:00 a. m.;Miércoles;2019;Enero;CAMIONETA;PARTICULAR;Peaton;28;MASCULINO;HERIDOS;0;0;0;0;KILOMETRO 13+750;medell??n palmas envigado (km 12 - km 16+700);VEREDA PALMAS;6.159947598019547, -75.5458383127745;ATROPELLO;NO REPORTADO;NO REPORTADO;NO REPORTADO;Normal;Impericia en el manejo
2190009;2/01/2019;12:20:00 p. m.;Miércoles;2019;Enero;MOTOCICLETA;PARTICULAR;Acompañante;26;FEMENINO;HERIDOS;0;0;0;0;CARRERA 50 CON CALLE 31 SUR;;LAS VEGAS;6.179588, -75.590995;CAIDA OCUPANTE;NO REPORTADO;NO REPORTADO;RESIDENCIAL;Normal;Impericia en el manejo
2190010;3/01/2019;12:00:00 p. m.;Jueves;2019;Enero;MOTOCICLETA;PARTICULAR;Motociclista;49;MASCULINO;HERIDOS;0;0;0;0;CARRERA 48 CON CALLE 30 SUR;;LAS VEGAS;6.179496718217783, -75.58819458527805;CHOQUE;VEHICULO;NO REPORTADO;RESIDENCIAL;Normal;No mantener distancia de seguridad
2190011;3/01/2019;6:00:00 p. m.;Jueves;2019;Enero;MOTOCICLETA;PARTICULAR;Peaton;61;FEMENINO;HERIDOS;0;0;0;0;CALLE 37 SUR CON CARRERA 43;;ZONA CENTRO;6.171400368223845, -75.58741107026367;ATROPELLO;NO REPORTADO;NO REPORTADO;RESIDENCIAL;Normal;Impericia en el manejo
2190012;5/01/2019;7:50:00 a. m.;Sábado;2019;Enero;AUTOMOVIL;PARTICULAR;Peaton;58;FEMENINO;HERIDOS;0;0;0;0;CALLE 25 A SUR  CON CARRERA 42 B 61;;LAS ORQUIDEAS;6.180237992694924, -75.58113083957399;ATROPELLO;NO REPORTADO;NO REPORTADO;RESIDENCIAL;Normal;Cruzar en curva
2190013;7/01/2019;7:38:00 p. m.;Lunes;2019;Enero;AUTOMOVIL;PUBLICO;Peaton;11;FEMENINO;HERIDOS;0;0;0;0;CALLE 40 B SUR CON CARRERA 27;;LA MINA;6.158636852475623, -75.58207035439288;ATROPELLO;NO REPORTADO;NO REPORTADO;RESIDENCIAL;Normal;Transitar por la calzada
2190016;5/01/2019;10:45:00 a. m.;Sábado;2019;Enero;MOTOCICLETA;PARTICULAR;Motociclista;26;MASCULINO;HERIDOS;0;0;0;0;CARRERA 43 A CON CALLE 45 B SUR ;;LA PAZ;6.165180230668976, -75.59490033255233;CHOQUE;VEHICULO;NO REPORTADO;RESIDENCIAL;Normal;No respetar pelacion de interseccion o giros
2190034;8/01/2019;5:50:00 p. m.;Martes;2019;Enero;MOTOCICLETA;PARTICULAR;Peaton;68;MASCULINO;HERIDOS;0;0;0;0;CALLE 39 SUR CON CARRERA 39-69;;MESA;6.167545573151968, -75.58631157767147;ATROPELLO;NO REPORTADO;NO REPORTADO;RESIDENCIAL;Lluvia;Transitar por la calzada
2190035;10/01/2019;4:00:00 p. m.;Jueves;2019;Enero;MOTOCICLETA;PARTICULAR;Acompañante;39;FEMENINO;HERIDOS;0;0;0;;CALLE 41 B SUR CON CARRERA 36 D;;LAS ANTILLAS;6.161947312991618, -75.58776075492159;CAIDA OCUPANTE;NO REPORTADO;NO REPORTADO;RESIDENCIAL;Lluvia;Falta de precaucion niebla, lluvia, humo
2190036;10/01/2019;4:00:00 p. m.;Jueves;2019;Enero;MOTOCICLETA;PARTICULAR;Motociclista;26;MASCULINO;HERIDOS;0;0;0;0;CALLE 40 B SUR CON CARRERA 39 A 31;;EL DORADO;6.165752098485667, -75.58707817109027;CHOQUE;OBJETO FIJO;VEHICULO ESTACIONADO;RESIDENCIAL;Lluvia;Impericia en el manejo
2190057;11/01/2019;4:35:00 p. m.;Viernes;2019;Enero;CAMIONETA;PARTICULAR;Peaton;39;MASCULINO;HERIDOS;0;0;0;0;KILOMETRO 8+500;retiro varia palmas enviga (km 5+43 - km 14+ 550);VEREDA PERICO;6.170127188048298, -75.49821436427072;ATROPELLO;NO REPORTADO;NO REPORTADO;NO REPORTADO;Normal;Pararse sobre la calzada
2190058;12/01/2019;3:30:00 p. m.;Sábado;2019;Enero;MOTOCICLETA;PARTICULAR;Motociclista;46;MASCULINO;HERIDOS;0;0;0;0;CARRERA 48 CON CALLE 39 B SUR 56;;LAS VEGAS;6.171175994113065, -75.59472943070705;CHOQUE;VEHICULO;NO REPORTADO;RESIDENCIAL;Normal;Girar bruscamente
2190058;12/01/2019;3:30:00 p. m.;Sábado;2019;Enero;MOTOCICLETA;PARTICULAR;Acompañante;20;FEMENINO;HERIDOS;0;0;0;0;CARRERA 48 CON CALLE 39 B SUR 56;;LAS VEGAS;6.171175994113065, -75.59472943070705;CHOQUE;VEHICULO;NO REPORTADO;RESIDENCIAL;Normal;Girar bruscamente
2190059;8/01/2019;2:00:00 p. m.;Martes;2019;Enero;MOTOCICLETA;PARTICULAR;Motociclista;24;MASCULINO;HERIDOS;0;0;0;0;CARRERA 50 CON CALLE 43 SUR;;LAS VEGAS;6.171018, -75.600755;OTRO;NO REPORTADO;NO REPORTADO;RESIDENCIAL;Normal;Adelantar invadiendo carril del mismo sentido en zigzag
2190060;12/01/2019;11:30:00 a. m.;Sábado;2019;Enero;MOTOCICLETA;PARTICULAR;Motociclista;46;FEMENINO;HERIDOS;0;0;0;0;CALLE 39 SUR CON CARRERA 28;;SAN JOSE;6.161397169098325, -75.57978160035871;CHOQUE;VEHICULO;NO REPORTADO;RESIDENCIAL;Normal;Adelantar en zona prohibida
2190074;14/01/2019;9:04:00 a. m.;Lunes;2019;Enero;BICICLETA;;Ciclista;60;MASCULINO;HERIDOS;0;0;0;0;CARRERA 48 CON CALLE 48 SUR;;LAS VEGAS;6.163971397301533, -75.60177504789257;CHOQUE;VEHICULO;NO REPORTADO;RESIDENCIAL;Normal;Impericia en el manejo
2190077;14/01/2019;5:20:00 a. m.;Lunes;2019;Enero;MOTOCICLETA;PARTICULAR;Motociclista;26;MASCULINO;HERIDOS;0;0;0;0;CARRERA 50 CON CALLE 26 SUR;;LAS VEGAS;6.184920, -75.587152;CHOQUE;VEHICULO;NO REPORTADO;RESIDENCIAL;Normal;Impericia en el manejo
2190079;14/01/2019;3:40:00 p. m.;Lunes;2019;Enero;BICICLETA;;Peaton;49;FEMENINO;HERIDOS;0;0;0;0;CARRERA 42 CON CALLE 38 A SUR 25;;ZONA CENTRO;6.169470770110633, -75.5874139782006;ATROPELLO;NO REPORTADO;NO REPORTADO;RESIDENCIAL;Normal;Cruzar sin observar
2190081;14/01/2019;1:50:00 p. m.;Lunes;2019;Enero;MOTOCICLETA;PARTICULAR;Motociclista;29;MASCULINO;HERIDOS;0;0;0;0;KILOMETRO 16+140;medell??n palmas envigado (km 12 - km 16+700);VEREDA PALMAS;6.154137213987535, -75.53778234479844;CHOQUE;VEHICULO;NO REPORTADO;NO REPORTADO;Normal;No respetar prelacion
2190090;15/01/2019;4:15:00 p. m.;Martes;2019;Enero;MOTOCICLETA;PARTICULAR;Motociclista;32;MASCULINO;HERIDOS;0;0;0;0;CARRERA 25 CON CALLE 39 SUR 15;;EL CHINGUÍ;6.153696709744741, -75.57439326739136;CHOQUE;VEHICULO;NO REPORTADO;RESIDENCIAL;Normal;Girar bruscamente
2190092;15/01/2019;5:20:00 a. m.;Martes;2019;Enero;MOTOCICLETA;PARTICULAR;Motociclista;32;MASCULINO;HERIDOS;0;0;0;0;CARRERA 50 CON CALLE 39 SUR;;LAS VEGAS;6.173831, -75.597143;CHOQUE;VEHICULO;NO REPORTADO;RESIDENCIAL;Normal;No mantener distancia de seguridad
2190094;15/01/2019;5:50:00 p. m.;Martes;2019;Enero;MOTOCICLETA;PARTICULAR;Motociclista;39;MASCULINO;HERIDOS;0;0;0;0;CALLE 36 D SUR CON CARRERA 16-77;;VEREDA EL ESCOBERO;6.148579443669488, -75.56158373893767;CHOQUE;OBJETO FIJO;MURO;RESIDENCIAL;Normal;Impericia en el manejo
2190094;15/01/2019;5:50:00 p. m.;Martes;2019;Enero;MOTOCICLETA;PARTICULAR;Acompañante;47;MASCULINO;HERIDOS;0;0;0;0;CALLE 36 D SUR CON CARRERA 16-77;;VEREDA EL ESCOBERO;6.148579443669488, -75.56158373893767;CHOQUE;OBJETO FIJO;MURO;RESIDENCIAL;Normal;Impericia en el manejo
2190095;16/01/2019;12:45:00 p. m.;Miércoles;2019;Enero;MOTOCICLETA;PARTICULAR;Motociclista;44;MASCULINO;HERIDOS;0;0;0;0;CARRERA 48 CON CALLE 25 AA SUR 70;;LAS VEGAS;6.183201728984719, -75.58497263422214;CHOQUE;VEHICULO;NO REPORTADO;RESIDENCIAL;Normal;No mantener distancia de seguridad
2190096;16/01/2019;5:15:00 a. m.;Miércoles;2019;Enero;BICICLETA;;Ciclista;56;MASCULINO;HERIDOS;0;0;0;0;CARRERA 43 A CON CALLE 25 A SUR;;VILLA GRANDE;6.1813875960223745, -75.58178302480395;CHOQUE;VEHICULO;NO REPORTADO;RESIDENCIAL;Normal;Desobedecer señales
2190099;15/01/2019;7:40:00 p. m.;Martes;2019;Enero;AUTOMOVIL;PUBLICO;Pasajero;33;FEMENINO;HERIDOS;0;0;0;0;CARRERA 40 A CON CALLE 40 B SUR 10;;EL DORADO;6.1663693647335345, -75.58766201341892;CHOQUE;VEHICULO;NO REPORTADO;RESIDENCIAL;Normal;No mantener distancia de seguridad
2190105;17/01/2019;2:40:00 p. m.;Jueves;2019;Enero;MOTOCICLETA;PARTICULAR;Motociclista;36;MASCULINO;HERIDOS;0;0;0;0;CARRERA 50 CON CALLE 30 SUR;;LAS VEGAS;6.180427, -75.590467;CHOQUE;VEHICULO;NO REPORTADO;RESIDENCIAL;Normal;Girar bruscamente
2190105;17/01/2019;2:40:00 p. m.;Jueves;2019;Enero;MOTOCICLETA;PARTICULAR;Motociclista;29;MASCULINO;HERIDOS;0;0;0;0;CARRERA 50 CON CALLE 30 SUR;;LAS VEGAS;6.180427, -75.590467;CHOQUE;VEHICULO;NO REPORTADO;RESIDENCIAL;Normal;Girar bruscamente
2190109;17/01/2019;3:00:00 p. m.;Jueves;2019;Enero;MOTOCICLETA;PARTICULAR;Acompañante;23;MASCULINO;HERIDOS;0;0;0;0;CARRERA 50 CON CALLE 45 SUR;;LAS VEGAS;6.169144, -75.602028;CHOQUE;VEHICULO;NO REPORTADO;RESIDENCIAL;Normal;Transitar entre vehiculos
2190110;17/01/2019;6:50:00 a. m.;Jueves;2019;Enero;MOTOCICLETA;PARTICULAR;Motociclista;56;MASCULINO;HERIDOS;0;0;0;0;TRANSVERSAL 34 C SUR CON DIAGONAL 32 D;;OBRERO;6.171548154312193, -75.58270967817018;CHOQUE;VEHICULO;NO REPORTADO;RESIDENCIAL;Normal;Desobedecer señales
2190115;17/01/2019;7:05:00 a. m.;Jueves;2019;Enero;MOTOCICLETA;PARTICULAR;Motociclista;41;MASCULINO;HERIDOS;0;0;0;0;CALLE 39 SUR CON CARRERA 46;;ALCALA;6.170664627347072, -75.59253163615942;CHOQUE;VEHICULO;NO REPORTADO;RESIDENCIAL;Normal;Poner en marcha un vehiculo sin precauci
2190116;17/01/2019;6:00:00 a. m.;Jueves;2019;Enero;MOTOCICLETA;PARTICULAR;Motociclista;23;MASCULINO;HERIDOS;0;0;0;0;CARRERA 43 A CON CALLE 33 SUR 29;;SAN MARCOS;6.173629605029597, -75.58668717799792;CHOQUE;OBJETO FIJO;OTRO TIPO;RESIDENCIAL;Normal;Impericia en el manejo
2190127;18/01/2019;8:50:00 p. m.;Viernes;2019;Enero;MOTOCICLETA;PARTICULAR;Motociclista;38;MASCULINO;HERIDOS;0;0;0;0;CARRERA 43 A CON CALLE 49 SUR;;LAS CASITAS;6.16093390552665, -75.60021457223021;CHOQUE;VEHICULO;NO REPORTADO;RESIDENCIAL;Normal;Adelantar en zona prohibida
2190129;17/01/2019;12:00:00 p. m.;Jueves;2019;Enero;MOTOCICLETA;PARTICULAR;Motociclista;35;MASCULINO;HERIDOS;0;0;0;0;CARRERA 48 CON CALLE 19 SUR 136;;LAS VEGAS;6.1876373810276055, -75.58159439915157;CHOQUE;VEHICULO;NO REPORTADO;RESIDENCIAL;Normal;No mantener distancia de seguridad
2190130;19/01/2019;1:20:00 p. m.;Sábado;2019;Enero;BICICLETA;;Ciclista;48;MASCULINO;HERIDOS;0;0;0;0;CALLE 36 D SUR CON CARRERA 24-50;;VEREDA EL ESCOBERO;6.155436373609115, -75.5664958413038;VOLCAMIENTO;NO REPORTADO;NO REPORTADO;RESIDENCIAL;Normal;Impericia en el manejo
2190136;18/01/2019;5:35:00 a. m.;Viernes;2019;Enero;AUTOMOVIL;PUBLICO;Conductor;28;MASCULINO;HERIDOS;0;0;0;0;KILOMETRO 12+780;medell??n palmas envigado (km 12 - km 16+700);VEREDA PALMAS;6.160056152925351, -75.52402110777237;CHOQUE;VEHICULO;NO REPORTADO;NO REPORTADO;Normal;Embriaguez o droga  -  Impericia en el manejo
2190136;18/01/2019;5:35:00 a. m.;Viernes;2019;Enero;AUTOMOVIL;PUBLICO;Pasajero;35;MASCULINO;HERIDOS;0;0;0;0;KILOMETRO 12+780;medell??n palmas envigado (km 12 - km 16+700);VEREDA PALMAS;6.160056152925351, -75.52402110777237;CHOQUE;VEHICULO;NO REPORTADO;NO REPORTADO;Normal;Embriaguez o droga  -  Impericia en el manejo
2190136;18/01/2019;5:35:00 a. m.;Viernes;2019;Enero;AUTOMOVIL;PUBLICO;Pasajero;35;MASCULINO;HERIDOS;0;0;0;0;KILOMETRO 12+780;medell??n palmas envigado (km 12 - km 16+700);VEREDA PALMAS;6.160056152925351, -75.52402110777237;CHOQUE;VEHICULO;NO REPORTADO;NO REPORTADO;Normal;Embriaguez o droga  -  Impericia en el manejo
2190136;18/01/2019;5:35:00 a. m.;Viernes;2019;Enero;AUTOMOVIL;PUBLICO;Pasajero;25;MASCULINO;HERIDOS;0;0;0;0;KILOMETRO 12+780;medell??n palmas envigado (km 12 - km 16+700);VEREDA PALMAS;6.160056152925351, -75.52402110777237;CHOQUE;VEHICULO;NO REPORTADO;NO REPORTADO;Normal;Embriaguez o droga  -  Impericia en el manejo
2190144;21/01/2019;4:33:00 p. m.;Lunes;2019;Enero;MOTOCICLETA;PARTICULAR;Motociclista;30;MASCULINO;HERIDOS;0;0;0;0;CALLE 38 SUR CON CARRERA 43-84;;ZONA CENTRO;6.170750194740541, -75.58758531156937;CHOQUE;VEHICULO;NO REPORTADO;RESIDENCIAL;Normal;Adelantar cerrando
2190145;21/01/2019;2:50:00 p. m.;Lunes;2019;Enero;MOTOCICLETA;PARTICULAR;Acompañante;25;MASCULINO;HERIDOS;0;0;0;0;CALLE 24 SUR  CON CARRERA 43 A 60;;ZUÑIGA;6.181729696085021, -75.58084275275306;CHOQUE;VEHICULO;NO REPORTADO;RESIDENCIAL;Normal;Adelantar invadiendo carril del mismo sentido en zigzag
2190146;18/01/2019;7:30:00 a. m.;Viernes;2019;Enero;MOTOCICLETA;PARTICULAR;Motociclista;31;MASCULINO;HERIDOS;0;0;0;0;KILOMETRO 15+720;medell??n palmas envigado (km 12 - km 16+700);VEREDA PALMAS;6.153511920266616, -75.54098155200218;CHOQUE;VEHICULO;NO REPORTADO;NO REPORTADO;Normal;Transitar entre vehiculos
2190147;17/01/2019;5:10:00 a. m.;Jueves;2019;Enero;BUSETA;PUBLICO;Pasajero;55;MASCULINO;HERIDOS;0;0;0;0;CARRERA 48 CON CALLE 26 SUR;;LAS VEGAS;6.183986248752525, -75.58486634750986;CAIDA OCUPANTE;NO REPORTADO;NO REPORTADO;RESIDENCIAL;Normal;Frenar bruscamente
2190149;19/01/2019;5:40:00 p. m.;Sábado;2019;Enero;MOTOCICLETA;PARTICULAR;Motociclista;24;MASCULINO;HERIDOS;0;0;0;0;CARRERA 50 CON CALLE 25 SUR;;LAS VEGAS;6.186957, -75.584471;CHOQUE;VEHICULO;NO REPORTADO;RESIDENCIAL;Normal;Girar bruscamente
2190149;19/01/2019;5:40:00 p. m.;Sábado;2019;Enero;MOTOCICLETA;PARTICULAR;Acompañante;26;FEMENINO;HERIDOS;0;0;0;0;CARRERA 50 CON CALLE 25 SUR;;LAS VEGAS;6.186957, -75.584471;CHOQUE;VEHICULO;NO REPORTADO;RESIDENCIAL;Normal;Girar bruscamente
2190167;19/01/2019;3:20:00 p. m.;Sábado;2019;Enero;AUTOMOVIL;PUBLICO;Pasajero;21;FEMENINO;HERIDOS;0;0;0;0;CARRERA 48 CON CALLE 46 SUR 100;;LAS VEGAS;6.165464211736931, -75.6001150724684;CHOQUE;VEHICULO;NO REPORTADO;RESIDENCIAL;Normal;Desobedecer señales
2190168;23/01/2019;7:00:00 a. m.;Miércoles;2019;Enero;MOTOCICLETA;PARTICULAR;Acompañante;34;FEMENINO;HERIDOS;0;0;0;0;CALLE 36 D SUR CON CARRERA 27;;VEREDA EL ESCOBERO;6.162262648723476, -75.57027649451149;CHOQUE;VEHICULO;NO REPORTADO;RESIDENCIAL;Normal;No respetar prelacion
2190169;22/01/2019;7:20:00 a. m.;Martes;2019;Enero;BUS;PUBLICO;Peaton;60;MASCULINO;HERIDOS;0;0;0;0;CARRERA 49 CON CALLE 37 B SUR 190;;LAS VEGAS;6.175555, -75.594665;ATROPELLO;NO REPORTADO;NO REPORTADO;RESIDENCIAL;Normal;Cruzar sin observar  -  Reverso imprudente
2190173;23/01/2019;8:15:00 a. m.;Miércoles;2019;Enero;CAMPERO;DIPLOMATICO;Peaton;59;FEMENINO;HERIDOS;0;0;0;0;TRANSVERSAL 32 A SUR CON DIAGONAL 32 B;;LA MAGNOLIA;6.176350325819995, -75.58331803163796;ATROPELLO;NO REPORTADO;NO REPORTADO;RESIDENCIAL;Normal;Impericia en el manejo
2190180;23/01/2019;7:40:00 p. m.;Miércoles;2019;Enero;MOTOCICLETA;PARTICULAR;Motociclista;34;FEMENINO;HERIDOS;0;0;0;0;CARRERA 43 A CON TRANSVERSAL 27 A SUR ;;PONTE VEDRA;6.178998369988548, -75.58360620019316;CHOQUE;VEHICULO;NO REPORTADO;RESIDENCIAL;Normal;Adelantar invadiendo carril del mismo sentido en zigzag
2190181;24/01/2019;10:15:00 p. m.;Jueves;2019;Enero;MOTOCICLETA;PARTICULAR;Acompañante;20;FEMENINO;HERIDOS;0;0;0;0;CALLE 36 D SUR CON CARRERA 27 D 29;;LA PRADERA;6.164812283695216, -75.5746657671919;CAIDA OCUPANTE;NO REPORTADO;NO REPORTADO;RESIDENCIAL;Normal;Impericia en el manejo
2190187;24/01/2019;2:05:00 p. m.;Jueves;2019;Enero;MICROBUS;PUBLICO;Conductor;48;MASCULINO;HERIDOS;0;0;0;0;DIAGONAL 31 CON TRANSVERSAL 36 A SUR 156;;LA SEBASTIANA;6.167718411789883, -75.58043495157344;CHOQUE;VEHICULO;NO REPORTADO;RESIDENCIAL;Normal;Impericia en el manejo
2190187;24/01/2019;2:05:00 p. m.;Jueves;2019;Enero;MOTOCICLETA;PARTICULAR;Acompañante;34;FEMENINO;HERIDOS;0;0;0;0;DIAGONAL 31 CON TRANSVERSAL 36 A SUR 156;;LA SEBASTIANA;6.167718411789883, -75.58043495157344;CHOQUE;VEHICULO;NO REPORTADO;RESIDENCIAL;Normal;Impericia en el manejo