NRO_RADICADO;FECHA_ACCIDENTE;HORA_ACCIDENTE;Día de la semana;AÑO;MES;CLASE_VEHICULO;TIPO_SERVICIO;TIPO_VICTIMA;EDAD;GENERO;GRAVEDAD;ESTADO_BEODEZ;ESTADO_DROGA;RESULTADO_BEODEZ;RESUL_BEODEZ_GRAMOS;DIRECCION_CARACT_VIA;TRAMO_VIA;LOCALIDAD_O_COMUNA;    GEORREFERENCIACIÓN;DESC_CLASE_ACCIDENTE;DESC_CHOQUE_ACCIDENTE;DESC_OBJETO_FIJO;DESC_SECTOR_ACCIDENTE;CONDICION_CLIMATICA;CAUSA_ACCIDENTE
2190187;24/01/2019;2:05:00 p. m.;Jueves;2019;Enero;MOTOCICLETA;PARTICULAR;Motociclista;43;MASCULINO;HERIDOS;0;0;0;0;DIAGONAL 31 CON TRANSVERSAL 36 A SUR 156;;LA SEBASTIANA;6.167718411789883, -75.58043495157344;CHOQUE;VEHICULO;NO REPORTADO;RESIDENCIAL;Normal;Impericia en el manejo
2190188;24/01/2019;3:15:00 p. m.;Jueves;2019;Enero;MOTOCICLETA;PARTICULAR;Acompañante;14;FEMENINO;HERIDOS;0;0;0;0;CALLE 30 SUR CON CARRERA 45 A;;JARDINES;6.177928448130769, -75.58653437360135;CHOQUE;VEHICULO;NO REPORTADO;RESIDENCIAL;Normal;Transitar en contravia
2190189;23/01/2019;8:30:00 p. m.;Miércoles;2019;Enero;MOTOCICLETA;PARTICULAR;Motociclista;17;MASCULINO;HERIDOS;0;0;0;0;CARRERA 34 CON CALLE 40 D SUR 50;;EL DORADO;6.1631879986636795, -75.5852312478031;CHOQUE;VEHICULO;NO REPORTADO;RESIDENCIAL;Normal;No mantener distancia de seguridad
2190197;27/01/2019;4:00:00 p. m.;Domingo;2019;Enero;MOTOCICLETA;PARTICULAR;Motociclista;24;MASCULINO;HERIDOS;0;0;0;0;CARRERA 24 D CON CALLE 40 SUR 610;;EL SALADO;6.147916367275229, -75.57635247026863;CAIDA OCUPANTE;NO REPORTADO;NO REPORTADO;RESIDENCIAL;Normal;Impericia en el manejo
2190197;27/01/2019;4:00:00 p. m.;Domingo;2019;Enero;MOTOCICLETA;PARTICULAR;Acompañante;25;MASCULINO;HERIDOS;0;0;0;0;CARRERA 24 D CON CALLE 40 SUR 610;;EL SALADO;6.147916367275229, -75.57635247026863;CAIDA OCUPANTE;NO REPORTADO;NO REPORTADO;RESIDENCIAL;Normal;Impericia en el manejo
2190199;23/01/2019;5:00:00 p. m.;Miércoles;2019;Enero;BICICLETA;;Ciclista;32;MASCULINO;HERIDOS;0;0;0;;CARRERA 40 CON CALLE 23 SUR 06;;ZUÑIGA;6.180601281126017, -75.5769079180553;CHOQUE;VEHICULO;NO REPORTADO;RESIDENCIAL;Normal;Desobedecer señales
2190203;27/01/2019;3:30:00 p. m.;Domingo;2019;Enero;MOTOCICLETA;PARTICULAR;Acompañante;21;FEMENINO;HERIDOS;0;0;0;0;CARRERA 50 CON CALLE 37 SUR;;LAS VEGAS;6.175135, -75.595369;CHOQUE;VEHICULO;NO REPORTADO;RESIDENCIAL;Normal;No mantener distancia de seguridad
2190203;27/01/2019;3:30:00 p. m.;Domingo;2019;Enero;MOTOCICLETA;PARTICULAR;Motociclista;21;MASCULINO;HERIDOS;0;0;0;0;CARRERA 50 CON CALLE 37 SUR;;LAS VEGAS;6.175135, -75.595369;CHOQUE;VEHICULO;NO REPORTADO;RESIDENCIAL;Normal;No mantener distancia de seguridad
2190205;27/01/2019;4:40:00 a. m.;Domingo;2019;Enero;AUTOMOVIL;PARTICULAR;Conductor;37;MASCULINO;HERIDOS;0;0;0;0;KILOMETRO 9+500;el escobero - km 0-13);VEREDA EL ESCOBERO;6.135939904409957, -75.53085147011068;CHOQUE;OBJETO FIJO;OTRO TIPO;NO REPORTADO;Normal;Impericia en el manejo
2190208;23/01/2019;2:40:00 p. m.;Miércoles;2019;Enero;MOTOCICLETA;PARTICULAR;Motociclista;27;FEMENINO;HERIDOS;0;0;0;0;CARRERA 43 A  CON CALLE 27 SUR;;VILLA GRANDE;6.180031324095347, -75.58331059198122;OTRO;NO REPORTADO;NO REPORTADO;RESIDENCIAL;Normal;Impericia en el manejo
2190209;23/01/2019;7:50:00 a. m.;Miércoles;2019;Enero;CAMPERO;PUBLICO;Conductor;58;MASCULINO;HERIDOS;0;0;0;0;KILOMETRO 13+00;medell??n palmas envigado (km 12 - km 16+700);VEREDA PALMAS;6.165592595898619, -75.54510949704054;CHOQUE;VEHICULO;NO REPORTADO;NO REPORTADO;Normal;No mantener distancia de seguridad
2190213;27/01/2019;3:20:00 a. m.;Domingo;2019;Enero;MOTOCICLETA;PARTICULAR;Motociclista;23;MASCULINO;HERIDOS;0;0;0;0;CALLE 37 SUR CON CARRERA 39;;ZONA CENTRO;6.168987691377336, -75.5848897343099;CHOQUE;VEHICULO;NO REPORTADO;RESIDENCIAL;Normal;Impericia en el manejo
2190213;27/01/2019;3:20:00 a. m.;Domingo;2019;Enero;MOTOCICLETA;PARTICULAR;Acompañante;23;MASCULINO;HERIDOS;0;0;0;0;CALLE 37 SUR CON CARRERA 39;;ZONA CENTRO;6.168987691377336, -75.5848897343099;CHOQUE;VEHICULO;NO REPORTADO;RESIDENCIAL;Normal;Impericia en el manejo
2190213;27/01/2019;3:20:00 a. m.;Domingo;2019;Enero;MOTOCICLETA;PARTICULAR;Acompañante;22;MASCULINO;HERIDOS;0;0;0;0;CALLE 37 SUR CON CARRERA 39;;ZONA CENTRO;6.168987691377336, -75.5848897343099;CHOQUE;VEHICULO;NO REPORTADO;RESIDENCIAL;Normal;Impericia en el manejo
2190214;25/01/2019;7:15:00 a. m.;Viernes;2019;Enero;BICICLETA;;Ciclista;37;FEMENINO;HERIDOS;0;0;0;0;KILOMETRO 13+690;medell??n palmas envigado (km 12 - km 16+700);VEREDA PALMAS;6.159909035518698, -75.54547630463811;CHOQUE;VEHICULO;NO REPORTADO;NO REPORTADO;Normal;No mantener distancia de seguridad
2190215;24/01/2019;5:30:00 p. m.;Jueves;2019;Enero;MOTOCICLETA;PARTICULAR;Peaton;57;MASCULINO;HERIDOS;0;0;0;0;CALLE 39 B SUR # 24EE14;;EL CHINGUÍ;6.149283873302469, -75.57572446559666;ATROPELLO;NO REPORTADO;NO REPORTADO;RESIDENCIAL;Normal;Cruzar sin observar
2190216;28/01/2019;6:15:00 a. m.;Lunes;2019;Enero;MOTOCICLETA;PARTICULAR;Motociclista;43;MASCULINO;HERIDOS;0;0;0;0;CALLE 50 SUR CON CALLE 46 A 17;;LAS CASITAS;6.168548, -75.602176;CHOQUE;VEHICULO;NO REPORTADO;RESIDENCIAL;Normal;No mantener distancia de seguridad
2190216;28/01/2019;6:15:00 a. m.;Lunes;2019;Enero;MOTOCICLETA;PARTICULAR;Motociclista;28;MASCULINO;HERIDOS;0;0;0;0;CALLE 50 SUR CON CALLE 46 A 17;;LAS CASITAS;6.168548, -75.602176;CHOQUE;VEHICULO;NO REPORTADO;RESIDENCIAL;Normal;No mantener distancia de seguridad
2190217;28/01/2019;5:50:00 p. m.;Lunes;2019;Enero;AUTOMOVIL;PARTICULAR;Peaton;37;MASCULINO;HERIDOS;0;0;0;0;CARRERA 42 B CON CALLE 25 A SUR 41;;PONTE VEDRA;6.180664651783757, -75.58151707766882;ATROPELLO;NO REPORTADO;NO REPORTADO;RESIDENCIAL;Normal;Transitar por la calzada
2190218;27/01/2019;1:00:00 p. m.;Domingo;2019;Enero;AUTOMOVIL;PARTICULAR;Peaton;59;FEMENINO;HERIDOS;0;0;0;0;CALLE 38 A SUR CON CARRERA 39;;MESA;6.168477973573035, -75.58554955492035;ATROPELLO;NO REPORTADO;NO REPORTADO;RESIDENCIAL;Normal;Cruzar sin observar
2190219;24/01/2019;3:40:00 p. m.;Jueves;2019;Enero;MOTOCICLETA;PARTICULAR;Motociclista;55;MASCULINO;HERIDOS;0;0;0;0;CALLE 25 SUR CON CARRERA 48;;LAS VEGAS;6.1855643490049115, -75.58313696302534;CHOQUE;VEHICULO;NO REPORTADO;RESIDENCIAL;Normal;Girar bruscamente
2190220;28/01/2019;7:45:00 a. m.;Lunes;2019;Enero;MOTOCICLETA;PARTICULAR;Acompañante;3;MASCULINO;HERIDOS;0;0;0;0;CALLE 38 SUR CON CARRERA 29 A;;MESA;6.164996568006885, -75.58082235972225;CHOQUE;VEHICULO;NO REPORTADO;RESIDENCIAL;Normal;Impericia en el manejo
2190220;28/01/2019;7:45:00 a. m.;Lunes;2019;Enero;MOTOCICLETA;PARTICULAR;Motociclista;21;MASCULINO;HERIDOS;0;0;0;0;CALLE 38 SUR CON CARRERA 29 A;;MESA;6.164996568006885, -75.58082235972225;CHOQUE;VEHICULO;NO REPORTADO;RESIDENCIAL;Normal;Impericia en el manejo
2190223;29/01/2019;3:45:00 p. m.;Martes;2019;Enero;MOTOCICLETA;PARTICULAR;Motociclista;27;MASCULINO;HERIDOS;0;0;0;0;CARRERA 48 CON CALLE 26 SUR 87;;LAS VEGAS;6.183164215929877, -75.58632115681817;CHOQUE;VEHICULO;NO REPORTADO;RESIDENCIAL;Normal;No mantener distancia de seguridad
2190232;30/01/2019;6:30:00 a. m.;Miércoles;2019;Enero;MOTOCICLETA;PARTICULAR;Motociclista;46;MASCULINO;HERIDOS;0;0;0;0;CARRERA 50 CON CALLE 41 SUR;;LAS VEGAS;6.172267, -75.599190;CHOQUE;VEHICULO;NO REPORTADO;RESIDENCIAL;Normal;Impericia en el manejo
2190237;29/01/2019;9:57:00 a. m.;Martes;2019;Enero;MOTOCICLETA;PARTICULAR;Acompañante;19;FEMENINO;HERIDOS;0;0;0;0;CALLE 37 SUR CON CARRERA 49-161;;LAS VEGAS;6.175103529693964, -75.59391499301351;CAIDA OCUPANTE;NO REPORTADO;NO REPORTADO;RESIDENCIAL;Normal;Impericia en el manejo
2190237;29/01/2019;9:57:00 a. m.;Martes;2019;Enero;MOTOCICLETA;PARTICULAR;Motociclista;17;MASCULINO;HERIDOS;0;0;0;0;CALLE 37 SUR CON CARRERA 49-161;;LAS VEGAS;6.175103529693964, -75.59391499301351;CAIDA OCUPANTE;NO REPORTADO;NO REPORTADO;RESIDENCIAL;Normal;Impericia en el manejo
2190248;30/01/2019;12:50:00 p. m.;Miércoles;2019;Enero;AUTOMOVIL;PUBLICO;Peaton;64;FEMENINO;HERIDOS;0;0;0;0;CALLE 39 SUR CON CARRERA 34 A 002;;MESA;6.166425711474723, -75.58387171629617;ATROPELLO;NO REPORTADO;NO REPORTADO;RESIDENCIAL;Normal;Cruzar sin observar
2190249;30/01/2019;2:35:00 p. m.;Miércoles;2019;Enero;MOTOCICLETA;PARTICULAR;Motociclista;38;MASCULINO;HERIDOS;0;0;0;0;CARRERA 50 CON CALLE 26 SUR;;LAS VEGAS;6.184920, -75.587152;CHOQUE;VEHICULO;NO REPORTADO;RESIDENCIAL;Normal;No mantener distancia de seguridad
2190256;1/02/2019;9:30:00 p. m.;Viernes;2019;Febrero;MOTOCICLETA;PARTICULAR;Motociclista;19;MASCULINO;HERIDOS;0;0;0;0;CARRERA 48 CON CALLE 43 SUR;;LAS VEGAS;6.168499595111275, -75.5973862055626;CHOQUE;VEHICULO;NO REPORTADO;RESIDENCIAL;Normal;Adelantar por la derecha
2190257;1/02/2019;7:05:00 a. m.;Viernes;2019;Febrero;MOTOCICLETA;PARTICULAR;Motociclista;25;MASCULINO;HERIDOS;0;0;0;0;CARRERA 48 CON CALLE 41 SUR;;LAS VEGAS;6.170220061034249, -75.59578144973783;CHOQUE;VEHICULO;NO REPORTADO;RESIDENCIAL;Normal;Impericia en el manejo
2190258;1/02/2019;7:30:00 a. m.;Viernes;2019;Febrero;MOTOCICLETA;PARTICULAR;Motociclista;51;FEMENINO;HERIDOS;0;0;0;0;CARRERA 40 CON CALLE 46 D SUR ;;EL TRIANON;6.160041198522751, -75.59256834595368;CHOQUE;VEHICULO;NO REPORTADO;RESIDENCIAL;Normal;Desobedecer señales
2190259;31/01/2019;8:20:00 p. m.;Jueves;2019;Enero;MOTOCICLETA;PARTICULAR;Acompañante;27;FEMENINO;HERIDOS;0;0;0;;CARRERA 50 CON CALLE 30 SUR;;LAS VEGAS;6.180427, -75.590467;CHOQUE;VEHICULO;NO REPORTADO;RESIDENCIAL;Normal;Transporte de carga sin seguridad
2190260;1/02/2019;10:10:00 p. m.;Viernes;2019;Febrero;MOTOCICLETA;PARTICULAR;Motociclista;23;MASCULINO;HERIDOS;0;0;0;0;CARRERA 50 CON CALLE 19 SUR;;LAS VEGAS;6.188167, -75.583364;CHOQUE;VEHICULO;NO REPORTADO;RESIDENCIAL;Normal;Impericia en el manejo
2190261;2/02/2019;12:40:00 a. m.;Sábado;2019;Febrero;MOTOCICLETA;PARTICULAR;Motociclista;24;MASCULINO;HERIDOS;0;0;0;0;CARRERA 48 CON CALLE 25 AA SUR;;LAS VEGAS;6.184305348926391, -75.58492402798413;CHOQUE;VEHICULO;NO REPORTADO;RESIDENCIAL;Normal;Semaforo en rojo
2190265;31/01/2019;2:50:00 p. m.;Jueves;2019;Enero;MOTOCICLETA;PARTICULAR;Motociclista;23;MASCULINO;HERIDOS;0;0;0;0;CARRERA 48 CON CALLE 43 SUR;;LAS VEGAS;6.168499595111275, -75.5973862055626;CHOQUE;VEHICULO;NO REPORTADO;RESIDENCIAL;Normal;No mantener distancia de seguridad
2190278;1/02/2019;3:45:00 p. m.;Viernes;2019;Febrero;MOTOCICLETA;PARTICULAR;Motociclista;22;FEMENINO;HERIDOS;0;0;0;0;CARRERA 42A CON DIAGONAL 29 SUR;;LAS ORQUIDEAS;6.175135248599151, -75.57707558329406;CHOQUE;VEHICULO;NO REPORTADO;RESIDENCIAL;Normal;No respetar pelacion de interseccion o giros
2190278;1/02/2019;3:45:00 p. m.;Viernes;2019;Febrero;MOTOCICLETA;PARTICULAR;Acompañante;28;FEMENINO;HERIDOS;0;0;0;0;CARRERA 42A CON DIAGONAL 29 SUR;;LAS ORQUIDEAS;6.175135248599151, -75.57707558329406;CHOQUE;VEHICULO;NO REPORTADO;RESIDENCIAL;Normal;No respetar pelacion de interseccion o giros
2190282;2/02/2019;5:00:00 a. m.;Sábado;2019;Febrero;MOTOCICLETA;PARTICULAR;Motociclista;24;MASCULINO;HERIDOS;0;0;0;0;CARRERA 43 A CON CALLE 48 C SUR ;;LOMA DEL BARRO;6.162362862780646, -75.59755518837716;CHOQUE;VEHICULO;NO REPORTADO;RESIDENCIAL;Normal;Desobedecer señales
2190283;2/02/2019;5:20:00 p. m.;Sábado;2019;Febrero;AUTOMOVIL;PARTICULAR;Peaton;50;MASCULINO;HERIDOS;0;0;0;0;CALLE 40 SUR CON CARRERA 28-31;;SAN JOSE;6.160909981794794, -75.58124147026592;ATROPELLO;NO REPORTADO;NO REPORTADO;RESIDENCIAL;Normal;Cruzar en estado de embriaguez
2190289;5/02/2019;11:50:00 a. m.;Martes;2019;Febrero;MOTOCICLETA;PARTICULAR;Motociclista;21;MASCULINO;HERIDOS;0;0;0;0;CALLE 36 SUR CON CARRERA 24;;LOMA DEL ATRAVEZADO;6.167525176339336, -75.5637572719731;CHOQUE;VEHICULO;NO REPORTADO;RESIDENCIAL;Normal;No respetar prelacion
2190289;5/02/2019;11:50:00 a. m.;Martes;2019;Febrero;MOTOCICLETA;PARTICULAR;Peaton;25;FEMENINO;HERIDOS;0;0;0;0;CALLE 36 SUR CON CARRERA 24;;LOMA DEL ATRAVEZADO;6.167525176339336, -75.5637572719731;CHOQUE;VEHICULO;NO REPORTADO;RESIDENCIAL;Normal;No respetar prelacion
2190290;2/02/2019;4:50:00 p. m.;Sábado;2019;Febrero;MOTOCICLETA;PARTICULAR;Motociclista;19;MASCULINO;HERIDOS;0;0;0;0;CALLE 36 D SUR CON CARRERA 27;;VEREDA EL ESCOBERO;6.162262648723476, -75.57027649451149;CHOQUE;VEHICULO;NO REPORTADO;RESIDENCIAL;Normal;No respetar pelacion de interseccion o giros
2190293;4/02/2019;7:00:00 a. m.;Lunes;2019;Febrero;MOTOCICLETA;PARTICULAR;Motociclista;33;MASCULINO;HERIDOS;0;0;0;0;CARRERA 41 CON CALLE 36 SUR;;ZONA CENTRO;6.170654027281935, -75.58579580547432;CHOQUE;VEHICULO;NO REPORTADO;RESIDENCIAL;Normal;Semaforo en rojo
2190297;1/02/2019;5:30:00 p. m.;Viernes;2019;Febrero;CAMIONETA;PARTICULAR;Acompañante;61;FEMENINO;HERIDOS;0;0;0;0;CARRERA 24 D CON CALLE 40 SUR;;EL SALADO;6.148300383866903, -75.57660996233184;VOLCAMIENTO;NO REPORTADO;NO REPORTADO;RESIDENCIAL;Normal;Impericia en el manejo
2190297;1/02/2019;5:30:00 p. m.;Viernes;2019;Febrero;CAMIONETA;PARTICULAR;Conductor;47;FEMENINO;HERIDOS;0;0;0;0;CARRERA 24 D CON CALLE 40 SUR;;EL SALADO;6.148300383866903, -75.57660996233184;VOLCAMIENTO;NO REPORTADO;NO REPORTADO;RESIDENCIAL;Normal;Impericia en el manejo
2190297;1/02/2019;5:30:00 p. m.;Viernes;2019;Febrero;CAMIONETA;PARTICULAR;Acompañante;17;FEMENINO;HERIDOS;0;0;0;0;CARRERA 24 D CON CALLE 40 SUR;;EL SALADO;6.148300383866903, -75.57660996233184;VOLCAMIENTO;NO REPORTADO;NO REPORTADO;RESIDENCIAL;Normal;Impericia en el manejo
2190297;1/02/2019;5:30:00 p. m.;Viernes;2019;Febrero;CAMIONETA;PARTICULAR;Acompañante;25;FEMENINO;HERIDOS;0;0;0;0;CARRERA 24 D CON CALLE 40 SUR;;EL SALADO;6.148300383866903, -75.57660996233184;VOLCAMIENTO;NO REPORTADO;NO REPORTADO;RESIDENCIAL;Normal;Impericia en el manejo
2190300;23/01/2019;3:00:00 p. m.;Miércoles;2019;Enero;BICICLETA;;Ciclista;15;MASCULINO;HERIDOS;0;0;0;0;KILOMETRO 2+700;el escobero - km 0-13);VEREDA EL ESCOBERO;6.1377796822135435, -75.55531543575925;CHOQUE;VEHICULO;NO REPORTADO;NO REPORTADO;Normal;Impericia en el manejo
2190301;4/02/2019;10:10:00 a. m.;Lunes;2019;Febrero;MOTOCICLETA;PARTICULAR;Motociclista;33;FEMENINO;HERIDOS;0;0;0;0;CARRERA 50 CON CALLE 37 SUR;;LAS VEGAS;6.175135, -75.595369;CHOQUE;VEHICULO;NO REPORTADO;RESIDENCIAL;Normal;No mantener distancia de seguridad
2190302;4/02/2019;6:30:00 p. m.;Lunes;2019;Febrero;MOTOCICLETA;PARTICULAR;Acompañante;26;FEMENINO;HERIDOS;0;0;0;0;CARRERA 50 CON CALLE 32 B SUR;;LAS VEGAS;6.178263, -75.591897;CHOQUE;VEHICULO;NO REPORTADO;RESIDENCIAL;Normal;Impericia en el manejo
2190302;4/02/2019;6:30:00 p. m.;Lunes;2019;Febrero;MOTOCICLETA;PARTICULAR;Motociclista;34;MASCULINO;HERIDOS;0;0;0;0;CARRERA 50 CON CALLE 32 B SUR;;LAS VEGAS;6.178263, -75.591897;CHOQUE;VEHICULO;NO REPORTADO;RESIDENCIAL;Normal;Impericia en el manejo
2190303;3/02/2019;2:30:00 p. m.;Domingo;2019;Febrero;MOTOCICLETA;PARTICULAR;Motociclista;19;MASCULINO;HERIDOS;0;0;0;0;KILOMETRO 7+150;retiro varia palmas enviga (km 5+43 - km 14+ 550);VEREDA PERICO;6.171540752079794, -75.49029011719227;CHOQUE;VEHICULO;NO REPORTADO;NO REPORTADO;Normal;No mantener distancia de seguridad
2190303;3/02/2019;2:30:00 p. m.;Domingo;2019;Febrero;MOTOCICLETA;PARTICULAR;Acompañante;18;FEMENINO;HERIDOS;0;0;0;0;KILOMETRO 7+150;retiro varia palmas enviga (km 5+43 - km 14+ 550);VEREDA PERICO;6.171540752079794, -75.49029011719227;CHOQUE;VEHICULO;NO REPORTADO;NO REPORTADO;Normal;No mantener distancia de seguridad
2190304;5/02/2019;6:00:00 a. m.;Martes;2019;Febrero;MOTOCICLETA;PARTICULAR;Motociclista;24;MASCULINO;HERIDOS;0;0;0;0;KILOMETRO 12+770;retiro varia palmas enviga (km 5+43 - km 14+ 550);VEREDA PALMAS;6.160089283521924, -75.52378745046433;CHOQUE;VEHICULO;NO REPORTADO;NO REPORTADO;Normal;No mantener distancia de seguridad
2190307;6/02/2019;6:00:00 p. m.;Miércoles;2019;Febrero;BICICLETA;;Ciclista;32;MASCULINO;HERIDOS;0;0;0;0;CALLE 36 D SUR CON CARRERA 25 B;;VEREDA EL ESCOBERO;6.157207667580411, -75.56738279369668;CHOQUE;VEHICULO;NO REPORTADO;RESIDENCIAL;Normal;No respetar prelacion
2190309;5/02/2019;3:00:00 p. m.;Martes;2019;Febrero;MOTOCICLETA;PARTICULAR;Peaton;11;MASCULINO;HERIDOS;0;0;0;0;CARRERA 42 CON CALLE 44 SUR;;EL DORADO;6.16465094608183, -75.59215811991326;ATROPELLO;NO REPORTADO;NO REPORTADO;RESIDENCIAL;Normal;Exceso de velocidad
2190316;6/02/2019;7:15:00 a. m.;Miércoles;2019;Febrero;MOTOCICLETA;PARTICULAR;Motociclista;56;MASCULINO;HERIDOS;0;0;0;0;CARRERA 50 CON CALLE 26 SUR;;LAS VEGAS;6.184920, -75.587152;CHOQUE;VEHICULO;NO REPORTADO;RESIDENCIAL;Normal;Obstaculos en la via
2190320;6/02/2019;12:20:00 p. m.;Miércoles;2019;Febrero;MOTOCICLETA;PARTICULAR;Motociclista;49;MASCULINO;HERIDOS;0;0;0;0;CARRERA 48 CON CALLE 25 SUR 81;;LAS VEGAS;6.185444215562467, -75.58320389920235;CHOQUE;VEHICULO;NO REPORTADO;RESIDENCIAL;Normal;No mantener distancia de seguridad
2190321;6/02/2019;3:00:00 p. m.;Miércoles;2019;Febrero;MOTOCICLETA;PARTICULAR;Motociclista;38;FEMENINO;HERIDOS;0;0;0;0;CARRERA 43A CON CALLE 41B SUR 96;;MILAN VALLEJUELOS;6.166329817618856, -75.5927668223182;CHOQUE;VEHICULO;NO REPORTADO;RESIDENCIAL;Normal;No respetar prelacion
2190333;6/02/2019;4:10:00 p. m.;Miércoles;2019;Febrero;MOTOCICLETA;PARTICULAR;Motociclista;26;FEMENINO;HERIDOS;0;0;0;0;CALLE 37 B SUR CON CARRERA 28C;;LOMA DE LAS BRUJAS;6.164530859197685, -75.57800401995195;CHOQUE;VEHICULO;NO REPORTADO;RESIDENCIAL;Normal;Poner en marcha un vehiculo sin precauci
2190335;7/02/2019;2:10:00 p. m.;Jueves;2019;Febrero;BICICLETA;;Ciclista;26;MASCULINO;HERIDOS;0;0;0;0;CALLE 46 D SUR CON CARRERA 39D;;EL TRIANON;6.159119580121661, -75.59304605045934;CHOQUE;VEHICULO;NO REPORTADO;RESIDENCIAL;Normal;Desobedecer señales
2190337;7/02/2019;6:00:00 a. m.;Jueves;2019;Febrero;MICROBUS;PUBLICO;Pasajero;39;FEMENINO;HERIDOS;0;0;0;0;CARRERA 25 CON CALLE 40 B SUR;;LA MINA;6.153905374454344, -75.57875916314582;CAIDA OCUPANTE;NO REPORTADO;NO REPORTADO;RESIDENCIAL;Normal;Impericia en el manejo
2190338;7/02/2019;7:10:00 a. m.;Jueves;2019;Febrero;AUTOMOVIL;PARTICULAR;Peaton;43;FEMENINO;HERIDOS;0;0;0;0;KILOMETRO 12+604;retiro varia palmas enviga (km 5+43 - km 14+ 550);VEREDA PALMAS;6.1602279548815675, -75.5223904912223;ATROPELLO;NO REPORTADO;NO REPORTADO;NO REPORTADO;Normal;Cruzar sin observar
2190339;6/02/2019;6:20:00 p. m.;Miércoles;2019;Febrero;MOTOCICLETA;PARTICULAR;Motociclista;41;MASCULINO;HERIDOS;0;0;0;0;CARRERA 48 CON CALLE 39 B SUR;;LAS VEGAS;6.170642660641211, -75.5948581767276;CHOQUE;VEHICULO;NO REPORTADO;RESIDENCIAL;Normal;Adelantar en zona prohibida  -  Desobedecer señales
2190343;11/02/2019;9:10:00 a. m.;Lunes;2019;Febrero;MOTOCICLETA;PARTICULAR;Acompañante;26;MASCULINO;HERIDOS;0;0;0;0;CARRERA 50 CON CALLE 37 SUR;;LAS VEGAS;6.175135, -75.595369;CHOQUE;VEHICULO;NO REPORTADO;RESIDENCIAL;Normal;Transitar entre vehiculos
2190353;10/02/2019;7:05:00 p. m.;Domingo;2019;Febrero;MOTOCICLETA;PARTICULAR;Motociclista;38;MASCULINO;HERIDOS;0;0;0;0;CARRERA 27 CON CALLE 22 SUR 51;;ZUÑIGA;6.1771905782343035, -75.56753651176744;CHOQUE;VEHICULO;NO REPORTADO;RESIDENCIAL;Normal;Desobedecer señales
2190354;12/02/2019;6:30:00 a. m.;Martes;2019;Febrero;MOTOCICLETA;PARTICULAR;Motociclista;33;MASCULINO;HERIDOS;0;0;0;0;CALLE 38 SUR CARRERA 31;;MESA;6.165758329994296, -75.58137103800902;CHOQUE;VEHICULO;NO REPORTADO;RESIDENCIAL;Normal;No respetar prelacion
2190358;13/02/2019;1:10:00 p. m.;Miércoles;2019;Febrero;MOTOCICLETA;PARTICULAR;Motociclista;58;MASCULINO;HERIDOS;0;0;0;0;CARRERA 39 CON CALLE 38 SUR 30;;MESA;6.168025431111732, -75.58541586470078;CHOQUE;VEHICULO;NO REPORTADO;RESIDENCIAL;Normal;Adelantar invadiendo carril del mismo sentido en zigzag
2190363;12/02/2019;4:50:00 p. m.;Martes;2019;Febrero;MOTOCICLETA;PARTICULAR;Acompañante;56;MASCULINO;HERIDOS;0;0;0;0;CARRERA 50 CON CALLE 39 SUR;;LAS VEGAS;6.173831, -75.597143;CHOQUE;VEHICULO;NO REPORTADO;RESIDENCIAL;Normal;Impericia en el manejo
2190367;14/02/2019;11:40:00 p. m.;Jueves;2019;Febrero;MOTOCICLETA;PARTICULAR;Motociclista;23;FEMENINO;HERIDOS;0;0;0;0;CARRERA 43 A CON CALLE 45 B SUR;;LA PAZ;6.165180230668976, -75.59490033255233;CHOQUE;VEHICULO;NO REPORTADO;RESIDENCIAL;Normal;Semaforo en rojo
2190368;14/02/2019;9:30:00 p. m.;Jueves;2019;Febrero;MOTOCICLETA;PARTICULAR;Motociclista;30;MASCULINO;HERIDOS;0;0;0;0;CARRERA 48 CON CALLE 30 SUR;;LAS VEGAS;6.179496718217783, -75.58819458527805;CHOQUE;VEHICULO;NO REPORTADO;RESIDENCIAL;Normal;Semaforo en rojo
2190368;14/02/2019;9:30:00 p. m.;Jueves;2019;Febrero;MOTOCICLETA;PARTICULAR;Motociclista;24;MASCULINO;HERIDOS;0;0;0;0;CARRERA 48 CON CALLE 30 SUR;;LAS VEGAS;6.179496718217783, -75.58819458527805;CHOQUE;VEHICULO;NO REPORTADO;RESIDENCIAL;Normal;Semaforo en rojo
2190370;14/02/2019;6:25:00 a. m.;Jueves;2019;Febrero;MOTOCICLETA;PARTICULAR;Motociclista;56;FEMENINO;HERIDOS;0;0;0;0;CALLE 46C SUR CON CARRERA 39;;EL TRIANON;6.158570781677704, -75.59145873164188;OTRO;NO REPORTADO;NO REPORTADO;RESIDENCIAL;Lluvia;Superficie humeda
2190371;13/02/2019;8:30:00 a. m.;Miércoles;2019;Febrero;MOTOCICLETA;OFICIAL;Acompañante;32;FEMENINO;HERIDOS;0;0;0;0;DIAGONAL 30 CON TRANSVERSAL 34 A SUR 20;;URIBE ANGEL;6.173100769991592, -75.57780812173536;CAIDA OCUPANTE;NO REPORTADO;NO REPORTADO;RESIDENCIAL;Normal;Impericia en el manejo