NRO_RADICADO;FECHA_ACCIDENTE;HORA_ACCIDENTE;Día de la semana;AÑO;MES;CLASE_VEHICULO;TIPO_SERVICIO;TIPO_VICTIMA;EDAD;GENERO;GRAVEDAD;ESTADO_BEODEZ;ESTADO_DROGA;RESULTADO_BEODEZ;RESUL_BEODEZ_GRAMOS;DIRECCION_CARACT_VIA;TRAMO_VIA;LOCALIDAD_O_COMUNA;    GEORREFERENCIACIÓN;DESC_CLASE_ACCIDENTE;DESC_CHOQUE_ACCIDENTE;DESC_OBJETO_FIJO;DESC_SECTOR_ACCIDENTE;CONDICION_CLIMATICA;CAUSA_ACCIDENTE
2190373;14/02/2019;5:40:00 a. m.;Jueves;2019;Febrero;MOTOCICLETA;PARTICULAR;Motociclista;30;FEMENINO;HERIDOS;0;0;0;;CARRERA 43 A CON CALLE 50 SUR 56;;LAS CASITAS;6.161631330394657, -75.60346195461764;CAIDA OCUPANTE;NO REPORTADO;NO REPORTADO;RESIDENCIAL;Normal;Falta de precaucion niebla, lluvia, humo  -  Superficie humeda
2190373;14/02/2019;5:40:00 a. m.;Jueves;2019;Febrero;MOTOCICLETA;PARTICULAR;Acompañante;33;FEMENINO;HERIDOS;0;0;0;;CARRERA 43 A CON CALLE 50 SUR 56;;LAS CASITAS;6.161631330394657, -75.60346195461764;CAIDA OCUPANTE;NO REPORTADO;NO REPORTADO;RESIDENCIAL;Normal;Falta de precaucion niebla, lluvia, humo  -  Superficie humeda
2190379;13/02/2019;7:35:00 p. m.;Miércoles;2019;Febrero;MOTOCICLETA;PARTICULAR;Motociclista;23;MASCULINO;HERIDOS;0;0;0;0;CALLE 40 F SUR CON CARRERA 34;;EL DORADO;6.162640364263653, -75.5857464189674;CHOQUE;VEHICULO;NO REPORTADO;RESIDENCIAL;Normal;No respetar pelacion de interseccion o giros
2190382;15/02/2019;8:12:00 p. m.;Viernes;2019;Febrero;BICICLETA;;Ciclista;57;MASCULINO;HERIDOS;0;0;0;0;CALLE 37 SUR CON CARRERA 43 A;;ZONA CENTRO;6.171466193651564, -75.58836792266636;CHOQUE;VEHICULO;NO REPORTADO;RESIDENCIAL;Normal;Semaforo en rojo
2190383;16/02/2019;1:00:00 p. m.;Sábado;2019;Febrero;BICICLETA;;Ciclista;13;MASCULINO;HERIDOS;0;0;0;0;CALLE 38 A SUR  CON CARRERA 34-23;;MESA;6.166211130066726, -75.58285752876145;CHOQUE;OBJETO FIJO;VEHICULO ESTACIONADO;RESIDENCIAL;Normal;Impericia en el manejo
2190384;16/02/2019;3:40:00 a. m.;Sábado;2019;Febrero;AUTOMOVIL;PARTICULAR;Conductor;20;MASCULINO;HERIDOS;0;0;0;0;CARRERA 46 A CON CALLE 29 SUR;;JARDINES;6.180564022126065, -75.58603930888604;CHOQUE;OBJETO FIJO;MURO;RESIDENCIAL;Normal;Embriaguez aparente
2190385;16/02/2019;12:20:00 a. m.;Sábado;2019;Febrero;MOTOCICLETA;PARTICULAR;Motociclista;22;MASCULINO;HERIDOS;0;0;0;0;CARRERA 43 A CON CALLE 49 SUR;;LAS CASITAS;6.16093390552665, -75.60021457223021;CHOQUE;VEHICULO;NO REPORTADO;RESIDENCIAL;Normal;Embriaguez o droga  -  Impericia en el manejo
2190389;15/02/2019;8:25:00 a. m.;Viernes;2019;Febrero;MOTOCICLETA;PARTICULAR;Motociclista;22;MASCULINO;HERIDOS;0;0;0;0;CARRERA 43 A CON CALLE 36 SUR 04;;ZONA CENTRO;6.1716880276701005, -75.5877814132593;ATROPELLO;NO REPORTADO;NO REPORTADO;RESIDENCIAL;Normal;Cruzar sin observar  -  Embriaguez aparente
2190389;15/02/2019;8:25:00 a. m.;Viernes;2019;Febrero;MOTOCICLETA;PARTICULAR;Peaton;52;FEMENINO;HERIDOS;0;0;0;0;CARRERA 43 A CON CALLE 36 SUR 04;;ZONA CENTRO;6.1716880276701005, -75.5877814132593;ATROPELLO;NO REPORTADO;NO REPORTADO;RESIDENCIAL;Normal;Cruzar sin observar  -  Embriaguez aparente
2190390;17/02/2019;4:32:00 p. m.;Domingo;2019;Febrero;MOTOCICLETA;PARTICULAR;Motociclista;29;MASCULINO;HERIDOS;0;0;0;0;KILOMETRO 3+900;el escobero - km 0-13);VEREDA EL ESCOBERO;6.129991316973004, -75.55123640384956;CAIDA OCUPANTE;NO REPORTADO;NO REPORTADO;NO REPORTADO;Normal;Impericia en el manejo
2190390;17/02/2019;4:32:00 p. m.;Domingo;2019;Febrero;MOTOCICLETA;PARTICULAR;Acompañante;38;MASCULINO;HERIDOS;0;0;0;0;KILOMETRO 3+900;el escobero - km 0-13);VEREDA EL ESCOBERO;6.129991316973004, -75.55123640384956;CAIDA OCUPANTE;NO REPORTADO;NO REPORTADO;NO REPORTADO;Normal;Impericia en el manejo
2190394;16/02/2019;8:40:00 a. m.;Sábado;2019;Febrero;MOTOCICLETA;PARTICULAR;Motociclista;20;MASCULINO;HERIDOS;0;0;0;0;CARRERA 50 CON CALLE 46 A SUR ;;LAS VEGAS;6.168548, -75.602176;CHOQUE;VEHICULO;NO REPORTADO;RESIDENCIAL;Normal;No mantener distancia de seguridad
2190395;18/02/2019;4:45:00 p. m.;Lunes;2019;Febrero;MOTOCICLETA;PARTICULAR;Acompañante;25;FEMENINO;HERIDOS;0;0;0;;CARRERA 50 CON CALLE 19 SUR-28;;LAS VEGAS;6.188167, -75.583364;CAIDA OCUPANTE;NO REPORTADO;NO REPORTADO;RESIDENCIAL;Normal;Impericia en el manejo
2190398;15/02/2019;9:15:00 a. m.;Viernes;2019;Febrero;MOTOCICLETA;PARTICULAR;Motociclista;38;FEMENINO;HERIDOS;0;0;0;;CALLE 37 SUR CON CARRERA 49;;LAS VEGAS;6.1746556253297795, -75.59367884780293;CHOQUE;VEHICULO;NO REPORTADO;RESIDENCIAL;Normal;Transitar distante de la acera u orilla 
2190399;18/02/2019;6:50:00 a. m.;Lunes;2019;Febrero;MOTOCICLETA;PARTICULAR;Peaton;31;FEMENINO;HERIDOS;0;0;0;0;CARRERA 48 CON CALLE 50 SUR;;LAS VEGAS;6.162072458716961, -75.60353659646475;ATROPELLO;NO REPORTADO;NO REPORTADO;RESIDENCIAL;Normal;Impericia en el manejo
2190407;15/02/2019;8:00:00 a. m.;Viernes;2019;Febrero;BICICLETA;;Ciclista;39;MASCULINO;HERIDOS;0;0;0;0;KILOMETRO 16+400;medell??n palmas envigado (km 12 - km 16+700);VEREDA PALMAS;6.154369525620677, -75.53532281510734;CHOQUE;VEHICULO;NO REPORTADO;NO REPORTADO;Normal;Girar bruscamente
2190408;18/02/2019;5:30:00 p. m.;Lunes;2019;Febrero;MOTOCICLETA;PARTICULAR;Motociclista;42;MASCULINO;HERIDOS;0;0;0;0;CARRERA 43 A CON CALLE 23 SUR 79;;BOSQUES DE ZUÑIGA;6.182380399093005, -75.5804791216681;CHOQUE;VEHICULO;NO REPORTADO;RESIDENCIAL;Lluvia;No mantener distancia de seguridad
2190408;18/02/2019;5:30:00 p. m.;Lunes;2019;Febrero;MOTOCICLETA;PARTICULAR;Acompañante;37;FEMENINO;HERIDOS;0;0;0;0;CARRERA 43 A CON CALLE 23 SUR 79;;BOSQUES DE ZUÑIGA;6.182380399093005, -75.5804791216681;CHOQUE;VEHICULO;NO REPORTADO;RESIDENCIAL;Lluvia;No mantener distancia de seguridad
2190409;18/02/2019;6:30:00 a. m.;Lunes;2019;Febrero;MOTOCICLETA;PARTICULAR;Motociclista;38;MASCULINO;HERIDOS;0;0;0;0;CALLE 46 A SUR CON CARRERA 49;;LAS VEGAS;6.167959108489617, -75.60073188560803;CHOQUE;VEHICULO;NO REPORTADO;RESIDENCIAL;Normal;No mantener distancia de seguridad
2190409;18/02/2019;6:30:00 a. m.;Lunes;2019;Febrero;MOTOCICLETA;PARTICULAR;Motociclista;23;FEMENINO;HERIDOS;0;0;0;0;CALLE 46 A SUR CON CARRERA 49;;LAS VEGAS;6.167959108489617, -75.60073188560803;CHOQUE;VEHICULO;NO REPORTADO;RESIDENCIAL;Normal;No mantener distancia de seguridad
2190411;18/02/2019;5:00:00 p. m.;Lunes;2019;Febrero;MOTOCICLETA;PARTICULAR;Motociclista;22;MASCULINO;HERIDOS;0;0;0;0;CARRERA 48 CON CALLE 46 SUR;;LAS VEGAS;6.16644712875881, -75.5993127767276;CHOQUE;VEHICULO;NO REPORTADO;RESIDENCIAL;Normal;No respetar pelacion de interseccion o giros
2190413;18/02/2019;11:55:00 a. m.;Lunes;2019;Febrero;MOTOCICLETA;PARTICULAR;Motociclista;24;MASCULINO;HERIDOS;0;0;0;0;TRANSVERSAL 32C SUR CON DIAGONAL 33;;LA MAGNOLIA;6.174617158551157, -75.58454927672749;CHOQUE;VEHICULO;NO REPORTADO;RESIDENCIAL;Normal;Desobedecer señales
2190431;20/02/2019;5:00:00 p. m.;Miércoles;2019;Febrero;MOTOCICLETA;PARTICULAR;Motociclista;50;MASCULINO;HERIDOS;0;0;0;0;CALLE 36D SUR CON CARRERA 27;;LA PRADERA;6.158534737658366, -75.57159508458332;CHOQUE;VEHICULO;NO REPORTADO;RESIDENCIAL;Lluvia;Desobedecer señales  -  Superficie humeda
2190432;20/02/2019;10:30:00 p. m.;Miércoles;2019;Febrero;MOTOCICLETA;PARTICULAR;Motociclista;39;MASCULINO;HERIDOS;0;0;0;0;CARRERA 50 CON CALLE 19 SUR;;LAS VEGAS;6.188167, -75.583364;CHOQUE;VEHICULO;NO REPORTADO;RESIDENCIAL;Normal;Impericia en el manejo
2190433;18/02/2019;5:00:00 p. m.;Lunes;2019;Febrero;BUS;PUBLICO;Pasajero;55;FEMENINO;HERIDOS;0;0;0;0;CALLE 40 SUR CON CARRERA 32;;SAN JOSE;6.163547334300193, -75.5831287004673;CAIDA OCUPANTE;NO REPORTADO;NO REPORTADO;RESIDENCIAL;Normal;Descender o subir del vehiculo en marcha
2190434;18/02/2019;5:15:00 p. m.;Lunes;2019;Febrero;BUS;PUBLICO;Peaton;58;FEMENINO;HERIDOS;0;0;0;0;CALLE 37 SUR CON CARRERA 43 A 26;;ZONA CENTRO;6.171423434670837, -75.58859333904613;ATROPELLO;NO REPORTADO;NO REPORTADO;RESIDENCIAL;Lluvia;Girar bruscamente
2190435;18/02/2019;3:00:00 p. m.;Lunes;2019;Febrero;MOTOCICLETA;PARTICULAR;Peaton;11;FEMENINO;HERIDOS;0;0;0;0;CALLE 40 C SUR CON CARRERA 29;;LA MINA;6.161586720890298, -75.58252132423432;ATROPELLO;NO REPORTADO;NO REPORTADO;RESIDENCIAL;Normal;Cruzar sin observar
2190436;20/02/2019;1:20:00 p. m.;Miércoles;2019;Febrero;MOTOCICLETA;PARTICULAR;Motociclista;34;MASCULINO;HERIDOS;0;0;0;0;CARRERA 48 CON CALLE 38 A SUR;;LAS VEGAS;6.173787521269844, -75.59227430635417;CAIDA OCUPANTE;NO REPORTADO;NO REPORTADO;RESIDENCIAL;Normal;Superficie lisa
2190438;20/02/2019;5:30:00 p. m.;Miércoles;2019;Febrero;MOTOCICLETA;PARTICULAR;Motociclista;25;FEMENINO;HERIDOS;0;0;0;0;CARRERA 48 CON CALLE 30 SUR;;LAS VEGAS;6.179496718217783, -75.58819458527805;CHOQUE;VEHICULO;NO REPORTADO;RESIDENCIAL;Normal;No mantener distancia de seguridad
2190444;19/02/2019;6:05:00 p. m.;Martes;2019;Febrero;MOTOCICLETA;PARTICULAR;Acompañante;38;FEMENINO;HERIDOS;0;0;0;0;CARRERA 48 CON CALLE 30 SUR;;LAS VEGAS;6.179496718217783, -75.58819458527805;CHOQUE;VEHICULO;NO REPORTADO;RESIDENCIAL;Normal;Desobedecer señales
2190451;20/02/2019;5:10:00 p. m.;Miércoles;2019;Febrero;MOTOCICLETA;PARTICULAR;Motociclista;47;MASCULINO;HERIDOS;0;0;0;0;CARRERA 48 CON CALLE 26 SUR;;LAS VEGAS;6.183410349274593, -75.58533829909211;CHOQUE;VEHICULO;NO REPORTADO;RESIDENCIAL;Normal;Adelantar invadiendo carril del mismo sentido en zigzag
2190452;20/02/2019;11:45:00 a. m.;Miércoles;2019;Febrero;MOTOCICLETA;PARTICULAR;Acompañante;61;FEMENINO;HERIDOS;0;0;0;0;CARRERA 43 A CON CALLE 45 B SUR;;LA PAZ;6.165180230668976, -75.59490033255233;CHOQUE;VEHICULO;NO REPORTADO;RESIDENCIAL;Normal;Desobedecer señales
2190452;20/02/2019;11:45:00 a. m.;Miércoles;2019;Febrero;MOTOCICLETA;PARTICULAR;Motociclista;34;MASCULINO;HERIDOS;0;0;0;0;CARRERA 43 A CON CALLE 45 B SUR;;LA PAZ;6.165180230668976, -75.59490033255233;CHOQUE;VEHICULO;NO REPORTADO;RESIDENCIAL;Normal;Desobedecer señales
2190453;21/02/2019;12:00:00 p. m.;Jueves;2019;Febrero;MOTOCICLETA;PARTICULAR;Motociclista;25;MASCULINO;HERIDOS;0;0;0;0;CARRERA 27 CON CALLE 23 SUR 68;;ZUÑIGA;6.176823571586698, -75.56744128986574;CHOQUE;VEHICULO;NO REPORTADO;RESIDENCIAL;Normal;No mantener distancia de seguridad
2190454;21/02/2019;9:30:00 p. m.;Jueves;2019;Febrero;MOTOCICLETA;PARTICULAR;Acompañante;23;FEMENINO;HERIDOS;0;0;0;0;CARRERA 43 A CON CALLE 45 B SUR ;;PRIMAVERA;6.164948013196168, -75.5949883291686;ATROPELLO;NO REPORTADO;NO REPORTADO;RESIDENCIAL;Normal;Exceso de velocidad  -  Pasar semaforo en rojo
2190454;21/02/2019;9:30:00 p. m.;Jueves;2019;Febrero;MOTOCICLETA;PARTICULAR;Motociclista;30;MASCULINO;HERIDOS;0;0;0;0;CARRERA 43 A CON CALLE 45 B SUR ;;PRIMAVERA;6.164948013196168, -75.5949883291686;ATROPELLO;NO REPORTADO;NO REPORTADO;RESIDENCIAL;Normal;Exceso de velocidad  -  Pasar semaforo en rojo
2190454;21/02/2019;9:30:00 p. m.;Jueves;2019;Febrero;MOTOCICLETA;PARTICULAR;Peaton;54;FEMENINO;HERIDOS;0;0;0;0;CARRERA 43 A CON CALLE 45 B SUR ;;PRIMAVERA;6.164948013196168, -75.5949883291686;ATROPELLO;NO REPORTADO;NO REPORTADO;RESIDENCIAL;Normal;Exceso de velocidad  -  Pasar semaforo en rojo
2190456;22/02/2019;7:40:00 a. m.;Viernes;2019;Febrero;MOTOCICLETA;PARTICULAR;Peaton;85;MASCULINO;MUERTOS;0;0;0;0;CALLE 37 SUR  CON CARRERA 49;;LAS VEGAS;6.174387, -75.593696;ATROPELLO;NO REPORTADO;NO REPORTADO;RESIDENCIAL;Normal;Cruzar sin observar
2190456;22/02/2019;7:40:00 a. m.;Viernes;2019;Febrero;MOTOCICLETA;PARTICULAR;Motociclista;21;MASCULINO;HERIDOS;0;0;0;0;CALLE 37 SUR  CON CARRERA 49;;LAS VEGAS;6.174387, -75.593696;ATROPELLO;NO REPORTADO;NO REPORTADO;RESIDENCIAL;Normal;Cruzar sin observar
2190458;23/02/2019;11:30:00 p. m.;Sábado;2019;Febrero;AUTOMOVIL;PARTICULAR;Acompañante;18;FEMENINO;HERIDOS;0;0;0;0;CALLE 36D SUR CON CARRERA 27G;;LA PRADERA;6.167310205151703, -75.57767312212451;CHOQUE;OBJETO FIJO;POSTE;RESIDENCIAL;Normal;Impericia en el manejo
2190458;23/02/2019;11:30:00 p. m.;Sábado;2019;Febrero;AUTOMOVIL;PARTICULAR;Acompañante;21;MASCULINO;HERIDOS;0;0;0;0;CALLE 36D SUR CON CARRERA 27G;;LA PRADERA;6.167310205151703, -75.57767312212451;CHOQUE;OBJETO FIJO;POSTE;RESIDENCIAL;Normal;Impericia en el manejo
2190458;23/02/2019;11:30:00 p. m.;Sábado;2019;Febrero;AUTOMOVIL;PARTICULAR;Acompañante;18;MASCULINO;HERIDOS;0;0;0;0;CALLE 36D SUR CON CARRERA 27G;;LA PRADERA;6.167310205151703, -75.57767312212451;CHOQUE;OBJETO FIJO;POSTE;RESIDENCIAL;Normal;Impericia en el manejo
2190458;23/02/2019;11:30:00 p. m.;Sábado;2019;Febrero;AUTOMOVIL;PARTICULAR;Acompañante;17;MASCULINO;HERIDOS;0;0;0;0;CALLE 36D SUR CON CARRERA 27G;;LA PRADERA;6.167310205151703, -75.57767312212451;CHOQUE;OBJETO FIJO;POSTE;RESIDENCIAL;Normal;Impericia en el manejo
2190459;23/02/2019;7:15:00 p. m.;Sábado;2019;Febrero;AUTOMOVIL;PUBLICO;Conductor;34;MASCULINO;HERIDOS;0;0;0;0;CARRERA 43 A CON CALLE 49 SUR 39;;LAS CASITAS;6.159678726559585, -75.60246843386577;VOLCAMIENTO;NO REPORTADO;NO REPORTADO;RESIDENCIAL;Lluvia;Obstaculos en la via
2190459;23/02/2019;7:15:00 p. m.;Sábado;2019;Febrero;AUTOMOVIL;PUBLICO;Pasajero;32;MASCULINO;HERIDOS;0;0;0;0;CARRERA 43 A CON CALLE 49 SUR 39;;LAS CASITAS;6.159678726559585, -75.60246843386577;VOLCAMIENTO;NO REPORTADO;NO REPORTADO;RESIDENCIAL;Lluvia;Obstaculos en la via
2190460;23/02/2019;8:00:00 p. m.;Sábado;2019;Febrero;AUTOMOVIL;PARTICULAR;Acompañante;58;FEMENINO;HERIDOS;0;0;0;0;CARRERA 29 A CON CALLE 37 SUR 83;;LA PRADERA;6.1657963518216645, -75.58011222332631;CHOQUE;VEHICULO;NO REPORTADO;RESIDENCIAL;Lluvia;No mantener distancia de seguridad
2190463;24/02/2019;7:20:00 p. m.;Domingo;2019;Febrero;AUTOMOVIL;PARTICULAR;Peaton;23;MASCULINO;HERIDOS;0;0;0;0;CARRERA 27G CON CALLE 36D SUR;;LOMA DE LAS BRUJAS;6.16622042551757, -75.57685609994326;ATROPELLO;NO REPORTADO;NO REPORTADO;RESIDENCIAL;Normal;Impericia en el manejo
2190465;22/02/2019;7:10:00 p. m.;Viernes;2019;Febrero;BUS;PUBLICO;Pasajero;35;FEMENINO;HERIDOS;0;0;0;0;CALLE 45 A SUR CON CARRERA 39G 190;;EL TRIANON;6.1623450361787295, -75.59197019992594;CAIDA OCUPANTE;NO REPORTADO;NO REPORTADO;RESIDENCIAL;Normal;Arrancar sin precaucion
2190466;22/02/2019;7:20:00 a. m.;Viernes;2019;Febrero;MOTOCICLETA;PARTICULAR;Motociclista;27;MASCULINO;HERIDOS;0;0;0;0;CALLE 38 A SUR CON CARRERA 34;;MESA;6.166136462713684, -75.58312574965251;CHOQUE;VEHICULO;NO REPORTADO;RESIDENCIAL;Normal;Desobedecer señales
2190480;25/02/2019;8:13:00 a. m.;Lunes;2019;Febrero;BUS;PUBLICO;Peaton;58;MASCULINO;HERIDOS;0;0;0;0;CARRERA 41 CON CALLE 37 SUR;;ZONA CENTRO;6.169816621259844, -75.58622632908066;ATROPELLO;NO REPORTADO;NO REPORTADO;RESIDENCIAL;Normal;Cruzar en estado de embriaguez
2190481;22/02/2019;7:30:00 a. m.;Viernes;2019;Febrero;MOTOCICLETA;PARTICULAR;Motociclista;55;MASCULINO;HERIDOS;0;0;0;0;KILOMETRO 1+900;el escobero - km 0-13);VEREDA EL ESCOBERO;6.140381458902991, -75.5588817293572;CHOQUE;VEHICULO;NO REPORTADO;NO REPORTADO;Normal;Adelantar en curva
2190495;25/02/2019;7:05:00 p. m.;Lunes;2019;Febrero;MOTOCICLETA;PARTICULAR;Peaton;54;FEMENINO;HERIDOS;0;0;0;;CALLE 37 SUR CON CARRERA 40 A 09;;ZONA CENTRO;6.1693609213580425, -75.58557905798372;ATROPELLO;NO REPORTADO;NO REPORTADO;RESIDENCIAL;Normal;Transitar por la calzada
2190498;26/02/2019;3:35:00 p. m.;Martes;2019;Febrero;BICICLETA;;Acompañante;14;MASCULINO;HERIDOS;0;0;0;0;CALLE 47 SUR  CON CARRERA 40-16;;EL TRIANON;6.159317301001177, -75.59392930362492;CHOQUE;VEHICULO;NO REPORTADO;RESIDENCIAL;Normal;Poner en marcha un vehiculo sin precauci
2190498;26/02/2019;3:35:00 p. m.;Martes;2019;Febrero;BICICLETA;;Ciclista;17;MASCULINO;HERIDOS;0;0;0;0;CALLE 47 SUR  CON CARRERA 40-16;;EL TRIANON;6.159317301001177, -75.59392930362492;CHOQUE;VEHICULO;NO REPORTADO;RESIDENCIAL;Normal;Poner en marcha un vehiculo sin precauci
2190500;27/02/2019;8:30:00 a. m.;Miércoles;2019;Febrero;AUTOMOVIL;PARTICULAR;Peaton;50;MASCULINO;HERIDOS;0;0;0;0;CALLE 25 SUR CON CARRERA 43 A;;BOSQUES DE ZUÑIGA;6.181737517076839, -75.5812432415508;ATROPELLO;NO REPORTADO;NO REPORTADO;RESIDENCIAL;Normal;Salir por delante de un vehiculo
2190501;27/02/2019;12:08:00 p. m.;Miércoles;2019;Febrero;MOTOCICLETA;PARTICULAR;Motociclista;30;MASCULINO;HERIDOS;0;0;0;0;CARRERA 48 CON CALLE 27 A SUR;;LAS VEGAS;6.1815649835146855, -75.58686404136672;CHOQUE;VEHICULO;NO REPORTADO;RESIDENCIAL;Normal;Impericia en el manejo
2190502;26/02/2019;7:15:00 a. m.;Martes;2019;Febrero;MOTOCICLETA;PARTICULAR;Motociclista;26;MASCULINO;HERIDOS;0;0;0;0;CALLE 36 D SUR CON CARRERA 27 C 40;;LA PRADERA;6.16423268949847, -75.57372750321336;CHOQUE;VEHICULO;NO REPORTADO;RESIDENCIAL;Normal;Impericia en el manejo  -  Transitar distante de la acera u orilla 
2190503;26/02/2019;3:20:00 p. m.;Martes;2019;Febrero;AUTOMOVIL;PARTICULAR;Conductor;16;MASCULINO;HERIDOS;0;0;0;0;KILOMETRO 13+300;retiro varia palmas enviga (km 5+43 - km 14+ 550);VEREDA PALMAS;6.159421531186217, -75.5286586161267;CHOQUE;VEHICULO;NO REPORTADO;NO REPORTADO;Lluvia;Adelantar invadiendo carril de sentido contrario
2190503;26/02/2019;3:20:00 p. m.;Martes;2019;Febrero;AUTOMOVIL;PUBLICO;Conductor;47;MASCULINO;HERIDOS;0;0;0;0;KILOMETRO 13+300;retiro varia palmas enviga (km 5+43 - km 14+ 550);VEREDA PALMAS;6.159421531186217, -75.5286586161267;CHOQUE;VEHICULO;NO REPORTADO;NO REPORTADO;Lluvia;Adelantar invadiendo carril de sentido contrario
2190503;26/02/2019;3:20:00 p. m.;Martes;2019;Febrero;AUTOMOVIL;PUBLICO;Acompañante;53;MASCULINO;HERIDOS;0;0;0;0;KILOMETRO 13+300;retiro varia palmas enviga (km 5+43 - km 14+ 550);VEREDA PALMAS;6.159421531186217, -75.5286586161267;CHOQUE;VEHICULO;NO REPORTADO;NO REPORTADO;Lluvia;Adelantar invadiendo carril de sentido contrario
2190506;28/02/2019;8:00:00 a. m.;Jueves;2019;Febrero;MOTOCICLETA;PARTICULAR;Peaton;37;FEMENINO;HERIDOS;0;0;0;0;CARRERA 48 CON CALLE 25 A SUR;;LAS VEGAS;6.185095919537803, -75.58356974236762;ATROPELLO;NO REPORTADO;NO REPORTADO;RESIDENCIAL;Normal;Pasar semaforo en rojo
2190508;28/02/2019;6:10:00 a. m.;Jueves;2019;Febrero;MOTOCICLETA;PARTICULAR;Acompañante;22;FEMENINO;HERIDOS;0;0;0;0;CARRERA 29 A CON CALLE 38 SUR 45;;MESA;6.164280745230323, -75.58091485395809;CHOQUE;VEHICULO;NO REPORTADO;RESIDENCIAL;Normal;Desobedecer señales
2190519;27/02/2019;3:40:00 p. m.;Miércoles;2019;Febrero;MOTOCICLETA;PARTICULAR;Motociclista;36;MASCULINO;HERIDOS;0;0;0;0;TRANSVERSAL 34 D SUR CON DIAGONAL 32;;LOS NARANJOS;6.171915993457692, -75.58108637672744;CHOQUE;VEHICULO;NO REPORTADO;RESIDENCIAL;Normal;No respetar pelacion de interseccion o giros
2190519;27/02/2019;3:40:00 p. m.;Miércoles;2019;Febrero;MOTOCICLETA;PARTICULAR;Acompañante;30;FEMENINO;HERIDOS;0;0;0;0;TRANSVERSAL 34 D SUR CON DIAGONAL 32;;LOS NARANJOS;6.171915993457692, -75.58108637672744;CHOQUE;VEHICULO;NO REPORTADO;RESIDENCIAL;Normal;No respetar pelacion de interseccion o giros
2190523;1/03/2019;6:45:00 a. m.;Viernes;2019;Marzo;AUTOMOVIL;PARTICULAR;Peaton;47;MASCULINO;HERIDOS;0;0;0;0;KILOMETRO 17+00;medell??n palmas envigado (km 12 - km 16+700);VEREDA PALMAS;6.153591570245191, -75.53282044519636;ATROPELLO;NO REPORTADO;NO REPORTADO;NO REPORTADO;Normal;Embriaguez aparente
2190524;28/02/2019;8:10:00 p. m.;Jueves;2019;Febrero;MOTOCICLETA;PARTICULAR;Motociclista;41;FEMENINO;HERIDOS;0;0;0;0;CARRERA 43 CON CALLE 45 B SUR;;LA PAZ;6.1646465633743075, -75.59466726138743;CHOQUE;VEHICULO;NO REPORTADO;RESIDENCIAL;Normal;Adelantar por la derecha
2190525;2/03/2019;10:30:00 a. m.;Sábado;2019;Marzo;MOTOCICLETA;PARTICULAR;Motociclista;34;FEMENINO;HERIDOS;0;0;0;0;CARRERA 36 CON CALLE 40 AA SUR;;EL DORADO;6.164536963830986, -75.58532953431005;CHOQUE;VEHICULO;NO REPORTADO;RESIDENCIAL;Normal;Adelantar invadiendo carril del mismo sentido en zigzag  -  Adelantar por la derecha
2190526;1/03/2019;9:50:00 p. m.;Viernes;2019;Marzo;MOTOCICLETA;PARTICULAR;Motociclista;31;MASCULINO;HERIDOS;0;0;0;0;CARRERA 49 CON CALLE 32 B SUR;;LAS VEGAS;6.178136, -75.591907;OTRO;NO REPORTADO;NO REPORTADO;RESIDENCIAL;Normal;Huecos
2190527;1/03/2019;8:30:00 p. m.;Viernes;2019;Marzo;MOTOCICLETA;PARTICULAR;Motociclista;24;MASCULINO;HERIDOS;0;0;0;0;CARRERA 48 CON CALLE 30 SUR;;LAS VEGAS;6.179496718217783, -75.58819458527805;CHOQUE;VEHICULO;NO REPORTADO;RESIDENCIAL;Normal;Semaforo en rojo
2190536;3/03/2019;12:25:00 a. m.;Domingo;2019;Marzo;MOTOCICLETA;PARTICULAR;Peaton;39;FEMENINO;HERIDOS;0;0;0;0;CARRERA 43 A CON CALLE 38 A SUR;;ZONA CENTRO;6.1699976223649475, -75.58928937264106;ATROPELLO;NO REPORTADO;NO REPORTADO;RESIDENCIAL;Normal;Cruzar en estado de embriaguez  -  Pasar semaforo en rojo
2190537;4/03/2019;8:00:00 p. m.;Lunes;2019;Marzo;MOTOCICLETA;PARTICULAR;Peaton;5;MASCULINO;HERIDOS;0;0;0;;CARRERA 24 F CON CALLE 40 SUR 53;;EL SALADO;6.150126693214335, -75.57937171542251;ATROPELLO;NO REPORTADO;NO REPORTADO;RESIDENCIAL;Normal;Impericia en el manejo
2190537;4/03/2019;8:00:00 p. m.;Lunes;2019;Marzo;MOTOCICLETA;PARTICULAR;Motociclista;19;MASCULINO;HERIDOS;0;0;0;;CARRERA 24 F CON CALLE 40 SUR 53;;EL SALADO;6.150126693214335, -75.57937171542251;ATROPELLO;NO REPORTADO;NO REPORTADO;RESIDENCIAL;Normal;Impericia en el manejo
2190544;1/03/2019;4:35:00 a. m.;Viernes;2019;Marzo;CAMPERO;PARTICULAR;Conductor;26;MASCULINO;HERIDOS;0;0;0;0;CARRERA 50 CON CALLE 27 SUR;;LAS VEGAS;6.183503, -75.588505;ATROPELLO;NO REPORTADO;NO REPORTADO;RESIDENCIAL;Normal;Embriaguez o droga
2190544;1/03/2019;4:35:00 a. m.;Viernes;2019;Marzo;CAMPERO;PARTICULAR;Peaton;28;MASCULINO;HERIDOS;0;0;0;0;CARRERA 50 CON CALLE 27 SUR;;LAS VEGAS;6.183503, -75.588505;ATROPELLO;NO REPORTADO;NO REPORTADO;RESIDENCIAL;Normal;Embriaguez o droga