NRO_RADICADO;FECHA_ACCIDENTE;HORA_ACCIDENTE;Día de la semana;AÑO;MES;CLASE_VEHICULO;TIPO_SERVICIO;TIPO_VICTIMA;EDAD;GENERO;GRAVEDAD;ESTADO_BEODEZ;ESTADO_DROGA;RESULTADO_BEODEZ;RESUL_BEODEZ_GRAMOS;DIRECCION_CARACT_VIA;TRAMO_VIA;LOCALIDAD_O_COMUNA;    GEORREFERENCIACIÓN;DESC_CLASE_ACCIDENTE;DESC_CHOQUE_ACCIDENTE;DESC_OBJETO_FIJO;DESC_SECTOR_ACCIDENTE;CONDICION_CLIMATICA;CAUSA_ACCIDENTE
2190544;1/03/2019;4:35:00 a. m.;Viernes;2019;Marzo;CAMPERO;PARTICULAR;Acompañante;24;MASCULINO;HERIDOS;0;0;0;0;CARRERA 50 CON CALLE 27 SUR;;LAS VEGAS;6.183503, -75.588505;ATROPELLO;NO REPORTADO;NO REPORTADO;RESIDENCIAL;Normal;Embriaguez o droga
2190590;5/03/2019;12:10:00 p. m.;Martes;2019;Marzo;MOTOCICLETA;PARTICULAR;Motociclista;28;FEMENINO;HERIDOS;0;0;0;0;DIAGONAL 33 CON TRANSVERSAL 35 A SUR;;LOS NARANJOS;6.169550094194862, -75.58208159022243;CHOQUE;VEHICULO;NO REPORTADO;RESIDENCIAL;Normal;No respetar prelacion
2190591;5/03/2019;9:13:00 p. m.;Martes;2019;Marzo;MOTOCICLETA;PARTICULAR;Motociclista;24;FEMENINO;HERIDOS;0;0;0;0;CALLE 40DD SUR CON CARRERA 41A 38;;EL DORADO;6.166114662723351, -75.58949493246054;CHOQUE;VEHICULO;NO REPORTADO;RESIDENCIAL;Normal;No mantener distancia de seguridad
2190599;7/03/2019;6:00:00 a. m.;Jueves;2019;Marzo;MOTOCICLETA;PARTICULAR;Motociclista;41;MASCULINO;HERIDOS;0;0;0;0;KILOMETRO 2+900;el escobero - km 0-13);VEREDA EL ESCOBERO;6.137264497773287, -75.55449313040924;CAIDA OCUPANTE;NO REPORTADO;NO REPORTADO;NO REPORTADO;Normal;Fallas en las llantas
2190599;7/03/2019;6:00:00 a. m.;Jueves;2019;Marzo;MOTOCICLETA;PARTICULAR;Acompañante;42;MASCULINO;HERIDOS;0;0;0;0;KILOMETRO 2+900;el escobero - km 0-13);VEREDA EL ESCOBERO;6.137264497773287, -75.55449313040924;CAIDA OCUPANTE;NO REPORTADO;NO REPORTADO;NO REPORTADO;Normal;Fallas en las llantas
2190606;9/03/2019;4:35:00 p. m.;Sábado;2019;Marzo;MOTOCICLETA;PARTICULAR;Motociclista;31;MASCULINO;HERIDOS;0;0;0;0;CARRERA 50 CON CALLE 19 SUR 80;;LAS VEGAS;6.188167, -75.583364;CHOQUE;OBJETO FIJO;VEHICULO ESTACIONADO;RESIDENCIAL;Normal;Impericia en el manejo
2190610;7/03/2019;4:20:00 p. m.;Jueves;2019;Marzo;MOTOCICLETA;PARTICULAR;Peaton;65;MASCULINO;HERIDOS;0;0;0;0;KILOMETRO 12+920;medell??n palmas envigado (km 12 - km 16+700);VEREDA PALMAS;6.166273085465392, -75.5450706693779;ATROPELLO;NO REPORTADO;NO REPORTADO;NO REPORTADO;Normal;Cruzar sin observar  -  Exceso de velocidad
2190612;8/03/2019;10:00:00 a. m.;Viernes;2019;Marzo;MOTOCICLETA;PARTICULAR;Motociclista;50;FEMENINO;HERIDOS;0;0;0;0;CARRERA 48 CON CALLE 39 A SUR 08;;LAS VEGAS;6.171262721040812, -75.59420821313847;OTRO;NO REPORTADO;NO REPORTADO;RESIDENCIAL;Normal;Impericia en el manejo
2190615;8/03/2019;12:50:00 p. m.;Viernes;2019;Marzo;MOTOCICLETA;PARTICULAR;Motociclista;19;FEMENINO;HERIDOS;0;0;0;0;CARRERA 48 CON CALLE 25 SUR;;LAS VEGAS;6.185476183699448, -75.58319317022531;CHOQUE;VEHICULO;NO REPORTADO;RESIDENCIAL;Normal;No mantener distancia de seguridad
2190615;8/03/2019;12:50:00 p. m.;Viernes;2019;Marzo;MOTOCICLETA;PARTICULAR;Acompañante;19;FEMENINO;HERIDOS;0;0;0;0;CARRERA 48 CON CALLE 25 SUR;;LAS VEGAS;6.185476183699448, -75.58319317022531;CHOQUE;VEHICULO;NO REPORTADO;RESIDENCIAL;Normal;No mantener distancia de seguridad
2190619;8/03/2019;11:30:00 a. m.;Viernes;2019;Marzo;MOTOCICLETA;PARTICULAR;Motociclista;61;MASCULINO;HERIDOS;0;0;0;0;CARRERA 27 B CON CALLE 36 SUR;;LA INMACULADA;6.1674512680306695, -75.57265036191781;CHOQUE;VEHICULO;NO REPORTADO;RESIDENCIAL;Normal;No respetar prelacion
2190624;9/03/2019;7:40:00 a. m.;Sábado;2019;Marzo;MOTOCICLETA;PARTICULAR;Motociclista;45;MASCULINO;HERIDOS;0;0;0;0;KILOMETRO 12+120;retiro varia palmas enviga (km 5+43 - km 14+ 550);VEREDA PALMAS;6.158904221220679, -75.51857262777662;CHOQUE;VEHICULO;NO REPORTADO;NO REPORTADO;Normal;No respetar pelacion de interseccion o giros
2190625;10/03/2019;8:25:00 a. m.;Domingo;2019;Marzo;MOTOCICLETA;DIPLOMATICO;Motociclista;26;MASCULINO;HERIDOS;0;0;0;0;CARRERA 50 CON CALLE 43 SUR;;LAS VEGAS;6.171018, -75.600755;CHOQUE;VEHICULO;NO REPORTADO;RESIDENCIAL;Normal;Adelantar invadiendo carril del mismo sentido en zigzag
2190625;10/03/2019;8:25:00 a. m.;Domingo;2019;Marzo;MOTOCICLETA;DIPLOMATICO;Acompañante;29;FEMENINO;HERIDOS;0;0;0;0;CARRERA 50 CON CALLE 43 SUR;;LAS VEGAS;6.171018, -75.600755;CHOQUE;VEHICULO;NO REPORTADO;RESIDENCIAL;Normal;Adelantar invadiendo carril del mismo sentido en zigzag
2190628;11/03/2019;10:40:00 p. m.;Lunes;2019;Marzo;AUTOMOVIL;PARTICULAR;Acompañante;46;MASCULINO;HERIDOS;0;0;0;0;KILOMETRO 11+920;retiro varia palmas enviga (km 5+43 - km 14+ 550);VEREDA PALMAS;6.159347188560428, -75.51673198843119;CHOQUE;VEHICULO;NO REPORTADO;NO REPORTADO;Lluvia;No mantener distancia de seguridad
2190628;11/03/2019;10:40:00 p. m.;Lunes;2019;Marzo;AUTOMOVIL;PARTICULAR;Conductor;29;MASCULINO;HERIDOS;0;0;0;0;KILOMETRO 11+920;retiro varia palmas enviga (km 5+43 - km 14+ 550);VEREDA PALMAS;6.159347188560428, -75.51673198843119;CHOQUE;VEHICULO;NO REPORTADO;NO REPORTADO;Lluvia;No mantener distancia de seguridad
2190635;12/03/2019;3:55:00 p. m.;Martes;2019;Marzo;MOTOCICLETA;PARTICULAR;Motociclista;21;MASCULINO;HERIDOS;0;0;0;0;TRANSVERSAL 34 SUR CON DIAGONAL 32-49;;LA MAGNOLIA;6.173274993961192, -75.58209449883175;CHOQUE;VEHICULO;NO REPORTADO;RESIDENCIAL;Lluvia;Impericia en el manejo
2190636;12/03/2019;7:50:00 a. m.;Martes;2019;Marzo;MOTOCICLETA;PARTICULAR;Motociclista;29;MASCULINO;HERIDOS;0;0;0;0;CARRERA 50 CON CALLE 25 A SUR;;LAS VEGAS;6.186597, -75.584900;CHOQUE;VEHICULO;NO REPORTADO;RESIDENCIAL;Normal;No mantener distancia de seguridad
2190649;13/03/2019;10:10:00 a. m.;Miércoles;2019;Marzo;MOTOCICLETA;PARTICULAR;Motociclista;26;MASCULINO;MUERTOS;0;0;0;0;CARRERA 50 CON CALLE 46 A SUR;;LAS VEGAS;6.168039, -75.602415;CHOQUE;VEHICULO;NO REPORTADO;RESIDENCIAL;Normal;Transitar entre vehiculos
2190653;13/03/2019;9:20:00 a. m.;Miércoles;2019;Marzo;MOTOCICLETA;PARTICULAR;Motociclista;18;MASCULINO;HERIDOS;0;0;0;0;CARRERA 48 CON CALLE 25 AA SUR ;;LAS VEGAS;6.184305348926391, -75.58492402798413;CHOQUE;VEHICULO;NO REPORTADO;RESIDENCIAL;Normal;No mantener distancia de seguridad
2190655;12/03/2019;8:20:00 p. m.;Martes;2019;Marzo;MOTOCICLETA;PARTICULAR;Motociclista;23;MASCULINO;HERIDOS;0;0;0;0;CALLE 25 A SUR CON CARRERA 42 B 61;;LAS ORQUIDEAS;6.180237992694924, -75.58113083957399;CHOQUE;VEHICULO;NO REPORTADO;RESIDENCIAL;Normal;Impericia en el manejo
2190656;14/03/2019;6:45:00 a. m.;Jueves;2019;Marzo;MOTOCICLETA;PARTICULAR;Motociclista;38;MASCULINO;HERIDOS;0;0;0;0;CARRERA 48 CON CALLE 37 SUR;;LAS VEGAS;6.173473352424915, -75.59256588595376;CHOQUE;VEHICULO;NO REPORTADO;RESIDENCIAL;Normal;Semaforo en rojo
2190658;15/03/2019;5:30:00 a. m.;Viernes;2019;Marzo;AUTOMOVIL;PARTICULAR;Acompañante;19;FEMENINO;HERIDOS;0;0;0;0;KILOMETRO 12+524;retiro varia palmas enviga (km 5+43 - km 14+ 550);VEREDA PALMAS;6.159974569789303, -75.52177180591038;CHOQUE;OBJETO FIJO;BARANDA;NO REPORTADO;Normal;Impericia en el manejo
2190658;15/03/2019;5:30:00 a. m.;Viernes;2019;Marzo;AUTOMOVIL;PARTICULAR;Acompañante;20;FEMENINO;HERIDOS;0;0;0;0;KILOMETRO 12+524;retiro varia palmas enviga (km 5+43 - km 14+ 550);VEREDA PALMAS;6.159974569789303, -75.52177180591038;CHOQUE;OBJETO FIJO;BARANDA;NO REPORTADO;Normal;Impericia en el manejo
2190659;16/03/2019;4:35:00 p. m.;Sábado;2019;Marzo;MOTOCICLETA;PARTICULAR;Acompañante;10;MASCULINO;HERIDOS;0;0;0;0;CARRERA 24 D CON CALLE 40 SUR 90;;EL SALADO;6.147575110955078, -75.57653474965278;CHOQUE;VEHICULO;NO REPORTADO;RESIDENCIAL;Normal;Adelantar cerrando  -  Impericia en el manejo
2190660;17/03/2019;4:30:00 p. m.;Domingo;2019;Marzo;BICICLETA;;Peaton;70;FEMENINO;HERIDOS;0;0;0;0;CARRERA 24EE CON CALLE 39D SUR 30;;EL SALADO;6.149432027494358, -75.5761483286029;ATROPELLO;NO REPORTADO;NO REPORTADO;RESIDENCIAL;Normal;Embriaguez o droga
2190668;15/03/2019;9:36:00 p. m.;Viernes;2019;Marzo;AUTOMOVIL;PARTICULAR;Conductor;34;MASCULINO;HERIDOS;0;0;0;0;KILOMETRO 14+40;medell??n palmas envigado (km 12 - km 16+700);VEREDA PALMAS;6.157830119037232, -75.5465511688003;CHOQUE;OBJETO FIJO;MURO;NO REPORTADO;Normal;Impericia en el manejo
2190673;15/03/2019;8:20:00 a. m.;Viernes;2019;Marzo;AUTOMOVIL;PARTICULAR;Conductor;57;MASCULINO;HERIDOS;0;0;0;0;KILOMETRO 8+500;retiro varia palmas enviga (km 5+43 - km 14+ 550);VEREDA PERICO;6.170127188048298, -75.49821436427072;CHOQUE;VEHICULO;NO REPORTADO;NO REPORTADO;Normal;Embriaguez o droga
2190673;15/03/2019;8:20:00 a. m.;Viernes;2019;Marzo;AUTOMOVIL;PARTICULAR;Acompañante;30;FEMENINO;HERIDOS;0;0;0;0;KILOMETRO 8+500;retiro varia palmas enviga (km 5+43 - km 14+ 550);VEREDA PERICO;6.170127188048298, -75.49821436427072;CHOQUE;VEHICULO;NO REPORTADO;NO REPORTADO;Normal;Embriaguez o droga
2190685;17/03/2019;11:50:00 a. m.;Domingo;2019;Marzo;MOTOCICLETA;PARTICULAR;Acompañante;32;FEMENINO;HERIDOS;0;0;0;0;KILOMETRO 8 + 00;el escobero - km 0-13);VEREDA EL ESCOBERO;6.125262088095403, -75.5354119889815;CHOQUE;VEHICULO;NO REPORTADO;NO REPORTADO;Normal;Desobedecer señales
2190685;17/03/2019;11:50:00 a. m.;Domingo;2019;Marzo;MOTOCICLETA;PARTICULAR;Motociclista;30;MASCULINO;HERIDOS;0;0;0;0;KILOMETRO 8 + 00;el escobero - km 0-13);VEREDA EL ESCOBERO;6.125262088095403, -75.5354119889815;CHOQUE;VEHICULO;NO REPORTADO;NO REPORTADO;Normal;Desobedecer señales
2190686;17/03/2019;9:35:00 a. m.;Domingo;2019;Marzo;MOTOCICLETA;PARTICULAR;Motociclista;37;MASCULINO;HERIDOS;0;0;0;0;KILOMETRO 13 + 190;medell??n palmas envigado (km 12 - km 16+700);VEREDA PALMAS;6.164047396808054, -75.54555047608514;CHOQUE;OBJETO FIJO;OTRO TIPO;NO REPORTADO;Normal;Impericia en el manejo
2190687;18/03/2019;6:20:00 a. m.;Lunes;2019;Marzo;BICICLETA;;Ciclista;44;FEMENINO;HERIDOS;0;0;0;0;CARRERA 43A CON CALLE 25B SUR;;PONTE VEDRA;6.181238498015967, -75.58242363130366;CHOQUE;VEHICULO;NO REPORTADO;RESIDENCIAL;Normal;Poner en marcha un vehiculo sin precauci
2190692;16/03/2019;4:50:00 a. m.;Sábado;2019;Marzo;MOTOCICLETA;PARTICULAR;Acompañante;20;FEMENINO;HERIDOS;0;0;0;0;CARRERA 48 CON CALLE 50 SUR;;LAS VEGAS;6.162072458716961, -75.60353659646475;CHOQUE;OBJETO FIJO;MURO;RESIDENCIAL;Normal;Embriaguez o droga  -  Impericia en el manejo
2190692;16/03/2019;4:50:00 a. m.;Sábado;2019;Marzo;MOTOCICLETA;PARTICULAR;Motociclista;22;MASCULINO;HERIDOS;0;0;0;0;CARRERA 48 CON CALLE 50 SUR;;LAS VEGAS;6.162072458716961, -75.60353659646475;CHOQUE;OBJETO FIJO;MURO;RESIDENCIAL;Normal;Embriaguez o droga  -  Impericia en el manejo
2190693;19/03/2019;7:20:00 a. m.;Martes;2019;Marzo;MOTOCICLETA;PARTICULAR;Motociclista;33;MASCULINO;HERIDOS;0;0;0;0;KILOMETRO 12+200;medell??n palmas envigado (km 12 - km 16+700);VEREDA PALMAS;6.158672500384351, -75.51924929200327;CHOQUE;VEHICULO;NO REPORTADO;NO REPORTADO;Normal;Impericia en el manejo
2190693;19/03/2019;7:20:00 a. m.;Martes;2019;Marzo;AUTOMOVIL;PARTICULAR;Conductor;17;FEMENINO;HERIDOS;0;0;0;0;KILOMETRO 12+200;medell??n palmas envigado (km 12 - km 16+700);VEREDA PALMAS;6.158672500384351, -75.51924929200327;CHOQUE;VEHICULO;NO REPORTADO;NO REPORTADO;Normal;Impericia en el manejo
2190694;19/03/2019;7:35:00 p. m.;Martes;2019;Marzo;MOTOCICLETA;PARTICULAR;Motociclista;18;MASCULINO;HERIDOS;0;0;0;0;CALLE 36 D SUR CON CARRERA 27;;VEREDA EL ESCOBERO;6.162262648723476, -75.57027649451149;CHOQUE;VEHICULO;NO REPORTADO;RESIDENCIAL;Normal;No respetar prelacion
2190695;18/03/2019;8:50:00 a. m.;Lunes;2019;Marzo;MOTOCICLETA;PARTICULAR;Peaton;78;MASCULINO;HERIDOS;0;0;0;;CALLE 36 SUR CON CARRERA 36;;LOS NARANJOS;6.168590388657366, -75.58290319711323;ATROPELLO;NO REPORTADO;NO REPORTADO;RESIDENCIAL;Normal;Impericia en el manejo
2190703;21/03/2019;6:30:00 a. m.;Jueves;2019;Marzo;MOTOCICLETA;PARTICULAR;Acompañante;27;FEMENINO;HERIDOS;0;0;0;0;CARRERA 50 CON CALLE 37 SUR;;LAS VEGAS;6.175135, -75.595369;CHOQUE;VEHICULO;NO REPORTADO;RESIDENCIAL;Normal;Adelantar invadiendo carril del mismo sentido en zigzag
2190703;21/03/2019;6:30:00 a. m.;Jueves;2019;Marzo;MOTOCICLETA;PARTICULAR;Motociclista;31;MASCULINO;HERIDOS;0;0;0;0;CARRERA 50 CON CALLE 37 SUR;;LAS VEGAS;6.175135, -75.595369;CHOQUE;VEHICULO;NO REPORTADO;RESIDENCIAL;Normal;Adelantar invadiendo carril del mismo sentido en zigzag
2190711;23/03/2019;9:07:00 p. m.;Sábado;2019;Marzo;MOTOCICLETA;PARTICULAR;Motociclista;25;MASCULINO;HERIDOS;0;0;0;0;CALLE 38 A SUR CON CARRERA 31;;MESA;6.1650734960204225, -75.5816691496526;CHOQUE;VEHICULO;NO REPORTADO;RESIDENCIAL;Normal;Desobedecer señales
2190714;22/03/2019;8:15:00 p. m.;Viernes;2019;Marzo;MOTOCICLETA;PARTICULAR;Motociclista;24;MASCULINO;HERIDOS;0;0;0;0;CARRERA 48 CON CALLE 49 SUR;;LAS CASITAS;6.163050162859091, -75.60243147678031;CHOQUE;VEHICULO;NO REPORTADO;RESIDENCIAL;Normal;No mantener distancia de seguridad
2190715;23/03/2019;8:40:00 a. m.;Sábado;2019;Marzo;MOTOCICLETA;PARTICULAR;Motociclista;29;MASCULINO;HERIDOS;0;0;0;0;CALLE 38 A SUR CON CARRERA 43;;ZONA CENTRO;6.169353021336785, -75.58833564220801;CAIDA OCUPANTE;NO REPORTADO;NO REPORTADO;RESIDENCIAL;Normal;Fallas en los frenos
2190717;22/03/2019;6:10:00 p. m.;Viernes;2019;Marzo;MOTOCICLETA;PARTICULAR;Peaton;17;FEMENINO;HERIDOS;0;0;0;0;CARRERA 43A CON CALLE 29 SUR 15;;VILLA GRANDE;6.177725, -75.584728;ATROPELLO;NO REPORTADO;NO REPORTADO;RESIDENCIAL;Lluvia;Desobedecer señales
2190719;24/03/2019;9:45:00 a. m.;Domingo;2019;Marzo;BUS;PUBLICO;Pasajero;52;FEMENINO;HERIDOS;0;0;0;0;CARRERA 48 CON CALLE 30 SUR;;LAS VEGAS;6.179496718217783, -75.58819458527805;CHOQUE;VEHICULO;NO REPORTADO;RESIDENCIAL;Normal;Semaforo en rojo
2190719;24/03/2019;9:45:00 a. m.;Domingo;2019;Marzo;BUS;PUBLICO;Pasajero;31;FEMENINO;HERIDOS;0;0;0;0;CARRERA 48 CON CALLE 30 SUR;;LAS VEGAS;6.179496718217783, -75.58819458527805;CHOQUE;VEHICULO;NO REPORTADO;RESIDENCIAL;Normal;Semaforo en rojo
2190722;25/03/2019;3:00:00 p. m.;Lunes;2019;Marzo;AUTOMOVIL;PARTICULAR;Conductor;26;FEMENINO;HERIDOS;0;0;0;0;CARRERA 43A CON CALLE 25 SUR;;BOSQUES DE ZUÑIGA;6.181527767015737, -75.58125395108142;CHOQUE;VEHICULO;NO REPORTADO;RESIDENCIAL;Normal;Impericia en el manejo
2190722;25/03/2019;3:00:00 p. m.;Lunes;2019;Marzo;AUTOMOVIL;PARTICULAR;Acompañante;31;MASCULINO;HERIDOS;0;0;0;0;CARRERA 43A CON CALLE 25 SUR;;BOSQUES DE ZUÑIGA;6.181527767015737, -75.58125395108142;CHOQUE;VEHICULO;NO REPORTADO;RESIDENCIAL;Normal;Impericia en el manejo
2190726;23/03/2019;2:00:00 p. m.;Sábado;2019;Marzo;MOTOCICLETA;PARTICULAR;Motociclista;26;MASCULINO;HERIDOS;0;0;0;0;CARRERA 50 CON CALLE 28 SUR;;LAS VEGAS;6.182172, -75.589410;CHOQUE;VEHICULO;NO REPORTADO;RESIDENCIAL;Normal;No mantener distancia de seguridad
2190728;24/03/2019;11:40:00 a. m.;Domingo;2019;Marzo;BICICLETA;;Ciclista;51;MASCULINO;HERIDOS;0;0;0;0;DIAGONAL 31 CON TRANSVERSAL 36 A SUR 80;;LA PRADERA;6.167795745603205, -75.58040745893271;CHOQUE;VEHICULO;NO REPORTADO;RESIDENCIAL;Normal;Circular por calzadas o carriles destina
2190738;26/03/2019;2:00:00 p. m.;Martes;2019;Marzo;AUTOMOVIL;PARTICULAR;Acompañante;30;FEMENINO;HERIDOS;0;0;0;0;CARRERA 36 CON CALLE 37 SUR 31;;MESA;6.1682760343487315, -75.5832674178743;CHOQUE;VEHICULO;NO REPORTADO;RESIDENCIAL;Normal;No mantener distancia de seguridad
2190738;26/03/2019;2:00:00 p. m.;Martes;2019;Marzo;AUTOMOVIL;PARTICULAR;Conductor;37;FEMENINO;HERIDOS;0;0;0;0;CARRERA 36 CON CALLE 37 SUR 31;;MESA;6.1682760343487315, -75.5832674178743;CHOQUE;VEHICULO;NO REPORTADO;RESIDENCIAL;Normal;No mantener distancia de seguridad
2190738;26/03/2019;2:00:00 p. m.;Martes;2019;Marzo;AUTOMOVIL;PARTICULAR;Acompañante;62;FEMENINO;HERIDOS;0;0;0;0;CARRERA 36 CON CALLE 37 SUR 31;;MESA;6.1682760343487315, -75.5832674178743;CHOQUE;VEHICULO;NO REPORTADO;RESIDENCIAL;Normal;No mantener distancia de seguridad
2190742;27/03/2019;2:30:00 p. m.;Miércoles;2019;Marzo;MOTOCICLETA;DIPLOMATICO;Peaton;13;MASCULINO;HERIDOS;0;0;0;0;CALLE 45 B SUR CON CARRERA 42 B 54;;LA PAZ;6.163114989152057, -75.59370891325136;ATROPELLO;NO REPORTADO;NO REPORTADO;RESIDENCIAL;Normal;Impericia en el manejo
2190750;28/03/2019;5:50:00 p. m.;Jueves;2019;Marzo;MOTOCICLETA;PARTICULAR;Motociclista;19;MASCULINO;HERIDOS;0;0;0;;CALLE 37 SUR CON CARRERA 35;;MESA;6.167791961561859, -75.5826979324605;CHOQUE;VEHICULO;NO REPORTADO;RESIDENCIAL;Normal;Impericia en el manejo
2190751;28/03/2019;4:37:00 p. m.;Jueves;2019;Marzo;MOTOCICLETA;PARTICULAR;Motociclista;25;FEMENINO;HERIDOS;0;0;0;0;CARRERA 44 CON CALLE 38 SUR;;ALCALA;6.17079448824164, -75.58900322804531;CHOQUE;VEHICULO;NO REPORTADO;RESIDENCIAL;Lluvia;Impericia en el manejo
2190751;28/03/2019;4:37:00 p. m.;Jueves;2019;Marzo;MOTOCICLETA;PARTICULAR;Acompañante;51;FEMENINO;HERIDOS;0;0;0;0;CARRERA 44 CON CALLE 38 SUR;;ALCALA;6.17079448824164, -75.58900322804531;CHOQUE;VEHICULO;NO REPORTADO;RESIDENCIAL;Lluvia;Impericia en el manejo
2190752;28/03/2019;4:40:00 p. m.;Jueves;2019;Marzo;AUTOMOVIL;PARTICULAR;Peaton;15;MASCULINO;HERIDOS;0;0;0;0;CALLE 39 SUR CON CARRERA 25B 200;;EL CHINGUÍ;6.15339362737993, -75.5744888417229;ATROPELLO;NO REPORTADO;NO REPORTADO;RESIDENCIAL;Normal;Cruzar sin observar
2190757;28/03/2019;6:40:00 a. m.;Jueves;2019;Marzo;MOTOCICLETA;PARTICULAR;Motociclista;23;FEMENINO;HERIDOS;0;0;0;0;CARRERA 49 CON CALLE 36 SUR 06;;LAS VEGAS;6.176909, -75.593151;CHOQUE;VEHICULO;NO REPORTADO;RESIDENCIAL;Normal;No respetar prelacion
2190758;27/03/2019;8:35:00 p. m.;Miércoles;2019;Marzo;MOTOCICLETA;PARTICULAR;Motociclista;20;MASCULINO;HERIDOS;0;0;0;0;CARRERA 43 A CON CALLE 48C SUR 269;;LAS CASITAS;6.162341523129633, -75.59766247095804;CAIDA OCUPANTE;NO REPORTADO;NO REPORTADO;RESIDENCIAL;Normal;Impericia en el manejo
2190758;27/03/2019;8:35:00 p. m.;Miércoles;2019;Marzo;MOTOCICLETA;PARTICULAR;Acompañante;20;FEMENINO;HERIDOS;0;0;0;0;CARRERA 43 A CON CALLE 48C SUR 269;;LAS CASITAS;6.162341523129633, -75.59766247095804;CAIDA OCUPANTE;NO REPORTADO;NO REPORTADO;RESIDENCIAL;Normal;Impericia en el manejo
2190760;29/03/2019;6:30:00 a. m.;Viernes;2019;Marzo;MOTOCICLETA;PARTICULAR;Acompañante;43;FEMENINO;HERIDOS;0;0;0;0;CALLE 39 BS UR CON CARRERA 27B;;SAN JOSE;6.160127905005225, -75.57976719969692;CHOQUE;VEHICULO;NO REPORTADO;RESIDENCIAL;Normal;Desobedecer señales
2190760;29/03/2019;6:30:00 a. m.;Viernes;2019;Marzo;MOTOCICLETA;PARTICULAR;Motociclista;23;MASCULINO;HERIDOS;0;0;0;0;CALLE 39 BS UR CON CARRERA 27B;;SAN JOSE;6.160127905005225, -75.57976719969692;CHOQUE;VEHICULO;NO REPORTADO;RESIDENCIAL;Normal;Desobedecer señales
2190761;29/03/2019;7:40:00 a. m.;Viernes;2019;Marzo;MOTOCICLETA;PARTICULAR;Motociclista;51;MASCULINO;HERIDOS;0;0;0;0;CALLE 37 SUR CON CARRERA 43 A 216;;SAN MARCOS;6.171813334199972, -75.58924761189476;CHOQUE;VEHICULO;NO REPORTADO;RESIDENCIAL;Normal;Impericia en el manejo
2190763;29/03/2019;10:25:00 a. m.;Viernes;2019;Marzo;MOTOCICLETA;PARTICULAR;Motociclista;28;MASCULINO;HERIDOS;0;0;0;0;CARRERA 48 CON CALLE 39 SUR 20;;ALCALA;6.172123762717657, -75.5937002880259;CHOQUE;VEHICULO;NO REPORTADO;RESIDENCIAL;Normal;No mantener distancia de seguridad
2190765;29/03/2019;4:50:00 p. m.;Viernes;2019;Marzo;MOTOCICLETA;PARTICULAR;Motociclista;34;MASCULINO;HERIDOS;0;0;0;;CARRERA 50 CON CALLE 37 SUR;;LAS VEGAS;6.175135, -75.595369;CHOQUE;VEHICULO;NO REPORTADO;RESIDENCIAL;Normal;Girar bruscamente
2190766;31/03/2019;3:45:00 a. m.;Domingo;2019;Marzo;MOTOCICLETA;PARTICULAR;Acompañante;18;FEMENINO;MUERTOS;0;0;0;0;CARRERA 43 A CON CALLE 50 SUR;;LAS CASITAS; 6.160129, -75.602107;CHOQUE;VEHICULO;NO REPORTADO;RESIDENCIAL;Normal;Embriaguez o droga
2190766;31/03/2019;3:45:00 a. m.;Domingo;2019;Marzo;MOTOCICLETA;PARTICULAR;Acompañante;20;FEMENINO;HERIDOS;0;0;0;0;CARRERA 43 A CON CALLE 50 SUR;;LAS CASITAS; 6.160129, -75.602107;CHOQUE;VEHICULO;NO REPORTADO;RESIDENCIAL;Normal;Embriaguez o droga
2190767;29/03/2019;8:10:00 p. m.;Viernes;2019;Marzo;MOTOCICLETA;PARTICULAR;Motociclista;25;MASCULINO;HERIDOS;0;0;0;0;CARRERA 50 CON CALLE 30 SUR 92;;LAS VEGAS;6.180256, -75.590606;CHOQUE;VEHICULO;NO REPORTADO;RESIDENCIAL;Normal;No mantener distancia de seguridad
2190768;30/03/2019;2:20:00 p. m.;Sábado;2019;Marzo;CAMION;PARTICULAR;Acompañante;54;MASCULINO;HERIDOS;0;0;0;0;KILOMETRO 13+180;medell??n palmas envigado (km 12 - km 16+700);VEREDA PALMAS;6.164239657715629, -75.54546488817167;CHOQUE;VEHICULO;NO REPORTADO;NO REPORTADO;Normal;Desobedecer señales
2190768;30/03/2019;2:20:00 p. m.;Sábado;2019;Marzo;CAMION;PARTICULAR;Acompañante;35;FEMENINO;HERIDOS;0;0;0;0;KILOMETRO 13+180;medell??n palmas envigado (km 12 - km 16+700);VEREDA PALMAS;6.164239657715629, -75.54546488817167;CHOQUE;VEHICULO;NO REPORTADO;NO REPORTADO;Normal;Desobedecer señales
2190776;2/04/2019;12:50:00 p. m.;Martes;2019;Abril;BICICLETA;;Ciclista;16;MASCULINO;HERIDOS;0;0;0;0;CARRERA 25 A CON CALLE 38 D SUR 111;;EL CHINGUÍ;6.153526037470544, -75.57438253855568;CHOQUE;VEHICULO;NO REPORTADO;RESIDENCIAL;Normal;Transitar en contravia
2190779;2/04/2019;9:40:00 p. m.;Martes;2019;Abril;AUTOMOVIL;PARTICULAR;Conductor;28;FEMENINO;HERIDOS;0;0;0;0;KILOMETRO 5+500;el escobero - km 0-13);VEREDA EL ESCOBERO;6.120243223082372, -75.5454681420481;CHOQUE;OBJETO FIJO;POSTE;NO REPORTADO;Normal;Impericia en el manejo
2190779;2/04/2019;9:40:00 p. m.;Martes;2019;Abril;AUTOMOVIL;PARTICULAR;Acompañante;49;MASCULINO;HERIDOS;0;0;0;0;KILOMETRO 5+500;el escobero - km 0-13);VEREDA EL ESCOBERO;6.120243223082372, -75.5454681420481;CHOQUE;OBJETO FIJO;POSTE;NO REPORTADO;Normal;Impericia en el manejo