NRO_RADICADO;FECHA_ACCIDENTE;HORA_ACCIDENTE;Día de la semana;AÑO;MES;CLASE_VEHICULO;TIPO_SERVICIO;TIPO_VICTIMA;EDAD;GENERO;GRAVEDAD;ESTADO_BEODEZ;ESTADO_DROGA;RESULTADO_BEODEZ;RESUL_BEODEZ_GRAMOS;DIRECCION_CARACT_VIA;TRAMO_VIA;LOCALIDAD_O_COMUNA;    GEORREFERENCIACIÓN;DESC_CLASE_ACCIDENTE;DESC_CHOQUE_ACCIDENTE;DESC_OBJETO_FIJO;DESC_SECTOR_ACCIDENTE;CONDICION_CLIMATICA;CAUSA_ACCIDENTE
2190780;2/04/2019;7:40:00 a. m.;Martes;2019;Abril;MICROBUS;PUBLICO;Pasajero;23;MASCULINO;HERIDOS;0;0;0;0;CARRERA 48 CON CALLE 43 SUR;;LAS VEGAS;6.168377302100939, -75.59738804170314;CAIDA OCUPANTE;NO REPORTADO;NO REPORTADO;RESIDENCIAL;Normal;Arrancar sin precaucion
2190786;2/04/2019;4:30:00 p. m.;Martes;2019;Abril;MOTOCICLETA;PARTICULAR;Motociclista;20;FEMENINO;HERIDOS;0;0;0;0;CALLE 39 SUR CON CARRERA 27;;EL CHINGUÍ;6.158357765382434, -75.57868691896748;CHOQUE;VEHICULO;NO REPORTADO;RESIDENCIAL;Normal;Desobedecer señales
2190790;3/04/2019;6:50:00 a. m.;Miércoles;2019;Abril;BICICLETA;;Ciclista;30;FEMENINO;HERIDOS;0;0;0;0;KILOMETRO 13+330;retiro varia palmas enviga (km 5+43 - km 14+ 550);VEREDA PALMAS;6.159358739461305, -75.52916062065124;CHOQUE;VEHICULO;NO REPORTADO;NO REPORTADO;Normal;No mantener distancia de seguridad
2190794;2/04/2019;11:40:00 a. m.;Martes;2019;Abril;MOTOCICLETA;PARTICULAR;Acompañante;27;FEMENINO;HERIDOS;0;0;0;;CALLE 40 SUR CON CARRERA 24 F 130;;EL SALADO;6.150972, -75.577784;CAIDA OCUPANTE;NO REPORTADO;NO REPORTADO;RESIDENCIAL;Normal;Impericia en el manejo
2190795;3/04/2019;6:24:00 a. m.;Miércoles;2019;Abril;CAMIONETA;PARTICULAR;Conductor;28;FEMENINO;HERIDOS;0;0;0;0;CALLE 37 SUR CON CARRERA 38;;MESA;6.168586751950674, -75.58431594386306;CHOQUE;VEHICULO;NO REPORTADO;RESIDENCIAL;Normal;Desobedecer señales
2190796;2/04/2019;7:15:00 a. m.;Martes;2019;Abril;MOTOCICLETA;PARTICULAR;Motociclista;24;MASCULINO;HERIDOS;0;0;0;0;CARRERA 38 CON CALLE 38 SUR;;MESA;6.168105394919729, -75.58475336314557;CHOQUE;VEHICULO;NO REPORTADO;RESIDENCIAL;Normal;No respetar prelacion
2190798;2/04/2019;8:30:00 a. m.;Martes;2019;Abril;MOTOCICLETA;PARTICULAR;Motociclista;27;FEMENINO;HERIDOS;0;0;0;0;CALLE 38 SUR CON CARRERA 36;;MESA;6.167436028419668, -75.58371373430998;CHOQUE;VEHICULO;NO REPORTADO;RESIDENCIAL;Normal;Desobedecer señales
2190803;3/04/2019;2:45:00 p. m.;Miércoles;2019;Abril;AUTOMOVIL;PUBLICO;Peaton;2;FEMENINO;HERIDOS;0;0;0;0;CARRERA 43 CON CALLE 35 SUR 54;;ZONA CENTRO;6.172183587498051, -75.58667828384522;ATROPELLO;NO REPORTADO;NO REPORTADO;RESIDENCIAL;Normal;Cruzar sin observar
2190804;4/04/2019;9:10:00 a. m.;Jueves;2019;Abril;AUTOMOVIL;PARTICULAR;Conductor;23;MASCULINO;HERIDOS;0;0;0;0;TRANSVERSAL 32 A SUR CON DIAGONAL 32;;LA MAGNOLIA;6.175746958991696, -75.58261596323267;CHOQUE;VEHICULO;NO REPORTADO;RESIDENCIAL;Lluvia;No respetar pelacion de interseccion o giros
2190806;4/04/2019;7:20:00 a. m.;Jueves;2019;Abril;MOTOCICLETA;PARTICULAR;Acompañante;45;FEMENINO;HERIDOS;0;0;0;0;CARRERA 29 D CON CALLE 41 SUR;;SAN JOSE;6.16017569713086, -75.58507822266651;CHOQUE;VEHICULO;NO REPORTADO;RESIDENCIAL;Normal;No respetar prelacion
2190807;3/04/2019;6:40:00 p. m.;Miércoles;2019;Abril;MOTOCICLETA;PARTICULAR;Motociclista;56;MASCULINO;HERIDOS;0;0;0;0;CALLE 40  CON CARRERA 25 AA 85;;EL SALADO;6.153553469841992, -75.5787216739416;CHOQUE;VEHICULO;NO REPORTADO;RESIDENCIAL;Normal;Otra-Conductor
2190813;5/04/2019;11:15:00 a. m.;Viernes;2019;Abril;MOTOCICLETA;PARTICULAR;Motociclista;38;MASCULINO;HERIDOS;0;0;0;;CARRERA 43A CON CALLE 38 A 70;;ZONA CENTRO;6.169795887724401, -75.58905959761805;OTRO;NO REPORTADO;NO REPORTADO;RESIDENCIAL;Normal;Impericia en el manejo
2190815;5/04/2019;9:50:00 p. m.;Viernes;2019;Abril;AUTOMOVIL;PARTICULAR;Acompañante;21;MASCULINO;HERIDOS;0;0;0;0;CARRERA 50 CON CALLE 32B ;;LAS VEGAS;6.178263, -75.591897;CHOQUE;VEHICULO;NO REPORTADO;RESIDENCIAL;Normal;No mantener distancia de seguridad
2190815;5/04/2019;9:50:00 p. m.;Viernes;2019;Abril;AUTOMOVIL;PARTICULAR;Conductor;25;MASCULINO;HERIDOS;0;0;0;0;CARRERA 50 CON CALLE 32B ;;LAS VEGAS;6.178263, -75.591897;CHOQUE;VEHICULO;NO REPORTADO;RESIDENCIAL;Normal;No mantener distancia de seguridad
2190820;6/04/2019;11:20:00 a. m.;Sábado;2019;Abril;BICICLETA;;Ciclista;38;MASCULINO;MUERTOS;0;0;0;0;CARRERA 50 CON CALLE 30 SUR;;LAS VEGAS;6.180544, -75.590649;CHOQUE;VEHICULO;NO REPORTADO;RESIDENCIAL;Normal;Transitar entre vehiculos
2190821;5/04/2019;6:30:00 p. m.;Viernes;2019;Abril;AUTOMOVIL;PUBLICO;Peaton;86;FEMENINO;HERIDOS;0;0;0;0;DIAGONAL 31 CON TRANSVERSAL 34 F SUR 18;;LA SEBASTIANA;6.170551354857061, -75.57965825755792;ATROPELLO;NO REPORTADO;NO REPORTADO;RESIDENCIAL;Lluvia;Otra-Peaton  -  Transitar por la calzada
2190822;5/04/2019;12:30:00 p. m.;Viernes;2019;Abril;MOTOCICLETA;PARTICULAR;Peaton;8;MASCULINO;HERIDOS;0;0;0;0;CARRERA 39 CON CALLE 35 SUR 58;;LOS NARANJOS;6.17045972178539, -75.58397902827205;ATROPELLO;NO REPORTADO;NO REPORTADO;RESIDENCIAL;Normal;Otra-Peaton
2190827;6/04/2019;1:30:00 p. m.;Sábado;2019;Abril;MOTOCICLETA;PARTICULAR;Motociclista;36;MASCULINO;HERIDOS;0;0;0;;CALLE 36 SUR CON CARRERA 25;;LOMA DEL ATRAVEZADO;6.16711131421608, -75.56489985519049;CHOQUE;VEHICULO;NO REPORTADO;RESIDENCIAL;Normal;No respetar prelacion
2190839;6/04/2019;12:00:00 p. m.;Sábado;2019;Abril;MOTOCICLETA;PARTICULAR;Motociclista;28;MASCULINO;HERIDOS;0;0;0;0;KILOMETRO 14+510;retiro varia palmas enviga (km 5+43 - km 14+ 550);VEREDA PALMAS;6.153869049585224, -75.53226550542585;CHOQUE;VEHICULO;NO REPORTADO;NO REPORTADO;Normal;Desobedecer señales
2190841;4/04/2019;2:40:00 p. m.;Jueves;2019;Abril;MOTOCICLETA;PARTICULAR;Motociclista;25;MASCULINO;HERIDOS;0;0;0;;CALLE 40 SUR CON CARRERA 27-159;;SAN JOSE;6.158469599187382, -75.58075234595367;CHOQUE;VEHICULO;NO REPORTADO;RESIDENCIAL;Normal;Poner en marcha un vehiculo sin precauci
2190849;8/04/2019;6:00:00 a. m.;Lunes;2019;Abril;CAMIONETA;PARTICULAR;Conductor;32;FEMENINO;HERIDOS;0;0;0;0;CALLE 37 SUR CON CARRERA 45B;;EL PORTAL;6.172623493195817, -75.59031827848807;CHOQUE;VEHICULO;NO REPORTADO;RESIDENCIAL;Normal;No mantener distancia de seguridad
2190850;5/04/2019;4:53:00 p. m.;Viernes;2019;Abril;MOTOCICLETA;PARTICULAR;Motociclista;18;MASCULINO;HERIDOS;0;0;0;0;CALLE 40 AA SUR CON CARRERA 30;;SAN JOSE;6.15524817854134, -75.58112413823403;CHOQUE;VEHICULO;NO REPORTADO;RESIDENCIAL;Normal;Exceso de velocidad
2190851;6/04/2019;1:40:00 p. m.;Sábado;2019;Abril;MOTOCICLETA;PARTICULAR;Motociclista;53;MASCULINO;HERIDOS;0;0;0;0;CALLE 40 SUR CARRERA 24;;EL SALADO;6.154944333682787, -75.57925066129623;CHOQUE;VEHICULO;NO REPORTADO;RESIDENCIAL;Normal;Adelantar invadiendo carril de sentido contrario
2190853;8/04/2019;12:30:00 p. m.;Lunes;2019;Abril;MOTOCICLETA;PARTICULAR;Motociclista;20;MASCULINO;HERIDOS;0;0;0;0;DIAGONAL 31 A TRANSVERSAL 34 E SUR 04;;LA SEBASTIANA;6.171214654993985, -75.57961020191904;CHOQUE;OBJETO FIJO;VEHICULO ESTACIONADO;RESIDENCIAL;Normal;Otra-Conductor
2190855;9/04/2019;1:18:00 p. m.;Martes;2019;Abril;MOTOCICLETA;PARTICULAR;Motociclista;38;MASCULINO;HERIDOS;0;0;0;0;DIAGONAL 29 CON TRANSVERSAL 26 A SUR 69;;ALTO DE MISAEL;6.177087744925514, -75.57803970220506;CHOQUE;VEHICULO;NO REPORTADO;RESIDENCIAL;Normal;Arrancar sin precaucion  -  Impericia en el manejo
2190856;8/04/2019;11:50:00 a. m.;Lunes;2019;Abril;MOTOCICLETA;PARTICULAR;Motociclista;22;MASCULINO;HERIDOS;0;0;0;0;CALLE 36 SUR CON CARRERA 45 A;;EL PORTAL;6.1727526220193125, -75.5894299422198;CHOQUE;VEHICULO;NO REPORTADO;RESIDENCIAL;Normal;Impericia en el manejo
2190863;10/04/2019;12:45:00 p. m.;Miércoles;2019;Abril;BUSETA;PUBLICO;Pasajero;38;FEMENINO;HERIDOS;0;0;0;0;CALLE 39 B SUR CON CARRERA 30-10;;SAN JOSE;6.163407290434992, -75.58196375745281;CAIDA OCUPANTE;NO REPORTADO;NO REPORTADO;RESIDENCIAL;Normal;Impericia en el manejo
2190864;10/04/2019;9:05:00 p. m.;Miércoles;2019;Abril;MICROBUS;PUBLICO;Peaton;36;MASCULINO;HERIDOS;0;0;0;0;TRANSVERSAL 34D SUR CON DIAGONAL 33;;OBRERO;6.170908521131458, -75.58320017111059;ATROPELLO;NO REPORTADO;NO REPORTADO;RESIDENCIAL;Normal;Impericia en el manejo
2190865;10/04/2019;2:35:00 a. m.;Miércoles;2019;Abril;MOTOCICLETA;PARTICULAR;Motociclista;28;MASCULINO;HERIDOS;0;0;0;0;CARRERA 50 CON CALLE 32B SUR 139;;LAS VEGAS;6.178263, -75.591897;CHOQUE;VEHICULO;NO REPORTADO;RESIDENCIAL;Normal;No mantener distancia de seguridad
2190866;10/04/2019;1:50:00 a. m.;Miércoles;2019;Abril;AUTOMOVIL;PARTICULAR;Conductor;26;MASCULINO;HERIDOS;0;0;0;0;CARRERA 48 CON CALLE 40 SUR;;LAS VEGAS;6.170180887844233, -75.59522312636295;CHOQUE;VEHICULO;NO REPORTADO;RESIDENCIAL;Normal;Desobedecer señales
2190866;10/04/2019;1:50:00 a. m.;Miércoles;2019;Abril;CAMIONETA;PARTICULAR;Conductor;32;MASCULINO;HERIDOS;0;0;0;0;CARRERA 48 CON CALLE 40 SUR;;LAS VEGAS;6.170180887844233, -75.59522312636295;CHOQUE;VEHICULO;NO REPORTADO;RESIDENCIAL;Normal;Desobedecer señales
2190872;11/04/2019;7:10:00 a. m.;Jueves;2019;Abril;AUTOMOVIL;PUBLICO;Conductor;54;MASCULINO;HERIDOS;0;0;0;0;CALLE 24 SUR CON CARRERA 39-36;;ZUÑIGA;6.179061810741943, -75.57538997685353;CHOQUE;VEHICULO;NO REPORTADO;RESIDENCIAL;Normal;No mantener distancia de seguridad
2190873;11/04/2019;5:45:00 p. m.;Jueves;2019;Abril;MOTOCICLETA;PARTICULAR;Acompañante;23;FEMENINO;HERIDOS;0;0;0;0;CALLE 38 SUR CON CARRERA 41-77;;ZONA CENTRO;6.1694668282791065, -75.5865693189674;CHOQUE;VEHICULO;NO REPORTADO;RESIDENCIAL;Normal;Transitar entre vehiculos
2190874;11/04/2019;7:45:00 a. m.;Jueves;2019;Abril;MOTOCICLETA;PARTICULAR;Motociclista;27;MASCULINO;HERIDOS;0;0;0;0;CARRERA 50 CON CALLE 46 A SUR;;LAS VEGAS;6.168548, -75.602176;CHOQUE;VEHICULO;NO REPORTADO;RESIDENCIAL;Normal;Adelantar por la derecha
2190879;12/04/2019;6:50:00 a. m.;Viernes;2019;Abril;MOTOCICLETA;PARTICULAR;Motociclista;32;MASCULINO;HERIDOS;0;0;0;0;KILOMETRO 1+800;el escobero - km 0-13);VEREDA EL ESCOBERO;6.141576179506178, -75.55923635143881;CHOQUE;VEHICULO;NO REPORTADO;NO REPORTADO;Normal;Adelantar invadiendo carril de sentido contrario
2190880;13/04/2019;8:00:00 p. m.;Sábado;2019;Abril;AUTOMOVIL;PARTICULAR;Acompañante;26;FEMENINO;HERIDOS;0;0;0;0;CALLE 37 SUR  CON CARRERA 28-08;;LA PRADERA;6.165675842737571, -75.57837687980893;CHOQUE;VEHICULO;NO REPORTADO;RESIDENCIAL;Normal;Fallas en los frenos  -  Otra-Conductor
2190880;13/04/2019;8:00:00 p. m.;Sábado;2019;Abril;AUTOMOVIL;PARTICULAR;Acompañante;27;MASCULINO;HERIDOS;0;0;0;0;CALLE 37 SUR  CON CARRERA 28-08;;LA PRADERA;6.165675842737571, -75.57837687980893;CHOQUE;VEHICULO;NO REPORTADO;RESIDENCIAL;Normal;Fallas en los frenos  -  Otra-Conductor
2190880;13/04/2019;8:00:00 p. m.;Sábado;2019;Abril;AUTOMOVIL;PARTICULAR;Acompañante;27;MASCULINO;HERIDOS;0;0;0;0;CALLE 37 SUR  CON CARRERA 28-08;;LA PRADERA;6.165675842737571, -75.57837687980893;CHOQUE;VEHICULO;NO REPORTADO;RESIDENCIAL;Normal;Fallas en los frenos  -  Otra-Conductor
2190880;13/04/2019;8:00:00 p. m.;Sábado;2019;Abril;AUTOMOVIL;PARTICULAR;Conductor;28;MASCULINO;HERIDOS;0;0;0;0;CALLE 37 SUR  CON CARRERA 28-08;;LA PRADERA;6.165675842737571, -75.57837687980893;CHOQUE;VEHICULO;NO REPORTADO;RESIDENCIAL;Normal;Fallas en los frenos  -  Otra-Conductor
2190880;13/04/2019;8:00:00 p. m.;Sábado;2019;Abril;AUTOMOVIL;PARTICULAR;Acompañante;31;MASCULINO;HERIDOS;0;0;0;0;CALLE 37 SUR  CON CARRERA 28-08;;LA PRADERA;6.165675842737571, -75.57837687980893;CHOQUE;VEHICULO;NO REPORTADO;RESIDENCIAL;Normal;Fallas en los frenos  -  Otra-Conductor
2190881;11/04/2019;10:00:00 p. m.;Jueves;2019;Abril;MOTOCICLETA;PARTICULAR;Motociclista;20;MASCULINO;HERIDOS;0;0;0;0;CARRERA 48 CON CALLE 25 A SUR;;LAS VEGAS;6.185400850933313, -75.58369129945635;CHOQUE;VEHICULO;NO REPORTADO;RESIDENCIAL;Normal;Semaforo en rojo
2190882;12/04/2019;6:00:00 p. m.;Viernes;2019;Abril;BICICLETA;;Ciclista;12;MASCULINO;HERIDOS;0;0;0;;CALLE 38 A SUR CON CARRERA 46;;ALCALA;6.171357780474387, -75.59157833212781;CHOQUE;VEHICULO;NO REPORTADO;RESIDENCIAL;Normal;Impericia en el manejo
2190883;13/04/2019;12:05:00 a. m.;Sábado;2019;Abril;MOTOCICLETA;PARTICULAR;Motociclista;26;MASCULINO;HERIDOS;0;0;0;0;CALLE 40 SUR  CON CARRERA 25 B 10;;EL SALADO;6.153638693446536, -75.57876988636018;CAIDA OCUPANTE;NO REPORTADO;NO REPORTADO;RESIDENCIAL;Normal;Impericia en el manejo
2190883;13/04/2019;12:05:00 a. m.;Sábado;2019;Abril;MOTOCICLETA;PARTICULAR;Acompañante;20;MASCULINO;HERIDOS;0;0;0;0;CALLE 40 SUR  CON CARRERA 25 B 10;;EL SALADO;6.153638693446536, -75.57876988636018;CAIDA OCUPANTE;NO REPORTADO;NO REPORTADO;RESIDENCIAL;Normal;Impericia en el manejo
2190884;13/04/2019;12:35:00 a. m.;Sábado;2019;Abril;AUTOMOVIL;PARTICULAR;Acompañante;26;MASCULINO;HERIDOS;0;0;0;0;KILOMETRO 3+720;el escobero - km 0-13);VEREDA EL ESCOBERO;6.1304857436161475, -75.55272185844817;CHOQUE;OBJETO FIJO;OTRO TIPO;NO REPORTADO;Normal;Impericia en el manejo
2190884;13/04/2019;12:35:00 a. m.;Sábado;2019;Abril;AUTOMOVIL;PARTICULAR;Conductor;32;MASCULINO;HERIDOS;0;0;0;0;KILOMETRO 3+720;el escobero - km 0-13);VEREDA EL ESCOBERO;6.1304857436161475, -75.55272185844817;CHOQUE;OBJETO FIJO;OTRO TIPO;NO REPORTADO;Normal;Impericia en el manejo
2190885;12/04/2019;10:35:00 p. m.;Viernes;2019;Abril;MOTOCICLETA;PARTICULAR;Acompañante;20;FEMENINO;HERIDOS;0;0;0;0;CALLE 25 SUR CON CARRERA 44;;BOSQUES DE ZUÑIGA;6.182171151077607, -75.58151802832822;CHOQUE;VEHICULO;NO REPORTADO;RESIDENCIAL;Normal;Desobedecer señales  -  Impericia en el manejo
2190885;12/04/2019;10:35:00 p. m.;Viernes;2019;Abril;MOTOCICLETA;PARTICULAR;Motociclista;34;MASCULINO;HERIDOS;0;0;0;0;CALLE 25 SUR CON CARRERA 44;;BOSQUES DE ZUÑIGA;6.182171151077607, -75.58151802832822;CHOQUE;VEHICULO;NO REPORTADO;RESIDENCIAL;Normal;Desobedecer señales  -  Impericia en el manejo
2190887;13/04/2019;2:10:00 p. m.;Sábado;2019;Abril;AUTOMOVIL;PARTICULAR;Acompañante;52;FEMENINO;HERIDOS;0;0;0;0;CALLE 36D SUR CON CARRERA 26 A 62;;EL CHOCHO;6.1617017914586825, -75.56903717056963;CHOQUE;OBJETO FIJO;ARBOL;RESIDENCIAL;Normal;Impericia en el manejo
2190887;13/04/2019;2:10:00 p. m.;Sábado;2019;Abril;AUTOMOVIL;PARTICULAR;Acompañante;25;FEMENINO;HERIDOS;0;0;0;0;CALLE 36D SUR CON CARRERA 26 A 62;;EL CHOCHO;6.1617017914586825, -75.56903717056963;CHOQUE;OBJETO FIJO;ARBOL;RESIDENCIAL;Normal;Impericia en el manejo
2190901;15/04/2019;3:15:00 p. m.;Lunes;2019;Abril;MOTOCICLETA;PARTICULAR;Acompañante;47;FEMENINO;HERIDOS;0;0;0;;CARRERA 49 CON CALLE 25 A 10;;LAS VEGAS;6.186375, -75.584938;CAIDA OCUPANTE;NO REPORTADO;NO REPORTADO;RESIDENCIAL;Normal;Impericia en el manejo
2190901;15/04/2019;3:15:00 p. m.;Lunes;2019;Abril;MOTOCICLETA;PARTICULAR;Motociclista;50;MASCULINO;HERIDOS;0;0;0;;CARRERA 49 CON CALLE 25 A 10;;LAS VEGAS;6.186375, -75.584938;CAIDA OCUPANTE;NO REPORTADO;NO REPORTADO;RESIDENCIAL;Normal;Impericia en el manejo
2190913;13/04/2019;11:40:00 a. m.;Sábado;2019;Abril;MOTOCICLETA;PARTICULAR;Motociclista;42;MASCULINO;HERIDOS;0;0;0;0;CARRERA 45 CON CALLE 35 SUR 28;;SAN MARCOS;6.173271732377869, -75.58857129114983;CHOQUE;VEHICULO;NO REPORTADO;RESIDENCIAL;Normal;Adelantar por la derecha
2190914;14/04/2019;10:00:00 a. m.;Domingo;2019;Abril;MOTOCICLETA;PARTICULAR;Motociclista;28;MASCULINO;HERIDOS;0;0;0;0;CALLE 40 SUR CON CARRERA 28-16;;SAN JOSE;6.168244255377142, -75.59147135504439;CHOQUE;VEHICULO;NO REPORTADO;RESIDENCIAL;Normal;Adelantar invadiendo carril de sentido contrario
2190914;14/04/2019;10:00:00 a. m.;Domingo;2019;Abril;MOTOCICLETA;PARTICULAR;Acompañante;19;FEMENINO;HERIDOS;0;0;0;0;CALLE 40 SUR CON CARRERA 28-16;;SAN JOSE;6.168244255377142, -75.59147135504439;CHOQUE;VEHICULO;NO REPORTADO;RESIDENCIAL;Normal;Adelantar invadiendo carril de sentido contrario
2190914;14/04/2019;10:00:00 a. m.;Domingo;2019;Abril;MOTOCICLETA;PARTICULAR;Motociclista;22;MASCULINO;HERIDOS;0;0;0;0;CALLE 40 SUR CON CARRERA 28-16;;SAN JOSE;6.168244255377142, -75.59147135504439;CHOQUE;VEHICULO;NO REPORTADO;RESIDENCIAL;Normal;Adelantar invadiendo carril de sentido contrario
2190915;16/04/2019;11:00:00 a. m.;Martes;2019;Abril;CAMIONETA;PARTICULAR;Conductor;78;FEMENINO;HERIDOS;0;0;0;0;CARRERA 42 CON CALLE 40 DD SUR ;;EL DORADO;6.166290402186052, -75.58981981610297;CHOQUE;OBJETO FIJO;ARBOL;RESIDENCIAL;Normal;Impericia en el manejo
2190915;16/04/2019;11:00:00 a. m.;Martes;2019;Abril;CAMIONETA;PARTICULAR;Acompañante;21;MASCULINO;HERIDOS;0;0;0;0;CARRERA 42 CON CALLE 40 DD SUR ;;EL DORADO;6.166290402186052, -75.58981981610297;CHOQUE;OBJETO FIJO;ARBOL;RESIDENCIAL;Normal;Impericia en el manejo
2190916;15/04/2019;7:21:00 a. m.;Lunes;2019;Abril;MOTOCICLETA;PARTICULAR;Motociclista;23;MASCULINO;HERIDOS;0;0;0;0;CARRERA 24 B CON CALLE 40 G SUR;;LA MINA;6.152457165376803, -75.58068387478939;CHOQUE;VEHICULO;NO REPORTADO;RESIDENCIAL;Normal;No mantener distancia de seguridad
2190919;21/04/2019;4:30:00 p. m.;Domingo;2019;Abril;MOTOCICLETA;PARTICULAR;Motociclista;23;MASCULINO;HERIDOS;0;0;0;0;CARRERA 42 CON CALLE 40 H SUR ;;EL DORADO;6.165691194800191, -75.59091282081697;CHOQUE;VEHICULO;NO REPORTADO;RESIDENCIAL;Normal;Desobedecer señales
2190925;17/04/2019;12:18:00 p. m.;Miércoles;2019;Abril;BICICLETA;;Ciclista;76;MASCULINO;HERIDOS;0;0;0;0;TRANSVERSAL 32 C SUR CON DIAGONAL 31C;;LA MAGNOLIA;6.176580692163567, -75.5800983920677;CHOQUE;VEHICULO;NO REPORTADO;RESIDENCIAL;Normal;Desobedecer señales
2190941;15/04/2019;3:00:00 p. m.;Lunes;2019;Abril;MOTOCICLETA;PARTICULAR;Motociclista;61;MASCULINO;HERIDOS;0;0;0;0;CALLE 36 D SUR  CON CARRERA 4;;LA PRADERA;6.163103012047041, -75.57201765708359;CHOQUE;VEHICULO;NO REPORTADO;RESIDENCIAL;Normal;No mantener distancia de seguridad
2190943;21/04/2019;5:45:00 a. m.;Domingo;2019;Abril;CAMIONETA;PARTICULAR;Conductor;36;MASCULINO;HERIDOS;0;0;0;0;KILOMETRO 14+220;medell??n palmas envigado (km 12 - km 16+700);VEREDA PALMAS;6.156135939500997, -75.546587434558;VOLCAMIENTO;NO REPORTADO;NO REPORTADO;NO REPORTADO;Normal;Impericia en el manejo
2190944;17/04/2019;3:50:00 p. m.;Miércoles;2019;Abril;MOTOCICLETA;DIPLOMATICO;Motociclista;27;MASCULINO;HERIDOS;0;0;0;0;CARRERA 42 CON CALLE 36 SUR;;ZONA CENTRO;6.171286460432203, -75.5863837017753;CHOQUE;VEHICULO;NO REPORTADO;RESIDENCIAL;Normal;No respetar pelacion de interseccion o giros
2190946;17/04/2019;4:50:00 p. m.;Miércoles;2019;Abril;MOTOCICLETA;PARTICULAR;Motociclista;53;MASCULINO;HERIDOS;0;0;0;0;CARRERA 48 CON CALLE 30 SUR;;LAS VEGAS;6.179496718217783, -75.58819458527805;CHOQUE;VEHICULO;NO REPORTADO;RESIDENCIAL;Normal;Transitar entre vehiculos
2190948;19/04/2019;11:20:00 p. m.;Viernes;2019;Abril;AUTOMOVIL;PARTICULAR;Acompañante;14;FEMENINO;HERIDOS;0;0;0;0;CALLE 39 D SUR CON CARRERA 24 D 156;;EL SALADO;6.169128235831589, -75.59054570713364;CHOQUE;VEHICULO;NO REPORTADO;RESIDENCIAL;Normal;No mantener distancia de seguridad
2190949;20/04/2019;4:50:00 a. m.;Sábado;2019;Abril;BUS;PUBLICO;Peaton;36;FEMENINO;HERIDOS;0;0;0;0;CARRERA 43 A CON CALLE 39 SUR;;ZONA CENTRO;6.169293428020095, -75.58947517488228;ATROPELLO;NO REPORTADO;NO REPORTADO;RESIDENCIAL;Normal;Desobedecer señales
2190950;20/04/2019;3:00:00 p. m.;Sábado;2019;Abril;MOTOCICLETA;PARTICULAR;Motociclista;24;MASCULINO;HERIDOS;0;0;0;0;CARRERA 29 A CON CALLE 39 SUR 77;;MESA;6.163909325109858, -75.58082823164956;ATROPELLO;NO REPORTADO;NO REPORTADO;RESIDENCIAL;Normal;Cruzar sin observar
2190950;20/04/2019;3:00:00 p. m.;Sábado;2019;Abril;MOTOCICLETA;PARTICULAR;Acompañante;24;MASCULINO;HERIDOS;0;0;0;0;CARRERA 29 A CON CALLE 39 SUR 77;;MESA;6.163909325109858, -75.58082823164956;ATROPELLO;NO REPORTADO;NO REPORTADO;RESIDENCIAL;Normal;Cruzar sin observar
2190951;20/04/2019;8:50:00 a. m.;Sábado;2019;Abril;MOTOCICLETA;PARTICULAR;Motociclista;21;MASCULINO;HERIDOS;0;0;0;0;CARRERA 50 CON CALLE 37 SUR;;LAS VEGAS;6.175135, -75.595369;CHOQUE;VEHICULO;NO REPORTADO;RESIDENCIAL;Normal;No respetar prelacion
2190952;21/04/2019;12:00:00 p. m.;Domingo;2019;Abril;MOTOCICLETA;PARTICULAR;Motociclista;35;MASCULINO;HERIDOS;0;0;0;;KILOMETRO 14+100;medell??n palmas envigado (km 12 - km 16+700);VEREDA PALMAS;6.1570684241846445, -75.54669388123231;CAIDA OCUPANTE;NO REPORTADO;NO REPORTADO;NO REPORTADO;Normal;Superficie lisa
2190953;22/04/2019;1:30:00 p. m.;Lunes;2019;Abril;MOTOCICLETA;PARTICULAR;Motociclista;33;FEMENINO;HERIDOS;0;0;0;0;CARRERA 48 CON CALLE 27 SUR;;LAS VEGAS;6.18151165128077, -75.58689622831888;CHOQUE;VEHICULO;NO REPORTADO;RESIDENCIAL;Normal;No mantener distancia de seguridad
2190970;23/04/2019;1:20:00 p. m.;Martes;2019;Abril;BICICLETA;;Ciclista;34;MASCULINO;HERIDOS;0;0;0;0;CALLE 37 SUR CON CARRERA 49;;LAS VEGAS;6.174431620837423, -75.59372175798262;CHOQUE;VEHICULO;NO REPORTADO;RESIDENCIAL;Normal;No mantener distancia de seguridad
2190970;23/04/2019;1:20:00 p. m.;Martes;2019;Abril;MOTOCICLETA;PARTICULAR;Motociclista;19;MASCULINO;HERIDOS;0;0;0;0;CALLE 37 SUR CON CARRERA 49;;LAS VEGAS;6.174431620837423, -75.59372175798262;CHOQUE;VEHICULO;NO REPORTADO;RESIDENCIAL;Normal;No mantener distancia de seguridad
2190971;23/04/2019;2:15:00 p. m.;Martes;2019;Abril;MOTOCICLETA;OFICIAL;Motociclista;38;MASCULINO;HERIDOS;0;0;0;0;CARRERA 46 CON CALLE 39 A SUR;;ALCALA;6.17022278852856, -75.59291995693363;CHOQUE;VEHICULO;NO REPORTADO;RESIDENCIAL;Normal;Transitar entre vehiculos