NRO_RADICADO;FECHA_ACCIDENTE;HORA_ACCIDENTE;Día de la semana;AÑO;MES;CLASE_VEHICULO;TIPO_SERVICIO;TIPO_VICTIMA;EDAD;GENERO;GRAVEDAD;ESTADO_BEODEZ;ESTADO_DROGA;RESULTADO_BEODEZ;RESUL_BEODEZ_GRAMOS;DIRECCION_CARACT_VIA;TRAMO_VIA;LOCALIDAD_O_COMUNA;    GEORREFERENCIACIÓN;DESC_CLASE_ACCIDENTE;DESC_CHOQUE_ACCIDENTE;DESC_OBJETO_FIJO;DESC_SECTOR_ACCIDENTE;CONDICION_CLIMATICA;CAUSA_ACCIDENTE
2190971;23/04/2019;2:15:00 p. m.;Martes;2019;Abril;MOTOCICLETA;OFICIAL;Acompañante;38;MASCULINO;HERIDOS;0;0;0;0;CARRERA 46 CON CALLE 39 A SUR;;ALCALA;6.17022278852856, -75.59291995693363;CHOQUE;VEHICULO;NO REPORTADO;RESIDENCIAL;Normal;Transitar entre vehiculos
2190973;24/04/2019;3:40:00 p. m.;Miércoles;2019;Abril;MOTOCICLETA;PARTICULAR;Motociclista;26;FEMENINO;HERIDOS;0;0;0;0;CARRERA 48 CON CALLE 40 SUR;;LAS VEGAS;6.170202221511721, -75.59527677078822;CAIDA OCUPANTE;NO REPORTADO;NO REPORTADO;RESIDENCIAL;Lluvia;Impericia en el manejo
2190974;24/04/2019;2:40:00 p. m.;Miércoles;2019;Abril;MOTOCICLETA;PARTICULAR;Motociclista;26;MASCULINO;HERIDOS;0;0;0;0;CARRERA 50 CON CALLE 27 SUR;;LAS VEGAS;6.183503, -75.588505;CHOQUE;VEHICULO;NO REPORTADO;RESIDENCIAL;Lluvia;No mantener distancia de seguridad
2190975;23/04/2019;12:15:00 p. m.;Martes;2019;Abril;MICROBUS;PUBLICO;Pasajero;29;FEMENINO;HERIDOS;0;0;0;0;CALLE 37 SUR CON CARRERA 37;;MESA;6.168300453653946, -75.58378122428755;CAIDA OCUPANTE;NO REPORTADO;NO REPORTADO;RESIDENCIAL;Normal;Ausencia o deficencia en demarcacion
2190975;23/04/2019;12:15:00 p. m.;Martes;2019;Abril;MICROBUS;PUBLICO;Pasajero;56;FEMENINO;HERIDOS;0;0;0;0;CALLE 37 SUR CON CARRERA 37;;MESA;6.168300453653946, -75.58378122428755;CAIDA OCUPANTE;NO REPORTADO;NO REPORTADO;RESIDENCIAL;Normal;Ausencia o deficencia en demarcacion
2190976;24/04/2019;9:41:00 p. m.;Miércoles;2019;Abril;AUTOMOVIL;PARTICULAR;Peaton;49;MASCULINO;MUERTOS;0;0;0;0;CALLE 53 C SUR CON CARRERA 40 B 35;;LOMA DEL BARRO;6.155847, -75.603375;ATROPELLO;NO REPORTADO;NO REPORTADO;RESIDENCIAL;Lluvia;Pararse sobre la calzada
2190985;24/04/2019;8:50:00 p. m.;Miércoles;2019;Abril;BUS;PUBLICO;Pasajero;55;FEMENINO;HERIDOS;0;0;0;0;CARRERA 43 A CON CALLE 33 B SUR;;SAN MARCOS;6.1734822875352755, -75.58689441542475;CAIDA OCUPANTE;NO REPORTADO;NO REPORTADO;RESIDENCIAL;Normal;Descender o subir del vehiculo en marcha
2190988;25/04/2019;3:30:00 p. m.;Jueves;2019;Abril;MOTOCICLETA;PARTICULAR;Motociclista;24;MASCULINO;HERIDOS;0;0;0;0;TRANSVERSAL 27 A SUR CON CARRERA 42B;;PONTE VEDRA;6.1782587573325545, -75.58227860556254;CHOQUE;VEHICULO;NO REPORTADO;RESIDENCIAL;Normal;Desobedecer señales
2190992;25/04/2019;11:30:00 a. m.;Jueves;2019;Abril;MOTOCICLETA;PARTICULAR;Motociclista;22;MASCULINO;HERIDOS;0;0;0;0;CALLE 38 SUR CON CARRERA 35;;MESA;6.167267495952001, -75.58315050547435;CHOQUE;VEHICULO;NO REPORTADO;RESIDENCIAL;Lluvia;Desobedecer señales
2190993;24/04/2019;8:05:00 a. m.;Miércoles;2019;Abril;MOTOCICLETA;PARTICULAR;Motociclista;35;MASCULINO;HERIDOS;0;0;0;0;CALLE 37 SUR CON CARRERA 38-50;;MESA;6.169303430184565, -75.58433726314561;CHOQUE;VEHICULO;NO REPORTADO;RESIDENCIAL;Normal;No mantener distancia de seguridad
2190994;27/04/2019;6:19:00 p. m.;Sábado;2019;Abril;CAMION;PUBLICO;Peaton;57;MASCULINO;MUERTOS;0;0;0;0;CALLE 43 SUR  CON CARRERA 48-127;;LAS VEGAS;6.169235, -75.598508;ATROPELLO;NO REPORTADO;NO REPORTADO;RESIDENCIAL;Normal;Arrancar sin precaucion
2190997;27/04/2019;3:30:00 p. m.;Sábado;2019;Abril;AUTOMOVIL;PARTICULAR;Peaton;7;MASCULINO;HERIDOS;0;0;0;0;DIAGONAL 29 CON CALLE  32 A SUR 33;;ALTO DE MISAEL;6.174541087428845, -75.57766272185424;ATROPELLO;NO REPORTADO;NO REPORTADO;RESIDENCIAL;Normal;Cruzar sin observar
2190999;27/04/2019;9:20:00 p. m.;Sábado;2019;Abril;MOTOCICLETA;PARTICULAR;Motociclista;27;MASCULINO;HERIDOS;0;0;0;0;CARRERA 50 CON CALLE 19 SUR;;LAS VEGAS;6.188167, -75.583364;CHOQUE;VEHICULO;NO REPORTADO;RESIDENCIAL;Normal;Adelantar por la derecha
2190999;27/04/2019;9:20:00 p. m.;Sábado;2019;Abril;MOTOCICLETA;PARTICULAR;Motociclista;22;MASCULINO;HERIDOS;0;0;0;0;CARRERA 50 CON CALLE 19 SUR;;LAS VEGAS;6.188167, -75.583364;CHOQUE;VEHICULO;NO REPORTADO;RESIDENCIAL;Normal;Adelantar por la derecha
2191003;27/04/2019;8:30:00 a. m.;Sábado;2019;Abril;MOTOCICLETA;PARTICULAR;Motociclista;31;MASCULINO;HERIDOS;0;0;0;0;CARRERA 50 CON CALLE 25 SUR;;LAS VEGAS;6.186957, -75.584471;CHOQUE;VEHICULO;NO REPORTADO;RESIDENCIAL;Normal;No mantener distancia de seguridad
2191007;27/04/2019;9:10:00 a. m.;Sábado;2019;Abril;MOTOCICLETA;PARTICULAR;Motociclista;35;MASCULINO;HERIDOS;0;0;0;0;CARRERA 48 CON CALLE 25 SUR;;LAS VEGAS;6.185476183699448, -75.58319317022531;ATROPELLO;NO REPORTADO;NO REPORTADO;RESIDENCIAL;Normal;Pasar semaforo en rojo
2191007;27/04/2019;9:10:00 a. m.;Sábado;2019;Abril;MOTOCICLETA;PARTICULAR;Peaton;49;MASCULINO;HERIDOS;0;0;0;0;CARRERA 48 CON CALLE 25 SUR;;LAS VEGAS;6.185476183699448, -75.58319317022531;ATROPELLO;NO REPORTADO;NO REPORTADO;RESIDENCIAL;Normal;Pasar semaforo en rojo
2191009;27/04/2019;3:00:00 a. m.;Sábado;2019;Abril;MOTOCICLETA;PARTICULAR;Motociclista;26;MASCULINO;HERIDOS;0;0;0;0;CARRERA 43 A CON CALLE 30 SUR;;JARDINES;6.177270390504717, -75.5852439190574;CHOQUE;VEHICULO;NO REPORTADO;RESIDENCIAL;Normal;Impericia en el manejo
2191010;27/04/2019;6:50:00 a. m.;Sábado;2019;Abril;MOTOCICLETA;PARTICULAR;Acompañante;12;MASCULINO;HERIDOS;0;0;0;0;CARRERA 50 CON CALLE 26 SUR;;LAS VEGAS;6.184920, -75.587152;CHOQUE;VEHICULO;NO REPORTADO;RESIDENCIAL;Normal;No mantener distancia de seguridad
2191010;27/04/2019;6:50:00 a. m.;Sábado;2019;Abril;MOTOCICLETA;PARTICULAR;Motociclista;30;FEMENINO;HERIDOS;0;0;0;0;CARRERA 50 CON CALLE 26 SUR;;LAS VEGAS;6.184920, -75.587152;CHOQUE;VEHICULO;NO REPORTADO;RESIDENCIAL;Normal;No mantener distancia de seguridad
2191018;26/04/2019;5:00:00 p. m.;Viernes;2019;Abril;MOTOCICLETA;PARTICULAR;Motociclista;30;MASCULINO;HERIDOS;0;0;0;0;CALLE 38 A SUR  CON CARRERA 33-03;;MESA;6.1660284982519356, -75.58256864780309;CHOQUE;VEHICULO;NO REPORTADO;RESIDENCIAL;Normal;Desobedecer señales
2191019;25/04/2019;6:30:00 a. m.;Jueves;2019;Abril;AUTOMOVIL;PARTICULAR;Conductor;27;MASCULINO;HERIDOS;0;0;0;0;TRANSVERSAL 32 C SUR CON DIAGONAL 33;;LA MAGNOLIA;6.17447849280085, -75.58450636138731;CHOQUE;VEHICULO;NO REPORTADO;RESIDENCIAL;Normal;Desobedecer señales
2191020;26/04/2019;9:10:00 p. m.;Viernes;2019;Abril;MICROBUS;PUBLICO;Pasajero;22;FEMENINO;HERIDOS;0;0;0;0;CARRERA 48 CON CALLE 50 SUR;;LAS VEGAS;6.162072458716961, -75.60353659646475;CAIDA OCUPANTE;NO REPORTADO;NO REPORTADO;RESIDENCIAL;Normal;Frenar bruscamente
2191021;26/04/2019;12:55:00 p. m.;Viernes;2019;Abril;MOTOCICLETA;PARTICULAR;Motociclista;24;FEMENINO;HERIDOS;0;0;0;0;CARRERA 48 CON CALLE 38 SUR;;LAS VEGAS;6.1728750073445156, -75.59282694398259;CHOQUE;VEHICULO;NO REPORTADO;RESIDENCIAL;Normal;Impericia en el manejo
2191022;27/04/2019;8:30:00 a. m.;Sábado;2019;Abril;MOTOCICLETA;PARTICULAR;Peaton;11;MASCULINO;HERIDOS;0;0;0;0;CARRERA 48 CON CALLE 49 SUR;;LAS CASITAS;6.163050162859091, -75.60243147678031;ATROPELLO;NO REPORTADO;NO REPORTADO;RESIDENCIAL;Normal;Transitar entre vehiculos
2191023;27/04/2019;6:50:00 a. m.;Sábado;2019;Abril;MOTOCICLETA;PARTICULAR;Motociclista;23;MASCULINO;HERIDOS;0;0;0;0;CARRERA 50 CON CALLE 25 AA SUR;;LAS VEGAS;6.185690, -75.586150;CHOQUE;VEHICULO;NO REPORTADO;RESIDENCIAL;Normal;Transitar entre vehiculos
2191025;29/04/2019;4:30:00 p. m.;Lunes;2019;Abril;MOTOCICLETA;PARTICULAR;Motociclista;42;MASCULINO;HERIDOS;0;0;0;0;CARRERA 43 A CON CALLE 23 SUR 93;;BOSQUES DE ZUÑIGA;6.182157745274801, -75.58060058693907;CHOQUE;VEHICULO;NO REPORTADO;RESIDENCIAL;Normal;No mantener distancia de seguridad
2191025;29/04/2019;4:30:00 p. m.;Lunes;2019;Abril;AUTOMOVIL;PUBLICO;Pasajero;0;FEMENINO;HERIDOS;0;0;0;0;CARRERA 43 A CON CALLE 23 SUR 93;;BOSQUES DE ZUÑIGA;6.182157745274801, -75.58060058693907;CHOQUE;VEHICULO;NO REPORTADO;RESIDENCIAL;Normal;No mantener distancia de seguridad
2191026;29/04/2019;7:40:00 a. m.;Lunes;2019;Abril;MOTOCICLETA;PARTICULAR;Motociclista;21;MASCULINO;HERIDOS;0;0;0;;KILOMETRO 3+200;el escobero - km 0-13);VEREDA EL ESCOBERO;6.134695220441028, -75.55429904857374;CAIDA OCUPANTE;NO REPORTADO;NO REPORTADO;NO REPORTADO;Normal;Impericia en el manejo
2191026;29/04/2019;7:40:00 a. m.;Lunes;2019;Abril;MOTOCICLETA;PARTICULAR;Acompañante;22;MASCULINO;HERIDOS;0;0;0;;KILOMETRO 3+200;el escobero - km 0-13);VEREDA EL ESCOBERO;6.134695220441028, -75.55429904857374;CAIDA OCUPANTE;NO REPORTADO;NO REPORTADO;NO REPORTADO;Normal;Impericia en el manejo
2191052;29/04/2019;7:05:00 a. m.;Lunes;2019;Abril;MOTOCICLETA;PARTICULAR;Motociclista;29;FEMENINO;HERIDOS;0;0;0;0;CARRERA 49 A CON CALLE  46 A SUR ;;LAS VEGAS;6.167889, -75.602347;CHOQUE;VEHICULO;NO REPORTADO;RESIDENCIAL;Normal;No respetar pelacion de interseccion o giros
2191053;30/04/2019;1:10:00 p. m.;Martes;2019;Abril;MOTOCICLETA;PARTICULAR;Motociclista;31;MASCULINO;HERIDOS;0;0;0;0;CARRERA 43 A CON CALLE 41 B SUR 96;;PRIMAVERA;6.166806731688705, -75.59259644420182;CHOQUE;VEHICULO;NO REPORTADO;RESIDENCIAL;Normal;No mantener distancia de seguridad
2191078;5/05/2019;10:25:00 a. m.;Domingo;2019;Mayo;MOTOCICLETA;PARTICULAR;Motociclista;21;MASCULINO;MUERTOS;0;0;0;0;CALLE 26 B SUR CON CARRERA 42;;LAS ORQUIDEAS;6.177289, -75.579876;CHOQUE;VEHICULO;NO REPORTADO;RESIDENCIAL;Normal;Impericia en el manejo
2191078;5/05/2019;10:25:00 a. m.;Domingo;2019;Mayo;MOTOCICLETA;PARTICULAR;Motociclista;32;MASCULINO;HERIDOS;0;0;0;0;CALLE 26 B SUR CON CARRERA 42;;LAS ORQUIDEAS;6.177289, -75.579876;CHOQUE;VEHICULO;NO REPORTADO;RESIDENCIAL;Normal;Impericia en el manejo
2191078;5/05/2019;10:25:00 a. m.;Domingo;2019;Mayo;MOTOCICLETA;PARTICULAR;Acompañante;26;FEMENINO;HERIDOS;0;0;0;0;CALLE 26 B SUR CON CARRERA 42;;LAS ORQUIDEAS;6.177289, -75.579876;CHOQUE;VEHICULO;NO REPORTADO;RESIDENCIAL;Normal;Impericia en el manejo
2191084;4/05/2019;3:10:00 p. m.;Sábado;2019;Mayo;MOTOCICLETA;PARTICULAR;Motociclista;22;MASCULINO;HERIDOS;0;0;0;0;CARRERA 50 CON CALLE 46 A SUR;;LAS VEGAS;6.168548, -75.602176;CHOQUE;VEHICULO;NO REPORTADO;RESIDENCIAL;Normal;Adelantar cerrando  -  Adelantar por la derecha
2191085;3/05/2019;12:55:00 p. m.;Viernes;2019;Mayo;MOTOCICLETA;PARTICULAR;Motociclista;22;MASCULINO;HERIDOS;0;0;0;0;KILOMETRO 14 + 460;medell??n palmas envigado (km 12 - km 16+700);VEREDA PALMAS;6.154633113612209, -75.54508230085982;CHOQUE;VEHICULO;NO REPORTADO;NO REPORTADO;Normal;No mantener distancia de seguridad
2191086;3/05/2019;1:00:00 p. m.;Viernes;2019;Mayo;MOTOCICLETA;PARTICULAR;Motociclista;35;MASCULINO;HERIDOS;0;0;0;0;CARRERA 40A CON CALLE 48 SUR;;EL TRIANON;6.159130665331627, -75.59490009338879;CHOQUE;VEHICULO;NO REPORTADO;RESIDENCIAL;Normal;Desobedecer señales
2191087;3/05/2019;8:50:00 a. m.;Viernes;2019;Mayo;MOTOCICLETA;PARTICULAR;Motociclista;19;MASCULINO;HERIDOS;0;0;0;0;CARRERA 48 CON CALLE 50 SUR;;LAS VEGAS;6.162072458716961, -75.60353659646475;CHOQUE;VEHICULO;NO REPORTADO;RESIDENCIAL;Normal;Adelantar cerrando  -  Adelantar invadiendo carril del mismo sentido en zigzag
2191088;4/05/2019;12:30:00 p. m.;Sábado;2019;Mayo;BUS;PUBLICO;Pasajero;64;FEMENINO;HERIDOS;0;0;0;0;CARRERA 48 CON CALLE 25 SUR;;LAS VEGAS;6.185476183699448, -75.58319317022531;CHOQUE;VEHICULO;NO REPORTADO;RESIDENCIAL;Normal;No mantener distancia de seguridad
2191091;6/05/2019;4:40:00 p. m.;Lunes;2019;Mayo;MOTOCICLETA;PARTICULAR;Motociclista;47;MASCULINO;HERIDOS;0;0;0;0;CALLE 21 SUR CON CARRERA 41-117;;ZUÑIGA;6.181999589219205, -75.57718815049455;CHOQUE;VEHICULO;NO REPORTADO;RESIDENCIAL;Normal;Adelantar cerrando
2191093;6/05/2019;7:45:00 p. m.;Lunes;2019;Mayo;AUTOMOVIL;PARTICULAR;Peaton;72;MASCULINO;MUERTOS;0;0;0;0;KILOMETRO 14+220;retiro varia palmas enviga (km 5+43 - km 14+ 550);VEREDA PALMAS;6.154289106970035, -75.53156895589386;ATROPELLO;NO REPORTADO;NO REPORTADO;NO REPORTADO;Normal;Otra-Conductor
2191094;6/05/2019;6:20:00 a. m.;Lunes;2019;Mayo;MOTOCICLETA;PARTICULAR;Acompañante;20;FEMENINO;HERIDOS;0;0;0;;CARRERA 49 A CON CALLE 37 SUR;;LAS VEGAS;6.175555, -75.594665;CAIDA OCUPANTE;NO REPORTADO;NO REPORTADO;RESIDENCIAL;Normal;Impericia en el manejo
2191095;7/05/2019;7:15:00 a. m.;Martes;2019;Mayo;MOTOCICLETA;PARTICULAR;Acompañante;30;FEMENINO;HERIDOS;0;0;0;0;CARRERA 48 CON CALLE 19 SUR 21;;LAS VEGAS;6.18847993381602, -75.58176617766696;CAIDA OCUPANTE;NO REPORTADO;NO REPORTADO;RESIDENCIAL;Normal;Transitar distante de la acera u orilla 
2191101;8/05/2019;9:00:00 a. m.;Miércoles;2019;Mayo;MOTOCICLETA;PARTICULAR;Motociclista;46;MASCULINO;HERIDOS;0;0;0;0;CALLE 26 B SUR  CON CARRERA 42B;;LAS ORQUIDEAS;6.179346047064961, -75.5809748362099;CHOQUE;VEHICULO;NO REPORTADO;RESIDENCIAL;Normal;Girar bruscamente  -  Otra-Via
2191103;7/05/2019;10:40:00 a. m.;Martes;2019;Mayo;BICICLETA;;Peaton;65;FEMENINO;HERIDOS;0;0;0;0;CARRERA 43 A CON CALLE 44 SUR 07;;MILAN VALLEJUELOS;6.165697662237952, -75.59410979206787;ATROPELLO;NO REPORTADO;NO REPORTADO;RESIDENCIAL;Normal;Transitar por la calzada
2191103;7/05/2019;10:40:00 a. m.;Martes;2019;Mayo;BICICLETA;;Ciclista;37;FEMENINO;HERIDOS;0;0;0;0;CARRERA 43 A CON CALLE 44 SUR 07;;MILAN VALLEJUELOS;6.165697662237952, -75.59410979206787;ATROPELLO;NO REPORTADO;NO REPORTADO;RESIDENCIAL;Normal;Transitar por la calzada
2191104;8/05/2019;8:10:00 a. m.;Miércoles;2019;Mayo;MOTOCICLETA;PARTICULAR;Acompañante;19;FEMENINO;HERIDOS;0;0;0;0;CALLE 38 SUR CON CARRERA 29;;LA PRADERA;6.1656214756590755, -75.58082573164032;CAIDA OCUPANTE;NO REPORTADO;NO REPORTADO;RESIDENCIAL;Lluvia;Impericia en el manejo
2191105;6/05/2019;4:00:00 p. m.;Lunes;2019;Mayo;MOTOCICLETA;PARTICULAR;Motociclista;39;MASCULINO;HERIDOS;0;0;0;0;KILOMETRO 14+900;medell??n palmas envigado (km 12 - km 16+700);VEREDA PALMAS;6.152428865448503, -75.5466343771415;OTRO;NO REPORTADO;NO REPORTADO;NO REPORTADO;Normal;Impericia en el manejo
2191125;7/05/2019;5:50:00 p. m.;Martes;2019;Mayo;MOTOCICLETA;PARTICULAR;Acompañante;54;FEMENINO;HERIDOS;0;0;0;0;CALLE 38 SUR CON CARRERA 41-17;;ZONA CENTRO;6.169509402753973, -75.58660161629541;ATROPELLO;NO REPORTADO;NO REPORTADO;RESIDENCIAL;Normal;Salir por delante de un vehiculo  -  Transitar entre vehiculos
2191125;7/05/2019;5:50:00 p. m.;Martes;2019;Mayo;MOTOCICLETA;PARTICULAR;Motociclista;29;FEMENINO;HERIDOS;0;0;0;0;CALLE 38 SUR CON CARRERA 41-17;;ZONA CENTRO;6.169509402753973, -75.58660161629541;ATROPELLO;NO REPORTADO;NO REPORTADO;RESIDENCIAL;Normal;Salir por delante de un vehiculo  -  Transitar entre vehiculos
2191126;8/05/2019;8:15:00 a. m.;Miércoles;2019;Mayo;MICROBUS;PUBLICO;Pasajero;31;FEMENINO;HERIDOS;0;0;0;0;KILOMETRO 11+400;retiro varia palmas enviga (km 5+43 - km 14+ 550);VEREDA PALMAS;6.163103200365872, -75.51499563015662;VOLCAMIENTO;NO REPORTADO;NO REPORTADO;NO REPORTADO;Normal;Impericia en el manejo
2191131;9/05/2019;1:45:00 p. m.;Jueves;2019;Mayo;MOTOCICLETA;PARTICULAR;Motociclista;31;FEMENINO;HERIDOS;0;0;0;0;CARRERA 48 CON CALLE 30 SUR;;LAS VEGAS;6.179496718217783, -75.58819458527805;CHOQUE;VEHICULO;NO REPORTADO;RESIDENCIAL;Normal;No mantener distancia de seguridad
2191132;9/05/2019;10:30:00 a. m.;Jueves;2019;Mayo;MOTOCICLETA;PARTICULAR;Motociclista;20;MASCULINO;HERIDOS;0;0;0;0;CARRERA 48 CON CALLE 39B SUR 10;;ALCALA;6.170402613777243, -75.59491588688266;CHOQUE;VEHICULO;NO REPORTADO;RESIDENCIAL;Normal;Girar bruscamente
2191140;9/05/2019;1:20:00 p. m.;Jueves;2019;Mayo;MOTOCICLETA;PARTICULAR;Acompañante;26;FEMENINO;HERIDOS;0;0;0;0;CARRERA 36 CON CALLE 40AA SUR;;SAN JOSE;6.164611631409198, -75.58539390732392;CHOQUE;VEHICULO;NO REPORTADO;RESIDENCIAL;Normal;Desobedecer señales
2191142;9/05/2019;6:10:00 a. m.;Jueves;2019;Mayo;MOTOCICLETA;PARTICULAR;Motociclista;52;MASCULINO;HERIDOS;0;0;0;0;CALLE 49D SUR CON CARRERA 39B 155;;LOMA DEL BARRO;6.1577016943785505, -75.60028543498022;CHOQUE;VEHICULO;NO REPORTADO;RESIDENCIAL;Normal;Impericia en el manejo
2191142;9/05/2019;6:10:00 a. m.;Jueves;2019;Mayo;MOTOCICLETA;PARTICULAR;Acompañante;16;FEMENINO;HERIDOS;0;0;0;0;CALLE 49D SUR CON CARRERA 39B 155;;LOMA DEL BARRO;6.1577016943785505, -75.60028543498022;CHOQUE;VEHICULO;NO REPORTADO;RESIDENCIAL;Normal;Impericia en el manejo
2191143;11/05/2019;12:05:00 p. m.;Sábado;2019;Mayo;MOTOCICLETA;PARTICULAR;Motociclista;56;FEMENINO;HERIDOS;0;0;0;0;CALLE 37 SUR CON CARRERA 39-4;;ZONA CENTRO;6.169119328100856, -75.58476098828218;CHOQUE;VEHICULO;NO REPORTADO;RESIDENCIAL;Normal;Impericia en el manejo
2191144;9/05/2019;5:40:00 a. m.;Jueves;2019;Mayo;MOTOCICLETA;PARTICULAR;Motociclista;49;MASCULINO;HERIDOS;0;0;0;;CALLE 39D SUR CON CARRERA 24EE 200;;EL SALADO;6.177495096530359, -75.59002417504786;CAIDA OCUPANTE;NO REPORTADO;NO REPORTADO;RESIDENCIAL;Normal;Impericia en el manejo
2191144;9/05/2019;5:40:00 a. m.;Jueves;2019;Mayo;MOTOCICLETA;PARTICULAR;Acompañante;24;FEMENINO;HERIDOS;0;0;0;;CALLE 39D SUR CON CARRERA 24EE 200;;EL SALADO;6.177495096530359, -75.59002417504786;CAIDA OCUPANTE;NO REPORTADO;NO REPORTADO;RESIDENCIAL;Normal;Impericia en el manejo
2191145;10/05/2019;4:15:00 p. m.;Viernes;2019;Mayo;MOTOCICLETA;PARTICULAR;Motociclista;57;MASCULINO;HERIDOS;0;0;0;0;TRANSVERSAL 34 SUR CON DIAGONAL 32D;;OBRERO;6.1728156274022945, -75.58316534789245;CHOQUE;VEHICULO;NO REPORTADO;RESIDENCIAL;Normal;Desobedecer señales
2191147;10/05/2019;5:30:00 a. m.;Viernes;2019;Mayo;MOTOCICLETA;PARTICULAR;Acompañante;31;MASCULINO;HERIDOS;0;0;0;0;CARRERA 48 CON CALLE 40 SUR;;LAS VEGAS;6.170220061034249, -75.59578144973783;CHOQUE;VEHICULO;NO REPORTADO;RESIDENCIAL;Normal;Adelantar cerrando
2191147;10/05/2019;5:30:00 a. m.;Viernes;2019;Mayo;MOTOCICLETA;PARTICULAR;Motociclista;24;MASCULINO;HERIDOS;0;0;0;0;CARRERA 48 CON CALLE 40 SUR;;LAS VEGAS;6.170220061034249, -75.59578144973783;CHOQUE;VEHICULO;NO REPORTADO;RESIDENCIAL;Normal;Adelantar cerrando
2191148;11/05/2019;7:30:00 a. m.;Sábado;2019;Mayo;BICICLETA;;Ciclista;27;MASCULINO;HERIDOS;0;0;0;0;KILOMETRO 12 + 350;medell??n palmas envigado (km 12 - km 16+700);VEREDA PALMAS;6.15872327907016, -75.5208614880034;CHOQUE;VEHICULO;NO REPORTADO;NO REPORTADO;Normal;Impericia en el manejo
2191148;11/05/2019;7:30:00 a. m.;Sábado;2019;Mayo;MOTOCICLETA;PARTICULAR;Motociclista;29;MASCULINO;HERIDOS;0;0;0;0;KILOMETRO 12 + 350;medell??n palmas envigado (km 12 - km 16+700);VEREDA PALMAS;6.15872327907016, -75.5208614880034;CHOQUE;VEHICULO;NO REPORTADO;NO REPORTADO;Normal;Impericia en el manejo
2191149;11/05/2019;7:45:00 a. m.;Sábado;2019;Mayo;MOTOCICLETA;PARTICULAR;Motociclista;32;FEMENINO;HERIDOS;0;0;0;0;CALLE 40B SUR CON CARRERA 39A;;EL DORADO;6.165313217922576, -75.58730890307521;CHOQUE;VEHICULO;NO REPORTADO;RESIDENCIAL;Normal;No respetar pelacion de interseccion o giros
2191150;12/05/2019;10:40:00 p. m.;Domingo;2019;Mayo;MOTOCICLETA;PARTICULAR;Acompañante;25;FEMENINO;HERIDOS;0;0;0;0;CARRERA 46C CON CALLE 46 SUR;;PRIMAVERA;6.165644123980205, -75.59792419904964;CHOQUE;VEHICULO;NO REPORTADO;RESIDENCIAL;Normal;Desobedecer señales
2191182;14/05/2019;3:30:00 p. m.;Martes;2019;Mayo;MOTOCICLETA;PARTICULAR;Motociclista;27;MASCULINO;HERIDOS;0;0;0;0;CARRERA 50 CON CALLE 48 SUR 100;;LAS VEGAS;6.166087, -75.602677;CAIDA OCUPANTE;NO REPORTADO;NO REPORTADO;RESIDENCIAL;Normal;Fallas en las llantas
2191182;14/05/2019;3:30:00 p. m.;Martes;2019;Mayo;MOTOCICLETA;PARTICULAR;Acompañante;32;FEMENINO;HERIDOS;0;0;0;0;CARRERA 50 CON CALLE 48 SUR 100;;LAS VEGAS;6.166087, -75.602677;CAIDA OCUPANTE;NO REPORTADO;NO REPORTADO;RESIDENCIAL;Normal;Fallas en las llantas
2191192;14/05/2019;2:00:00 p. m.;Martes;2019;Mayo;MOTOCICLETA;PARTICULAR;Motociclista;19;MASCULINO;HERIDOS;0;0;0;0;CALLE 36D SUR CON CARRERA 27-160;;LA PRADERA;6.163900863260414, -75.57189833615952;CHOQUE;VEHICULO;NO REPORTADO;RESIDENCIAL;Normal;Adelantar en zona prohibida
2191196;15/05/2019;9:56:00 p. m.;Miércoles;2019;Mayo;BICICLETA;;Ciclista;42;MASCULINO;HERIDOS;0;0;0;0;CALLE 37 SUR CON CARRERA 34-28;;LOS NARANJOS;6.165898397026032, -75.57823864595349;CHOQUE;VEHICULO;NO REPORTADO;RESIDENCIAL;Normal;No respetar pelacion de interseccion o giros
2191198;14/05/2019;2:20:00 p. m.;Martes;2019;Mayo;MOTOCICLETA;PARTICULAR;Motociclista;34;MASCULINO;HERIDOS;0;0;0;0;CARRERA 48 CON CALLE 25 A SUR 81;;LAS VEGAS;6.185495064544288, -75.5844288216141;CHOQUE;VEHICULO;NO REPORTADO;RESIDENCIAL;Normal;Impericia en el manejo  -  No mantener distancia de seguridad
2191207;15/05/2019;11:20:00 a. m.;Miércoles;2019;Mayo;CAMIONETA;PARTICULAR;Peaton;20;FEMENINO;HERIDOS;0;0;0;0;CARRERA 48 CON CALLE 32B SUR 139;;LAS VEGAS;6.1762844337092, -75.5907449535185;ATROPELLO;NO REPORTADO;NO REPORTADO;RESIDENCIAL;Normal;Impericia en el manejo
2191209;15/05/2019;1:20:00 p. m.;Miércoles;2019;Mayo;AUTOMOVIL;PARTICULAR;Peaton;13;FEMENINO;HERIDOS;0;0;0;0;CARRERA 46A CON CALLE  40A SUR 11;;EL TRIANON;6.169414537571394, -75.59430135492019;ATROPELLO;NO REPORTADO;NO REPORTADO;RESIDENCIAL;Viento;Cruzar sin observar
2191215;18/05/2019;7:10:00 p. m.;Sábado;2019;Mayo;BUSETA;PUBLICO;Peaton;12;FEMENINO;HERIDOS;0;0;0;0;CARRERA 40A CON CALLE 40D SUR 13 ;;EL DORADO;6.166202774901736, -75.58819252423314;ATROPELLO;NO REPORTADO;NO REPORTADO;RESIDENCIAL;Normal;Cruzar sin observar
2191219;14/05/2019;5:20:00 p. m.;Martes;2019;Mayo;MOTOCICLETA;PARTICULAR;Motociclista;27;MASCULINO;HERIDOS;0;0;0;0;CARRERA 43 A CON CALLE 49 SUR 22;;PRIMAVERA;6.161023302428663, -75.60137085546836;CHOQUE;VEHICULO;NO REPORTADO;RESIDENCIAL;Normal;Adelantar por la derecha