NRO_RADICADO;FECHA_ACCIDENTE;HORA_ACCIDENTE;Día de la semana;AÑO;MES;CLASE_VEHICULO;TIPO_SERVICIO;TIPO_VICTIMA;EDAD;GENERO;GRAVEDAD;ESTADO_BEODEZ;ESTADO_DROGA;RESULTADO_BEODEZ;RESUL_BEODEZ_GRAMOS;DIRECCION_CARACT_VIA;TRAMO_VIA;LOCALIDAD_O_COMUNA;    GEORREFERENCIACIÓN;DESC_CLASE_ACCIDENTE;DESC_CHOQUE_ACCIDENTE;DESC_OBJETO_FIJO;DESC_SECTOR_ACCIDENTE;CONDICION_CLIMATICA;CAUSA_ACCIDENTE
2191221;13/05/2019;12:50:00 p. m.;Lunes;2019;Mayo;MOTOCICLETA;PARTICULAR;Motociclista;19;MASCULINO;HERIDOS;0;0;0;;CARRERA 43A CON CALLE 48C SUR ;;PRIMAVERA;6.162222305860492, -75.5976995886002;CHOQUE;VEHICULO;NO REPORTADO;RESIDENCIAL;Normal;Impericia en el manejo
2191221;13/05/2019;12:50:00 p. m.;Lunes;2019;Mayo;MOTOCICLETA;PARTICULAR;Motociclista;23;MASCULINO;HERIDOS;0;0;0;;CARRERA 43A CON CALLE 48C SUR ;;PRIMAVERA;6.162222305860492, -75.5976995886002;CHOQUE;VEHICULO;NO REPORTADO;RESIDENCIAL;Normal;Impericia en el manejo
2191223;16/05/2019;1:30:00 p. m.;Jueves;2019;Mayo;CAMION;PUBLICO;Acompañante;30;MASCULINO;HERIDOS;0;0;0;0;DIAGONAL 29 CON TRANSVERSAL 32 SUR 70;;ALTO DE MISAEL;6.175038737165187, -75.57713334167754;CHOQUE;OBJETO FIJO;OTRO TIPO;RESIDENCIAL;Normal;Impericia en el manejo
2191225;17/05/2019;5:00:00 p. m.;Viernes;2019;Mayo;MOTOCICLETA;PARTICULAR;Motociclista;34;MASCULINO;HERIDOS;0;0;0;0;CARRERA 50 CON CALLE 46 A SUR;;LAS VEGAS;6.168548, -75.602176;CHOQUE;VEHICULO;NO REPORTADO;RESIDENCIAL;Normal;No mantener distancia de seguridad
2191229;17/05/2019;2:40:00 p. m.;Viernes;2019;Mayo;MOTOCICLETA;PARTICULAR;Motociclista;51;MASCULINO;HERIDOS;0;0;0;0;CALLE 46 SUR CON CARRERA 48;;PRIMAVERA;6.1664944284577405, -75.5994717496526;CHOQUE;VEHICULO;NO REPORTADO;RESIDENCIAL;Normal;Poner en marcha un vehiculo sin precauci  -  Transitar entre vehiculos
2191233;17/05/2019;3:50:00 p. m.;Viernes;2019;Mayo;MOTOCICLETA;PARTICULAR;Acompañante;44;FEMENINO;HERIDOS;0;0;0;0;CARRERA 42 A CON CALLE 26 A SUR  285;;LAS ORQUIDEAS;6.178168890082024, -75.5793327009499;CAIDA OCUPANTE;NO REPORTADO;NO REPORTADO;RESIDENCIAL;Normal;Impericia en el manejo
2191237;16/05/2019;7:40:00 a. m.;Jueves;2019;Mayo;MOTOCICLETA;PARTICULAR;Motociclista;42;FEMENINO;HERIDOS;0;0;0;0;CARRERA 43A CON CALLE 38A SUR;;ALCALA;6.1697077409398275, -75.58915413115817;CHOQUE;VEHICULO;NO REPORTADO;RESIDENCIAL;Normal;Desobedecer señales
2191239;17/05/2019;4:30:00 p. m.;Viernes;2019;Mayo;MOTOCICLETA;PARTICULAR;Motociclista;37;FEMENINO;HERIDOS;0;0;0;0;CALLE 45B SUR CON CARRERA 42B;;LA PAZ;6.16357459656436, -75.59348857848825;CHOQUE;VEHICULO;NO REPORTADO;RESIDENCIAL;Lluvia;Adelantar invadiendo carril del mismo sentido en zigzag
2191240;17/05/2019;5:00:00 p. m.;Viernes;2019;Mayo;MOTOCICLETA;PARTICULAR;Motociclista;53;FEMENINO;HERIDOS;0;0;0;0;CALLE 25 SUR  CON CARRERA 48;;LAS VEGAS;6.1855643490049115, -75.58313696302534;CHOQUE;VEHICULO;NO REPORTADO;RESIDENCIAL;Normal;Adelantar por la derecha
2191244;18/05/2019;3:40:00 p. m.;Sábado;2019;Mayo;MOTOCICLETA;PARTICULAR;Acompañante;19;FEMENINO;HERIDOS;0;0;0;0;CARRERA 48 CON CALLE 39 SUR;;LAS VEGAS;6.172028359973056, -75.59370890556258;CHOQUE;VEHICULO;NO REPORTADO;RESIDENCIAL;Normal;Semaforo en rojo
2191244;18/05/2019;3:40:00 p. m.;Sábado;2019;Mayo;MOTOCICLETA;PARTICULAR;Motociclista;19;MASCULINO;HERIDOS;0;0;0;0;CARRERA 48 CON CALLE 39 SUR;;LAS VEGAS;6.172028359973056, -75.59370890556258;CHOQUE;VEHICULO;NO REPORTADO;RESIDENCIAL;Normal;Semaforo en rojo
2191245;18/05/2019;9:00:00 a. m.;Sábado;2019;Mayo;CAMIONETA;PARTICULAR;Peaton;52;FEMENINO;HERIDOS;0;0;0;0;CARRERA 48 CON CALLE 27 A SUR 150;;LAS VEGAS;6.182194217363402, -75.5871001930123;ATROPELLO;NO REPORTADO;NO REPORTADO;RESIDENCIAL;Normal;Adelantar invadiendo carril de sentido contrario  -  Pararse sobre la calzada
2191246;18/05/2019;9:50:00 a. m.;Sábado;2019;Mayo;BUS;PUBLICO;Pasajero;49;FEMENINO;HERIDOS;0;0;0;0;CARRERA 41 CON CALLE 40 F SUR 10;;EL DORADO;6.165383295907967, -75.59001852081694;CAIDA OCUPANTE;NO REPORTADO;NO REPORTADO;RESIDENCIAL;Normal;No mantener distancia de seguridad
2191247;18/05/2019;3:45:00 a. m.;Sábado;2019;Mayo;MOTOCICLETA;PARTICULAR;Motociclista;24;MASCULINO;HERIDOS;0;0;0;0;CARRERA 48 CON CALLE 37 SUR;;LAS VEGAS;6.173473352424915, -75.59256588595376;CHOQUE;VEHICULO;NO REPORTADO;RESIDENCIAL;Normal;Impericia en el manejo
2191250;20/05/2019;4:10:00 p. m.;Lunes;2019;Mayo;MOTOCICLETA;PARTICULAR;Motociclista;32;FEMENINO;HERIDOS;0;0;0;0;DIAGONAL 32 CON TRANSVERSAL 32A SUR 37;;LA MAGNOLIA;6.175511460559452, -75.58247817093239;CHOQUE;VEHICULO;NO REPORTADO;RESIDENCIAL;Normal;No respetar prelacion
2191252;21/05/2019;7:00:00 a. m.;Martes;2019;Mayo;MOTOCICLETA;PARTICULAR;Peaton;56;MASCULINO;HERIDOS;0;0;0;0;KILOMETRO 15+860;medell??n palmas envigado (km 12 - km 16+700);VEREDA PALMAS;6.152986561547769, -75.53984938014197;ATROPELLO;NO REPORTADO;NO REPORTADO;NO REPORTADO;Normal;Cruzar sin observar
2191264;21/05/2019;2:40:00 p. m.;Martes;2019;Mayo;MOTOCICLETA;PARTICULAR;Motociclista;21;MASCULINO;HERIDOS;0;0;0;0;CARRERA 48 CON CALLE 39 SUR 50;;ALCALA;6.1714150447350695, -75.59397317065265;CHOQUE;VEHICULO;NO REPORTADO;RESIDENCIAL;Normal;Impericia en el manejo
2191265;21/05/2019;3:55:00 p. m.;Martes;2019;Mayo;BICICLETA;;Ciclista;17;MASCULINO;HERIDOS;0;0;0;0;CARRERA 24E CON CALLE 40 SUR 42;;EL SALADO;6.149578670046739, -75.5768375478033;CHOQUE;VEHICULO;NO REPORTADO;RESIDENCIAL;Normal;Arrancar sin precaucion  -  Poner en marcha un vehiculo sin precauci
2191266;21/05/2019;5:10:00 p. m.;Martes;2019;Mayo;MOTOCICLETA;PARTICULAR;Peaton;53;FEMENINO;HERIDOS;0;0;0;0;CALLE 38 SUR CON CARRERA 40A 30;;ZONA CENTRO;6.169736170795554, -75.58629411629568;ATROPELLO;NO REPORTADO;NO REPORTADO;RESIDENCIAL;Normal;Impericia en el manejo  -  Pasar semaforo en rojo
2191267;22/05/2019;6:43:00 p. m.;Miércoles;2019;Mayo;AUTOMOVIL;DIPLOMATICO;Peaton;82;FEMENINO;HERIDOS;0;0;0;0;CALLE 47 SUR  CON CARRERA 40A;;EL TRIANON;6.160831295444003, -75.59427694698549;ATROPELLO;NO REPORTADO;NO REPORTADO;RESIDENCIAL;Normal;Otra-Conductor
2191277;22/05/2019;6:30:00 a. m.;Miércoles;2019;Mayo;AUTOMOVIL;PARTICULAR;Conductor;28;FEMENINO;HERIDOS;0;0;0;0;KILOMETRO 12+840;medell??n palmas envigado (km 12 - km 16+700);VEREDA PALMAS;6.166995199881931, -75.5450417604517;CHOQUE;VEHICULO;NO REPORTADO;NO REPORTADO;Normal;No mantener distancia de seguridad
2191278;23/05/2019;11:50:00 a. m.;Jueves;2019;Mayo;MOTOCICLETA;PARTICULAR;Motociclista;24;MASCULINO;HERIDOS;0;0;0;0;CALLE 38A SUR CON CARRERA 37-23;;MESA;6.167357596878965, -75.58436802691203;CHOQUE;VEHICULO;NO REPORTADO;RESIDENCIAL;Lluvia;No mantener distancia de seguridad
2191280;23/05/2019;4:15:00 p. m.;Jueves;2019;Mayo;MOTOCICLETA;PARTICULAR;Acompañante;29;MASCULINO;HERIDOS;0;0;0;0;CARRERA 48 CON CALLE 37 SUR;;LAS VEGAS;6.173473352424915, -75.59256588595376;CHOQUE;VEHICULO;NO REPORTADO;RESIDENCIAL;Normal;No respetar pelacion de interseccion o giros
2191287;23/05/2019;9:00:00 p. m.;Jueves;2019;Mayo;MOTOCICLETA;PARTICULAR;Peaton;41;FEMENINO;HERIDOS;0;0;0;0;CALLE 40 SUR CON CARRERA 29-18;;SAN JOSE;6.1625320841886575, -75.58174623957767;ATROPELLO;NO REPORTADO;NO REPORTADO;RESIDENCIAL;Normal;Adelantar en zona prohibida
2191288;24/05/2019;8:30:00 a. m.;Viernes;2019;Mayo;MOTOCICLETA;PARTICULAR;Motociclista;32;MASCULINO;HERIDOS;0;0;0;;CALLE 49 SUR  CON CARRERA 43A 90;;LAS CASITAS;6.177709984559961, -75.58505630420505;CHOQUE;VEHICULO;NO REPORTADO;RESIDENCIAL;Normal;Impericia en el manejo
2191293;24/05/2019;9:00:00 p. m.;Viernes;2019;Mayo;MOTOCICLETA;PARTICULAR;Motociclista;20;MASCULINO;HERIDOS;0;0;0;0;TRANSVERSAL 34 SUR CON DIAGONAL 39;;OBRERO;6.172279784255374, -75.58455708559154;CHOQUE;VEHICULO;NO REPORTADO;RESIDENCIAL;Normal;Desobedecer señales
2191293;24/05/2019;9:00:00 p. m.;Viernes;2019;Mayo;MOTOCICLETA;PARTICULAR;Motociclista;18;MASCULINO;HERIDOS;0;0;0;0;TRANSVERSAL 34 SUR CON DIAGONAL 39;;OBRERO;6.172279784255374, -75.58455708559154;CHOQUE;VEHICULO;NO REPORTADO;RESIDENCIAL;Normal;Desobedecer señales
2191294;24/05/2019;3:29:00 p. m.;Viernes;2019;Mayo;MOTOCICLETA;PARTICULAR;Motociclista;25;MASCULINO;HERIDOS;0;0;0;0;CARRERA 48 CON CALLE 40 SUR;;LAS VEGAS;6.170220061034249, -75.59578144973783;CHOQUE;VEHICULO;NO REPORTADO;RESIDENCIAL;Lluvia;Semaforo en rojo
2191295;24/05/2019;11:00:00 a. m.;Viernes;2019;Mayo;MOTOCICLETA;PARTICULAR;Acompañante;16;FEMENINO;HERIDOS;0;0;0;0;CALLE 40B SUR CON CARRERA 27;;LA MINA;6.158466181788636, -75.58168411629806;CAIDA OCUPANTE;NO REPORTADO;NO REPORTADO;RESIDENCIAL;Normal;Impericia en el manejo
2191307;27/05/2019;12:55:00 p. m.;Lunes;2019;Mayo;AUTOMOVIL;PARTICULAR;Peaton;48;FEMENINO;HERIDOS;0;0;0;0;CARRERA 45;;SAN MARCOS;6.175135964677091, -75.58741873559312;ATROPELLO;NO REPORTADO;NO REPORTADO;RESIDENCIAL;Normal;Cruzar sin observar
2191308;27/05/2019;5:45:00 p. m.;Lunes;2019;Mayo;MOTOCICLETA;PARTICULAR;Motociclista;32;MASCULINO;HERIDOS;0;0;0;0;CARRERA 40 CON CALLE 37 SUR 50;;ZONA CENTRO;6.169146101010792, -75.58565732938345;CHOQUE;VEHICULO;NO REPORTADO;RESIDENCIAL;Normal;Impericia en el manejo
2191317;26/05/2019;1:10:00 p. m.;Domingo;2019;Mayo;BICICLETA;;Ciclista;52;FEMENINO;HERIDOS;0;0;0;0;CARRERA 43A CON CALLE 40 SUR 145;;MILAN VALLEJUELOS;6.167844267774243, -75.59046106972272;CHOQUE;VEHICULO;NO REPORTADO;RESIDENCIAL;Normal;Otra-Conductor
2191318;27/05/2019;5:45:00 p. m.;Lunes;2019;Mayo;MOTOCICLETA;PARTICULAR;Motociclista;38;MASCULINO;HERIDOS;0;0;0;0;CALLE 37 SUR CON CARRERA 28C 30;;LA PRADERA;6.166051597579019, -75.57867930362494;CHOQUE;VEHICULO;NO REPORTADO;RESIDENCIAL;Normal;Impericia en el manejo
2191333;28/05/2019;11:30:00 a. m.;Martes;2019;Mayo;MOTOCICLETA;PARTICULAR;Motociclista;44;FEMENINO;HERIDOS;0;0;0;0;CARRERA 50 CON CALLE 46 A SUR;;LAS VEGAS;6.168548, -75.602176;CHOQUE;VEHICULO;NO REPORTADO;RESIDENCIAL;Lluvia;No mantener distancia de seguridad
2191334;29/05/2019;9:10:00 a. m.;Miércoles;2019;Mayo;MOTOCICLETA;PARTICULAR;Peaton;20;FEMENINO;HERIDOS;0;0;0;0;CARRERA 49 CON CALLE 39 SUR;;LAS VEGAS;6.173773, -75.597180;ATROPELLO;NO REPORTADO;NO REPORTADO;RESIDENCIAL;Normal;Recoger o dejar pasajeros en calzada  -  Transitar entre vehiculos
2191335;28/05/2019;11:00:00 a. m.;Martes;2019;Mayo;CAMION;PUBLICO;Acompañante;52;MASCULINO;HERIDOS;0;0;0;0;CALLE 48 SUR CON CARRERA  39B 54;;EL TRIANON;6.157738, -75.594131;CHOQUE;OBJETO FIJO;ARBOL;RESIDENCIAL;Normal;Impericia en el manejo
2191342;29/05/2019;9:50:00 a. m.;Miércoles;2019;Mayo;MOTOCICLETA;PARTICULAR;Motociclista;20;FEMENINO;HERIDOS;0;0;0;0;CARRERA 43 A CON CALLE 40 SUR 13;;MILAN VALLEJUELOS;6.167884572963224, -75.59038801988525;CHOQUE;VEHICULO;NO REPORTADO;RESIDENCIAL;Normal;Adelantar invadiendo carril del mismo sentido en zigzag  -  No mantener distancia de seguridad
2191344;29/05/2019;4:10:00 p. m.;Miércoles;2019;Mayo;MOTOCICLETA;DIPLOMATICO;Motociclista;29;FEMENINO;HERIDOS;0;0;0;0;CARRERA 48 CON CALLE 37 SUR;;LAS VEGAS;6.173473352424915, -75.59256588595376;CHOQUE;VEHICULO;NO REPORTADO;RESIDENCIAL;Normal;Impericia en el manejo
2191347;30/05/2019;7:00:00 a. m.;Jueves;2019;Mayo;MOTOCICLETA;PARTICULAR;Acompañante;34;FEMENINO;HERIDOS;0;0;0;0;CALLE 40 F SUR  CARRERA  32B 35;;SAN RAFAEL;6.161056564349482, -75.58429289622694;CHOQUE;VEHICULO;NO REPORTADO;RESIDENCIAL;Normal;No mantener distancia de seguridad
2191353;30/05/2019;11:00:00 a. m.;Jueves;2019;Mayo;MOTOCICLETA;PARTICULAR;Motociclista;36;MASCULINO;HERIDOS;0;0;0;0;CARRERA 41 CON CALLE 40 SUR;;EL DORADO;6.167149762015761, -75.58798597663873;CHOQUE;VEHICULO;NO REPORTADO;RESIDENCIAL;Normal;Desobedecer señales
2191366;2/06/2019;9:40:00 p. m.;Domingo;2019;Junio;MOTOCICLETA;PARTICULAR;Motociclista;45;MASCULINO;HERIDOS;0;0;0;0;CARRERA 43A CON CALLE 25 A SUR ;;VILLA GRANDE;6.181610700525674, -75.58194611681105;CHOQUE;OBJETO FIJO;OTRO TIPO;RESIDENCIAL;Normal;Impericia en el manejo
2191367;4/06/2019;2:50:00 p. m.;Martes;2019;Junio;MOTOCICLETA;PARTICULAR;Motociclista;42;MASCULINO;HERIDOS;0;0;0;0;CALLE 46A SUR CON CARRERA 49;;LAS VEGAS;6.1672445294628835, -75.60079614780305;CHOQUE;VEHICULO;NO REPORTADO;RESIDENCIAL;Normal;Adelantar en zona prohibida
2191369;1/06/2019;2:05:00 p. m.;Sábado;2019;Junio;BICICLETA;;Ciclista;15;MASCULINO;HERIDOS;0;0;0;0;CALLE 37 SUR CON CARRERA 46;;EL PORTAL;6.172753274331434, -75.59088744974254;CHOQUE;OBJETO FIJO;OTRO TIPO;RESIDENCIAL;Normal;Transitar distante de la acera u orilla 
2191370;4/06/2019;9:30:00 p. m.;Martes;2019;Junio;AUTOMOVIL;PARTICULAR;Acompañante;33;MASCULINO;HERIDOS;0;0;0;;TRANSVERSAL 36 SUR CON CARRERA 27G;;LA INMACULADA;6.167290833286493, -75.57703724445096;CHOQUE;OBJETO FIJO;POSTE;RESIDENCIAL;Normal;Exceso de velocidad
2191370;4/06/2019;9:30:00 p. m.;Martes;2019;Junio;AUTOMOVIL;PARTICULAR;Acompañante;32;MASCULINO;HERIDOS;0;0;0;;TRANSVERSAL 36 SUR CON CARRERA 27G;;LA INMACULADA;6.167290833286493, -75.57703724445096;CHOQUE;OBJETO FIJO;POSTE;RESIDENCIAL;Normal;Exceso de velocidad
2191373;31/05/2019;5:00:00 a. m.;Viernes;2019;Mayo;AUTOMOVIL;PARTICULAR;Conductor;27;FEMENINO;HERIDOS;0;0;0;0;CARRERA 41 CON CALLE 44 SUR;;EL DORADO;6.164001642182977, -75.59093784585086;CHOQUE;VEHICULO;NO REPORTADO;RESIDENCIAL;Normal;Embriaguez o droga
2191374;31/05/2019;3:00:00 p. m.;Viernes;2019;Mayo;MOTOCICLETA;PARTICULAR;Motociclista;30;MASCULINO;HERIDOS;0;0;0;0;CALLE 38A SUR CON CARRERA 41-14;;ZONA CENTRO;6.168559361154502, -75.58712203615954;CHOQUE;OBJETO FIJO;OTRO TIPO;RESIDENCIAL;Normal;Otra-Peaton
2191384;5/06/2019;10:00:00 p. m.;Miércoles;2019;Junio;MOTOCICLETA;PARTICULAR;Peaton;36;MASCULINO;HERIDOS;0;0;0;0;KILOMETRO 11+480;retiro varia palmas enviga (km 5+43 - km 14+ 550);VEREDA PALMAS;6.162255001095615, -75.51534975293875;ATROPELLO;NO REPORTADO;NO REPORTADO;NO REPORTADO;Normal;Cruzar en estado de embriaguez
2191384;5/06/2019;10:00:00 p. m.;Miércoles;2019;Junio;MOTOCICLETA;PARTICULAR;Motociclista;21;MASCULINO;HERIDOS;0;0;0;0;KILOMETRO 11+480;retiro varia palmas enviga (km 5+43 - km 14+ 550);VEREDA PALMAS;6.162255001095615, -75.51534975293875;ATROPELLO;NO REPORTADO;NO REPORTADO;NO REPORTADO;Normal;Cruzar en estado de embriaguez
2191385;3/06/2019;3:10:00 p. m.;Lunes;2019;Junio;MOTOCICLETA;PARTICULAR;Motociclista;49;MASCULINO;HERIDOS;0;0;0;0;KILOMETRO 18 VIA PALMAS;medell??n palmas envigado (km 12 - km 16+700);VEREDA PALMAS;6.14895578774, -75.52935132422137;CHOQUE;VEHICULO;NO REPORTADO;NO REPORTADO;Normal;No mantener distancia de seguridad
2191386;4/06/2019;5:00:00 p. m.;Martes;2019;Junio;AUTOMOVIL;PARTICULAR;Peaton;68;FEMENINO;HERIDOS;0;0;0;0;CALLE 39 SUR CON CARRERA 45;;ALCALA;6.169510713953492, -75.59100848338363;ATROPELLO;NO REPORTADO;NO REPORTADO;RESIDENCIAL;Normal;Arrancar sin precaucion
2191387;5/06/2019;7:45:00 a. m.;Miércoles;2019;Junio;MOTOCICLETA;PARTICULAR;Motociclista;24;MASCULINO;HERIDOS;0;0;0;0;CARRERA 50 CON CALLE 37 SUR;;LAS VEGAS;6.175135, -75.595369;CHOQUE;VEHICULO;NO REPORTADO;RESIDENCIAL;Normal;No mantener distancia de seguridad
2191388;5/06/2019;11:00:00 p. m.;Miércoles;2019;Junio;MOTOCICLETA;OFICIAL;Motociclista;30;MASCULINO;HERIDOS;0;0;0;0;CALLE 40B SUR CON CARRERA  39A;;EL DORADO;6.1657733397706815, -75.58740014698387;CAIDA OCUPANTE;NO REPORTADO;NO REPORTADO;RESIDENCIAL;Normal;Otra-Conductor
2191388;5/06/2019;11:00:00 p. m.;Miércoles;2019;Junio;MOTOCICLETA;OFICIAL;Acompañante;36;MASCULINO;HERIDOS;0;0;0;0;CALLE 40B SUR CON CARRERA  39A;;EL DORADO;6.1657733397706815, -75.58740014698387;CAIDA OCUPANTE;NO REPORTADO;NO REPORTADO;RESIDENCIAL;Normal;Otra-Conductor
2191401;6/06/2019;6:00:00 a. m.;Jueves;2019;Junio;MOTOCICLETA;PARTICULAR;Motociclista;18;MASCULINO;HERIDOS;0;0;0;0;CARRERA 50 CON CALLE 37 SUR;;LAS VEGAS;6.175135, -75.595369;CHOQUE;VEHICULO;NO REPORTADO;RESIDENCIAL;Normal;No mantener distancia de seguridad
2191404;6/06/2019;8:10:00 a. m.;Jueves;2019;Junio;MOTOCICLETA;PARTICULAR;Acompañante;31;FEMENINO;HERIDOS;0;0;0;0;DIAGONAL 31C CON TRANSVERSAL 31 SUR -20;;LA SEBASTIANA;6.172008201197589, -75.58007378022751;CHOQUE;VEHICULO;NO REPORTADO;RESIDENCIAL;Normal;No respetar prelacion
2191404;6/06/2019;8:10:00 a. m.;Jueves;2019;Junio;MOTOCICLETA;PARTICULAR;Motociclista;29;MASCULINO;HERIDOS;0;0;0;0;DIAGONAL 31C CON TRANSVERSAL 31 SUR -20;;LA SEBASTIANA;6.172008201197589, -75.58007378022751;CHOQUE;VEHICULO;NO REPORTADO;RESIDENCIAL;Normal;No respetar prelacion
2191405;6/06/2019;5:30:00 a. m.;Jueves;2019;Junio;MOTOCICLETA;PARTICULAR;Motociclista;23;MASCULINO;HERIDOS;0;0;0;0;CARRERA 43A CON CALLE 46 SUR;;PRIMAVERA;6.16467574242801, -75.59610721629663;CHOQUE;VEHICULO;NO REPORTADO;RESIDENCIAL;Normal;Desobedecer señales
2191405;6/06/2019;5:30:00 a. m.;Jueves;2019;Junio;MOTOCICLETA;PARTICULAR;Motociclista;22;MASCULINO;HERIDOS;0;0;0;0;CARRERA 43A CON CALLE 46 SUR;;PRIMAVERA;6.16467574242801, -75.59610721629663;CHOQUE;VEHICULO;NO REPORTADO;RESIDENCIAL;Normal;Desobedecer señales
2191407;6/06/2019;6:50:00 p. m.;Jueves;2019;Junio;AUTOMOVIL;PUBLICO;Peaton;78;FEMENINO;HERIDOS;0;0;0;0;CARRERA 29A CON CALLE 31 SUR;;LA PRADERA;6.166198380927352, -75.58034194256987;ATROPELLO;NO REPORTADO;NO REPORTADO;RESIDENCIAL;Normal;Otra-Peaton
2191418;7/06/2019;4:00:00 p. m.;Viernes;2019;Junio;MOTOCICLETA;PARTICULAR;Motociclista;41;FEMENINO;HERIDOS;0;0;0;0;CALLE 36D SUR CON CARRERA 26A 31;;EL CHOCHO;6.161517300478837, -75.56904212918965;CAIDA OCUPANTE;NO REPORTADO;NO REPORTADO;RESIDENCIAL;Normal;Impericia en el manejo
2191418;7/06/2019;4:00:00 p. m.;Viernes;2019;Junio;MOTOCICLETA;PARTICULAR;Acompañante;41;FEMENINO;HERIDOS;0;0;0;0;CALLE 36D SUR CON CARRERA 26A 31;;EL CHOCHO;6.161517300478837, -75.56904212918965;CAIDA OCUPANTE;NO REPORTADO;NO REPORTADO;RESIDENCIAL;Normal;Impericia en el manejo
2191419;9/06/2019;9:30:00 a. m.;Domingo;2019;Junio;MOTOCICLETA;PARTICULAR;Motociclista;26;MASCULINO;HERIDOS;0;0;0;0;KILOMETRO 7+80;retiro varia palmas enviga (km 5+43 - km 14+ 550);VEREDA PERICO;6.170924300904303, -75.48986388688968;CHOQUE;VEHICULO;NO REPORTADO;NO REPORTADO;Normal;Impericia en el manejo
2191420;7/06/2019;8:20:00 p. m.;Viernes;2019;Junio;MOTOCICLETA;PARTICULAR;Peaton;14;FEMENINO;HERIDOS;0;0;0;0;CARRERA 25 CON CALLE 39B SUR 101;;EL CHINGUÍ;6.154166458650052, -75.5758462702675;ATROPELLO;NO REPORTADO;NO REPORTADO;RESIDENCIAL;Normal;Cruzar sin observar
2191421;8/06/2019;7:00:00 a. m.;Sábado;2019;Junio;MOTOCICLETA;PARTICULAR;Acompañante;27;MASCULINO;HERIDOS;0;0;0;;CARRERA 40B CON CALLE 53B SUR 30;;LOMA DEL BARRO;6.155634657340426, -75.60305352650244;CHOQUE;OBJETO FIJO;OTRO TIPO;RESIDENCIAL;Normal;Impericia en el manejo
2191422;9/06/2019;1:45:00 p. m.;Domingo;2019;Junio;MOTOCICLETA;PARTICULAR;Acompañante;21;FEMENINO;HERIDOS;0;0;0;0;CARRERA 40A CON CALLE 48 SUR;;EL TRIANON;6.159130665331627, -75.59490009338879;CHOQUE;VEHICULO;NO REPORTADO;RESIDENCIAL;Normal;Impericia en el manejo
2191422;9/06/2019;1:45:00 p. m.;Domingo;2019;Junio;MOTOCICLETA;PARTICULAR;Motociclista;23;MASCULINO;HERIDOS;0;0;0;0;CARRERA 40A CON CALLE 48 SUR;;EL TRIANON;6.159130665331627, -75.59490009338879;CHOQUE;VEHICULO;NO REPORTADO;RESIDENCIAL;Normal;Impericia en el manejo
2191424;9/06/2019;8:45:00 a. m.;Domingo;2019;Junio;AUTOMOVIL;PARTICULAR;Peaton;77;FEMENINO;MUERTOS;0;0;0;;CARRERA 43 A CON CALLE 44 SUR 38;;LA PAZ;6.165348995306421, -75.59406030741569;ATROPELLO;NO REPORTADO;NO REPORTADO;RESIDENCIAL;Normal;Exceso de velocidad  -  Pasar semaforo en rojo
2191437;10/06/2019;8:30:00 p. m.;Lunes;2019;Junio;MOTOCICLETA;PARTICULAR;Motociclista;34;MASCULINO;MUERTOS;0;0;0;;KILOMETRO 13+540;retiro varia palmas enviga (km 5+43 - km 14+ 550);VEREDA PALMAS;6.159280, -75.530874;CHOQUE;VEHICULO;NO REPORTADO;NO REPORTADO;Normal;Realizar giro en U
2191439;8/06/2019;2:00:00 p. m.;Sábado;2019;Junio;MOTOCICLETA;PARTICULAR;Motociclista;56;MASCULINO;HERIDOS;0;0;0;0;KILOMETRO 3+400;el escobero - km 0-13);VEREDA EL ESCOBERO;6.133059611212567, -75.55397876851966;OTRO;NO REPORTADO;NO REPORTADO;NO REPORTADO;Normal;Impericia en el manejo
2191440;8/06/2019;7:27:00 p. m.;Sábado;2019;Junio;MOTOCICLETA;PARTICULAR;Acompañante;28;FEMENINO;HERIDOS;0;0;0;;KILOMETRO 17+00;medell??n palmas envigado (km 12 - km 16+700);VEREDA PALMAS;6.153591570245191, -75.53282044519636;CAIDA OCUPANTE;NO REPORTADO;NO REPORTADO;NO REPORTADO;Normal;Impericia en el manejo
2191448;8/06/2019;9:24:00 a. m.;Sábado;2019;Junio;MOTOCICLETA;PARTICULAR;Motociclista;29;MASCULINO;HERIDOS;0;0;0;0;CARRERA 48 CON CALLE 30 SUR;;LAS VEGAS;6.179496718217783, -75.58819458527805;CHOQUE;VEHICULO;NO REPORTADO;RESIDENCIAL;Normal;No mantener distancia de seguridad
2191449;8/06/2019;12:15:00 p. m.;Sábado;2019;Junio;MOTOCICLETA;PARTICULAR;Motociclista;22;MASCULINO;HERIDOS;0;0;0;0;TRANSVERSAL 34 E SUR CON DIAGONAL 33;;LOS NARANJOS;6.1697937403067415, -75.58242977874723;CHOQUE;VEHICULO;NO REPORTADO;RESIDENCIAL;Normal;Girar bruscamente  -  Impericia en el manejo
2191450;10/06/2019;7:16:00 p. m.;Lunes;2019;Junio;MOTOCICLETA;PARTICULAR;Motociclista;28;MASCULINO;HERIDOS;0;0;0;0;CARRERA 42 CON CALLE 41B SUR 09;;EL DORADO;6.166178733975383, -75.59158777663879;CHOQUE;VEHICULO;NO REPORTADO;RESIDENCIAL;Normal;Impericia en el manejo