NRO_RADICADO;FECHA_ACCIDENTE;HORA_ACCIDENTE;Día de la semana;AÑO;MES;CLASE_VEHICULO;TIPO_SERVICIO;TIPO_VICTIMA;EDAD;GENERO;GRAVEDAD;ESTADO_BEODEZ;ESTADO_DROGA;RESULTADO_BEODEZ;RESUL_BEODEZ_GRAMOS;DIRECCION_CARACT_VIA;TRAMO_VIA;LOCALIDAD_O_COMUNA;    GEORREFERENCIACIÓN;DESC_CLASE_ACCIDENTE;DESC_CHOQUE_ACCIDENTE;DESC_OBJETO_FIJO;DESC_SECTOR_ACCIDENTE;CONDICION_CLIMATICA;CAUSA_ACCIDENTE
2191455;11/06/2019;6:20:00 p. m.;Martes;2019;Junio;CAMIONETA;PARTICULAR;Peaton;14;MASCULINO;HERIDOS;0;0;0;0;CARRERA 36D CON CALLE 43 SUR 100;;LAS ANTILLAS;6.1563870593126495, -75.58837867820372;ATROPELLO;NO REPORTADO;NO REPORTADO;RESIDENCIAL;Normal;Jugar en la via
2191456;11/06/2019;6:40:00 a. m.;Martes;2019;Junio;MOTOCICLETA;PARTICULAR;Motociclista;35;MASCULINO;HERIDOS;0;0;0;0;KILOMETRO 9+870;retiro varia palmas enviga (km 5+43 - km 14+ 550);VEREDA PANTANILLO;6.1618811418440815, -75.50355188258173;CHOQUE;VEHICULO;NO REPORTADO;NO REPORTADO;Normal;Girar bruscamente  -  Impericia en el manejo
2191457;12/06/2019;9:30:00 a. m.;Miércoles;2019;Junio;MOTOCICLETA;PARTICULAR;Motociclista;59;MASCULINO;HERIDOS;0;0;0;0;CARRERA 48 CON CALLE 49 SUR 50;;LAS CASITAS;6.162939308370542, -75.60254666197291;CHOQUE;VEHICULO;NO REPORTADO;RESIDENCIAL;Normal;No respetar prelacion
2191458;11/06/2019;8:20:00 a. m.;Martes;2019;Junio;MOTOCICLETA;PARTICULAR;Motociclista;29;MASCULINO;HERIDOS;0;0;0;0;KILOMETRO 16+300 VIA EL RETIRO;retiro varia palmas enviga (km 5+43 - km 14+ 550);VEREDA PALMAS;6.154257089772258, -75.53621183215357;CHOQUE;VEHICULO;NO REPORTADO;NO REPORTADO;Normal;No mantener distancia de seguridad
2191466;12/06/2019;9:36:00 a. m.;Miércoles;2019;Junio;MOTOCICLETA;PARTICULAR;Motociclista;19;MASCULINO;HERIDOS;0;0;0;0;CARRERA 48 CON CALLE 40 SUR;;LAS VEGAS;6.170220061034249, -75.59578144973783;CHOQUE;VEHICULO;NO REPORTADO;RESIDENCIAL;Normal;No mantener distancia de seguridad
2191467;12/06/2019;1:30:00 p. m.;Miércoles;2019;Junio;CAMIONETA;PARTICULAR;Peaton;77;FEMENINO;HERIDOS;0;0;0;0;CALLE 33B SUR CON CARRERA 42;;ZONA CENTRO;6.173082099376936, -75.58557621629473;ATROPELLO;NO REPORTADO;NO REPORTADO;RESIDENCIAL;Normal;Desobedecer señales
2191468;13/06/2019;4:20:00 p. m.;Jueves;2019;Junio;AUTOMOVIL;PARTICULAR;Acompañante;10;FEMENINO;HERIDOS;0;0;0;0;CALLE 21 SUR CON CARRERA 41 B 55;;ZUÑIGA;6.1830544558875395, -75.57846853391592;CHOQUE;VEHICULO;NO REPORTADO;RESIDENCIAL;Normal;No mantener distancia de seguridad
2191468;13/06/2019;4:20:00 p. m.;Jueves;2019;Junio;AUTOMOVIL;PARTICULAR;Acompañante;30;FEMENINO;HERIDOS;0;0;0;0;CALLE 21 SUR CON CARRERA 41 B 55;;ZUÑIGA;6.1830544558875395, -75.57846853391592;CHOQUE;VEHICULO;NO REPORTADO;RESIDENCIAL;Normal;No mantener distancia de seguridad
2191469;11/06/2019;3:40:00 p. m.;Martes;2019;Junio;MOTOCICLETA;PARTICULAR;Motociclista;33;MASCULINO;HERIDOS;0;0;0;0;CALLE 38 SUR CON CARRERA 41-68;;ZONA CENTRO;6.169337499865729, -75.58609042924502;CHOQUE;VEHICULO;NO REPORTADO;RESIDENCIAL;Normal;No mantener distancia de seguridad
2191485;15/06/2019;9:05:00 p. m.;Sábado;2019;Junio;MOTOCICLETA;PARTICULAR;Motociclista;20;MASCULINO;HERIDOS;0;0;0;0;CARRERA 27 CON CALLE 40 SUR 09;;LA MINA;6.1582501251558694, -75.5809272486582;CHOQUE;VEHICULO;NO REPORTADO;RESIDENCIAL;Normal;Embriaguez o droga  -  Transitar en contravia
2191487;13/06/2019;7:25:00 p. m.;Jueves;2019;Junio;MICROBUS;PUBLICO;Pasajero;54;FEMENINO;HERIDOS;0;0;0;0;CARRERA 40 CON CALLE 39B SUR 91;;ZONA CENTRO;6.167577942204424, -75.58727393163993;CAIDA OCUPANTE;NO REPORTADO;NO REPORTADO;RESIDENCIAL;Lluvia;Ausencia o deficencia en demarcacion
2191489;15/06/2019;5:35:00 p. m.;Sábado;2019;Junio;MOTOCICLETA;PARTICULAR;Motociclista;34;MASCULINO;HERIDOS;0;0;0;0;CARRERA 48 CON CALLE 38 SUR;;LAS VEGAS;6.1728750073445156, -75.59282694398259;CHOQUE;VEHICULO;NO REPORTADO;RESIDENCIAL;Normal;Semaforo en rojo
2191491;15/06/2019;8:20:00 a. m.;Sábado;2019;Junio;AUTOMOVIL;PARTICULAR;Conductor;24;MASCULINO;HERIDOS;0;0;0;0;CARRERA 50 CON CALLE 32B SUR;;LAS VEGAS;6.178263, -75.591897;CHOQUE;VEHICULO;NO REPORTADO;RESIDENCIAL;Normal;No mantener distancia de seguridad
2191491;15/06/2019;8:20:00 a. m.;Sábado;2019;Junio;AUTOMOVIL;PARTICULAR;Acompañante;22;FEMENINO;HERIDOS;0;0;0;0;CARRERA 50 CON CALLE 32B SUR;;LAS VEGAS;6.178263, -75.591897;CHOQUE;VEHICULO;NO REPORTADO;RESIDENCIAL;Normal;No mantener distancia de seguridad
2191497;15/06/2019;4:50:00 p. m.;Sábado;2019;Junio;MOTOCICLETA;PARTICULAR;Motociclista;18;MASCULINO;HERIDOS;0;0;0;0;TRANSVERSAL 32C SUR CON DIAGONAL 32B;;LA MAGNOLIA;6.175051791939092, -75.5830354325523;CHOQUE;VEHICULO;NO REPORTADO;RESIDENCIAL;Normal;Desobedecer señales
2191499;12/06/2019;4:25:00 p. m.;Miércoles;2019;Junio;MOTOCICLETA;PARTICULAR;Motociclista;28;FEMENINO;HERIDOS;0;0;0;0;CARRERA 48 CON CALLE 26 SUR 27;;LAS VEGAS;6.183687589301946, -75.58525258560466;CHOQUE;VEHICULO;NO REPORTADO;RESIDENCIAL;Normal;Otra-Conductor
2191500;17/06/2019;4:55:00 p. m.;Lunes;2019;Junio;MOTOCICLETA;PARTICULAR;Motociclista;24;MASCULINO;MUERTOS;0;0;0;0;CARRERA 43A CON CALLE 25 SUR ;;BOSQUES DE ZUÑIGA;6.181527767015737, -75.58125395108142;CHOQUE;VEHICULO;NO REPORTADO;RESIDENCIAL;Normal;Otra-Conductor
2191501;17/06/2019;9:30:00 p. m.;Lunes;2019;Junio;MOTOCICLETA;PARTICULAR;Motociclista;29;MASCULINO;HERIDOS;0;0;0;0;CARRERA 43A CON CALLE 32 A SUR ;;SAN MARCOS;6.175708228856111, -75.5859726316382;CHOQUE;VEHICULO;NO REPORTADO;RESIDENCIAL;Normal;Otra-Conductor
2191502;16/06/2019;2:30:00 p. m.;Domingo;2019;Junio;MOTOCICLETA;PARTICULAR;Peaton;58;MASCULINO;HERIDOS;0;0;0;0;CALLE 40 SUR CON CARRERA 28-24;;SAN JOSE;6.160952649275275, -75.58175645439235;ATROPELLO;NO REPORTADO;NO REPORTADO;RESIDENCIAL;Normal;Cruzar sin observar
2191502;16/06/2019;2:30:00 p. m.;Domingo;2019;Junio;MOTOCICLETA;PARTICULAR;Motociclista;20;FEMENINO;HERIDOS;0;0;0;0;CALLE 40 SUR CON CARRERA 28-24;;SAN JOSE;6.160952649275275, -75.58175645439235;ATROPELLO;NO REPORTADO;NO REPORTADO;RESIDENCIAL;Normal;Cruzar sin observar
2191509;16/06/2019;8:20:00 a. m.;Domingo;2019;Junio;MOTOCICLETA;PARTICULAR;Motociclista;35;MASCULINO;HERIDOS;0;0;0;0;CARRERA 50 CON CALLE 26 SUR;;LAS VEGAS;6.184920, -75.587152;CAIDA OCUPANTE;NO REPORTADO;NO REPORTADO;RESIDENCIAL;Normal;Fallas en las llantas
2191509;16/06/2019;8:20:00 a. m.;Domingo;2019;Junio;MOTOCICLETA;PARTICULAR;Acompañante;34;MASCULINO;HERIDOS;0;0;0;0;CARRERA 50 CON CALLE 26 SUR;;LAS VEGAS;6.184920, -75.587152;CAIDA OCUPANTE;NO REPORTADO;NO REPORTADO;RESIDENCIAL;Normal;Fallas en las llantas
2191519;18/06/2019;1:28:00 p. m.;Martes;2019;Junio;BUS;PUBLICO;Pasajero;7;FEMENINO;HERIDOS;0;0;0;0;CARRERA 43A CON CALLE 37 SUR 71;;SAN MARCOS;6.171156877675806, -75.58832689943017;CAIDA OCUPANTE;NO REPORTADO;NO REPORTADO;RESIDENCIAL;Normal;Frenar bruscamente
2191521;19/06/2019;5:00:00 p. m.;Miércoles;2019;Junio;CAMIONETA;PARTICULAR;Peaton;57;FEMENINO;HERIDOS;0;0;0;0;CARRERA 47 CON CALLE 37 SUR 23;;ALCALA;6.172945513493107, -75.59183706996087;ATROPELLO;NO REPORTADO;NO REPORTADO;RESIDENCIAL;Normal;Otra-Conductor
2191522;19/06/2019;12:05:00 a. m.;Miércoles;2019;Junio;MOTOCICLETA;DIPLOMATICO;Acompañante;61;FEMENINO;HERIDOS;0;0;0;0;CARRERA 40 CON CALLE 38 A SUR 05;;ZONA CENTRO;6.168640, -75.585961;CAIDA OCUPANTE;NO REPORTADO;NO REPORTADO;RESIDENCIAL;Normal;Impericia en el manejo
2191522;19/06/2019;12:05:00 a. m.;Miércoles;2019;Junio;MOTOCICLETA;DIPLOMATICO;Motociclista;63;MASCULINO;HERIDOS;0;0;0;0;CARRERA 40 CON CALLE 38 A SUR 05;;ZONA CENTRO;6.168640, -75.585961;CAIDA OCUPANTE;NO REPORTADO;NO REPORTADO;RESIDENCIAL;Normal;Impericia en el manejo
2191529;19/06/2019;4:20:00 p. m.;Miércoles;2019;Junio;MOTOCICLETA;PARTICULAR;Motociclista;29;MASCULINO;HERIDOS;0;0;0;0;CARRERA 50 CON CALLE 46A SUR;;LAS VEGAS;6.168548, -75.602176;CHOQUE;VEHICULO;NO REPORTADO;RESIDENCIAL;Normal;Transitar entre vehiculos
2191531;19/06/2019;9:40:00 a. m.;Miércoles;2019;Junio;MOTOCICLETA;PARTICULAR;Motociclista;18;FEMENINO;HERIDOS;0;0;0;0;CALLE 39B SUR CON CARRERA 29A;;SAN JOSE;6.163211963524205, -75.58150106129622;CHOQUE;VEHICULO;NO REPORTADO;RESIDENCIAL;Normal;Desobedecer señales
2191532;20/06/2019;4:40:00 p. m.;Jueves;2019;Junio;BICICLETA;;Ciclista;20;MASCULINO;HERIDOS;0;0;0;0;CALLE 40C SUR  CON CARRERA 28-35;;LA MINA;6.160029999887843, -75.58190153431002;CHOQUE;VEHICULO;NO REPORTADO;RESIDENCIAL;Normal;Transitar entre vehiculos
2191533;20/06/2019;2:35:00 p. m.;Jueves;2019;Junio;MOTOCICLETA;PARTICULAR;Motociclista;23;MASCULINO;HERIDOS;0;0;0;0;DIAGONAL 31E CON TRANSVERSAL 34D SUR;;OBRERO;6.17192700805297, -75.58039431274938;CHOQUE;VEHICULO;NO REPORTADO;RESIDENCIAL;Normal;Transitar entre vehiculos
2191534;21/06/2019;12:25:00 a. m.;Viernes;2019;Junio;MOTOCICLETA;PARTICULAR;Acompañante;23;FEMENINO;HERIDOS;0;0;0;0;CARRERA 48 CON CALLE 25 SUR;;LAS VEGAS;6.185476183699448, -75.58319317022531;CHOQUE;VEHICULO;NO REPORTADO;RESIDENCIAL;Normal;Semaforo en rojo
2191534;21/06/2019;12:25:00 a. m.;Viernes;2019;Junio;MOTOCICLETA;PARTICULAR;Motociclista;27;FEMENINO;HERIDOS;0;0;0;0;CARRERA 48 CON CALLE 25 SUR;;LAS VEGAS;6.185476183699448, -75.58319317022531;CHOQUE;VEHICULO;NO REPORTADO;RESIDENCIAL;Normal;Semaforo en rojo
2191539;23/06/2019;1:45:00 p. m.;Domingo;2019;Junio;MOTOCICLETA;PARTICULAR;Acompañante;26;FEMENINO;HERIDOS;0;0;0;0;KILOMETRO 7+070;retiro varia palmas enviga (km 5+43 - km 14+ 550);VEREDA PERICO;6.170924300904303, -75.48986388688968;CHOQUE;VEHICULO;NO REPORTADO;NO REPORTADO;Normal;Girar bruscamente  -  Salirse de la calzada
2191539;23/06/2019;1:45:00 p. m.;Domingo;2019;Junio;MOTOCICLETA;PARTICULAR;Motociclista;28;MASCULINO;HERIDOS;0;0;0;0;KILOMETRO 7+070;retiro varia palmas enviga (km 5+43 - km 14+ 550);VEREDA PERICO;6.170924300904303, -75.48986388688968;CHOQUE;VEHICULO;NO REPORTADO;NO REPORTADO;Normal;Girar bruscamente  -  Salirse de la calzada
2191543;23/06/2019;5:30:00 p. m.;Domingo;2019;Junio;MOTOCICLETA;OFICIAL;Acompañante;35;MASCULINO;HERIDOS;0;0;0;0;CARRERA 29 CON CALLE 36D SUR;;LA PRADERA;6.16102173768409, -75.58215857015375;CHOQUE;VEHICULO;NO REPORTADO;RESIDENCIAL;Normal;Impericia en el manejo
2191543;23/06/2019;5:30:00 p. m.;Domingo;2019;Junio;MOTOCICLETA;OFICIAL;Motociclista;33;MASCULINO;HERIDOS;0;0;0;0;CARRERA 29 CON CALLE 36D SUR;;LA PRADERA;6.16102173768409, -75.58215857015375;CHOQUE;VEHICULO;NO REPORTADO;RESIDENCIAL;Normal;Impericia en el manejo
2191548;21/06/2019;10:35:00 a. m.;Viernes;2019;Junio;MOTOCICLETA;PARTICULAR;Motociclista;49;MASCULINO;HERIDOS;0;0;0;0;CARRERA 50 CON CALLE 32B SUR;;LAS VEGAS;6.178263, -75.591897;CHOQUE;VEHICULO;NO REPORTADO;RESIDENCIAL;Normal;Otra-Conductor
2191552;21/06/2019;9:50:00 p. m.;Viernes;2019;Junio;MOTOCICLETA;PARTICULAR;Acompañante;6;MASCULINO;HERIDOS;0;0;0;0;CARRERA 50 CON CALLE 48 SUR;;LAS VEGAS;6.166087, -75.602677;CHOQUE;VEHICULO;NO REPORTADO;RESIDENCIAL;Normal;Embriaguez o droga
2191553;17/06/2019;1:15:00 p. m.;Lunes;2019;Junio;MOTOCICLETA;PARTICULAR;Peaton;47;MASCULINO;HERIDOS;0;0;0;0;CALLE 37 SUR CON CARRERA 43;;ZONA CENTRO;6.171229701643528, -75.58745398560754;ATROPELLO;NO REPORTADO;NO REPORTADO;RESIDENCIAL;Normal;Pasar semaforo en rojo
2191553;17/06/2019;1:15:00 p. m.;Lunes;2019;Junio;MOTOCICLETA;PARTICULAR;Motociclista;55;MASCULINO;HERIDOS;0;0;0;0;CALLE 37 SUR CON CARRERA 43;;ZONA CENTRO;6.171229701643528, -75.58745398560754;ATROPELLO;NO REPORTADO;NO REPORTADO;RESIDENCIAL;Normal;Pasar semaforo en rojo
2191554;22/06/2019;4:08:00 p. m.;Sábado;2019;Junio;CAMPERO;PARTICULAR;Peaton;46;FEMENINO;HERIDOS;0;0;0;0;CARRERA 36 CON CALLE 37 SUR 10;;MESA;6.168610971763406, -75.58315937026427;ATROPELLO;NO REPORTADO;NO REPORTADO;RESIDENCIAL;Normal;Embriaguez o droga  -  Impericia en el manejo
2191555;21/06/2019;5:30:00 p. m.;Viernes;2019;Junio;MOTOCICLETA;PARTICULAR;Peaton;16;MASCULINO;HERIDOS;0;0;0;0;CARRERA 48 CON CALLE 39 SUR;;LAS VEGAS;6.171572914287292, -75.59433473713955;ATROPELLO;NO REPORTADO;NO REPORTADO;RESIDENCIAL;Normal;Semaforo en rojo
2191555;21/06/2019;5:30:00 p. m.;Viernes;2019;Junio;MOTOCICLETA;PARTICULAR;Motociclista;25;MASCULINO;HERIDOS;0;0;0;0;CARRERA 48 CON CALLE 39 SUR;;LAS VEGAS;6.171572914287292, -75.59433473713955;ATROPELLO;NO REPORTADO;NO REPORTADO;RESIDENCIAL;Normal;Semaforo en rojo
2191557;21/06/2019;2:05:00 p. m.;Viernes;2019;Junio;MOTOCICLETA;PARTICULAR;Motociclista;34;MASCULINO;HERIDOS;0;0;0;0;CALLE 36 SUR CON CARRERA 47-18;;EL PORTAL;6.1736911857260255, -75.59147848252348;CHOQUE;VEHICULO;NO REPORTADO;RESIDENCIAL;Normal;Poner en marcha un vehiculo sin precauci
2191562;21/06/2019;6:10:00 p. m.;Viernes;2019;Junio;MOTOCICLETA;PARTICULAR;Motociclista;35;MASCULINO;HERIDOS;0;0;0;0;CALLE 23 SUR CON CARRERA 27B 76;;ZUÑIGA;6.177136928550701, -75.56861470942728;CHOQUE;VEHICULO;NO REPORTADO;RESIDENCIAL;Normal;Poner en marcha un vehiculo sin precauci
2191565;22/06/2019;7:00:00 a. m.;Sábado;2019;Junio;MOTOCICLETA;PARTICULAR;Motociclista;53;MASCULINO;HERIDOS;0;0;0;0;CARRERA 50 CON CALLE 34 SUR ;;LAS VEGAS;6.177351, -75.592720;CHOQUE;VEHICULO;NO REPORTADO;RESIDENCIAL;Normal;Frenar bruscamente  -  No mantener distancia de seguridad
2191565;22/06/2019;7:00:00 a. m.;Sábado;2019;Junio;MOTOCICLETA;PARTICULAR;Acompañante;42;FEMENINO;HERIDOS;0;0;0;0;CARRERA 50 CON CALLE 34 SUR ;;LAS VEGAS;6.177351, -75.592720;CHOQUE;VEHICULO;NO REPORTADO;RESIDENCIAL;Normal;Frenar bruscamente  -  No mantener distancia de seguridad
2191567;22/06/2019;10:53:00 p. m.;Sábado;2019;Junio;MOTOCICLETA;PARTICULAR;Motociclista;22;MASCULINO;HERIDOS;0;0;0;0;CARRERA 43A CON CALLE 50 SUR;;LOMA DEL BARRO;6.1608543441990085, -75.60216815889049;CAIDA OCUPANTE;NO REPORTADO;NO REPORTADO;RESIDENCIAL;Normal;Huecos
2191577;23/06/2019;10:40:00 p. m.;Domingo;2019;Junio;MOTOCICLETA;PARTICULAR;Motociclista;20;MASCULINO;HERIDOS;0;0;0;0;KILOMETRO 13+130;medell??n palmas envigado (km 12 - km 16+700);VEREDA PALMAS;6.1644677802668, -75.54520027680711;CAIDA OCUPANTE;NO REPORTADO;NO REPORTADO;NO REPORTADO;Normal;Impericia en el manejo
2191577;23/06/2019;10:40:00 p. m.;Domingo;2019;Junio;MOTOCICLETA;PARTICULAR;Acompañante;25;FEMENINO;HERIDOS;0;0;0;0;KILOMETRO 13+130;medell??n palmas envigado (km 12 - km 16+700);VEREDA PALMAS;6.1644677802668, -75.54520027680711;CAIDA OCUPANTE;NO REPORTADO;NO REPORTADO;NO REPORTADO;Normal;Impericia en el manejo
2191578;22/06/2019;6:30:00 a. m.;Sábado;2019;Junio;MOTOCICLETA;PARTICULAR;Motociclista;53;MASCULINO;HERIDOS;0;0;0;0;CARRERA 49 CON CALLE 43 SUR;;LAS VEGAS;6.171058, -75.600559;CHOQUE;VEHICULO;NO REPORTADO;RESIDENCIAL;Normal;Impericia en el manejo
2191579;23/06/2019;12:00:00 p. m.;Domingo;2019;Junio;MOTOCICLETA;PARTICULAR;Motociclista;29;MASCULINO;HERIDOS;0;0;0;0;KILOMETRO 7+110;retiro varia palmas enviga (km 5+43 - km 14+ 550);VEREDA PERICO;6.171218343967402, -75.49008715109834;CHOQUE;VEHICULO;NO REPORTADO;NO REPORTADO;Normal;No mantener distancia de seguridad
2191580;23/06/2019;11:20:00 a. m.;Domingo;2019;Junio;MOTOCICLETA;PARTICULAR;Motociclista;61;MASCULINO;HERIDOS;0;0;0;0;CALLE 25 SUR CON CARRERA 48-11;;LAS VEGAS;6.185623490584346, -75.5834431823873;CHOQUE;VEHICULO;NO REPORTADO;RESIDENCIAL;Normal;No mantener distancia de seguridad
2191580;23/06/2019;11:20:00 a. m.;Domingo;2019;Junio;MOTOCICLETA;PARTICULAR;Acompañante;40;FEMENINO;HERIDOS;0;0;0;0;CALLE 25 SUR CON CARRERA 48-11;;LAS VEGAS;6.185623490584346, -75.5834431823873;CHOQUE;VEHICULO;NO REPORTADO;RESIDENCIAL;Normal;No mantener distancia de seguridad
2191582;25/06/2019;7:10:00 a. m.;Martes;2019;Junio;MOTOCICLETA;PARTICULAR;Motociclista;26;FEMENINO;HERIDOS;0;0;0;;CARRERA 43A CON CALLE 27 A SUR 11;;VILLA GRANDE;6.183001453478404, -75.58264138882814;CAIDA OCUPANTE;NO REPORTADO;NO REPORTADO;RESIDENCIAL;Normal;Impericia en el manejo  -  Superficie humeda
2191583;25/06/2019;5:20:00 p. m.;Martes;2019;Junio;MOTOCICLETA;PARTICULAR;Acompañante;34;FEMENINO;HERIDOS;0;0;0;0;CALLE 25 SUR CON CARRERA 48;;LAS VEGAS;6.1855643490049115, -75.58313696302534;CHOQUE;VEHICULO;NO REPORTADO;RESIDENCIAL;Normal;Desobedecer señales
2191586;24/06/2019;12:10:00 p. m.;Lunes;2019;Junio;MOTOCICLETA;PARTICULAR;Peaton;82;MASCULINO;HERIDOS;0;0;0;0;DIAGONAL 31C CON TRANSVERSAL 32A SUR;;LA MAGNOLIA;6.176132434299175, -75.58095450811844;ATROPELLO;NO REPORTADO;NO REPORTADO;RESIDENCIAL;Normal;Pasar semaforo en rojo
2191592;25/06/2019;10:10:00 p. m.;Martes;2019;Junio;MOTOCICLETA;PARTICULAR;Motociclista;23;MASCULINO;HERIDOS;0;0;0;0;CARRERA 50 CON CALLE 25 SUR;;LAS VEGAS;6.186957, -75.584471;CHOQUE;VEHICULO;NO REPORTADO;RESIDENCIAL;Normal;No respetar prelacion
2191592;25/06/2019;10:10:00 p. m.;Martes;2019;Junio;MOTOCICLETA;PARTICULAR;Acompañante;23;MASCULINO;HERIDOS;0;0;0;0;CARRERA 50 CON CALLE 25 SUR;;LAS VEGAS;6.186957, -75.584471;CHOQUE;VEHICULO;NO REPORTADO;RESIDENCIAL;Normal;No respetar prelacion
2191593;26/06/2019;8:35:00 a. m.;Miércoles;2019;Junio;MOTOCICLETA;PARTICULAR;Motociclista;16;MASCULINO;HERIDOS;0;0;0;0;CALLE 39 SUR CON CARRERA 28;;SAN JOSE;6.161397169098325, -75.57978160035871;CHOQUE;VEHICULO;NO REPORTADO;RESIDENCIAL;Normal;Adelantar en zona prohibida
2191606;25/06/2019;6:40:00 p. m.;Martes;2019;Junio;MOTOCICLETA;PARTICULAR;Motociclista;44;FEMENINO;HERIDOS;0;0;0;0;CARRERA 43A CON CALLE 25 SUR;;BOSQUES DE ZUÑIGA;6.181527767015737, -75.58125395108142;CHOQUE;VEHICULO;NO REPORTADO;RESIDENCIAL;Normal;No mantener distancia de seguridad
2191607;27/06/2019;9:30:00 a. m.;Jueves;2019;Junio;CAMPERO;PARTICULAR;Peaton;74;FEMENINO;HERIDOS;0;0;0;0;TRANSVERSAL 36 SUR CON DIAGONAL 33;;LOS NARANJOS;6.167936397460336, -75.58137744708853;ATROPELLO;NO REPORTADO;NO REPORTADO;RESIDENCIAL;Normal;Cruzar sin observar
2191608;26/06/2019;12:22:00 p. m.;Miércoles;2019;Junio;MOTOCICLETA;PARTICULAR;Motociclista;54;MASCULINO;HERIDOS;0;0;0;0;CARRERA 32 CON CALLE 37 SUR;;MESA;6.1667360616331495, -75.58116747663874;CHOQUE;VEHICULO;NO REPORTADO;RESIDENCIAL;Normal;Desobedecer señales
2191609;26/06/2019;7:00:00 p. m.;Miércoles;2019;Junio;MOTOCICLETA;PARTICULAR;Peaton;72;MASCULINO;HERIDOS;0;0;0;0;CARRERA 42B CON CALLE 26A SUR 64;;LAS ORQUIDEAS;6.178231756402517, -75.5797724821896;ATROPELLO;NO REPORTADO;NO REPORTADO;RESIDENCIAL;Normal;Cruzar sin observar  -  Impericia en el manejo
2191618;30/06/2019;6:30:00 p. m.;Domingo;2019;Junio;MOTOCICLETA;PARTICULAR;Motociclista;20;MASCULINO;HERIDOS;0;0;0;0;DIAGONAL 32 CON TRANSVERSAL 36 SUR 37;;LOS NARANJOS;6.167532287554404, -75.58089053854872;CHOQUE;VEHICULO;NO REPORTADO;RESIDENCIAL;Normal;Frenar bruscamente
2191620;28/06/2019;9:24:00 a. m.;Viernes;2019;Junio;MOTOCICLETA;PARTICULAR;Motociclista;40;MASCULINO;HERIDOS;0;0;0;0;CARRERA 50 CON CALLE 30 SUR;;LAS VEGAS;6.180427, -75.590467;CAIDA OCUPANTE;NO REPORTADO;NO REPORTADO;RESIDENCIAL;Normal;Impericia en el manejo
2191624;28/06/2019;10:10:00 p. m.;Viernes;2019;Junio;MOTOCICLETA;PARTICULAR;Motociclista;29;FEMENINO;HERIDOS;0;0;0;0;CARRERA 50 CON CALLE 32B SUR ;;LAS VEGAS;6.178263, -75.591897;CHOQUE;VEHICULO;NO REPORTADO;RESIDENCIAL;Normal;Adelantar invadiendo carril del mismo sentido en zigzag
2191624;28/06/2019;10:10:00 p. m.;Viernes;2019;Junio;MOTOCICLETA;PARTICULAR;Acompañante;48;MASCULINO;HERIDOS;1;0;0;20;CARRERA 50 CON CALLE 32B SUR ;;LAS VEGAS;6.178263, -75.591897;CHOQUE;VEHICULO;NO REPORTADO;RESIDENCIAL;Normal;Adelantar invadiendo carril del mismo sentido en zigzag
2191630;30/06/2019;4:50:00 a. m.;Domingo;2019;Junio;MOTOCICLETA;PARTICULAR;Motociclista;21;MASCULINO;HERIDOS;0;0;0;0;TRANSVERSAL 33A SUR CON DIAGONAL 32B 30;;LA MAGNOLIA;6.174112725614605, -75.58264329022231;CHOQUE;OBJETO FIJO;VEHICULO ESTACIONADO;RESIDENCIAL;Normal;Embriaguez o droga
2191638;29/06/2019;8:10:00 p. m.;Sábado;2019;Junio;MOTOCICLETA;PARTICULAR;Motociclista;27;MASCULINO;HERIDOS;0;0;0;0;CALLE 39 SUR CON CARRERA 27B;;SAN JOSE;6.1588996445530535, -75.5788923951329;CHOQUE;VEHICULO;NO REPORTADO;RESIDENCIAL;Normal;Embriaguez o droga
2191638;29/06/2019;8:10:00 p. m.;Sábado;2019;Junio;MOTOCICLETA;PARTICULAR;Acompañante;17;FEMENINO;HERIDOS;0;0;0;0;CALLE 39 SUR CON CARRERA 27B;;SAN JOSE;6.1588996445530535, -75.5788923951329;CHOQUE;VEHICULO;NO REPORTADO;RESIDENCIAL;Normal;Embriaguez o droga
2191639;27/06/2019;3:55:00 p. m.;Jueves;2019;Junio;MOTOCICLETA;PARTICULAR;Peaton;65;FEMENINO;HERIDOS;0;0;0;0;CALLE 40B SUR CON CARRERA 39A 31;;EL DORADO;6.166541347119858, -75.58731432822279;ATROPELLO;NO REPORTADO;NO REPORTADO;RESIDENCIAL;Normal;Impericia en el manejo
2191644;2/07/2019;6:20:00 a. m.;Martes;2019;Julio;MOTOCICLETA;PARTICULAR;Motociclista;24;MASCULINO;HERIDOS;0;0;0;0;CALLE 48C SUR CON CARRERA 43A 50;;PRIMAVERA;6.163561549963878, -75.59839852028504;ATROPELLO;NO REPORTADO;NO REPORTADO;RESIDENCIAL;Normal;Cruzar sin observar
2191644;2/07/2019;6:20:00 a. m.;Martes;2019;Julio;MOTOCICLETA;PARTICULAR;Peaton;48;FEMENINO;HERIDOS;0;0;0;0;CALLE 48C SUR CON CARRERA 43A 50;;PRIMAVERA;6.163561549963878, -75.59839852028504;ATROPELLO;NO REPORTADO;NO REPORTADO;RESIDENCIAL;Normal;Cruzar sin observar
2191645;1/07/2019;4:50:00 p. m.;Lunes;2019;Julio;MOTOCICLETA;PARTICULAR;Acompañante;16;MASCULINO;HERIDOS;0;0;0;0;KILOMETRO 7+70;retiro varia palmas enviga (km 5+43 - km 14+ 550);VEREDA PERICO;6.170924300904303, -75.48986388688968;CHOQUE;VEHICULO;NO REPORTADO;NO REPORTADO;Normal;Otra-Conductor