NRO_RADICADO;FECHA_ACCIDENTE;HORA_ACCIDENTE;Día de la semana;AÑO;MES;CLASE_VEHICULO;TIPO_SERVICIO;TIPO_VICTIMA;EDAD;GENERO;GRAVEDAD;ESTADO_BEODEZ;ESTADO_DROGA;RESULTADO_BEODEZ;RESUL_BEODEZ_GRAMOS;DIRECCION_CARACT_VIA;TRAMO_VIA;LOCALIDAD_O_COMUNA;    GEORREFERENCIACIÓN;DESC_CLASE_ACCIDENTE;DESC_CHOQUE_ACCIDENTE;DESC_OBJETO_FIJO;DESC_SECTOR_ACCIDENTE;CONDICION_CLIMATICA;CAUSA_ACCIDENTE
2191646;2/07/2019;7:22:00 a. m.;Martes;2019;Julio;MOTOCICLETA;PARTICULAR;Motociclista;29;MASCULINO;HERIDOS;0;0;0;0;KILOMETRO 12+960;retiro varia palmas enviga (km 5+43 - km 14+ 550);VEREDA PALMAS;6.159841353204864, -75.52561843526016;CHOQUE;VEHICULO;NO REPORTADO;NO REPORTADO;Normal;Adelantar invadiendo carril de sentido contrario
2191660;2/07/2019;9:10:00 a. m.;Martes;2019;Julio;MOTOCICLETA;PARTICULAR;Motociclista;39;MASCULINO;HERIDOS;0;0;0;0;KILOMETRO 12+920;retiro varia palmas enviga (km 5+43 - km 14+ 550);VEREDA PALMAS;6.159889447057277, -75.52529201260728;CHOQUE;VEHICULO;NO REPORTADO;NO REPORTADO;Normal;Impericia en el manejo
2191661;2/07/2019;7:30:00 a. m.;Martes;2019;Julio;MOTOCICLETA;PARTICULAR;Motociclista;32;FEMENINO;HERIDOS;0;0;0;0;CARRERA 50 CON CALLE 25 SUR;;LAS VEGAS;6.186957, -75.584471;CHOQUE;VEHICULO;NO REPORTADO;RESIDENCIAL;Normal;Impericia en el manejo
2191662;2/07/2019;6:30:00 p. m.;Martes;2019;Julio;MOTOCICLETA;PARTICULAR;Motociclista;19;MASCULINO;HERIDOS;0;0;0;0;DIAGONAL 29 CON CALLE 34DD SUR;;LA SEBASTIANA;6.171283708760118, -75.57773265129862;CHOQUE;VEHICULO;NO REPORTADO;RESIDENCIAL;Normal;Otra-Conductor
2191665;3/07/2019;4:40:00 p. m.;Miércoles;2019;Julio;MOTOCICLETA;PARTICULAR;Motociclista;35;MASCULINO;HERIDOS;0;0;0;;CALLE 38 A SUR CON CARRERA 43;;ZONA CENTRO;6.1701636040149355, -75.58857180494039;CAIDA OCUPANTE;NO REPORTADO;NO REPORTADO;RESIDENCIAL;Normal;Superficie humeda
2191665;3/07/2019;4:40:00 p. m.;Miércoles;2019;Julio;MOTOCICLETA;PARTICULAR;Acompañante;25;MASCULINO;HERIDOS;0;0;0;;CALLE 38 A SUR CON CARRERA 43;;ZONA CENTRO;6.1701636040149355, -75.58857180494039;CAIDA OCUPANTE;NO REPORTADO;NO REPORTADO;RESIDENCIAL;Normal;Superficie humeda
2191676;4/07/2019;2:45:00 p. m.;Jueves;2019;Julio;CAMIONETA;PARTICULAR;Acompañante;56;MASCULINO;HERIDOS;0;0;0;0;CARRERA 50 CON CALLE 46A SUR;;LAS VEGAS;6.168548, -75.602176;CHOQUE;VEHICULO;NO REPORTADO;RESIDENCIAL;Normal;Otra-Conductor
2191676;4/07/2019;2:45:00 p. m.;Jueves;2019;Julio;CAMIONETA;PARTICULAR;Conductor;21;MASCULINO;HERIDOS;0;0;0;0;CARRERA 50 CON CALLE 46A SUR;;LAS VEGAS;6.168548, -75.602176;CHOQUE;VEHICULO;NO REPORTADO;RESIDENCIAL;Normal;Otra-Conductor
2191684;6/07/2019;12:40:00 p. m.;Sábado;2019;Julio;MOTOCICLETA;PARTICULAR;Motociclista;24;MASCULINO;HERIDOS;0;0;0;0;CARRERA 27A CON CALLE 36D SUR ;;LOMA DE LAS BRUJAS;6.163344565397259, -75.57157351341897;CHOQUE;VEHICULO;NO REPORTADO;RESIDENCIAL;Normal;No respetar pelacion de interseccion o giros
2191689;4/07/2019;4:50:00 p. m.;Jueves;2019;Julio;MOTOCICLETA;PARTICULAR;Acompañante;27;FEMENINO;HERIDOS;0;0;0;0;CALLE 36D SUR CON CARRERA 27D;;LA PRADERA;6.165037862450917, -75.57446251896745;CHOQUE;VEHICULO;NO REPORTADO;RESIDENCIAL;Normal;Adelantar en zona prohibida
2191691;4/07/2019;1:50:00 p. m.;Jueves;2019;Julio;MOTOCICLETA;PARTICULAR;Peaton;31;MASCULINO;HERIDOS;0;0;0;0;CALLE 39 SUR CON CARRERA 40;;ZONA CENTRO;6.16825077424441, -75.58700640494071;ATROPELLO;NO REPORTADO;NO REPORTADO;RESIDENCIAL;Normal;Pasar semaforo en rojo
2191692;4/07/2019;8:40:00 p. m.;Jueves;2019;Julio;BUS;PUBLICO;Peaton;43;FEMENINO;HERIDOS;0;0;0;0;CARRERA 42B CON CALLE 45A SUR;;LA PAZ;6.1639798434879935, -75.59346724356658;ATROPELLO;NO REPORTADO;NO REPORTADO;RESIDENCIAL;Normal;Otra-Peaton
2191696;7/07/2019;9:10:00 a. m.;Domingo;2019;Julio;MOTOCICLETA;PARTICULAR;Motociclista;66;MASCULINO;HERIDOS;0;0;0;0;DIAGONAL 31C CON TRANSVERSAL 34D SUR;;LAS FLORES;6.172066208042955, -75.58007338843481;CHOQUE;VEHICULO;NO REPORTADO;RESIDENCIAL;Normal;No mantener distancia de seguridad
2191697;4/07/2019;8:10:00 p. m.;Jueves;2019;Julio;BICICLETA;;Ciclista;30;FEMENINO;HERIDOS;0;0;0;0;CARRERA 30 CON CALLE 39B SUR;;SAN JOSE;6.163567298434544, -75.58216761102291;CHOQUE;VEHICULO;NO REPORTADO;RESIDENCIAL;Normal;No respetar prelacion
2191704;8/07/2019;2:45:00 p. m.;Lunes;2019;Julio;BUS;PUBLICO;Pasajero;48;FEMENINO;HERIDOS;0;0;0;0;CALLE 38 SUR CON CARRERA 43-57;;ZONA CENTRO;6.171346835615544, -75.58865038959645;OTRO;NO REPORTADO;NO REPORTADO;RESIDENCIAL;Normal;Otra-Conductor
2191705;8/07/2019;5:30:00 a. m.;Lunes;2019;Julio;CAMIONETA;PARTICULAR;Conductor;50;MASCULINO;HERIDOS;0;0;0;0;KILOMETRO 8;el escobero - km 0-13);VEREDA EL ESCOBERO;6.125262088095403, -75.5354119889815;VOLCAMIENTO;NO REPORTADO;NO REPORTADO;NO REPORTADO;Normal;Impericia en el manejo
2191706;8/07/2019;4:20:00 p. m.;Lunes;2019;Julio;MOTOCICLETA;PARTICULAR;Peaton;59;FEMENINO;HERIDOS;0;0;0;0;CALLE 39 SUR CON CARRERA 28;;SAN JOSE;6.16169574609506, -75.58005310494178;ATROPELLO;NO REPORTADO;NO REPORTADO;RESIDENCIAL;Normal;Impericia en el manejo  -  Otra-Peaton
2191710;8/07/2019;9:40:00 a. m.;Lunes;2019;Julio;AUTOMOVIL;PUBLICO;Peaton;28;FEMENINO;HERIDOS;0;0;0;0;KILOMETRO 5+500;retiro varia palmas enviga (km 5+43 - km 14+ 550);VEREDA PERICO;6.170881514836197, -75.47885234641186;ATROPELLO;NO REPORTADO;NO REPORTADO;NO REPORTADO;Normal;Salir por delante de un vehiculo
2191721;8/07/2019;8:20:00 a. m.;Lunes;2019;Julio;BICICLETA;;Ciclista;75;FEMENINO;HERIDOS;0;0;0;0;CALLE 37 SUR CON CARRERA 39-41;;ZONA CENTRO;6.169503329358401, -75.58478244595352;CHOQUE;VEHICULO;NO REPORTADO;RESIDENCIAL;Normal;Impericia en el manejo
2191722;9/07/2019;4:30:00 p. m.;Martes;2019;Julio;MOTOCICLETA;PARTICULAR;Motociclista;35;MASCULINO;HERIDOS;0;0;0;0;CARRERA 43A CON CALLE 36 SUR 14;;ZONA CENTRO;6.171702151902536, -75.58779594278884;CAIDA OCUPANTE;NO REPORTADO;NO REPORTADO;RESIDENCIAL;Normal;Impericia en el manejo
2191726;10/07/2019;7:40:00 a. m.;Miércoles;2019;Julio;MOTOCICLETA;PARTICULAR;Motociclista;21;MASCULINO;HERIDOS;0;0;0;0;CARRERA 50 CON CALLE 25 A SUR ;;LAS VEGAS;6.186597, -75.584900;CHOQUE;VEHICULO;NO REPORTADO;RESIDENCIAL;Normal;Impericia en el manejo
2191727;10/07/2019;6:50:00 a. m.;Miércoles;2019;Julio;MOTOCICLETA;PARTICULAR;Acompañante;24;MASCULINO;HERIDOS;0;0;0;0;KILOMETRO 13+670;retiro varia palmas enviga (km 5+43 - km 14+ 550);VEREDA PALMAS;6.159130697841434, -75.53199903449284;CAIDA OCUPANTE;NO REPORTADO;NO REPORTADO;NO REPORTADO;Normal;Impericia en el manejo
2191727;10/07/2019;6:50:00 a. m.;Miércoles;2019;Julio;MOTOCICLETA;PARTICULAR;Motociclista;31;MASCULINO;HERIDOS;0;0;0;0;KILOMETRO 13+670;retiro varia palmas enviga (km 5+43 - km 14+ 550);VEREDA PALMAS;6.159130697841434, -75.53199903449284;CAIDA OCUPANTE;NO REPORTADO;NO REPORTADO;NO REPORTADO;Normal;Impericia en el manejo
2191728;11/07/2019;6:45:00 a. m.;Jueves;2019;Julio;MOTOCICLETA;PARTICULAR;Motociclista;27;FEMENINO;HERIDOS;0;0;0;0;CARRERA 50 CON CALLE 37 SUR;;LAS VEGAS;6.175135, -75.595369;CHOQUE;VEHICULO;NO REPORTADO;RESIDENCIAL;Normal;Impericia en el manejo
2191729;10/07/2019;5:20:00 p. m.;Miércoles;2019;Julio;BICICLETA;;Ciclista;34;MASCULINO;HERIDOS;0;0;0;0;CALLE 25 SUR CON CARRERA 45;;BOSQUES DE ZUÑIGA;6.182553213033268, -75.58199712878466;CHOQUE;VEHICULO;NO REPORTADO;RESIDENCIAL;Normal;Impericia en el manejo
2191741;10/07/2019;6:10:00 p. m.;Miércoles;2019;Julio;MOTOCICLETA;PARTICULAR;Acompañante;35;FEMENINO;HERIDOS;0;0;0;0;KILOMETRO 11+700;retiro varia palmas enviga (km 5+43 - km 14+ 550);VEREDA PALMAS;6.1603062997124365, -75.51560928638449;CHOQUE;VEHICULO;NO REPORTADO;NO REPORTADO;Normal;No respetar prelacion
2191741;10/07/2019;6:10:00 p. m.;Miércoles;2019;Julio;MOTOCICLETA;PARTICULAR;Motociclista;39;MASCULINO;HERIDOS;0;0;0;0;KILOMETRO 11+700;retiro varia palmas enviga (km 5+43 - km 14+ 550);VEREDA PALMAS;6.1603062997124365, -75.51560928638449;CHOQUE;VEHICULO;NO REPORTADO;NO REPORTADO;Normal;No respetar prelacion
2191744;11/07/2019;10:00:00 a. m.;Jueves;2019;Julio;AUTOMOVIL;PUBLICO;Pasajero;71;FEMENINO;HERIDOS;0;0;0;0;CARRERA 50 CON CALLE 46A SUR;;LAS VEGAS;6.168548, -75.602176;CHOQUE;VEHICULO;NO REPORTADO;RESIDENCIAL;Normal;No mantener distancia de seguridad
2191745;11/07/2019;8:30:00 a. m.;Jueves;2019;Julio;MOTOCICLETA;PARTICULAR;Motociclista;19;FEMENINO;HERIDOS;0;0;0;0;CARRERA 40AA CON CALLE 53 SUR 62;;LOMA DEL BARRO;6.155910503661147, -75.60215981575824;CHOQUE;VEHICULO;NO REPORTADO;RESIDENCIAL;Normal;Arrancar sin precaucion
2191747;11/07/2019;6:45:00 a. m.;Jueves;2019;Julio;MOTOCICLETA;PARTICULAR;Acompañante;45;FEMENINO;HERIDOS;0;0;0;0;CARRERA 43A CON CALLE 23 SUR 89;;BOSQUES DE ZUÑIGA;6.1835330469144525, -75.58034852821947;CAIDA OCUPANTE;NO REPORTADO;NO REPORTADO;RESIDENCIAL;Lluvia;Impericia en el manejo
2191749;12/07/2019;2:00:00 p. m.;Viernes;2019;Julio;CAMIONETA;PUBLICO;Peaton;30;MASCULINO;HERIDOS;0;0;0;0;CALLE 25AA SUR CON CARRERA 48;;LAS VEGAS;6.1846469167287275, -75.58468819753197;ATROPELLO;NO REPORTADO;NO REPORTADO;RESIDENCIAL;Normal;Cruzar sin observar
2191752;12/07/2019;4:00:00 p. m.;Viernes;2019;Julio;MOTOCICLETA;PARTICULAR;Peaton;68;FEMENINO;HERIDOS;0;0;0;0;CARRERA 43A CON CALLE 45B SUR ;;LA PAZ;6.165468141788648, -75.59509357425388;ATROPELLO;NO REPORTADO;NO REPORTADO;RESIDENCIAL;Normal;Impericia en el manejo  -  Otra-Peaton
2191754;12/07/2019;10:45:00 p. m.;Viernes;2019;Julio;MOTOCICLETA;PARTICULAR;Acompañante;15;FEMENINO;HERIDOS;0;0;0;0;CARRERA 42A CON CALLE 45A SUR ;;EL TRIANON;6.163746614958087, -75.59325930494133;CAIDA OCUPANTE;NO REPORTADO;NO REPORTADO;RESIDENCIAL;Normal;Impericia en el manejo
2191754;12/07/2019;10:45:00 p. m.;Viernes;2019;Julio;MOTOCICLETA;PARTICULAR;Motociclista;26;FEMENINO;HERIDOS;0;0;0;0;CARRERA 42A CON CALLE 45A SUR ;;EL TRIANON;6.163746614958087, -75.59325930494133;CAIDA OCUPANTE;NO REPORTADO;NO REPORTADO;RESIDENCIAL;Normal;Impericia en el manejo
2191756;12/07/2019;10:50:00 a. m.;Viernes;2019;Julio;MOTOCICLETA;PARTICULAR;Motociclista;39;MASCULINO;HERIDOS;0;0;0;0;CARRERA 43A CON CALLE 31 A SUR;;SAN MARCOS;6.1763109217871115, -75.58551768211325;CHOQUE;VEHICULO;NO REPORTADO;RESIDENCIAL;Normal;No mantener distancia de seguridad
2191765;12/07/2019;5:45:00 p. m.;Viernes;2019;Julio;MOTOCICLETA;PARTICULAR;Motociclista;40;MASCULINO;HERIDOS;0;0;0;0;CALLE 39B SUR CON CARRERA 30-43;;SAN JOSE;6.163631299333482, -75.58183501711798;CHOQUE;VEHICULO;NO REPORTADO;RESIDENCIAL;Normal;No mantener distancia de seguridad
2191766;12/07/2019;9:10:00 p. m.;Viernes;2019;Julio;CAMPERO;PARTICULAR;Peaton;40;MASCULINO;HERIDOS;0;0;0;0;CARRERA 47 CON CALLE 43 SUR 50;;MILAN VALLEJUELOS;6.1683586062421, -75.59639159753482;ATROPELLO;NO REPORTADO;NO REPORTADO;RESIDENCIAL;Normal;Pasar semaforo en rojo  -  Poner en marcha un vehiculo sin precauci
2191767;13/07/2019;8:16:00 a. m.;Sábado;2019;Julio;MOTOCICLETA;PARTICULAR;Motociclista;35;MASCULINO;HERIDOS;0;0;0;0;CALLE 37 SUR CON CARRERA 45 A 10;;EL PORTAL;6.172598459337327, -75.58993778033765;CHOQUE;VEHICULO;NO REPORTADO;RESIDENCIAL;Normal;No mantener distancia de seguridad
2191768;13/07/2019;5:20:00 p. m.;Sábado;2019;Julio;MOTOCICLETA;PARTICULAR;Motociclista;26;MASCULINO;HERIDOS;0;0;0;0;CALLE 39 SUR CON CARRERA 28;;SAN JOSE;6.161397169098325, -75.57978160035871;CHOQUE;VEHICULO;NO REPORTADO;RESIDENCIAL;Normal;No respetar prelacion
2191778;15/07/2019;9:55:00 p. m.;Lunes;2019;Julio;MOTOCICLETA;PARTICULAR;Motociclista;21;MASCULINO;HERIDOS;0;0;0;;CALLE 36D SUR CON CARRERA 27C 40;;LA PRADERA;6.164354230310047, -75.57333847663872;CHOQUE;VEHICULO;NO REPORTADO;RESIDENCIAL;Normal;No mantener distancia de seguridad
2191781;15/07/2019;6:30:00 a. m.;Lunes;2019;Julio;MOTOCICLETA;PARTICULAR;Acompañante;25;MASCULINO;HERIDOS;0;0;0;0;CARRERA 48 CON CALLE 36 SUR;;LAS VEGAS;6.174330960453414, -75.59212093572795;CHOQUE;VEHICULO;NO REPORTADO;RESIDENCIAL;Normal;No mantener distancia de seguridad
2191781;15/07/2019;6:30:00 a. m.;Lunes;2019;Julio;MOTOCICLETA;PARTICULAR;Motociclista;25;MASCULINO;HERIDOS;0;0;0;0;CARRERA 48 CON CALLE 36 SUR;;LAS VEGAS;6.174330960453414, -75.59212093572795;CHOQUE;VEHICULO;NO REPORTADO;RESIDENCIAL;Normal;No mantener distancia de seguridad
2191782;16/07/2019;12:58:00 p. m.;Martes;2019;Julio;MOTOCICLETA;PARTICULAR;Motociclista;33;MASCULINO;HERIDOS;0;0;0;0;CALLE 27D SUR CON CARRERA 27C51;;URIBE ANGEL;6.171754304256927, -75.57417059517734;CHOQUE;VEHICULO;NO REPORTADO;RESIDENCIAL;Normal;Impericia en el manejo
2191785;13/07/2019;2:50:00 a. m.;Sábado;2019;Julio;AUTOMOVIL;PARTICULAR;Acompañante;18;FEMENINO;HERIDOS;0;0;0;0;DIAGONAL 30 CON TRANSVERSAL 34F SUR 07;;LA SEBASTIANA;6.169982997024639, -75.57861002254802;CHOQUE;OBJETO FIJO;BARANDA;RESIDENCIAL;Normal;Impericia en el manejo
2191792;16/07/2019;10:50:00 a. m.;Martes;2019;Julio;MOTOCICLETA;PARTICULAR;Motociclista;25;FEMENINO;HERIDOS;0;0;0;0;CARRERA 48 CON CALLE 30 SUR;;LAS VEGAS;6.179496718217783, -75.58819458527805;CHOQUE;VEHICULO;NO REPORTADO;RESIDENCIAL;Normal;Impericia en el manejo
2191801;16/07/2019;1:30:00 p. m.;Martes;2019;Julio;MOTOCICLETA;PARTICULAR;Motociclista;22;FEMENINO;HERIDOS;0;0;0;0;CARRERA 50 CON CALLE 37 SUR;;LAS VEGAS;6.175135, -75.595369;CHOQUE;VEHICULO;NO REPORTADO;RESIDENCIAL;Normal;Adelantar invadiendo carril del mismo sentido en zigzag
2191802;16/07/2019;4:10:00 p. m.;Martes;2019;Julio;MOTOCICLETA;OFICIAL;Acompañante;26;FEMENINO;HERIDOS;0;0;0;0;CARRERA 48 CON CALLE 44 SUR 45;;LAS VEGAS;6.165289745559123, -75.60054219453266;CHOQUE;VEHICULO;NO REPORTADO;RESIDENCIAL;Normal;Aprovisionamiento indebido
2191807;18/07/2019;5:10:00 p. m.;Jueves;2019;Julio;MOTOCICLETA;PARTICULAR;Motociclista;29;MASCULINO;HERIDOS;0;0;0;0;CALLE 39 SUR CON CARRERA 27D;;SAN JOSE;6.160724963210196, -75.57926136314568;CHOQUE;VEHICULO;NO REPORTADO;RESIDENCIAL;Normal;No respetar pelacion de interseccion o giros
2191814;17/07/2019;6:50:00 a. m.;Miércoles;2019;Julio;MOTOCICLETA;PARTICULAR;Motociclista;38;MASCULINO;HERIDOS;0;0;0;0;KILOMETRO 9+370;retiro varia palmas enviga (km 5+43 - km 14+ 550);VEREDA PANTANILLO;6.165968136861525, -75.50148599448124;CHOQUE;VEHICULO;NO REPORTADO;NO REPORTADO;Normal;Impericia en el manejo
2191830;20/07/2019;2:05:00 p. m.;Sábado;2019;Julio;MOTOCICLETA;DIPLOMATICO;Acompañante;32;MASCULINO;HERIDOS;0;0;0;0;CALLE 39 SUR CON CARRERA 28;;SAN JOSE;6.161397169098325, -75.57978160035871;CHOQUE;VEHICULO;NO REPORTADO;RESIDENCIAL;Normal;No respetar pelacion de interseccion o giros
2191834;21/07/2019;5:30:00 p. m.;Domingo;2019;Julio;MOTOCICLETA;PARTICULAR;Motociclista;53;MASCULINO;HERIDOS;0;0;0;0;CALLE 37 SUR CON CARRERA 49;;LAS VEGAS;6.1746556253297795, -75.59367884780293;CHOQUE;VEHICULO;NO REPORTADO;RESIDENCIAL;Normal;Transitar en contravia
2191847;20/07/2019;1:50:00 a. m.;Sábado;2019;Julio;MOTOCICLETA;PARTICULAR;Motociclista;23;MASCULINO;HERIDOS;0;0;0;0;CARRERA 48 CON CALLE 50 SUR;;LAS VEGAS;6.162072458716961, -75.60353659646475;CHOQUE;OBJETO FIJO;OTRO TIPO;RESIDENCIAL;Normal;Impericia en el manejo
2191847;20/07/2019;1:50:00 a. m.;Sábado;2019;Julio;MOTOCICLETA;PARTICULAR;Acompañante;20;MASCULINO;HERIDOS;0;0;0;0;CARRERA 48 CON CALLE 50 SUR;;LAS VEGAS;6.162072458716961, -75.60353659646475;CHOQUE;OBJETO FIJO;OTRO TIPO;RESIDENCIAL;Normal;Impericia en el manejo
2191848;18/07/2019;8:45:00 a. m.;Jueves;2019;Julio;MOTOCICLETA;PARTICULAR;Motociclista;41;FEMENINO;HERIDOS;0;0;0;0;CALLE 38 SUR CON  CARRERA 38;;MESA;6.167968648414894, -75.58473943942904;CHOQUE;VEHICULO;NO REPORTADO;RESIDENCIAL;Normal;No respetar pelacion de interseccion o giros
2191849;19/07/2019;4:50:00 p. m.;Viernes;2019;Julio;AUTOMOVIL;PARTICULAR;Acompañante;29;FEMENINO;HERIDOS;0;0;0;0;CARRERA 50 CON CALLE 42 SUR;;LAS VEGAS;6.171710, -75.599909;CHOQUE;VEHICULO;NO REPORTADO;RESIDENCIAL;Normal;Adelantar invadiendo carril del mismo sentido en zigzag
2191850;22/07/2019;12:20:00 p. m.;Lunes;2019;Julio;MOTOCICLETA;PARTICULAR;Motociclista;36;MASCULINO;HERIDOS;0;0;0;0;CARRERA 50 CON CALLE 26 SUR;;LAS VEGAS;6.184920, -75.587152;CHOQUE;VEHICULO;NO REPORTADO;RESIDENCIAL;Normal;No mantener distancia de seguridad
2191850;22/07/2019;12:20:00 p. m.;Lunes;2019;Julio;MOTOCICLETA;PARTICULAR;Motociclista;29;MASCULINO;HERIDOS;0;0;0;0;CARRERA 50 CON CALLE 26 SUR;;LAS VEGAS;6.184920, -75.587152;CHOQUE;VEHICULO;NO REPORTADO;RESIDENCIAL;Normal;No mantener distancia de seguridad
2191851;19/07/2019;10:20:00 a. m.;Viernes;2019;Julio;MOTOCICLETA;PARTICULAR;Motociclista;24;MASCULINO;HERIDOS;0;0;0;0;CALLE 40 F SUR CON CARRERA 34;;SAN JOSE;6.1635149521231645, -75.58599330494162;CHOQUE;VEHICULO;NO REPORTADO;RESIDENCIAL;Normal;Otra-Conductor
2191851;19/07/2019;10:20:00 a. m.;Viernes;2019;Julio;MOTOCICLETA;OFICIAL;Acompañante;28;MASCULINO;HERIDOS;0;0;0;0;CALLE 40 F SUR CON CARRERA 34;;SAN JOSE;6.1635149521231645, -75.58599330494162;CHOQUE;VEHICULO;NO REPORTADO;RESIDENCIAL;Normal;Otra-Conductor
2191851;19/07/2019;10:20:00 a. m.;Viernes;2019;Julio;MOTOCICLETA;OFICIAL;Acompañante;24;MASCULINO;HERIDOS;0;0;0;0;CALLE 40 F SUR CON CARRERA 34;;SAN JOSE;6.1635149521231645, -75.58599330494162;CHOQUE;VEHICULO;NO REPORTADO;RESIDENCIAL;Normal;Otra-Conductor
2191852;21/07/2019;3:40:00 a. m.;Domingo;2019;Julio;MOTOCICLETA;PARTICULAR;Motociclista;28;MASCULINO;HERIDOS;0;0;0;0;CALLE 36D SUR CON CARRERA 27;;EL CHOCHO;6.162333877287907, -75.56997857981564;CHOQUE;VEHICULO;NO REPORTADO;RESIDENCIAL;Normal;Impericia en el manejo
2191853;19/07/2019;10:00:00 a. m.;Viernes;2019;Julio;MOTOCICLETA;PARTICULAR;Motociclista;35;MASCULINO;HERIDOS;0;0;0;;CARRERA 26A CON CALLE 40B SUR 04;;LA MINA;6.178572314374332, -75.57977100493939;CHOQUE;VEHICULO;NO REPORTADO;RESIDENCIAL;Normal;Transitar en contravia
2191854;18/07/2019;7:00:00 p. m.;Jueves;2019;Julio;MOTOCICLETA;PARTICULAR;Motociclista;21;MASCULINO;HERIDOS;0;0;0;0;CALLE 41 SUR CON CARRERA 27;;SAN RAFAEL;6.158837876931652, -75.5834310385689;CHOQUE;OBJETO FIJO;BARANDA;RESIDENCIAL;Normal;Fallas en las llantas
2191854;18/07/2019;7:00:00 p. m.;Jueves;2019;Julio;MOTOCICLETA;PARTICULAR;Acompañante;24;MASCULINO;HERIDOS;0;0;0;0;CALLE 41 SUR CON CARRERA 27;;SAN RAFAEL;6.158837876931652, -75.5834310385689;CHOQUE;OBJETO FIJO;BARANDA;RESIDENCIAL;Normal;Fallas en las llantas
2191855;22/07/2019;1:30:00 p. m.;Lunes;2019;Julio;AUTOMOVIL;PARTICULAR;Peaton;28;MASCULINO;HERIDOS;0;0;0;0;DIAGONAL 32 CON TRANSVERSAL 35C SUR;;LOS NARANJOS;6.1692874821008985, -75.58075751501451;ATROPELLO;NO REPORTADO;NO REPORTADO;RESIDENCIAL;Normal;Reverso imprudente
2191856;22/07/2019;6:45:00 p. m.;Lunes;2019;Julio;MOTOCICLETA;PARTICULAR;Acompañante;30;FEMENINO;HERIDOS;0;0;0;0;CARRERA 43A CON CALLE 50 D SUR 20;;LOMA DEL BARRO;6.159300021457986, -75.6034643811255;CAIDA OCUPANTE;NO REPORTADO;NO REPORTADO;RESIDENCIAL;Lluvia;Impericia en el manejo
2191857;19/07/2019;7:40:00 p. m.;Viernes;2019;Julio;MOTOCICLETA;PARTICULAR;Motociclista;45;MASCULINO;HERIDOS;0;0;0;0;CARRERA 43A CON TRANSVERSAL 27A SUR;;PONTE VEDRA;6.179050411111801, -75.5836208155583;CHOQUE;VEHICULO;NO REPORTADO;RESIDENCIAL;Normal;No mantener distancia de seguridad
2191858;19/07/2019;5:30:00 p. m.;Viernes;2019;Julio;MOTOCICLETA;PARTICULAR;Motociclista;28;MASCULINO;HERIDOS;0;0;0;0;CARRERA 43A CON CALLE 46-94;;PRIMAVERA;6.163389139773219, -75.59638437017469;CHOQUE;VEHICULO;NO REPORTADO;RESIDENCIAL;Normal;No mantener distancia de seguridad
2191859;20/07/2019;8:45:00 p. m.;Sábado;2019;Julio;MOTOCICLETA;DIPLOMATICO;Peaton;71;MASCULINO;HERIDOS;0;0;0;0;CALLE 37 SUR CON CARRERA 50-20;;LAS VEGAS;6.175281311262004, -75.59506880040107;ATROPELLO;NO REPORTADO;NO REPORTADO;RESIDENCIAL;Normal;Cruzar sin observar
2191860;20/07/2019;10:05:00 p. m.;Sábado;2019;Julio;MOTOCICLETA;PARTICULAR;Motociclista;19;MASCULINO;HERIDOS;0;0;0;0;TRANSVERSAL 36 SUR CON DIAGONAL 31;;LA SEBASTIANA;6.168206431927789, -75.58032564856231;CHOQUE;VEHICULO;NO REPORTADO;RESIDENCIAL;Normal;Poner en marcha un vehiculo sin precauci
2191861;23/07/2019;12:45:00 p. m.;Martes;2019;Julio;BICICLETA;;Ciclista;18;MASCULINO;MUERTOS;0;0;0;0;CALLE 36D SUR CON CARRERA 15-67;;VEREDA EL ESCOBERO;6.144290, -75.561200;CHOQUE;VEHICULO;NO REPORTADO;RESIDENCIAL;Normal;Impericia en el manejo
2191862;20/07/2019;9:55:00 p. m.;Sábado;2019;Julio;MOTOCICLETA;PARTICULAR;Motociclista;21;MASCULINO;HERIDOS;0;0;0;0;CARRERA 42B CON CALLE 45A SUR;;LA PAZ;6.163521262476741, -75.59329545944668;CHOQUE;VEHICULO;NO REPORTADO;RESIDENCIAL;Normal;Desobedecer señales
2191876;24/07/2019;11:00:00 a. m.;Miércoles;2019;Julio;MOTOCICLETA;PARTICULAR;Peaton;57;MASCULINO;HERIDOS;0;0;0;0;CALLE 40 SUR CON CARRERA 29A 30;;SAN JOSE;6.162477143004071, -75.58221944356673;ATROPELLO;NO REPORTADO;NO REPORTADO;RESIDENCIAL;Normal;Otra-Peaton
2191877;24/07/2019;7:40:00 p. m.;Miércoles;2019;Julio;MOTOCICLETA;PARTICULAR;Motociclista;42;MASCULINO;HERIDOS;0;0;0;0;KILOMETRO 14+40 ;medell??n palmas envigado (km 12 - km 16+700);VEREDA PALMAS;6.157830119037232, -75.5465511688003;OTRO;NO REPORTADO;NO REPORTADO;NO REPORTADO;Normal;Impericia en el manejo
2191881;20/07/2019;6:42:00 p. m.;Sábado;2019;Julio;BICICLETA;;Ciclista;15;MASCULINO;HERIDOS;0;0;0;0;DIAGONAL 29 CON TRANSVERSAL 26A SUR 90;;ALTO DE MISAEL;6.17663454397618, -75.57779909107049;CHOQUE;VEHICULO;NO REPORTADO;RESIDENCIAL;Normal;Sujetarse a otro veh!culo
2191908;25/07/2019;4:00:00 p. m.;Jueves;2019;Julio;CAMIONETA;PARTICULAR;Acompañante;39;FEMENINO;HERIDOS;0;0;0;0;CALLE 38 SUR CON CARRERA 29A;;MESA;6.1649563457984184, -75.58079523155277;CHOQUE;VEHICULO;NO REPORTADO;RESIDENCIAL;Normal;Semaforo en rojo