NRO_RADICADO;FECHA_ACCIDENTE;HORA_ACCIDENTE;Día de la semana;AÑO;MES;CLASE_VEHICULO;TIPO_SERVICIO;TIPO_VICTIMA;EDAD;GENERO;GRAVEDAD;ESTADO_BEODEZ;ESTADO_DROGA;RESULTADO_BEODEZ;RESUL_BEODEZ_GRAMOS;DIRECCION_CARACT_VIA;TRAMO_VIA;LOCALIDAD_O_COMUNA;    GEORREFERENCIACIÓN;DESC_CLASE_ACCIDENTE;DESC_CHOQUE_ACCIDENTE;DESC_OBJETO_FIJO;DESC_SECTOR_ACCIDENTE;CONDICION_CLIMATICA;CAUSA_ACCIDENTE
2192122;18/08/2019;4:30:00 a. m.;Domingo;2019;Agosto;MOTOCICLETA;PARTICULAR;Motociclista;22;MASCULINO;MUERTOS;0;0;0;0;CALLE 25 SUR CON CARRERA 42B ;;LAS ORQUIDEAS;6.179518, -75.580516;CHOQUE;OBJETO FIJO;ARBOL;RESIDENCIAL;Normal;Impericia en el manejo
2192137;19/08/2019;10:00:00 p. m.;Lunes;2019;Agosto;MOTOCICLETA;PARTICULAR;Acompañante;44;FEMENINO;HERIDOS;0;0;0;0;CARRERA 50 CON CALLE 26 SUR;;LAS VEGAS;6.184920, -75.587152;CHOQUE;VEHICULO;NO REPORTADO;RESIDENCIAL;Normal;No mantener distancia de seguridad
2192138;18/08/2019;6:15:00 p. m.;Domingo;2019;Agosto;MOTOCICLETA;PARTICULAR;Motociclista;20;MASCULINO;HERIDOS;0;0;0;0;KILOMETRO 15+330;retiro varia palmas enviga (km 5+43 - km 14+ 550);VEREDA PALMAS;6.152937076823517, -75.54340264142485;CHOQUE;VEHICULO;NO REPORTADO;NO REPORTADO;Normal;Desobedecer señales
2192139;14/08/2019;6:45:00 p. m.;Miércoles;2019;Agosto;MICROBUS;PUBLICO;Pasajero;38;MASCULINO;HERIDOS;0;0;0;0;CARRERA 27 CON CALLE 36 SUR;;LA INMACULADA;6.167262776914548, -75.56944611438739;CHOQUE;VEHICULO;NO REPORTADO;RESIDENCIAL;Normal;Desobedecer señales
2192141;18/08/2019;12:25:00 a. m.;Domingo;2019;Agosto;AUTOMOVIL;PUBLICO;Peaton;76;MASCULINO;HERIDOS;0;0;0;0;KILOMETRO 13+400;medell??n palmas envigado (km 12 - km 16+700);VEREDA PALMAS;6.1619538164167915, -75.54508391339805;ATROPELLO;NO REPORTADO;NO REPORTADO;NO REPORTADO;Normal;Cruzar sin observar
2192143;18/08/2019;2:50:00 p. m.;Domingo;2019;Agosto;MOTOCICLETA;PARTICULAR;Motociclista;54;MASCULINO;HERIDOS;0;0;0;0;KILOMETRO 12+40;medell??n palmas envigado (km 12 - km 16+700);VEREDA PALMAS;6.153665572587829, -75.53837026594468;CHOQUE;VEHICULO;NO REPORTADO;NO REPORTADO;Normal;Otra-Conductor
2192147;15/08/2019;8:10:00 p. m.;Jueves;2019;Agosto;MOTOCICLETA;PARTICULAR;Motociclista;26;MASCULINO;HERIDOS;0;0;0;0;CARRERA 50 CON CALLE 26 SUR;;LAS VEGAS;6.184920, -75.587152;CHOQUE;VEHICULO;NO REPORTADO;RESIDENCIAL;Normal;Transitar en contravia
2192147;15/08/2019;8:10:00 p. m.;Jueves;2019;Agosto;MOTOCICLETA;PARTICULAR;Acompañante;26;FEMENINO;HERIDOS;0;0;0;0;CARRERA 50 CON CALLE 26 SUR;;LAS VEGAS;6.184920, -75.587152;CHOQUE;VEHICULO;NO REPORTADO;RESIDENCIAL;Normal;Transitar en contravia
2192150;16/08/2019;5:00:00 p. m.;Viernes;2019;Agosto;MOTOCICLETA;PARTICULAR;Motociclista;28;MASCULINO;HERIDOS;0;0;0;0;CARRERA 50 CON CALLE 32B SUR ;;LAS VEGAS;6.178263, -75.591897;CHOQUE;VEHICULO;NO REPORTADO;RESIDENCIAL;Normal;Desobedecer señales
2192152;16/08/2019;2:20:00 p. m.;Viernes;2019;Agosto;MOTOCICLETA;PARTICULAR;Motociclista;25;MASCULINO;HERIDOS;0;0;0;0;KILOMETRO 12+200;medell??n palmas envigado (km 12 - km 16+700);VEREDA PALMAS;6.158672500384351, -75.51924929200327;OTRO;NO REPORTADO;NO REPORTADO;NO REPORTADO;Normal;Otra-Conductor
2192154;17/08/2019;3:15:00 p. m.;Sábado;2019;Agosto;MOTOCICLETA;PARTICULAR;Motociclista;25;MASCULINO;HERIDOS;0;0;0;0;CARRERA 48 CON CALLE 25A SUR;;LAS VEGAS;6.185390184489794, -75.58369129955344;OTRO;NO REPORTADO;NO REPORTADO;RESIDENCIAL;Normal;Transporte de carga sin seguridad
2192155;17/08/2019;8:50:00 a. m.;Sábado;2019;Agosto;BUS;PUBLICO;Pasajero;60;MASCULINO;HERIDOS;0;0;0;0;CARRERA 43A CON CALLE 39 SUR 48;;ALCALA;6.169730670569306, -75.58934655150365;CAIDA OCUPANTE;NO REPORTADO;NO REPORTADO;RESIDENCIAL;Normal;Transitar con las puertas abiertas
2192161;18/08/2019;1:45:00 p. m.;Domingo;2019;Agosto;CAMIONETA;PARTICULAR;Acompañante;6;FEMENINO;HERIDOS;0;0;0;0;CALLE 48F SUR  CON CARRERA 39B 224;;LOMA DEL BARRO;6.1539437872675755, -75.59867831587657;CHOQUE;OBJETO FIJO;OTRO TIPO;RESIDENCIAL;Normal;Impericia en el manejo
2192161;18/08/2019;1:45:00 p. m.;Domingo;2019;Agosto;CAMIONETA;PARTICULAR;Acompañante;2;FEMENINO;HERIDOS;0;0;0;0;CALLE 48F SUR  CON CARRERA 39B 224;;LOMA DEL BARRO;6.1539437872675755, -75.59867831587657;CHOQUE;OBJETO FIJO;OTRO TIPO;RESIDENCIAL;Normal;Impericia en el manejo
2192164;17/08/2019;2:30:00 a. m.;Sábado;2019;Agosto;MOTOCICLETA;PARTICULAR;Motociclista;45;MASCULINO;HERIDOS;0;0;0;0;CARRERA 48 CON CALLE 50 SUR;;LAS VEGAS;6.162072458716961, -75.60353659646475;CHOQUE;OBJETO FIJO;OTRO TIPO;RESIDENCIAL;Normal;Embriaguez o droga
2192164;17/08/2019;2:30:00 a. m.;Sábado;2019;Agosto;MOTOCICLETA;PARTICULAR;Acompañante;43;FEMENINO;HERIDOS;0;0;0;0;CARRERA 48 CON CALLE 50 SUR;;LAS VEGAS;6.162072458716961, -75.60353659646475;CHOQUE;OBJETO FIJO;OTRO TIPO;RESIDENCIAL;Normal;Embriaguez o droga
2192165;17/08/2019;8:15:00 p. m.;Sábado;2019;Agosto;MOTOCICLETA;PARTICULAR;Motociclista;18;MASCULINO;HERIDOS;0;0;0;0;TRANSVERSAL 36 SUR CON DIAGONAL 29-63;;LA SEBASTIANA;6.167685772968453, -75.57884551581417;CHOQUE;VEHICULO;NO REPORTADO;RESIDENCIAL;Normal;No mantener distancia de seguridad
2192166;18/08/2019;9:55:00 a. m.;Domingo;2019;Agosto;MOTOCICLETA;PARTICULAR;Motociclista;47;MASCULINO;HERIDOS;0;0;0;0;KILOMETRO 17;medell??n palmas envigado (km 12 - km 16+700);VEREDA PALMAS;6.153591570245191, -75.53282044519636;CHOQUE;VEHICULO;NO REPORTADO;NO REPORTADO;Normal;Impericia en el manejo
2192167;20/08/2019;2:20:00 p. m.;Martes;2019;Agosto;MOTOCICLETA;PARTICULAR;Acompañante;28;MASCULINO;HERIDOS;0;0;0;0;KILOMETRO 13+120;retiro varia palmas enviga (km 5+43 - km 14+ 550);VEREDA PALMAS;6.159647230696541, -75.5270218396252;OTRO;NO REPORTADO;NO REPORTADO;NO REPORTADO;Normal;Fallas en las llantas
2192167;20/08/2019;2:20:00 p. m.;Martes;2019;Agosto;MOTOCICLETA;PARTICULAR;Motociclista;29;MASCULINO;HERIDOS;0;0;0;0;KILOMETRO 13+120;retiro varia palmas enviga (km 5+43 - km 14+ 550);VEREDA PALMAS;6.159647230696541, -75.5270218396252;OTRO;NO REPORTADO;NO REPORTADO;NO REPORTADO;Normal;Fallas en las llantas
2192171;20/08/2019;12:45:00 p. m.;Martes;2019;Agosto;MOTOCICLETA;PARTICULAR;Motociclista;26;MASCULINO;HERIDOS;0;0;0;0;CARRERA 50 CON CALLE 32B SUR;;LAS VEGAS;6.178263, -75.591897;CHOQUE;VEHICULO;NO REPORTADO;RESIDENCIAL;Normal;No mantener distancia de seguridad
2192177;21/08/2019;2:30:00 p. m.;Miércoles;2019;Agosto;MOTOCICLETA;PARTICULAR;Motociclista;20;MASCULINO;HERIDOS;0;0;0;0;KILOMETRO 13+170;retiro varia palmas enviga (km 5+43 - km 14+ 550);VEREDA PALMAS;6.1596710745156615, -75.52692275984722;CHOQUE;VEHICULO;NO REPORTADO;NO REPORTADO;Normal;Adelantar en zona prohibida
2192180;20/08/2019;3:30:00 p. m.;Martes;2019;Agosto;AUTOMOVIL;PUBLICO;Conductor;25;MASCULINO;HERIDOS;0;0;0;0;CARRERA 46 A CON CALLE 29 SUR 15;;JARDINES;6.179574171822398, -75.586643924876;CHOQUE;VEHICULO;NO REPORTADO;RESIDENCIAL;Normal;Impericia en el manejo
2192180;20/08/2019;3:30:00 p. m.;Martes;2019;Agosto;AUTOMOVIL;PUBLICO;Pasajero;71;FEMENINO;HERIDOS;0;0;0;0;CARRERA 46 A CON CALLE 29 SUR 15;;JARDINES;6.179574171822398, -75.586643924876;CHOQUE;VEHICULO;NO REPORTADO;RESIDENCIAL;Normal;Impericia en el manejo
2192182;20/08/2019;4:50:00 p. m.;Martes;2019;Agosto;MOTOCICLETA;PARTICULAR;Motociclista;23;MASCULINO;HERIDOS;0;0;0;0;CALLE 36D SUR CON CARRERA 27G;;LA PRADERA;6.166258737558504, -75.57683108807524;OTRO;NO REPORTADO;NO REPORTADO;RESIDENCIAL;Normal;Impericia en el manejo
2192184;20/08/2019;6:20:00 a. m.;Martes;2019;Agosto;MOTOCICLETA;PARTICULAR;Motociclista;29;MASCULINO;HERIDOS;0;0;0;0;CALLE 36D SUR CON CARRERA 27C 40;;LA PRADERA;6.164354230310047, -75.57333847663872;CHOQUE;VEHICULO;NO REPORTADO;RESIDENCIAL;Normal;Desobedecer señales
2192188;21/08/2019;3:00:00 p. m.;Miércoles;2019;Agosto;MOTOCICLETA;PARTICULAR;Motociclista;24;MASCULINO;HERIDOS;0;0;0;0;CARRERA 48 CON CALLE 43 SUR;;LAS VEGAS;6.168499595111275, -75.5973862055626;CHOQUE;VEHICULO;NO REPORTADO;RESIDENCIAL;Normal;No mantener distancia de seguridad
2192190;21/08/2019;5:20:00 p. m.;Miércoles;2019;Agosto;MOTOCICLETA;PARTICULAR;Motociclista;23;MASCULINO;HERIDOS;0;0;0;0;CALLE 39D SUR CON CARRERA 24EE;;EL SALADO;6.149485368775046, -75.57608396129632;CHOQUE;VEHICULO;NO REPORTADO;RESIDENCIAL;Normal;Adelantar en zona prohibida
2192195;23/08/2019;2:30:00 a. m.;Viernes;2019;Agosto;MOTOCICLETA;PARTICULAR;Motociclista;23;MASCULINO;HERIDOS;0;0;0;0;CARRERA 43A CON CALLE 33B SUR;;SAN MARCOS;6.173433005241172, -75.5868528818139;CHOQUE;VEHICULO;NO REPORTADO;RESIDENCIAL;Normal;Semaforo en rojo
2192195;23/08/2019;2:30:00 a. m.;Viernes;2019;Agosto;MOTOCICLETA;PARTICULAR;Acompañante;16;MASCULINO;HERIDOS;0;0;0;0;CARRERA 43A CON CALLE 33B SUR;;SAN MARCOS;6.173433005241172, -75.5868528818139;CHOQUE;VEHICULO;NO REPORTADO;RESIDENCIAL;Normal;Semaforo en rojo
2192196;24/08/2019;8:10:00 p. m.;Sábado;2019;Agosto;AUTOMOVIL;PARTICULAR;Acompañante;18;FEMENINO;HERIDOS;0;0;0;0;KILOMETRO 10+370;retiro varia palmas enviga (km 5+43 - km 14+ 550);VEREDA PANTANILLO;6.159751, -75.507702;CHOQUE;OBJETO FIJO;VALLA - SEÑAL;NO REPORTADO;Normal;Impericia en el manejo
2192196;24/08/2019;8:10:00 p. m.;Sábado;2019;Agosto;AUTOMOVIL;PARTICULAR;Acompañante;17;FEMENINO;HERIDOS;0;0;0;0;KILOMETRO 10+370;retiro varia palmas enviga (km 5+43 - km 14+ 550);VEREDA PANTANILLO;6.159751, -75.507702;CHOQUE;OBJETO FIJO;VALLA - SEÑAL;NO REPORTADO;Normal;Impericia en el manejo
2192196;24/08/2019;8:10:00 p. m.;Sábado;2019;Agosto;AUTOMOVIL;PARTICULAR;Conductor;18;FEMENINO;HERIDOS;0;0;0;0;KILOMETRO 10+370;retiro varia palmas enviga (km 5+43 - km 14+ 550);VEREDA PANTANILLO;6.159751, -75.507702;CHOQUE;OBJETO FIJO;VALLA - SEÑAL;NO REPORTADO;Normal;Impericia en el manejo
2192197;25/08/2019;3:20:00 p. m.;Domingo;2019;Agosto;MOTOCICLETA;PARTICULAR;Motociclista;37;MASCULINO;HERIDOS;0;0;0;0;CALLE 39 SUR CON CARRERA 28;;SAN JOSE;6.161397169098325, -75.57978160035871;CHOQUE;VEHICULO;NO REPORTADO;RESIDENCIAL;Normal;Embriaguez o droga
2192219;26/08/2019;1:50:00 p. m.;Lunes;2019;Agosto;MOTOCICLETA;PARTICULAR;Motociclista;53;FEMENINO;HERIDOS;0;0;0;0;DIAGONAL 31C CON TRANSVERSAL 32D SUR ;;LAS FLORES;6.175008571663566, -75.5805081242587;CHOQUE;VEHICULO;NO REPORTADO;RESIDENCIAL;Normal;No mantener distancia de seguridad
2192220;26/08/2019;5:30:00 a. m.;Lunes;2019;Agosto;MOTOCICLETA;PARTICULAR;Motociclista;23;MASCULINO;HERIDOS;0;0;0;;CARRERA 50 CON CALLE 37 SUR;;LAS VEGAS;6.175135, -75.595369;CAIDA OCUPANTE;NO REPORTADO;NO REPORTADO;RESIDENCIAL;Normal;Impericia en el manejo
2192223;25/08/2019;5:20:00 p. m.;Domingo;2019;Agosto;MOTOCICLETA;PARTICULAR;Motociclista;19;FEMENINO;HERIDOS;0;0;0;0;KILOMETRO 13+250;medell??n palmas envigado (km 12 - km 16+700);VEREDA PALMAS;6.163421884833852, -75.54558773356074;CHOQUE;VEHICULO;NO REPORTADO;NO REPORTADO;Normal;Impericia en el manejo
2192234;26/08/2019;5:00:00 p. m.;Lunes;2019;Agosto;MOTOCICLETA;PARTICULAR;Motociclista;24;MASCULINO;HERIDOS;0;0;0;0;KILOMETRO 4+300;retiro varia palmas enviga (km 5+43 - km 14+ 550);VEREDA PERICO;6.17149062062109, -75.47234625074171;CHOQUE;VEHICULO;NO REPORTADO;NO REPORTADO;Normal;No respetar prelacion
2192241;27/08/2019;6:40:00 p. m.;Martes;2019;Agosto;MOTOCICLETA;PARTICULAR;Motociclista;25;MASCULINO;HERIDOS;0;0;0;0;CARRERA 48 CON CALLE 25 SUR;;LAS VEGAS;6.185476183699448, -75.58319317022531;CHOQUE;VEHICULO;NO REPORTADO;RESIDENCIAL;Normal;Desobedecer señales
2192241;27/08/2019;6:40:00 p. m.;Martes;2019;Agosto;MOTOCICLETA;PARTICULAR;Acompañante;24;MASCULINO;HERIDOS;0;0;0;0;CARRERA 48 CON CALLE 25 SUR;;LAS VEGAS;6.185476183699448, -75.58319317022531;CHOQUE;VEHICULO;NO REPORTADO;RESIDENCIAL;Normal;Desobedecer señales
2192241;27/08/2019;6:40:00 p. m.;Martes;2019;Agosto;MOTOCICLETA;PARTICULAR;Motociclista;24;MASCULINO;HERIDOS;0;0;0;0;CARRERA 48 CON CALLE 25 SUR;;LAS VEGAS;6.185476183699448, -75.58319317022531;CHOQUE;VEHICULO;NO REPORTADO;RESIDENCIAL;Normal;Desobedecer señales
2192243;27/08/2019;10:48:00 p. m.;Martes;2019;Agosto;MOTOCICLETA;PARTICULAR;Motociclista;24;FEMENINO;HERIDOS;0;0;0;0;CALLE 38 SUR CON CARRERA 40;;ZONA CENTRO;6.1689237281915705, -75.58590757663869;CHOQUE;VEHICULO;NO REPORTADO;RESIDENCIAL;Normal;Desobedecer señales
2192243;27/08/2019;10:48:00 p. m.;Martes;2019;Agosto;MOTOCICLETA;PARTICULAR;Acompañante;25;MASCULINO;HERIDOS;0;0;0;0;CALLE 38 SUR CON CARRERA 40;;ZONA CENTRO;6.1689237281915705, -75.58590757663869;CHOQUE;VEHICULO;NO REPORTADO;RESIDENCIAL;Normal;Desobedecer señales
2192244;27/08/2019;11:20:00 a. m.;Martes;2019;Agosto;MOTOCICLETA;PARTICULAR;Motociclista;30;MASCULINO;HERIDOS;0;0;0;0;KILOMETRO 4+300;el escobero - km 0-13);VEREDA EL ESCOBERO;6.126992655563057, -75.55054386374773;CHOQUE;VEHICULO;NO REPORTADO;NO REPORTADO;Normal;Transitar en contravia
2192245;27/08/2019;8:05:00 a. m.;Martes;2019;Agosto;BICICLETA;;Ciclista;24;MASCULINO;HERIDOS;0;0;0;0;CALLE 40 SUR  CON CARRERA 25-00;;EL SALADO;6.1539480424975785, -75.57856604410426;CHOQUE;VEHICULO;NO REPORTADO;RESIDENCIAL;Normal;Desobedecer señales
2192248;29/08/2019;3:50:00 p. m.;Jueves;2019;Agosto;MOTOCICLETA;PARTICULAR;Peaton;60;FEMENINO;HERIDOS;0;0;0;0;CALLE 39 SUR CON CARRERA 28;;SAN JOSE;6.161866415743722, -75.58009602028548;CHOQUE;VEHICULO;NO REPORTADO;RESIDENCIAL;Normal;Adelantar invadiendo carril de sentido contrario
2192248;29/08/2019;3:50:00 p. m.;Jueves;2019;Agosto;MOTOCICLETA;PARTICULAR;Motociclista;25;MASCULINO;HERIDOS;0;0;0;0;CALLE 39 SUR CON CARRERA 28;;SAN JOSE;6.161866415743722, -75.58009602028548;CHOQUE;VEHICULO;NO REPORTADO;RESIDENCIAL;Normal;Adelantar invadiendo carril de sentido contrario
2192248;29/08/2019;3:50:00 p. m.;Jueves;2019;Agosto;MOTOCICLETA;PARTICULAR;Peaton;83;MASCULINO;HERIDOS;0;0;0;0;CALLE 39 SUR CON CARRERA 28;;SAN JOSE;6.161866415743722, -75.58009602028548;CHOQUE;VEHICULO;NO REPORTADO;RESIDENCIAL;Normal;Adelantar invadiendo carril de sentido contrario
2192248;29/08/2019;3:50:00 p. m.;Jueves;2019;Agosto;MOTOCICLETA;PARTICULAR;Motociclista;29;MASCULINO;HERIDOS;0;0;0;0;CALLE 39 SUR CON CARRERA 28;;SAN JOSE;6.161866415743722, -75.58009602028548;CHOQUE;VEHICULO;NO REPORTADO;RESIDENCIAL;Normal;Adelantar invadiendo carril de sentido contrario
2192254;29/08/2019;10:05:00 p. m.;Jueves;2019;Agosto;MOTOCICLETA;PARTICULAR;Motociclista;25;MASCULINO;HERIDOS;0;0;0;0;DIAGONAL 31C CON TRANSVERSAL 32C SUR;;LAS FLORES;6.17553282733969, -75.58047952096284;CHOQUE;VEHICULO;NO REPORTADO;RESIDENCIAL;Normal;Transitar distante de la acera u orilla 
2192260;28/08/2019;10:35:00 p. m.;Miércoles;2019;Agosto;AUTOMOVIL;PARTICULAR;Conductor;37;MASCULINO;HERIDOS;0;0;0;0;KILOMETRO 1+200;peri;VEREDA PERICO;6.177568484660488, -75.50317766477114;CHOQUE;OBJETO FIJO;VEHICULO ESTACIONADO;NO REPORTADO;Normal;Impericia en el manejo
2192260;28/08/2019;10:35:00 p. m.;Miércoles;2019;Agosto;CAMIONETA;PARTICULAR;Conductor;23;MASCULINO;HERIDOS;0;0;0;0;KILOMETRO 1+200;peri;VEREDA PERICO;6.177568484660488, -75.50317766477114;CHOQUE;OBJETO FIJO;VEHICULO ESTACIONADO;NO REPORTADO;Normal;Impericia en el manejo
2192267;30/08/2019;5:00:00 p. m.;Viernes;2019;Agosto;BICICLETA;;Ciclista;29;FEMENINO;HERIDOS;0;0;0;0;CARRERA 48 CON CALLE 32C SUR;;LAS VEGAS;6.176525154673132, -75.59029993158829;CHOQUE;VEHICULO;NO REPORTADO;RESIDENCIAL;Normal;No mantener distancia de seguridad
2192269;30/08/2019;7:00:00 a. m.;Viernes;2019;Agosto;MICROBUS;PUBLICO;Pasajero;23;FEMENINO;HERIDOS;0;0;0;0;CARRERA 24B # 40A SUR 52;;LA MINA;6.152407, -75.580835;CAIDA OCUPANTE;NO REPORTADO;NO REPORTADO;RESIDENCIAL;Normal;Arrancar sin precaucion
2192272;31/08/2019;8:15:00 p. m.;Sábado;2019;Agosto;MOTOCICLETA;PARTICULAR;Motociclista;21;MASCULINO;HERIDOS;0;0;0;0;CARRERA 30 CON CALLE 39B SUR;;SAN JOSE;6.163567298434544, -75.58216761102291;CHOQUE;VEHICULO;NO REPORTADO;RESIDENCIAL;Normal;Desobedecer señales
2192274;31/08/2019;11:00:00 a. m.;Sábado;2019;Agosto;MOTOCICLETA;PARTICULAR;Motociclista;23;MASCULINO;HERIDOS;0;0;0;0;CARRERA 50 CON CALLE 25 SUR;;LAS VEGAS;6.186957, -75.584471;CHOQUE;VEHICULO;NO REPORTADO;RESIDENCIAL;Normal;Transitar entre vehiculos
2192275;29/08/2019;6:45:00 a. m.;Jueves;2019;Agosto;BICICLETA;;Ciclista;26;MASCULINO;HERIDOS;0;0;0;0;CALLE 39B SUR CON CARRERA 27;;EL CHINGUÍ;6.162109873403767, -75.57956813900178;CHOQUE;VEHICULO;NO REPORTADO;RESIDENCIAL;Normal;Desobedecer señales
2192276;30/08/2019;11:50:00 a. m.;Viernes;2019;Agosto;MOTOCICLETA;PARTICULAR;Motociclista;38;MASCULINO;HERIDOS;0;0;0;0;CARRERA 48 CON CALLE 39 SUR;;LAS VEGAS;6.172028359973056, -75.59370890556258;CHOQUE;VEHICULO;NO REPORTADO;RESIDENCIAL;Normal;No mantener distancia de seguridad
2192278;31/08/2019;11:00:00 a. m.;Sábado;2019;Agosto;MOTOCICLETA;PARTICULAR;Acompañante;18;FEMENINO;HERIDOS;0;0;0;0;CARRERA 42 CON CALLE 44 SUR 26;;EL DORADO;6.165979877437739, -75.59139470977614;CHOQUE;VEHICULO;NO REPORTADO;RESIDENCIAL;Normal;Adelantar en zona prohibida
2192280;30/08/2019;2:50:00 p. m.;Viernes;2019;Agosto;AUTOMOVIL;PARTICULAR;Acompañante;80;FEMENINO;HERIDOS;0;0;0;0;CARRERA 48 CON CALLE 36 SUR;;LAS VEGAS;6.174330960453414, -75.59212093572795;CHOQUE;VEHICULO;NO REPORTADO;RESIDENCIAL;Normal;No mantener distancia de seguridad
2192281;2/09/2019;2:50:00 p. m.;Lunes;2019;Septiembre;MOTOCICLETA;PARTICULAR;Peaton;30;MASCULINO;HERIDOS;0;0;0;0;CALLE 38 SUR CON CARRERA 41-42;;ZONA CENTRO;6.170064071005104, -75.58647288219105;ATROPELLO;NO REPORTADO;NO REPORTADO;RESIDENCIAL;Normal;Cruzar sin observar
2192283;2/09/2019;5:30:00 a. m.;Lunes;2019;Septiembre;MOTOCICLETA;PARTICULAR;Motociclista;21;MASCULINO;HERIDOS;0;0;0;0;CALLE 40 SUR CON CARRERA 24DD 36;;EL SALADO;6.148675238931589, -75.576768803625;CHOQUE;VEHICULO;NO REPORTADO;RESIDENCIAL;Normal;Impericia en el manejo
2192295;31/08/2019;7:20:00 p. m.;Sábado;2019;Agosto;MOTOCICLETA;PARTICULAR;Motociclista;21;MASCULINO;HERIDOS;0;0;0;0;CARRERA 43 A CON CALLE 50D SUR 56;;LAS CASITAS;6.159764370514984, -75.60323003338074;CHOQUE;VEHICULO;NO REPORTADO;RESIDENCIAL;Normal;Impericia en el manejo
2192295;31/08/2019;7:20:00 p. m.;Sábado;2019;Agosto;BICICLETA;;Ciclista;29;MASCULINO;HERIDOS;0;0;0;0;CARRERA 43 A CON CALLE 50D SUR 56;;LAS CASITAS;6.159764370514984, -75.60323003338074;CHOQUE;VEHICULO;NO REPORTADO;RESIDENCIAL;Normal;Impericia en el manejo
2192297;3/09/2019;5:00:00 p. m.;Martes;2019;Septiembre;MOTOCICLETA;PARTICULAR;Acompañante;29;FEMENINO;HERIDOS;0;0;0;0;CARRERA 48 CON CALLE 39 SUR;;LAS VEGAS;6.1724656002262, -75.59358028219044;CHOQUE;VEHICULO;NO REPORTADO;RESIDENCIAL;Normal;No mantener distancia de seguridad
2192297;3/09/2019;5:00:00 p. m.;Martes;2019;Septiembre;MOTOCICLETA;PARTICULAR;Motociclista;24;MASCULINO;HERIDOS;0;0;0;0;CARRERA 48 CON CALLE 39 SUR;;LAS VEGAS;6.1724656002262, -75.59358028219044;CHOQUE;VEHICULO;NO REPORTADO;RESIDENCIAL;Normal;No mantener distancia de seguridad
2192299;3/09/2019;10:48:00 p. m.;Martes;2019;Septiembre;MOTOCICLETA;PARTICULAR;Motociclista;30;FEMENINO;HERIDOS;0;0;0;0;CALLE 39B SUR CON CARRERA 30;;SAN JOSE;6.164356550350329, -75.58164202081696;CHOQUE;VEHICULO;NO REPORTADO;RESIDENCIAL;Normal;No respetar prelacion
2192299;3/09/2019;10:48:00 p. m.;Martes;2019;Septiembre;MOTOCICLETA;PARTICULAR;Motociclista;44;MASCULINO;HERIDOS;0;0;0;0;CALLE 39B SUR CON CARRERA 30;;SAN JOSE;6.164356550350329, -75.58164202081696;CHOQUE;VEHICULO;NO REPORTADO;RESIDENCIAL;Normal;No respetar prelacion
2192300;1/09/2019;8:05:00 p. m.;Domingo;2019;Septiembre;MOTOCICLETA;PARTICULAR;Acompañante;49;FEMENINO;HERIDOS;0;0;0;0;CARRERA 48 CON CALLE 50 SUR;;LAS VEGAS;6.162072458716961, -75.60353659646475;CHOQUE;VEHICULO;NO REPORTADO;RESIDENCIAL;Normal;No respetar prelacion
2192301;2/09/2019;3:40:00 p. m.;Lunes;2019;Septiembre;MOTOCICLETA;PARTICULAR;Motociclista;26;FEMENINO;HERIDOS;0;0;0;0;CARRERA 50 CON CALLE 25AA SUR;;LAS VEGAS;6.185690, -75.586150;CHOQUE;VEHICULO;NO REPORTADO;RESIDENCIAL;Normal;No mantener distancia de seguridad
2192304;3/09/2019;8:00:00 a. m.;Martes;2019;Septiembre;MICROBUS;PUBLICO;Pasajero;32;FEMENINO;HERIDOS;0;0;0;0;CALLE 33B SUR CON DIAGONAL 40;;BUCAREST;6.172496910888783, -75.58541025732566;CAIDA OCUPANTE;NO REPORTADO;NO REPORTADO;RESIDENCIAL;Normal;Otra-Pasajero-AcompaÒante
2192315;4/09/2019;7:20:00 a. m.;Miércoles;2019;Septiembre;MOTOCICLETA;PARTICULAR;Motociclista;47;FEMENINO;HERIDOS;0;0;0;0;CARRERA 42 CALLE 33 B SUR;;ZONA CENTRO;6.172612860004692, -75.58555464780304;CHOQUE;VEHICULO;NO REPORTADO;RESIDENCIAL;Normal;Desobedecer señales
2192319;2/09/2019;11:30:00 a. m.;Lunes;2019;Septiembre;MOTOCICLETA;PARTICULAR;Peaton;90;MASCULINO;HERIDOS;0;0;0;0;CALLE 40C ASUR CON CARRERA 29-18;;LA MINA;6.161418083904987, -75.58237263616124;ATROPELLO;NO REPORTADO;NO REPORTADO;RESIDENCIAL;Normal;Cruzar sin observar
2192321;3/09/2019;4:10:00 p. m.;Martes;2019;Septiembre;MOTOCICLETA;PARTICULAR;Motociclista;45;MASCULINO;HERIDOS;0;0;0;0;KILOMETRO 7+200;pantanill;VEREDA PERICO;6.1719149801153215, -75.49057175683791;CHOQUE;VEHICULO;NO REPORTADO;NO REPORTADO;Normal;Impericia en el manejo
2192321;3/09/2019;4:10:00 p. m.;Martes;2019;Septiembre;MOTOCICLETA;PARTICULAR;Acompañante;16;MASCULINO;HERIDOS;0;0;0;0;KILOMETRO 7+200;pantanill;VEREDA PERICO;6.1719149801153215, -75.49057175683791;CHOQUE;VEHICULO;NO REPORTADO;NO REPORTADO;Normal;Impericia en el manejo
2192326;4/09/2019;7:10:00 a. m.;Miércoles;2019;Septiembre;MOTOCICLETA;PARTICULAR;Motociclista;26;FEMENINO;HERIDOS;0;0;0;0;CARRERA 48 CON CALLE 39 SUR 24;;LAS VEGAS;6.172246593039546, -75.59377920878896;CHOQUE;VEHICULO;NO REPORTADO;RESIDENCIAL;Normal;Impericia en el manejo