NRO_RADICADO;FECHA_ACCIDENTE;HORA_ACCIDENTE;Día de la semana;AÑO;MES;CLASE_VEHICULO;TIPO_SERVICIO;TIPO_VICTIMA;EDAD;GENERO;GRAVEDAD;ESTADO_BEODEZ;ESTADO_DROGA;RESULTADO_BEODEZ;RESUL_BEODEZ_GRAMOS;DIRECCION_CARACT_VIA;TRAMO_VIA;LOCALIDAD_O_COMUNA;    GEORREFERENCIACIÓN;DESC_CLASE_ACCIDENTE;DESC_CHOQUE_ACCIDENTE;DESC_OBJETO_FIJO;DESC_SECTOR_ACCIDENTE;CONDICION_CLIMATICA;CAUSA_ACCIDENTE
2192329;4/09/2019;3:40:00 p. m.;Miércoles;2019;Septiembre;AUTOMOVIL;PARTICULAR;Peaton;70;MASCULINO;HERIDOS;0;0;0;0;DIAGONAL 31 CON TRANSVERSAL 36 A SUR 80;;LA PRADERA;6.167797745615464, -75.58040611782828;ATROPELLO;NO REPORTADO;NO REPORTADO;RESIDENCIAL;Normal;Cruzar sin observar
2192331;5/09/2019;1:45:00 p. m.;Jueves;2019;Septiembre;AUTOMOVIL;PARTICULAR;Acompañante;35;FEMENINO;HERIDOS;0;0;0;0;CARRERA 48 CON CALLE 25AA SUR ;;LAS VEGAS;6.184167015367453, -75.58477389903871;CHOQUE;VEHICULO;NO REPORTADO;RESIDENCIAL;Normal;No mantener distancia de seguridad
2192341;5/09/2019;12:30:00 p. m.;Jueves;2019;Septiembre;BICICLETA;;Ciclista;51;MASCULINO;HERIDOS;0;0;0;0;CALLE 24 SUR CON CARRERA 43A;;ZUÑIGA;6.1823696857027315, -75.5808625589072;CHOQUE;VEHICULO;NO REPORTADO;RESIDENCIAL;Normal;Impericia en el manejo
2192343;6/09/2019;5:30:00 a. m.;Viernes;2019;Septiembre;MOTOCICLETA;PARTICULAR;Motociclista;37;FEMENINO;HERIDOS;0;0;0;0;KILOMETRO 16+250;medell??n palmas envigado (km 12 - km 16+700);VEREDA PALMAS;6.154346413080576, -75.53669916490551;CHOQUE;VEHICULO;NO REPORTADO;NO REPORTADO;Lluvia;Transitar en contravia
2192346;5/09/2019;7:15:00 a. m.;Jueves;2019;Septiembre;MOTOCICLETA;PARTICULAR;Motociclista;58;MASCULINO;HERIDOS;0;0;0;0;CALLE 37 SUR CON DIAGONAL 31;;LA PRADERA;6.1659299055643295, -75.58026839273028;CAIDA OCUPANTE;NO REPORTADO;NO REPORTADO;RESIDENCIAL;Normal;Superficie lisa
2192346;5/09/2019;7:15:00 a. m.;Jueves;2019;Septiembre;MOTOCICLETA;PARTICULAR;Acompañante;31;FEMENINO;HERIDOS;0;0;0;0;CALLE 37 SUR CON DIAGONAL 31;;LA PRADERA;6.1659299055643295, -75.58026839273028;CAIDA OCUPANTE;NO REPORTADO;NO REPORTADO;RESIDENCIAL;Normal;Superficie lisa
2192346;5/09/2019;7:15:00 a. m.;Jueves;2019;Septiembre;MOTOCICLETA;PARTICULAR;Motociclista;28;MASCULINO;HERIDOS;0;0;0;0;CALLE 37 SUR CON DIAGONAL 31;;LA PRADERA;6.1659299055643295, -75.58026839273028;CAIDA OCUPANTE;NO REPORTADO;NO REPORTADO;RESIDENCIAL;Normal;Superficie lisa
2192350;6/09/2019;2:22:00 a. m.;Viernes;2019;Septiembre;MOTOCICLETA;PARTICULAR;Motociclista;37;MASCULINO;HERIDOS;0;0;0;0;CARRERA 50 CON CALLE 19 SUR;;LAS VEGAS;6.188167, -75.583364;CHOQUE;OBJETO FIJO;OTRO TIPO;RESIDENCIAL;Normal;Embriaguez o droga
2192352;7/09/2019;5:30:00 p. m.;Sábado;2019;Septiembre;MOTOCICLETA;DIPLOMATICO;Motociclista;49;FEMENINO;HERIDOS;0;0;0;0;CARRERA 43A CON CALLE 33B SUR 06;;ZONA CENTRO;6.173249452997477, -75.58677884763598;CHOQUE;VEHICULO;NO REPORTADO;RESIDENCIAL;Normal;No mantener distancia de seguridad
2192352;7/09/2019;5:30:00 p. m.;Sábado;2019;Septiembre;MOTOCICLETA;PARTICULAR;Motociclista;28;MASCULINO;HERIDOS;0;0;0;0;CARRERA 43A CON CALLE 33B SUR 06;;ZONA CENTRO;6.173249452997477, -75.58677884763598;CHOQUE;VEHICULO;NO REPORTADO;RESIDENCIAL;Normal;No mantener distancia de seguridad
2192355;6/09/2019;7:35:00 a. m.;Viernes;2019;Septiembre;MOTOCICLETA;PARTICULAR;Acompañante;32;MASCULINO;HERIDOS;0;0;0;0;CALLE 38 SUR CON CARRERA 32;;MESA;6.16625559681017, -75.58153314595349;CHOQUE;VEHICULO;NO REPORTADO;RESIDENCIAL;Normal;Desobedecer señales
2192363;8/09/2019;7:50:00 p. m.;Domingo;2019;Septiembre;AUTOMOVIL;PUBLICO;Peaton;4;MASCULINO;HERIDOS;0;0;0;0;CARRERA 47A CALLE 38 SUR 45;;ALCALA;6.172129040358842, -75.59262546727396;ATROPELLO;NO REPORTADO;NO REPORTADO;RESIDENCIAL;Normal;Cruzar sin observar
2192368;8/09/2019;4:30:00 p. m.;Domingo;2019;Septiembre;MOTOCICLETA;PARTICULAR;Motociclista;27;MASCULINO;HERIDOS;0;0;0;0;CARRERA 50 CON CALLE 32B SUR;;LAS VEGAS;6.178263, -75.591897;CHOQUE;VEHICULO;NO REPORTADO;RESIDENCIAL;Normal;No mantener distancia de seguridad
2192370;9/09/2019;10:15:00 p. m.;Lunes;2019;Septiembre;AUTOMOVIL;PARTICULAR;Peaton;16;FEMENINO;HERIDOS;0;0;0;;CARRERA 31 CON CALLE 38A SUR ;;MESA;6.164910819313543, -75.58160257350939;ATROPELLO;NO REPORTADO;NO REPORTADO;RESIDENCIAL;Normal;Desobedecer señales
2192372;9/09/2019;6:30:00 p. m.;Lunes;2019;Septiembre;MOTOCICLETA;PARTICULAR;Motociclista;31;FEMENINO;HERIDOS;0;0;0;0;CARRERA 50 CON CALLE 19 SUR 28;;LAS VEGAS;6.188167, -75.583364;OTRO;NO REPORTADO;NO REPORTADO;RESIDENCIAL;Normal;Huecos
2192378;8/09/2019;11:45:00 a. m.;Domingo;2019;Septiembre;MOTOCICLETA;PARTICULAR;Acompañante;27;FEMENINO;HERIDOS;0;0;0;0;KILOMETRO 14+520;retiro varia palmas enviga (km 5+43 - km 14+ 550);VEREDA PALMAS;6.15384748017741, -75.53230572893224;CHOQUE;VEHICULO;NO REPORTADO;NO REPORTADO;Normal;Adelantar en zona prohibida
2192378;8/09/2019;11:45:00 a. m.;Domingo;2019;Septiembre;MOTOCICLETA;PARTICULAR;Motociclista;38;MASCULINO;HERIDOS;0;0;0;0;KILOMETRO 14+520;retiro varia palmas enviga (km 5+43 - km 14+ 550);VEREDA PALMAS;6.15384748017741, -75.53230572893224;CHOQUE;VEHICULO;NO REPORTADO;NO REPORTADO;Normal;Adelantar en zona prohibida
2192381;9/09/2019;5:55:00 p. m.;Lunes;2019;Septiembre;MOTOCICLETA;PARTICULAR;Motociclista;31;FEMENINO;HERIDOS;0;0;0;0;CARRERA 40 CON CALLE 37 SUR 54;;ZONA CENTRO;6.169146101010792, -75.58565732938345;CHOQUE;VEHICULO;NO REPORTADO;RESIDENCIAL;Normal;Adelantar invadiendo carril del mismo sentido en zigzag
2192383;10/09/2019;6:42:00 p. m.;Martes;2019;Septiembre;AUTOMOVIL;PUBLICO;Peaton;20;MASCULINO;HERIDOS;0;0;0;0;CARRERA 43A CON CALLE 35 SUR 15;;SAN MARCOS;6.172358999980243, -75.58760047490746;ATROPELLO;NO REPORTADO;NO REPORTADO;RESIDENCIAL;Normal;Transitar por la calzada
2192385;10/09/2019;6:35:00 a. m.;Martes;2019;Septiembre;MOTOCICLETA;PARTICULAR;Motociclista;61;FEMENINO;HERIDOS;0;0;0;0;CALLE 39 A SUR CON CARRERA 27D 25;;SAN JOSE;6.160584069082415, -75.5801299422547;CHOQUE;VEHICULO;NO REPORTADO;RESIDENCIAL;Normal;No mantener distancia de seguridad
2192396;11/09/2019;9:50:00 a. m.;Miércoles;2019;Septiembre;MOTOCICLETA;PARTICULAR;Motociclista;31;MASCULINO;MUERTOS;0;0;0;0;CARRERA 50 CON CALLE  25AA SUR ;;LAS VEGAS;6.185746, -75.586264;CHOQUE;VEHICULO;NO REPORTADO;RESIDENCIAL;Normal;Transitar entre vehiculos
2192405;12/09/2019;5:43:00 p. m.;Jueves;2019;Septiembre;MOTOCICLETA;PARTICULAR;Motociclista;25;MASCULINO;HERIDOS;0;0;0;0;CARRERA 48 CON CALLE 48 SUR  75;;LAS VEGAS;6.165835696730991, -75.6018733767276;CHOQUE;VEHICULO;NO REPORTADO;RESIDENCIAL;Normal;No mantener distancia de seguridad
2192406;12/09/2019;11:15:00 p. m.;Jueves;2019;Septiembre;MOTOCICLETA;PARTICULAR;Motociclista;23;MASCULINO;HERIDOS;0;0;0;0;CALLE 38 SUR CON CARRERA 32;;MESA;6.16625559681017, -75.58153314595349;CHOQUE;VEHICULO;NO REPORTADO;RESIDENCIAL;Normal;Adelantar por la derecha
2192407;11/09/2019;9:00:00 a. m.;Miércoles;2019;Septiembre;MOTOCICLETA;PARTICULAR;Motociclista;22;MASCULINO;HERIDOS;0;0;0;0;CALLE 26B SUR CON CARRERA 42B-04;;LAS ORQUIDEAS;6.179953262562763, -75.58104158476;CHOQUE;VEHICULO;NO REPORTADO;RESIDENCIAL;Normal;No mantener distancia de seguridad
2192408;11/09/2019;10:00:00 a. m.;Miércoles;2019;Septiembre;MOTOCICLETA;PARTICULAR;Motociclista;51;MASCULINO;HERIDOS;0;0;0;0;CALLE 48C SUR CON CARRERA 40;;EL TRIANON;6.158774317132444, -75.59558132081793;OTRO;NO REPORTADO;NO REPORTADO;RESIDENCIAL;Normal;Impericia en el manejo
2192409;12/09/2019;7:10:00 a. m.;Jueves;2019;Septiembre;MOTOCICLETA;PARTICULAR;Motociclista;30;MASCULINO;HERIDOS;0;0;0;0;DIAGONAL 29 CON TRANSVERSAL 34F SUR ;;LA SEBASTIANA;6.17069845243754, -75.57816617285245;CHOQUE;VEHICULO;NO REPORTADO;RESIDENCIAL;Normal;Desobedecer señales
2192415;12/09/2019;3:50:00 p. m.;Jueves;2019;Septiembre;MOTOCICLETA;;Peaton;61;FEMENINO;HERIDOS;0;0;0;;CALLE 39 SUR CON CARRERA 33;;MESA;6.165503508911575, -75.58307404356636;ATROPELLO;NO REPORTADO;NO REPORTADO;RESIDENCIAL;Normal;Otra-Peaton
2192416;13/09/2019;10:30:00 p. m.;Viernes;2019;Septiembre;MOTOCICLETA;PARTICULAR;Motociclista;54;FEMENINO;HERIDOS;0;0;0;0;CARRERA 43A CON CALLE 35 SUR 69;;SAN MARCOS;6.1724083593176164, -75.58737304745476;CHOQUE;VEHICULO;NO REPORTADO;RESIDENCIAL;Normal;No mantener distancia de seguridad
2192417;13/09/2019;8:50:00 p. m.;Viernes;2019;Septiembre;MOTOCICLETA;PARTICULAR;Motociclista;24;MASCULINO;HERIDOS;0;0;0;0;CALLE 40 SUR CON CARRERA 24E;;EL SALADO;6.149504000355087, -75.57686973431022;CHOQUE;VEHICULO;NO REPORTADO;RESIDENCIAL;Normal;Embriaguez o droga
2192419;13/09/2019;9:25:00 p. m.;Viernes;2019;Septiembre;MOTOCICLETA;PARTICULAR;Peaton;67;MASCULINO;HERIDOS;0;0;0;0;CARRERA 43A CON CALLE 48C SUR;;PRIMAVERA;6.162222305860492, -75.5976995886002;ATROPELLO;NO REPORTADO;NO REPORTADO;RESIDENCIAL;Normal;Pasar semaforo en rojo
2192419;13/09/2019;9:25:00 p. m.;Viernes;2019;Septiembre;MOTOCICLETA;PARTICULAR;Motociclista;37;MASCULINO;HERIDOS;0;0;0;0;CARRERA 43A CON CALLE 48C SUR;;PRIMAVERA;6.162222305860492, -75.5976995886002;ATROPELLO;NO REPORTADO;NO REPORTADO;RESIDENCIAL;Normal;Pasar semaforo en rojo
2192424;13/09/2019;5:30:00 p. m.;Viernes;2019;Septiembre;BICICLETA;;Ciclista;16;MASCULINO;HERIDOS;0;0;0;;CARRERA 23 A CON CALLE 40 SUR ;;EL SALADO;6.155157829319833, -75.56342145655884;VOLCAMIENTO;NO REPORTADO;NO REPORTADO;RESIDENCIAL;Normal;Desobedecer señales
2192425;14/09/2019;1:25:00 p. m.;Sábado;2019;Septiembre;MOTOCICLETA;PARTICULAR;Motociclista;23;MASCULINO;HERIDOS;0;0;0;0;KILOMETRO 12+00;retiro varia palmas enviga (km 5+43 - km 14+ 550);VEREDA PALMAS;6.159136333904211, -75.51759278008379;OTRO;NO REPORTADO;NO REPORTADO;NO REPORTADO;Normal;Otra-Via
2192427;13/09/2019;6:35:00 p. m.;Viernes;2019;Septiembre;CAMIONETA;PARTICULAR;Peaton;25;MASCULINO;HERIDOS;0;0;0;0;CALLE 36D SUR CON CARRERA 27-160;;LA PRADERA;6.164508779134666, -75.5718984589103;ATROPELLO;NO REPORTADO;NO REPORTADO;RESIDENCIAL;Normal;Desobedecer al agente
2192430;13/09/2019;5:40:00 p. m.;Viernes;2019;Septiembre;MOTOCICLETA;PARTICULAR;Motociclista;27;FEMENINO;HERIDOS;0;0;0;0;CALLE 26 SUR CON CARRERA 43A;;VILLA GRANDE;6.180791505278883, -75.5829189671369;CHOQUE;VEHICULO;NO REPORTADO;RESIDENCIAL;Normal;No mantener distancia de seguridad
2192432;15/09/2019;1:20:00 p. m.;Domingo;2019;Septiembre;MOTOCICLETA;PARTICULAR;Motociclista;22;MASCULINO;HERIDOS;0;0;0;0;CARRERA 48 CON CALLE 49 SUR 18;;LAS VEGAS;6.164709524519463, -75.60103347901877;OTRO;NO REPORTADO;NO REPORTADO;RESIDENCIAL;Normal;Impericia en el manejo
2192438;14/09/2019;8:40:00 a. m.;Sábado;2019;Septiembre;MOTOCICLETA;PARTICULAR;Acompañante;26;FEMENINO;HERIDOS;0;0;0;0;CARRERA 49 CON CALLE 39A SUR 73;;LAS VEGAS;6.173773, -75.597180;CHOQUE;VEHICULO;NO REPORTADO;RESIDENCIAL;Normal;Impericia en el manejo
2192438;14/09/2019;8:40:00 a. m.;Sábado;2019;Septiembre;MOTOCICLETA;PARTICULAR;Motociclista;27;MASCULINO;HERIDOS;0;0;0;0;CARRERA 49 CON CALLE 39A SUR 73;;LAS VEGAS;6.173773, -75.597180;CHOQUE;VEHICULO;NO REPORTADO;RESIDENCIAL;Normal;Impericia en el manejo
2192440;16/09/2019;10:00:00 a. m.;Lunes;2019;Septiembre;CAMIONETA;PUBLICO;Pasajero;29;MASCULINO;HERIDOS;0;0;0;0;CARRERA 28 CON CALLE 27 SUR 60;;ALTO DE MISAEL;6.176398563378296, -75.5753456069472;VOLCAMIENTO;NO REPORTADO;NO REPORTADO;RESIDENCIAL;Normal;Impericia en el manejo
2192441;16/09/2019;12:00:00 p. m.;Lunes;2019;Septiembre;MOTOCICLETA;PARTICULAR;Motociclista;40;MASCULINO;HERIDOS;0;0;0;0;CALLE 38 SUR CON CARRERA 45A 87;;ALCALA;6.171515560325035, -75.5909697913703;CHOQUE;VEHICULO;NO REPORTADO;RESIDENCIAL;Normal;Desobedecer señales
2192448;15/09/2019;1:10:00 p. m.;Domingo;2019;Septiembre;AUTOMOVIL;PUBLICO;Peaton;52;FEMENINO;HERIDOS;0;0;0;;CALLE 46 SUR CON CARRERA 46AA;;PRIMAVERA;6.165035004799402, -75.59706689753536;ATROPELLO;NO REPORTADO;NO REPORTADO;RESIDENCIAL;Normal;Impericia en el manejo
2192450;16/09/2019;5:45:00 a. m.;Lunes;2019;Septiembre;MOTOCICLETA;PARTICULAR;Acompañante;20;FEMENINO;HERIDOS;0;0;0;0;CARRERA 43A CON CALLE 25 SUR;;BOSQUES DE ZUÑIGA;6.181527767015737, -75.58125395108142;CHOQUE;VEHICULO;NO REPORTADO;RESIDENCIAL;Normal;Desobedecer señales
2192450;16/09/2019;5:45:00 a. m.;Lunes;2019;Septiembre;MOTOCICLETA;PARTICULAR;Motociclista;21;MASCULINO;HERIDOS;0;0;0;0;CARRERA 43A CON CALLE 25 SUR;;BOSQUES DE ZUÑIGA;6.181527767015737, -75.58125395108142;CHOQUE;VEHICULO;NO REPORTADO;RESIDENCIAL;Normal;Desobedecer señales
2192451;16/09/2019;9:00:00 a. m.;Lunes;2019;Septiembre;AUTOMOVIL;PARTICULAR;Peaton;26;FEMENINO;HERIDOS;0;0;0;;CARRERA 27D CON CALLE 36 SUR 82;;LA INMACULADA;6.168794907127655, -75.57381009753489;ATROPELLO;NO REPORTADO;NO REPORTADO;RESIDENCIAL;Normal;Cruzar sin observar
2192452;17/09/2019;6:30:00 p. m.;Martes;2019;Septiembre;CAMPERO;PARTICULAR;Conductor;68;MASCULINO;HERIDOS;0;0;0;0;CARRERA 48 CON CALLE 50 SUR;;LAS VEGAS;6.162072458716961, -75.60353659646475;CHOQUE;VEHICULO;NO REPORTADO;RESIDENCIAL;Lluvia;No mantener distancia de seguridad
2192460;17/09/2019;6:40:00 a. m.;Martes;2019;Septiembre;AUTOMOVIL;PARTICULAR;Conductor;29;FEMENINO;HERIDOS;0;0;0;0;KILOMETRO 7+360;retiro varia palmas enviga (km 5+43 - km 14+ 550);VEREDA PERICO;6.173105693341985, -75.49139610642561;VOLCAMIENTO;NO REPORTADO;NO REPORTADO;NO REPORTADO;Normal;Impericia en el manejo
2192472;18/09/2019;7:45:00 p. m.;Miércoles;2019;Septiembre;MOTOCICLETA;PARTICULAR;Motociclista;35;MASCULINO;HERIDOS;0;0;0;0;CARRERA 50 CON CALLE 30 SUR;;LAS VEGAS;6.180427, -75.590467;CHOQUE;VEHICULO;NO REPORTADO;RESIDENCIAL;Lluvia;Adelantar invadiendo carril del mismo sentido en zigzag
2192473;18/09/2019;5:00:00 p. m.;Miércoles;2019;Septiembre;MOTOCICLETA;PARTICULAR;Motociclista;43;FEMENINO;HERIDOS;0;0;0;0;CARRERA 48 CON CALLE 25AA SUR 70;;LAS VEGAS;6.183388582830708, -75.5849716992239;CHOQUE;VEHICULO;NO REPORTADO;RESIDENCIAL;Normal;No mantener distancia de seguridad
2192474;19/09/2019;9:50:00 p. m.;Jueves;2019;Septiembre;MOTOCICLETA;PARTICULAR;Motociclista;28;MASCULINO;HERIDOS;0;0;0;0;CARRERA 43A CON CALLE 45 SUR;;LA PAZ;6.165154533275487, -75.59449719995919;CHOQUE;VEHICULO;NO REPORTADO;RESIDENCIAL;Normal;Semaforo en rojo
2192475;17/09/2019;1:50:00 p. m.;Martes;2019;Septiembre;BUS;PUBLICO;Peaton;38;FEMENINO;HERIDOS;0;0;0;;TRANSVERSAL 35D SUR CON DIAGONAL 33-121;;LOS NARANJOS;6.168292538562815, -75.58264022028425;ATROPELLO;NO REPORTADO;NO REPORTADO;RESIDENCIAL;Normal;No respetar prelacion
2192481;21/09/2019;2:00:00 a. m.;Sábado;2019;Septiembre;MOTOCICLETA;PARTICULAR;Motociclista;29;MASCULINO;HERIDOS;0;0;0;0;CARRERA 50 CON CALLE 39 SUR;;LAS VEGAS;6.173831, -75.597143;CHOQUE;VEHICULO;NO REPORTADO;RESIDENCIAL;Normal;Exeso en horas de conduccion
2192481;21/09/2019;2:00:00 a. m.;Sábado;2019;Septiembre;MOTOCICLETA;PARTICULAR;Acompañante;20;MASCULINO;HERIDOS;0;0;0;0;CARRERA 50 CON CALLE 39 SUR;;LAS VEGAS;6.173831, -75.597143;CHOQUE;VEHICULO;NO REPORTADO;RESIDENCIAL;Normal;Exeso en horas de conduccion
2192489;19/09/2019;9:00:00 a. m.;Jueves;2019;Septiembre;MOTOCICLETA;PARTICULAR;Motociclista;21;MASCULINO;HERIDOS;0;0;0;0;CARRERA 27G CON CALLE 36D SUR 25;;LA PRADERA;6.167146486602676, -75.57698239376835;CHOQUE;VEHICULO;NO REPORTADO;RESIDENCIAL;Normal;No mantener distancia de seguridad
2192493;20/09/2019;3:20:00 p. m.;Viernes;2019;Septiembre;MOTOCICLETA;PARTICULAR;Motociclista;18;MASCULINO;HERIDOS;0;0;0;;CALLE 39 SUR CON CARRERA 28;;SAN JOSE;6.161397169098325, -75.57978160035871;CHOQUE;VEHICULO;NO REPORTADO;RESIDENCIAL;Normal;Adelantar en zona prohibida
2192495;21/09/2019;8:30:00 a. m.;Sábado;2019;Septiembre;MOTOCICLETA;PARTICULAR;Motociclista;29;FEMENINO;HERIDOS;0;0;0;;CARRERA 48 CON CALLE 38 SUR;;LAS VEGAS;6.1728750073445156, -75.59282694398259;CHOQUE;VEHICULO;NO REPORTADO;RESIDENCIAL;Normal;Otra-Conductor
2192499;19/09/2019;7:15:00 a. m.;Jueves;2019;Septiembre;AUTOMOVIL;PARTICULAR;Conductor;46;MASCULINO;HERIDOS;0;0;0;0;KILOMETRO 13+030;medell??n palmas envigado (km 12 - km 16+700);VEREDA PALMAS;6.165366639190277, -75.54499815508132;CHOQUE;VEHICULO;NO REPORTADO;NO REPORTADO;Normal;Impericia en el manejo
2192500;20/09/2019;2:10:00 p. m.;Viernes;2019;Septiembre;MOTOCICLETA;PARTICULAR;Motociclista;25;FEMENINO;HERIDOS;0;0;0;0;CARRERA 40A CON CALLE 40A SUR 02;;EL DORADO;6.168641494724995, -75.59345794965257;CHOQUE;VEHICULO;NO REPORTADO;RESIDENCIAL;Normal;Adelantar invadiendo carril del mismo sentido en zigzag
2192508;23/09/2019;3:30:00 p. m.;Lunes;2019;Septiembre;MOTOCICLETA;PARTICULAR;Acompañante;26;FEMENINO;HERIDOS;0;0;0;0;CARRERA 50 CON CALLE 46 SUR;;LAS VEGAS;6.168548, -75.602176;CHOQUE;VEHICULO;NO REPORTADO;RESIDENCIAL;Normal;No mantener distancia de seguridad
2192508;23/09/2019;3:30:00 p. m.;Lunes;2019;Septiembre;MOTOCICLETA;PARTICULAR;Motociclista;24;MASCULINO;HERIDOS;0;0;0;0;CARRERA 50 CON CALLE 46 SUR;;LAS VEGAS;6.168548, -75.602176;CHOQUE;VEHICULO;NO REPORTADO;RESIDENCIAL;Normal;No mantener distancia de seguridad
2192510;21/09/2019;11:05:00 a. m.;Sábado;2019;Septiembre;BICICLETA;;Ciclista;71;MASCULINO;HERIDOS;0;0;0;0;CALLE 39A SUR CON CARRERA 28-05;;SAN JOSE;6.161322231714893, -75.58039038643285;CHOQUE;VEHICULO;NO REPORTADO;RESIDENCIAL;Normal;Girar bruscamente
2192516;23/09/2019;4:50:00 p. m.;Lunes;2019;Septiembre;MOTOCICLETA;PARTICULAR;Acompañante;42;FEMENINO;HERIDOS;0;0;0;0;CARRERA 43A CON CALLE 21 SUR ;;ZUÑIGA;6.183693951169184, -75.57948141749777;OTRO;NO REPORTADO;NO REPORTADO;RESIDENCIAL;Normal;Impericia en el manejo
2192519;20/09/2019;7:20:00 a. m.;Viernes;2019;Septiembre;MOTOCICLETA;PARTICULAR;Motociclista;22;MASCULINO;HERIDOS;0;0;0;0;CALLE 37 SUR CON CARRERA 49;;LAS VEGAS;6.1746556253297795, -75.59367884780293;CHOQUE;VEHICULO;NO REPORTADO;RESIDENCIAL;Normal;Impericia en el manejo  -  Transitar entre vehiculos
2192520;23/09/2019;8:40:00 p. m.;Lunes;2019;Septiembre;MOTOCICLETA;PARTICULAR;Motociclista;69;MASCULINO;HERIDOS;0;0;0;0;CALLE 38A SUR CON CARRERA 43-21;;ZONA CENTRO;6.169935870301827, -75.58875200494045;CAIDA OCUPANTE;NO REPORTADO;NO REPORTADO;RESIDENCIAL;Lluvia;Impericia en el manejo
2192520;23/09/2019;8:40:00 p. m.;Lunes;2019;Septiembre;MOTOCICLETA;PARTICULAR;Acompañante;35;FEMENINO;HERIDOS;0;0;0;0;CALLE 38A SUR CON CARRERA 43-21;;ZONA CENTRO;6.169935870301827, -75.58875200494045;CAIDA OCUPANTE;NO REPORTADO;NO REPORTADO;RESIDENCIAL;Lluvia;Impericia en el manejo
2192523;24/09/2019;2:00:00 p. m.;Martes;2019;Septiembre;AUTOMOVIL;PARTICULAR;Conductor;40;FEMENINO;HERIDOS;0;0;0;0;CALLE 30 SUR CON CARRERA 30;;LAS VEGAS;6.179550323729402, -75.58832703999924;CHOQUE;VEHICULO;NO REPORTADO;RESIDENCIAL;Normal;No mantener distancia de seguridad
2192525;24/09/2019;7:00:00 p. m.;Martes;2019;Septiembre;MOTOCICLETA;PARTICULAR;Acompañante;19;FEMENINO;HERIDOS;0;0;0;0;CARRERA 48 CON CALLE 38B SUR;;LAS VEGAS;6.173787521269844, -75.59227430635417;CHOQUE;VEHICULO;NO REPORTADO;RESIDENCIAL;Normal;Impericia en el manejo
2192526;24/09/2019;7:10:00 p. m.;Martes;2019;Septiembre;MOTOCICLETA;PARTICULAR;Motociclista;23;MASCULINO;HERIDOS;0;0;0;0;KILOMETRO 12+420;medell??n palmas envigado (km 12 - km 16+700);VEREDA PALMAS;6.170551812777036, -75.54582185046056;CHOQUE;OBJETO FIJO;POSTE;NO REPORTADO;Lluvia;Exceso de velocidad
2192530;26/09/2019;12:40:00 p. m.;Jueves;2019;Septiembre;MOTOCICLETA;PARTICULAR;Motociclista;37;MASCULINO;HERIDOS;0;0;0;0;CARRERA 45 CON CALLE 33B SUR;;SAN MARCOS;6.174295086706874, -75.58802699915047;CHOQUE;VEHICULO;NO REPORTADO;RESIDENCIAL;Normal;Desobedecer señales
2192531;25/09/2019;6:00:00 p. m.;Miércoles;2019;Septiembre;MOTOCICLETA;PARTICULAR;Motociclista;43;MASCULINO;HERIDOS;0;0;0;0;DIAGONAL 32 CON TRANSVERSAL 36 SUR;;LOS NARANJOS;6.168292641710035, -75.58063695472492;CHOQUE;VEHICULO;NO REPORTADO;RESIDENCIAL;Normal;Impericia en el manejo
2192532;25/09/2019;5:10:00 p. m.;Miércoles;2019;Septiembre;MOTOCICLETA;PARTICULAR;Peaton;45;FEMENINO;HERIDOS;0;0;0;;CALLE 39D SUR CON CARRERA 24EE 138;;EL CHINGUÍ;6.150050633011339, -75.57583732081946;ATROPELLO;NO REPORTADO;NO REPORTADO;RESIDENCIAL;Lluvia;Cruzar sin observar
2192535;25/09/2019;4:15:00 p. m.;Miércoles;2019;Septiembre;MOTOCICLETA;PARTICULAR;Motociclista;31;MASCULINO;HERIDOS;0;0;0;0;CARRERA 50 CON CALLE 30 SUR;;LAS VEGAS;6.180427, -75.590467;CHOQUE;VEHICULO;NO REPORTADO;RESIDENCIAL;Normal;Transitar entre vehiculos
2192537;26/09/2019;4:30:00 p. m.;Jueves;2019;Septiembre;AUTOMOVIL;DIPLOMATICO;Acompañante;60;FEMENINO;HERIDOS;0;0;0;0;CARRERA 43A CON CALLE 33B SUR;;SAN MARCOS;6.173355, -75.586842;CHOQUE;OBJETO FIJO;OTRO TIPO;RESIDENCIAL;Normal;Impericia en el manejo
2192547;28/09/2019;6:20:00 p. m.;Sábado;2019;Septiembre;MOTOCICLETA;PARTICULAR;Motociclista;29;FEMENINO;HERIDOS;0;0;0;0;CARRERA 43A CON CALLE 38 SUR;;ALCALA;6.170469844548444, -75.58864056631975;CHOQUE;VEHICULO;NO REPORTADO;RESIDENCIAL;Normal;Semaforo en rojo
2192547;28/09/2019;6:20:00 p. m.;Sábado;2019;Septiembre;MOTOCICLETA;PARTICULAR;Motociclista;54;MASCULINO;HERIDOS;0;0;0;0;CARRERA 43A CON CALLE 38 SUR;;ALCALA;6.170469844548444, -75.58864056631975;CHOQUE;VEHICULO;NO REPORTADO;RESIDENCIAL;Normal;Semaforo en rojo