NRO_RADICADO;FECHA_ACCIDENTE;HORA_ACCIDENTE;Día de la semana;AÑO;MES;CLASE_VEHICULO;TIPO_SERVICIO;TIPO_VICTIMA;EDAD;GENERO;GRAVEDAD;ESTADO_BEODEZ;ESTADO_DROGA;RESULTADO_BEODEZ;RESUL_BEODEZ_GRAMOS;DIRECCION_CARACT_VIA;TRAMO_VIA;LOCALIDAD_O_COMUNA;    GEORREFERENCIACIÓN;DESC_CLASE_ACCIDENTE;DESC_CHOQUE_ACCIDENTE;DESC_OBJETO_FIJO;DESC_SECTOR_ACCIDENTE;CONDICION_CLIMATICA;CAUSA_ACCIDENTE
2192550;26/09/2019;11:40:00 a. m.;Jueves;2019;Septiembre;MOTOCICLETA;DIPLOMATICO;Peaton;26;FEMENINO;HERIDOS;0;0;0;0;CARRERA 48 CON CALLE 25 SUR;;LAS VEGAS;6.185627358696161, -75.58306103012691;ATROPELLO;NO REPORTADO;NO REPORTADO;RESIDENCIAL;Normal;Desobedecer señales
2192552;25/09/2019;10:00:00 a. m.;Miércoles;2019;Septiembre;MOTOCICLETA;PARTICULAR;Motociclista;22;MASCULINO;HERIDOS;0;0;0;0;CALLE 38 SUR CON CARRERA 43-16;;ZONA CENTRO;6.171067269212549, -75.58801542822195;ATROPELLO;NO REPORTADO;NO REPORTADO;RESIDENCIAL;Normal;Pasar semaforo en rojo
2192552;25/09/2019;10:00:00 a. m.;Miércoles;2019;Septiembre;MOTOCICLETA;PARTICULAR;Peaton;31;MASCULINO;HERIDOS;0;0;0;0;CALLE 38 SUR CON CARRERA 43-16;;ZONA CENTRO;6.171067269212549, -75.58801542822195;ATROPELLO;NO REPORTADO;NO REPORTADO;RESIDENCIAL;Normal;Pasar semaforo en rojo
2192554;29/09/2019;1:40:00 a. m.;Domingo;2019;Septiembre;AUTOMOVIL;PARTICULAR;Conductor;21;MASCULINO;HERIDOS;0;0;0;0;KILOMETRO 1+15;el escobero - km 0-13);VEREDA SANTA CATALINA;6.145836197001887, -75.56192068023256;CHOQUE;OBJETO FIJO;OTRO TIPO;NO REPORTADO;Normal;Estacionar sin seguridad
2192557;25/09/2019;11:00:00 a. m.;Miércoles;2019;Septiembre;MOTOCICLETA;PARTICULAR;Motociclista;36;MASCULINO;HERIDOS;0;0;0;0;CARRERA 46A CON CALLE 41 SUR;;MILAN VALLEJUELOS;6.168337522732926, -75.59472739904017;CHOQUE;VEHICULO;NO REPORTADO;RESIDENCIAL;Normal;Impericia en el manejo
2192561;28/09/2019;7:00:00 p. m.;Sábado;2019;Septiembre;MOTOCICLETA;;Motociclista;38;MASCULINO;HERIDOS;0;0;0;0;CARRERA 48 CON CALLE 36A SUR ;;LAS VEGAS;6.173972962549447, -75.5919942013496;CHOQUE;VEHICULO;NO REPORTADO;RESIDENCIAL;Normal;Embriaguez o droga
2192561;28/09/2019;7:00:00 p. m.;Sábado;2019;Septiembre;MOTOCICLETA;PARTICULAR;Motociclista;31;FEMENINO;HERIDOS;0;0;0;0;CARRERA 48 CON CALLE 36A SUR ;;LAS VEGAS;6.173972962549447, -75.5919942013496;CHOQUE;VEHICULO;NO REPORTADO;RESIDENCIAL;Normal;Embriaguez o droga
2192562;26/09/2019;7:40:00 a. m.;Jueves;2019;Septiembre;MOTOCICLETA;PARTICULAR;Motociclista;34;MASCULINO;HERIDOS;0;0;0;0;CALLE 38A SUR CON CARRERA 32;;MESA;6.165500563345598, -75.58221513800903;CHOQUE;VEHICULO;NO REPORTADO;RESIDENCIAL;Normal;Desobedecer señales
2192562;26/09/2019;7:40:00 a. m.;Jueves;2019;Septiembre;MOTOCICLETA;PARTICULAR;Acompañante;11;FEMENINO;HERIDOS;0;0;0;0;CALLE 38A SUR CON CARRERA 32;;MESA;6.165500563345598, -75.58221513800903;CHOQUE;VEHICULO;NO REPORTADO;RESIDENCIAL;Normal;Desobedecer señales
2192569;28/09/2019;5:00:00 p. m.;Sábado;2019;Septiembre;MOTOCICLETA;PARTICULAR;Motociclista;47;MASCULINO;HERIDOS;0;0;0;0;CARRERA 50 CON CALLE 30 SUR;;LAS VEGAS;6.180427, -75.590467;CHOQUE;VEHICULO;NO REPORTADO;RESIDENCIAL;Normal;Impericia en el manejo
2192571;27/09/2019;6:08:00 p. m.;Viernes;2019;Septiembre;MOTOCICLETA;PARTICULAR;Motociclista;37;MASCULINO;HERIDOS;0;0;0;0;KILOMETRO 4+500;el escobero - km 0-13);VEREDA EL ESCOBERO;6.12665982740801, -75.5490816435867;CHOQUE;VEHICULO;NO REPORTADO;NO REPORTADO;Normal;Adelantar por la derecha
2192572;28/09/2019;6:10:00 p. m.;Sábado;2019;Septiembre;MOTOCICLETA;PARTICULAR;Motociclista;24;MASCULINO;HERIDOS;0;0;0;0;CALLE 48E SUR CON CARRERA 42D;;LOMA DEL BARRO;6.159933630310776, -75.59865297663875;CHOQUE;VEHICULO;NO REPORTADO;RESIDENCIAL;Normal;Desobedecer señales  -  Vehiculo mal estacionado
2192574;29/09/2019;1:14:00 p. m.;Domingo;2019;Septiembre;MOTOCICLETA;PARTICULAR;Motociclista;43;MASCULINO;HERIDOS;0;0;0;0;KILOMETRO 13+330;retiro varia palmas enviga (km 5+43 - km 14+ 550);VEREDA PALMAS;6.159358739461305, -75.52916062065124;CHOQUE;VEHICULO;NO REPORTADO;NO REPORTADO;Normal;Desobedecer señales
2192575;28/09/2019;8:47:00 a. m.;Sábado;2019;Septiembre;MOTOCICLETA;PARTICULAR;Motociclista;24;FEMENINO;HERIDOS;0;0;0;0;CARRERA 50 CON CALLE 39 SUR;;LAS VEGAS;6.173831, -75.597143;CHOQUE;VEHICULO;NO REPORTADO;RESIDENCIAL;Normal;No mantener distancia de seguridad
2192582;1/10/2019;1:30:00 p. m.;Martes;2019;Octubre;MOTOCICLETA;PARTICULAR;Peaton;22;FEMENINO;HERIDOS;0;0;0;0;CARRERA 48 CON CALLE 50 SUR;;LAS VEGAS;6.162072458716961, -75.60353659646475;ATROPELLO;NO REPORTADO;NO REPORTADO;RESIDENCIAL;Normal;Subirse al anden o vias Peatonales
2192587;1/10/2019;6:15:00 p. m.;Martes;2019;Octubre;MOTOCICLETA;PARTICULAR;Motociclista;27;MASCULINO;HERIDOS;0;0;0;0;KILOMETRO 10+060;retiro varia palmas enviga (km 5+43 - km 14+ 550);VEREDA PANTANILLO;6.160493, -75.504633;CHOQUE;VEHICULO;NO REPORTADO;NO REPORTADO;Normal;Adelantar invadiendo carril de sentido contrario
2192587;1/10/2019;6:15:00 p. m.;Martes;2019;Octubre;MOTOCICLETA;PARTICULAR;Acompañante;25;FEMENINO;MUERTOS;0;0;0;0;KILOMETRO 10+060;retiro varia palmas enviga (km 5+43 - km 14+ 550);VEREDA PANTANILLO;6.160493, -75.504633;CHOQUE;VEHICULO;NO REPORTADO;NO REPORTADO;Normal;Adelantar invadiendo carril de sentido contrario
2192587;1/10/2019;6:15:00 p. m.;Martes;2019;Octubre;MOTOCICLETA;PARTICULAR;Motociclista;23;MASCULINO;HERIDOS;0;0;0;0;KILOMETRO 10+060;retiro varia palmas enviga (km 5+43 - km 14+ 550);VEREDA PANTANILLO;6.160493, -75.504633;CHOQUE;VEHICULO;NO REPORTADO;NO REPORTADO;Normal;Adelantar invadiendo carril de sentido contrario
2192598;3/10/2019;8:50:00 p. m.;Jueves;2019;Octubre;MOTOCICLETA;PARTICULAR;Motociclista;22;MASCULINO;HERIDOS;0;0;0;0;CALLE 37 SUR CON CARRERA 46A 81;;ALCALA;6.172989525613502, -75.59149695016465;CHOQUE;VEHICULO;NO REPORTADO;RESIDENCIAL;Normal;Impericia en el manejo
2192598;3/10/2019;8:50:00 p. m.;Jueves;2019;Octubre;MOTOCICLETA;PARTICULAR;Motociclista;19;MASCULINO;HERIDOS;0;0;0;0;CALLE 37 SUR CON CARRERA 46A 81;;ALCALA;6.172989525613502, -75.59149695016465;CHOQUE;VEHICULO;NO REPORTADO;RESIDENCIAL;Normal;Impericia en el manejo
2192598;3/10/2019;8:50:00 p. m.;Jueves;2019;Octubre;MOTOCICLETA;PARTICULAR;Acompañante;17;MASCULINO;HERIDOS;0;0;0;0;CALLE 37 SUR CON CARRERA 46A 81;;ALCALA;6.172989525613502, -75.59149695016465;CHOQUE;VEHICULO;NO REPORTADO;RESIDENCIAL;Normal;Impericia en el manejo
2192599;2/10/2019;6:50:00 a. m.;Miércoles;2019;Octubre;BICICLETA;;Ciclista;28;MASCULINO;HERIDOS;0;0;0;0;CARRERA 50 CON CALLE 32 SUR;;LAS VEGAS;6.178856, -75.591468;CHOQUE;VEHICULO;NO REPORTADO;RESIDENCIAL;Normal;Otra-Conductor
2192600;3/10/2019;9:05:00 p. m.;Jueves;2019;Octubre;MOTOCICLETA;PARTICULAR;Motociclista;28;MASCULINO;HERIDOS;0;0;0;;CALLE 37 SUR  CON CARRERA 36;;MESA;6.168195061987952, -75.58338456499514;CHOQUE;VEHICULO;NO REPORTADO;RESIDENCIAL;Normal;Desobedecer señales
2192601;3/10/2019;1:30:00 p. m.;Jueves;2019;Octubre;MOTOCICLETA;PARTICULAR;Motociclista;23;MASCULINO;HERIDOS;0;0;0;0;TRANSVERSAL 32A SUR  CON DIAGONAL 32;;LA MAGNOLIA;6.175810958419971, -75.58250867488216;CHOQUE;VEHICULO;NO REPORTADO;RESIDENCIAL;Normal;Desobedecer señales
2192602;4/10/2019;1:10:00 a. m.;Viernes;2019;Octubre;MOTOCICLETA;PARTICULAR;Motociclista;18;MASCULINO;HERIDOS;0;0;0;;CALLE 48F SUR CON CARRERA 42BB 24;;LOMA DEL BARRO;6.159797258540697, -75.598627478962;CHOQUE;VEHICULO;NO REPORTADO;RESIDENCIAL;Normal;Impericia en el manejo
2192610;4/10/2019;5:00:00 p. m.;Viernes;2019;Octubre;MICROBUS;PUBLICO;Pasajero;11;FEMENINO;HERIDOS;0;0;0;0;KILOMETRO 13+310;medell??n palmas envigado (km 12 - km 16+700);VEREDA PALMAS;6.165484733606752, -75.5450561294298;CHOQUE;VEHICULO;NO REPORTADO;NO REPORTADO;Normal;Fallas en los frenos
2192610;4/10/2019;5:00:00 p. m.;Viernes;2019;Octubre;MICROBUS;PUBLICO;Pasajero;11;FEMENINO;HERIDOS;0;0;0;0;KILOMETRO 13+310;medell??n palmas envigado (km 12 - km 16+700);VEREDA PALMAS;6.165484733606752, -75.5450561294298;CHOQUE;VEHICULO;NO REPORTADO;NO REPORTADO;Normal;Fallas en los frenos
2192610;4/10/2019;5:00:00 p. m.;Viernes;2019;Octubre;MICROBUS;PUBLICO;Pasajero;10;FEMENINO;HERIDOS;0;0;0;0;KILOMETRO 13+310;medell??n palmas envigado (km 12 - km 16+700);VEREDA PALMAS;6.165484733606752, -75.5450561294298;CHOQUE;VEHICULO;NO REPORTADO;NO REPORTADO;Normal;Fallas en los frenos
2192610;4/10/2019;5:00:00 p. m.;Viernes;2019;Octubre;MICROBUS;PUBLICO;Pasajero;38;MASCULINO;HERIDOS;0;0;0;0;KILOMETRO 13+310;medell??n palmas envigado (km 12 - km 16+700);VEREDA PALMAS;6.165484733606752, -75.5450561294298;CHOQUE;VEHICULO;NO REPORTADO;NO REPORTADO;Normal;Fallas en los frenos
2192610;4/10/2019;5:00:00 p. m.;Viernes;2019;Octubre;MICROBUS;PUBLICO;Pasajero;7;MASCULINO;HERIDOS;0;0;0;0;KILOMETRO 13+310;medell??n palmas envigado (km 12 - km 16+700);VEREDA PALMAS;6.165484733606752, -75.5450561294298;CHOQUE;VEHICULO;NO REPORTADO;NO REPORTADO;Normal;Fallas en los frenos
2192610;4/10/2019;5:00:00 p. m.;Viernes;2019;Octubre;MICROBUS;PUBLICO;Pasajero;59;MASCULINO;HERIDOS;0;0;0;0;KILOMETRO 13+310;medell??n palmas envigado (km 12 - km 16+700);VEREDA PALMAS;6.165484733606752, -75.5450561294298;CHOQUE;VEHICULO;NO REPORTADO;NO REPORTADO;Normal;Fallas en los frenos
2192613;6/10/2019;4:30:00 p. m.;Domingo;2019;Octubre;MOTOCICLETA;PARTICULAR;Acompañante;19;MASCULINO;HERIDOS;0;0;0;0;CALLE 36D SUR CON CARRERA 25B;;VEREDA EL ESCOBERO;6.159989103045691, -75.56711088131982;CAIDA OCUPANTE;NO REPORTADO;NO REPORTADO;RESIDENCIAL;Normal;Impericia en el manejo
2192613;6/10/2019;4:30:00 p. m.;Domingo;2019;Octubre;MOTOCICLETA;PARTICULAR;Motociclista;30;MASCULINO;HERIDOS;0;0;0;0;CALLE 36D SUR CON CARRERA 25B;;VEREDA EL ESCOBERO;6.159989103045691, -75.56711088131982;CAIDA OCUPANTE;NO REPORTADO;NO REPORTADO;RESIDENCIAL;Normal;Impericia en el manejo
2192616;4/10/2019;4:00:00 p. m.;Viernes;2019;Octubre;MICROBUS;PUBLICO;Pasajero;54;FEMENINO;HERIDOS;0;0;0;0;CARRERA 27 CON CALLE 23 SUR 145;;ZUÑIGA;6.175731717913391, -75.5670784713083;CAIDA OCUPANTE;NO REPORTADO;NO REPORTADO;RESIDENCIAL;Normal;Arrancar sin precaucion
2192622;4/10/2019;3:25:00 p. m.;Viernes;2019;Octubre;MOTOCICLETA;PARTICULAR;Motociclista;53;MASCULINO;HERIDOS;0;0;0;0;CARRERA 48 CON CALLE 25 SUR;;LAS VEGAS;6.185476183699448, -75.58319317022531;CHOQUE;VEHICULO;NO REPORTADO;RESIDENCIAL;Normal;No mantener distancia de seguridad
2192622;4/10/2019;3:25:00 p. m.;Viernes;2019;Octubre;MOTOCICLETA;PARTICULAR;Acompañante;53;FEMENINO;HERIDOS;0;0;0;0;CARRERA 48 CON CALLE 25 SUR;;LAS VEGAS;6.185476183699448, -75.58319317022531;CHOQUE;VEHICULO;NO REPORTADO;RESIDENCIAL;Normal;No mantener distancia de seguridad
2192633;7/10/2019;8:45:00 a. m.;Lunes;2019;Octubre;BICICLETA;;Ciclista;17;MASCULINO;HERIDOS;0;0;0;0;CARRERA 43 A CON CALLE 46 A SUR 22;;LA PAZ;6.1628673684454025, -75.59664982382644;CHOQUE;VEHICULO;NO REPORTADO;RESIDENCIAL;Normal;No mantener distancia de seguridad
2192634;4/10/2019;8:20:00 p. m.;Viernes;2019;Octubre;AUTOMOVIL;PARTICULAR;Acompañante;27;FEMENINO;HERIDOS;0;0;0;0;KILOMETRO 11+860;retiro varia palmas enviga (km 5+43 - km 14+ 550);VEREDA PALMAS;6.1594933527545495, -75.51628877833276;CHOQUE;OBJETO FIJO;POSTE;NO REPORTADO;Normal;Impericia en el manejo
2192634;4/10/2019;8:20:00 p. m.;Viernes;2019;Octubre;AUTOMOVIL;PARTICULAR;Acompañante;23;FEMENINO;HERIDOS;0;0;0;0;KILOMETRO 11+860;retiro varia palmas enviga (km 5+43 - km 14+ 550);VEREDA PALMAS;6.1594933527545495, -75.51628877833276;CHOQUE;OBJETO FIJO;POSTE;NO REPORTADO;Normal;Impericia en el manejo
2192634;4/10/2019;8:20:00 p. m.;Viernes;2019;Octubre;AUTOMOVIL;PARTICULAR;Conductor;29;MASCULINO;HERIDOS;0;0;0;0;KILOMETRO 11+860;retiro varia palmas enviga (km 5+43 - km 14+ 550);VEREDA PALMAS;6.1594933527545495, -75.51628877833276;CHOQUE;OBJETO FIJO;POSTE;NO REPORTADO;Normal;Impericia en el manejo
2192634;4/10/2019;8:20:00 p. m.;Viernes;2019;Octubre;AUTOMOVIL;PARTICULAR;Acompañante;27;FEMENINO;HERIDOS;0;0;0;0;KILOMETRO 11+860;retiro varia palmas enviga (km 5+43 - km 14+ 550);VEREDA PALMAS;6.1594933527545495, -75.51628877833276;CHOQUE;OBJETO FIJO;POSTE;NO REPORTADO;Normal;Impericia en el manejo
2192635;4/10/2019;2:10:00 p. m.;Viernes;2019;Octubre;MOTOCICLETA;PARTICULAR;Acompañante;7;MASCULINO;HERIDOS;0;0;0;0;TRANSVERSAL 34 SUR CON DIAGONAL  32D;;LA MAGNOLIA;6.173146292861959, -75.5831546190574;CHOQUE;VEHICULO;NO REPORTADO;RESIDENCIAL;Normal;Desobedecer señales
2192636;4/10/2019;12:40:00 p. m.;Viernes;2019;Octubre;MOTOCICLETA;DIPLOMATICO;Motociclista;49;MASCULINO;HERIDOS;0;0;0;0;CARRERA 49 CON CALLE 46A SUR;;LAS VEGAS;6.166934966748424, -75.6008229190543;CHOQUE;VEHICULO;NO REPORTADO;RESIDENCIAL;Normal;Girar bruscamente
2192646;4/10/2019;5:20:00 p. m.;Viernes;2019;Octubre;MOTOCICLETA;PARTICULAR;Motociclista;18;MASCULINO;HERIDOS;0;0;0;0;CARRERA 48 CON CALLE 37 SUR;;LAS VEGAS;6.173473352424915, -75.59256588595376;CHOQUE;VEHICULO;NO REPORTADO;RESIDENCIAL;Normal;No mantener distancia de seguridad
2192648;8/10/2019;3:30:00 p. m.;Martes;2019;Octubre;MOTOCICLETA;PARTICULAR;Motociclista;40;FEMENINO;HERIDOS;0;0;0;0;CARRERA 50 CON CALLE 46A SUR ;;LAS VEGAS;6.168548, -75.602176;OTRO;NO REPORTADO;NO REPORTADO;RESIDENCIAL;Lluvia;Impericia en el manejo
2192653;8/10/2019;8:50:00 a. m.;Martes;2019;Octubre;MOTOCICLETA;PARTICULAR;Motociclista;28;MASCULINO;HERIDOS;0;0;0;0;CARRERA 43A CON CALLE 38A SUR;;ALCALA;6.1697077409398275, -75.58915413115817;CHOQUE;VEHICULO;NO REPORTADO;RESIDENCIAL;Normal;Desobedecer señales
2192660;9/10/2019;5:00:00 p. m.;Miércoles;2019;Octubre;BICICLETA;;Ciclista;46;MASCULINO;MUERTOS;0;0;0;;CARRERA 28 CON CALLE 27D SUR;;ALTO DE MISAEL;6.174058, -75.574976;CHOQUE;VEHICULO;NO REPORTADO;RESIDENCIAL;Normal;Desobedecer señales
2192663;7/10/2019;8:30:00 a. m.;Lunes;2019;Octubre;MOTOCICLETA;PARTICULAR;Motociclista;24;MASCULINO;HERIDOS;0;0;0;0;CARRERA 25B CON CALLE 40 SUR;;SAN JOSE;6.168531804460587, -75.59140908219113;CAIDA OCUPANTE;NO REPORTADO;NO REPORTADO;RESIDENCIAL;Normal;Impericia en el manejo
2192663;7/10/2019;8:30:00 a. m.;Lunes;2019;Octubre;MOTOCICLETA;PARTICULAR;Acompañante;23;FEMENINO;HERIDOS;0;0;0;0;CARRERA 25B CON CALLE 40 SUR;;SAN JOSE;6.168531804460587, -75.59140908219113;CAIDA OCUPANTE;NO REPORTADO;NO REPORTADO;RESIDENCIAL;Normal;Impericia en el manejo
2192666;9/10/2019;6:30:00 p. m.;Miércoles;2019;Octubre;BICICLETA;;Ciclista;36;FEMENINO;HERIDOS;0;0;0;0;CALLE 37 SUR CON CARRERA 49;;LAS VEGAS;6.1746556253297795, -75.59367884780293;CHOQUE;VEHICULO;NO REPORTADO;RESIDENCIAL;Normal;Exeso en horas de conduccion  -  Otra-Conductor
2192670;9/10/2019;1:15:00 p. m.;Miércoles;2019;Octubre;MOTOCICLETA;PARTICULAR;Motociclista;24;MASCULINO;HERIDOS;0;0;0;0;CARRERA 50 CON CALLE 46A SUR ;;LAS VEGAS;6.168548, -75.602176;CHOQUE;VEHICULO;NO REPORTADO;RESIDENCIAL;Normal;Adelantar cerrando
2192671;10/10/2019;7:30:00 a. m.;Jueves;2019;Octubre;MOTOCICLETA;PARTICULAR;Motociclista;26;MASCULINO;HERIDOS;0;0;0;0;KILOMETRO 13+320;retiro varia palmas enviga (km 5+43 - km 14+ 550);VEREDA PALMAS;6.159415299611281, -75.52879896304658;ATROPELLO;NO REPORTADO;NO REPORTADO;NO REPORTADO;Normal;Desobedecer señales
2192672;9/10/2019;10:10:00 a. m.;Miércoles;2019;Octubre;BICICLETA;;Ciclista;25;MASCULINO;HERIDOS;0;0;0;0;CALLE 45A SUR CON CARRERA 42B;;LA PAZ;6.16357459656436, -75.59348857848825;ATROPELLO;NO REPORTADO;NO REPORTADO;RESIDENCIAL;Normal;Semaforo en rojo
2192673;10/10/2019;4:10:00 p. m.;Jueves;2019;Octubre;MOTOCICLETA;PARTICULAR;Motociclista;23;MASCULINO;HERIDOS;0;0;0;0;KILOMETRO 14+330;medell??n palmas envigado (km 12 - km 16+700);VEREDA PALMAS;6.155424907468605, -75.54614586574205;OTRO;NO REPORTADO;NO REPORTADO;NO REPORTADO;Normal;Impericia en el manejo
2192674;10/10/2019;6:20:00 p. m.;Jueves;2019;Octubre;MICROBUS;PUBLICO;Pasajero;53;FEMENINO;HERIDOS;0;0;0;0;CARRERA 43A CON CALLE 44 SUR 38;;LA PAZ;6.166252242212597, -75.5941206435662;CAIDA OCUPANTE;NO REPORTADO;NO REPORTADO;RESIDENCIAL;Normal;Otra-Pasajero-AcompaÒante
2192675;11/10/2019;10:10:00 p. m.;Viernes;2019;Octubre;MOTOCICLETA;PARTICULAR;Acompañante;37;FEMENINO;HERIDOS;0;0;0;;CARRERA 48 CON CALLE 37 SUR;;LAS VEGAS;6.173473352424915, -75.59256588595376;CHOQUE;VEHICULO;NO REPORTADO;RESIDENCIAL;Normal;Impericia en el manejo
2192676;11/10/2019;9:30:00 p. m.;Viernes;2019;Octubre;MOTOCICLETA;PARTICULAR;Motociclista;28;MASCULINO;HERIDOS;0;0;0;;CARRERA 27B CON CALLE 39B SUR ;;EL CHINGUÍ;6.158758169870143, -75.57812543126782;CHOQUE;VEHICULO;NO REPORTADO;RESIDENCIAL;Normal;Desobedecer señales
2192677;11/10/2019;3:43:00 p. m.;Viernes;2019;Octubre;MOTOCICLETA;PARTICULAR;Motociclista;25;MASCULINO;HERIDOS;0;0;0;;KILOMETRO 14+600;el escobero - km 0-13);VEREDA PALMAS;6.144425352932711, -75.52489307156529;OTRO;NO REPORTADO;NO REPORTADO;NO REPORTADO;Normal;Impericia en el manejo
2192678;12/10/2019;9:10:00 a. m.;Sábado;2019;Octubre;MOTOCICLETA;PARTICULAR;Peaton;37;FEMENINO;HERIDOS;0;0;0;;CALLE 38 SUR CON CARRERA 43A;;ZONA CENTRO;6.1706926291467665, -75.58874098595419;ATROPELLO;NO REPORTADO;NO REPORTADO;RESIDENCIAL;Normal;Cruzar sin observar
2192679;12/10/2019;3:30:00 a. m.;Sábado;2019;Octubre;MOTOCICLETA;PARTICULAR;Motociclista;64;MASCULINO;HERIDOS;0;0;0;0;CALLE 38 SUR CON CARRERA 41;;ZONA CENTRO;6.169360161283688, -75.58660150547433;CHOQUE;VEHICULO;NO REPORTADO;RESIDENCIAL;Normal;Desobedecer señales
2192680;13/10/2019;5:35:00 a. m.;Domingo;2019;Octubre;MOTOCICLETA;PARTICULAR;Motociclista;21;MASCULINO;HERIDOS;0;0;0;0;CARRERA 41 CON CALLE 37 SUR;;ZONA CENTRO;6.170008627688323, -75.5861834189674;CHOQUE;VEHICULO;NO REPORTADO;RESIDENCIAL;Normal;Embriaguez o droga  -  Semaforo en rojo
2192681;13/10/2019;2:00:00 p. m.;Domingo;2019;Octubre;AUTOMOVIL;PARTICULAR;Acompañante;51;FEMENINO;HERIDOS;0;0;0;0;CARRERA 48 CON CALLE 32B SUR ;;LAS VEGAS;6.1771312587881235, -75.59004749247258;CHOQUE;VEHICULO;NO REPORTADO;RESIDENCIAL;Normal;No mantener distancia de seguridad
2192694;12/10/2019;9:00:00 a. m.;Sábado;2019;Octubre;MOTOCICLETA;PARTICULAR;Motociclista;38;FEMENINO;HERIDOS;0;0;0;0;CARRERA 50 CON CALLE 27A SUR;;LAS VEGAS;6.183503, -75.588505;CHOQUE;VEHICULO;NO REPORTADO;RESIDENCIAL;Normal;No mantener distancia de seguridad
2192694;12/10/2019;9:00:00 a. m.;Sábado;2019;Octubre;MOTOCICLETA;PARTICULAR;Acompañante;38;FEMENINO;HERIDOS;0;0;0;0;CARRERA 50 CON CALLE 27A SUR;;LAS VEGAS;6.183503, -75.588505;CHOQUE;VEHICULO;NO REPORTADO;RESIDENCIAL;Normal;No mantener distancia de seguridad
2192695;15/10/2019;2:30:00 p. m.;Martes;2019;Octubre;BICICLETA;;Ciclista;18;MASCULINO;HERIDOS;0;0;0;0;CALLE 40 SUR  CON CARRERA 25A 34;;EL SALADO;6.156504453102104, -75.57983767109035;CHOQUE;VEHICULO;NO REPORTADO;RESIDENCIAL;Normal;No mantener distancia de seguridad
2192696;15/10/2019;8:00:00 a. m.;Martes;2019;Octubre;MOTOCICLETA;PARTICULAR;Peaton;21;FEMENINO;HERIDOS;0;0;0;;CARRERA 48 CON CALLE 27A SUR;;LAS VEGAS;6.181852891372235, -75.5869285435635;ATROPELLO;NO REPORTADO;NO REPORTADO;RESIDENCIAL;Normal;Cruzar en diagonal
2192697;15/10/2019;4:00:00 p. m.;Martes;2019;Octubre;MOTOCICLETA;PARTICULAR;Motociclista;23;MASCULINO;HERIDOS;0;0;0;0;CALLE 38A SUR CON CARRERA 31;;MESA;6.165030828871305, -75.58145457293975;CHOQUE;VEHICULO;NO REPORTADO;RESIDENCIAL;Normal;Desobedecer señales
2192697;15/10/2019;4:00:00 p. m.;Martes;2019;Octubre;MOTOCICLETA;PARTICULAR;Acompañante;55;FEMENINO;HERIDOS;0;0;0;0;CALLE 38A SUR CON CARRERA 31;;MESA;6.165030828871305, -75.58145457293975;CHOQUE;VEHICULO;NO REPORTADO;RESIDENCIAL;Normal;Desobedecer señales
2192706;16/10/2019;7:00:00 a. m.;Miércoles;2019;Octubre;MOTOCICLETA;PARTICULAR;Motociclista;32;MASCULINO;HERIDOS;0;0;0;0;CARRERA 48 CON CALLE 27A SUR 150;;LAS VEGAS;6.18156498371222, -75.58690695693113;CHOQUE;VEHICULO;NO REPORTADO;RESIDENCIAL;Normal;No mantener distancia de seguridad
2192706;16/10/2019;7:00:00 a. m.;Miércoles;2019;Octubre;MOTOCICLETA;PARTICULAR;Motociclista;34;FEMENINO;HERIDOS;0;0;0;0;CARRERA 48 CON CALLE 27A SUR 150;;LAS VEGAS;6.18156498371222, -75.58690695693113;CHOQUE;VEHICULO;NO REPORTADO;RESIDENCIAL;Normal;No mantener distancia de seguridad
2192707;16/10/2019;12:00:00 p. m.;Miércoles;2019;Octubre;MOTOCICLETA;PARTICULAR;Motociclista;22;MASCULINO;HERIDOS;0;0;0;;CALLE 36D SUR CON CARRERA 27-160;;LA PRADERA;6.164167441482286, -75.57168388219186;CHOQUE;VEHICULO;NO REPORTADO;RESIDENCIAL;Normal;Impericia en el manejo
2192707;16/10/2019;12:00:00 p. m.;Miércoles;2019;Octubre;MOTOCICLETA;PARTICULAR;Motociclista;29;MASCULINO;HERIDOS;0;0;0;;CALLE 36D SUR CON CARRERA 27-160;;LA PRADERA;6.164167441482286, -75.57168388219186;CHOQUE;VEHICULO;NO REPORTADO;RESIDENCIAL;Normal;Impericia en el manejo
2192714;17/10/2019;8:15:00 a. m.;Jueves;2019;Octubre;MOTOCICLETA;PARTICULAR;Motociclista;24;MASCULINO;HERIDOS;0;0;0;0;CARRERA 48 CON CALLE 32 SUR;;LAS VEGAS;6.177553494684281, -75.58959170100616;CHOQUE;VEHICULO;NO REPORTADO;RESIDENCIAL;Normal;Adelantar cerrando
2192715;17/10/2019;3:00:00 p. m.;Jueves;2019;Octubre;BICICLETA;;Ciclista;22;FEMENINO;HERIDOS;0;0;0;0;DIAGONAL 31CC CON TRANSVERSAL 32C SUR;;LA MAGNOLIA;6.175572780883355, -75.58076388091268;CHOQUE;VEHICULO;NO REPORTADO;RESIDENCIAL;Normal;No respetar prelacion
2192722;16/10/2019;6:50:00 p. m.;Miércoles;2019;Octubre;MOTOCICLETA;PARTICULAR;Motociclista;54;MASCULINO;HERIDOS;0;0;0;0;CARRERA 43A CON CALLE 45 SUR;;LA PAZ;6.165154533275487, -75.59449719995919;CHOQUE;VEHICULO;NO REPORTADO;RESIDENCIAL;Normal;Desobedecer señales