NRO_RADICADO;FECHA_ACCIDENTE;HORA_ACCIDENTE;Día de la semana;AÑO;MES;CLASE_VEHICULO;TIPO_SERVICIO;TIPO_VICTIMA;EDAD;GENERO;GRAVEDAD;ESTADO_BEODEZ;ESTADO_DROGA;RESULTADO_BEODEZ;RESUL_BEODEZ_GRAMOS;DIRECCION_CARACT_VIA;TRAMO_VIA;LOCALIDAD_O_COMUNA;    GEORREFERENCIACIÓN;DESC_CLASE_ACCIDENTE;DESC_CHOQUE_ACCIDENTE;DESC_OBJETO_FIJO;DESC_SECTOR_ACCIDENTE;CONDICION_CLIMATICA;CAUSA_ACCIDENTE
2192722;16/10/2019;6:50:00 p. m.;Miércoles;2019;Octubre;MOTOCICLETA;PARTICULAR;Motociclista;29;FEMENINO;HERIDOS;0;0;0;0;CARRERA 43A CON CALLE 45 SUR;;LA PAZ;6.165154533275487, -75.59449719995919;CHOQUE;VEHICULO;NO REPORTADO;RESIDENCIAL;Normal;Desobedecer señales
2192723;19/10/2019;9:40:00 p. m.;Sábado;2019;Octubre;MOTOCICLETA;PARTICULAR;Peaton;50;MASCULINO;HERIDOS;0;0;0;0;KILOMETRO 16+450;medell??n palmas envigado (km 12 - km 16+700);VEREDA PALMAS;6.1543166906610285, -75.53499143834985;ATROPELLO;NO REPORTADO;NO REPORTADO;NO REPORTADO;Normal;Cruzar en estado de embriaguez  -  Exceso de velocidad
2192723;19/10/2019;9:40:00 p. m.;Sábado;2019;Octubre;MOTOCICLETA;PARTICULAR;Motociclista;20;MASCULINO;HERIDOS;0;0;0;0;KILOMETRO 16+450;medell??n palmas envigado (km 12 - km 16+700);VEREDA PALMAS;6.1543166906610285, -75.53499143834985;ATROPELLO;NO REPORTADO;NO REPORTADO;NO REPORTADO;Normal;Cruzar en estado de embriaguez  -  Exceso de velocidad
2192723;19/10/2019;9:40:00 p. m.;Sábado;2019;Octubre;MOTOCICLETA;PARTICULAR;Acompañante;17;MASCULINO;HERIDOS;0;0;0;0;KILOMETRO 16+450;medell??n palmas envigado (km 12 - km 16+700);VEREDA PALMAS;6.1543166906610285, -75.53499143834985;ATROPELLO;NO REPORTADO;NO REPORTADO;NO REPORTADO;Normal;Cruzar en estado de embriaguez  -  Exceso de velocidad
2192724;17/10/2019;12:10:00 p. m.;Jueves;2019;Octubre;MOTOCICLETA;PARTICULAR;Peaton;82;MASCULINO;HERIDOS;0;0;0;0;CARRERA 39 CON CALLE 35 SUR 42;;ZONA CENTRO;6.169787186021609, -75.58422851050058;ATROPELLO;NO REPORTADO;NO REPORTADO;RESIDENCIAL;Normal;Cruzar sin observar
2192725;17/10/2019;2:40:00 p. m.;Jueves;2019;Octubre;MOTOCICLETA;PARTICULAR;Motociclista;28;MASCULINO;HERIDOS;0;0;0;0;CALLE 36D SUR CON CARRERA 27;;LA PRADERA;6.158534737658366, -75.57159508458332;CHOQUE;VEHICULO;NO REPORTADO;RESIDENCIAL;Lluvia;No mantener distancia de seguridad
2192726;17/10/2019;11:15:00 a. m.;Jueves;2019;Octubre;MOTOCICLETA;PARTICULAR;Motociclista;28;FEMENINO;HERIDOS;0;0;0;0;CARRERA 48 CON CALLE 50 SUR;;LAS VEGAS;6.162072458716961, -75.60353659646475;CHOQUE;VEHICULO;NO REPORTADO;RESIDENCIAL;Normal;No mantener distancia de seguridad
2192727;18/10/2019;7:10:00 a. m.;Viernes;2019;Octubre;MOTOCICLETA;PARTICULAR;Motociclista;37;FEMENINO;HERIDOS;0;0;0;0;CALLE 38 SUR CON CARRERA 46;;ALCALA;6.172018326896112, -75.59133707478912;CHOQUE;VEHICULO;NO REPORTADO;RESIDENCIAL;Normal;Girar bruscamente
2192727;18/10/2019;7:10:00 a. m.;Viernes;2019;Octubre;MOTOCICLETA;PARTICULAR;Acompañante;41;MASCULINO;HERIDOS;0;0;0;0;CALLE 38 SUR CON CARRERA 46;;ALCALA;6.172018326896112, -75.59133707478912;CHOQUE;VEHICULO;NO REPORTADO;RESIDENCIAL;Normal;Girar bruscamente
2192728;19/10/2019;9:35:00 p. m.;Sábado;2019;Octubre;AUTOMOVIL;PUBLICO;Pasajero;29;FEMENINO;HERIDOS;0;0;0;0;TRANSVERSAL 32A SUR CON DIAGONAL 32B;;LA MAGNOLIA;6.1755824253617435, -75.58323209022237;CHOQUE;VEHICULO;NO REPORTADO;RESIDENCIAL;Normal;No respetar prelacion
2192730;20/10/2019;3:45:00 p. m.;Domingo;2019;Octubre;MOTOCICLETA;PARTICULAR;Motociclista;29;MASCULINO;HERIDOS;0;0;0;0;CALLE 37B SUR CON CARRERA28;;LOMA DE LAS BRUJAS;6.1635149675690455, -75.57930436996168;CHOQUE;VEHICULO;NO REPORTADO;RESIDENCIAL;Normal;Adelantar en zona prohibida
2192731;20/10/2019;4:37:00 a. m.;Domingo;2019;Octubre;AUTOMOVIL;PARTICULAR;Conductor;25;MASCULINO;HERIDOS;0;0;0;0;CARRERA 50 CON CALLE 19 SUR;;LAS VEGAS;6.188167, -75.583364;CHOQUE;OBJETO FIJO;VALLA - SEÑAL;RESIDENCIAL;Normal;Embriaguez o droga
2192734;18/10/2019;7:55:00 p. m.;Viernes;2019;Octubre;BICICLETA;;Ciclista;50;MASCULINO;HERIDOS;0;0;0;0;CALLE 36D SUR CON CARRERA 27;;LA PRADERA;6.158534737658366, -75.57159508458332;CHOQUE;VEHICULO;NO REPORTADO;RESIDENCIAL;Normal;Fallas en los frenos
2192734;18/10/2019;7:55:00 p. m.;Viernes;2019;Octubre;MOTOCICLETA;PARTICULAR;Motociclista;33;MASCULINO;HERIDOS;0;0;0;0;CALLE 36D SUR CON CARRERA 27;;LA PRADERA;6.158534737658366, -75.57159508458332;CHOQUE;VEHICULO;NO REPORTADO;RESIDENCIAL;Normal;Fallas en los frenos
2192734;18/10/2019;7:55:00 p. m.;Viernes;2019;Octubre;MOTOCICLETA;PARTICULAR;Motociclista;37;FEMENINO;HERIDOS;0;0;0;0;CALLE 36D SUR CON CARRERA 27;;LA PRADERA;6.158534737658366, -75.57159508458332;CHOQUE;VEHICULO;NO REPORTADO;RESIDENCIAL;Normal;Fallas en los frenos
2192734;18/10/2019;7:55:00 p. m.;Viernes;2019;Octubre;AUTOMOVIL;PARTICULAR;Acompañante;48;FEMENINO;HERIDOS;0;0;0;0;CALLE 36D SUR CON CARRERA 27;;LA PRADERA;6.158534737658366, -75.57159508458332;CHOQUE;VEHICULO;NO REPORTADO;RESIDENCIAL;Normal;Fallas en los frenos
2192734;18/10/2019;7:55:00 p. m.;Viernes;2019;Octubre;AUTOMOVIL;PARTICULAR;Conductor;63;MASCULINO;HERIDOS;0;0;0;0;CALLE 36D SUR CON CARRERA 27;;LA PRADERA;6.158534737658366, -75.57159508458332;CHOQUE;VEHICULO;NO REPORTADO;RESIDENCIAL;Normal;Fallas en los frenos
2192734;18/10/2019;7:55:00 p. m.;Viernes;2019;Octubre;AUTOMOVIL;PARTICULAR;Acompañante;70;MASCULINO;HERIDOS;0;0;0;0;CALLE 36D SUR CON CARRERA 27;;LA PRADERA;6.158534737658366, -75.57159508458332;CHOQUE;VEHICULO;NO REPORTADO;RESIDENCIAL;Normal;Fallas en los frenos
2192735;19/10/2019;1:50:00 a. m.;Sábado;2019;Octubre;MOTOCICLETA;PARTICULAR;Motociclista;58;MASCULINO;HERIDOS;0;0;0;;TRANSVERSAL 34A SUR CON DIAGONAL 32;;OBRERO;6.173025894848271, -75.58159283568737;CHOQUE;VEHICULO;NO REPORTADO;RESIDENCIAL;Normal;Desobedecer señales
2192735;19/10/2019;1:50:00 a. m.;Sábado;2019;Octubre;MOTOCICLETA;PARTICULAR;Motociclista;49;MASCULINO;HERIDOS;0;0;0;;TRANSVERSAL 34A SUR CON DIAGONAL 32;;OBRERO;6.173025894848271, -75.58159283568737;CHOQUE;VEHICULO;NO REPORTADO;RESIDENCIAL;Normal;Desobedecer señales
2192735;19/10/2019;1:50:00 a. m.;Sábado;2019;Octubre;MOTOCICLETA;PARTICULAR;Acompañante;34;FEMENINO;HERIDOS;0;0;0;;TRANSVERSAL 34A SUR CON DIAGONAL 32;;OBRERO;6.173025894848271, -75.58159283568737;CHOQUE;VEHICULO;NO REPORTADO;RESIDENCIAL;Normal;Desobedecer señales
2192736;21/10/2019;12:45:00 p. m.;Lunes;2019;Octubre;MOTOCICLETA;PARTICULAR;Motociclista;35;MASCULINO;HERIDOS;0;0;0;0;CARRERA 48 CON CALLE 32B SUR;;LAS VEGAS;6.1771312587881235, -75.59004749247258;CHOQUE;VEHICULO;NO REPORTADO;RESIDENCIAL;Lluvia;No mantener distancia de seguridad
2192747;21/10/2019;1:30:00 p. m.;Lunes;2019;Octubre;MOTOCICLETA;PARTICULAR;Motociclista;26;MASCULINO;HERIDOS;0;0;0;0;CARRERA 50 CON CALLE 39 SUR;;LAS VEGAS;6.173831, -75.597143;CHOQUE;VEHICULO;NO REPORTADO;RESIDENCIAL;Lluvia;No mantener distancia de seguridad
2192748;22/10/2019;6:59:00 a. m.;Martes;2019;Octubre;BICICLETA;;Ciclista;51;MASCULINO;HERIDOS;0;0;0;0;KILOMETRO 14+770;medell??n palmas envigado (km 12 - km 16+700);VEREDA PALMAS;6.152789537149478, -75.54573954559834;CHOQUE;VEHICULO;NO REPORTADO;NO REPORTADO;Normal;Impericia en el manejo
2192749;22/10/2019;12:45:00 p. m.;Martes;2019;Octubre;MICROBUS;PUBLICO;Peaton;76;FEMENINO;HERIDOS;0;0;0;0;CALLE 40DD SUR  CON CARRERA 41;;EL DORADO;6.1665625772593184, -75.58939074356618;ATROPELLO;NO REPORTADO;NO REPORTADO;RESIDENCIAL;Normal;Impericia en el manejo
2192750;21/10/2019;3:55:00 p. m.;Lunes;2019;Octubre;MOTOCICLETA;DIPLOMATICO;Motociclista;19;MASCULINO;HERIDOS;0;0;0;;TRANSVERSAL 32C CON DIAGONAL 31C;;LAS FLORES;6.17665535804489, -75.57995891721204;CHOQUE;VEHICULO;NO REPORTADO;RESIDENCIAL;Normal;Semaforo en rojo
2192773;22/10/2019;10:00:00 a. m.;Martes;2019;Octubre;MOTOCICLETA;PARTICULAR;Motociclista;35;MASCULINO;MUERTOS;0;0;0;0;KILOMETRO 7+145;retiro varia palmas enviga (km 5+43 - km 14+ 550);VEREDA PERICO;6.171495, -75.490288;CHOQUE;VEHICULO;NO REPORTADO;NO REPORTADO;Normal;Desobedecer señales
2192774;23/10/2019;1:15:00 p. m.;Miércoles;2019;Octubre;MOTOCICLETA;PARTICULAR;Acompañante;61;MASCULINO;HERIDOS;0;0;0;0;CALLE 35 SUR CON CARRERA 42;;ZONA CENTRO;6.171933360066914, -75.5861110631456;CHOQUE;VEHICULO;NO REPORTADO;RESIDENCIAL;Normal;Desobedecer señales
2192774;23/10/2019;1:15:00 p. m.;Miércoles;2019;Octubre;MOTOCICLETA;PARTICULAR;Motociclista;33;MASCULINO;HERIDOS;0;0;0;0;CALLE 35 SUR CON CARRERA 42;;ZONA CENTRO;6.171933360066914, -75.5861110631456;CHOQUE;VEHICULO;NO REPORTADO;RESIDENCIAL;Normal;Desobedecer señales
2192783;24/10/2019;3:50:00 p. m.;Jueves;2019;Octubre;MOTOCICLETA;PARTICULAR;Motociclista;21;MASCULINO;HERIDOS;0;0;0;0;CARRERA 50 CON CALLE 26 SUR;;LAS VEGAS;6.184920, -75.587152;CHOQUE;VEHICULO;NO REPORTADO;RESIDENCIAL;Normal;Transitar entre vehiculos
2192783;24/10/2019;3:50:00 p. m.;Jueves;2019;Octubre;MOTOCICLETA;PARTICULAR;Acompañante;25;FEMENINO;HERIDOS;0;0;0;0;CARRERA 50 CON CALLE 26 SUR;;LAS VEGAS;6.184920, -75.587152;CHOQUE;VEHICULO;NO REPORTADO;RESIDENCIAL;Normal;Transitar entre vehiculos
2192796;24/10/2019;3:00:00 p. m.;Jueves;2019;Octubre;MOTOCICLETA;PARTICULAR;Acompañante;39;MASCULINO;HERIDOS;0;0;0;0;KILOMETRO 10+800;el escobero - km 0-13);VEREDA EL ESCOBERO;6.143194343383652, -75.52446689173075;CHOQUE;VEHICULO;NO REPORTADO;NO REPORTADO;Normal;Desobedecer señales
2192796;24/10/2019;3:00:00 p. m.;Jueves;2019;Octubre;MOTOCICLETA;PARTICULAR;Motociclista;20;MASCULINO;HERIDOS;0;0;0;0;KILOMETRO 10+800;el escobero - km 0-13);VEREDA EL ESCOBERO;6.143194343383652, -75.52446689173075;CHOQUE;VEHICULO;NO REPORTADO;NO REPORTADO;Normal;Desobedecer señales
2192797;27/10/2019;1:50:00 p. m.;Domingo;2019;Octubre;BICICLETA;;Ciclista;30;MASCULINO;HERIDOS;0;0;0;0;CARRERA 40 CON CALLE 53B SUR 30;;LOMA DEL BARRO;6.154822496019049, -75.60158932484073;CHOQUE;VEHICULO;NO REPORTADO;RESIDENCIAL;Normal;Poner en marcha un vehiculo sin precauci
2192797;27/10/2019;1:50:00 p. m.;Domingo;2019;Octubre;MICROBUS;PUBLICO;Conductor;57;MASCULINO;HERIDOS;0;0;0;0;CARRERA 40 CON CALLE 53B SUR 30;;LOMA DEL BARRO;6.154822496019049, -75.60158932484073;CHOQUE;VEHICULO;NO REPORTADO;RESIDENCIAL;Normal;Poner en marcha un vehiculo sin precauci
2192798;24/10/2019;3:40:00 p. m.;Jueves;2019;Octubre;BICICLETA;;Ciclista;35;MASCULINO;HERIDOS;0;0;0;0;CARRERA 46 CON CALLE 25 SUR 32;;BOSQUES DE ZUÑIGA;6.183807743581739, -75.58306337425053;CAIDA OCUPANTE;NO REPORTADO;NO REPORTADO;RESIDENCIAL;Normal;Poner en marcha un vehiculo sin precauci
2192799;25/10/2019;5:35:00 p. m.;Viernes;2019;Octubre;MOTOCICLETA;PARTICULAR;Acompañante;22;FEMENINO;HERIDOS;0;0;0;0;CARRERA 48 CON CALLE 46A - 150;;LAS VEGAS;6.165428948001687, -75.60014327759343;CHOQUE;VEHICULO;NO REPORTADO;RESIDENCIAL;Normal;No mantener distancia de seguridad
2192800;25/10/2019;8:20:00 a. m.;Viernes;2019;Octubre;MOTOCICLETA;PARTICULAR;Motociclista;43;MASCULINO;HERIDOS;0;0;0;0;CARRERA 48 CON CALLE 46A SUR 107;;LAS VEGAS;6.166473264948381, -75.60063616138736;CHOQUE;VEHICULO;NO REPORTADO;RESIDENCIAL;Normal;No mantener distancia de seguridad
2192801;26/10/2019;12:40:00 a. m.;Sábado;2019;Octubre;AUTOMOVIL;PARTICULAR;Conductor;22;MASCULINO;HERIDOS;0;0;0;0;KILOMETRO 15 + 150;medell??n palmas envigado (km 12 - km 16+700);VEREDA PALMAS;6.152153069712744, -75.54455859150626;CHOQUE;OBJETO FIJO;POSTE;NO REPORTADO;Normal;Impericia en el manejo
2192802;26/10/2019;8:48:00 a. m.;Sábado;2019;Octubre;MOTOCICLETA;PARTICULAR;Motociclista;58;MASCULINO;HERIDOS;0;0;0;0;DIAGONAL 30 CON TRANSVERSAL 35B SUR 40;;LA SEBASTIANA;6.17016050402023, -75.57925485097137;CAIDA OCUPANTE;NO REPORTADO;NO REPORTADO;RESIDENCIAL;Normal;Impericia en el manejo
2192803;27/10/2019;12:30:00 a. m.;Domingo;2019;Octubre;AUTOMOVIL;PUBLICO;Pasajero;52;FEMENINO;HERIDOS;0;0;0;0;CARRERA 27A CON CALLE 23 SUR;;EL ESMERALDAL;6.17276738921787, -75.56868291435731;CHOQUE;VEHICULO;NO REPORTADO;RESIDENCIAL;Normal;No mantener distancia de seguridad
2192814;25/10/2019;6:40:00 p. m.;Viernes;2019;Octubre;BUSETA;PUBLICO;Pasajero;79;FEMENINO;HERIDOS;0;0;0;0;CARRERA 42 CON CALLE 33B SUR 92;;ZONA CENTRO;6.173030878370791, -75.5863319185688;CAIDA OCUPANTE;NO REPORTADO;NO REPORTADO;RESIDENCIAL;Normal;Arrancar sin precaucion
2192818;25/10/2019;2:40:00 p. m.;Viernes;2019;Octubre;MOTOCICLETA;PARTICULAR;Motociclista;68;MASCULINO;HERIDOS;0;0;0;0;CALLE 36D SUR CON CARRERA 26A - 22;;EL CHOCHO;6.16202171084691, -75.56913385891053;CAIDA OCUPANTE;NO REPORTADO;NO REPORTADO;RESIDENCIAL;Normal;Impericia en el manejo
2192828;28/10/2019;7:10:00 p. m.;Lunes;2019;Octubre;MOTOCICLETA;PARTICULAR;Motociclista;22;MASCULINO;HERIDOS;0;0;0;0;CARRERA 43A CON CALLE 42 SUR 38;;MILAN VALLEJUELOS;6.165729330164341, -75.59356823676288;ATROPELLO;NO REPORTADO;NO REPORTADO;RESIDENCIAL;Normal;Pasar semaforo en rojo
2192834;28/10/2019;10:45:00 a. m.;Lunes;2019;Octubre;MOTOCICLETA;PARTICULAR;Motociclista;25;MASCULINO;HERIDOS;0;0;0;0;CARRERA 50 CON CALLE 30 SUR 119;;LAS VEGAS;6.180256, -75.590606;CHOQUE;VEHICULO;NO REPORTADO;RESIDENCIAL;Normal;Transitar entre vehiculos
2192836;29/10/2019;11:45:00 a. m.;Martes;2019;Octubre;MOTOCICLETA;PARTICULAR;Motociclista;23;FEMENINO;HERIDOS;0;0;0;0;CARRERA 43A CON CALLE 38A SUR ;;ALCALA;6.1697077409398275, -75.58915413115817;CHOQUE;VEHICULO;NO REPORTADO;RESIDENCIAL;Normal;Adelantar cerrando
2192848;30/10/2019;9:00:00 a. m.;Miércoles;2019;Octubre;MOTOCICLETA;PARTICULAR;Motociclista;39;MASCULINO;HERIDOS;0;0;0;0;CARRERA 50 CON CALLE 46 SUR;;LAS VEGAS;6.168548, -75.602176;CHOQUE;VEHICULO;NO REPORTADO;RESIDENCIAL;Normal;Transitar entre vehiculos
2192848;30/10/2019;9:00:00 a. m.;Miércoles;2019;Octubre;MOTOCICLETA;PARTICULAR;Acompañante;26;MASCULINO;HERIDOS;0;0;0;0;CARRERA 50 CON CALLE 46 SUR;;LAS VEGAS;6.168548, -75.602176;CHOQUE;VEHICULO;NO REPORTADO;RESIDENCIAL;Normal;Transitar entre vehiculos
2192875;1/11/2019;3:00:00 p. m.;Viernes;2019;Noviembre;MOTOCICLETA;PARTICULAR;Motociclista;25;MASCULINO;HERIDOS;0;0;0;0;CARRERA 50 CON CALLE 30 SUR;;LAS VEGAS;6.180427, -75.590467;CHOQUE;VEHICULO;NO REPORTADO;RESIDENCIAL;Normal;No mantener distancia de seguridad
2192876;1/11/2019;7:00:00 p. m.;Viernes;2019;Noviembre;MOTOCICLETA;DIPLOMATICO;Motociclista;35;MASCULINO;HERIDOS;0;0;0;0;CARRERA 42 CON CALLE 45B SUR;;LA PAZ;6.174698713000654, -75.58745092172451;CAIDA OCUPANTE;NO REPORTADO;NO REPORTADO;RESIDENCIAL;Normal;Impericia en el manejo
2192896;4/11/2019;12:30:00 a. m.;Lunes;2019;Noviembre;MOTOCICLETA;PARTICULAR;Acompañante;21;MASCULINO;HERIDOS;0;0;0;0;CARRERA 43A CON CALLE 44 SUR;;MILAN VALLEJUELOS;6.1655880038226245, -75.59407459640002;CHOQUE;VEHICULO;NO REPORTADO;RESIDENCIAL;Normal;Desobedecer señales
2192896;4/11/2019;12:30:00 a. m.;Lunes;2019;Noviembre;MOTOCICLETA;PARTICULAR;Motociclista;52;MASCULINO;HERIDOS;0;0;0;0;CARRERA 43A CON CALLE 44 SUR;;MILAN VALLEJUELOS;6.1655880038226245, -75.59407459640002;CHOQUE;VEHICULO;NO REPORTADO;RESIDENCIAL;Normal;Desobedecer señales
2192897;2/11/2019;12:10:00 p. m.;Sábado;2019;Noviembre;MOTOCICLETA;PARTICULAR;Motociclista;39;MASCULINO;HERIDOS;0;0;0;0;CARRERA 42B CON CALLE 48F SUR;;LOMA DEL BARRO;6.163289760798312, -75.5936509653083;CAIDA OCUPANTE;NO REPORTADO;NO REPORTADO;RESIDENCIAL;Normal;Impericia en el manejo
2192897;2/11/2019;12:10:00 p. m.;Sábado;2019;Noviembre;MOTOCICLETA;PARTICULAR;Acompañante;13;MASCULINO;HERIDOS;0;0;0;0;CARRERA 42B CON CALLE 48F SUR;;LOMA DEL BARRO;6.163289760798312, -75.5936509653083;CAIDA OCUPANTE;NO REPORTADO;NO REPORTADO;RESIDENCIAL;Normal;Impericia en el manejo
2192898;4/11/2019;6:00:00 p. m.;Lunes;2019;Noviembre;BICICLETA;;Ciclista;20;MASCULINO;HERIDOS;0;0;0;0;TRANSVERSAL 32C SUR CON DIAGONAL 31C;;LAS FLORES;6.175541764022306, -75.58049147718255;CHOQUE;VEHICULO;NO REPORTADO;RESIDENCIAL;Normal;No hacer uso de señales reflectivas o luminosas
2192898;4/11/2019;6:00:00 p. m.;Lunes;2019;Noviembre;MOTOCICLETA;PARTICULAR;Acompañante;28;FEMENINO;HERIDOS;0;0;0;0;TRANSVERSAL 32C SUR CON DIAGONAL 31C;;LAS FLORES;6.175541764022306, -75.58049147718255;CHOQUE;VEHICULO;NO REPORTADO;RESIDENCIAL;Normal;No hacer uso de señales reflectivas o luminosas
2192898;4/11/2019;6:00:00 p. m.;Lunes;2019;Noviembre;MOTOCICLETA;PARTICULAR;Motociclista;29;MASCULINO;HERIDOS;0;0;0;0;TRANSVERSAL 32C SUR CON DIAGONAL 31C;;LAS FLORES;6.175541764022306, -75.58049147718255;CHOQUE;VEHICULO;NO REPORTADO;RESIDENCIAL;Normal;No hacer uso de señales reflectivas o luminosas
2192899;4/11/2019;6:50:00 p. m.;Lunes;2019;Noviembre;MOTOCICLETA;PARTICULAR;Motociclista;21;MASCULINO;HERIDOS;0;0;0;0;CARRERA 48 CON CALLE 40 SUR;;LAS VEGAS;6.170220061034249, -75.59578144973783;CHOQUE;VEHICULO;NO REPORTADO;RESIDENCIAL;Normal;Transitar entre vehiculos
2192900;5/11/2019;12:20:00 p. m.;Martes;2019;Noviembre;MOTOCICLETA;PARTICULAR;Motociclista;35;MASCULINO;HERIDOS;0;0;0;0;CARRERA 43A CON CALLE 25 SUR;;BOSQUES DE ZUÑIGA;6.181527767015737, -75.58125395108142;CHOQUE;VEHICULO;NO REPORTADO;RESIDENCIAL;Normal;Girar bruscamente
2192901;7/11/2019;12:40:00 a. m.;Jueves;2019;Noviembre;AUTOMOVIL;PARTICULAR;Conductor;60;MASCULINO;HERIDOS;0;0;0;;CARRERA 50 CON CALLE 46 SUR;;LAS VEGAS;6.168548, -75.602176;CHOQUE;VEHICULO;NO REPORTADO;RESIDENCIAL;Normal;Embriaguez o droga
2192922;6/11/2019;8:00:00 p. m.;Miércoles;2019;Noviembre;MOTOCICLETA;PARTICULAR;Motociclista;54;MASCULINO;HERIDOS;0;0;0;0;CARRERA 25 CON CALLE 39D SUR 60;;EL SALADO;6.154468998833677, -75.57746447425572;CAIDA OCUPANTE;NO REPORTADO;NO REPORTADO;RESIDENCIAL;Normal;Impericia en el manejo
2192923;8/11/2019;10:30:00 p. m.;Viernes;2019;Noviembre;MOTOCICLETA;PARTICULAR;Motociclista;42;MASCULINO;HERIDOS;0;0;0;0;CARRERA 43A CON CALLE 33B SUR ;;SAN MARCOS;6.1733853258327684, -75.58684957981457;CHOQUE;VEHICULO;NO REPORTADO;RESIDENCIAL;Normal;Desobedecer señales
2192924;8/11/2019;8:15:00 p. m.;Viernes;2019;Noviembre;MOTOCICLETA;PARTICULAR;Acompañante;44;FEMENINO;HERIDOS;0;0;0;0;CARRERA 48 CON CALLE 25AA SUR;;LAS VEGAS;6.184167015367453, -75.58477389903871;CHOQUE;VEHICULO;NO REPORTADO;RESIDENCIAL;Normal;Poner en marcha un vehiculo sin precauci
2192950;10/11/2019;2:00:00 a. m.;Domingo;2019;Noviembre;MOTOCICLETA;PARTICULAR;Motociclista;22;FEMENINO;HERIDOS;0;0;0;0;CARRERA 43A CON CALLE 38 SUR;;ALCALA;6.170469844548444, -75.58864056631975;CHOQUE;VEHICULO;NO REPORTADO;RESIDENCIAL;Normal;Semaforo en rojo
2192958;8/11/2019;9:20:00 p. m.;Viernes;2019;Noviembre;AUTOMOVIL;PARTICULAR;Acompañante;3;FEMENINO;HERIDOS;0;0;0;;CALLE 26B SUR CON CARRERA 42B 80;;LAS ORQUIDEAS;6.177798149941315, -75.58056562331572;CHOQUE;VEHICULO;NO REPORTADO;RESIDENCIAL;Normal;Impericia en el manejo
2192958;8/11/2019;9:20:00 p. m.;Viernes;2019;Noviembre;AUTOMOVIL;PARTICULAR;Conductor;29;MASCULINO;HERIDOS;0;0;0;;CALLE 26B SUR CON CARRERA 42B 80;;LAS ORQUIDEAS;6.177798149941315, -75.58056562331572;CHOQUE;VEHICULO;NO REPORTADO;RESIDENCIAL;Normal;Impericia en el manejo
2192960;9/11/2019;12:00:00 p. m.;Sábado;2019;Noviembre;MOTOCICLETA;PARTICULAR;Motociclista;21;MASCULINO;HERIDOS;0;0;0;0;CALLE 38 SUR CON CARRERA 33;;MESA;6.166266495102538, -75.58213332939772;CHOQUE;VEHICULO;NO REPORTADO;RESIDENCIAL;Normal;Desobedecer señales
2192961;9/11/2019;5:00:00 p. m.;Sábado;2019;Noviembre;MOTOCICLETA;PARTICULAR;Motociclista;23;MASCULINO;HERIDOS;0;0;0;0;CARRERA 43A CON CALLE 45B SUR 118;;LA PAZ;6.164932233301589, -75.59496469995943;CHOQUE;VEHICULO;NO REPORTADO;RESIDENCIAL;Normal;Frenar bruscamente
2192963;12/11/2019;1:00:00 a. m.;Martes;2019;Noviembre;MOTOCICLETA;PARTICULAR;Acompañante;24;FEMENINO;HERIDOS;0;0;0;;CARRERA 48 CON CALLE 43 SUR;;LAS VEGAS;6.169011505286052, -75.59733196877711;CAIDA OCUPANTE;NO REPORTADO;NO REPORTADO;RESIDENCIAL;Normal;Obstaculos en la via
2192963;12/11/2019;1:00:00 a. m.;Martes;2019;Noviembre;MOTOCICLETA;PARTICULAR;Motociclista;32;MASCULINO;HERIDOS;0;0;0;;CARRERA 48 CON CALLE 43 SUR;;LAS VEGAS;6.169011505286052, -75.59733196877711;CAIDA OCUPANTE;NO REPORTADO;NO REPORTADO;RESIDENCIAL;Normal;Obstaculos en la via
2192964;12/11/2019;7:40:00 a. m.;Martes;2019;Noviembre;MOTOCICLETA;PARTICULAR;Motociclista;27;FEMENINO;HERIDOS;0;0;0;0;TRANSVERSAL 33A SUR CON DIAGONAL 32;;LA MAGNOLIA;6.174320092293494, -75.58185251536676;CHOQUE;VEHICULO;NO REPORTADO;RESIDENCIAL;Normal;Desobedecer señales
2192974;7/11/2019;5:20:00 p. m.;Jueves;2019;Noviembre;MOTOCICLETA;PARTICULAR;Motociclista;21;FEMENINO;HERIDOS;0;0;0;0;CALLE 39D SUR CON CARRERA 25-30;;EL SALADO;6.154312812687216, -75.57718844567202;CAIDA OCUPANTE;NO REPORTADO;NO REPORTADO;RESIDENCIAL;Normal;Impericia en el manejo
2192978;12/11/2019;1:20:00 p. m.;Martes;2019;Noviembre;MOTOCICLETA;PARTICULAR;Motociclista;29;MASCULINO;HERIDOS;0;0;0;0;CALLE 38A SUR CON CARRERA 32;;MESA;6.165500563345598, -75.58221513800903;CHOQUE;VEHICULO;NO REPORTADO;RESIDENCIAL;Normal;Desobedecer señales
2192981;13/11/2019;9:42:00 p. m.;Miércoles;2019;Noviembre;MOTOCICLETA;OFICIAL;Motociclista;35;MASCULINO;HERIDOS;0;0;0;0;CARRERA 48 CON CALLE 32B SUR 30;;LAS VEGAS;6.1771312587881235, -75.59004749247258;CHOQUE;VEHICULO;NO REPORTADO;RESIDENCIAL;Normal;No mantener distancia de seguridad
2192993;12/11/2019;6:55:00 a. m.;Martes;2019;Noviembre;MOTOCICLETA;PARTICULAR;Motociclista;22;MASCULINO;HERIDOS;0;0;0;0;DIAGONAL 33 CON TRANSVERSAL 34D SUR;;LOS NARANJOS;6.170816238272569, -75.58320914841137;CHOQUE;VEHICULO;NO REPORTADO;RESIDENCIAL;Normal;Desobedecer señales