NRO_RADICADO;FECHA_ACCIDENTE;HORA_ACCIDENTE;Día de la semana;AÑO;MES;CLASE_VEHICULO;TIPO_SERVICIO;TIPO_VICTIMA;EDAD;GENERO;GRAVEDAD;ESTADO_BEODEZ;ESTADO_DROGA;RESULTADO_BEODEZ;RESUL_BEODEZ_GRAMOS;DIRECCION_CARACT_VIA;TRAMO_VIA;LOCALIDAD_O_COMUNA;    GEORREFERENCIACIÓN;DESC_CLASE_ACCIDENTE;DESC_CHOQUE_ACCIDENTE;DESC_OBJETO_FIJO;DESC_SECTOR_ACCIDENTE;CONDICION_CLIMATICA;CAUSA_ACCIDENTE
2192997;15/11/2019;12:20:00 p. m.;Viernes;2019;Noviembre;MOTOCICLETA;PARTICULAR;Motociclista;61;MASCULINO;HERIDOS;0;0;0;0;CARRERA 50 CON CALLE 43 SUR;;LAS VEGAS;6.171018, -75.600755;CHOQUE;VEHICULO;NO REPORTADO;RESIDENCIAL;Normal;No mantener distancia de seguridad
2192998;15/11/2019;11:55:00 a. m.;Viernes;2019;Noviembre;MOTOCICLETA;PARTICULAR;Motociclista;31;FEMENINO;HERIDOS;0;0;0;0;CALLE 50 SUR CON CARRERA 43A;;LAS CASITAS;6.160362399046098, -75.60207609013182;CHOQUE;VEHICULO;NO REPORTADO;RESIDENCIAL;Normal;Poner en marcha un vehiculo sin precauci
2192999;15/11/2019;4:55:00 p. m.;Viernes;2019;Noviembre;MOTOCICLETA;PARTICULAR;Motociclista;29;MASCULINO;HERIDOS;0;0;0;0;KILOMETRO 12 + 150;retiro varia palmas enviga (km 5+43 - km 14+ 550);VEREDA PALMAS;6.158985795131577, -75.51830498780124;CHOQUE;VEHICULO;NO REPORTADO;NO REPORTADO;Normal;Transitar en contravia
2193003;15/11/2019;7:15:00 p. m.;Viernes;2019;Noviembre;MOTOCICLETA;PARTICULAR;Acompañante;25;FEMENINO;HERIDOS;0;0;0;0;CARRERA 43 CON CALLE 32C SUR 36;;LA MAGNOLIA;6.173620506403622, -75.58548247075342;CAIDA OCUPANTE;NO REPORTADO;NO REPORTADO;RESIDENCIAL;Normal;Impericia en el manejo
2193006;16/11/2019;6:30:00 p. m.;Sábado;2019;Noviembre;MOTOCICLETA;PARTICULAR;Motociclista;41;FEMENINO;HERIDOS;0;0;0;0;KILOMETRO 17 VIA LA ACUARELA ;medell??n palmas envigado (km 12 - km 16+700);VEREDA PALMAS;6.155614178737519, -75.5357971877783;CAIDA OCUPANTE;NO REPORTADO;NO REPORTADO;NO REPORTADO;Normal;Impericia en el manejo
2193013;18/11/2019;9:50:00 a. m.;Lunes;2019;Noviembre;MOTOCICLETA;PARTICULAR;Motociclista;33;MASCULINO;HERIDOS;0;0;0;0;CARRERA 48 CON CALLE 46 SUR 150;;LAS VEGAS;6.1654304594401115, -75.60014866920241;CHOQUE;VEHICULO;NO REPORTADO;RESIDENCIAL;Normal;Transitar entre vehiculos
2193014;14/11/2019;4:10:00 p. m.;Jueves;2019;Noviembre;MICROBUS;PUBLICO;Pasajero;73;FEMENINO;HERIDOS;0;0;0;0;KILOMETRO 17 + 1 VEREDA LA ESPERANZA;la esperanza;VEREDA PALMAS;6.145379544795867, -75.53394953880691;CAIDA OCUPANTE;NO REPORTADO;NO REPORTADO;NO REPORTADO;Normal;Poner en marcha un vehiculo sin precauci
2193015;15/11/2019;7:00:00 p. m.;Viernes;2019;Noviembre;MOTOCICLETA;PARTICULAR;Motociclista;61;MASCULINO;HERIDOS;0;0;0;0;KILOMETRO 12 + 150;retiro varia palmas enviga (km 5+43 - km 14+ 550);VEREDA PALMAS;6.158985795131577, -75.51830498780124;CHOQUE;VEHICULO;NO REPORTADO;NO REPORTADO;Normal;No mantener distancia de seguridad
2193018;16/11/2019;2:30:00 p. m.;Sábado;2019;Noviembre;MOTOCICLETA;PARTICULAR;Motociclista;49;MASCULINO;HERIDOS;0;0;0;;CARRERA 40 CON CALLE 37 SUR 54;;ZONA CENTRO;6.169146101010792, -75.58565732938345;CHOQUE;VEHICULO;NO REPORTADO;RESIDENCIAL;Normal;Impericia en el manejo
2193023;18/11/2019;7:00:00 p. m.;Lunes;2019;Noviembre;MOTOCICLETA;PARTICULAR;Motociclista;27;FEMENINO;HERIDOS;0;0;0;0;CALLE 37 SUR CON CARRERA 32;;MESA;6.167184065087185, -75.58096362876152;CHOQUE;VEHICULO;NO REPORTADO;RESIDENCIAL;Normal;Desobedecer señales
2193034;18/11/2019;12:15:00 p. m.;Lunes;2019;Noviembre;MOTOCICLETA;DIPLOMATICO;Motociclista;36;MASCULINO;HERIDOS;0;0;0;0;CARRERA 48 CON CALLE 43 SUR;;LAS VEGAS;6.168499595111275, -75.5973862055626;CHOQUE;VEHICULO;NO REPORTADO;RESIDENCIAL;Normal;Adelantar por la derecha
2193040;18/11/2019;7:20:00 p. m.;Lunes;2019;Noviembre;MOTOCICLETA;PARTICULAR;Acompañante;28;FEMENINO;HERIDOS;0;0;0;;CARRERA 49 CON CALLE 29 SUR 16;;LAS VEGAS;6.182414, -75.589106;CAIDA OCUPANTE;NO REPORTADO;NO REPORTADO;RESIDENCIAL;Normal;Impericia en el manejo
2193041;19/11/2019;12:15:00 p. m.;Martes;2019;Noviembre;MOTOCICLETA;PARTICULAR;Motociclista;23;MASCULINO;HERIDOS;0;0;0;0;CARRERA 48 CON CALLE 20 SUR 05;;LAS VEGAS;6.183732172860713, -75.58541386088093;CHOQUE;VEHICULO;NO REPORTADO;RESIDENCIAL;Normal;No mantener distancia de seguridad
2193042;19/11/2019;8:41:00 a. m.;Martes;2019;Noviembre;MOTOCICLETA;PARTICULAR;Motociclista;19;MASCULINO;MUERTOS;0;0;0;;KILOMETRO 13 + 320;retiro varia palmas enviga (km 5+43 - km 14+ 550);VEREDA PALMAS;6.159375, -75.528810;CHOQUE;VEHICULO;NO REPORTADO;NO REPORTADO;Normal;No mantener distancia de seguridad
2193046;19/11/2019;1:25:00 p. m.;Martes;2019;Noviembre;MOTOCICLETA;PARTICULAR;Motociclista;38;FEMENINO;HERIDOS;0;0;0;0;CALLE 39 SUR CON CARRERA 35;;MESA;6.165895063474942, -75.58401141896745;CHOQUE;VEHICULO;NO REPORTADO;RESIDENCIAL;Normal;Desobedecer señales
2193046;19/11/2019;1:25:00 p. m.;Martes;2019;Noviembre;MOTOCICLETA;PARTICULAR;Acompañante;11;MASCULINO;HERIDOS;0;0;0;0;CALLE 39 SUR CON CARRERA 35;;MESA;6.165895063474942, -75.58401141896745;CHOQUE;VEHICULO;NO REPORTADO;RESIDENCIAL;Normal;Desobedecer señales
2193048;17/11/2019;11:20:00 a. m.;Domingo;2019;Noviembre;MOTOCICLETA;PARTICULAR;Motociclista;24;MASCULINO;HERIDOS;0;0;0;0;TRANSVERSAL 32C SUR CON DIAGONAL 32B;;LA MAGNOLIA;6.175051791939092, -75.5830354325523;CHOQUE;VEHICULO;NO REPORTADO;RESIDENCIAL;Normal;Desobedecer señales
2193064;23/11/2019;12:00:00 a. m.;Sábado;2019;Noviembre;MOTOCICLETA;PARTICULAR;Motociclista;20;MASCULINO;HERIDOS;0;0;0;0;CARRERA 29A CON CALLE 37 SUR;;MESA;6.166091895033161, -75.58002266129611;CHOQUE;VEHICULO;NO REPORTADO;RESIDENCIAL;Normal;Impericia en el manejo  -  No mantener distancia de seguridad
2193064;23/11/2019;12:00:00 a. m.;Sábado;2019;Noviembre;MOTOCICLETA;PARTICULAR;Acompañante;38;MASCULINO;HERIDOS;0;0;0;0;CARRERA 29A CON CALLE 37 SUR;;MESA;6.166091895033161, -75.58002266129611;CHOQUE;VEHICULO;NO REPORTADO;RESIDENCIAL;Normal;Impericia en el manejo  -  No mantener distancia de seguridad
2193064;23/11/2019;12:00:00 a. m.;Sábado;2019;Noviembre;MOTOCICLETA;PARTICULAR;Motociclista;29;FEMENINO;HERIDOS;0;0;0;0;CARRERA 29A CON CALLE 37 SUR;;MESA;6.166091895033161, -75.58002266129611;CHOQUE;VEHICULO;NO REPORTADO;RESIDENCIAL;Normal;Impericia en el manejo  -  No mantener distancia de seguridad
2193067;23/11/2019;6:05:00 p. m.;Sábado;2019;Noviembre;MOTOCICLETA;PARTICULAR;Motociclista;50;MASCULINO;HERIDOS;0;0;0;0;DIAGONAL 31 CON TRANSVERSAL 34D SUR;;LA SEBASTIANA;6.171984862873536, -75.57932728051946;CHOQUE;VEHICULO;NO REPORTADO;RESIDENCIAL;Normal;Desobedecer señales
2193069;22/11/2019;5:20:00 p. m.;Viernes;2019;Noviembre;MOTOCICLETA;PARTICULAR;Motociclista;41;MASCULINO;HERIDOS;0;0;0;0;DIAGONAL 33 CON TRANSVERSAL 34A SUR;;OBRERO;6.172374060013004, -75.5837415343977;CHOQUE;VEHICULO;NO REPORTADO;RESIDENCIAL;Normal;Desobedecer señales
2193100;27/11/2019;4:15:00 p. m.;Miércoles;2019;Noviembre;BICICLETA;;Ciclista;16;MASCULINO;HERIDOS;0;0;0;0;KILOMETRO 3+200;el escobero - km 0-13);VEREDA EL ESCOBERO;6.134695220441028, -75.55429904857374;CHOQUE;VEHICULO;NO REPORTADO;NO REPORTADO;Normal;Impericia en el manejo
2193101;27/11/2019;3:30:00 p. m.;Miércoles;2019;Noviembre;MOTOCICLETA;PARTICULAR;Acompañante;28;FEMENINO;HERIDOS;0;0;0;0;KILOMETRO 8;el escobero - km 0-13);VEREDA EL ESCOBERO;6.125262088095403, -75.5354119889815;CAIDA OCUPANTE;NO REPORTADO;NO REPORTADO;NO REPORTADO;Normal;Impericia en el manejo
2193102;26/11/2019;9:30:00 a. m.;Martes;2019;Noviembre;MOTOCICLETA;PARTICULAR;Motociclista;27;FEMENINO;MUERTOS;0;0;0;0;CARRERA 50 CON CALLE 37 SUR;;LAS VEGAS;6.175570, -75.594723;CHOQUE;VEHICULO;NO REPORTADO;RESIDENCIAL;Normal;Transitar entre vehiculos
2193104;26/11/2019;12:48:00 p. m.;Martes;2019;Noviembre;MOTOCICLETA;PARTICULAR;Motociclista;22;MASCULINO;HERIDOS;0;0;0;0;CARRERA 50 CON CALLE 30A SUR;;LAS VEGAS;6.179731, -75.591054;CHOQUE;VEHICULO;NO REPORTADO;RESIDENCIAL;Normal;No mantener distancia de seguridad
2193106;27/11/2019;8:35:00 a. m.;Miércoles;2019;Noviembre;MOTOCICLETA;PARTICULAR;Motociclista;22;MASCULINO;HERIDOS;0;0;0;0;CALLE 25 SUR CON CARRERA 43A;;BOSQUES DE ZUÑIGA;6.18153009339727, -75.58124285744947;CHOQUE;VEHICULO;NO REPORTADO;RESIDENCIAL;Normal;No mantener distancia de seguridad
2193113;23/11/2019;10:40:00 a. m.;Sábado;2019;Noviembre;MOTOCICLETA;PARTICULAR;Motociclista;35;MASCULINO;HERIDOS;0;0;0;0;CARRERA 50 CON CALLE 37 SUR;;LAS VEGAS;6.175135, -75.595369;CHOQUE;VEHICULO;NO REPORTADO;RESIDENCIAL;Normal;Impericia en el manejo
2193114;28/11/2019;7:30:00 a. m.;Jueves;2019;Noviembre;MOTOCICLETA;PARTICULAR;Motociclista;27;FEMENINO;HERIDOS;0;0;0;0;CARRERA 50 CON CALLE 25 SUR;;LAS VEGAS;6.186957, -75.584471;CAIDA OCUPANTE;NO REPORTADO;NO REPORTADO;RESIDENCIAL;Normal;Transitar distante de la acera u orilla 
2193115;28/11/2019;6:55:00 a. m.;Jueves;2019;Noviembre;MICROBUS;PUBLICO;Peaton;57;MASCULINO;MUERTOS;0;0;0;0;CALLE 36 SUR CON CARRERA 23 ;;VEREDA SANTA CATALINA;6.167448, -75.560963;ATROPELLO;NO REPORTADO;NO REPORTADO;RESIDENCIAL;Normal;Cruzar sin observar  -  Exceso de velocidad
2193116;28/11/2019;2:42:00 p. m.;Jueves;2019;Noviembre;BUS;PUBLICO;Pasajero;87;MASCULINO;HERIDOS;0;0;0;0;CALLE 38 SUR CON CARRERA 43;;ZONA CENTRO;6.170782102692692, -75.58830426631494;CAIDA OCUPANTE;NO REPORTADO;NO REPORTADO;RESIDENCIAL;Normal;Arrancar sin precaucion
2193117;27/11/2019;4:10:00 p. m.;Miércoles;2019;Noviembre;MOTOCICLETA;PARTICULAR;Motociclista;24;MASCULINO;HERIDOS;0;0;0;0;CARRERA 48 CON CALLE 46C SUR 86;;LAS VEGAS;6.1829763500629005, -75.58644369300119;CHOQUE;VEHICULO;NO REPORTADO;RESIDENCIAL;Normal;Impericia en el manejo  -  Transitar entre vehiculos
2193124;29/11/2019;6:37:00 a. m.;Viernes;2019;Noviembre;BICICLETA;;Ciclista;40;MASCULINO;HERIDOS;0;0;0;0;CARRERA 43A CON CALLE 39 SUR24;;ALCALA;6.169272088886051, -75.58957172804259;CHOQUE;VEHICULO;NO REPORTADO;RESIDENCIAL;Normal;Impericia en el manejo  -  No mantener distancia de seguridad
2193125;27/11/2019;11:00:00 a. m.;Miércoles;2019;Noviembre;AUTOMOVIL;PARTICULAR;Acompañante;62;FEMENINO;HERIDOS;0;0;0;;CALLE 41AA SUR CON CARRERA 28-08;;SAN RAFAEL;6.158424466131587, -75.58439764965263;CHOQUE;VEHICULO;NO REPORTADO;RESIDENCIAL;Normal;Impericia en el manejo
2193125;27/11/2019;11:00:00 a. m.;Miércoles;2019;Noviembre;AUTOMOVIL;PARTICULAR;Acompañante;64;FEMENINO;HERIDOS;0;0;0;;CALLE 41AA SUR CON CARRERA 28-08;;SAN RAFAEL;6.158424466131587, -75.58439764965263;CHOQUE;VEHICULO;NO REPORTADO;RESIDENCIAL;Normal;Impericia en el manejo
2193125;27/11/2019;11:00:00 a. m.;Miércoles;2019;Noviembre;AUTOMOVIL;PARTICULAR;Acompañante;62;FEMENINO;HERIDOS;0;0;0;;CALLE 41AA SUR CON CARRERA 28-08;;SAN RAFAEL;6.158424466131587, -75.58439764965263;CHOQUE;VEHICULO;NO REPORTADO;RESIDENCIAL;Normal;Impericia en el manejo
2193126;30/11/2019;10:30:00 p. m.;Sábado;2019;Noviembre;MOTOCICLETA;PARTICULAR;Motociclista;38;MASCULINO;HERIDOS;0;0;0;0;CARRERA 48 CON CALLE 25AA SUR;;LAS VEGAS;6.184167015367453, -75.58477389903871;CHOQUE;VEHICULO;NO REPORTADO;RESIDENCIAL;Normal;No mantener distancia de seguridad
2193128;30/11/2019;2:00:00 p. m.;Sábado;2019;Noviembre;MOTOCICLETA;PARTICULAR;Motociclista;26;MASCULINO;HERIDOS;0;0;0;0;CARRERA 48 CON CALLE 39 SUR;;LAS VEGAS;6.172806932535667, -75.59375194356518;CHOQUE;VEHICULO;NO REPORTADO;RESIDENCIAL;Normal;Desobedecer señales
2193128;30/11/2019;2:00:00 p. m.;Sábado;2019;Noviembre;MOTOCICLETA;PARTICULAR;Acompañante;22;MASCULINO;HERIDOS;0;0;0;0;CARRERA 48 CON CALLE 39 SUR;;LAS VEGAS;6.172806932535667, -75.59375194356518;CHOQUE;VEHICULO;NO REPORTADO;RESIDENCIAL;Normal;Desobedecer señales
2193128;30/11/2019;2:00:00 p. m.;Sábado;2019;Noviembre;MOTOCICLETA;PARTICULAR;Acompañante;24;FEMENINO;HERIDOS;0;0;0;0;CARRERA 48 CON CALLE 39 SUR;;LAS VEGAS;6.172806932535667, -75.59375194356518;CHOQUE;VEHICULO;NO REPORTADO;RESIDENCIAL;Normal;Desobedecer señales
2193131;29/11/2019;1:10:00 p. m.;Viernes;2019;Noviembre;MOTOCICLETA;PARTICULAR;Motociclista;25;FEMENINO;HERIDOS;0;0;0;0;CALLE 21 SUR CON CARRERA 41;;ZUÑIGA;6.182010141130427, -75.57679004066085;CHOQUE;VEHICULO;NO REPORTADO;RESIDENCIAL;Normal;No mantener distancia de seguridad
2193133;1/12/2019;10:40:00 a. m.;Domingo;2019;Diciembre;MOTOCICLETA;PARTICULAR;Motociclista;54;MASCULINO;HERIDOS;0;0;0;0;CARRERA 48 CON CALLE 35 SUR 40;;LAS VEGAS;6.175726829095893, -75.59152530493927;CAIDA OCUPANTE;NO REPORTADO;NO REPORTADO;RESIDENCIAL;Normal;Fallas en las llantas
2193137;1/12/2019;4:00:00 p. m.;Domingo;2019;Diciembre;MOTOCICLETA;PARTICULAR;Motociclista;42;MASCULINO;HERIDOS;0;0;0;0;CARRERA 27A CON CALLE 36D SUR;;LA PRADERA;6.163344565397259, -75.57157351341897;CHOQUE;VEHICULO;NO REPORTADO;RESIDENCIAL;Normal;Adelantar invadiendo carril de sentido contrario
2193152;1/12/2019;5:00:00 a. m.;Domingo;2019;Diciembre;CAMIONETA;PARTICULAR;Conductor;28;FEMENINO;HERIDOS;0;0;0;;CALLE 39 SUR CON CARRERA 40;;ZONA CENTRO;6.16757886229845, -75.58675951896743;CHOQUE;VEHICULO;NO REPORTADO;RESIDENCIAL;Normal;Desobedecer señales
2193169;30/11/2019;12:15:00 p. m.;Sábado;2019;Noviembre;MOTOCICLETA;PARTICULAR;Motociclista;46;MASCULINO;HERIDOS;0;0;0;0;CARRERA 48 CON CALLE 25B SUR 05;;LAS VEGAS;6.182928150771523, -75.58576939941887;CHOQUE;VEHICULO;NO REPORTADO;RESIDENCIAL;Normal;No mantener distancia de seguridad
2193171;3/12/2019;5:15:00 p. m.;Martes;2019;Diciembre;MOTOCICLETA;PARTICULAR;Motociclista;27;MASCULINO;HERIDOS;0;0;0;0;CALLE 37 SUR CON CARRERA 28C;;LA PRADERA;6.165891596047216, -75.57875440547441;CHOQUE;VEHICULO;NO REPORTADO;RESIDENCIAL;Normal;No mantener distancia de seguridad
2193175;3/12/2019;6:10:00 p. m.;Martes;2019;Diciembre;MOTOCICLETA;PARTICULAR;Peaton;45;FEMENINO;HERIDOS;0;0;0;;CALLE 25 SUR CON CARRERA 43A;;BOSQUES DE ZUÑIGA;6.182206754288853, -75.58100733615777;ATROPELLO;NO REPORTADO;NO REPORTADO;RESIDENCIAL;Normal;Cruzar sin observar
2193176;1/12/2019;8:34:00 p. m.;Domingo;2019;Diciembre;MOTOCICLETA;PARTICULAR;Acompañante;36;FEMENINO;HERIDOS;0;0;0;0;KILOMETRO 20+500;retiro varia palmas enviga (km 5+43 - km 14+ 550);VEREDA PALMAS;6.139939473238174, -75.52092389804851;CHOQUE;VEHICULO;NO REPORTADO;NO REPORTADO;Normal;Desobedecer señales
2193176;1/12/2019;8:34:00 p. m.;Domingo;2019;Diciembre;MOTOCICLETA;PARTICULAR;Motociclista;31;MASCULINO;HERIDOS;0;0;0;0;KILOMETRO 20+500;retiro varia palmas enviga (km 5+43 - km 14+ 550);VEREDA PALMAS;6.139939473238174, -75.52092389804851;CHOQUE;VEHICULO;NO REPORTADO;NO REPORTADO;Normal;Desobedecer señales
2193177;3/12/2019;7:25:00 a. m.;Martes;2019;Diciembre;MOTOCICLETA;PARTICULAR;Acompañante;56;MASCULINO;HERIDOS;0;0;0;0;CARRERA 48 CON CALLE 39 SUR;;LAS VEGAS;6.1724656002262, -75.59353736684676;CAIDA OCUPANTE;NO REPORTADO;NO REPORTADO;RESIDENCIAL;Normal;Fallas en las llantas
2193177;3/12/2019;7:25:00 a. m.;Martes;2019;Diciembre;MOTOCICLETA;PARTICULAR;Motociclista;36;MASCULINO;HERIDOS;0;0;0;0;CARRERA 48 CON CALLE 39 SUR;;LAS VEGAS;6.1724656002262, -75.59353736684676;CAIDA OCUPANTE;NO REPORTADO;NO REPORTADO;RESIDENCIAL;Normal;Fallas en las llantas
2193184;4/12/2019;5:40:00 p. m.;Miércoles;2019;Diciembre;MOTOCICLETA;PARTICULAR;Peaton;87;MASCULINO;HERIDOS;0;0;0;0;TRANSVERSAL 34D SUR CON DIAGONAL 31E;;OBRERO;6.17192700805297, -75.58039431274938;ATROPELLO;NO REPORTADO;NO REPORTADO;RESIDENCIAL;Normal;Pasar semaforo en rojo
2193185;3/12/2019;12:30:00 p. m.;Martes;2019;Diciembre;MOTOCICLETA;PARTICULAR;Motociclista;37;MASCULINO;HERIDOS;0;0;0;0;CALLE 38 SUR CON CARRERA 46-43;;ALCALA;6.172140961260797, -75.5917877093337;CHOQUE;VEHICULO;NO REPORTADO;RESIDENCIAL;Normal;Adelantar por la derecha
2193186;4/12/2019;2:50:00 p. m.;Miércoles;2019;Diciembre;MOTOCICLETA;PARTICULAR;Motociclista;21;MASCULINO;HERIDOS;0;0;0;0;CARRERA 50 CON CALLE 25A SUR;;LAS VEGAS;6.186597, -75.584900;CHOQUE;VEHICULO;NO REPORTADO;RESIDENCIAL;Normal;Adelantar cerrando
2193186;4/12/2019;2:50:00 p. m.;Miércoles;2019;Diciembre;MOTOCICLETA;PARTICULAR;Acompañante;20;MASCULINO;HERIDOS;0;0;0;0;CARRERA 50 CON CALLE 25A SUR;;LAS VEGAS;6.186597, -75.584900;CHOQUE;VEHICULO;NO REPORTADO;RESIDENCIAL;Normal;Adelantar cerrando
2193202;6/12/2019;7:15:00 p. m.;Viernes;2019;Diciembre;AUTOMOVIL;PARTICULAR;Acompañante;31;MASCULINO;HERIDOS;0;0;0;0;CALLE 36D SUR CON CARRERA 27D 29;;LA PRADERA;6.165464441792914, -75.57419442081664;CHOQUE;OBJETO FIJO;POSTE;RESIDENCIAL;Normal;Impericia en el manejo
2193206;6/12/2019;11:45:00 a. m.;Viernes;2019;Diciembre;AUTOMOVIL;PARTICULAR;Peaton;49;MASCULINO;HERIDOS;0;0;0;0;CARRERA 48 CON CALLE 30 SUR 48;;LAS VEGAS;6.179970821249809, -75.58905316631352;ATROPELLO;NO REPORTADO;NO REPORTADO;RESIDENCIAL;Normal;Cruzar sin observar
2193226;6/12/2019;6:30:00 p. m.;Viernes;2019;Diciembre;BICICLETA;;Ciclista;32;MASCULINO;HERIDOS;0;0;0;0;CALLE 39D SUR CON CARRERA 24D-02;;EL SALADO;6.169513638262702, -75.59207494356573;ATROPELLO;NO REPORTADO;NO REPORTADO;RESIDENCIAL;Normal;Cruzar sin observar
2193226;6/12/2019;6:30:00 p. m.;Viernes;2019;Diciembre;BICICLETA;;Peaton;56;FEMENINO;HERIDOS;0;0;0;0;CALLE 39D SUR CON CARRERA 24D-02;;EL SALADO;6.169513638262702, -75.59207494356573;ATROPELLO;NO REPORTADO;NO REPORTADO;RESIDENCIAL;Normal;Cruzar sin observar
2193227;9/12/2019;11:20:00 p. m.;Lunes;2019;Diciembre;MOTOCICLETA;PARTICULAR;Acompañante;24;FEMENINO;HERIDOS;0;0;0;0;KILOMETRO 14+800;retiro varia palmas enviga (km 5+43 - km 14+ 550);VEREDA PALMAS;6.153605922017958, -75.53300882398263;CAIDA OCUPANTE;NO REPORTADO;NO REPORTADO;NO REPORTADO;Normal;Ausencia parcial o total de se?ales
2193235;9/12/2019;7:50:00 a. m.;Lunes;2019;Diciembre;MOTOCICLETA;PARTICULAR;Acompañante;26;FEMENINO;HERIDOS;0;0;0;0;CARRERA 50 CON CALLE 37 SUR;;LAS VEGAS;6.175135, -75.595369;CHOQUE;VEHICULO;NO REPORTADO;RESIDENCIAL;Normal;Otra-Conductor
2193237;8/12/2019;11:10:00 a. m.;Domingo;2019;Diciembre;CAMION;OFICIAL;Acompañante;34;MASCULINO;HERIDOS;0;0;0;0;CALLE 40C SUR CON CARRERA 29C 23;;LA MINA;6.161675211186572, -75.58307952081758;CHOQUE;OBJETO FIJO;VEHICULO ESTACIONADO;RESIDENCIAL;Normal;Otra-Pasajero-Acompañante
2193238;9/12/2019;7:10:00 p. m.;Lunes;2019;Diciembre;AUTOMOVIL;PARTICULAR;Acompañante;19;MASCULINO;HERIDOS;0;0;0;0;CARRERA 50 CON CALLE 30 SUR;;LAS VEGAS;6.180427, -75.590467;CHOQUE;VEHICULO;NO REPORTADO;RESIDENCIAL;Normal;Ausencia o deficencia en demarcacion  -  No mantener distancia de seguridad
2193240;7/12/2019;12:45:00 a. m.;Sábado;2019;Diciembre;MOTOCICLETA;PARTICULAR;Acompañante;20;FEMENINO;HERIDOS;0;0;0;0;CARRERA 27 CON CALLE 36 SUR 35;;LA INMACULADA;6.167843106996957, -75.5693839282222;CAIDA OCUPANTE;NO REPORTADO;NO REPORTADO;RESIDENCIAL;Normal;Impericia en el manejo
2193241;9/12/2019;12:55:00 p. m.;Lunes;2019;Diciembre;MOTOCICLETA;PARTICULAR;Motociclista;20;MASCULINO;HERIDOS;0;0;0;;CARRERA 50 CON CALLE 36 SUR;;LAS VEGAS;6.176858, -75.593221;CHOQUE;VEHICULO;NO REPORTADO;RESIDENCIAL;Normal;Impericia en el manejo
2193242;9/12/2019;8:50:00 a. m.;Lunes;2019;Diciembre;MOTOCICLETA;PARTICULAR;Motociclista;19;MASCULINO;HERIDOS;0;0;0;0;CARRERA 43A CON CALLE 39 SUR;;ALCALA;6.169272088886051, -75.58957172804259;CHOQUE;VEHICULO;NO REPORTADO;RESIDENCIAL;Normal;Impericia en el manejo
2193247;10/12/2019;2:15:00 p. m.;Martes;2019;Diciembre;BICICLETA;;Peaton;33;MASCULINO;HERIDOS;0;0;0;0;CARRERA 42B CON CALLE 45 SUR;;LA PAZ;6.164491946422398, -75.59332107425396;ATROPELLO;NO REPORTADO;NO REPORTADO;RESIDENCIAL;Normal;Otra-Peaton
2193247;10/12/2019;2:15:00 p. m.;Martes;2019;Diciembre;BICICLETA;;Ciclista;21;MASCULINO;HERIDOS;0;0;0;0;CARRERA 42B CON CALLE 45 SUR;;LA PAZ;6.164491946422398, -75.59332107425396;ATROPELLO;NO REPORTADO;NO REPORTADO;RESIDENCIAL;Normal;Otra-Peaton
2193248;10/12/2019;4:15:00 p. m.;Martes;2019;Diciembre;MOTOCICLETA;PARTICULAR;Motociclista;21;MASCULINO;HERIDOS;0;0;0;0;CARRERA 48 CON CALLE 40 SUR;;LAS VEGAS;6.170220061034249, -75.59578144973783;CHOQUE;VEHICULO;NO REPORTADO;RESIDENCIAL;Lluvia;Falta de precaucion niebla, lluvia, humo
2193249;11/12/2019;6:20:00 p. m.;Miércoles;2019;Diciembre;MOTOCICLETA;PARTICULAR;Acompañante;54;FEMENINO;HERIDOS;0;0;0;0;CALLE 39D SUR CON CARRERA 24D-12;;EL CHINGUÍ;6.147609001202883, -75.5757039892314;CHOQUE;VEHICULO;NO REPORTADO;RESIDENCIAL;Normal;Girar bruscamente
2193271;12/12/2019;12:40:00 p. m.;Jueves;2019;Diciembre;AUTOMOVIL;PARTICULAR;Peaton;67;FEMENINO;HERIDOS;0;0;0;0;CALLE 40 SUR CON CARRERA 40-03;;EL DORADO;6.1668342731758035, -75.58739333616028;ATROPELLO;NO REPORTADO;NO REPORTADO;RESIDENCIAL;Normal;Girar bruscamente  -  No respetar pelacion de interseccion o giros
2193272;11/12/2019;7:00:00 a. m.;Miércoles;2019;Diciembre;MOTOCICLETA;PARTICULAR;Motociclista;27;FEMENINO;HERIDOS;0;0;0;0;DIAGONAL 31 CON CALLE 37 SUR;;LA PRADERA;6.1659299055643295, -75.58026839273028;CHOQUE;VEHICULO;NO REPORTADO;RESIDENCIAL;Normal;Adelantar cerrando
2193273;12/12/2019;2:10:00 p. m.;Jueves;2019;Diciembre;MOTOCICLETA;PARTICULAR;Acompañante;51;MASCULINO;HERIDOS;0;0;0;;CALLE 30 SUR CON CARRERA 44A 70;;JARDINES;6.178061959701106, -75.58600990493916;CAIDA OCUPANTE;NO REPORTADO;NO REPORTADO;RESIDENCIAL;Normal;Impericia en el manejo
2193274;12/12/2019;4:30:00 a. m.;Jueves;2019;Diciembre;MOTOCICLETA;PARTICULAR;Motociclista;52;MASCULINO;HERIDOS;0;0;0;0;CARRERA 50 CON CALLE 30 SUR;;LAS VEGAS;6.180427, -75.590467;CAIDA OCUPANTE;NO REPORTADO;NO REPORTADO;RESIDENCIAL;Normal;Otra-Conductor