NRO_RADICADO;FECHA_ACCIDENTE;HORA_ACCIDENTE;Día de la semana;AÑO;MES;CLASE_VEHICULO;TIPO_SERVICIO;TIPO_VICTIMA;EDAD;GENERO;GRAVEDAD;ESTADO_BEODEZ;ESTADO_DROGA;RESULTADO_BEODEZ;RESUL_BEODEZ_GRAMOS;DIRECCION_CARACT_VIA;TRAMO_VIA;LOCALIDAD_O_COMUNA;    GEORREFERENCIACIÓN;DESC_CLASE_ACCIDENTE;DESC_CHOQUE_ACCIDENTE;DESC_OBJETO_FIJO;DESC_SECTOR_ACCIDENTE;CONDICION_CLIMATICA;CAUSA_ACCIDENTE
2193275;12/12/2019;8:15:00 p. m.;Jueves;2019;Diciembre;MOTOCICLETA;PARTICULAR;Motociclista;42;FEMENINO;HERIDOS;0;0;0;;CALLE 38 SUR CON CARRERA 44;;ZONA CENTRO;6.170805160642463, -75.58902469198128;CAIDA OCUPANTE;NO REPORTADO;NO REPORTADO;RESIDENCIAL;Lluvia;Superficie humeda
2193275;12/12/2019;8:15:00 p. m.;Jueves;2019;Diciembre;MOTOCICLETA;PARTICULAR;Acompañante;24;MASCULINO;HERIDOS;0;0;0;;CALLE 38 SUR CON CARRERA 44;;ZONA CENTRO;6.170805160642463, -75.58902469198128;CAIDA OCUPANTE;NO REPORTADO;NO REPORTADO;RESIDENCIAL;Lluvia;Superficie humeda
2193277;14/12/2019;8:00:00 p. m.;Sábado;2019;Diciembre;BUS;PUBLICO;Pasajero;52;FEMENINO;HERIDOS;0;0;0;0;CALLE 39 SUR CON CARRERA 30;;SAN JOSE;6.164801978681917, -75.58161677425403;CAIDA OCUPANTE;NO REPORTADO;NO REPORTADO;RESIDENCIAL;Normal;Arrancar sin precaucion
2193278;14/12/2019;2:15:00 a. m.;Sábado;2019;Diciembre;MOTOCICLETA;PARTICULAR;Motociclista;31;MASCULINO;HERIDOS;0;0;0;0;CARRERA 27A CON CALLE 37B SUR;;LOMA DE LAS BRUJAS;6.160251930518763, -75.57366222472204;CAIDA OCUPANTE;NO REPORTADO;NO REPORTADO;RESIDENCIAL;Normal;Impericia en el manejo
2193280;12/12/2019;12:35:00 p. m.;Jueves;2019;Diciembre;MOTOCICLETA;PARTICULAR;Motociclista;25;MASCULINO;HERIDOS;0;0;0;0;CARRERA 43A CON CALLE 45 SUR 38;;LA PAZ;6.165154533275487, -75.59449719995919;CHOQUE;VEHICULO;NO REPORTADO;RESIDENCIAL;Normal;Girar bruscamente
2193283;13/12/2019;3:45:00 p. m.;Viernes;2019;Diciembre;MOTOCICLETA;PARTICULAR;Peaton;59;FEMENINO;HERIDOS;0;0;0;0;CALLE 36D SUR CON CARRERA 27A 105;;LA PRADERA;6.163241183887448, -75.57186224381456;ATROPELLO;NO REPORTADO;NO REPORTADO;RESIDENCIAL;Normal;Transitar entre vehiculos
2193285;13/12/2019;10:00:00 p. m.;Viernes;2019;Diciembre;MOTOCICLETA;PARTICULAR;Motociclista;24;MASCULINO;HERIDOS;0;0;0;0;CARRERA 40 CON CALLE 48 SUR;;EL TRIANON;6.158981966627643, -75.59469556314572;CHOQUE;VEHICULO;NO REPORTADO;RESIDENCIAL;Normal;Desobedecer señales
2193286;13/12/2019;8:50:00 a. m.;Viernes;2019;Diciembre;MOTOCICLETA;OFICIAL;Motociclista;25;MASCULINO;HERIDOS;0;0;0;0;DIAGONAL 31 CON TRANSVERSAL 36A SUR;;LA SEBASTIANA;6.168060057533523, -75.58035079464064;CHOQUE;VEHICULO;NO REPORTADO;RESIDENCIAL;Normal;No mantener distancia de seguridad
2193290;14/12/2019;2:00:00 p. m.;Sábado;2019;Diciembre;MOTOCICLETA;OFICIAL;Peaton;67;FEMENINO;HERIDOS;0;0;0;0;DIAGONAL 40 CON CALLE 34B SUR 21;;OBRERO;6.171109564631234, -75.58479574783588;ATROPELLO;NO REPORTADO;NO REPORTADO;RESIDENCIAL;Normal;Cruzar sin observar  -  Impericia en el manejo
2193294;14/12/2019;12:15:00 p. m.;Sábado;2019;Diciembre;BICICLETA;;Ciclista;20;MASCULINO;HERIDOS;0;0;0;0;CALLE 40F SUR CON CARRERA 36B 93;;MESA;6.164007130032185, -75.5862910766388;CHOQUE;VEHICULO;NO REPORTADO;RESIDENCIAL;Normal;Girar bruscamente
2193295;15/12/2019;2:20:00 p. m.;Domingo;2019;Diciembre;MOTOCICLETA;OFICIAL;Motociclista;27;MASCULINO;HERIDOS;0;0;0;0;CARRERA 39 CON CALLE 38A SUR;;MESA;6.1678569619505765, -75.5856200324605;CHOQUE;VEHICULO;NO REPORTADO;RESIDENCIAL;Normal;Desobedecer al agente  -  Embriaguez o droga
2193296;14/12/2019;2:40:00 p. m.;Sábado;2019;Diciembre;MOTOCICLETA;PARTICULAR;Acompañante;17;FEMENINO;HERIDOS;0;0;0;0;CARRERA 48 CON CALLE 50 SUR;;LAS VEGAS;6.162072458716961, -75.60353659646475;CAIDA OCUPANTE;NO REPORTADO;NO REPORTADO;RESIDENCIAL;Normal;Impericia en el manejo
2193296;14/12/2019;2:40:00 p. m.;Sábado;2019;Diciembre;MOTOCICLETA;PARTICULAR;Motociclista;36;FEMENINO;HERIDOS;0;0;0;0;CARRERA 48 CON CALLE 50 SUR;;LAS VEGAS;6.162072458716961, -75.60353659646475;CAIDA OCUPANTE;NO REPORTADO;NO REPORTADO;RESIDENCIAL;Normal;Impericia en el manejo
2193302;12/12/2019;6:40:00 p. m.;Jueves;2019;Diciembre;MOTOCICLETA;PARTICULAR;Motociclista;44;MASCULINO;HERIDOS;0;0;0;;CARRERA 50 CON CALLE 32B SUR;;LAS VEGAS;6.178263, -75.591897;CAIDA OCUPANTE;NO REPORTADO;NO REPORTADO;RESIDENCIAL;Normal;Impericia en el manejo
2193303;12/12/2019;9:00:00 a. m.;Jueves;2019;Diciembre;MOTOCICLETA;PARTICULAR;Motociclista;49;FEMENINO;HERIDOS;0;0;0;0;CALLE 37 SUR CON CARRERA 34-28;;MESA;6.165898397026032, -75.57823864595349;CHOQUE;VEHICULO;NO REPORTADO;RESIDENCIAL;Normal;Arrancar sin precaucion
2193304;16/12/2019;11:20:00 a. m.;Lunes;2019;Diciembre;AUTOMOVIL;PUBLICO;Pasajero;31;MASCULINO;HERIDOS;0;0;0;0;CALLE 37 SUR CON CARRERA 32;;LOS NARANJOS;6.166842729156528, -75.58106018828231;CHOQUE;VEHICULO;NO REPORTADO;RESIDENCIAL;Normal;No respetar pelacion de interseccion o giros
2193304;16/12/2019;11:20:00 a. m.;Lunes;2019;Diciembre;AUTOMOVIL;PUBLICO;Pasajero;63;FEMENINO;HERIDOS;0;0;0;0;CALLE 37 SUR CON CARRERA 32;;LOS NARANJOS;6.166842729156528, -75.58106018828231;CHOQUE;VEHICULO;NO REPORTADO;RESIDENCIAL;Normal;No respetar pelacion de interseccion o giros
2193304;16/12/2019;11:20:00 a. m.;Lunes;2019;Diciembre;AUTOMOVIL;PUBLICO;Pasajero;7;FEMENINO;HERIDOS;0;0;0;0;CALLE 37 SUR CON CARRERA 32;;LOS NARANJOS;6.166842729156528, -75.58106018828231;CHOQUE;VEHICULO;NO REPORTADO;RESIDENCIAL;Normal;No respetar pelacion de interseccion o giros
2193306;16/12/2019;3:10:00 p. m.;Lunes;2019;Diciembre;MOTOCICLETA;PARTICULAR;Motociclista;31;MASCULINO;HERIDOS;0;0;0;;CALLE 37 SUR CON CARRERA 38-50;;MESA;6.169303430184565, -75.58433726314561;CHOQUE;VEHICULO;NO REPORTADO;RESIDENCIAL;Normal;No mantener distancia de seguridad
2193314;16/12/2019;8:50:00 p. m.;Lunes;2019;Diciembre;MOTOCICLETA;PARTICULAR;Motociclista;30;MASCULINO;HERIDOS;0;0;0;0;CALLE 25 SUR CON CARRERA 42-40;;LAS ORQUIDEAS;6.179517522586225, -75.5794297889524;CHOQUE;VEHICULO;NO REPORTADO;RESIDENCIAL;Normal;Impericia en el manejo
2193324;17/12/2019;12:25:00 p. m.;Martes;2019;Diciembre;MOTOCICLETA;PARTICULAR;Acompañante;61;FEMENINO;HERIDOS;0;0;0;0;CALLE 37 SUR CON CARRERA 41-76;;ZONA CENTRO;6.170147294608528, -75.58584009622686;CHOQUE;VEHICULO;NO REPORTADO;RESIDENCIAL;Normal;Impericia en el manejo
2193327;17/12/2019;10:45:00 a. m.;Martes;2019;Diciembre;AUTOMOVIL;PUBLICO;Pasajero;74;FEMENINO;HERIDOS;0;0;0;0;CALLE 38A SUR CON CARRERA 38;;MESA;6.16765912989897, -75.58512484780312;CHOQUE;VEHICULO;NO REPORTADO;RESIDENCIAL;Normal;Desobedecer señales
2193350;21/12/2019;1:20:00 p. m.;Sábado;2019;Diciembre;MOTOCICLETA;PARTICULAR;Motociclista;23;MASCULINO;HERIDOS;0;0;0;0;CARRERA 48 CON CALLE 25AA SUR 70;;LAS VEGAS;6.183388582830708, -75.5849716992239;CHOQUE;VEHICULO;NO REPORTADO;RESIDENCIAL;Normal;No mantener distancia de seguridad
2193352;20/12/2019;8:40:00 p. m.;Viernes;2019;Diciembre;MOTOCICLETA;PARTICULAR;Acompañante;19;MASCULINO;HERIDOS;0;0;0;0;CALLE 21 SUR CON CARRERA 41B 55;;ZUÑIGA;6.182986541058148, -75.57846939050964;CHOQUE;VEHICULO;NO REPORTADO;RESIDENCIAL;Normal;Girar bruscamente
2193354;20/12/2019;8:20:00 p. m.;Viernes;2019;Diciembre;AUTOMOVIL;PARTICULAR;Acompañante;23;FEMENINO;HERIDOS;0;0;0;0;CARRERA 43A CON CALLE 49A SUR 30;;LAS CASITAS;6.160784900848886, -75.60066564240077;CHOQUE;VEHICULO;NO REPORTADO;RESIDENCIAL;Normal;No mantener distancia de seguridad
2193355;20/12/2019;8:20:00 a. m.;Viernes;2019;Diciembre;MOTOCICLETA;PARTICULAR;Motociclista;21;MASCULINO;HERIDOS;0;0;0;0;CALLE 38A SUR CON CARRERA 39;;ZONA CENTRO;6.167824961757021, -75.58560930362485;CHOQUE;VEHICULO;NO REPORTADO;RESIDENCIAL;Normal;No respetar pelacion de interseccion o giros
2193355;20/12/2019;8:20:00 a. m.;Viernes;2019;Diciembre;MOTOCICLETA;PARTICULAR;Acompañante;22;FEMENINO;HERIDOS;0;0;0;0;CALLE 38A SUR CON CARRERA 39;;ZONA CENTRO;6.167824961757021, -75.58560930362485;CHOQUE;VEHICULO;NO REPORTADO;RESIDENCIAL;Normal;No respetar pelacion de interseccion o giros
2193356;19/12/2019;1:20:00 p. m.;Jueves;2019;Diciembre;MOTOCICLETA;PARTICULAR;Motociclista;24;MASCULINO;HERIDOS;0;0;0;0;CARRERA 50 CON CALLE 29 SUR 220;;LAS VEGAS;6.182371, -75.589334;CHOQUE;VEHICULO;NO REPORTADO;RESIDENCIAL;Normal;Poner en marcha un vehiculo sin precauci
2193358;21/12/2019;1:50:00 p. m.;Sábado;2019;Diciembre;MOTOCICLETA;PARTICULAR;Motociclista;32;FEMENINO;HERIDOS;0;0;0;0;CALLE 30 SUR CON CARRERA 46A;;JARDINES;6.179047055120954, -75.58728696499502;CHOQUE;VEHICULO;NO REPORTADO;RESIDENCIAL;Normal;No respetar pelacion de interseccion o giros
2193358;21/12/2019;1:50:00 p. m.;Sábado;2019;Diciembre;MOTOCICLETA;PARTICULAR;Acompañante;30;FEMENINO;HERIDOS;0;0;0;0;CALLE 30 SUR CON CARRERA 46A;;JARDINES;6.179047055120954, -75.58728696499502;CHOQUE;VEHICULO;NO REPORTADO;RESIDENCIAL;Normal;No respetar pelacion de interseccion o giros
2193361;21/12/2019;3:20:00 p. m.;Sábado;2019;Diciembre;AUTOMOVIL;PARTICULAR;Acompañante;78;FEMENINO;HERIDOS;0;0;0;0;KILOMETRO 13 + 200;medell??n palmas envigado (km 12 - km 16+700);VEREDA PALMAS;6.164047396808054, -75.54555047608514;CHOQUE;OBJETO FIJO;MURO;NO REPORTADO;Normal;Impericia en el manejo
2193362;21/12/2019;8:10:00 p. m.;Sábado;2019;Diciembre;MOTOCICLETA;PARTICULAR;Motociclista;26;MASCULINO;HERIDOS;0;0;0;0;CARRERA 50 CON CALLE 25 SUR 150;;LAS VEGAS;6.186957, -75.584471;CHOQUE;VEHICULO;NO REPORTADO;RESIDENCIAL;Normal;No mantener distancia de seguridad
2193362;21/12/2019;8:10:00 p. m.;Sábado;2019;Diciembre;MOTOCICLETA;PARTICULAR;Acompañante;25;FEMENINO;HERIDOS;0;0;0;0;CARRERA 50 CON CALLE 25 SUR 150;;LAS VEGAS;6.186957, -75.584471;CHOQUE;VEHICULO;NO REPORTADO;RESIDENCIAL;Normal;No mantener distancia de seguridad
2193364;24/12/2019;7:00:00 p. m.;Martes;2019;Diciembre;AUTOMOVIL;PARTICULAR;Acompañante;65;FEMENINO;HERIDOS;0;0;0;0;CALLE 36D SUR CON CARRERA 27;;EL CHOCHO;6.162380100400729, -75.5699669003538;CHOQUE;VEHICULO;NO REPORTADO;RESIDENCIAL;Normal;Fallas en los frenos
2193364;24/12/2019;7:00:00 p. m.;Martes;2019;Diciembre;AUTOMOVIL;PARTICULAR;Conductor;62;FEMENINO;HERIDOS;0;0;0;0;CALLE 36D SUR CON CARRERA 27;;EL CHOCHO;6.162380100400729, -75.5699669003538;CHOQUE;VEHICULO;NO REPORTADO;RESIDENCIAL;Normal;Fallas en los frenos
2193374;23/12/2019;4:45:00 a. m.;Lunes;2019;Diciembre;MOTOCICLETA;PARTICULAR;Motociclista;26;MASCULINO;MUERTOS;0;0;0;;KILOMETRO 8 + 430;retiro varia palmas enviga (km 5+43 - km 14+ 550);VEREDA PERICO;6.170716, -75.497857;CHOQUE;OBJETO FIJO;BARANDA;NO REPORTADO;Normal;Impericia en el manejo
2193380;23/12/2019;4:35:00 p. m.;Lunes;2019;Diciembre;MOTOCICLETA;PARTICULAR;Motociclista;20;MASCULINO;HERIDOS;0;0;0;0;CARRERA 50 CON CALLE 27 SUR 06;;LAS VEGAS;6.183503, -75.588505;CHOQUE;VEHICULO;NO REPORTADO;RESIDENCIAL;Normal;Fallas en las llantas
2193385;25/12/2019;5:30:00 p. m.;Miércoles;2019;Diciembre;CAMIONETA;PARTICULAR;Conductor;64;MASCULINO;HERIDOS;0;0;0;0;CARRERA 50 CON CALLE 29 SUR 16;;LAS VEGAS;6.182371, -75.589334;CHOQUE;VEHICULO;NO REPORTADO;RESIDENCIAL;Normal;No mantener distancia de seguridad
2193385;25/12/2019;5:30:00 p. m.;Miércoles;2019;Diciembre;CAMIONETA;PARTICULAR;Acompañante;12;FEMENINO;HERIDOS;0;0;0;0;CARRERA 50 CON CALLE 29 SUR 16;;LAS VEGAS;6.182371, -75.589334;CHOQUE;VEHICULO;NO REPORTADO;RESIDENCIAL;Normal;No mantener distancia de seguridad
2193385;25/12/2019;5:30:00 p. m.;Miércoles;2019;Diciembre;CAMIONETA;PARTICULAR;Acompañante;34;FEMENINO;HERIDOS;0;0;0;0;CARRERA 50 CON CALLE 29 SUR 16;;LAS VEGAS;6.182371, -75.589334;CHOQUE;VEHICULO;NO REPORTADO;RESIDENCIAL;Normal;No mantener distancia de seguridad
2193389;25/12/2019;3:00:00 a. m.;Miércoles;2019;Diciembre;MOTOCICLETA;PARTICULAR;Motociclista;23;MASCULINO;HERIDOS;0;0;0;0;CALLE 41B SUR CON CARRERA 31B;;EL DORADO;6.159902097213583, -75.58641974780309;CHOQUE;VEHICULO;NO REPORTADO;RESIDENCIAL;Normal;Embriaguez o droga
2193396;21/12/2019;12:30:00 p. m.;Sábado;2019;Diciembre;MOTOCICLETA;DIPLOMATICO;Motociclista;25;MASCULINO;HERIDOS;0;0;0;0;KILOMETRO 11 + 900;medell??n palmas envigado (km 12 - km 16+700);VEREDA PALMAS;6.159347188560428, -75.51673198843119;CAIDA OCUPANTE;NO REPORTADO;NO REPORTADO;NO REPORTADO;Normal;Impericia en el manejo
2193400;21/12/2019;10:10:00 a. m.;Sábado;2019;Diciembre;MOTOCICLETA;PARTICULAR;Motociclista;62;MASCULINO;HERIDOS;0;0;0;0;TRANSVERSAL 32A SUR CON DIAGONAL 32B ;;LA MAGNOLIA;6.1755824253617435, -75.58323209022237;CHOQUE;VEHICULO;NO REPORTADO;RESIDENCIAL;Normal;Desobedecer señales
2193404;21/12/2019;8:15:00 p. m.;Sábado;2019;Diciembre;MOTOCICLETA;PARTICULAR;Motociclista;20;MASCULINO;HERIDOS;0;0;0;0;KILOMETRO 3 + 230;el escobero - km 0-13);VEREDA EL ESCOBERO;6.134482557913929, -75.55422281839876;CHOQUE;VEHICULO;NO REPORTADO;NO REPORTADO;Normal;No mantener distancia de seguridad
2193406;22/12/2019;4:00:00 p. m.;Domingo;2019;Diciembre;MOTOCICLETA;PARTICULAR;Acompañante;19;FEMENINO;HERIDOS;0;0;0;;KILOMETRO 12 + 300;medell??n palmas envigado (km 12 - km 16+700);VEREDA PALMAS;6.171478544307992, -75.5464655917857;CAIDA OCUPANTE;NO REPORTADO;NO REPORTADO;NO REPORTADO;Normal;Impericia en el manejo
2193406;22/12/2019;4:00:00 p. m.;Domingo;2019;Diciembre;MOTOCICLETA;PARTICULAR;Motociclista;23;MASCULINO;HERIDOS;0;0;0;;KILOMETRO 12 + 300;medell??n palmas envigado (km 12 - km 16+700);VEREDA PALMAS;6.171478544307992, -75.5464655917857;CAIDA OCUPANTE;NO REPORTADO;NO REPORTADO;NO REPORTADO;Normal;Impericia en el manejo
2193407;24/12/2019;8:00:00 a. m.;Martes;2019;Diciembre;AUTOMOVIL;PARTICULAR;Acompañante;43;FEMENINO;HERIDOS;0;0;0;;CARRERA 43A CON CALLE 49D SUR;;LAS CASITAS;6.162020555270609, -75.60040890494183;CHOQUE;OBJETO FIJO;MURO;RESIDENCIAL;Normal;Impericia en el manejo
2193407;24/12/2019;8:00:00 a. m.;Martes;2019;Diciembre;AUTOMOVIL;PARTICULAR;Conductor;66;MASCULINO;HERIDOS;0;0;0;;CARRERA 43A CON CALLE 49D SUR;;LAS CASITAS;6.162020555270609, -75.60040890494183;CHOQUE;OBJETO FIJO;MURO;RESIDENCIAL;Normal;Impericia en el manejo
2193410;24/12/2019;3:10:00 p. m.;Martes;2019;Diciembre;MOTOCICLETA;PARTICULAR;Acompañante;29;FEMENINO;HERIDOS;0;0;0;;CARRERA 48 CON CALLE 39 SUR;;LAS VEGAS;6.172028359973056, -75.59370890556258;CHOQUE;VEHICULO;NO REPORTADO;RESIDENCIAL;Normal;Desobedecer señales
2193410;24/12/2019;3:10:00 p. m.;Martes;2019;Diciembre;MOTOCICLETA;PARTICULAR;Motociclista;24;MASCULINO;HERIDOS;0;0;0;;CARRERA 48 CON CALLE 39 SUR;;LAS VEGAS;6.172028359973056, -75.59370890556258;CHOQUE;VEHICULO;NO REPORTADO;RESIDENCIAL;Normal;Desobedecer señales
2193412;24/12/2019;10:40:00 a. m.;Martes;2019;Diciembre;MOTOCICLETA;PARTICULAR;Motociclista;29;MASCULINO;HERIDOS;0;0;0;0;CALLE 43 SUR CON CARRERA 46A;;MILAN VALLEJUELOS;6.16747686258249, -75.59502257663873;CHOQUE;VEHICULO;NO REPORTADO;RESIDENCIAL;Normal;Impericia en el manejo
2193415;24/12/2019;2:00:00 p. m.;Martes;2019;Diciembre;AUTOMOVIL;DIPLOMATICO;Acompañante;50;MASCULINO;HERIDOS;0;0;0;0;CARRERA 48 CON CALLE 32B SUR 139;;LAS VEGAS;6.1762844337092, -75.5907449535185;CAIDA OCUPANTE;NO REPORTADO;NO REPORTADO;RESIDENCIAL;Normal;Poner en marcha un vehiculo sin precauci
2193417;21/12/2019;3:03:00 p. m.;Sábado;2019;Diciembre;MOTOCICLETA;PARTICULAR;Acompañante;30;MASCULINO;HERIDOS;0;0;0;0;CALLE 38A SUR CON CARRERA 42-46;;ZONA CENTRO;6.16985477137894, -75.58775731287834;OTRO;NO REPORTADO;NO REPORTADO;RESIDENCIAL;Normal;Obstaculos en la via
2193418;26/12/2019;11:30:00 a. m.;Jueves;2019;Diciembre;CAMIONETA;PARTICULAR;Conductor;45;FEMENINO;HERIDOS;0;0;0;0;CARRERA 48 CON CALLE 27A SUR;;LAS VEGAS;6.181554317235871, -75.58690695698607;CHOQUE;VEHICULO;NO REPORTADO;RESIDENCIAL;Normal;No mantener distancia de seguridad
2193420;28/12/2019;8:10:00 a. m.;Sábado;2019;Diciembre;BICICLETA;;Ciclista;69;MASCULINO;HERIDOS;0;0;0;0;CARRERA 50 CON CALLE 46 SUR;;LAS VEGAS;6.168548, -75.602176;CHOQUE;VEHICULO;NO REPORTADO;RESIDENCIAL;Normal;No mantener distancia de seguridad
2193421;28/12/2019;7:30:00 a. m.;Sábado;2019;Diciembre;MOTOCICLETA;PARTICULAR;Motociclista;33;FEMENINO;HERIDOS;0;0;0;0;CARRERA 43A CON CALLE 21 SUR;;ZUÑIGA;6.183896854064624, -75.57949701905736;CHOQUE;VEHICULO;NO REPORTADO;RESIDENCIAL;Normal;Adelantar por la derecha
2193432;29/12/2019;5:30:00 p. m.;Domingo;2019;Diciembre;MOTOCICLETA;PARTICULAR;Acompañante;25;FEMENINO;HERIDOS;0;0;0;;CARRERA 43A CON CALLE 25 SUR 05;;BOSQUES DE ZUÑIGA;6.181527767015737, -75.58125395108142;CAIDA OCUPANTE;NO REPORTADO;NO REPORTADO;RESIDENCIAL;Normal;Impericia en el manejo
2193432;29/12/2019;5:30:00 p. m.;Domingo;2019;Diciembre;MOTOCICLETA;PARTICULAR;Motociclista;27;MASCULINO;HERIDOS;0;0;0;;CARRERA 43A CON CALLE 25 SUR 05;;BOSQUES DE ZUÑIGA;6.181527767015737, -75.58125395108142;CAIDA OCUPANTE;NO REPORTADO;NO REPORTADO;RESIDENCIAL;Normal;Impericia en el manejo
2193433;27/12/2019;10:30:00 p. m.;Viernes;2019;Diciembre;AUTOMOVIL;PARTICULAR;Acompañante;22;MASCULINO;HERIDOS;0;0;0;;KILOMETRO 14+40;medell??n palmas envigado (km 12 - km 16+700);VEREDA PALMAS;6.157830119037232, -75.5465511688003;VOLCAMIENTO;NO REPORTADO;NO REPORTADO;NO REPORTADO;Normal;Impericia en el manejo
2193433;27/12/2019;10:30:00 p. m.;Viernes;2019;Diciembre;AUTOMOVIL;PARTICULAR;Conductor;19;FEMENINO;HERIDOS;0;0;0;;KILOMETRO 14+40;medell??n palmas envigado (km 12 - km 16+700);VEREDA PALMAS;6.157830119037232, -75.5465511688003;VOLCAMIENTO;NO REPORTADO;NO REPORTADO;NO REPORTADO;Normal;Impericia en el manejo
2193435;27/12/2019;7:10:00 a. m.;Viernes;2019;Diciembre;MOTOCICLETA;PARTICULAR;Motociclista;38;MASCULINO;HERIDOS;0;0;0;0;CALLE 38A SUR CON CARRERA 39;;ZONA CENTRO;6.167824961757021, -75.58560930362485;CHOQUE;VEHICULO;NO REPORTADO;RESIDENCIAL;Normal;Desobedecer señales
2193436;28/12/2019;9:30:00 p. m.;Sábado;2019;Diciembre;AUTOMOVIL;PARTICULAR;Acompañante;17;FEMENINO;HERIDOS;0;0;0;;CARRERA 46B CON CALLE 46 SUR 18;;PRIMAVERA;6.164747960897121, -75.59780578921345;CHOQUE;OBJETO FIJO;VEHICULO ESTACIONADO;RESIDENCIAL;Normal;Reverso imprudente
2193437;28/12/2019;3:30:00 p. m.;Sábado;2019;Diciembre;MOTOCICLETA;PARTICULAR;Motociclista;22;FEMENINO;HERIDOS;0;0;0;0;CARRERA 48 CON CALLE 34 SUR;;LAS VEGAS;6.175553163814159, -75.59100803476572;CHOQUE;VEHICULO;NO REPORTADO;RESIDENCIAL;Normal;Impericia en el manejo
2193438;30/12/2019;7:00:00 p. m.;Lunes;2019;Diciembre;AUTOMOVIL;PARTICULAR;Peaton;40;FEMENINO;HERIDOS;0;0;0;0;CARRERA 24EE CON CALLE 39D SUR 05;;EL CHINGUÍ;6.150135969713196, -75.57600898219421;ATROPELLO;NO REPORTADO;NO REPORTADO;RESIDENCIAL;Normal;Impericia en el manejo
2193440;30/12/2019;9:10:00 p. m.;Lunes;2019;Diciembre;MOTOCICLETA;PARTICULAR;Motociclista;24;MASCULINO;HERIDOS;0;0;0;0;CARRERA 40 CON CALLE 48 SUR;;EL TRIANON;6.158981966627643, -75.59469556314572;CHOQUE;VEHICULO;NO REPORTADO;RESIDENCIAL;Normal;Desobedecer señales  -  Embriaguez o droga
2193441;29/12/2019;3:27:00 p. m.;Domingo;2019;Diciembre;MOTOCICLETA;PARTICULAR;Acompañante;15;FEMENINO;HERIDOS;0;0;0;0;CALLE 41A SUR CON CARRERA 27A 50;;SAN RAFAEL;6.158523602367908, -75.58286241223344;CHOQUE;VEHICULO;NO REPORTADO;RESIDENCIAL;Normal;No respetar prelacion
2193443;30/12/2019;10:20:00 p. m.;Lunes;2019;Diciembre;MOTOCICLETA;PARTICULAR;Motociclista;27;FEMENINO;HERIDOS;0;0;0;0;CARRERA 48 CON CALLE 40 SUR;;LAS VEGAS;6.170561302726749, -75.59564209753435;CHOQUE;VEHICULO;NO REPORTADO;RESIDENCIAL;Lluvia;No mantener distancia de seguridad
2193443;30/12/2019;10:20:00 p. m.;Lunes;2019;Diciembre;MOTOCICLETA;PARTICULAR;Motociclista;36;MASCULINO;HERIDOS;0;0;0;0;CARRERA 48 CON CALLE 40 SUR;;LAS VEGAS;6.170561302726749, -75.59564209753435;CHOQUE;VEHICULO;NO REPORTADO;RESIDENCIAL;Lluvia;No mantener distancia de seguridad
2193446;31/12/2019;8:10:00 p. m.;Martes;2019;Diciembre;MOTOCICLETA;PARTICULAR;Motociclista;27;FEMENINO;HERIDOS;0;0;0;0;TRANSVERSAL 34A SUR CON DIAGONAL 39;;OBRERO;6.171787494009787, -75.584463736243;CHOQUE;VEHICULO;NO REPORTADO;RESIDENCIAL;Normal;Desobedecer señales  -  Impericia en el manejo
2193448;31/12/2019;4:15:00 p. m.;Martes;2019;Diciembre;MOTOCICLETA;PARTICULAR;Peaton;70;MASCULINO;HERIDOS;0;0;0;;CALLE 36 SUR CON CARRERA 42-34;;ZONA CENTRO;6.171750901300252, -75.58663598219054;ATROPELLO;NO REPORTADO;NO REPORTADO;RESIDENCIAL;Normal;Otra-Conductor
2200003;1/01/2020;2:30:00 a. m.;Miércoles;2020;Enero;MOTOCICLETA;PARTICULAR;Acompañante;25;FEMENINO;HERIDOS;0;0;0;0;CARRERA 42 CON CALLE 41B SUR 11;;EL DORADO;6.165560061266489, -75.59205984540709;CHOQUE;VEHICULO;NO REPORTADO;RESIDENCIAL;Normal;Impericia en el manejo
2200003;1/01/2020;2:30:00 a. m.;Miércoles;2020;Enero;MOTOCICLETA;PARTICULAR;Motociclista;25;MASCULINO;HERIDOS;0;0;0;0;CARRERA 42 CON CALLE 41B SUR 11;;EL DORADO;6.165560061266489, -75.59205984540709;CHOQUE;VEHICULO;NO REPORTADO;RESIDENCIAL;Normal;Impericia en el manejo
2200004;2/01/2020;3:00:00 p. m.;Jueves;2020;Enero;MOTOCICLETA;PARTICULAR;Motociclista;24;MASCULINO;HERIDOS;0;0;0;0;CARRERA 49 CON CALLE 32 B SUR 24;;LAS VEGAS;6.178136, -75.591907;CHOQUE;VEHICULO;NO REPORTADO;INDUSTRIAL;Normal;Impericia en el manejo
2200006;1/01/2020;9:45:00 p. m.;Miércoles;2020;Enero;AUTOMOVIL;PARTICULAR;Peaton;6;FEMENINO;HERIDOS;0;0;0;0;CARRERA 32 B CON CALLE 40 F SUR 25;;SAN JOSE;6.162922385962753, -75.58549911287957;ATROPELLO;NO REPORTADO;NO REPORTADO;RESIDENCIAL;Normal;Cruzar sin observar