NRO_RADICADO;FECHA_ACCIDENTE;HORA_ACCIDENTE;Día de la semana;AÑO;MES;CLASE_VEHICULO;TIPO_SERVICIO;TIPO_VICTIMA;EDAD;GENERO;GRAVEDAD;ESTADO_BEODEZ;ESTADO_DROGA;RESULTADO_BEODEZ;RESUL_BEODEZ_GRAMOS;DIRECCION_CARACT_VIA;TRAMO_VIA;LOCALIDAD_O_COMUNA;    GEORREFERENCIACIÓN;DESC_CLASE_ACCIDENTE;DESC_CHOQUE_ACCIDENTE;DESC_OBJETO_FIJO;DESC_SECTOR_ACCIDENTE;CONDICION_CLIMATICA;CAUSA_ACCIDENTE
2200007;1/01/2020;6:30:00 p. m.;Miércoles;2020;Enero;MOTOCICLETA;PARTICULAR;Motociclista;31;MASCULINO;HERIDOS;0;0;0;0;CARRERA 42 CON CALLE 41C SUR;;EL DORADO;6.167596511687659, -75.59451850494074;ATROPELLO;NO REPORTADO;NO REPORTADO;RESIDENCIAL;Normal;Embriaguez aparente
2200007;1/01/2020;6:30:00 p. m.;Miércoles;2020;Enero;MOTOCICLETA;PARTICULAR;Peaton;39;FEMENINO;HERIDOS;0;0;0;0;CARRERA 42 CON CALLE 41C SUR;;EL DORADO;6.167596511687659, -75.59451850494074;ATROPELLO;NO REPORTADO;NO REPORTADO;RESIDENCIAL;Normal;Embriaguez aparente
2200008;4/01/2020;8:00:00 p. m.;Sábado;2020;Enero;MOTOCICLETA;PARTICULAR;Peaton;33;MASCULINO;HERIDOS;0;0;0;0;KILOMETRO 1;el escobero - km 0-13);VEREDA EL ESCOBERO;6.14660615160235, -75.56145197638465;CHOQUE;OBJETO FIJO;VEHICULO ESTACIONADO;NO REPORTADO;Normal;Impericia en el manejo
2200010;3/01/2020;3:30:00 p. m.;Viernes;2020;Enero;MOTOCICLETA;PARTICULAR;Motociclista;48;MASCULINO;HERIDOS;0;0;0;0;CALLE 24 SUR CON CARRERA 43A 60;;ZUÑIGA;6.1823696857027315, -75.5808625589072;CHOQUE;VEHICULO;NO REPORTADO;RESIDENCIAL;Normal;Otra-Conductor
2200011;6/01/2020;12:35:00 a. m.;Lunes;2020;Enero;MOTOCICLETA;PARTICULAR;Motociclista;26;MASCULINO;HERIDOS;0;0;0;0;KILOMETRO 11+440;retiro varia palmas enviga (km 5+43 - km 14+ 550);VEREDA PALMAS;6.162609861916978, -75.51523536971933;CHOQUE;OBJETO FIJO;OTRO TIPO;NO REPORTADO;Normal;Impericia en el manejo
2200012;6/01/2020;12:00:00 p. m.;Lunes;2020;Enero;AUTOMOVIL;PARTICULAR;Peaton;66;MASCULINO;HERIDOS;0;0;0;0;CALLE 40 SUR CON CARRERA 23A;;EL SALADO;6.142179020448705, -75.5743024210384;ATROPELLO;NO REPORTADO;NO REPORTADO;RESIDENCIAL;Normal;Arrancar sin precaucion
2200013;5/01/2020;1:15:00 a. m.;Domingo;2020;Enero;MOTOCICLETA;PARTICULAR;Motociclista;28;FEMENINO;HERIDOS;0;0;0;0;CALLE 40 SUR CON CARRERA 41;;EL DORADO;6.167117761779535, -75.58798597663873;CHOQUE;VEHICULO;NO REPORTADO;RESIDENCIAL;Normal;No respetar pelacion de interseccion o giros
2200015;5/01/2020;6:35:00 p. m.;Domingo;2020;Enero;MOTOCICLETA;PARTICULAR;Peaton;57;MASCULINO;HERIDOS;0;0;0;0;CALLE 40F SUR CON CARRERA 24 C 124;;EL SALADO;6.170464745190617, -75.58334447498231;ATROPELLO;NO REPORTADO;NO REPORTADO;RESIDENCIAL;Normal;Embriaguez o droga
2200016;3/01/2020;8:40:00 a. m.;Viernes;2020;Enero;MOTOCICLETA;PARTICULAR;Motociclista;24;MASCULINO;HERIDOS;0;0;0;0;TRANSVERSAL 27A SUR CON DIAGONAL 42B 61;;PONTE VEDRA;6.178210610237753, -75.5825129652234;CHOQUE;VEHICULO;NO REPORTADO;RESIDENCIAL;Normal;No respetar prelacion
2200017;4/01/2020;4:45:00 a. m.;Sábado;2020;Enero;MOTOCICLETA;PARTICULAR;Motociclista;26;FEMENINO;HERIDOS;0;0;0;0;CALLE 39 SUR CON CARRERA 41;;ZONA CENTRO;6.167910594592374, -75.58736434595356;CHOQUE;VEHICULO;NO REPORTADO;RESIDENCIAL;Normal;Semaforo en rojo
2200018;3/01/2020;10:15:00 a. m.;Viernes;2020;Enero;MICROBUS;PUBLICO;Peaton;56;MASCULINO;HERIDOS;0;0;0;;CALLE 38 SUR CON CARRERA 40-27;;ZONA CENTRO;6.169798705172839, -75.58626424356572;ATROPELLO;NO REPORTADO;NO REPORTADO;RESIDENCIAL;Normal;Transitar por la calzada
2200019;3/01/2020;10:25:00 p. m.;Viernes;2020;Enero;MOTOCICLETA;PARTICULAR;Peaton;45;FEMENINO;HERIDOS;0;0;0;;CARRERA 43A CON CALLE 37 SUR;;SAN MARCOS;6.171156877675806, -75.58832689943017;ATROPELLO;NO REPORTADO;NO REPORTADO;RESIDENCIAL;Normal;Pasar semaforo en rojo
2200019;3/01/2020;10:25:00 p. m.;Viernes;2020;Enero;MOTOCICLETA;PARTICULAR;Peaton;37;FEMENINO;HERIDOS;0;0;0;;CARRERA 43A CON CALLE 37 SUR;;SAN MARCOS;6.171156877675806, -75.58832689943017;ATROPELLO;NO REPORTADO;NO REPORTADO;RESIDENCIAL;Normal;Pasar semaforo en rojo
2200023;5/01/2020;1:30:00 a. m.;Domingo;2020;Enero;MOTOCICLETA;PARTICULAR;Motociclista;21;MASCULINO;HERIDOS;0;0;0;0;CALLE 40A SUR  CON CARRERA 25B 01;;EL SALADO;6.156100387520006, -75.58091164086606;CHOQUE;VEHICULO;NO REPORTADO;RESIDENCIAL;Normal;Impericia en el manejo
2200026;7/01/2020;3:00:00 p. m.;Martes;2020;Enero;MOTOCICLETA;PARTICULAR;Motociclista;65;MASCULINO;HERIDOS;0;0;0;;CARRERA 50 CON CALLE 39B SUR;;LAS VEGAS;6.173220, -75.597907;CAIDA OCUPANTE;NO REPORTADO;NO REPORTADO;RESIDENCIAL;Normal;Impericia en el manejo
2200027;4/01/2020;1:40:00 p. m.;Sábado;2020;Enero;MOTOCICLETA;PARTICULAR;Motociclista;39;MASCULINO;HERIDOS;0;0;0;0;CALLE 36D SUR CON CARRERA 25A 85;;VEREDA EL ESCOBERO;6.159682986581932, -75.56679598219296;CAIDA OCUPANTE;NO REPORTADO;NO REPORTADO;RESIDENCIAL;Normal;Impericia en el manejo
2200027;4/01/2020;1:40:00 p. m.;Sábado;2020;Enero;MOTOCICLETA;PARTICULAR;Acompañante;59;MASCULINO;HERIDOS;0;0;0;0;CALLE 36D SUR CON CARRERA 25A 85;;VEREDA EL ESCOBERO;6.159682986581932, -75.56679598219296;CAIDA OCUPANTE;NO REPORTADO;NO REPORTADO;RESIDENCIAL;Normal;Impericia en el manejo
2200028;7/01/2020;6:45:00 p. m.;Martes;2020;Enero;MOTOCICLETA;PARTICULAR;Peaton;48;MASCULINO;HERIDOS;0;0;0;0;CARRERA 26 CON CALLE 40D SUR 41;;LA MINA;6.166455740660947, -75.58882182822236;ATROPELLO;NO REPORTADO;NO REPORTADO;RESIDENCIAL;Normal;Cruzar sin observar
2200028;7/01/2020;6:45:00 p. m.;Martes;2020;Enero;MOTOCICLETA;PARTICULAR;Motociclista;25;MASCULINO;HERIDOS;0;0;0;0;CARRERA 26 CON CALLE 40D SUR 41;;LA MINA;6.166455740660947, -75.58882182822236;ATROPELLO;NO REPORTADO;NO REPORTADO;RESIDENCIAL;Normal;Cruzar sin observar
2200029;4/01/2020;2:30:00 p. m.;Sábado;2020;Enero;MOTOCICLETA;PARTICULAR;Acompañante;8;FEMENINO;HERIDOS;0;0;0;0;KILOMETRO 7+100;pantanill;VEREDA PERICO;6.171218343967402, -75.49008715109834;CHOQUE;VEHICULO;NO REPORTADO;NO REPORTADO;Normal;Adelantar invadiendo carril de sentido contrario
2200029;4/01/2020;2:30:00 p. m.;Sábado;2020;Enero;MOTOCICLETA;PARTICULAR;Motociclista;39;MASCULINO;HERIDOS;0;0;0;0;KILOMETRO 7+100;pantanill;VEREDA PERICO;6.171218343967402, -75.49008715109834;CHOQUE;VEHICULO;NO REPORTADO;NO REPORTADO;Normal;Adelantar invadiendo carril de sentido contrario
2200030;7/01/2020;3:10:00 p. m.;Martes;2020;Enero;MOTOCICLETA;PARTICULAR;Motociclista;23;MASCULINO;HERIDOS;0;0;0;0;CARRERA 43A CON CALLE 32A SUR;;SAN MARCOS;6.17587889425905, -75.5860584742519;CHOQUE;VEHICULO;NO REPORTADO;RESIDENCIAL;Normal;Adelantar cerrando
2200030;7/01/2020;3:10:00 p. m.;Martes;2020;Enero;MOTOCICLETA;PARTICULAR;Motociclista;30;FEMENINO;HERIDOS;0;0;0;0;CARRERA 43A CON CALLE 32A SUR;;SAN MARCOS;6.17587889425905, -75.5860584742519;CHOQUE;VEHICULO;NO REPORTADO;RESIDENCIAL;Normal;Adelantar cerrando
2200038;6/01/2020;12:00:00 p. m.;Lunes;2020;Enero;MOTOCICLETA;PARTICULAR;Acompañante;60;FEMENINO;HERIDOS;0;0;0;0;CALLE 39D SUR CON CARRERA 24D-12;;EL CHINGUÍ;6.147609001202883, -75.5757039892314;CAIDA OCUPANTE;NO REPORTADO;NO REPORTADO;RESIDENCIAL;Normal;Cruzar sin observar
2200039;8/01/2020;5:10:00 p. m.;Miércoles;2020;Enero;BUSETA;PUBLICO;Pasajero;78;MASCULINO;HERIDOS;0;0;0;0;CALLE 37 SUR CON CARRERA 31 ;;MESA;6.166873108417056, -75.58072451287886;CAIDA OCUPANTE;NO REPORTADO;NO REPORTADO;RESIDENCIAL;Normal;Frenar bruscamente
2200040;9/01/2020;2:40:00 p. m.;Jueves;2020;Enero;MOTOCICLETA;PARTICULAR;Peaton;63;FEMENINO;HERIDOS;0;0;0;0;CARRERA 43A CON CALLE 45B SUR 84;;LA PAZ;6.164932233301589, -75.59496469995943;ATROPELLO;NO REPORTADO;NO REPORTADO;RESIDENCIAL;Normal;Impericia en el manejo
2200041;11/01/2020;9:20:00 a. m.;Sábado;2020;Enero;MOTOCICLETA;PARTICULAR;Acompañante;22;FEMENINO;HERIDOS;0;0;0;;DIAGONAL 29 CON TRANSVERSAL 32A SUR 46;;ALTO DE MISAEL;6.174546420726975, -75.57752727030844;CAIDA OCUPANTE;NO REPORTADO;NO REPORTADO;RESIDENCIAL;Normal;Impericia en el manejo
2200042;10/01/2020;4:00:00 p. m.;Viernes;2020;Enero;AUTOMOVIL;PARTICULAR;Peaton;71;MASCULINO;MUERTOS;0;0;0;;CARRERA 43A CON CALLE 25B SUR 106;;PONTE VEDRA;6.180877, -75.582643;ATROPELLO;NO REPORTADO;NO REPORTADO;RESIDENCIAL;Normal;Cruzar sin observar
2200043;8/01/2020;9:30:00 p. m.;Miércoles;2020;Enero;MOTOCICLETA;PARTICULAR;Motociclista;23;MASCULINO;HERIDOS;0;0;0;0;KILOMETRO 14+300;retiro varia palmas enviga (km 5+43 - km 14+ 550);VEREDA PALMAS;6.154933152437427, -75.53119095072377;OTRO;NO REPORTADO;NO REPORTADO;NO REPORTADO;Normal;Impericia en el manejo
2200044;10/01/2020;3:00:00 p. m.;Viernes;2020;Enero;MOTOCICLETA;PARTICULAR;Motociclista;31;MASCULINO;HERIDOS;0;0;0;0;CALLE 37 SUR CON CARRERA 28C-02;;LA PRADERA;6.16590527062625, -75.57875230059655;CHOQUE;VEHICULO;NO REPORTADO;RESIDENCIAL;Normal;Fallas en los frenos
2200044;10/01/2020;3:00:00 p. m.;Viernes;2020;Enero;MOTOCICLETA;PARTICULAR;Acompañante;26;MASCULINO;HERIDOS;0;0;0;0;CALLE 37 SUR CON CARRERA 28C-02;;LA PRADERA;6.16590527062625, -75.57875230059655;CHOQUE;VEHICULO;NO REPORTADO;RESIDENCIAL;Normal;Fallas en los frenos
2200045;12/01/2020;1:00:00 p. m.;Domingo;2020;Enero;MOTOCICLETA;PARTICULAR;Motociclista;18;MASCULINO;HERIDOS;0;0;0;0;TRANSVERSAL 32C SUR CON DIAGONAL 32D;;LA MAGNOLIA;6.1747135259221535, -75.58398000740796;CHOQUE;VEHICULO;NO REPORTADO;RESIDENCIAL;Normal;Desobedecer señales
2200045;12/01/2020;1:00:00 p. m.;Domingo;2020;Enero;MOTOCICLETA;PARTICULAR;Acompañante;28;FEMENINO;HERIDOS;0;0;0;0;TRANSVERSAL 32C SUR CON DIAGONAL 32D;;LA MAGNOLIA;6.1747135259221535, -75.58398000740796;CHOQUE;VEHICULO;NO REPORTADO;RESIDENCIAL;Normal;Desobedecer señales
2200046;8/01/2020;9:40:00 p. m.;Miércoles;2020;Enero;AUTOMOVIL;PARTICULAR;Acompañante;17;FEMENINO;HERIDOS;0;0;0;0;KILOMETRO 14+00;medellÃn palmas envigado (km 12 - km 16+700);VEREDA PALMAS;6.158065354734575, -75.54655033162547;CHOQUE;OBJETO FIJO;MURO;NO REPORTADO;Normal;Impericia en el manejo
2200046;8/01/2020;9:40:00 p. m.;Miércoles;2020;Enero;AUTOMOVIL;PARTICULAR;Acompañante;23;FEMENINO;HERIDOS;0;0;0;0;KILOMETRO 14+00;medellÃn palmas envigado (km 12 - km 16+700);VEREDA PALMAS;6.158065354734575, -75.54655033162547;CHOQUE;OBJETO FIJO;MURO;NO REPORTADO;Normal;Impericia en el manejo
2200047;8/01/2020;10:20:00 p. m.;Miércoles;2020;Enero;MOTOCICLETA;PARTICULAR;Motociclista;27;FEMENINO;HERIDOS;0;0;0;0;CARRERA 48 CON CALLE 30 SUR;;LAS VEGAS;6.179496718217783, -75.58819458527805;CHOQUE;VEHICULO;NO REPORTADO;RESIDENCIAL;Normal;No mantener distancia de seguridad
2200047;8/01/2020;10:20:00 p. m.;Miércoles;2020;Enero;MOTOCICLETA;PARTICULAR;Acompañante;61;FEMENINO;HERIDOS;0;0;0;0;CARRERA 48 CON CALLE 30 SUR;;LAS VEGAS;6.179496718217783, -75.58819458527805;CHOQUE;VEHICULO;NO REPORTADO;RESIDENCIAL;Normal;No mantener distancia de seguridad
2200048;10/01/2020;8:45:00 a. m.;Viernes;2020;Enero;MOTOCARRO;PARTICULAR;Motociclista;41;MASCULINO;HERIDOS;0;0;0;0;CALLE 36D SUR  CON CARRERA 25-41;;VEREDA EL ESCOBERO;6.157089577699963, -75.56751463390752;VOLCAMIENTO;NO REPORTADO;NO REPORTADO;RESIDENCIAL;Normal;Impericia en el manejo
2200049;10/01/2020;11:00:00 p. m.;Viernes;2020;Enero;MOTOCICLETA;PARTICULAR;Motociclista;18;MASCULINO;HERIDOS;0;0;0;0;CALLE 39D SUR CON CARRERA 24EE 160;;EL SALADO;6.150296067751641, -75.57641655520129;CHOQUE;VEHICULO;NO REPORTADO;RESIDENCIAL;Normal;Girar bruscamente  -  No mantener distancia de seguridad
2200050;11/01/2020;5:45:00 a. m.;Sábado;2020;Enero;MOTOCICLETA;PARTICULAR;Motociclista;27;MASCULINO;HERIDOS;0;0;0;0;CARRERA 43A CON CALLE 38A SUR;;ALCALA;6.1697077409398275, -75.58915413115817;CHOQUE;VEHICULO;NO REPORTADO;RESIDENCIAL;Normal;Otra-Conductor
2200051;11/01/2020;4:25:00 p. m.;Sábado;2020;Enero;MOTOCICLETA;PARTICULAR;Motociclista;43;FEMENINO;HERIDOS;0;0;0;;CARRERA 43A CON TRANSVERSAL 27A SUR;;VILLA GRANDE;6.179041937670669, -75.58367984107326;CHOQUE;VEHICULO;NO REPORTADO;RESIDENCIAL;Normal;Semaforo en rojo
2200052;12/01/2020;6:00:00 p. m.;Domingo;2020;Enero;MOTOCICLETA;PARTICULAR;Acompañante;29;FEMENINO;HERIDOS;0;0;0;0;CARRERA 50 CON CALLE 19 SUR;;LAS VEGAS;6.188167, -75.583364;CHOQUE;OBJETO FIJO;BARANDA;RESIDENCIAL;Normal;Impericia en el manejo
2200052;12/01/2020;6:00:00 p. m.;Domingo;2020;Enero;MOTOCICLETA;PARTICULAR;Motociclista;39;MASCULINO;HERIDOS;0;0;0;0;CARRERA 50 CON CALLE 19 SUR;;LAS VEGAS;6.188167, -75.583364;CHOQUE;OBJETO FIJO;BARANDA;RESIDENCIAL;Normal;Impericia en el manejo
2200053;12/01/2020;2:05:00 a. m.;Domingo;2020;Enero;MOTOCICLETA;PARTICULAR;Acompañante;25;FEMENINO;HERIDOS;0;0;0;0;CARRERA 48 CON CALLE 30 SUR;;LAS VEGAS;6.179496718217783, -75.58819458527805;CHOQUE;VEHICULO;NO REPORTADO;RESIDENCIAL;Normal;Semaforo en rojo
2200053;12/01/2020;2:05:00 a. m.;Domingo;2020;Enero;MOTOCICLETA;PARTICULAR;Motociclista;27;MASCULINO;HERIDOS;0;0;0;0;CARRERA 48 CON CALLE 30 SUR;;LAS VEGAS;6.179496718217783, -75.58819458527805;CHOQUE;VEHICULO;NO REPORTADO;RESIDENCIAL;Normal;Semaforo en rojo
2200055;12/01/2020;12:30:00 p. m.;Domingo;2020;Enero;MOTOCICLETA;PARTICULAR;Motociclista;25;MASCULINO;HERIDOS;0;0;0;0;CARRERA 39 CON CALLE 35 SUR;;OBRERO;6.170619727582903, -75.58395757663865;CHOQUE;VEHICULO;NO REPORTADO;RESIDENCIAL;Normal;Adelantar invadiendo carril del mismo sentido en zigzag
2200059;11/01/2020;12:30:00 p. m.;Sábado;2020;Enero;MOTOCICLETA;PARTICULAR;Acompañante;18;FEMENINO;HERIDOS;0;0;0;0;CALLE 27 SUR CON CARRERA 28-131;;ALTO DE MISAEL;6.177594980753615, -75.57667765455943;CHOQUE;VEHICULO;NO REPORTADO;RESIDENCIAL;Normal;Desobedecer señales
2200081;14/01/2020;7:00:00 p. m.;Martes;2020;Enero;AUTOMOVIL;PARTICULAR;Peaton;28;FEMENINO;HERIDOS;0;0;0;0;CALLE 37 SUR CON CARRERA 36;;MESA;6.1679279282940245, -75.58329474104609;ATROPELLO;NO REPORTADO;NO REPORTADO;RESIDENCIAL;Normal;Arrancar sin precaucion
2200089;15/01/2020;11:45:00 a. m.;Miércoles;2020;Enero;MICROBUS;PUBLICO;Pasajero;61;MASCULINO;HERIDOS;0;0;0;0;CARRERA 24F CON CALLE 40 SUR;;EL SALADO;6.1515063358006605, -75.57772254356877;CAIDA OCUPANTE;NO REPORTADO;NO REPORTADO;RESIDENCIAL;Normal;Otra-Pasajero-AcompaÒante
2200090;14/01/2020;3:55:00 p. m.;Martes;2020;Enero;MOTOCICLETA;PARTICULAR;Motociclista;36;MASCULINO;HERIDOS;0;0;0;0;CARRERA 41 CON CALLE 40 SUR;;EL DORADO;6.167149762015761, -75.58798597663873;CHOQUE;VEHICULO;NO REPORTADO;RESIDENCIAL;Normal;Desobedecer señales
2200094;16/01/2020;9:00:00 a. m.;Jueves;2020;Enero;BICICLETA;;Ciclista;49;MASCULINO;HERIDOS;0;0;0;0;CARRERA 43A CON CALLE 25 SUR;;BOSQUES DE ZUÑIGA;6.181527767015737, -75.58125395108142;CHOQUE;VEHICULO;NO REPORTADO;RESIDENCIAL;Normal;No mantener distancia de seguridad
2200095;17/01/2020;12:05:00 a. m.;Viernes;2020;Enero;BICICLETA;;Ciclista;38;MASCULINO;HERIDOS;0;0;0;0;CARRERA 40B CON CALLE 53B SUR 30;;LOMA DEL BARRO;6.155634657340426, -75.60305352650244;CHOQUE;VEHICULO;NO REPORTADO;RESIDENCIAL;Normal;Transitar distante de la acera u orilla 
2200096;14/01/2020;6:10:00 p. m.;Martes;2020;Enero;MOTOCICLETA;PARTICULAR;Motociclista;56;MASCULINO;HERIDOS;0;0;0;0;CARRERA 41 CON CALLE 36 SUR;;ZONA CENTRO;6.171443268540674, -75.58583884356536;CHOQUE;VEHICULO;NO REPORTADO;RESIDENCIAL;Normal;Semaforo en rojo
2200096;14/01/2020;6:10:00 p. m.;Martes;2020;Enero;MOTOCICLETA;PARTICULAR;Motociclista;23;MASCULINO;HERIDOS;0;0;0;0;CARRERA 41 CON CALLE 36 SUR;;ZONA CENTRO;6.171443268540674, -75.58583884356536;CHOQUE;VEHICULO;NO REPORTADO;RESIDENCIAL;Normal;Semaforo en rojo
2200100;18/01/2020;12:50:00 a. m.;Sábado;2020;Enero;MOTOCICLETA;PARTICULAR;Motociclista;23;FEMENINO;HERIDOS;0;0;0;0;CARRERA 47A CON CALLE 39A SUR 16;;ALCALA;6.170945588224382, -75.59402365693411;CHOQUE;VEHICULO;NO REPORTADO;RESIDENCIAL;Normal;Impericia en el manejo
2200101;17/01/2020;10:00:00 p. m.;Viernes;2020;Enero;MOTOCICLETA;PARTICULAR;Motociclista;16;MASCULINO;HERIDOS;0;0;0;0;DIAGONAL 31C CON TRANSVERSAL 35B SUR 92;;LA SEBASTIANA;6.169918294595841, -75.58056881905748;CHOQUE;VEHICULO;NO REPORTADO;RESIDENCIAL;Normal;Desobedecer señales
2200102;16/01/2020;7:50:00 a. m.;Jueves;2020;Enero;MOTOCICLETA;PARTICULAR;Motociclista;26;MASCULINO;HERIDOS;0;0;0;0;CALLE 21 SUR CON CARRERA 41B SUR 55;;ZUÑIGA;6.182986541058148, -75.57846939050964;CHOQUE;VEHICULO;NO REPORTADO;RESIDENCIAL;Normal;No mantener distancia de seguridad
2200103;16/01/2020;5:30:00 p. m.;Jueves;2020;Enero;MOTOCICLETA;PARTICULAR;Motociclista;30;MASCULINO;HERIDOS;0;0;0;;KILOMETRO 17+00 VIA ACUARELA;medellÃn palmas envigado (km 12 - km 16+700);VEREDA PALMAS;6.155614178737519, -75.5357971877783;CHOQUE;VEHICULO;NO REPORTADO;NO REPORTADO;Normal;Impericia en el manejo  -  No respetar pelacion de interseccion o giros
2200111;17/01/2020;1:00:00 p. m.;Viernes;2020;Enero;MOTOCICLETA;PARTICULAR;Motociclista;19;MASCULINO;HERIDOS;0;0;0;0;CALLE 38 SUR CON CARRERA 29A;;SAN JOSE;6.1649563457984184, -75.58079523155277;CHOQUE;VEHICULO;NO REPORTADO;RESIDENCIAL;Normal;Otra-Conductor
2200112;17/01/2020;8:00:00 p. m.;Viernes;2020;Enero;MOTOCICLETA;PARTICULAR;Motociclista;31;FEMENINO;HERIDOS;0;0;0;0;CARRERA 42 CON CALLE 42DD SUR 91;;EL DORADO;6.160042064737835, -75.59838387848826;CHOQUE;VEHICULO;NO REPORTADO;RESIDENCIAL;Normal;Impericia en el manejo
2200113;17/01/2020;4:20:00 p. m.;Viernes;2020;Enero;MOTOCICLETA;PARTICULAR;Motociclista;19;MASCULINO;HERIDOS;0;0;0;0;CALLE 36D SUR CON CARRERA 27-224;;LA PRADERA;6.1635441975081, -75.57196706499519;CHOQUE;VEHICULO;NO REPORTADO;RESIDENCIAL;Normal;Girar bruscamente
2200131;21/01/2020;10:10:00 p. m.;Martes;2020;Enero;MOTOCICLETA;PARTICULAR;Acompañante;39;FEMENINO;HERIDOS;0;0;0;0;CARRERA 43A CON CALLE 25 SUR;;BOSQUES DE ZUÑIGA;6.181527767015737, -75.58125395108142;CAIDA OCUPANTE;NO REPORTADO;NO REPORTADO;RESIDENCIAL;Lluvia;Desobedecer señales  -  Impericia en el manejo
2200132;21/01/2020;3:50:00 p. m.;Martes;2020;Enero;CAMPERO;PARTICULAR;Acompañante;34;FEMENINO;HERIDOS;0;0;0;0;KILOMETRO 0+100;el escobero - km 0-13);VEREDA EL ESCOBERO;6.153051290483949, -75.56338892124204;VOLCAMIENTO;NO REPORTADO;NO REPORTADO;NO REPORTADO;Lluvia;Impericia en el manejo
2200132;21/01/2020;3:50:00 p. m.;Martes;2020;Enero;CAMPERO;PARTICULAR;Conductor;64;MASCULINO;HERIDOS;0;0;0;0;KILOMETRO 0+100;el escobero - km 0-13);VEREDA EL ESCOBERO;6.153051290483949, -75.56338892124204;VOLCAMIENTO;NO REPORTADO;NO REPORTADO;NO REPORTADO;Lluvia;Impericia en el manejo
2200132;21/01/2020;3:50:00 p. m.;Martes;2020;Enero;CAMPERO;PARTICULAR;Acompañante;31;FEMENINO;HERIDOS;0;0;0;0;KILOMETRO 0+100;el escobero - km 0-13);VEREDA EL ESCOBERO;6.153051290483949, -75.56338892124204;VOLCAMIENTO;NO REPORTADO;NO REPORTADO;NO REPORTADO;Lluvia;Impericia en el manejo
2200132;21/01/2020;3:50:00 p. m.;Martes;2020;Enero;CAMPERO;PARTICULAR;Acompañante;28;FEMENINO;HERIDOS;0;0;0;0;KILOMETRO 0+100;el escobero - km 0-13);VEREDA EL ESCOBERO;6.153051290483949, -75.56338892124204;VOLCAMIENTO;NO REPORTADO;NO REPORTADO;NO REPORTADO;Lluvia;Impericia en el manejo
2200141;22/01/2020;4:30:00 p. m.;Miércoles;2020;Enero;AUTOMOVIL;PARTICULAR;Peaton;31;MASCULINO;HERIDOS;0;0;0;0;DIAGONAL 32D CON TRANSVERSAL 34 SUR 22;;BUCAREST;6.172789130577947, -75.58324895952394;ATROPELLO;NO REPORTADO;NO REPORTADO;RESIDENCIAL;Normal;Impericia en el manejo
2200142;21/01/2020;5:20:00 p. m.;Martes;2020;Enero;MOTOCICLETA;PARTICULAR;Acompañante;18;FEMENINO;HERIDOS;0;0;0;0;CALLE 50 SUR CON CARRERA 46;;LAS CASITAS;6.160778612626781, -75.6027846452;CAIDA OCUPANTE;NO REPORTADO;NO REPORTADO;RESIDENCIAL;Normal;Impericia en el manejo
2200143;23/01/2020;5:50:00 p. m.;Jueves;2020;Enero;MOTOCICLETA;PARTICULAR;Motociclista;44;MASCULINO;HERIDOS;0;0;0;0;CALLE 25 SUR # 47-18;;BOSQUES DE ZUÑIGA;6.185157455947049, -75.58260600631468;CHOQUE;VEHICULO;NO REPORTADO;RESIDENCIAL;Normal;Otra-Conductor
2200145;22/01/2020;3:30:00 p. m.;Miércoles;2020;Enero;MOTOCICLETA;PARTICULAR;Motociclista;39;MASCULINO;HERIDOS;0;0;0;0;CARRERA 43A CON CALLE 31A SUR 61;;SAN MARCOS;6.176344932059688, -75.58552406437619;CHOQUE;VEHICULO;NO REPORTADO;RESIDENCIAL;Normal;Impericia en el manejo
2200149;23/01/2020;6:30:00 p. m.;Jueves;2020;Enero;AUTOMOVIL;PARTICULAR;Conductor;40;FEMENINO;HERIDOS;0;0;0;0;DIAGONAL 31C CON TRANSVERSAL 32A SUR;;LA MAGNOLIA;6.176287878697437, -75.5805008916989;CHOQUE;VEHICULO;NO REPORTADO;RESIDENCIAL;Normal;Adelantar cerrando
2200159;24/01/2020;2:56:00 p. m.;Viernes;2020;Enero;MOTOCICLETA;PARTICULAR;Motociclista;43;MASCULINO;HERIDOS;0;0;0;0;CARRERA 25A CON CALLE 38D SUR 30;;EL CHINGUÍ;6.154313104044244, -75.57396110049683;CAIDA OCUPANTE;NO REPORTADO;NO REPORTADO;RESIDENCIAL;Normal;Superficie lisa
2200161;25/01/2020;9:00:00 p. m.;Sábado;2020;Enero;MOTOCICLETA;PARTICULAR;Motociclista;22;MASCULINO;HERIDOS;0;0;0;0;KILOMETRO 12+216;retiro varia palmas enviga (km 5+43 - km 14+ 550);VEREDA PALMAS;6.158651079704594, -75.51932494262718;CHOQUE;VEHICULO;NO REPORTADO;NO REPORTADO;Normal;Girar bruscamente  -  Transitar sin luces
2200166;25/01/2020;11:10:00 p. m.;Sábado;2020;Enero;MOTOCICLETA;PARTICULAR;Motociclista;32;MASCULINO;HERIDOS;0;0;0;0;CARRERA 48 CON CALLE 40 SUR;;LAS VEGAS;6.170220061034249, -75.59578144973783;CHOQUE;VEHICULO;NO REPORTADO;RESIDENCIAL;Normal;Semaforo en rojo
2200166;25/01/2020;11:10:00 p. m.;Sábado;2020;Enero;MOTOCICLETA;PARTICULAR;Acompañante;24;FEMENINO;HERIDOS;0;0;0;0;CARRERA 48 CON CALLE 40 SUR;;LAS VEGAS;6.170220061034249, -75.59578144973783;CHOQUE;VEHICULO;NO REPORTADO;RESIDENCIAL;Normal;Semaforo en rojo