NRO_RADICADO;FECHA_ACCIDENTE;HORA_ACCIDENTE;Día de la semana;AÑO;MES;CLASE_VEHICULO;TIPO_SERVICIO;TIPO_VICTIMA;EDAD;GENERO;GRAVEDAD;ESTADO_BEODEZ;ESTADO_DROGA;RESULTADO_BEODEZ;RESUL_BEODEZ_GRAMOS;DIRECCION_CARACT_VIA;TRAMO_VIA;LOCALIDAD_O_COMUNA;    GEORREFERENCIACIÓN;DESC_CLASE_ACCIDENTE;DESC_CHOQUE_ACCIDENTE;DESC_OBJETO_FIJO;DESC_SECTOR_ACCIDENTE;CONDICION_CLIMATICA;CAUSA_ACCIDENTE
2200167;25/01/2020;11:05:00 p. m.;Sábado;2020;Enero;MOTOCICLETA;PARTICULAR;Acompañante;30;MASCULINO;HERIDOS;0;0;0;0;CARRERA 48 CON CALLE 30 SUR;;LAS VEGAS;6.179496718217783, -75.58819458527805;CHOQUE;VEHICULO;NO REPORTADO;RESIDENCIAL;Normal;Semaforo en rojo
2200179;26/01/2020;2:50:00 p. m.;Domingo;2020;Enero;MOTOCICLETA;PARTICULAR;Motociclista;21;MASCULINO;HERIDOS;0;0;0;;CARRERA 48 CON CALLE 39A SUR;;LAS VEGAS;6.171390727047165, -75.59433696507807;CHOQUE;VEHICULO;NO REPORTADO;RESIDENCIAL;Normal;Semaforo en rojo
2200181;27/01/2020;7:40:00 a. m.;Lunes;2020;Enero;BUS;PUBLICO;Pasajero;56;MASCULINO;HERIDOS;0;0;0;0;CALLE 35 SUR CON CARRERA 42;;ZONA CENTRO;6.171805360265587, -75.58610033515076;CAIDA OCUPANTE;NO REPORTADO;NO REPORTADO;RESIDENCIAL;Normal;Arrancar sin precaucion
2200185;25/01/2020;7:20:00 p. m.;Sábado;2020;Enero;MOTOCICLETA;PARTICULAR;Motociclista;24;MASCULINO;HERIDOS;0;0;0;0;CARRERA 43A CON TRANSVERSAL 27A SUR;;PONTE VEDRA;6.178998369988548, -75.58360620019316;CHOQUE;VEHICULO;NO REPORTADO;RESIDENCIAL;Normal;Otra-Conductor
2200185;25/01/2020;7:20:00 p. m.;Sábado;2020;Enero;MOTOCICLETA;PARTICULAR;Acompañante;21;FEMENINO;HERIDOS;0;0;0;0;CARRERA 43A CON TRANSVERSAL 27A SUR;;PONTE VEDRA;6.178998369988548, -75.58360620019316;CHOQUE;VEHICULO;NO REPORTADO;RESIDENCIAL;Normal;Otra-Conductor
2200186;25/01/2020;8:00:00 a. m.;Sábado;2020;Enero;MOTOCICLETA;PARTICULAR;Motociclista;22;MASCULINO;HERIDOS;0;0;0;;CARRERA 29A CON CALLE 36D SUR ;;LA PRADERA;6.166495828593506, -75.57927548094132;CAIDA OCUPANTE;NO REPORTADO;NO REPORTADO;RESIDENCIAL;Normal;Impericia en el manejo
2200187;24/01/2020;7:00:00 a. m.;Viernes;2020;Enero;MOTOCICLETA;PARTICULAR;Acompañante;49;MASCULINO;HERIDOS;0;0;0;0;KILOMETRO 11+400;retiro varia palmas enviga (km 5+43 - km 14+ 550);VEREDA PALMAS;6.163103200365872, -75.51499563015662;CAIDA OCUPANTE;NO REPORTADO;NO REPORTADO;NO REPORTADO;Lluvia;Impericia en el manejo
2200188;27/01/2020;3:00:00 p. m.;Lunes;2020;Enero;AUTOMOVIL;PUBLICO;Conductor;34;MASCULINO;HERIDOS;0;0;0;0;TRANSVERSAL 36A SUR CON DIAGONAL 29-156;;LA SEBASTIANA;6.167821917599499, -75.5794846237274;CHOQUE;VEHICULO;NO REPORTADO;RESIDENCIAL;Normal;No mantener distancia de seguridad
2200189;26/01/2020;7:30:00 p. m.;Domingo;2020;Enero;MOTOCICLETA;OFICIAL;Motociclista;25;MASCULINO;HERIDOS;0;0;0;0;KILOMETRO 2+100;el escobero - km 0-13);VEREDA EL ESCOBERO;6.140463941284381, -75.55883818309994;CAIDA OCUPANTE;NO REPORTADO;NO REPORTADO;NO REPORTADO;Normal;Impericia en el manejo
2200190;27/01/2020;9:40:00 p. m.;Lunes;2020;Enero;MOTOCICLETA;PARTICULAR;Acompañante;21;MASCULINO;HERIDOS;0;0;0;;CARRERA 48 CON CALLE 49 SUR;;LAS VEGAS;6.163348131256726, -75.60251593624304;ATROPELLO;NO REPORTADO;NO REPORTADO;RESIDENCIAL;Normal;Otra-Conductor
2200190;27/01/2020;9:40:00 p. m.;Lunes;2020;Enero;MOTOCICLETA;PARTICULAR;Peaton;46;FEMENINO;HERIDOS;0;0;0;;CARRERA 48 CON CALLE 49 SUR;;LAS VEGAS;6.163348131256726, -75.60251593624304;ATROPELLO;NO REPORTADO;NO REPORTADO;RESIDENCIAL;Normal;Otra-Conductor
2200190;27/01/2020;9:40:00 p. m.;Lunes;2020;Enero;MOTOCICLETA;PARTICULAR;Motociclista;20;MASCULINO;HERIDOS;0;0;0;;CARRERA 48 CON CALLE 49 SUR;;LAS VEGAS;6.163348131256726, -75.60251593624304;ATROPELLO;NO REPORTADO;NO REPORTADO;RESIDENCIAL;Normal;Otra-Conductor
2200191;27/01/2020;7:15:00 a. m.;Lunes;2020;Enero;MOTOCICLETA;PARTICULAR;Motociclista;27;FEMENINO;HERIDOS;0;0;0;0;CALLE 53 SUR CON CARRERA 40-21;;LOMA DEL BARRO;6.155033943131625, -75.60166531414285;CHOQUE;VEHICULO;NO REPORTADO;RESIDENCIAL;Normal;Impericia en el manejo  -  Transitar en contravia
2200194;26/01/2020;6:00:00 a. m.;Domingo;2020;Enero;BICICLETA;;Ciclista;70;MASCULINO;HERIDOS;0;0;0;0;CARRERA 48 CON CALLE 50 SUR;;LAS VEGAS;6.162072458716961, -75.60353659646475;CHOQUE;VEHICULO;NO REPORTADO;RESIDENCIAL;Normal;No hacer uso de señales reflectivas o luminosas  -  No respetar pelacion de interseccion o giros
2200197;26/01/2020;7:30:00 p. m.;Domingo;2020;Enero;MOTOCICLETA;PARTICULAR;Acompañante;13;MASCULINO;HERIDOS;0;0;0;0;CARRERA 50 CON CALLE 19 SUR;;LAS VEGAS;6.188167, -75.583364;CAIDA OCUPANTE;NO REPORTADO;NO REPORTADO;RESIDENCIAL;Normal;Huecos
2200200;28/01/2020;5:00:00 p. m.;Martes;2020;Enero;AUTOMOVIL;PUBLICO;Pasajero;29;FEMENINO;HERIDOS;0;0;0;0;CARRERA 34 CON CALLE 38A SUR;;MESA;6.166189796538373, -75.58301846129608;CHOQUE;VEHICULO;NO REPORTADO;RESIDENCIAL;Normal;Desobedecer señales
2200202;28/01/2020;10:55:00 a. m.;Martes;2020;Enero;MOTOCICLETA;PARTICULAR;Motociclista;38;MASCULINO;HERIDOS;0;0;0;0;CARRERA 43A CON CALLE 27A SUR;;PONTE VEDRA;6.178998369988548, -75.58360620019316;CHOQUE;VEHICULO;NO REPORTADO;RESIDENCIAL;Normal;No mantener distancia de seguridad
2200203;29/01/2020;9:55:00 p. m.;Miércoles;2020;Enero;MOTOCICLETA;PARTICULAR;Motociclista;37;FEMENINO;HERIDOS;0;0;0;0;CALLE 36D SUR CON CARRERA 27A;;LA PRADERA;6.1632592308175065, -75.5717559036249;CHOQUE;VEHICULO;NO REPORTADO;RESIDENCIAL;Normal;Adelantar en zona prohibida
2200207;29/01/2020;2:00:00 p. m.;Miércoles;2020;Enero;MOTOCICLETA;PARTICULAR;Motociclista;46;MASCULINO;HERIDOS;0;0;0;0;CARRERA 43A CON TRANSVERSAL 27A SUR ;;PONTE VEDRA;6.179382617643093, -75.58373142793342;CHOQUE;VEHICULO;NO REPORTADO;RESIDENCIAL;Normal;Adelantar por la derecha
2200213;29/01/2020;4:15:00 p. m.;Miércoles;2020;Enero;CAMPERO;PARTICULAR;Peaton;20;FEMENINO;HERIDOS;0;0;0;0;DIAGONAL 31E CON TRANSVERSAL 34D SUR;;OBRERO;6.17192700805297, -75.58039431274938;ATROPELLO;NO REPORTADO;NO REPORTADO;RESIDENCIAL;Normal;Cruzar sin observar
2200217;31/01/2020;1:10:00 a. m.;Viernes;2020;Enero;MOTOCICLETA;PARTICULAR;Acompañante;22;FEMENINO;HERIDOS;1;0;2;140;CALLE 40F SUR CON CARRERA 36;;EL DORADO;6.163486996129273, -75.58607399097107;CHOQUE;OBJETO FIJO;VALLA - SEÑAL;RESIDENCIAL;Normal;Embriaguez o droga
2200217;31/01/2020;1:10:00 a. m.;Viernes;2020;Enero;MOTOCICLETA;PARTICULAR;Motociclista;20;MASCULINO;HERIDOS;1;0;2;140;CALLE 40F SUR CON CARRERA 36;;EL DORADO;6.163486996129273, -75.58607399097107;CHOQUE;OBJETO FIJO;VALLA - SEÑAL;RESIDENCIAL;Normal;Embriaguez o droga
2200219;1/02/2020;11:30:00 a. m.;Sábado;2020;Febrero;MOTOCICLETA;PARTICULAR;Motociclista;21;MASCULINO;HERIDOS;0;0;0;0;CALLE 39 SUR CON CARRERA 45;;ALCALA;6.16979776127263, -75.59107729198125;CHOQUE;VEHICULO;NO REPORTADO;RESIDENCIAL;Normal;No respetar prelacion
2200220;31/01/2020;4:10:00 p. m.;Viernes;2020;Enero;MOTOCICLETA;PARTICULAR;Motociclista;37;MASCULINO;HERIDOS;0;0;0;0;CARRERA 48 CON CALLE 46 SUR;;LAS VEGAS;6.16644712875881, -75.5993127767276;CHOQUE;VEHICULO;NO REPORTADO;RESIDENCIAL;Normal;No mantener distancia de seguridad
2200225;31/01/2020;4:30:00 p. m.;Viernes;2020;Enero;BUSETA;PUBLICO;Pasajero;27;FEMENINO;HERIDOS;0;0;0;0;CALLE 40 SUR CON CARRERA 32;;SAN JOSE;6.163701096518501, -75.58314572081697;CHOQUE;VEHICULO;NO REPORTADO;RESIDENCIAL;Normal;Poner en marcha un vehiculo sin precauci
2200227;1/02/2020;11:40:00 p. m.;Sábado;2020;Febrero;MOTOCICLETA;PARTICULAR;Motociclista;25;MASCULINO;HERIDOS;0;0;0;0;CARRERA 27A CON CALLE 37 SUR 80;;LOMA DE LAS BRUJAS;6.1625821266788, -75.57387624659599;CHOQUE;VEHICULO;NO REPORTADO;RESIDENCIAL;Normal;Impericia en el manejo
2200230;1/02/2020;11:30:00 a. m.;Sábado;2020;Febrero;MOTOCICLETA;PARTICULAR;Acompañante;29;FEMENINO;HERIDOS;0;0;0;0;CALLE 26 SUR CON CARRERA 48;;LAS VEGAS;6.182420527011184, -75.5860771483102;CHOQUE;VEHICULO;NO REPORTADO;RESIDENCIAL;Normal;No respetar prelacion
2200230;1/02/2020;11:30:00 a. m.;Sábado;2020;Febrero;MOTOCICLETA;PARTICULAR;Motociclista;29;MASCULINO;HERIDOS;0;0;0;0;CALLE 26 SUR CON CARRERA 48;;LAS VEGAS;6.182420527011184, -75.5860771483102;CHOQUE;VEHICULO;NO REPORTADO;RESIDENCIAL;Normal;No respetar prelacion
2200232;2/02/2020;7:00:00 p. m.;Domingo;2020;Febrero;AUTOMOVIL;PUBLICO;Pasajero;50;FEMENINO;HERIDOS;0;0;0;0;CALLE 37 SUR CON CARRERA 28C40;;LA PRADERA;6.1664142675390785, -75.57836816739129;CHOQUE;VEHICULO;NO REPORTADO;RESIDENCIAL;Normal;Impericia en el manejo
2200254;31/01/2020;5:40:00 p. m.;Viernes;2020;Enero;MOTOCICLETA;PARTICULAR;Motociclista;24;FEMENINO;HERIDOS;0;0;0;0;CARRERA 50 CON CALLE 36 SUR;;LAS VEGAS;6.176858, -75.593221;CHOQUE;VEHICULO;NO REPORTADO;RESIDENCIAL;Normal;No mantener distancia de seguridad
2200256;1/02/2020;8:00:00 a. m.;Sábado;2020;Febrero;MOTOCICLETA;PARTICULAR;Acompañante;20;MASCULINO;HERIDOS;0;0;0;;CARRERA 50 CON CALLE 25AA SUR;;LAS VEGAS;6.185690, -75.586150;CHOQUE;VEHICULO;NO REPORTADO;RESIDENCIAL;Normal;Desobedecer señales  -  No mantener distancia de seguridad
2200256;1/02/2020;8:00:00 a. m.;Sábado;2020;Febrero;MOTOCICLETA;PARTICULAR;Motociclista;20;FEMENINO;HERIDOS;0;0;0;;CARRERA 50 CON CALLE 25AA SUR;;LAS VEGAS;6.185690, -75.586150;CHOQUE;VEHICULO;NO REPORTADO;RESIDENCIAL;Normal;Desobedecer señales  -  No mantener distancia de seguridad
2200257;1/02/2020;2:45:00 p. m.;Sábado;2020;Febrero;MOTOCICLETA;PARTICULAR;Motociclista;19;MASCULINO;HERIDOS;0;0;0;0;CALLE 40C SUR CON CARRERA 29;;LA MINA;6.160642298910812, -75.58266992081701;CHOQUE;VEHICULO;NO REPORTADO;RESIDENCIAL;Normal;No respetar prelacion
2200261;1/02/2020;3:00:00 p. m.;Sábado;2020;Febrero;AUTOMOVIL;PARTICULAR;Acompañante;25;FEMENINO;HERIDOS;0;0;0;0;CALLE 21 SUR CON CARRERA 41B55;;ZUÑIGA;6.182986541058148, -75.57846939050964;CHOQUE;VEHICULO;NO REPORTADO;RESIDENCIAL;Normal;Impericia en el manejo
2200261;1/02/2020;3:00:00 p. m.;Sábado;2020;Febrero;AUTOMOVIL;PARTICULAR;Conductor;24;FEMENINO;HERIDOS;0;0;0;0;CALLE 21 SUR CON CARRERA 41B55;;ZUÑIGA;6.182986541058148, -75.57846939050964;CHOQUE;VEHICULO;NO REPORTADO;RESIDENCIAL;Normal;Impericia en el manejo
2200262;3/02/2020;4:40:00 p. m.;Lunes;2020;Febrero;MOTOCICLETA;PARTICULAR;Motociclista;36;MASCULINO;HERIDOS;0;0;0;0;CALLE 40B SUR CON CARRERA 27B;;LA MINA;6.158943030590376, -75.58178976314568;CHOQUE;VEHICULO;NO REPORTADO;RESIDENCIAL;Normal;Impericia en el manejo
2200263;4/02/2020;8:15:00 a. m.;Martes;2020;Febrero;MOTOCICLETA;PARTICULAR;Motociclista;27;MASCULINO;HERIDOS;0;0;0;0;CARRERA 33 CON CALLE 39 SUR 24;;MESA;6.164727284623533, -75.5830644184233;CHOQUE;OBJETO FIJO;VEHICULO ESTACIONADO;RESIDENCIAL;Normal;Adelantar por la derecha
2200266;3/02/2020;6:50:00 a. m.;Lunes;2020;Febrero;MOTOCICLETA;PARTICULAR;Acompañante;21;MASCULINO;HERIDOS;0;0;0;0;CALLE 36D SUR CON CARRERA 27D 155;;LA PRADERA;6.165645868993711, -75.57456980732388;CHOQUE;VEHICULO;NO REPORTADO;RESIDENCIAL;Normal;Adelantar por la derecha
2200266;3/02/2020;6:50:00 a. m.;Lunes;2020;Febrero;MOTOCICLETA;PARTICULAR;Motociclista;20;MASCULINO;HERIDOS;0;0;0;0;CALLE 36D SUR CON CARRERA 27D 155;;LA PRADERA;6.165645868993711, -75.57456980732388;CHOQUE;VEHICULO;NO REPORTADO;RESIDENCIAL;Normal;Adelantar por la derecha
2200271;1/02/2020;8:50:00 a. m.;Sábado;2020;Febrero;BICICLETA;;Ciclista;69;MASCULINO;HERIDOS;0;0;0;0;CARRERA 48 CON CALLE 39 SUR;;LAS VEGAS;6.171879026895264, -75.5937303639867;CHOQUE;VEHICULO;NO REPORTADO;RESIDENCIAL;Normal;No respetar pelacion de interseccion o giros
2200271;1/02/2020;8:50:00 a. m.;Sábado;2020;Febrero;MOTOCICLETA;PARTICULAR;Motociclista;26;MASCULINO;HERIDOS;0;0;0;0;CARRERA 48 CON CALLE 39 SUR;;LAS VEGAS;6.171879026895264, -75.5937303639867;CHOQUE;VEHICULO;NO REPORTADO;RESIDENCIAL;Normal;No respetar pelacion de interseccion o giros
2200272;2/02/2020;9:00:00 a. m.;Domingo;2020;Febrero;MOTOCICLETA;PARTICULAR;Motociclista;30;FEMENINO;HERIDOS;0;0;0;0;CALLE 40 SUR CON CARRERA 24;;EL SALADO;6.1423323620951935, -75.57475705547657;CHOQUE;VEHICULO;NO REPORTADO;RESIDENCIAL;Normal;Impericia en el manejo
2200275;4/02/2020;5:00:00 p. m.;Martes;2020;Febrero;MOTOCICLETA;PARTICULAR;Motociclista;22;FEMENINO;HERIDOS;0;0;0;0;CARRERA 50 CON CALLE 43 SUR;;LAS VEGAS;6.171018, -75.600755;CHOQUE;VEHICULO;NO REPORTADO;RESIDENCIAL;Normal;No mantener distancia de seguridad
2200281;3/02/2020;5:40:00 p. m.;Lunes;2020;Febrero;BICICLETA;;Ciclista;18;FEMENINO;HERIDOS;0;0;0;0;CARRERA 48 CON CALLE 27 SUR 150;;LAS VEGAS;6.179919171965835, -75.5877114766878;CHOQUE;VEHICULO;NO REPORTADO;RESIDENCIAL;Normal;No mantener distancia de seguridad
2200283;5/02/2020;6:35:00 a. m.;Miércoles;2020;Febrero;AUTOMOVIL;PARTICULAR;Acompañante;21;FEMENINO;HERIDOS;0;0;0;;CARRERA 43A CON CALLE 48C SUR;;PRIMAVERA;6.162222305860492, -75.5976995886002;CHOQUE;VEHICULO;NO REPORTADO;RESIDENCIAL;Normal;No mantener distancia de seguridad
2200283;5/02/2020;6:35:00 a. m.;Miércoles;2020;Febrero;AUTOMOVIL;PARTICULAR;Conductor;46;FEMENINO;HERIDOS;0;0;0;;CARRERA 43A CON CALLE 48C SUR;;PRIMAVERA;6.162222305860492, -75.5976995886002;CHOQUE;VEHICULO;NO REPORTADO;RESIDENCIAL;Normal;No mantener distancia de seguridad
2200284;5/02/2020;9:28:00 p. m.;Miércoles;2020;Febrero;MOTOCICLETA;PARTICULAR;Acompañante;29;FEMENINO;MUERTOS;0;0;0;0;CARRERA 43A CON CALLE 48C SUR ;;PRIMAVERA;6.162222305860492, -75.5976995886002;CHOQUE;OBJETO FIJO;OTRO TIPO;RESIDENCIAL;Normal;Impericia en el manejo
2200284;5/02/2020;9:28:00 p. m.;Miércoles;2020;Febrero;MOTOCICLETA;PARTICULAR;Motociclista;23;MASCULINO;HERIDOS;0;0;0;0;CARRERA 43A CON CALLE 48C SUR ;;PRIMAVERA;6.162222305860492, -75.5976995886002;CHOQUE;OBJETO FIJO;OTRO TIPO;RESIDENCIAL;Normal;Impericia en el manejo
2200285;5/02/2020;10:30:00 a. m.;Miércoles;2020;Febrero;BICICLETA;;Peaton;68;MASCULINO;HERIDOS;0;0;0;;CALLE 39D SUR CON CARRERA 24EE 04;;EL SALADO;6.149357363560492, -75.57611614864311;ATROPELLO;NO REPORTADO;NO REPORTADO;RESIDENCIAL;Normal;Cruzar sin observar  -  No conducir a harcajadas
2200289;6/02/2020;2:10:00 p. m.;Jueves;2020;Febrero;AUTOMOVIL;PARTICULAR;Peaton;50;FEMENINO;HERIDOS;0;0;0;0;CALLE 36D SUR CON CARRERA 23-07;;VEREDA EL ESCOBERO;6.152906864157815, -75.56511479282284;ATROPELLO;NO REPORTADO;NO REPORTADO;RESIDENCIAL;Normal;Transitar por la calzada
2200292;5/02/2020;7:45:00 a. m.;Miércoles;2020;Febrero;MOTOCICLETA;PARTICULAR;Acompañante;54;FEMENINO;HERIDOS;0;0;0;0;KILOMETRO 16+070;medellÃn palmas envigado (km 12 - km 16+700);VEREDA PALMAS;6.153962066278413, -75.53830061536559;ATROPELLO;NO REPORTADO;NO REPORTADO;NO REPORTADO;Normal;Adelantar en zona prohibida  -  Cruzar sin observar
2200292;5/02/2020;7:45:00 a. m.;Miércoles;2020;Febrero;MOTOCICLETA;PARTICULAR;Peaton;20;FEMENINO;HERIDOS;0;0;0;0;KILOMETRO 16+070;medellÃn palmas envigado (km 12 - km 16+700);VEREDA PALMAS;6.153962066278413, -75.53830061536559;ATROPELLO;NO REPORTADO;NO REPORTADO;NO REPORTADO;Normal;Adelantar en zona prohibida  -  Cruzar sin observar
2200294;6/02/2020;10:20:00 p. m.;Jueves;2020;Febrero;MOTOCICLETA;PARTICULAR;Motociclista;25;MASCULINO;HERIDOS;0;0;0;;CALLE 38D SUR CON CARRERA 24;;EL CHINGUÍ;6.152948921250477, -75.56888279781086;CHOQUE;VEHICULO;NO REPORTADO;RESIDENCIAL;Normal;Impericia en el manejo
2200297;6/02/2020;5:30:00 p. m.;Jueves;2020;Febrero;MOTOCICLETA;PARTICULAR;Motociclista;30;MASCULINO;HERIDOS;0;0;0;0;KILOMETRO 7+050;retiro varia palmas enviga (km 5+43 - km 14+ 550);VEREDA PERICO;6.170770419055408, -75.48977527978131;CHOQUE;VEHICULO;NO REPORTADO;NO REPORTADO;Normal;No mantener distancia de seguridad
2200297;6/02/2020;5:30:00 p. m.;Jueves;2020;Febrero;MOTOCICLETA;PARTICULAR;Acompañante;32;FEMENINO;HERIDOS;0;0;0;0;KILOMETRO 7+050;retiro varia palmas enviga (km 5+43 - km 14+ 550);VEREDA PERICO;6.170770419055408, -75.48977527978131;CHOQUE;VEHICULO;NO REPORTADO;NO REPORTADO;Normal;No mantener distancia de seguridad
2200300;6/02/2020;12:41:00 p. m.;Jueves;2020;Febrero;MOTOCICLETA;PARTICULAR;Motociclista;22;MASCULINO;HERIDOS;0;0;0;0;CALLE 44B SUR CON CARRERA 42 B;;LA PAZ;6.164242763553311, -75.59281406129617;CHOQUE;VEHICULO;NO REPORTADO;RESIDENCIAL;Normal;No mantener distancia de seguridad
2200306;8/02/2020;12:45:00 p. m.;Sábado;2020;Febrero;MOTOCICLETA;PARTICULAR;Motociclista;28;MASCULINO;MUERTOS;0;0;0;0;KILOMETRO 7+910;retiro varia palmas enviga (km 5+43 - km 14+ 550);VEREDA PERICO;6.174256, -75.495569;CHOQUE;OBJETO FIJO;POSTE;NO REPORTADO;Normal;Otra-Conductor
2200315;7/02/2020;10:50:00 a. m.;Viernes;2020;Febrero;MOTOCICLETA;PARTICULAR;Motociclista;24;MASCULINO;HERIDOS;0;0;0;0;CALLE 27D SUR CON CARRERA 27C-101;;URIBE ANGEL;6.172220492545149, -75.57454956253005;CHOQUE;VEHICULO;NO REPORTADO;RESIDENCIAL;Normal;Impericia en el manejo
2200316;6/02/2020;7:00:00 p. m.;Jueves;2020;Febrero;MOTOCICLETA;PARTICULAR;Peaton;66;MASCULINO;HERIDOS;0;0;0;0;DIAGONAL 33 CON TRANSVERSAL 34E SUR 11;;LOS NARANJOS;6.170146994050131, -75.58263849097095;ATROPELLO;NO REPORTADO;NO REPORTADO;RESIDENCIAL;Normal;Impericia en el manejo
2200317;6/02/2020;5:00:00 p. m.;Jueves;2020;Febrero;MOTOCICLETA;PARTICULAR;Motociclista;22;MASCULINO;HERIDOS;0;0;0;0;CARRERA 48 CON CALLE 49 SUR;;LAS CASITAS;6.163050162859091, -75.60243147678031;CHOQUE;VEHICULO;NO REPORTADO;RESIDENCIAL;Normal;Adelantar por la derecha
2200318;7/02/2020;10:50:00 a. m.;Viernes;2020;Febrero;MOTOCICLETA;PARTICULAR;Peaton;79;MASCULINO;HERIDOS;0;0;0;0;TRANSVERSAL 35A SUR CON CALLE 36 SUR;;LOS NARANJOS;6.169140161643798, -75.58329282165872;ATROPELLO;NO REPORTADO;NO REPORTADO;RESIDENCIAL;Normal;Cruzar sin observar
2200319;8/02/2020;5:30:00 p. m.;Sábado;2020;Febrero;MOTOCICLETA;PARTICULAR;Motociclista;32;MASCULINO;HERIDOS;0;0;0;0;CALLE 48F SUR CON CARRERA 39B-314;;LOMA DEL BARRO;6.15989096274839, -75.59850277293975;CHOQUE;VEHICULO;NO REPORTADO;RESIDENCIAL;Lluvia;Adelantar invadiendo carril de sentido contrario
2200321;6/02/2020;5:40:00 p. m.;Jueves;2020;Febrero;MOTOCICLETA;PARTICULAR;Motociclista;28;FEMENINO;HERIDOS;0;0;0;0;KILOMETRO 13+700;retiro varia palmas enviga (km 5+43 - km 14+ 550);VEREDA PALMAS;6.159042697404654, -75.53211567623572;CHOQUE;VEHICULO;NO REPORTADO;NO REPORTADO;Normal;Adelantar cerrando
2200322;6/02/2020;11:40:00 a. m.;Jueves;2020;Febrero;MOTOCICLETA;PARTICULAR;Acompañante;21;FEMENINO;HERIDOS;0;0;0;0;CALLE 25 SUR CON CARRERA 48;;LAS VEGAS;6.1855643490049115, -75.58313696302534;CAIDA OCUPANTE;NO REPORTADO;NO REPORTADO;RESIDENCIAL;Normal;Impericia en el manejo
2200322;6/02/2020;11:40:00 a. m.;Jueves;2020;Febrero;MOTOCICLETA;PARTICULAR;Motociclista;21;MASCULINO;HERIDOS;0;0;0;0;CALLE 25 SUR CON CARRERA 48;;LAS VEGAS;6.1855643490049115, -75.58313696302534;CAIDA OCUPANTE;NO REPORTADO;NO REPORTADO;RESIDENCIAL;Normal;Impericia en el manejo
2200323;8/02/2020;7:45:00 p. m.;Sábado;2020;Febrero;MOTOCICLETA;PARTICULAR;Acompañante;17;FEMENINO;HERIDOS;0;0;0;0;TRANSVERSAL 34C SUR CON DIAGONAL 39-10;;OBRERO;6.171275027102563, -75.5841802928227;CHOQUE;VEHICULO;NO REPORTADO;RESIDENCIAL;Normal;Otra-Conductor
2200323;8/02/2020;7:45:00 p. m.;Sábado;2020;Febrero;MOTOCICLETA;PARTICULAR;Motociclista;24;MASCULINO;HERIDOS;0;0;0;0;TRANSVERSAL 34C SUR CON DIAGONAL 39-10;;OBRERO;6.171275027102563, -75.5841802928227;CHOQUE;VEHICULO;NO REPORTADO;RESIDENCIAL;Normal;Otra-Conductor
2200324;9/02/2020;11:30:00 a. m.;Domingo;2020;Febrero;MOTOCICLETA;PARTICULAR;Motociclista;21;MASCULINO;HERIDOS;0;0;0;0;CARRERA 50 CON CALLE 30 SUR;;LAS VEGAS;6.180427, -75.590467;OTRO;NO REPORTADO;NO REPORTADO;RESIDENCIAL;Normal;Otra-Conductor
2200325;9/02/2020;12:12:00 a. m.;Domingo;2020;Febrero;AUTOMOVIL;PUBLICO;Pasajero;61;FEMENINO;HERIDOS;0;0;0;;CALLE 37 SUR CON CARRERA 39;;ZONA CENTRO;6.168948660785958, -75.58498629467448;CHOQUE;VEHICULO;NO REPORTADO;RESIDENCIAL;Normal;Otra-Conductor
2200325;9/02/2020;12:12:00 a. m.;Domingo;2020;Febrero;AUTOMOVIL;PUBLICO;Pasajero;54;FEMENINO;HERIDOS;0;0;0;;CALLE 37 SUR CON CARRERA 39;;ZONA CENTRO;6.168948660785958, -75.58498629467448;CHOQUE;VEHICULO;NO REPORTADO;RESIDENCIAL;Normal;Otra-Conductor
2200325;9/02/2020;12:12:00 a. m.;Domingo;2020;Febrero;AUTOMOVIL;PUBLICO;Pasajero;62;MASCULINO;HERIDOS;0;0;0;;CALLE 37 SUR CON CARRERA 39;;ZONA CENTRO;6.168948660785958, -75.58498629467448;CHOQUE;VEHICULO;NO REPORTADO;RESIDENCIAL;Normal;Otra-Conductor
2200334;11/02/2020;1:10:00 p. m.;Martes;2020;Febrero;MOTOCICLETA;PARTICULAR;Acompañante;59;FEMENINO;HERIDOS;0;0;0;0;CARRERA 42B CON CALLE 46 SUR 12;;LA PAZ;6.165086231484683, -75.59675131896745;CHOQUE;VEHICULO;NO REPORTADO;RESIDENCIAL;Normal;Poner en marcha un vehiculo sin precauci
2200335;10/02/2020;9:12:00 a. m.;Lunes;2020;Febrero;MOTOCICLETA;PARTICULAR;Motociclista;55;MASCULINO;HERIDOS;0;0;0;0;KILOMETRO 8+20;el escobero - km 0-13);VEREDA EL ESCOBERO;6.12539900209094, -75.53536853823638;CHOQUE;VEHICULO;NO REPORTADO;NO REPORTADO;Normal;No respetar prelacion
2200336;11/02/2020;9:41:00 a. m.;Martes;2020;Febrero;AUTOMOVIL;PARTICULAR;Conductor;42;MASCULINO;HERIDOS;0;0;0;0;CALLE 38A SUR CON CARRERA 36-39;;MESA;6.164468230670091, -75.58411596499514;CHOQUE;VEHICULO;NO REPORTADO;RESIDENCIAL;Normal;No mantener distancia de seguridad
2200340;11/02/2020;4:00:00 p. m.;Martes;2020;Febrero;MOTOCICLETA;PARTICULAR;Acompañante;18;FEMENINO;HERIDOS;0;0;0;0;CALLE 40 SUR  CON CARRERA 40-76;;EL DORADO;6.167074862044468, -75.58784487747893;CHOQUE;VEHICULO;NO REPORTADO;RESIDENCIAL;Normal;Otra-Conductor