NRO_RADICADO;FECHA_ACCIDENTE;HORA_ACCIDENTE;Día de la semana;AÑO;MES;CLASE_VEHICULO;TIPO_SERVICIO;TIPO_VICTIMA;EDAD;GENERO;GRAVEDAD;ESTADO_BEODEZ;ESTADO_DROGA;RESULTADO_BEODEZ;RESUL_BEODEZ_GRAMOS;DIRECCION_CARACT_VIA;TRAMO_VIA;LOCALIDAD_O_COMUNA;    GEORREFERENCIACIÓN;DESC_CLASE_ACCIDENTE;DESC_CHOQUE_ACCIDENTE;DESC_OBJETO_FIJO;DESC_SECTOR_ACCIDENTE;CONDICION_CLIMATICA;CAUSA_ACCIDENTE
2200347;10/02/2020;8:10:00 a. m.;Lunes;2020;Febrero;MOTOCICLETA;PARTICULAR;Motociclista;20;MASCULINO;HERIDOS;0;0;0;;CALLE 36D SUR CON CARRERA 24;;VEREDA EL ESCOBERO;6.154939234670103, -75.56662667478933;CHOQUE;VEHICULO;NO REPORTADO;RESIDENCIAL;Normal;Adelantar invadiendo carril del mismo sentido en zigzag
2200349;13/02/2020;5:50:00 a. m.;Jueves;2020;Febrero;MOTOCICLETA;PARTICULAR;Motociclista;31;MASCULINO;HERIDOS;0;0;0;0;KILOMETRO 11+580 VIA EL RETIRO;retiro varia palmas enviga (km 5+43 - km 14+ 550);VEREDA PALMAS;6.161358664799203, -75.51543064971018;CHOQUE;VEHICULO;NO REPORTADO;NO REPORTADO;Normal;Impericia en el manejo
2200355;13/02/2020;5:50:00 a. m.;Jueves;2020;Febrero;BUSETA;PUBLICO;Pasajero;12;MASCULINO;HERIDOS;0;0;0;0;CARRERA 43A CON CALLE 39 SUR 50;;ALCALA;6.168530140820525, -75.58979773740006;CHOQUE;VEHICULO;NO REPORTADO;RESIDENCIAL;Normal;Transitar con las puertas abiertas
2200356;11/02/2020;6:35:00 p. m.;Martes;2020;Febrero;MOTOCICLETA;PARTICULAR;Motociclista;25;MASCULINO;HERIDOS;0;0;0;0;DIAGONAL 31D CON TRANSVERSAL 32A SUR 57;;LA MAGNOLIA;6.176425260098188, -75.58147118086913;CHOQUE;VEHICULO;NO REPORTADO;RESIDENCIAL;Normal;Impericia en el manejo
2200357;12/02/2020;11:10:00 a. m.;Miércoles;2020;Febrero;MOTOCICLETA;DIPLOMATICO;Motociclista;29;MASCULINO;HERIDOS;0;0;0;0;CALLE 37 SUR CON CARRERA 36;;MESA;6.1679279282940245, -75.58329474104609;CHOQUE;VEHICULO;NO REPORTADO;RESIDENCIAL;Normal;Desobedecer señales
2200358;11/02/2020;11:30:00 p. m.;Martes;2020;Febrero;AUTOMOVIL;PARTICULAR;Peaton;40;MASCULINO;HERIDOS;0;0;0;0;DIAGONAL 29 CON TRANSVERSAL 34DD SUR ;;LA SEBASTIANA;6.171138444775924, -75.57783127290553;ATROPELLO;NO REPORTADO;NO REPORTADO;RESIDENCIAL;Normal;Cruzar sin observar
2200359;12/02/2020;9:20:00 a. m.;Miércoles;2020;Febrero;MOTOCICLETA;PARTICULAR;Acompañante;31;MASCULINO;HERIDOS;0;0;0;0;TRANSVERSAL 34A SUR CON DIAGONAL 32;;OBRERO;6.173251992929443, -75.58167120740792;CHOQUE;VEHICULO;NO REPORTADO;RESIDENCIAL;Normal;Desobedecer señales
2200360;12/02/2020;3:50:00 p. m.;Miércoles;2020;Febrero;BUS;PUBLICO;Pasajero;28;FEMENINO;HERIDOS;0;0;0;0;CALLE 38A SUR CON CARRERA 41-60;;ZONA CENTRO;6.169028696482848, -75.58704693431001;CHOQUE;VEHICULO;NO REPORTADO;RESIDENCIAL;Normal;No mantener distancia de seguridad
2200361;13/02/2020;11:00:00 a. m.;Jueves;2020;Febrero;MOTOCICLETA;PARTICULAR;Motociclista;25;MASCULINO;HERIDOS;0;0;0;0;CARRERA 50 CON CALLE 29 SUR;;LAS VEGAS;6.182371, -75.589334;CHOQUE;VEHICULO;NO REPORTADO;RESIDENCIAL;Normal;No mantener distancia de seguridad
2200362;12/02/2020;7:40:00 p. m.;Miércoles;2020;Febrero;MOTOCICLETA;PARTICULAR;Motociclista;19;MASCULINO;HERIDOS;0;0;0;0;KILOMETRO 12+400;retiro varia palmas enviga (km 5+43 - km 14+ 550);VEREDA PALMAS;6.159083880585785, -75.52112720288686;CHOQUE;VEHICULO;NO REPORTADO;NO REPORTADO;Normal;Transitar en contravia
2200363;12/02/2020;7:15:00 p. m.;Miércoles;2020;Febrero;MOTOCICLETA;PARTICULAR;Motociclista;41;MASCULINO;HERIDOS;0;0;0;0;CARRERA 39 CON CALLE 36 SUR;;ZONA CENTRO;6.169894794436047, -75.58437820631487;CHOQUE;VEHICULO;NO REPORTADO;RESIDENCIAL;Normal;Desobedecer señales
2200363;12/02/2020;7:15:00 p. m.;Miércoles;2020;Febrero;MOTOCICLETA;PARTICULAR;Motociclista;22;MASCULINO;HERIDOS;0;0;0;0;CARRERA 39 CON CALLE 36 SUR;;ZONA CENTRO;6.169894794436047, -75.58437820631487;CHOQUE;VEHICULO;NO REPORTADO;RESIDENCIAL;Normal;Desobedecer señales
2200370;13/02/2020;7:20:00 a. m.;Jueves;2020;Febrero;MOTOCICLETA;PARTICULAR;Motociclista;28;MASCULINO;HERIDOS;0;0;0;0;KILOMETRO 15;medellÃn palmas envigado (km 12 - km 16+700);VEREDA PALMAS;6.152128363410714, -75.5458364089835;CAIDA OCUPANTE;NO REPORTADO;NO REPORTADO;NO REPORTADO;Normal;Superficie lisa
2200379;14/02/2020;3:10:00 p. m.;Viernes;2020;Febrero;MOTOCICLETA;PARTICULAR;Motociclista;59;MASCULINO;HERIDOS;0;0;0;0;CALLE 36D SUR CON CARRERA 28;;LA PRADERA;6.166268759936277, -75.57712188173068;CHOQUE;VEHICULO;NO REPORTADO;RESIDENCIAL;Normal;No mantener distancia de seguridad
2200381;14/02/2020;7:00:00 a. m.;Viernes;2020;Febrero;MOTOCICLETA;PARTICULAR;Motociclista;24;FEMENINO;HERIDOS;0;0;0;0;CARRERA 48 CON CALLE 25 SUR;;LAS VEGAS;6.185401555868002, -75.58327900816636;CHOQUE;VEHICULO;NO REPORTADO;RESIDENCIAL;Normal;Otra-Conductor
2200401;18/02/2020;8:20:00 a. m.;Martes;2020;Febrero;MOTOCICLETA;PARTICULAR;Motociclista;3;MASCULINO;HERIDOS;0;0;0;0;CARRERA 48 CON CALLE 48C SUR;;LAS VEGAS;6.163982064110434, -75.60178577672762;CHOQUE;VEHICULO;NO REPORTADO;RESIDENCIAL;Normal;Transitar entre vehiculos
2200414;18/02/2020;6:30:00 p. m.;Martes;2020;Febrero;MOTOCICLETA;PARTICULAR;Motociclista;66;MASCULINO;HERIDOS;0;0;0;0;TRANSVERSAL 32A SUR CON DIAGONAL 31CC;;LA MAGNOLIA;6.176360859104886, -75.58070834864287;CHOQUE;VEHICULO;NO REPORTADO;RESIDENCIAL;Normal;Semaforo en rojo
2200414;18/02/2020;6:30:00 p. m.;Martes;2020;Febrero;MOTOCICLETA;PARTICULAR;Motociclista;23;MASCULINO;HERIDOS;0;0;0;0;TRANSVERSAL 32A SUR CON DIAGONAL 31CC;;LA MAGNOLIA;6.176360859104886, -75.58070834864287;CHOQUE;VEHICULO;NO REPORTADO;RESIDENCIAL;Normal;Semaforo en rojo
2200417;19/02/2020;9:47:00 p. m.;Miércoles;2020;Febrero;MOTOCICLETA;PARTICULAR;Motociclista;24;FEMENINO;HERIDOS;0;0;0;0;CARRERA 48 CON CALLE 38 SUR;;LAS VEGAS;6.1728750073445156, -75.59282694398259;CHOQUE;VEHICULO;NO REPORTADO;RESIDENCIAL;Normal;Adelantar invadiendo carril del mismo sentido en zigzag
2200421;20/02/2020;6:55:00 a. m.;Jueves;2020;Febrero;AUTOMOVIL;PARTICULAR;Conductor;40;FEMENINO;HERIDOS;0;0;0;;KILOMETRO 1+600;el escobero - km 0-13);VEREDA EL ESCOBERO;6.142923545571746, -75.55985927738809;CHOQUE;VEHICULO;NO REPORTADO;NO REPORTADO;Lluvia;Impericia en el manejo
2200421;20/02/2020;6:55:00 a. m.;Jueves;2020;Febrero;CAMION;OFICIAL;Conductor;50;MASCULINO;HERIDOS;0;0;0;;KILOMETRO 1+600;el escobero - km 0-13);VEREDA EL ESCOBERO;6.142923545571746, -75.55985927738809;CHOQUE;VEHICULO;NO REPORTADO;NO REPORTADO;Lluvia;Impericia en el manejo
2200422;20/02/2020;12:50:00 p. m.;Jueves;2020;Febrero;MOTOCICLETA;PARTICULAR;Motociclista;45;MASCULINO;HERIDOS;0;0;0;0;CARRERA 50 CON CALLE 37 SUR;;LAS VEGAS;6.175135, -75.595369;CHOQUE;VEHICULO;NO REPORTADO;RESIDENCIAL;Normal;Otra-Conductor
2200423;20/02/2020;9:10:00 a. m.;Jueves;2020;Febrero;MOTOCICLETA;DIPLOMATICO;Motociclista;30;MASCULINO;HERIDOS;0;0;0;0;CARRERA 43A CON CALLE 23 SUR 96;;BOSQUES DE ZUÑIGA;6.182850488159134, -75.5803913216585;CHOQUE;VEHICULO;NO REPORTADO;RESIDENCIAL;Normal;Otra-Conductor
2200434;22/02/2020;6:03:00 a. m.;Sábado;2020;Febrero;MOTOCICLETA;PARTICULAR;Motociclista;61;MASCULINO;HERIDOS;0;0;0;0;CALLE 39 SUR CON CARRERA 27D;;SAN JOSE;6.160724963210196, -75.57926136314568;CHOQUE;VEHICULO;NO REPORTADO;RESIDENCIAL;Normal;Impericia en el manejo
2200435;21/02/2020;12:30:00 p. m.;Viernes;2020;Febrero;MOTOCICLETA;PARTICULAR;Motociclista;23;MASCULINO;HERIDOS;0;0;0;0;CARRERA 50 CON CALLE 50 SUR;;LAS VEGAS;6.162818, -75.604956;CHOQUE;VEHICULO;NO REPORTADO;RESIDENCIAL;Normal;No mantener distancia de seguridad
2200436;22/02/2020;12:20:00 p. m.;Sábado;2020;Febrero;MOTOCICLETA;PARTICULAR;Peaton;78;FEMENINO;HERIDOS;0;0;0;0;CARRERA 32 CON CALLE 40E SUR 26;;EL DORADO;6.161800293825435, -75.5846494793307;ATROPELLO;NO REPORTADO;NO REPORTADO;RESIDENCIAL;Normal;Impericia en el manejo
2200437;21/02/2020;6:35:00 p. m.;Viernes;2020;Febrero;AUTOMOVIL;PARTICULAR;Acompañante;42;MASCULINO;HERIDOS;0;0;0;0;KILOMETRO 1,5 + 100 TRANSVERSAL DE LA MONTAÑA;el escobero - km 0-13);VEREDA EL ESCOBERO;6.155221399498846, -75.55849631817351;CHOQUE;OBJETO FIJO;OTRO TIPO;NO REPORTADO;Normal;Impericia en el manejo
2200449;23/02/2020;8:30:00 a. m.;Domingo;2020;Febrero;AUTOMOVIL;PARTICULAR;Peaton;32;MASCULINO;HERIDOS;1;0;2;140;CALLE 37 SUR CON CARRERA 49;;LAS VEGAS;6.174559625975027, -75.59363593329903;ATROPELLO;NO REPORTADO;NO REPORTADO;RESIDENCIAL;Normal;Embriaguez o droga
2200449;23/02/2020;8:30:00 a. m.;Domingo;2020;Febrero;AUTOMOVIL;PARTICULAR;Peaton;30;MASCULINO;HERIDOS;1;0;2;140;CALLE 37 SUR CON CARRERA 49;;LAS VEGAS;6.174559625975027, -75.59363593329903;ATROPELLO;NO REPORTADO;NO REPORTADO;RESIDENCIAL;Normal;Embriaguez o droga
2200449;23/02/2020;8:30:00 a. m.;Domingo;2020;Febrero;AUTOMOVIL;PARTICULAR;Peaton;30;MASCULINO;HERIDOS;1;0;2;140;CALLE 37 SUR CON CARRERA 49;;LAS VEGAS;6.174559625975027, -75.59363593329903;ATROPELLO;NO REPORTADO;NO REPORTADO;RESIDENCIAL;Normal;Embriaguez o droga
2200449;23/02/2020;8:30:00 a. m.;Domingo;2020;Febrero;AUTOMOVIL;PARTICULAR;Peaton;24;FEMENINO;HERIDOS;1;0;2;140;CALLE 37 SUR CON CARRERA 49;;LAS VEGAS;6.174559625975027, -75.59363593329903;ATROPELLO;NO REPORTADO;NO REPORTADO;RESIDENCIAL;Normal;Embriaguez o droga
2200451;24/02/2020;8:50:00 a. m.;Lunes;2020;Febrero;MOTOCICLETA;PARTICULAR;Motociclista;27;MASCULINO;HERIDOS;0;0;0;0;CARRERA 32 CON CALLE 39B SUR;;MESA;6.164128731283193, -75.58311778033777;CHOQUE;VEHICULO;NO REPORTADO;RESIDENCIAL;Normal;Desobedecer señales
2200458;22/02/2020;3:00:00 p. m.;Sábado;2020;Febrero;MOTOCICLETA;PARTICULAR;Acompañante;28;MASCULINO;HERIDOS;0;0;0;0;CARRERA 23 CON CALLE 36A SUR 04;;VEREDA SANTA CATALINA;6.166394867022159, -75.56044704855891;CHOQUE;VEHICULO;NO REPORTADO;RESIDENCIAL;Normal;Otra-Conductor
2200458;22/02/2020;3:00:00 p. m.;Sábado;2020;Febrero;MOTOCICLETA;PARTICULAR;Motociclista;25;MASCULINO;HERIDOS;0;0;0;0;CARRERA 23 CON CALLE 36A SUR 04;;VEREDA SANTA CATALINA;6.166394867022159, -75.56044704855891;CHOQUE;VEHICULO;NO REPORTADO;RESIDENCIAL;Normal;Otra-Conductor
2200471;22/02/2020;6:00:00 p. m.;Sábado;2020;Febrero;AUTOMOVIL;PARTICULAR;Peaton;80;FEMENINO;HERIDOS;0;0;0;0;CARRERA 27G CON CALLE 35 SUR;;LA PRADERA;6.161781572186334, -75.58221216807631;ATROPELLO;NO REPORTADO;NO REPORTADO;RESIDENCIAL;Normal;Cruzar sin observar  -  Impericia en el manejo
2200474;25/02/2020;9:10:00 a. m.;Martes;2020;Febrero;AUTOMOVIL;PARTICULAR;Peaton;79;FEMENINO;HERIDOS;0;0;0;0;CARRERA 43A CON CALLE 39 SUR;;ALCALA;6.169218761101122, -75.58953954864289;ATROPELLO;NO REPORTADO;NO REPORTADO;RESIDENCIAL;Normal;Transitar por la calzada
2200476;25/02/2020;5:30:00 p. m.;Martes;2020;Febrero;MOTOCICLETA;PARTICULAR;Acompañante;50;FEMENINO;HERIDOS;0;0;0;;CARRERA 24C CON CALLE 41 SUR ;;VEREDA EL VALLANO;6.151738332461016, -75.58587716104337;CAIDA OCUPANTE;NO REPORTADO;NO REPORTADO;RESIDENCIAL;Normal;Impericia en el manejo
2200476;25/02/2020;5:30:00 p. m.;Martes;2020;Febrero;MOTOCICLETA;PARTICULAR;Motociclista;56;MASCULINO;HERIDOS;0;0;0;;CARRERA 24C CON CALLE 41 SUR ;;VEREDA EL VALLANO;6.151738332461016, -75.58587716104337;CAIDA OCUPANTE;NO REPORTADO;NO REPORTADO;RESIDENCIAL;Normal;Impericia en el manejo
2200477;25/02/2020;9:40:00 p. m.;Martes;2020;Febrero;AUTOMOVIL;PARTICULAR;Acompañante;21;FEMENINO;HERIDOS;0;0;0;0;KILOMETRO 14+220;medellÃn palmas envigado (km 12 - km 16+700);VEREDA PALMAS;6.156135939500997, -75.546587434558;VOLCAMIENTO;NO REPORTADO;NO REPORTADO;NO REPORTADO;Normal;Impericia en el manejo
2200477;25/02/2020;9:40:00 p. m.;Martes;2020;Febrero;AUTOMOVIL;PARTICULAR;Conductor;22;MASCULINO;HERIDOS;0;0;0;0;KILOMETRO 14+220;medellÃn palmas envigado (km 12 - km 16+700);VEREDA PALMAS;6.156135939500997, -75.546587434558;VOLCAMIENTO;NO REPORTADO;NO REPORTADO;NO REPORTADO;Normal;Impericia en el manejo
2200477;25/02/2020;9:40:00 p. m.;Martes;2020;Febrero;AUTOMOVIL;PARTICULAR;Acompañante;24;MASCULINO;HERIDOS;0;0;0;0;KILOMETRO 14+220;medellÃn palmas envigado (km 12 - km 16+700);VEREDA PALMAS;6.156135939500997, -75.546587434558;VOLCAMIENTO;NO REPORTADO;NO REPORTADO;NO REPORTADO;Normal;Impericia en el manejo
2200490;26/02/2020;10:00:00 a. m.;Miércoles;2020;Febrero;BUS;PUBLICO;Pasajero;22;MASCULINO;HERIDOS;0;0;0;0;CARRERA 41 CON CALLE 38A SUR 48;;ZONA CENTRO;6.168538027720601, -75.58699329097101;CAIDA OCUPANTE;NO REPORTADO;NO REPORTADO;RESIDENCIAL;Normal;Transitar con las puertas abiertas
2200491;27/02/2020;3:20:00 a. m.;Jueves;2020;Febrero;BICICLETA;;Ciclista;20;MASCULINO;HERIDOS;0;0;0;0;KILOMETRO 14+880;medellÃn palmas envigado (km 12 - km 16+700);VEREDA PALMAS;6.152513080112101, -75.54662877690309;CHOQUE;OBJETO FIJO;OTRO TIPO;NO REPORTADO;Normal;Impericia en el manejo
2200492;27/02/2020;2:45:00 p. m.;Jueves;2020;Febrero;MOTOCICLETA;PARTICULAR;Motociclista;26;MASCULINO;HERIDOS;0;0;0;0;KILOMETRO 15+930;medellÃn palmas envigado (km 12 - km 16+700);VEREDA PALMAS;6.153292679366039, -75.53911662077535;CHOQUE;OBJETO FIJO;POSTE;NO REPORTADO;Normal;Impericia en el manejo
2200493;29/02/2020;2:00:00 p. m.;Sábado;2020;Febrero;AUTOMOVIL;PUBLICO;Peaton;20;MASCULINO;HERIDOS;0;0;0;0;CALLE 40C SUR CON CARRERA 29;;LA MINA;6.160754797587369, -75.5828538081667;ATROPELLO;NO REPORTADO;NO REPORTADO;RESIDENCIAL;Normal;Cruzar sin observar
2200494;29/02/2020;11:05:00 a. m.;Sábado;2020;Febrero;MOTOCICLETA;PARTICULAR;Motociclista;55;MASCULINO;HERIDOS;0;0;0;;CARRERA 39 CON CALLE 36 SUR 58;;ZONA CENTRO;6.170040547636522, -75.58427451255393;CHOQUE;OBJETO FIJO;VEHICULO ESTACIONADO;RESIDENCIAL;Normal;Impericia en el manejo
2200519;1/03/2020;7:20:00 p. m.;Domingo;2020;Marzo;MOTOCICLETA;PARTICULAR;Acompañante;38;FEMENINO;HERIDOS;0;0;0;0;CARRERA 43A CON CALLE 45B SUR;;LA PAZ;6.164932233301589, -75.59496469995943;CHOQUE;VEHICULO;NO REPORTADO;RESIDENCIAL;Normal;Adelantar por la derecha
2200519;1/03/2020;7:20:00 p. m.;Domingo;2020;Marzo;MOTOCICLETA;PARTICULAR;Motociclista;42;MASCULINO;HERIDOS;0;0;0;0;CARRERA 43A CON CALLE 45B SUR;;LA PAZ;6.164932233301589, -75.59496469995943;CHOQUE;VEHICULO;NO REPORTADO;RESIDENCIAL;Normal;Adelantar por la derecha
2200522;3/03/2020;12:00:00 p. m.;Martes;2020;Marzo;MOTOCICLETA;PARTICULAR;Motociclista;20;MASCULINO;HERIDOS;0;0;0;0;KILOMETRO 12+580;medellÃn palmas envigado (km 12 - km 16+700);VEREDA PALMAS;6.160192651481397, -75.52226994938108;CHOQUE;VEHICULO;NO REPORTADO;NO REPORTADO;Normal;No mantener distancia de seguridad
2200524;28/02/2020;5:00:00 p. m.;Viernes;2020;Febrero;MOTOCICLETA;PARTICULAR;Acompañante;15;FEMENINO;HERIDOS;0;0;0;0;CALLE 37 SUR CON CARRERA 49;;LAS VEGAS;6.1746556253297795, -75.59367884780293;CHOQUE;VEHICULO;NO REPORTADO;RESIDENCIAL;Normal;Impericia en el manejo
2200524;28/02/2020;5:00:00 p. m.;Viernes;2020;Febrero;MOTOCICLETA;PARTICULAR;Motociclista;24;FEMENINO;HERIDOS;0;0;0;0;CALLE 37 SUR CON CARRERA 49;;LAS VEGAS;6.1746556253297795, -75.59367884780293;CHOQUE;VEHICULO;NO REPORTADO;RESIDENCIAL;Normal;Impericia en el manejo
2200525;2/03/2020;3:30:00 p. m.;Lunes;2020;Marzo;MOTOCICLETA;PARTICULAR;Motociclista;34;MASCULINO;HERIDOS;0;0;0;;CARRERA 50 CON CALLE 50 SUR;;LAS VEGAS;6.162818, -75.604956;CHOQUE;VEHICULO;NO REPORTADO;RESIDENCIAL;Normal;Impericia en el manejo  -  No mantener distancia de seguridad
2200534;2/03/2020;12:27:00 p. m.;Lunes;2020;Marzo;MOTOCICLETA;PARTICULAR;Motociclista;27;FEMENINO;HERIDOS;0;0;0;0;CALLE 37 SUR  CON CARRERA 40-31;;ZONA CENTRO;6.169574261292776, -75.58557906314559;CHOQUE;VEHICULO;NO REPORTADO;RESIDENCIAL;Normal;Arrancar sin precaucion  -  Transitar entre vehiculos
2200535;3/03/2020;5:50:00 p. m.;Martes;2020;Marzo;MOTOCICLETA;PARTICULAR;Motociclista;21;MASCULINO;HERIDOS;0;0;0;0;CALLE 37 SUR CON CARRERA 35;;MESA;6.167791961561859, -75.5826979324605;CHOQUE;VEHICULO;NO REPORTADO;RESIDENCIAL;Normal;Semaforo en rojo
2200537;3/03/2020;3:00:00 p. m.;Martes;2020;Marzo;MOTOCICLETA;PARTICULAR;Motociclista;37;MASCULINO;HERIDOS;0;0;0;0;KILOMETRO 13+560;medellÃn palmas envigado (km 12 - km 16+700);VEREDA PALMAS;6.160681874470219, -75.54505813377526;CAIDA OCUPANTE;NO REPORTADO;NO REPORTADO;NO REPORTADO;Normal;Otra-Conductor
2200538;3/03/2020;3:45:00 p. m.;Martes;2020;Marzo;MOTOCICLETA;PARTICULAR;Motociclista;24;MASCULINO;HERIDOS;0;0;0;0;TRANSVERSAL 32C SUR CON DIAGONAL 31D-12;;LA MAGNOLIA;6.1758616575762115, -75.58086526138732;CHOQUE;OBJETO FIJO;VEHICULO ESTACIONADO;RESIDENCIAL;Normal;Impericia en el manejo
2200539;4/03/2020;5:16:00 p. m.;Miércoles;2020;Marzo;BICICLETA;;Ciclista;19;MASCULINO;HERIDOS;0;0;0;0;CARRERA 48 CON CALLE 37 SUR ;;LAS VEGAS;6.173473352424915, -75.59256588595376;CHOQUE;VEHICULO;NO REPORTADO;RESIDENCIAL;Normal;Impericia en el manejo
2200540;4/03/2020;4:30:00 p. m.;Miércoles;2020;Marzo;CAMIONETA;PARTICULAR;Acompañante;72;FEMENINO;HERIDOS;0;0;0;0;CALLE 38 SUR CON CARRERA 29A;;LA PRADERA;6.1649563457984184, -75.58079523155277;CHOQUE;VEHICULO;NO REPORTADO;RESIDENCIAL;Normal;No mantener distancia de seguridad
2200540;4/03/2020;4:30:00 p. m.;Miércoles;2020;Marzo;CAMIONETA;PARTICULAR;Acompañante;34;FEMENINO;HERIDOS;0;0;0;0;CALLE 38 SUR CON CARRERA 29A;;LA PRADERA;6.1649563457984184, -75.58079523155277;CHOQUE;VEHICULO;NO REPORTADO;RESIDENCIAL;Normal;No mantener distancia de seguridad
2200541;4/03/2020;9:00:00 a. m.;Miércoles;2020;Marzo;MOTOCICLETA;PARTICULAR;Motociclista;33;MASCULINO;HERIDOS;0;0;0;0;CARRERA 41 CON CALLE 40F SUR;;EL DORADO;6.165436629808379, -75.58998633431001;CHOQUE;VEHICULO;NO REPORTADO;RESIDENCIAL;Lluvia;Desobedecer señales
2200543;5/03/2020;11:00:00 a. m.;Jueves;2020;Marzo;MOTOCICLETA;PARTICULAR;Peaton;67;MASCULINO;HERIDOS;0;0;0;0;DIAGONAL 31E CON TRANSVERSAL 34D SUR 25;;LOS NARANJOS;6.171698566016353, -75.58042494519123;ATROPELLO;NO REPORTADO;NO REPORTADO;RESIDENCIAL;Normal;Cruzar sin observar
2200545;7/03/2020;8:30:00 a. m.;Sábado;2020;Marzo;MOTOCICLETA;PARTICULAR;Motociclista;54;MASCULINO;HERIDOS;0;0;0;;CARRERA 41 CON CALLE 35 SUR;;ZONA CENTRO;6.171463660340218, -75.58523648828223;CHOQUE;VEHICULO;NO REPORTADO;RESIDENCIAL;Normal;Desobedecer señales
2200546;8/03/2020;3:00:00 a. m.;Domingo;2020;Marzo;MOTOCICLETA;PARTICULAR;Motociclista;25;MASCULINO;HERIDOS;0;0;0;0;CARRERA 43A CON CALLE 45B SUR;;LA PAZ;6.164932233301589, -75.59496469995943;CHOQUE;VEHICULO;NO REPORTADO;RESIDENCIAL;Normal;Semaforo en rojo
2200547;8/03/2020;3:50:00 a. m.;Domingo;2020;Marzo;MOTOCICLETA;PARTICULAR;Motociclista;40;MASCULINO;HERIDOS;0;0;0;0;CARRERA 50 CON CALLE 39 SUR 100;;LAS VEGAS;6.173303607160337, -75.59788796574267;CAIDA OCUPANTE;NO REPORTADO;NO REPORTADO;RESIDENCIAL;Normal;Embriaguez aparente
2200549;7/03/2020;8:25:00 p. m.;Sábado;2020;Marzo;AUTOMOVIL;PARTICULAR;Acompañante;22;FEMENINO;HERIDOS;0;0;0;0;CARRERA 48 CON CALLE 30 SUR;;LAS VEGAS;6.179496718217783, -75.58819458527805;CHOQUE;VEHICULO;NO REPORTADO;RESIDENCIAL;Normal;No mantener distancia de seguridad
2200550;7/03/2020;1:45:00 p. m.;Sábado;2020;Marzo;MOTOCICLETA;PARTICULAR;Acompañante;20;MASCULINO;HERIDOS;0;0;0;0;CALLE 36D SUR CON CARRERA 27;;LA PRADERA;6.158534737658366, -75.57159508458332;ATROPELLO;NO REPORTADO;NO REPORTADO;RESIDENCIAL;Normal;Desobedecer señales  -  Impericia en el manejo
2200550;7/03/2020;1:45:00 p. m.;Sábado;2020;Marzo;MOTOCICLETA;PARTICULAR;Motociclista;22;MASCULINO;HERIDOS;0;0;0;0;CALLE 36D SUR CON CARRERA 27;;LA PRADERA;6.158534737658366, -75.57159508458332;ATROPELLO;NO REPORTADO;NO REPORTADO;RESIDENCIAL;Normal;Desobedecer señales  -  Impericia en el manejo
2200551;6/03/2020;11:58:00 p. m.;Viernes;2020;Marzo;MOTOCICLETA;PARTICULAR;Acompañante;20;MASCULINO;HERIDOS;0;0;0;0;CARRERA 43A CON CALLE 50 SUR;;LAS CASITAS;6.160259629866927, -75.60225942945263;CHOQUE;OBJETO FIJO;VALLA - SEÑAL;RESIDENCIAL;Normal;Impericia en el manejo
2200551;6/03/2020;11:58:00 p. m.;Viernes;2020;Marzo;MOTOCICLETA;PARTICULAR;Motociclista;22;MASCULINO;HERIDOS;0;0;0;0;CARRERA 43A CON CALLE 50 SUR;;LAS CASITAS;6.160259629866927, -75.60225942945263;CHOQUE;OBJETO FIJO;VALLA - SEÑAL;RESIDENCIAL;Normal;Impericia en el manejo
2200557;4/03/2020;2:30:00 p. m.;Miércoles;2020;Marzo;MOTOCICLETA;PARTICULAR;Motociclista;21;MASCULINO;HERIDOS;0;0;0;0;CALLE 30 SUR CON CARRERA 46A;;JARDINES;6.179047055120954, -75.58728696499502;CHOQUE;VEHICULO;NO REPORTADO;RESIDENCIAL;Normal;Adelantar en zona prohibida
2200574;4/03/2020;3:45:00 p. m.;Miércoles;2020;Marzo;MOTOCICLETA;PARTICULAR;Motociclista;25;MASCULINO;HERIDOS;0;0;0;0;CARRERA 50 CON CALLE 30 SUR;;LAS VEGAS;6.180427, -75.590467;CHOQUE;VEHICULO;NO REPORTADO;RESIDENCIAL;Normal;No mantener distancia de seguridad
2200575;6/03/2020;4:10:00 p. m.;Viernes;2020;Marzo;MOTOCICLETA;PARTICULAR;Peaton;7;MASCULINO;HERIDOS;0;0;0;0;DIAGONAL 31C CON TRANSVERSAL 33 SUR 29;;LAS FLORES;6.174728959320789, -75.580392333299;ATROPELLO;NO REPORTADO;NO REPORTADO;RESIDENCIAL;Normal;Impericia en el manejo
2200575;6/03/2020;4:10:00 p. m.;Viernes;2020;Marzo;MOTOCICLETA;PARTICULAR;Peaton;61;FEMENINO;HERIDOS;0;0;0;0;DIAGONAL 31C CON TRANSVERSAL 33 SUR 29;;LAS FLORES;6.174728959320789, -75.580392333299;ATROPELLO;NO REPORTADO;NO REPORTADO;RESIDENCIAL;Normal;Impericia en el manejo
2200575;6/03/2020;4:10:00 p. m.;Viernes;2020;Marzo;MOTOCICLETA;PARTICULAR;Motociclista;23;MASCULINO;HERIDOS;0;0;0;0;DIAGONAL 31C CON TRANSVERSAL 33 SUR 29;;LAS FLORES;6.174728959320789, -75.580392333299;ATROPELLO;NO REPORTADO;NO REPORTADO;RESIDENCIAL;Normal;Impericia en el manejo