NRO_RADICADO;FECHA_ACCIDENTE;HORA_ACCIDENTE;Día de la semana;AÑO;MES;CLASE_VEHICULO;TIPO_SERVICIO;TIPO_VICTIMA;EDAD;GENERO;GRAVEDAD;ESTADO_BEODEZ;ESTADO_DROGA;RESULTADO_BEODEZ;RESUL_BEODEZ_GRAMOS;DIRECCION_CARACT_VIA;TRAMO_VIA;LOCALIDAD_O_COMUNA;    GEORREFERENCIACIÓN;DESC_CLASE_ACCIDENTE;DESC_CHOQUE_ACCIDENTE;DESC_OBJETO_FIJO;DESC_SECTOR_ACCIDENTE;CONDICION_CLIMATICA;CAUSA_ACCIDENTE
2200575;6/03/2020;4:10:00 p. m.;Viernes;2020;Marzo;MOTOCICLETA;PARTICULAR;Peaton;45;FEMENINO;HERIDOS;0;0;0;0;DIAGONAL 31C CON TRANSVERSAL 33 SUR 29;;LAS FLORES;6.174728959320789, -75.580392333299;ATROPELLO;NO REPORTADO;NO REPORTADO;RESIDENCIAL;Normal;Impericia en el manejo
2200579;9/03/2020;12:40:00 p. m.;Lunes;2020;Marzo;MOTOCICLETA;PARTICULAR;Acompañante;31;FEMENINO;HERIDOS;0;0;0;0;KILOMETRO 14+550;retiro varia palmas enviga (km 5+43 - km 14+ 550);VEREDA PALMAS;6.153697658388484, -75.53257142909372;CHOQUE;VEHICULO;NO REPORTADO;NO REPORTADO;Normal;Desobedecer señales
2200579;9/03/2020;12:40:00 p. m.;Lunes;2020;Marzo;MOTOCICLETA;PARTICULAR;Motociclista;32;FEMENINO;HERIDOS;0;0;0;0;KILOMETRO 14+550;retiro varia palmas enviga (km 5+43 - km 14+ 550);VEREDA PALMAS;6.153697658388484, -75.53257142909372;CHOQUE;VEHICULO;NO REPORTADO;NO REPORTADO;Normal;Desobedecer señales
2200580;9/03/2020;5:40:00 a. m.;Lunes;2020;Marzo;MOTOCICLETA;DIPLOMATICO;Motociclista;23;MASCULINO;HERIDOS;0;0;0;0;CALLE 39 SUR CON CARRERA 32;;MESA;6.164701895761674, -75.58250470547445;CHOQUE;VEHICULO;NO REPORTADO;RESIDENCIAL;Normal;Desobedecer señales
2200584;9/03/2020;7:15:00 a. m.;Lunes;2020;Marzo;MOTOCICLETA;PARTICULAR;Motociclista;27;FEMENINO;HERIDOS;0;0;0;0;KILOMETRO 12+500;medellÃn palmas envigado (km 12 - km 16+700);VEREDA PALMAS;6.159974569789303, -75.52177180591038;CHOQUE;VEHICULO;NO REPORTADO;NO REPORTADO;Normal;Impericia en el manejo
2200585;9/03/2020;4:15:00 p. m.;Lunes;2020;Marzo;MOTOCICLETA;PARTICULAR;Peaton;63;FEMENINO;HERIDOS;0;0;0;0;CARRERA 43A CON CALLE 35 SUR;;SAN MARCOS;6.172393678441251, -75.5873730124277;ATROPELLO;NO REPORTADO;NO REPORTADO;RESIDENCIAL;Normal;Desobedecer señales
2200586;10/03/2020;8:00:00 a. m.;Martes;2020;Marzo;MICROBUS;PUBLICO;Pasajero;31;FEMENINO;HERIDOS;0;0;0;0;CALLE 38A SUR CON CARRERA 38;;MESA;6.167499128852178, -75.58521067933069;CAIDA OCUPANTE;NO REPORTADO;NO REPORTADO;RESIDENCIAL;Normal;Impericia en el manejo
2200589;7/03/2020;11:23:00 a. m.;Sábado;2020;Marzo;MOTOCICLETA;PARTICULAR;Motociclista;38;MASCULINO;HERIDOS;0;0;0;0;CARRERA 48 CON CALLE 25AA SUR 70;;LAS VEGAS;6.183388582830708, -75.5849716992239;CHOQUE;VEHICULO;NO REPORTADO;RESIDENCIAL;Normal;No mantener distancia de seguridad
2200590;9/03/2020;6:30:00 p. m.;Lunes;2020;Marzo;MOTOCICLETA;PARTICULAR;Motociclista;40;MASCULINO;HERIDOS;0;0;0;0;CARRERA 43A CON CALLE 27 SUR 46;;PONTE VEDRA;6.180095323005637, -75.58320330371708;CHOQUE;VEHICULO;NO REPORTADO;RESIDENCIAL;Normal;Transitar entre vehiculos
2200591;10/03/2020;12:00:00 p. m.;Martes;2020;Marzo;AUTOMOVIL;PARTICULAR;Peaton;85;MASCULINO;HERIDOS;0;0;0;;CALLE 45BB SUR CON CARRERA 44A 10;;PRIMAVERA;6.174541275553998, -75.58773143708078;ATROPELLO;NO REPORTADO;NO REPORTADO;RESIDENCIAL;Normal;Reverso imprudente
2200592;9/03/2020;7:10:00 p. m.;Lunes;2020;Marzo;MOTOCICLETA;PARTICULAR;Motociclista;23;MASCULINO;HERIDOS;0;0;0;0;CARRERA 50 CON CALLE 37 SUR ;;LAS VEGAS;6.175135, -75.595369;CHOQUE;VEHICULO;NO REPORTADO;RESIDENCIAL;Lluvia;Transitar entre vehiculos
2200593;11/03/2020;9:40:00 a. m.;Miércoles;2020;Marzo;BUS;PUBLICO;Pasajero;79;MASCULINO;HERIDOS;0;0;0;0;CARRERA 48 CON CALLE 49 SUR;;LAS CASITAS;6.163050162859091, -75.60243147678031;CAIDA OCUPANTE;NO REPORTADO;NO REPORTADO;RESIDENCIAL;Normal;Otra-Conductor
2200595;10/03/2020;7:30:00 a. m.;Martes;2020;Marzo;MOTOCICLETA;PARTICULAR;Motociclista;39;FEMENINO;HERIDOS;0;0;0;0;DIAGONAL 31C CON TRANSVERSAL 32A SUR;;LAS FLORES;6.176414728572186, -75.58004896236595;CAIDA OCUPANTE;NO REPORTADO;NO REPORTADO;RESIDENCIAL;Normal;Impericia en el manejo
2200600;12/03/2020;4:30:00 p. m.;Jueves;2020;Marzo;MOTOCICLETA;PARTICULAR;Peaton;49;MASCULINO;HERIDOS;0;0;0;0;KILOMETRO 12+700;medellÃn palmas envigado (km 12 - km 16+700);VEREDA PALMAS;6.160177511090896, -75.52330583836458;ATROPELLO;NO REPORTADO;NO REPORTADO;NO REPORTADO;Normal;Cruzar sin observar
2200600;12/03/2020;4:30:00 p. m.;Jueves;2020;Marzo;MOTOCICLETA;PARTICULAR;Motociclista;20;MASCULINO;HERIDOS;0;0;0;0;KILOMETRO 12+700;medellÃn palmas envigado (km 12 - km 16+700);VEREDA PALMAS;6.160177511090896, -75.52330583836458;ATROPELLO;NO REPORTADO;NO REPORTADO;NO REPORTADO;Normal;Cruzar sin observar
2200613;14/03/2020;11:00:00 a. m.;Sábado;2020;Marzo;BICICLETA;;Ciclista;23;MASCULINO;HERIDOS;0;0;0;0;KILOMETRO 13+700;medellÃn palmas envigado (km 12 - km 16+700);VEREDA PALMAS;6.159908142889409, -75.54555038895415;CHOQUE;OBJETO FIJO;POSTE;NO REPORTADO;Normal;Impericia en el manejo
2200616;14/03/2020;8:15:00 p. m.;Sábado;2020;Marzo;AUTOMOVIL;PARTICULAR;Peaton;62;MASCULINO;HERIDOS;0;0;0;0;CARRERA 41 CON CALLE 38 SUR;;ZONA CENTRO;6.169349494582964, -75.58654786213506;ATROPELLO;NO REPORTADO;NO REPORTADO;RESIDENCIAL;Normal;Cruzar en estado de embriaguez  -  Pasar semaforo en rojo
2200619;14/03/2020;1:30:00 p. m.;Sábado;2020;Marzo;MOTOCICLETA;PARTICULAR;Motociclista;27;MASCULINO;HERIDOS;0;0;0;0;CALLE 36 SUR CON CARRERA 27B;;LA INMACULADA;6.167442649870447, -75.57260655655126;CHOQUE;VEHICULO;NO REPORTADO;RESIDENCIAL;Normal;Desobedecer señales
2200619;14/03/2020;1:30:00 p. m.;Sábado;2020;Marzo;CAMIONETA;PARTICULAR;Conductor;37;FEMENINO;HERIDOS;0;0;0;0;CALLE 36 SUR CON CARRERA 27B;;LA INMACULADA;6.167442649870447, -75.57260655655126;CHOQUE;VEHICULO;NO REPORTADO;RESIDENCIAL;Normal;Desobedecer señales
2200628;14/03/2020;11:20:00 a. m.;Sábado;2020;Marzo;BICICLETA;;Ciclista;18;MASCULINO;HERIDOS;0;0;0;0;CARRERA 26 CON CALLE 41A SUR 66;;SAN RAFAEL;6.156315798284501, -75.58371492463868;CHOQUE;VEHICULO;NO REPORTADO;RESIDENCIAL;Normal;Otra-Conductor
2200629;16/03/2020;3:00:00 p. m.;Lunes;2020;Marzo;AUTOMOVIL;PARTICULAR;Conductor;35;MASCULINO;HERIDOS;0;0;0;0;CALLE 39 SUR CON CARRERA 45-41;;ALCALA;6.169538, -75.591173;CHOQUE;OBJETO FIJO;ARBOL;RESIDENCIAL;Normal;Otra-Conductor
2200629;16/03/2020;3:00:00 p. m.;Lunes;2020;Marzo;AUTOMOVIL;PARTICULAR;Acompañante;62;FEMENINO;HERIDOS;0;0;0;0;CALLE 39 SUR CON CARRERA 45-41;;ALCALA;6.169538, -75.591173;CHOQUE;OBJETO FIJO;ARBOL;RESIDENCIAL;Normal;Otra-Conductor
2200635;17/03/2020;6:45:00 a. m.;Martes;2020;Marzo;MOTOCICLETA;PARTICULAR;Motociclista;50;MASCULINO;HERIDOS;0;0;0;0;CALLE 37 SUR CON CARRERA 49;;LAS VEGAS;6.1746556253297795, -75.59367884780293;CHOQUE;VEHICULO;NO REPORTADO;RESIDENCIAL;Normal;Desobedecer señales  -  No mantener distancia de seguridad
2200636;16/03/2020;6:00:00 p. m.;Lunes;2020;Marzo;AUTOMOVIL;PUBLICO;Peaton;51;MASCULINO;HERIDOS;0;0;0;0;TRANSVERSAL 36A SUR CON DIAGONAL 29-56;;LA SEBASTIANA;6.167539427508723, -75.57950526398683;ATROPELLO;NO REPORTADO;NO REPORTADO;RESIDENCIAL;Normal;Otra-Peatón
2200642;16/03/2020;5:30:00 p. m.;Lunes;2020;Marzo;MOTOCICLETA;PARTICULAR;Motociclista;39;MASCULINO;HERIDOS;0;0;0;0;KILOMETRO 12+380;retiro varia palmas enviga (km 5+43 - km 14+ 550);VEREDA PALMAS;6.15897727989047, -75.52103848563652;CHOQUE;VEHICULO;NO REPORTADO;NO REPORTADO;Normal;Desobedecer señales
2200642;16/03/2020;5:30:00 p. m.;Lunes;2020;Marzo;MOTOCICLETA;PARTICULAR;Acompañante;42;FEMENINO;HERIDOS;0;0;0;0;KILOMETRO 12+380;retiro varia palmas enviga (km 5+43 - km 14+ 550);VEREDA PALMAS;6.15897727989047, -75.52103848563652;CHOQUE;VEHICULO;NO REPORTADO;NO REPORTADO;Normal;Desobedecer señales
2200642;16/03/2020;5:30:00 p. m.;Lunes;2020;Marzo;MOTOCICLETA;PARTICULAR;Motociclista;45;MASCULINO;HERIDOS;0;0;0;0;KILOMETRO 12+380;retiro varia palmas enviga (km 5+43 - km 14+ 550);VEREDA PALMAS;6.15897727989047, -75.52103848563652;CHOQUE;VEHICULO;NO REPORTADO;NO REPORTADO;Normal;Desobedecer señales
2200643;17/03/2020;10:30:00 p. m.;Martes;2020;Marzo;MOTOCICLETA;PARTICULAR;Motociclista;29;MASCULINO;HERIDOS;0;0;0;0;CARRERA 48 CON CALLE 50 SUR;;LAS VEGAS;6.162072458716961, -75.60353659646475;CHOQUE;OBJETO FIJO;OTRO TIPO;RESIDENCIAL;Normal;Impericia en el manejo
2200643;17/03/2020;10:30:00 p. m.;Martes;2020;Marzo;MOTOCICLETA;PARTICULAR;Acompañante;45;FEMENINO;HERIDOS;0;0;0;0;CARRERA 48 CON CALLE 50 SUR;;LAS VEGAS;6.162072458716961, -75.60353659646475;CHOQUE;OBJETO FIJO;OTRO TIPO;RESIDENCIAL;Normal;Impericia en el manejo
2200654;15/03/2020;4:30:00 p. m.;Domingo;2020;Marzo;MOTOCICLETA;PARTICULAR;Motociclista;33;MASCULINO;HERIDOS;0;0;0;;KILOMETRO 9+600;retiro varia palmas enviga (km 5+43 - km 14+ 550);VEREDA PANTANILLO;6.163958928656218, -75.50236132275614;CHOQUE;VEHICULO;NO REPORTADO;NO REPORTADO;Normal;Impericia en el manejo  -  Transitar distante de la acera u orilla 
2200654;15/03/2020;4:30:00 p. m.;Domingo;2020;Marzo;MOTOCICLETA;PARTICULAR;Acompañante;32;FEMENINO;HERIDOS;0;0;0;;KILOMETRO 9+600;retiro varia palmas enviga (km 5+43 - km 14+ 550);VEREDA PANTANILLO;6.163958928656218, -75.50236132275614;CHOQUE;VEHICULO;NO REPORTADO;NO REPORTADO;Normal;Impericia en el manejo  -  Transitar distante de la acera u orilla 
2200654;15/03/2020;4:30:00 p. m.;Domingo;2020;Marzo;MOTOCICLETA;PARTICULAR;Motociclista;33;MASCULINO;HERIDOS;0;0;0;;KILOMETRO 9+600;retiro varia palmas enviga (km 5+43 - km 14+ 550);VEREDA PANTANILLO;6.163958928656218, -75.50236132275614;CHOQUE;VEHICULO;NO REPORTADO;NO REPORTADO;Normal;Impericia en el manejo  -  Transitar distante de la acera u orilla 
2200655;19/03/2020;7:05:00 a. m.;Jueves;2020;Marzo;BUSETA;PUBLICO;Pasajero;35;FEMENINO;HERIDOS;0;0;0;0;CALLE 40 SUR CON CARRERA 43;;ALCALA;6.168026039525114, -75.59024604566312;OTRO;NO REPORTADO;NO REPORTADO;RESIDENCIAL;Normal;Otra-Vehículo
2200656;19/03/2020;8:40:00 a. m.;Jueves;2020;Marzo;BUSETA;PUBLICO;Pasajero;52;FEMENINO;HERIDOS;0;0;0;0;CALLE 46D SUR CON CARRERA 42D 80;;LOMA DEL BARRO;6.162588664812137, -75.59581696213507;CAIDA OCUPANTE;NO REPORTADO;NO REPORTADO;RESIDENCIAL;Normal;Transitar con las puertas abiertas
2200657;19/03/2020;6:20:00 a. m.;Jueves;2020;Marzo;MOTOCICLETA;PARTICULAR;Motociclista;54;MASCULINO;HERIDOS;0;0;0;0;CARRERA 43A CON CALLE 31 SUR;;JARDINES;6.1767242985812745, -75.58537406436052;CHOQUE;VEHICULO;NO REPORTADO;RESIDENCIAL;Normal;Desobedecer señales
2200658;19/03/2020;9:10:00 a. m.;Jueves;2020;Marzo;MOTOCICLETA;PARTICULAR;Acompañante;26;MASCULINO;HERIDOS;0;0;0;0;CARRERA 50 CON CALLE 48 SUR 60;;LAS VEGAS;6.166087, -75.602677;CHOQUE;VEHICULO;NO REPORTADO;RESIDENCIAL;Normal;Impericia en el manejo
2200659;25/03/2020;2:00:00 p. m.;Miércoles;2020;Marzo;MOTOCICLETA;PARTICULAR;Motociclista;33;MASCULINO;HERIDOS;0;0;0;0;DIAGONAL 33 CON TRANSVERSAL 34D SUR;;LOS NARANJOS;6.170812238270823, -75.58320579565031;CHOQUE;VEHICULO;NO REPORTADO;RESIDENCIAL;Normal;Desobedecer señales
2200660;27/03/2020;2:15:00 p. m.;Viernes;2020;Marzo;MOTOCICLETA;PARTICULAR;Motociclista;28;MASCULINO;HERIDOS;0;0;0;0;CARRERA 48 CON CALLE 46 SUR 150;;LAS VEGAS;6.1654304594401115, -75.60014866920241;CHOQUE;VEHICULO;NO REPORTADO;RESIDENCIAL;Normal;No mantener distancia de seguridad
2200661;21/03/2020;12:45:00 p. m.;Sábado;2020;Marzo;MOTOCICLETA;PARTICULAR;Acompañante;40;FEMENINO;HERIDOS;0;0;0;;CARRERA 25 CON CALLE 39 SUR;;EL CHINGUÍ;6.153340298120248, -75.57449957747907;CAIDA OCUPANTE;NO REPORTADO;NO REPORTADO;RESIDENCIAL;Normal;Impericia en el manejo
2200668;20/03/2020;3:45:00 p. m.;Viernes;2020;Marzo;MOTOCICLETA;PARTICULAR;Motociclista;29;FEMENINO;HERIDOS;0;0;0;0;CARRERA 42D CON CALLE 45B SUR 125;;LA PAZ;6.164329703209957, -75.59419700177538;CHOQUE;VEHICULO;NO REPORTADO;RESIDENCIAL;Normal;Adelantar por la derecha
2200680;31/03/2020;11:05:00 a. m.;Martes;2020;Marzo;RETROEXCAVADORA RMNA;PARTICULAR;Conductor;44;MASCULINO;HERIDOS;0;0;0;0;CALLE 37B SUR CON CARRERA 28C;;LOMA DE LAS BRUJAS;6.164517096045255, -75.57818117253812;CHOQUE;OBJETO FIJO;OTRO TIPO;RESIDENCIAL;Normal;Impericia en el manejo
2200691;4/04/2020;2:20:00 p. m.;Sábado;2020;Abril;BICICLETA;;Ciclista;25;MASCULINO;HERIDOS;0;0;0;0;CALLE 40 SUR CON CARRERA 47A 38;;LAS VEGAS;6.169956561100062, -75.59499664780307;CHOQUE;VEHICULO;NO REPORTADO;RESIDENCIAL;Normal;Poner en marcha un vehiculo sin precauci
2200694;3/04/2020;9:00:00 p. m.;Viernes;2020;Abril;MOTOCICLETA;PARTICULAR;Acompañante;26;MASCULINO;HERIDOS;0;0;0;0;CALLE 25 SUR CON CARRERA 43A;;BOSQUES DE ZUÑIGA;6.18153009339727, -75.58124285744947;CHOQUE;VEHICULO;NO REPORTADO;RESIDENCIAL;Normal;Desobedecer señales
2200694;3/04/2020;9:00:00 p. m.;Viernes;2020;Abril;MOTOCICLETA;PARTICULAR;Motociclista;24;FEMENINO;HERIDOS;0;0;0;0;CALLE 25 SUR CON CARRERA 43A;;BOSQUES DE ZUÑIGA;6.18153009339727, -75.58124285744947;CHOQUE;VEHICULO;NO REPORTADO;RESIDENCIAL;Normal;Desobedecer señales
2200695;4/04/2020;3:48:00 p. m.;Sábado;2020;Abril;BICICLETA;;Ciclista;55;MASCULINO;HERIDOS;0;0;0;0;CALLE 39B SUR CON CARRERA 27;;EL SALADO;6.162293739980276, -75.57996344221999;CHOQUE;VEHICULO;NO REPORTADO;RESIDENCIAL;Normal;Impericia en el manejo
2200700;8/04/2020;9:00:00 a. m.;Miércoles;2020;Abril;MOTOCICLETA;PARTICULAR;Motociclista;31;FEMENINO;HERIDOS;0;0;0;0;CALLE 36D SUR CON CARRERA 27A;;LA PRADERA;6.163382698065178, -75.57199457747895;CAIDA OCUPANTE;NO REPORTADO;NO REPORTADO;RESIDENCIAL;Normal;Impericia en el manejo
2200704;13/04/2020;4:30:00 p. m.;Lunes;2020;Abril;MOTOCICLETA;PARTICULAR;Motociclista;31;MASCULINO;HERIDOS;0;0;0;0;CARRERA 50 CON CALLE 28 SUR;;LAS VEGAS;6.182172, -75.589410;CHOQUE;VEHICULO;NO REPORTADO;RESIDENCIAL;Normal;No mantener distancia de seguridad
2200705;13/04/2020;11:00:00 a. m.;Lunes;2020;Abril;MOTOCICLETA;PARTICULAR;Motociclista;20;MASCULINO;HERIDOS;0;0;0;0;CARRERA 48 CON CALLE 37 SUR;;LAS VEGAS;6.173473352424915, -75.59256588595376;CHOQUE;VEHICULO;NO REPORTADO;RESIDENCIAL;Normal;Adelantar cerrando
2200711;14/04/2020;10:55:00 a. m.;Martes;2020;Abril;MOTOCICLETA;PARTICULAR;Motociclista;49;MASCULINO;HERIDOS;0;0;0;0;CARRERA 50 CON CALLE 32 SUR;;LAS VEGAS;6.178856, -75.591468;CHOQUE;VEHICULO;NO REPORTADO;RESIDENCIAL;Normal;No mantener distancia de seguridad
2200712;14/04/2020;2:40:00 p. m.;Martes;2020;Abril;MOTOCICLETA;PARTICULAR;Motociclista;37;FEMENINO;HERIDOS;0;0;0;0;CARRERA 41 CON CARRERA 39 SUR;;EL DORADO;6.167995928423767, -75.58737507478921;CHOQUE;VEHICULO;NO REPORTADO;RESIDENCIAL;Normal;Impericia en el manejo
2200714;19/04/2020;8:00:00 p. m.;Domingo;2020;Abril;MOTOCICLETA;PARTICULAR;Motociclista;37;FEMENINO;HERIDOS;0;0;0;0;CARRERA 43A CON CALLE 38A SUR;;ALCALA;6.1697077409398275, -75.58915413115817;CHOQUE;VEHICULO;NO REPORTADO;RESIDENCIAL;Normal;Desobedecer señales
2200714;19/04/2020;8:00:00 p. m.;Domingo;2020;Abril;MOTOCICLETA;PARTICULAR;Motociclista;25;MASCULINO;HERIDOS;0;0;0;0;CARRERA 43A CON CALLE 38A SUR;;ALCALA;6.1697077409398275, -75.58915413115817;CHOQUE;VEHICULO;NO REPORTADO;RESIDENCIAL;Normal;Desobedecer señales
2200715;17/04/2020;6:00:00 a. m.;Viernes;2020;Abril;CAMIONETA;PUBLICO;Conductor;71;MASCULINO;HERIDOS;0;0;0;0;CARRERA 50 CON CALLE 37 SUR;;LAS VEGAS;6.175135, -75.595369;CHOQUE;VEHICULO;NO REPORTADO;RESIDENCIAL;Normal;No mantener distancia de seguridad
2200715;17/04/2020;6:00:00 a. m.;Viernes;2020;Abril;CAMIONETA;PARTICULAR;Conductor;23;MASCULINO;HERIDOS;0;0;0;0;CARRERA 50 CON CALLE 37 SUR;;LAS VEGAS;6.175135, -75.595369;CHOQUE;VEHICULO;NO REPORTADO;RESIDENCIAL;Normal;No mantener distancia de seguridad
2200716;16/04/2020;1:50:00 p. m.;Jueves;2020;Abril;MOTOCICLETA;PARTICULAR;Motociclista;39;MASCULINO;HERIDOS;0;0;0;0;CARRERA 27 CON CALLE 28 SUR;;EL ESMERALDAL;6.170089966292873, -75.56887445549089;CHOQUE;VEHICULO;NO REPORTADO;RESIDENCIAL;Normal;Adelantar en zona prohibida  -  Girar bruscamente
2200723;13/04/2020;11:00:00 a. m.;Lunes;2020;Abril;CAMIONETA;PARTICULAR;Peaton;53;MASCULINO;HERIDOS;0;0;0;0;CALLE 26B SUR CON CARRERA 42B52;;LAS ORQUIDEAS;6.177568603490653, -75.58048018036973;ATROPELLO;NO REPORTADO;NO REPORTADO;RESIDENCIAL;Normal;Impericia en el manejo
2200725;26/04/2020;3:15:00 p. m.;Domingo;2020;Abril;MOTOCICLETA;PARTICULAR;Motociclista;29;MASCULINO;HERIDOS;0;0;0;0;CALLE 36D SUR CON CARRERA 27;;LA PRADERA;6.158534737658366, -75.57159508458332;CHOQUE;VEHICULO;NO REPORTADO;RESIDENCIAL;Normal;Impericia en el manejo
2200730;27/04/2020;1:00:00 p. m.;Lunes;2020;Abril;MOTOCICLETA;PARTICULAR;Motociclista;48;MASCULINO;HERIDOS;0;0;0;0;CALLE 25A SUR CON CARRERA 50;;LAS VEGAS;6.186649479081533, -75.58506828782176;CHOQUE;VEHICULO;NO REPORTADO;RESIDENCIAL;Normal;Impericia en el manejo
2200731;28/04/2020;6:50:00 p. m.;Martes;2020;Abril;AUTOMOVIL;PUBLICO;Pasajero;29;MASCULINO;HERIDOS;0;0;0;0;CARRERA 34 CON CALLE 38A SUR 55;;MESA;6.166019128280517, -75.58297554595353;CHOQUE;OBJETO FIJO;VEHICULO ESTACIONADO;RESIDENCIAL;Normal;Impericia en el manejo
2200736;30/04/2020;4:45:00 p. m.;Jueves;2020;Abril;MOTOCICLETA;PARTICULAR;Motociclista;31;MASCULINO;HERIDOS;0;0;0;0;CARRERA 28C CON CALLE 37A SUR;;LA PRADERA;6.165385361638475, -75.57904514965261;CHOQUE;VEHICULO;NO REPORTADO;RESIDENCIAL;Normal;No mantener distancia de seguridad
2200737;2/05/2020;7:20:00 p. m.;Sábado;2020;Mayo;MOTOCICLETA;PARTICULAR;Motociclista;38;MASCULINO;HERIDOS;0;0;0;0;TRANSVERSAL 33 SUR CON DIAGONAL 31E;;LA MAGNOLIA;6.174971659016577, -75.58146910740788;CHOQUE;VEHICULO;NO REPORTADO;RESIDENCIAL;Normal;Desobedecer señales
2200738;2/05/2020;2:00:00 p. m.;Sábado;2020;Mayo;CAMIONETA;PUBLICO;Peaton;23;MASCULINO;HERIDOS;0;0;0;0;CARRERA 50 CON CALLE 30 SUR;;LAS VEGAS;6.180427, -75.590467;ATROPELLO;NO REPORTADO;NO REPORTADO;RESIDENCIAL;Normal;Impericia en el manejo
2200743;5/05/2020;8:10:00 p. m.;Martes;2020;Mayo;MOTOCICLETA;PARTICULAR;Motociclista;23;MASCULINO;HERIDOS;0;0;0;0;DIAGONAL 32 CON TRANSVERSAL 36 SUR;;LOS NARANJOS;6.168297308400927, -75.58063494306829;CHOQUE;VEHICULO;NO REPORTADO;RESIDENCIAL;Normal;Impericia en el manejo
2200744;4/05/2020;9:15:00 a. m.;Lunes;2020;Mayo;MOTOCICLETA;PARTICULAR;Peaton;58;FEMENINO;HERIDOS;0;0;0;0;CARRERA 37 CON CALLE 38 SUR 28;;MESA;6.167783061358305, -75.58423349282278;ATROPELLO;NO REPORTADO;NO REPORTADO;RESIDENCIAL;Normal;Otra-Conductor
2200749;6/05/2020;6:40:00 p. m.;Miércoles;2020;Mayo;MOTOCICLETA;PARTICULAR;Motociclista;20;MASCULINO;HERIDOS;0;0;0;0;CARRERA 48 CON CALLE 50 SUR;;LAS VEGAS;6.162072458716961, -75.60353659646475;CHOQUE;VEHICULO;NO REPORTADO;RESIDENCIAL;Normal;Adelantar invadiendo carril del mismo sentido en zigzag
2200750;7/05/2020;10:45:00 p. m.;Jueves;2020;Mayo;MOTOCICLETA;PARTICULAR;Motociclista;27;MASCULINO;HERIDOS;0;0;0;0;KILOMETRO 14+040;retiro varia palmas enviga (km 5+43 - km 14+ 550);VEREDA PALMAS;6.156477170168383, -75.53315686161744;CHOQUE;OBJETO FIJO;VALLA - SEÑAL;NO REPORTADO;Normal;Falta de prevencion ante animales en la via
2200751;8/05/2020;7:10:00 a. m.;Viernes;2020;Mayo;MOTOCICLETA;PARTICULAR;Motociclista;41;MASCULINO;HERIDOS;0;0;0;0;KILOMETRO 7+840;retiro varia palmas enviga (km 5+43 - km 14+ 550);VEREDA PERICO;6.174603027744927, -75.49508377824952;CHOQUE;VEHICULO;NO REPORTADO;NO REPORTADO;Normal;Otra-Conductor
2200751;8/05/2020;7:10:00 a. m.;Viernes;2020;Mayo;MOTOCICLETA;PARTICULAR;Motociclista;47;MASCULINO;HERIDOS;0;0;0;0;KILOMETRO 7+840;retiro varia palmas enviga (km 5+43 - km 14+ 550);VEREDA PERICO;6.174603027744927, -75.49508377824952;CHOQUE;VEHICULO;NO REPORTADO;NO REPORTADO;Normal;Otra-Conductor
2200752;7/05/2020;4:30:00 p. m.;Jueves;2020;Mayo;MOTOCICLETA;OFICIAL;Motociclista;52;MASCULINO;HERIDOS;0;0;0;0;CARRERA 45A CON CALLE 32B SUR ;;SAN MARCOS;6.175710525851519, -75.58784749097093;CAIDA OCUPANTE;NO REPORTADO;NO REPORTADO;RESIDENCIAL;Normal;Otra-Conductor
2200752;7/05/2020;4:30:00 p. m.;Jueves;2020;Mayo;MOTOCICLETA;OFICIAL;Acompañante;50;MASCULINO;HERIDOS;0;0;0;0;CARRERA 45A CON CALLE 32B SUR ;;SAN MARCOS;6.175710525851519, -75.58784749097093;CAIDA OCUPANTE;NO REPORTADO;NO REPORTADO;RESIDENCIAL;Normal;Otra-Conductor
2200753;9/05/2020;11:30:00 a. m.;Sábado;2020;Mayo;MOTOCICLETA;PARTICULAR;Motociclista;27;MASCULINO;HERIDOS;0;0;0;0;CARRERA 50 CON CALLE 49 SUR;;LAS VEGAS;6.164581, -75.603075;CHOQUE;VEHICULO;NO REPORTADO;RESIDENCIAL;Normal;Otra-Conductor
2200754;10/05/2020;4:10:00 p. m.;Domingo;2020;Mayo;MOTOCICLETA;OFICIAL;Acompañante;33;MASCULINO;HERIDOS;0;0;0;0;CARRERA 43A CON CALLE 33B SUR ;;SAN MARCOS;6.173355, -75.586842;CAIDA OCUPANTE;NO REPORTADO;NO REPORTADO;RESIDENCIAL;Normal;Impericia en el manejo
2200754;10/05/2020;4:10:00 p. m.;Domingo;2020;Mayo;MOTOCICLETA;OFICIAL;Motociclista;28;MASCULINO;HERIDOS;0;0;0;0;CARRERA 43A CON CALLE 33B SUR ;;SAN MARCOS;6.173355, -75.586842;CAIDA OCUPANTE;NO REPORTADO;NO REPORTADO;RESIDENCIAL;Normal;Impericia en el manejo
2200755;10/05/2020;3:00:00 p. m.;Domingo;2020;Mayo;BICICLETA;;Ciclista;58;MASCULINO;HERIDOS;0;0;0;0;CARRERA 48 CON CALLE 49D SUR ;;LAS CASITAS;6.163504532122534, -75.60254017672764;CHOQUE;VEHICULO;NO REPORTADO;RESIDENCIAL;Normal;No respetar pelacion de interseccion o giros
2200759;7/05/2020;11:30:00 a. m.;Jueves;2020;Mayo;MOTOCICLETA;PARTICULAR;Motociclista;39;FEMENINO;HERIDOS;0;0;0;0;CALLE 48C SUR CON CARRERA 42D 50;;LOMA DEL BARRO;6.161835246424366, -75.59698002870128;OTRO;NO REPORTADO;NO REPORTADO;RESIDENCIAL;Normal;Impericia en el manejo