NRO_RADICADO;FECHA_ACCIDENTE;HORA_ACCIDENTE;Día de la semana;AÑO;MES;CLASE_VEHICULO;TIPO_SERVICIO;TIPO_VICTIMA;EDAD;GENERO;GRAVEDAD;ESTADO_BEODEZ;ESTADO_DROGA;RESULTADO_BEODEZ;RESUL_BEODEZ_GRAMOS;DIRECCION_CARACT_VIA;TRAMO_VIA;LOCALIDAD_O_COMUNA;    GEORREFERENCIACIÓN;DESC_CLASE_ACCIDENTE;DESC_CHOQUE_ACCIDENTE;DESC_OBJETO_FIJO;DESC_SECTOR_ACCIDENTE;CONDICION_CLIMATICA;CAUSA_ACCIDENTE
2200761;11/05/2020;5:45:00 p. m.;Lunes;2020;Mayo;MOTOCICLETA;OFICIAL;Motociclista;28;MASCULINO;HERIDOS;0;0;0;;CALLE 37 SUR CON CARRERA 28C-13;;LA PRADERA;6.166339600214649, -75.57848618458335;CHOQUE;VEHICULO;NO REPORTADO;RESIDENCIAL;Normal;Desobedecer al agente
2200762;9/05/2020;11:50:00 a. m.;Sábado;2020;Mayo;MOTOCICLETA;PARTICULAR;Motociclista;28;MASCULINO;HERIDOS;0;0;0;0;CARRERA 50 CON CALLE 37 SUR;;LAS VEGAS;6.175135, -75.595369;CHOQUE;VEHICULO;NO REPORTADO;RESIDENCIAL;Normal;No mantener distancia de seguridad
2200769;12/05/2020;6:00:00 p. m.;Martes;2020;Mayo;MOTOCICLETA;PARTICULAR;Motociclista;19;MASCULINO;HERIDOS;0;0;0;0;CARRERA 43A CON CALLE 38A SUR;;ALCALA;6.1697077409398275, -75.58915413115817;CHOQUE;VEHICULO;NO REPORTADO;RESIDENCIAL;Normal;Desobedecer señales
2200769;12/05/2020;6:00:00 p. m.;Martes;2020;Mayo;MOTOCICLETA;PARTICULAR;Acompañante;27;MASCULINO;HERIDOS;0;0;0;0;CARRERA 43A CON CALLE 38A SUR;;ALCALA;6.1697077409398275, -75.58915413115817;CHOQUE;VEHICULO;NO REPORTADO;RESIDENCIAL;Normal;Desobedecer señales
2200769;12/05/2020;6:00:00 p. m.;Martes;2020;Mayo;MOTOCICLETA;PARTICULAR;Motociclista;26;MASCULINO;HERIDOS;0;0;0;0;CARRERA 43A CON CALLE 38A SUR;;ALCALA;6.1697077409398275, -75.58915413115817;CHOQUE;VEHICULO;NO REPORTADO;RESIDENCIAL;Normal;Desobedecer señales
2200770;13/05/2020;5:00:00 p. m.;Miércoles;2020;Mayo;BICICLETA;;Ciclista;31;MASCULINO;HERIDOS;0;0;0;0;CARRERA 42C CON CALLE 48 C SUR 82;;LOMA DEL BARRO;6.160055999100607, -75.59681019145607;CHOQUE;VEHICULO;NO REPORTADO;RESIDENCIAL;Normal;Transitar en contravia
2200771;7/05/2020;3:00:00 p. m.;Jueves;2020;Mayo;BICICLETA;;Ciclista;35;MASCULINO;HERIDOS;0;0;0;0;DIAGONAL 31E CON TRANSVERSAL 34A SUR;;OBRERO;6.173299326833534, -75.58085004978402;CHOQUE;VEHICULO;NO REPORTADO;RESIDENCIAL;Normal;Transitar en contravia
2200771;7/05/2020;3:00:00 p. m.;Jueves;2020;Mayo;BICICLETA;;Acompañante;40;FEMENINO;HERIDOS;0;0;0;0;DIAGONAL 31E CON TRANSVERSAL 34A SUR;;OBRERO;6.173299326833534, -75.58085004978402;CHOQUE;VEHICULO;NO REPORTADO;RESIDENCIAL;Normal;Transitar en contravia
2200776;15/05/2020;10:00:00 a. m.;Viernes;2020;Mayo;MOTOCICLETA;PARTICULAR;Motociclista;22;MASCULINO;HERIDOS;0;0;0;0;CALLE 48C SUR CON CARRERA 46A;;LAS CASITAS;6.162813988990426, -75.60000584703086;CHOQUE;VEHICULO;NO REPORTADO;RESIDENCIAL;Normal;No mantener distancia de seguridad
2200777;15/05/2020;1:15:00 p. m.;Viernes;2020;Mayo;MOTOCICLETA;PARTICULAR;Motociclista;62;MASCULINO;HERIDOS;0;0;0;0;CARRERA 48 CON CALLE 37 SUR;;LAS VEGAS;6.173473352424915, -75.59256588595376;CHOQUE;VEHICULO;NO REPORTADO;RESIDENCIAL;Normal;No mantener distancia de seguridad
2200781;17/05/2020;5:20:00 p. m.;Domingo;2020;Mayo;MOTOCICLETA;PARTICULAR;Peaton;35;MASCULINO;HERIDOS;0;0;0;0;KILOMETRO 12+00;medellÃn palmas envigado (km 12 - km 16+700);VEREDA PALMAS;6.159136333904211, -75.51759278008379;ATROPELLO;NO REPORTADO;NO REPORTADO;NO REPORTADO;Normal;Desobedecer al agente  -  Exceso de velocidad
2200782;14/05/2020;5:50:00 p. m.;Jueves;2020;Mayo;BICICLETA;;Ciclista;32;MASCULINO;HERIDOS;0;0;0;0;DIAGONAL 31CC CON TRANSVERSAL 32A SUR 25;;LA MAGNOLIA;6.1761434423776524, -75.58098046928562;CHOQUE;VEHICULO;NO REPORTADO;RESIDENCIAL;Normal;Desobedecer señales
2200790;18/05/2020;6:10:00 a. m.;Lunes;2020;Mayo;BICICLETA;;Ciclista;35;MASCULINO;HERIDOS;0;0;0;0;CARRERA 48 CON CALLE 48 SUR ;;LAS VEGAS;6.163971397301533, -75.60177504789257;CHOQUE;VEHICULO;NO REPORTADO;RESIDENCIAL;Normal;No mantener distancia de seguridad
2200791;16/05/2020;10:20:00 a. m.;Sábado;2020;Mayo;MOTOCICLETA;PARTICULAR;Motociclista;22;FEMENINO;HERIDOS;0;0;0;0;CARRERA 43A CON CALLE 45 SUR 35;;LA PAZ;6.165154533275487, -75.59449719995919;CHOQUE;VEHICULO;NO REPORTADO;RESIDENCIAL;Normal;Impericia en el manejo
2200792;18/05/2020;6:00:00 p. m.;Lunes;2020;Mayo;MOTOCICLETA;PARTICULAR;Motociclista;27;MASCULINO;HERIDOS;0;0;0;0;CARRERA 43A CON CALLE 34 SUR 05;;SAN MARCOS;6.172998758840841, -75.58710748398006;CHOQUE;VEHICULO;NO REPORTADO;RESIDENCIAL;Normal;Impericia en el manejo
2200793;19/05/2020;7:20:00 a. m.;Martes;2020;Mayo;MOTOCICLETA;PARTICULAR;Motociclista;33;MASCULINO;HERIDOS;0;0;0;0;CARRERA 48 CON CALLE 40 SUR;;LAS VEGAS;6.170220061034249, -75.59578144973783;CHOQUE;VEHICULO;NO REPORTADO;RESIDENCIAL;Normal;Impericia en el manejo
2200793;19/05/2020;7:20:00 a. m.;Martes;2020;Mayo;MOTOCICLETA;PARTICULAR;Acompañante;39;MASCULINO;HERIDOS;0;0;0;0;CARRERA 48 CON CALLE 40 SUR;;LAS VEGAS;6.170220061034249, -75.59578144973783;CHOQUE;VEHICULO;NO REPORTADO;RESIDENCIAL;Normal;Impericia en el manejo
2200797;19/05/2020;12:10:00 p. m.;Martes;2020;Mayo;MOTOCICLETA;PARTICULAR;Motociclista;62;FEMENINO;HERIDOS;0;0;0;0;CARRERA 29C CON CALLE 40F SUR;;SAN RAFAEL;6.1606767657746575, -75.58435894965265;CHOQUE;OBJETO FIJO;VEHICULO ESTACIONADO;RESIDENCIAL;Normal;Impericia en el manejo
2200798;20/05/2020;5:20:00 p. m.;Miércoles;2020;Mayo;MOTOCICLETA;PARTICULAR;Acompañante;27;MASCULINO;HERIDOS;0;0;0;0;CALLE 36D SUR CON CARRERA 27-160;;LA PRADERA;6.163900863260414, -75.57189833615952;CHOQUE;VEHICULO;NO REPORTADO;RESIDENCIAL;Normal;No mantener distancia de seguridad
2200799;20/05/2020;5:10:00 p. m.;Miércoles;2020;Mayo;MOTOCICLETA;PARTICULAR;Peaton;51;FEMENINO;HERIDOS;0;0;0;0;CALLE 36D SUR CON DIAGONAL 31;;LA PRADERA;6.153215634378515, -75.56422900631503;ATROPELLO;NO REPORTADO;NO REPORTADO;RESIDENCIAL;Normal;Cruzar en curva
2200800;20/05/2020;8:30:00 a. m.;Miércoles;2020;Mayo;MOTOCICLETA;PARTICULAR;Motociclista;28;MASCULINO;HERIDOS;0;0;0;0;CARRERA 50 CON CALLE 37 SUR;;LAS VEGAS;6.175135, -75.595369;CHOQUE;VEHICULO;NO REPORTADO;RESIDENCIAL;Normal;Impericia en el manejo
2200806;23/05/2020;12:40:00 p. m.;Sábado;2020;Mayo;MOTOCICLETA;PARTICULAR;Motociclista;36;MASCULINO;HERIDOS;0;0;0;0;KILOMETRO 13+100;medellÃn palmas envigado (km 12 - km 16+700);VEREDA PALMAS;6.1647261662395625, -75.54500025852985;CHOQUE;OBJETO FIJO;MURO;NO REPORTADO;Normal;Exceso de velocidad
2200806;23/05/2020;12:40:00 p. m.;Sábado;2020;Mayo;MOTOCICLETA;PARTICULAR;Acompañante;30;MASCULINO;HERIDOS;0;0;0;0;KILOMETRO 13+100;medellÃn palmas envigado (km 12 - km 16+700);VEREDA PALMAS;6.1647261662395625, -75.54500025852985;CHOQUE;OBJETO FIJO;MURO;NO REPORTADO;Normal;Exceso de velocidad
2200807;24/05/2020;5:00:00 a. m.;Domingo;2020;Mayo;MOTOCICLETA;PARTICULAR;Motociclista;33;FEMENINO;HERIDOS;0;0;0;;DIAGONAL 31C CON TRANSVERSAL 32C SUR;;LAS FLORES;6.17553282733969, -75.58047952096284;CHOQUE;VEHICULO;NO REPORTADO;RESIDENCIAL;Normal;Otra-Conductor
2200809;24/05/2020;7:10:00 a. m.;Domingo;2020;Mayo;MOTOCICLETA;PARTICULAR;Motociclista;25;MASCULINO;HERIDOS;0;0;0;0;CALLE 38A SUR CON CARRERA 45;;ALCALA;6.170593793907631, -75.59045196398677;CHOQUE;OBJETO FIJO;POSTE;RESIDENCIAL;Normal;Impericia en el manejo
2200810;22/05/2020;2:10:00 p. m.;Viernes;2020;Mayo;MOTOCICLETA;PARTICULAR;Motociclista;57;FEMENINO;HERIDOS;0;0;0;0;CARRERA 43A CON TRANSVERSAL 27A SUR;;PONTE VEDRA;6.178998369988548, -75.58360620019316;CAIDA OCUPANTE;NO REPORTADO;NO REPORTADO;RESIDENCIAL;Normal;Impericia en el manejo
2200811;26/05/2020;6:50:00 a. m.;Martes;2020;Mayo;MOTOCICLETA;PARTICULAR;Motociclista;30;MASCULINO;HERIDOS;0;0;0;0;CALLE 38 SUR CON CARRERA 41;;ZONA CENTRO;6.169349494582964, -75.58663369282274;ATROPELLO;NO REPORTADO;NO REPORTADO;RESIDENCIAL;Normal;Salir por delante de un vehiculo
2200811;26/05/2020;6:50:00 a. m.;Martes;2020;Mayo;MOTOCICLETA;PARTICULAR;Acompañante;37;FEMENINO;HERIDOS;0;0;0;0;CALLE 38 SUR CON CARRERA 41;;ZONA CENTRO;6.169349494582964, -75.58663369282274;ATROPELLO;NO REPORTADO;NO REPORTADO;RESIDENCIAL;Normal;Salir por delante de un vehiculo
2200811;26/05/2020;6:50:00 a. m.;Martes;2020;Mayo;MOTOCICLETA;PARTICULAR;Peaton;49;MASCULINO;HERIDOS;0;0;0;0;CALLE 38 SUR CON CARRERA 41;;ZONA CENTRO;6.169349494582964, -75.58663369282274;ATROPELLO;NO REPORTADO;NO REPORTADO;RESIDENCIAL;Normal;Salir por delante de un vehiculo
2200812;22/05/2020;8:00:00 a. m.;Viernes;2020;Mayo;MOTOCICLETA;PARTICULAR;Motociclista;21;MASCULINO;HERIDOS;0;0;0;0;TRANSVERSAL 34 SUR CON DIAGONAL 32D;;OBRERO;6.1728156274022945, -75.58316534789245;CHOQUE;VEHICULO;NO REPORTADO;RESIDENCIAL;Normal;Desobedecer señales
2200813;23/05/2020;3:30:00 p. m.;Sábado;2020;Mayo;AUTOMOVIL;PARTICULAR;Peaton;28;MASCULINO;HERIDOS;0;0;0;0;CALLE 41 SUR CON CARRERA 43A;;EL DORADO;6.166812629547492, -75.5921203039397;ATROPELLO;NO REPORTADO;NO REPORTADO;RESIDENCIAL;Normal;Transitar por la calzada
2200827;27/05/2020;11:20:00 a. m.;Miércoles;2020;Mayo;MOTOCICLETA;PARTICULAR;Motociclista;23;MASCULINO;HERIDOS;0;0;0;0;CALLE 48C SUR CON CARRERA 42A 144;;LOMA DEL BARRO;6.159666573406633, -75.59633947478927;CHOQUE;VEHICULO;NO REPORTADO;RESIDENCIAL;Normal;No mantener distancia de seguridad
2200828;27/05/2020;6:30:00 p. m.;Miércoles;2020;Mayo;CAMIONETA;PARTICULAR;Acompañante;27;MASCULINO;HERIDOS;0;0;0;0;CARRERA 48 CON CALLE 25AA SUR;;LAS VEGAS;6.184028357865233, -75.58468807562699;CHOQUE;VEHICULO;NO REPORTADO;RESIDENCIAL;Normal;Otra-Conductor
2200828;27/05/2020;6:30:00 p. m.;Miércoles;2020;Mayo;CAMIONETA;PARTICULAR;Acompañante;30;MASCULINO;HERIDOS;0;0;0;0;CARRERA 48 CON CALLE 25AA SUR;;LAS VEGAS;6.184028357865233, -75.58468807562699;CHOQUE;VEHICULO;NO REPORTADO;RESIDENCIAL;Normal;Otra-Conductor
2200828;27/05/2020;6:30:00 p. m.;Miércoles;2020;Mayo;CAMIONETA;PARTICULAR;Acompañante;33;MASCULINO;HERIDOS;0;0;0;0;CARRERA 48 CON CALLE 25AA SUR;;LAS VEGAS;6.184028357865233, -75.58468807562699;CHOQUE;VEHICULO;NO REPORTADO;RESIDENCIAL;Normal;Otra-Conductor
2200829;28/05/2020;7:10:00 a. m.;Jueves;2020;Mayo;MOTOCICLETA;PARTICULAR;Motociclista;41;FEMENINO;HERIDOS;0;0;0;0;CARRERA 50 CON CALLE 18 SUR;;LAS VEGAS;6.189110, -75.582753;CHOQUE;VEHICULO;NO REPORTADO;RESIDENCIAL;Normal;Obstaculos en la via
2200830;28/05/2020;5:00:00 p. m.;Jueves;2020;Mayo;MOTOCICLETA;PARTICULAR;Peaton;60;MASCULINO;HERIDOS;0;0;0;0;DIAGONAL 31E CON TRANSVERSAL 33A SUR 15;;LA MAGNOLIA;6.174250955138701, -75.5812051683013;ATROPELLO;NO REPORTADO;NO REPORTADO;RESIDENCIAL;Normal;Otra-Conductor
2200830;28/05/2020;5:00:00 p. m.;Jueves;2020;Mayo;MOTOCICLETA;PARTICULAR;Motociclista;42;MASCULINO;HERIDOS;0;0;0;0;DIAGONAL 31E CON TRANSVERSAL 33A SUR 15;;LA MAGNOLIA;6.174250955138701, -75.5812051683013;ATROPELLO;NO REPORTADO;NO REPORTADO;RESIDENCIAL;Normal;Otra-Conductor
2200831;29/05/2020;10:15:00 a. m.;Viernes;2020;Mayo;CAMIONETA;PUBLICO;Peaton;58;MASCULINO;HERIDOS;0;0;0;0;CALLE 32B SUR CON CARRERA 45;;SAN MARCOS;6.175336595530535, -75.58734297005257;ATROPELLO;NO REPORTADO;NO REPORTADO;RESIDENCIAL;Normal;Arrancar sin precaucion
2200832;29/05/2020;3:40:00 p. m.;Viernes;2020;Mayo;BICICLETA;;Ciclista;23;MASCULINO;HERIDOS;0;0;0;;DIAGONAL 30 CON TRANSVERSAL 34B SUR ;;URIBE ANGEL;6.172428534585265, -75.57823471574314;CHOQUE;VEHICULO;NO REPORTADO;RESIDENCIAL;Normal;Impericia en el manejo
2200838;30/05/2020;1:45:00 p. m.;Sábado;2020;Mayo;MOTOCICLETA;PARTICULAR;Peaton;25;MASCULINO;HERIDOS;0;0;0;0;CARRERA 48 CON CALLE 25 SUR;;LAS VEGAS;6.185777653989601, -75.58307135049446;ATROPELLO;NO REPORTADO;NO REPORTADO;RESIDENCIAL;Normal;Pasar semaforo en rojo
2200839;1/06/2020;6:30:00 p. m.;Lunes;2020;Junio;MOTOCICLETA;PARTICULAR;Motociclista;29;FEMENINO;HERIDOS;0;0;0;0;DIAGONAL 39 CON TRANSVERSAL 34A SUR;;OBRERO;6.171918361495635, -75.5843734936933;CAIDA OCUPANTE;NO REPORTADO;NO REPORTADO;RESIDENCIAL;Normal;Impericia en el manejo
2200840;1/06/2020;3:20:00 p. m.;Lunes;2020;Junio;MOTOCICLETA;PARTICULAR;Motociclista;41;MASCULINO;HERIDOS;0;0;0;0;CARRERA 48 CON CALLE 34 SUR;;LAS VEGAS;6.175553163814159, -75.59100803476572;CHOQUE;VEHICULO;NO REPORTADO;RESIDENCIAL;Normal;Impericia en el manejo
2200840;1/06/2020;3:20:00 p. m.;Lunes;2020;Junio;MOTOCICLETA;PARTICULAR;Acompañante;23;MASCULINO;HERIDOS;0;0;0;0;CARRERA 48 CON CALLE 34 SUR;;LAS VEGAS;6.175553163814159, -75.59100803476572;CHOQUE;VEHICULO;NO REPORTADO;RESIDENCIAL;Normal;Impericia en el manejo
2200841;2/06/2020;12:30:00 p. m.;Martes;2020;Junio;MOTOCICLETA;PARTICULAR;Acompañante;23;FEMENINO;HERIDOS;0;0;0;0;CARRERA 48 CON CALLE 25 SUR;;LAS VEGAS;6.185476183699448, -75.58319317022531;CHOQUE;VEHICULO;NO REPORTADO;RESIDENCIAL;Normal;No mantener distancia de seguridad
2200841;2/06/2020;12:30:00 p. m.;Martes;2020;Junio;MOTOCICLETA;PARTICULAR;Motociclista;27;MASCULINO;HERIDOS;0;0;0;0;CARRERA 48 CON CALLE 25 SUR;;LAS VEGAS;6.185476183699448, -75.58319317022531;CHOQUE;VEHICULO;NO REPORTADO;RESIDENCIAL;Normal;No mantener distancia de seguridad
2200842;30/05/2020;3:00:00 p. m.;Sábado;2020;Mayo;MOTOCICLETA;PARTICULAR;Motociclista;38;MASCULINO;HERIDOS;0;0;0;0;KILOMETRO 1+200;el escobero - km 0-13);VEREDA EL ESCOBERO;6.14521726749576, -75.5620763069673;CAIDA OCUPANTE;NO REPORTADO;NO REPORTADO;NO REPORTADO;Lluvia;Impericia en el manejo
2200842;30/05/2020;3:00:00 p. m.;Sábado;2020;Mayo;MOTOCICLETA;PARTICULAR;Acompañante;29;FEMENINO;HERIDOS;0;0;0;0;KILOMETRO 1+200;el escobero - km 0-13);VEREDA EL ESCOBERO;6.14521726749576, -75.5620763069673;CAIDA OCUPANTE;NO REPORTADO;NO REPORTADO;NO REPORTADO;Lluvia;Impericia en el manejo
2200847;3/06/2020;6:30:00 a. m.;Miércoles;2020;Junio;MOTOCICLETA;PARTICULAR;Motociclista;62;MASCULINO;HERIDOS;0;0;0;0;CARRERA 43 CON CALLE 33B SUR ;;ZONA CENTRO;6.173022093242198, -75.58624886583844;CHOQUE;VEHICULO;NO REPORTADO;RESIDENCIAL;Normal;Otra-Conductor
2200850;4/06/2020;12:00:00 p. m.;Jueves;2020;Junio;MOTOCICLETA;PARTICULAR;Motociclista;19;MASCULINO;HERIDOS;0;0;0;0;CARRERA 41 CON CALLE 40 DD SUR 28;;EL DORADO;6.165805328978894, -75.58939062165872;CHOQUE;VEHICULO;NO REPORTADO;RESIDENCIAL;Normal;Exceso de velocidad  -  Impericia en el manejo
2200850;4/06/2020;12:00:00 p. m.;Jueves;2020;Junio;BICICLETA;;Ciclista;23;FEMENINO;HERIDOS;0;0;0;0;CARRERA 41 CON CALLE 40 DD SUR 28;;EL DORADO;6.165805328978894, -75.58939062165872;CHOQUE;VEHICULO;NO REPORTADO;RESIDENCIAL;Normal;Exceso de velocidad  -  Impericia en el manejo
2200852;6/06/2020;6:15:00 p. m.;Sábado;2020;Junio;CAMIONETA;PARTICULAR;Conductor;74;FEMENINO;HERIDOS;0;0;0;0;CARRERA 26D CON CALLE 28 SUR 80;;LOMA DEL ATRAVEZADO;6.169699937114144, -75.56847390870483;CHOQUE;VEHICULO;NO REPORTADO;RESIDENCIAL;Normal;Impericia en el manejo
2200858;5/06/2020;5:25:00 p. m.;Viernes;2020;Junio;CAMIONETA;PUBLICO;Pasajero;37;FEMENINO;HERIDOS;0;0;0;0;TRANSVERSAL 32C SUR CON DIAGONAL 31;;LAS FLORES;6.174918525191856, -75.5785614074079;CHOQUE;VEHICULO;NO REPORTADO;RESIDENCIAL;Normal;Impericia en el manejo
2200861;2/06/2020;12:00:00 p. m.;Martes;2020;Junio;MOTOCICLETA;PARTICULAR;Acompañante;64;FEMENINO;HERIDOS;0;0;0;0;CARRERA 50 CON CALLE 47 SUR;;LAS VEGAS;6.167648, -75.602463;CHOQUE;VEHICULO;NO REPORTADO;RESIDENCIAL;Normal;Adelantar cerrando
2200861;2/06/2020;12:00:00 p. m.;Martes;2020;Junio;MOTOCICLETA;PARTICULAR;Motociclista;42;FEMENINO;HERIDOS;0;0;0;0;CARRERA 50 CON CALLE 47 SUR;;LAS VEGAS;6.167648, -75.602463;CHOQUE;VEHICULO;NO REPORTADO;RESIDENCIAL;Normal;Adelantar cerrando
2200862;3/06/2020;11:10:00 a. m.;Miércoles;2020;Junio;MOTOCICLETA;PARTICULAR;Motociclista;32;MASCULINO;HERIDOS;0;0;0;0;CARRERA 48 CON CALLE 50 SUR;;LAS VEGAS;6.162072458716961, -75.60353659646475;CHOQUE;VEHICULO;NO REPORTADO;RESIDENCIAL;Normal;Impericia en el manejo
2200863;3/06/2020;8:30:00 p. m.;Miércoles;2020;Junio;MOTOCICLETA;PARTICULAR;Motociclista;25;MASCULINO;HERIDOS;0;0;0;0;DIAGONAL 31E CON TRANSVERSAL 33 SUR;;LA MAGNOLIA;6.174765318599022, -75.58140124373944;CHOQUE;VEHICULO;NO REPORTADO;RESIDENCIAL;Normal;Desobedecer señales
2200866;6/06/2020;10:50:00 a. m.;Sábado;2020;Junio;AUTOMOVIL;PUBLICO;Conductor;50;MASCULINO;HERIDOS;0;0;0;;CARRERA 48 CON CALLE 32B SUR 29;;LAS VEGAS;6.177646434537166, -75.58955995475615;CHOQUE;VEHICULO;NO REPORTADO;RESIDENCIAL;Normal;No mantener distancia de seguridad
2200867;7/06/2020;12:40:00 p. m.;Domingo;2020;Junio;MOTOCICLETA;PARTICULAR;Motociclista;47;MASCULINO;HERIDOS;0;0;0;0;CALLE 38A SUR CON CARRERA 33;;MESA;6.165780829648813, -75.58256356129618;CHOQUE;VEHICULO;NO REPORTADO;RESIDENCIAL;Normal;Desobedecer señales
2200868;7/06/2020;12:16:00 p. m.;Domingo;2020;Junio;MOTOCICLETA;PARTICULAR;Motociclista;30;MASCULINO;HERIDOS;0;0;0;0;CARRERA 40 CON CALLE 39 SUR;;MESA;6.167536195350915, -75.5868560784882;CHOQUE;VEHICULO;NO REPORTADO;RESIDENCIAL;Normal;Semaforo en rojo
2200874;8/06/2020;5:30:00 p. m.;Lunes;2020;Junio;AUTOMOVIL;PUBLICO;Conductor;32;MASCULINO;HERIDOS;0;0;0;0;CARRERA 48 CON CALLE 39B SUR;;LAS VEGAS;6.170706660686169, -75.59491182090285;CHOQUE;VEHICULO;NO REPORTADO;RESIDENCIAL;Normal;Adelantar invadiendo carril de sentido contrario
2200875;3/06/2020;11:10:00 a. m.;Miércoles;2020;Junio;MOTOCICLETA;PARTICULAR;Motociclista;32;MASCULINO;HERIDOS;0;0;0;;CARRERA 43A CON CALLE 21 SUR ;;ZUÑIGA;6.183713641178079, -75.57949825044352;OTRO;NO REPORTADO;NO REPORTADO;RESIDENCIAL;Lluvia;Impericia en el manejo
2200876;3/06/2020;3:20:00 p. m.;Miércoles;2020;Junio;MOTOCICLETA;PARTICULAR;Motociclista;38;FEMENINO;HERIDOS;0;0;0;;CALLE 39A SUR CON CARRERA 27B 40;;SAN JOSE;6.158961109075786, -75.58006727855506;CAIDA OCUPANTE;NO REPORTADO;NO REPORTADO;RESIDENCIAL;Lluvia;Impericia en el manejo
2200877;4/06/2020;5:10:00 p. m.;Jueves;2020;Junio;MOTOCICLETA;PARTICULAR;Motociclista;26;MASCULINO;HERIDOS;0;0;0;0;CALLE 36 SUR CON CARRERA 25;;LOMA DEL ATRAVEZADO;6.167354695665188, -75.5649090631456;CHOQUE;VEHICULO;NO REPORTADO;RESIDENCIAL;Normal;No respetar pelacion de interseccion o giros
2200878;4/06/2020;1:10:00 p. m.;Jueves;2020;Junio;MOTOCICLETA;PARTICULAR;Motociclista;20;FEMENINO;HERIDOS;0;0;0;0;CALLE 25 SUR CON CARRERA 42B;;LAS ORQUIDEAS;6.180237992694924, -75.58113083957399;CHOQUE;VEHICULO;NO REPORTADO;RESIDENCIAL;Normal;No mantener distancia de seguridad
2200879;5/06/2020;9:00:00 p. m.;Viernes;2020;Junio;MOTOCICLETA;PARTICULAR;Motociclista;30;MASCULINO;HERIDOS;0;0;0;0;DIAGONAL 33 CON TRANSVERSAL 34E SUR;;LOS NARANJOS;6.170146994050131, -75.58261703329903;CHOQUE;VEHICULO;NO REPORTADO;RESIDENCIAL;Normal;No mantener distancia de seguridad
2200879;5/06/2020;9:00:00 p. m.;Viernes;2020;Junio;MOTOCICLETA;PARTICULAR;Motociclista;23;MASCULINO;HERIDOS;0;0;0;0;DIAGONAL 33 CON TRANSVERSAL 34E SUR;;LOS NARANJOS;6.170146994050131, -75.58261703329903;CHOQUE;VEHICULO;NO REPORTADO;RESIDENCIAL;Normal;No mantener distancia de seguridad
2200880;6/06/2020;9:20:00 p. m.;Sábado;2020;Junio;MOTOCICLETA;PARTICULAR;Peaton;66;MASCULINO;MUERTOS;0;0;0;0;TRANSVERSAL 32A SUR CON DIAGONAL 29;;ALTO DE MISAEL;6.174989, -75.577737;ATROPELLO;NO REPORTADO;NO REPORTADO;RESIDENCIAL;Normal;Transitar sin luces
2200880;6/06/2020;9:20:00 p. m.;Sábado;2020;Junio;MOTOCICLETA;PARTICULAR;Motociclista;24;MASCULINO;HERIDOS;0;0;0;0;TRANSVERSAL 32A SUR CON DIAGONAL 29;;ALTO DE MISAEL;6.174989, -75.577737;ATROPELLO;NO REPORTADO;NO REPORTADO;RESIDENCIAL;Normal;Transitar sin luces
2200881;10/06/2020;7:00:00 a. m.;Miércoles;2020;Junio;BICICLETA;;Ciclista;25;MASCULINO;HERIDOS;0;0;0;0;CARRERA 27 CON CALLE 28 SUR;;EL ESMERALDAL;6.170089966292873, -75.56887445549089;CHOQUE;VEHICULO;NO REPORTADO;RESIDENCIAL;Normal;Adelantar cerrando  -  Adelantar en zona prohibida
2200882;7/06/2020;11:00:00 a. m.;Domingo;2020;Junio;MOTOCICLETA;PARTICULAR;Acompañante;25;FEMENINO;HERIDOS;0;0;0;0;CALLE 39B SUR CON CARRERA 32 ;;MESA;6.163878971407735, -75.58295802936195;CHOQUE;VEHICULO;NO REPORTADO;RESIDENCIAL;Normal;Desobedecer señales
2200883;6/06/2020;10:40:00 p. m.;Sábado;2020;Junio;BICICLETA;;Ciclista;29;MASCULINO;HERIDOS;0;0;0;0;CARRERA 27B CON CALLE 40 SUR;;SAN JOSE;6.15898249971283, -75.58094767663884;CHOQUE;VEHICULO;NO REPORTADO;RESIDENCIAL;Normal;Sujetarse a otro veh!culo
2200884;7/06/2020;12:50:00 p. m.;Domingo;2020;Junio;BICICLETA;;Ciclista;28;MASCULINO;HERIDOS;0;0;0;0;KILOMETRO 3+00;el escobero - km 0-13);VEREDA EL ESCOBERO;6.136405768942477, -75.55455028687997;CHOQUE;VEHICULO;NO REPORTADO;NO REPORTADO;Normal;Impericia en el manejo
2200886;9/06/2020;3:30:00 p. m.;Martes;2020;Junio;MOTOCICLETA;PARTICULAR;Motociclista;20;MASCULINO;HERIDOS;0;0;0;0;CARRERA 43A CON CALLE 48C SUR ;;PRIMAVERA;6.162222305860492, -75.5976995886002;CHOQUE;VEHICULO;NO REPORTADO;RESIDENCIAL;Normal;Desobedecer señales
2200888;10/06/2020;7:02:00 p. m.;Miércoles;2020;Junio;BICICLETA;;Ciclista;25;MASCULINO;HERIDOS;0;0;0;0;KILOMETRO 3+100;el escobero - km 0-13);VEREDA EL ESCOBERO;6.135505071265685, -75.55461980324718;CHOQUE;VEHICULO;NO REPORTADO;NO REPORTADO;Normal;Impericia en el manejo
2200890;10/06/2020;5:20:00 p. m.;Miércoles;2020;Junio;MOTOCICLETA;PARTICULAR;Acompañante;29;MASCULINO;HERIDOS;0;0;0;0;KILOMETRO 8+2;el escobero - km 0-13);VEREDA EL ESCOBERO;6.12539900209094, -75.53536853823638;CAIDA OCUPANTE;NO REPORTADO;NO REPORTADO;NO REPORTADO;Lluvia;Impericia en el manejo