NRO_RADICADO;FECHA_ACCIDENTE;HORA_ACCIDENTE;Día de la semana;AÑO;MES;CLASE_VEHICULO;TIPO_SERVICIO;TIPO_VICTIMA;EDAD;GENERO;GRAVEDAD;ESTADO_BEODEZ;ESTADO_DROGA;RESULTADO_BEODEZ;RESUL_BEODEZ_GRAMOS;DIRECCION_CARACT_VIA;TRAMO_VIA;LOCALIDAD_O_COMUNA;    GEORREFERENCIACIÓN;DESC_CLASE_ACCIDENTE;DESC_CHOQUE_ACCIDENTE;DESC_OBJETO_FIJO;DESC_SECTOR_ACCIDENTE;CONDICION_CLIMATICA;CAUSA_ACCIDENTE
2200890;10/06/2020;5:20:00 p. m.;Miércoles;2020;Junio;MOTOCICLETA;PARTICULAR;Motociclista;52;MASCULINO;HERIDOS;0;0;0;0;KILOMETRO 8+2;el escobero - km 0-13);VEREDA EL ESCOBERO;6.12539900209094, -75.53536853823638;CAIDA OCUPANTE;NO REPORTADO;NO REPORTADO;NO REPORTADO;Lluvia;Impericia en el manejo
2200899;14/06/2020;12:43:00 a. m.;Domingo;2020;Junio;MOTOCICLETA;PARTICULAR;Motociclista;31;MASCULINO;MUERTOS;0;0;0;0;DIAGONAL 31C CON TRANSVERSAL 33A SUR;;LAS FLORES;6.174159, -75.580408;CHOQUE;VEHICULO;NO REPORTADO;RESIDENCIAL;Normal;Desobedecer señales
2200905;15/06/2020;4:30:00 p. m.;Lunes;2020;Junio;MOTOCICLETA;PARTICULAR;Acompañante;23;FEMENINO;HERIDOS;0;0;0;0;CALLE 38 SUR  CON CARRERA 40;;ZONA CENTRO;6.168817061086842, -75.58593976398683;CAIDA OCUPANTE;NO REPORTADO;NO REPORTADO;RESIDENCIAL;Lluvia;Impericia en el manejo
2200906;16/06/2020;11:10:00 a. m.;Martes;2020;Junio;MOTOCICLETA;PARTICULAR;Peaton;81;FEMENINO;HERIDOS;0;0;0;0;CARRERA 43 CON TRANSVERSAL 32 SUR;;LA MAGNOLIA;6.17545795908513, -75.58524605049459;ATROPELLO;NO REPORTADO;NO REPORTADO;RESIDENCIAL;Normal;Transitar por la calzada
2200917;16/06/2020;7:00:00 a. m.;Martes;2020;Junio;MOTOCICLETA;PARTICULAR;Motociclista;25;MASCULINO;HERIDOS;0;0;0;0;CARRERA 50 CON CALLE 30 SUR;;LAS VEGAS;6.180427, -75.590467;OTRO;NO REPORTADO;NO REPORTADO;RESIDENCIAL;Normal;Otra-Via
2200918;16/06/2020;6:00:00 p. m.;Martes;2020;Junio;MOTOCICLETA;PARTICULAR;Motociclista;44;MASCULINO;HERIDOS;0;0;0;0;DIAGONAL 31C CON TRANSVERSAL 34D SUR;;LAS FLORES;6.172066208042955, -75.58007338843481;CHOQUE;VEHICULO;NO REPORTADO;RESIDENCIAL;Normal;No mantener distancia de seguridad
2200921;17/06/2020;5:45:00 p. m.;Miércoles;2020;Junio;MOTOCICLETA;PARTICULAR;Acompañante;63;MASCULINO;HERIDOS;0;0;0;0;CARRERA 50 CON CALLE 46A SUR;;LAS VEGAS;6.168548, -75.602176;CHOQUE;VEHICULO;NO REPORTADO;RESIDENCIAL;Normal;No mantener distancia de seguridad
2200921;17/06/2020;5:45:00 p. m.;Miércoles;2020;Junio;MOTOCICLETA;PARTICULAR;Motociclista;39;MASCULINO;HERIDOS;0;0;0;0;CARRERA 50 CON CALLE 46A SUR;;LAS VEGAS;6.168548, -75.602176;CHOQUE;VEHICULO;NO REPORTADO;RESIDENCIAL;Normal;No mantener distancia de seguridad
2200937;18/06/2020;12:40:00 p. m.;Jueves;2020;Junio;CAMIONETA;PARTICULAR;Acompañante;54;FEMENINO;HERIDOS;0;0;0;0;CARRERA 43A CON CALLE 44 SUR 25;;MILAN VALLEJUELOS;6.1655880038226245, -75.59407459640002;CHOQUE;VEHICULO;NO REPORTADO;RESIDENCIAL;Normal;No mantener distancia de seguridad
2200946;18/06/2020;7:10:00 p. m.;Jueves;2020;Junio;AUTOMOVIL;PARTICULAR;Acompañante;2;MASCULINO;HERIDOS;0;0;0;0;CARRERA 43A CON CALLE 25A SUR;;VILLA GRANDE;6.181409134528909, -75.58177493964634;CHOQUE;VEHICULO;NO REPORTADO;RESIDENCIAL;Lluvia;No mantener distancia de seguridad
2200947;19/06/2020;8:30:00 a. m.;Viernes;2020;Junio;MOTOCICLETA;PARTICULAR;Motociclista;32;MASCULINO;HERIDOS;0;0;0;0;CARRERA 50 CON CALLE 46A SUR;;LAS VEGAS;6.168548, -75.602176;CHOQUE;VEHICULO;NO REPORTADO;RESIDENCIAL;Normal;No mantener distancia de seguridad
2200948;21/06/2020;9:10:00 a. m.;Domingo;2020;Junio;MOTOCICLETA;PARTICULAR;Motociclista;22;MASCULINO;HERIDOS;0;0;0;0;CARRERA 49 CON CALLE 36 SUR;;LAS VEGAS;6.176909, -75.593151;CHOQUE;VEHICULO;NO REPORTADO;RESIDENCIAL;Normal;Adelantar por la derecha
2200951;21/06/2020;9:00:00 p. m.;Domingo;2020;Junio;MOTOCICLETA;PARTICULAR;Acompañante;28;FEMENINO;HERIDOS;0;0;0;0;TRANSVERSAL 32A SUR CON DIAGONAL 32D;;LA MAGNOLIA;6.175328925219359, -75.5841293920677;CHOQUE;VEHICULO;NO REPORTADO;RESIDENCIAL;Normal;Desobedecer señales
2200952;21/06/2020;7:30:00 p. m.;Domingo;2020;Junio;MOTOCICLETA;PARTICULAR;Motociclista;38;MASCULINO;HERIDOS;0;0;0;;CALLE 40C SUR CON CARRERA 28-35;;LA MINA;6.160200670072124, -75.58160112691202;CHOQUE;VEHICULO;NO REPORTADO;RESIDENCIAL;Normal;Impericia en el manejo
2200953;20/06/2020;5:30:00 p. m.;Sábado;2020;Junio;MOTOCICLETA;PARTICULAR;Motociclista;35;MASCULINO;HERIDOS;0;0;0;0;KILOMETRO 6+300;retiro varia palmas enviga (km 5+43 - km 14+ 550);VEREDA PERICO;6.1682193870818045, -75.48438183826798;CHOQUE;VEHICULO;NO REPORTADO;NO REPORTADO;Normal;Exceso de velocidad  -  No mantener distancia de seguridad
2200954;20/06/2020;4:20:00 p. m.;Sábado;2020;Junio;MOTOCICLETA;PARTICULAR;Motociclista;21;MASCULINO;HERIDOS;0;0;0;0;KILOMETRO 6+300;el escobero - km 0-13);VEREDA EL ESCOBERO;6.120051476749055, -75.54380052929696;CHOQUE;VEHICULO;NO REPORTADO;NO REPORTADO;Normal;Otra-Conductor
2200955;22/06/2020;8:45:00 p. m.;Lunes;2020;Junio;MOTOCICLETA;PARTICULAR;Motociclista;24;MASCULINO;HERIDOS;0;0;0;0;CALLE 36D SUR CON CARRERA 27C40;;LA PRADERA;6.164411774549704, -75.57390938013407;CHOQUE;VEHICULO;NO REPORTADO;RESIDENCIAL;Normal;Desobedecer señales
2200955;22/06/2020;8:45:00 p. m.;Lunes;2020;Junio;MOTOCICLETA;PARTICULAR;Motociclista;22;FEMENINO;HERIDOS;0;0;0;0;CALLE 36D SUR CON CARRERA 27C40;;LA PRADERA;6.164411774549704, -75.57390938013407;CHOQUE;VEHICULO;NO REPORTADO;RESIDENCIAL;Normal;Desobedecer señales
2200956;22/06/2020;4:45:00 p. m.;Lunes;2020;Junio;MOTOCICLETA;PARTICULAR;Motociclista;17;MASCULINO;HERIDOS;0;0;0;;CARRERA 42 CON CALLE 35 SUR;;ZONA CENTRO;6.171784026962355, -75.58601450362481;CHOQUE;VEHICULO;NO REPORTADO;RESIDENCIAL;Normal;Desobedecer señales
2200959;22/06/2020;1:30:00 p. m.;Lunes;2020;Junio;MOTOCICLETA;PARTICULAR;Acompañante;19;FEMENINO;HERIDOS;0;0;0;;CARRERA 27 CON CALLE 36 SUR;;LA INMACULADA;6.167015078453001, -75.56942680468548;CHOQUE;VEHICULO;NO REPORTADO;RESIDENCIAL;Normal;Otra-Conductor
2200962;23/06/2020;4:40:00 p. m.;Martes;2020;Junio;MOTOCICLETA;DIPLOMATICO;Motociclista;24;MASCULINO;HERIDOS;0;0;0;;TRANSVERSAL 36 SUR CON DIAGONAL 30;;LA SEBASTIANA;6.168230361420306, -75.5799592216587;OTRO;NO REPORTADO;NO REPORTADO;RESIDENCIAL;Normal;Impericia en el manejo
2200963;23/06/2020;5:15:00 p. m.;Martes;2020;Junio;BICICLETA;;Ciclista;14;MASCULINO;HERIDOS;0;0;0;0;CARRERA 23 CON CALLE 25 SUR53;;LOMA DEL ATRAVEZADO;6.172001684974926, -75.56441384219079;CHOQUE;VEHICULO;NO REPORTADO;RESIDENCIAL;Normal;Otra-Vehículo
2200964;23/06/2020;2:15:00 p. m.;Martes;2020;Junio;MOTOCICLETA;PARTICULAR;Motociclista;49;MASCULINO;HERIDOS;0;0;0;0;CARRERA 43A CON CALLE 27A SUR;;PONTE VEDRA;6.178638285794359, -75.58396818851368;CHOQUE;VEHICULO;NO REPORTADO;RESIDENCIAL;Normal;No mantener distancia de seguridad
2200964;23/06/2020;2:15:00 p. m.;Martes;2020;Junio;MOTOCICLETA;DIPLOMATICO;Motociclista;27;FEMENINO;HERIDOS;0;0;0;0;CARRERA 43A CON CALLE 27A SUR;;PONTE VEDRA;6.178638285794359, -75.58396818851368;CHOQUE;VEHICULO;NO REPORTADO;RESIDENCIAL;Normal;No mantener distancia de seguridad
2200965;23/06/2020;12:00:00 p. m.;Martes;2020;Junio;MOTOCICLETA;PARTICULAR;Peaton;61;FEMENINO;HERIDOS;0;0;0;0;CARRERA 41 CON CALLE 38A SUR;;ZONA CENTRO;6.168687361739798, -75.58696110446313;ATROPELLO;NO REPORTADO;NO REPORTADO;RESIDENCIAL;Normal;Pasar semaforo en rojo
2200965;23/06/2020;12:00:00 p. m.;Martes;2020;Junio;MOTOCICLETA;PARTICULAR;Motociclista;29;MASCULINO;HERIDOS;0;0;0;0;CARRERA 41 CON CALLE 38A SUR;;ZONA CENTRO;6.168687361739798, -75.58696110446313;ATROPELLO;NO REPORTADO;NO REPORTADO;RESIDENCIAL;Normal;Pasar semaforo en rojo
2200966;25/06/2020;9:25:00 p. m.;Jueves;2020;Junio;BICICLETA;;Ciclista;56;MASCULINO;HERIDOS;0;0;0;0;CARRERA 43A CON CALLE 38 SUR;;ALCALA;6.170469844548444, -75.58864056631975;CHOQUE;VEHICULO;NO REPORTADO;RESIDENCIAL;Normal;Semaforo en rojo
2200968;24/06/2020;11:40:00 a. m.;Miércoles;2020;Junio;MOTOCICLETA;PARTICULAR;Motociclista;26;MASCULINO;HERIDOS;0;0;0;;CARRERA 27 CON CALLE 36 SUR;;LA INMACULADA;6.16707818401119, -75.56940131280422;CAIDA OCUPANTE;NO REPORTADO;NO REPORTADO;RESIDENCIAL;Normal;Impericia en el manejo
2200970;25/06/2020;10:45:00 a. m.;Jueves;2020;Junio;MOTOCICLETA;PARTICULAR;Peaton;51;FEMENINO;HERIDOS;0;0;0;0;CALLE 20 SUR CON CARRERA 45-70;;ZUÑIGA;6.185184580121774, -75.58102301709096;ATROPELLO;NO REPORTADO;NO REPORTADO;RESIDENCIAL;Normal;Cruzar sin observar  -  Impericia en el manejo
2200972;26/06/2020;11:50:00 a. m.;Viernes;2020;Junio;BICICLETA;;Ciclista;53;MASCULINO;HERIDOS;0;0;0;;CARRERA 48 CON CALLE 27A SUR 02;;LAS VEGAS;6.18156498371222, -75.58690695693113;CHOQUE;VEHICULO;NO REPORTADO;RESIDENCIAL;Normal;Girar bruscamente  -  No mantener distancia de seguridad
2200977;24/06/2020;8:50:00 a. m.;Miércoles;2020;Junio;MOTOCICLETA;PARTICULAR;Motociclista;20;MASCULINO;HERIDOS;0;0;0;0;CARRERA 50 CON CALLE 37 SUR;;LAS VEGAS;6.175135, -75.595369;CHOQUE;VEHICULO;NO REPORTADO;RESIDENCIAL;Normal;Transitar entre vehiculos
2200978;29/06/2020;3:20:00 a. m.;Lunes;2020;Junio;MOTOCICLETA;PARTICULAR;Acompañante;50;FEMENINO;HERIDOS;0;0;0;;CARRERA 49 CON CALLE 32B SUR 24;;LAS VEGAS;6.178136, -75.591907;CHOQUE;OBJETO FIJO;MURO;RESIDENCIAL;Normal;Impericia en el manejo
2200978;29/06/2020;3:20:00 a. m.;Lunes;2020;Junio;MOTOCICLETA;PARTICULAR;Motociclista;62;MASCULINO;HERIDOS;0;0;0;;CARRERA 49 CON CALLE 32B SUR 24;;LAS VEGAS;6.178136, -75.591907;CHOQUE;OBJETO FIJO;MURO;RESIDENCIAL;Normal;Impericia en el manejo
2200980;29/06/2020;4:40:00 p. m.;Lunes;2020;Junio;BICICLETA;;Ciclista;19;MASCULINO;HERIDOS;0;0;0;0;CALLE 36D SUR CON CARRERA 27;;LA PRADERA;6.158534737658366, -75.57159508458332;CHOQUE;VEHICULO;NO REPORTADO;RESIDENCIAL;Normal;Impericia en el manejo
2200982;28/06/2020;1:00:00 p. m.;Domingo;2020;Junio;BICICLETA;;Ciclista;12;MASCULINO;HERIDOS;0;0;0;;CARRERA 48 CON CALLE 39A SUR;;LAS VEGAS;6.1713800603872935, -75.59416530446312;CHOQUE;VEHICULO;NO REPORTADO;RESIDENCIAL;Normal;Otra-Conductor
2200984;26/06/2020;9:20:00 p. m.;Viernes;2020;Junio;MOTOCICLETA;PARTICULAR;Acompañante;16;FEMENINO;HERIDOS;0;0;0;;KILOMETRO 2+500;el escobero - km 0-13);VEREDA EL ESCOBERO;6.138581731837884, -75.55676181696901;CHOQUE;VEHICULO;NO REPORTADO;NO REPORTADO;Normal;Impericia en el manejo
2200984;26/06/2020;9:20:00 p. m.;Viernes;2020;Junio;MOTOCICLETA;PARTICULAR;Motociclista;17;MASCULINO;HERIDOS;0;0;0;;KILOMETRO 2+500;el escobero - km 0-13);VEREDA EL ESCOBERO;6.138581731837884, -75.55676181696901;CHOQUE;VEHICULO;NO REPORTADO;NO REPORTADO;Normal;Impericia en el manejo
2200987;29/06/2020;2:30:00 p. m.;Lunes;2020;Junio;MOTOCICLETA;PARTICULAR;Motociclista;36;MASCULINO;HERIDOS;0;0;0;0;CARRERA 24 CON TRANSVERSAL 36D SUR 141;;LA PRADERA;6.1552592442881435, -75.56639064040522;CHOQUE;VEHICULO;NO REPORTADO;RESIDENCIAL;Normal;Impericia en el manejo
2200990;25/05/2020;3:00:00 p. m.;Lunes;2020;Mayo;MOTOCICLETA;PARTICULAR;Motociclista;24;MASCULINO;HERIDOS;0;0;0;0;CARRERA 42B CON CALLE 48C SUR;;LOMA DEL BARRO;6.159833231714133, -75.5963597324606;CHOQUE;VEHICULO;NO REPORTADO;RESIDENCIAL;Normal;Desobedecer señales
2200994;28/06/2020;10:35:00 p. m.;Domingo;2020;Junio;BICICLETA;;Ciclista;33;MASCULINO;HERIDOS;0;0;0;;CARRERA 42B CON CALLE 26A SUR 50;;LAS ORQUIDEAS;6.177613189939544, -75.5799225631455;CHOQUE;VEHICULO;NO REPORTADO;RESIDENCIAL;Normal;Adelantar cerrando
2200996;28/06/2020;8:05:00 a. m.;Domingo;2020;Junio;MOTOCICLETA;PARTICULAR;Motociclista;37;MASCULINO;HERIDOS;0;0;0;0;CARRERA 43A CON CALLE 27A SUR 11;;VILLA GRANDE;6.179112089157528, -75.5837477274061;CHOQUE;VEHICULO;NO REPORTADO;RESIDENCIAL;Normal;No mantener distancia de seguridad
2200997;26/06/2020;9:30:00 a. m.;Viernes;2020;Junio;MOTOCICLETA;PARTICULAR;Acompañante;38;FEMENINO;HERIDOS;0;0;0;;CARRERA 50 CON CALLE 29 SUR 220;;LAS VEGAS;6.182371, -75.589334;CAIDA OCUPANTE;NO REPORTADO;NO REPORTADO;RESIDENCIAL;Normal;Impericia en el manejo
2200997;26/06/2020;9:30:00 a. m.;Viernes;2020;Junio;MOTOCICLETA;PARTICULAR;Motociclista;35;MASCULINO;HERIDOS;0;0;0;;CARRERA 50 CON CALLE 29 SUR 220;;LAS VEGAS;6.182371, -75.589334;CAIDA OCUPANTE;NO REPORTADO;NO REPORTADO;RESIDENCIAL;Normal;Impericia en el manejo
2201001;27/06/2020;1:30:00 p. m.;Sábado;2020;Junio;MOTOCICLETA;PARTICULAR;Motociclista;27;MASCULINO;HERIDOS;0;0;0;0;CARRERA 50 CON CALLE 30 SUR;;LAS VEGAS;6.180427, -75.590467;CHOQUE;VEHICULO;NO REPORTADO;RESIDENCIAL;Normal;Impericia en el manejo
2201003;26/06/2020;2:35:00 p. m.;Viernes;2020;Junio;MOTOCICLETA;OFICIAL;Motociclista;32;MASCULINO;HERIDOS;0;0;0;0;CALLE 21 SUR CON CARRERA 41-117;;ZUÑIGA;6.181999589219205, -75.57718815049455;CAIDA OCUPANTE;NO REPORTADO;NO REPORTADO;RESIDENCIAL;Normal;Impericia en el manejo
2201004;30/06/2020;1:45:00 p. m.;Martes;2020;Junio;BICICLETA;;Ciclista;39;MASCULINO;HERIDOS;0;0;0;0;CARRERA 45H CON CALLE 40 SUR;;MILAN VALLEJUELOS;6.169006988997706, -75.59350382804686;CHOQUE;VEHICULO;NO REPORTADO;RESIDENCIAL;Normal;Transitar en contravia
2201005;1/07/2020;9:00:00 p. m.;Miércoles;2020;Julio;BICICLETA;;Ciclista;23;FEMENINO;HERIDOS;0;0;0;0;CALLE 40 SUR CON CARRERA 24;;EL SALADO;6.1423323620951935, -75.57475705547657;CHOQUE;VEHICULO;NO REPORTADO;RESIDENCIAL;Normal;Poner en marcha un vehiculo sin precauci
2201006;1/07/2020;7:20:00 a. m.;Miércoles;2020;Julio;MOTOCICLETA;PARTICULAR;Motociclista;28;MASCULINO;HERIDOS;0;0;0;0;KILOMETRO 12 + 100;retiro varia palmas enviga (km 5+43 - km 14+ 550);VEREDA PALMAS;6.158957490993532, -75.51839778238718;CHOQUE;VEHICULO;NO REPORTADO;NO REPORTADO;Normal;Poner en marcha un vehiculo sin precauci
2201008;2/07/2020;12:20:00 p. m.;Jueves;2020;Julio;MOTOCICLETA;PARTICULAR;Motociclista;28;MASCULINO;HERIDOS;0;0;0;0;CARRERA 50 CON CALLE 37 SUR;;LAS VEGAS;6.175135, -75.595369;CHOQUE;VEHICULO;NO REPORTADO;RESIDENCIAL;Normal;Recoger o dejar pasajeros en calzada
2201013;4/07/2020;10:05:00 a. m.;Sábado;2020;Julio;MOTOCICLETA;PARTICULAR;Motociclista;28;MASCULINO;HERIDOS;0;0;0;0;CARRERA 46A CON CALLE 46 SUR;;PRIMAVERA;6.164763596132881, -75.59667304789255;CHOQUE;VEHICULO;NO REPORTADO;RESIDENCIAL;Normal;No respetar pelacion de interseccion o giros
2201014;3/07/2020;7:00:00 p. m.;Viernes;2020;Julio;MOTOCICLETA;PARTICULAR;Motociclista;39;MASCULINO;HERIDOS;0;0;0;0;KILOMETRO 4;el escobero - km 0-13);VEREDA EL ESCOBERO;6.129619438967578, -75.5508207733991;OTRO;NO REPORTADO;NO REPORTADO;NO REPORTADO;Normal;Embriaguez aparente
2201015;2/07/2020;6:40:00 p. m.;Jueves;2020;Julio;MOTOCICLETA;PARTICULAR;Motociclista;26;MASCULINO;HERIDOS;0;0;0;0;CARRERA 48 CON CALLE 32B SUR;;LAS VEGAS;6.1771312587881235, -75.59004749247258;CHOQUE;SEMOVIENTE;NO REPORTADO;COMERCIAL;Normal;Otra-Peatón
2201017;3/07/2020;9:17:00 a. m.;Viernes;2020;Julio;AUTOMOVIL;PARTICULAR;Peaton;89;FEMENINO;HERIDOS;0;0;0;0;CALLE 35 SUR CON CARRERA 41-51;;ZONA CENTRO;6.171548127008823, -75.58591483515077;ATROPELLO;NO REPORTADO;NO REPORTADO;RESIDENCIAL;Normal;Poner en marcha un vehiculo sin precauci
2201018;5/07/2020;5:00:00 a. m.;Domingo;2020;Julio;MOTOCICLETA;PARTICULAR;Motociclista;40;MASCULINO;HERIDOS;0;0;0;0;CALLE 38 SUR CON CARRERA 39;;ZONA CENTRO;6.168595162118459, -75.58531019198124;CHOQUE;VEHICULO;NO REPORTADO;RESIDENCIAL;Normal;Impericia en el manejo  -  No mantener distancia de seguridad
2201019;3/07/2020;5:30:00 a. m.;Viernes;2020;Julio;MOTOCICLETA;PARTICULAR;Motociclista;57;MASCULINO;HERIDOS;0;0;0;0;CARRERA 50 CON CALLE 46A SUR;;LAS VEGAS;6.168548, -75.602176;CAIDA OCUPANTE;NO REPORTADO;NO REPORTADO;RESIDENCIAL;Normal;Huecos  -  Impericia en el manejo
2201020;2/07/2020;11:30:00 a. m.;Jueves;2020;Julio;CAMIONETA;PARTICULAR;Conductor;36;MASCULINO;HERIDOS;0;0;0;0;CALLE 36D SUR CON CARRERA 27A105;;LA PRADERA;6.163382698065178, -75.57197311980701;CHOQUE;OBJETO FIJO;MURO;RESIDENCIAL;Normal;Impericia en el manejo
2201036;7/07/2020;1:50:00 p. m.;Martes;2020;Julio;MOTOCICLETA;PARTICULAR;Acompañante;31;MASCULINO;HERIDOS;0;0;0;0;CARRERA 50 CON CALLE 30 SUR;;LAS VEGAS;6.180427, -75.590467;CHOQUE;VEHICULO;NO REPORTADO;RESIDENCIAL;Normal;Adelantar por la derecha
2201037;6/07/2020;3:25:00 p. m.;Lunes;2020;Julio;MICROBUS;PUBLICO;Conductor;26;MASCULINO;HERIDOS;0;0;0;;CARRERA 48 CON CALLE 50 SUR;;LAS VEGAS;6.162072458716961, -75.60353659646475;CHOQUE;VEHICULO;NO REPORTADO;RESIDENCIAL;Normal;No mantener distancia de seguridad
2201037;6/07/2020;3:25:00 p. m.;Lunes;2020;Julio;MICROBUS;PUBLICO;Pasajero;21;MASCULINO;HERIDOS;0;0;0;;CARRERA 48 CON CALLE 50 SUR;;LAS VEGAS;6.162072458716961, -75.60353659646475;CHOQUE;VEHICULO;NO REPORTADO;RESIDENCIAL;Normal;No mantener distancia de seguridad
2201037;6/07/2020;3:25:00 p. m.;Lunes;2020;Julio;CAMION;PUBLICO;Conductor;48;MASCULINO;HERIDOS;0;0;0;;CARRERA 48 CON CALLE 50 SUR;;LAS VEGAS;6.162072458716961, -75.60353659646475;CHOQUE;VEHICULO;NO REPORTADO;RESIDENCIAL;Normal;No mantener distancia de seguridad
2201037;6/07/2020;3:25:00 p. m.;Lunes;2020;Julio;CAMION;PUBLICO;Acompañante;22;MASCULINO;HERIDOS;0;0;0;;CARRERA 48 CON CALLE 50 SUR;;LAS VEGAS;6.162072458716961, -75.60353659646475;CHOQUE;VEHICULO;NO REPORTADO;RESIDENCIAL;Normal;No mantener distancia de seguridad
2201038;6/07/2020;4:45:00 p. m.;Lunes;2020;Julio;BICICLETA;;Ciclista;41;MASCULINO;HERIDOS;0;0;0;0;CARRERA 48 CON CALLE 48C SUR;;LAS VEGAS;6.163982064110434, -75.60178577672762;CHOQUE;VEHICULO;NO REPORTADO;RESIDENCIAL;Normal;No respetar pelacion de interseccion o giros
2201045;8/07/2020;6:25:00 a. m.;Miércoles;2020;Julio;MOTOCICLETA;PARTICULAR;Motociclista;23;MASCULINO;HERIDOS;0;0;0;;CARRERA 48 CON CALLE 40 SUR;;LAS VEGAS;6.170220061034249, -75.59578144973783;CHOQUE;VEHICULO;NO REPORTADO;RESIDENCIAL;Normal;Semaforo en rojo
2201046;7/07/2020;6:50:00 p. m.;Martes;2020;Julio;AUTOMOVIL;PARTICULAR;Conductor;25;MASCULINO;HERIDOS;0;0;0;0;CALLE 27 SUR CON CARRERA 28;;ALTO DE MISAEL;6.177193100121959, -75.57631248676833;CHOQUE;OBJETO FIJO;POSTE;RESIDENCIAL;Lluvia;Impericia en el manejo
2201051;8/07/2020;8:00:00 p. m.;Miércoles;2020;Julio;BICICLETA;;Ciclista;50;MASCULINO;HERIDOS;0;0;0;0;CARRERA 48 CON CALLE 32B SUR ;;LAS VEGAS;6.1771312587881235, -75.59004749247258;CHOQUE;VEHICULO;NO REPORTADO;RESIDENCIAL;Lluvia;Semaforo en rojo
2201053;8/07/2020;2:00:00 p. m.;Miércoles;2020;Julio;MOTOCICLETA;PARTICULAR;Motociclista;30;MASCULINO;HERIDOS;0;0;0;0;CARRERA 50 CON CALLE 46A SUR;;LAS VEGAS;6.168548, -75.602176;CHOQUE;VEHICULO;NO REPORTADO;RESIDENCIAL;Normal;No mantener distancia de seguridad
2201054;9/07/2020;4:15:00 p. m.;Jueves;2020;Julio;MOTOCICLETA;PARTICULAR;Motociclista;30;MASCULINO;HERIDOS;0;0;0;0;KILOMETRO 12+060;retiro varia palmas enviga (km 5+43 - km 14+ 550);VEREDA PALMAS;6.1590642942747, -75.51796392462535;CHOQUE;VEHICULO;NO REPORTADO;NO REPORTADO;Normal;Desobedecer señales
2201055;9/07/2020;1:30:00 p. m.;Jueves;2020;Julio;BICICLETA;;Ciclista;65;MASCULINO;HERIDOS;0;0;0;0;CALLE 23 SUR CON CARRERA 27A;;ZUÑIGA;6.176795053579135, -75.56789652419583;CHOQUE;VEHICULO;NO REPORTADO;RESIDENCIAL;Normal;No mantener distancia de seguridad
2201056;8/07/2020;1:10:00 p. m.;Miércoles;2020;Julio;MOTOCICLETA;PARTICULAR;Motociclista;35;MASCULINO;HERIDOS;0;0;0;0;CALLE 33B SUR CON CARRERA 45;;SAN MARCOS;6.174073725403722, -75.58803099556384;CHOQUE;VEHICULO;NO REPORTADO;RESIDENCIAL;Normal;Desobedecer señales
2201060;11/07/2020;12:00:00 p. m.;Sábado;2020;Julio;MOTOCICLETA;PARTICULAR;Motociclista;51;MASCULINO;HERIDOS;0;0;0;0;CARRERA 49 CON CALLE 27A SUR;;LAS VEGAS;6.183503, -75.588505;CHOQUE;VEHICULO;NO REPORTADO;RESIDENCIAL;Normal;No mantener distancia de seguridad
2201061;12/07/2020;2:00:00 p. m.;Domingo;2020;Julio;MOTOCICLETA;PARTICULAR;Motociclista;53;MASCULINO;HERIDOS;0;0;0;0;CARRERA 48 CON CALLE 25 SUR;;LAS VEGAS;6.185476183699448, -75.58319317022531;CHOQUE;VEHICULO;NO REPORTADO;RESIDENCIAL;Normal;No mantener distancia de seguridad
2201062;11/07/2020;10:50:00 a. m.;Sábado;2020;Julio;MOTOCICLETA;PARTICULAR;Motociclista;45;MASCULINO;HERIDOS;0;0;0;;CALLE 30 SUR CON CARRERA 46A;;JARDINES;6.178833724967404, -75.58715821980684;CAIDA OCUPANTE;NO REPORTADO;NO REPORTADO;RESIDENCIAL;Normal;Impericia en el manejo
2201066;13/07/2020;7:36:00 p. m.;Lunes;2020;Julio;BICICLETA;;Ciclista;20;MASCULINO;HERIDOS;0;0;0;;CALLE 36 SUR CON CARRERA 27B;;LA INMACULADA;6.167691528546526, -75.57260317747891;CHOQUE;VEHICULO;NO REPORTADO;RESIDENCIAL;Normal;Otra-Conductor
2201079;14/07/2020;7:00:00 a. m.;Martes;2020;Julio;MOTOCICLETA;PARTICULAR;Acompañante;21;MASCULINO;HERIDOS;0;0;0;0;CARRERA 43 A CON CALLE 31 SUR ;;JARDINES;6.176679325767072, -75.58538605249811;CHOQUE;VEHICULO;NO REPORTADO;RESIDENCIAL;Normal;No mantener distancia de seguridad
2201080;13/07/2020;8:40:00 p. m.;Lunes;2020;Julio;MOTOCICLETA;PARTICULAR;Acompañante;30;FEMENINO;HERIDOS;0;0;0;0;CARRERA 48 CON CALLE 50 SUR;;LAS VEGAS;6.162072458716961, -75.60353659646475;CHOQUE;VEHICULO;NO REPORTADO;RESIDENCIAL;Normal;No respetar pelacion de interseccion o giros
2201084;16/07/2020;8:50:00 a. m.;Jueves;2020;Julio;MOTOCICLETA;PARTICULAR;Motociclista;25;MASCULINO;HERIDOS;0;0;0;0;CARRERA 48 CON CALLE 25A SUR;;LAS VEGAS;6.185390184489794, -75.58369129955344;CHOQUE;VEHICULO;NO REPORTADO;RESIDENCIAL;Normal;Impericia en el manejo  -  Transitar entre vehiculos