NRO_RADICADO;FECHA_ACCIDENTE;HORA_ACCIDENTE;Día de la semana;AÑO;MES;CLASE_VEHICULO;TIPO_SERVICIO;TIPO_VICTIMA;EDAD;GENERO;GRAVEDAD;ESTADO_BEODEZ;ESTADO_DROGA;RESULTADO_BEODEZ;RESUL_BEODEZ_GRAMOS;DIRECCION_CARACT_VIA;TRAMO_VIA;LOCALIDAD_O_COMUNA;    GEORREFERENCIACIÓN;DESC_CLASE_ACCIDENTE;DESC_CHOQUE_ACCIDENTE;DESC_OBJETO_FIJO;DESC_SECTOR_ACCIDENTE;CONDICION_CLIMATICA;CAUSA_ACCIDENTE
2201085;15/07/2020;7:45:00 p. m.;Miércoles;2020;Julio;MOTOCICLETA;PARTICULAR;Motociclista;23;MASCULINO;HERIDOS;0;0;0;0;DIAGONAL 31C CON TRANSVERSAL 32C SUR;;LAS FLORES;6.17553282733969, -75.58047952096284;CHOQUE;VEHICULO;NO REPORTADO;RESIDENCIAL;Normal;Otra-Conductor
2201086;15/07/2020;6:35:00 a. m.;Miércoles;2020;Julio;MOTOCICLETA;PARTICULAR;Motociclista;50;MASCULINO;HERIDOS;0;0;0;;KILOMETRO 10+800;retiro varia palmas enviga (km 5+43 - km 14+ 550);VEREDA PANTANILLO;6.161873102924248, -75.51004026808074;CHOQUE;VEHICULO;NO REPORTADO;NO REPORTADO;Normal;No respetar prelacion
2201092;21/07/2020;3:10:00 p. m.;Martes;2020;Julio;MOTOCICLETA;PARTICULAR;Motociclista;34;MASCULINO;HERIDOS;0;0;0;0;CARRERA 43A CON CALLE 39 SUR;;ALCALA;6.169272088886051, -75.58957172804259;CHOQUE;VEHICULO;NO REPORTADO;RESIDENCIAL;Normal;No mantener distancia de seguridad
2201098;21/07/2020;11:15:00 a. m.;Martes;2020;Julio;MOTOCICLETA;PARTICULAR;Motociclista;30;MASCULINO;HERIDOS;0;0;0;0;CARRERA 48 CON CALLE 50 SUR;;LAS VEGAS;6.162072458716961, -75.60353659646475;CHOQUE;VEHICULO;NO REPORTADO;RESIDENCIAL;Normal;No respetar pelacion de interseccion o giros
2201099;22/07/2020;7:40:00 a. m.;Miércoles;2020;Julio;MOTOCICLETA;PARTICULAR;Motociclista;39;FEMENINO;HERIDOS;0;0;0;0;CARRERA 43A CON CALLE 48C SUR 45;;PRIMAVERA;6.161999868768795, -75.59835125504785;CHOQUE;VEHICULO;NO REPORTADO;RESIDENCIAL;Normal;Adelantar invadiendo carril del mismo sentido en zigzag
2201100;22/07/2020;10:00:00 a. m.;Miércoles;2020;Julio;MOTOCICLETA;PARTICULAR;Motociclista;28;MASCULINO;HERIDOS;0;0;0;;KILOMETRO 5;retiro varia palmas enviga (km 5+43 - km 14+ 550);VEREDA PERICO;6.170881514836197, -75.47885234641186;CHOQUE;VEHICULO;NO REPORTADO;NO REPORTADO;Normal;Desobedecer señales  -  No respetar pelacion de interseccion o giros
2201100;22/07/2020;10:00:00 a. m.;Miércoles;2020;Julio;MOTOCICLETA;PARTICULAR;Acompañante;29;FEMENINO;HERIDOS;0;0;0;;KILOMETRO 5;retiro varia palmas enviga (km 5+43 - km 14+ 550);VEREDA PERICO;6.170881514836197, -75.47885234641186;CHOQUE;VEHICULO;NO REPORTADO;NO REPORTADO;Normal;Desobedecer señales  -  No respetar pelacion de interseccion o giros
2201101;21/07/2020;8:30:00 a. m.;Martes;2020;Julio;MOTOCICLETA;PARTICULAR;Motociclista;42;MASCULINO;HERIDOS;0;0;0;0;CARRERA 48 CON CALLE 37 SUR;;LAS VEGAS;6.173473352424915, -75.59256588595376;CHOQUE;VEHICULO;NO REPORTADO;RESIDENCIAL;Normal;No mantener distancia de seguridad  -  No respetar pelacion de interseccion o giros
2201117;26/07/2020;8:45:00 p. m.;Domingo;2020;Julio;MOTOCICLETA;PARTICULAR;Motociclista;28;MASCULINO;HERIDOS;0;0;0;0;CARRERA 48 CON CALLE 39A SUR;;LAS VEGAS;6.171390727047165, -75.59433696507807;CHOQUE;VEHICULO;NO REPORTADO;RESIDENCIAL;Lluvia;Girar bruscamente  -  No mantener distancia de seguridad
2201121;28/07/2020;12:41:00 p. m.;Martes;2020;Julio;MOTOCICLETA;PARTICULAR;Motociclista;20;MASCULINO;HERIDOS;0;0;0;0;KILOMETRO 13+860;medellÃn palmas envigado (km 12 - km 16+700);VEREDA PALMAS;6.159154292437561, -75.54671168929995;CHOQUE;VEHICULO;NO REPORTADO;NO REPORTADO;Normal;No mantener distancia de seguridad
2201124;1/08/2020;12:10:00 p. m.;Sábado;2020;Agosto;AUTOMOVIL;PARTICULAR;Peaton;66;FEMENINO;HERIDOS;0;0;0;0;CALLE 40AA SUR CON CARRERA 30;;SAN JOSE;6.162353696472142, -75.58326466213512;ATROPELLO;NO REPORTADO;NO REPORTADO;RESIDENCIAL;Normal;Salirse de la calzada
2201125;30/07/2020;6:30:00 a. m.;Jueves;2020;Julio;MOTOCICLETA;PARTICULAR;Motociclista;41;MASCULINO;HERIDOS;0;0;0;0;KILOMETRO 14+030;retiro varia palmas enviga (km 5+43 - km 14+ 550);VEREDA PALMAS;6.156516504584084, -75.5331669198945;CHOQUE;VEHICULO;NO REPORTADO;NO REPORTADO;Normal;Transitar en contravia
2201127;29/07/2020;6:15:00 p. m.;Miércoles;2020;Julio;MOTOCICLETA;PARTICULAR;Motociclista;34;FEMENINO;HERIDOS;0;0;0;0;CARRERA 50 CON CALLE 22 SUR;;LAS VEGAS;6.187897, -75.583576;OTRO;NO REPORTADO;NO REPORTADO;COMERCIAL;Normal;Huecos
2201128;1/08/2020;3:40:00 p. m.;Sábado;2020;Agosto;MOTOCICLETA;PARTICULAR;Motociclista;49;MASCULINO;HERIDOS;0;0;0;0;CARRERA 48 CON CALLE 37 SUR;;LAS VEGAS;6.173473352424915, -75.59256588595376;CHOQUE;VEHICULO;NO REPORTADO;RESIDENCIAL;Normal;Semaforo en rojo
2201129;31/07/2020;1:20:00 p. m.;Viernes;2020;Julio;MOTOCICLETA;PARTICULAR;Motociclista;20;MASCULINO;HERIDOS;0;0;0;0;CALLE 38A SUR CON CARRERA 34;;MESA;6.166125795948102, -75.58312574965251;CHOQUE;OBJETO FIJO;VEHICULO ESTACIONADO;RESIDENCIAL;Normal;Impericia en el manejo
2201130;3/08/2020;9:25:00 a. m.;Lunes;2020;Agosto;MOTOCICLETA;PARTICULAR;Acompañante;49;FEMENINO;HERIDOS;0;0;0;0;CARRERA 50 CON CALLE 25 SUR;;LAS VEGAS;6.186957, -75.584471;CHOQUE;VEHICULO;NO REPORTADO;RESIDENCIAL;Normal;No mantener distancia de seguridad
2201130;3/08/2020;9:25:00 a. m.;Lunes;2020;Agosto;MOTOCICLETA;PARTICULAR;Motociclista;52;MASCULINO;HERIDOS;0;0;0;0;CARRERA 50 CON CALLE 25 SUR;;LAS VEGAS;6.186957, -75.584471;CHOQUE;VEHICULO;NO REPORTADO;RESIDENCIAL;Normal;No mantener distancia de seguridad
2201131;30/07/2020;5:00:00 p. m.;Jueves;2020;Julio;MOTOCICLETA;PARTICULAR;Acompañante;22;MASCULINO;HERIDOS;0;0;0;0;CARRERA 27A CON CALLE 36D SUR ;;LA PRADERA;6.163344565397259, -75.57157351341897;CHOQUE;VEHICULO;NO REPORTADO;RESIDENCIAL;Normal;Impericia en el manejo
2201131;30/07/2020;5:00:00 p. m.;Jueves;2020;Julio;MOTOCICLETA;PARTICULAR;Motociclista;26;MASCULINO;HERIDOS;0;0;0;0;CARRERA 27A CON CALLE 36D SUR ;;LA PRADERA;6.163344565397259, -75.57157351341897;CHOQUE;VEHICULO;NO REPORTADO;RESIDENCIAL;Normal;Impericia en el manejo
2201132;29/07/2020;2:37:00 p. m.;Miércoles;2020;Julio;MOTOCICLETA;PARTICULAR;Motociclista;21;FEMENINO;HERIDOS;0;0;0;;CARRERA 42 CON CALLE 35 SUR;;ZONA CENTRO;6.171784026962355, -75.58601450362481;CHOQUE;VEHICULO;NO REPORTADO;RESIDENCIAL;Normal;Desobedecer señales
2201133;29/07/2020;7:50:00 p. m.;Miércoles;2020;Julio;AUTOMOVIL;PUBLICO;Peaton;37;FEMENINO;HERIDOS;0;0;0;0;CALLE 38 SUR CON CARRERA 43;;ZONA CENTRO;6.170142194051315, -75.58787499097097;ATROPELLO;NO REPORTADO;NO REPORTADO;RESIDENCIAL;Normal;Impericia en el manejo
2201134;1/08/2020;12:15:00 p. m.;Sábado;2020;Agosto;MOTOCICLETA;PARTICULAR;Motociclista;18;MASCULINO;HERIDOS;0;0;0;0;CARRERA 48 CON CALLE 48C SUR;;LAS VEGAS;6.163982064110434, -75.60178577672762;CHOQUE;VEHICULO;NO REPORTADO;RESIDENCIAL;Normal;Frenar bruscamente  -  No mantener distancia de seguridad
2201135;3/08/2020;11:15:00 p. m.;Lunes;2020;Agosto;MOTOCICLETA;PARTICULAR;Motociclista;31;MASCULINO;MUERTOS;0;0;0;;CALLE 40B SUR CON CARRERA 40A;;EL DORADO;6.165910, -75.587912;CHOQUE;VEHICULO;NO REPORTADO;RESIDENCIAL;Normal;Otra-Conductor
2201136;3/08/2020;10:15:00 a. m.;Lunes;2020;Agosto;MOTOCICLETA;PARTICULAR;Motociclista;35;MASCULINO;HERIDOS;0;0;0;0;CARRERA 50 CON CALLE 50 SUR;;LAS VEGAS;6.162818, -75.604956;CHOQUE;VEHICULO;NO REPORTADO;RESIDENCIAL;Normal;No mantener distancia de seguridad
2201137;3/08/2020;12:00:00 p. m.;Lunes;2020;Agosto;MOTOCICLETA;PARTICULAR;Motociclista;50;MASCULINO;HERIDOS;0;0;0;;CARRERA 39 CON CALLE 36 SUR 55;;ZONA CENTRO;6.169999697616332, -75.58435934698329;CHOQUE;VEHICULO;NO REPORTADO;COMERCIAL;Normal;Impericia en el manejo
2201138;3/08/2020;3:30:00 p. m.;Lunes;2020;Agosto;MOTOCICLETA;OFICIAL;Motociclista;30;MASCULINO;HERIDOS;0;0;0;0;CALLE 36D SUR CON CARRERA 27;;LA PRADERA;6.158534737658366, -75.57159508458332;CHOQUE;VEHICULO;NO REPORTADO;RESIDENCIAL;Normal;Adelantar en zona prohibida
2201150;4/08/2020;6:00:00 p. m.;Martes;2020;Agosto;MOTOCICLETA;PARTICULAR;Motociclista;28;MASCULINO;HERIDOS;0;0;0;;CARRERA 43A CON CALLE 25 SUR ;;BOSQUES DE ZUÑIGA;6.181527767015737, -75.58125395108142;CHOQUE;VEHICULO;NO REPORTADO;RESIDENCIAL;Normal;Girar bruscamente
2201151;4/08/2020;11:10:00 a. m.;Martes;2020;Agosto;MOTOCICLETA;PARTICULAR;Motociclista;23;MASCULINO;HERIDOS;0;0;0;;CALLE 25 SUR CON CARRERA 43A;;BOSQUES DE ZUÑIGA;6.18153009339727, -75.58124285744947;CHOQUE;VEHICULO;NO REPORTADO;RESIDENCIAL;Normal;Girar bruscamente
2201152;3/08/2020;9:10:00 p. m.;Lunes;2020;Agosto;MOTOCICLETA;PARTICULAR;Motociclista;30;MASCULINO;HERIDOS;0;0;0;;CARRERA 50 CON CALLE 39B SUR 50;;LAS VEGAS;6.173220, -75.597907;CHOQUE;VEHICULO;NO REPORTADO;RESIDENCIAL;Normal;No mantener distancia de seguridad
2201153;4/08/2020;6:50:00 p. m.;Martes;2020;Agosto;MOTOCICLETA;PARTICULAR;Motociclista;33;FEMENINO;HERIDOS;0;0;0;;CARRERA 48 CON CALLE 37 SUR;;LAS VEGAS;6.173473352424915, -75.59256588595376;CAIDA OCUPANTE;NO REPORTADO;NO REPORTADO;RESIDENCIAL;Normal;Impericia en el manejo
2201153;4/08/2020;6:50:00 p. m.;Martes;2020;Agosto;MOTOCICLETA;PARTICULAR;Acompañante;14;MASCULINO;HERIDOS;0;0;0;;CARRERA 48 CON CALLE 37 SUR;;LAS VEGAS;6.173473352424915, -75.59256588595376;CAIDA OCUPANTE;NO REPORTADO;NO REPORTADO;RESIDENCIAL;Normal;Impericia en el manejo
2201155;7/08/2020;12:30:00 a. m.;Viernes;2020;Agosto;AUTOMOVIL;PUBLICO;Conductor;64;MASCULINO;MUERTOS;0;0;0;;KILOMETRO 10+370;retiro varia palmas enviga (km 5+43 - km 14+ 550);VEREDA PANTANILLO;6.159751, -75.507702;CHOQUE;OBJETO FIJO;OTRO TIPO;NO REPORTADO;Normal;Exceso de velocidad
2201156;6/08/2020;4:00:00 p. m.;Jueves;2020;Agosto;MOTOCICLETA;PARTICULAR;Motociclista;21;MASCULINO;HERIDOS;0;0;0;;CARRERA 46A CON CALLE 29 SUR;;JARDINES;6.180094783822617, -75.58635032787411;CHOQUE;VEHICULO;NO REPORTADO;RESIDENCIAL;Normal;No mantener distancia de seguridad
2201157;4/08/2020;5:10:00 p. m.;Martes;2020;Agosto;MOTOCICLETA;PARTICULAR;Peaton;86;MASCULINO;HERIDOS;0;0;0;;CALLE 38A SUR CON CARRERA 40;;ZONA CENTRO;6.168201094884924, -75.58630174780305;ATROPELLO;NO REPORTADO;NO REPORTADO;RESIDENCIAL;Normal;Cruzar sin observar  -  Impericia en el manejo
2201157;4/08/2020;5:10:00 p. m.;Martes;2020;Agosto;MOTOCICLETA;PARTICULAR;Motociclista;21;MASCULINO;HERIDOS;0;0;0;;CALLE 38A SUR CON CARRERA 40;;ZONA CENTRO;6.168201094884924, -75.58630174780305;ATROPELLO;NO REPORTADO;NO REPORTADO;RESIDENCIAL;Normal;Cruzar sin observar  -  Impericia en el manejo
2201158;6/08/2020;1:00:00 p. m.;Jueves;2020;Agosto;MOTOCICLETA;PARTICULAR;Motociclista;36;MASCULINO;HERIDOS;0;0;0;;KILOMETRO 4+500;catedral;VEREDA EL VALLANO;6.126996906527763, -75.58566859768668;CHOQUE;VEHICULO;NO REPORTADO;NO REPORTADO;Normal;Impericia en el manejo
2201163;9/08/2020;2:00:00 p. m.;Domingo;2020;Agosto;MOTOCICLETA;PARTICULAR;Acompañante;15;FEMENINO;HERIDOS;0;0;0;;CARRERA 27 CON CALLE 37B SUR 69;;VEREDA EL ESCOBERO;6.158029370248387, -75.57183702949833;CHOQUE;VEHICULO;NO REPORTADO;RESIDENCIAL;Normal;No respetar pelacion de interseccion o giros
2201164;7/08/2020;2:20:00 p. m.;Viernes;2020;Agosto;MOTOCICLETA;PARTICULAR;Motociclista;33;MASCULINO;HERIDOS;0;0;0;0;CALLE 27 SUR CON CARRERA 27D;;EL ESMERALDAL;6.175013459459047, -75.57233995049458;CAIDA OCUPANTE;NO REPORTADO;NO REPORTADO;RESIDENCIAL;Normal;Impericia en el manejo
2201167;8/08/2020;1:50:00 a. m.;Sábado;2020;Agosto;MOTOCICLETA;PARTICULAR;Acompañante;25;FEMENINO;HERIDOS;0;0;0;;CARRERA 48 CON CALLE 50 SUR;;LAS VEGAS;6.162072458716961, -75.60353659646475;CHOQUE;OBJETO FIJO;OTRO TIPO;RESIDENCIAL;Normal;Impericia en el manejo
2201168;6/08/2020;7:00:00 p. m.;Jueves;2020;Agosto;MOTOCICLETA;DIPLOMATICO;Peaton;62;FEMENINO;MUERTOS;0;0;0;;CALLE 40C SUR CON CARRERA 29;;LA MINA;6.160570, -75.582789;ATROPELLO;NO REPORTADO;NO REPORTADO;RESIDENCIAL;Normal;Otra-Peaton
2201169;5/08/2020;1:50:00 p. m.;Miércoles;2020;Agosto;MOTOCICLETA;PARTICULAR;Motociclista;41;MASCULINO;HERIDOS;0;0;0;;CARRERA 43A CON CALLE 50D SUR;;LOMA DEL BARRO;6.159439955296525, -75.60336181447907;ATROPELLO;NO REPORTADO;NO REPORTADO;RESIDENCIAL;Normal;Impericia en el manejo
2201169;5/08/2020;1:50:00 p. m.;Miércoles;2020;Agosto;MOTOCICLETA;PARTICULAR;Peaton;13;FEMENINO;HERIDOS;0;0;0;;CARRERA 43A CON CALLE 50D SUR;;LOMA DEL BARRO;6.159439955296525, -75.60336181447907;ATROPELLO;NO REPORTADO;NO REPORTADO;RESIDENCIAL;Normal;Impericia en el manejo
2201174;10/08/2020;5:50:00 a. m.;Lunes;2020;Agosto;MOTOCICLETA;PARTICULAR;Acompañante;30;FEMENINO;HERIDOS;0;0;0;;CALLE 36 SUR CON CARRERA 49;;LAS VEGAS;6.176661790515569, -75.5924645747891;CHOQUE;VEHICULO;NO REPORTADO;RESIDENCIAL;Normal;Adelantar invadiendo carril del mismo sentido en zigzag
2201175;10/08/2020;10:15:00 a. m.;Lunes;2020;Agosto;MOTOCICLETA;PARTICULAR;Motociclista;31;FEMENINO;HERIDOS;0;0;0;0;TRANSVERSAL 34 SUR CON DIAGONAL 32B;;OBRERO;6.172954994540454, -75.5825082055626;CHOQUE;VEHICULO;NO REPORTADO;RESIDENCIAL;Normal;No mantener distancia de seguridad
2201179;10/08/2020;7:10:00 a. m.;Lunes;2020;Agosto;AUTOMOVIL;PARTICULAR;Acompañante;62;FEMENINO;HERIDOS;0;0;0;;CALLE 38 SUR CON CARRERA 40;;ZONA CENTRO;6.1689237281915705, -75.58590757663869;CHOQUE;VEHICULO;NO REPORTADO;RESIDENCIAL;Normal;No mantener distancia de seguridad
2201179;10/08/2020;7:10:00 a. m.;Lunes;2020;Agosto;AUTOMOVIL;PARTICULAR;Conductor;55;MASCULINO;HERIDOS;0;0;0;;CALLE 38 SUR CON CARRERA 40;;ZONA CENTRO;6.1689237281915705, -75.58590757663869;CHOQUE;VEHICULO;NO REPORTADO;RESIDENCIAL;Normal;No mantener distancia de seguridad
2201180;11/08/2020;10:40:00 p. m.;Martes;2020;Agosto;MOTOCICLETA;PARTICULAR;Acompañante;33;FEMENINO;HERIDOS;0;0;0;;CARRERA 30 CON CALLE 40C SUR;;SAN JOSE;6.16175182979743, -75.58344897747894;CAIDA OCUPANTE;NO REPORTADO;NO REPORTADO;RESIDENCIAL;Normal;Superficie lisa
2201193;12/08/2020;8:30:00 a. m.;Miércoles;2020;Agosto;MOTOCICLETA;PARTICULAR;Acompañante;29;MASCULINO;HERIDOS;0;0;0;;KILOMETRO 13+650;medellÃn palmas envigado (km 12 - km 16+700);VEREDA PALMAS;6.16002389223419, -75.54527284531669;CAIDA OCUPANTE;NO REPORTADO;NO REPORTADO;NO REPORTADO;Normal;Otra-Via
2201194;12/08/2020;10:00:00 a. m.;Miércoles;2020;Agosto;BICICLETA;;Ciclista;63;MASCULINO;HERIDOS;0;0;0;0;CARRERA 42 CON CALLE 41B SUR;;EL DORADO;6.165752063218888, -75.59173798033778;CHOQUE;VEHICULO;NO REPORTADO;RESIDENCIAL;Normal;Girar bruscamente
2201195;12/08/2020;10:00:00 p. m.;Miércoles;2020;Agosto;MOTOCICLETA;PARTICULAR;Motociclista;38;MASCULINO;HERIDOS;0;0;0;;CARRERA 36 CON CALLE 39 SUR;;MESA;6.166173829466644, -75.58450200362489;CHOQUE;VEHICULO;NO REPORTADO;RESIDENCIAL;Normal;Desobedecer señales
2201200;11/08/2020;5:10:00 p. m.;Martes;2020;Agosto;CAMIONETA;PARTICULAR;Peaton;19;FEMENINO;HERIDOS;0;0;0;;CARRERA 48 CON CALLE 50 SUR;;LAS VEGAS;6.162072458716961, -75.60353659646475;ATROPELLO;NO REPORTADO;NO REPORTADO;RESIDENCIAL;Normal;Otra-Conductor
2201202;17/08/2020;3:20:00 p. m.;Lunes;2020;Agosto;MOTOCICLETA;PARTICULAR;Motociclista;38;MASCULINO;HERIDOS;0;0;0;;CARRERA 48 CON CALLE 26 SUR ;;LAS VEGAS;6.183371035516764, -75.58540160102812;CHOQUE;VEHICULO;NO REPORTADO;RESIDENCIAL;Normal;Otra-Conductor
2201203;14/08/2020;8:00:00 p. m.;Viernes;2020;Agosto;CAMIONETA;PARTICULAR;Conductor;32;MASCULINO;HERIDOS;0;0;0;;KILOMETRO 4+800;el escobero - km 0-13);VEREDA EL ESCOBERO;6.124913106026936, -75.5484682205391;CHOQUE;OBJETO FIJO;BARANDA;NO REPORTADO;Lluvia;Impericia en el manejo
2201204;14/08/2020;12:50:00 p. m.;Viernes;2020;Agosto;MOTOCICLETA;PARTICULAR;Motociclista;33;FEMENINO;HERIDOS;0;0;0;;CARRERA 29C CON CALLE 40F SUR;;SAN JOSE;6.160602097642748, -75.5843053063149;CAIDA OCUPANTE;NO REPORTADO;NO REPORTADO;RESIDENCIAL;Lluvia;Impericia en el manejo
2201205;14/08/2020;12:00:00 p. m.;Viernes;2020;Agosto;AUTOMOVIL;PARTICULAR;Conductor;28;FEMENINO;HERIDOS;0;0;0;;CALLE 41A SUR CON CARRERA 26;;SAN RAFAEL;6.156342899187031, -75.58373609198138;CHOQUE;VEHICULO;NO REPORTADO;RESIDENCIAL;Normal;Estacionar sin seguridad
2201223;18/08/2020;2:20:00 p. m.;Martes;2020;Agosto;MOTOCICLETA;PARTICULAR;Motociclista;36;MASCULINO;HERIDOS;0;0;0;;KILOMETRO 13+320;retiro varia palmas enviga (km 5+43 - km 14+ 550);VEREDA PALMAS;6.159415299611281, -75.52879896304658;CHOQUE;VEHICULO;NO REPORTADO;NO REPORTADO;Normal;No respetar prelacion
2201224;18/08/2020;11:30:00 a. m.;Martes;2020;Agosto;MOTOCICLETA;PARTICULAR;Motociclista;30;MASCULINO;HERIDOS;0;0;0;;KILOMETRO 4+100;pantanill;VEREDA PANTANILLO;6.198321215505618, -75.50298790956705;CHOQUE;VEHICULO;NO REPORTADO;NO REPORTADO;Normal;Impericia en el manejo
2201225;19/08/2020;12:45:00 p. m.;Miércoles;2020;Agosto;MOTOCICLETA;PARTICULAR;Motociclista;45;MASCULINO;HERIDOS;0;0;0;;CARRERA 43A CON CALLE 46A SUR;;PRIMAVERA;6.163340533351537, -75.59655977111916;CHOQUE;OBJETO FIJO;VEHICULO ESTACIONADO;RESIDENCIAL;Normal;Impericia en el manejo
2201226;18/08/2020;6:11:00 a. m.;Martes;2020;Agosto;MOTOCICLETA;PARTICULAR;Motociclista;50;MASCULINO;HERIDOS;0;0;0;0;CARRERA 43A CON CALLE 48C SUR;;PRIMAVERA;6.162222305860492, -75.5976995886002;CHOQUE;VEHICULO;NO REPORTADO;RESIDENCIAL;Normal;Desobedecer señales
2201226;18/08/2020;6:11:00 a. m.;Martes;2020;Agosto;MOTOCICLETA;PARTICULAR;Acompañante;23;MASCULINO;HERIDOS;0;0;0;0;CARRERA 43A CON CALLE 48C SUR;;PRIMAVERA;6.162222305860492, -75.5976995886002;CHOQUE;VEHICULO;NO REPORTADO;RESIDENCIAL;Normal;Desobedecer señales
2201226;18/08/2020;6:11:00 a. m.;Martes;2020;Agosto;MOTOCICLETA;PARTICULAR;Motociclista;26;MASCULINO;HERIDOS;0;0;0;0;CARRERA 43A CON CALLE 48C SUR;;PRIMAVERA;6.162222305860492, -75.5976995886002;CHOQUE;VEHICULO;NO REPORTADO;RESIDENCIAL;Normal;Desobedecer señales
2201230;19/08/2020;5:20:00 p. m.;Miércoles;2020;Agosto;CAMPERO;PARTICULAR;Acompañante;24;FEMENINO;HERIDOS;0;0;0;;CARRERA 38 CON CALLE 23 SUR ;;ZUÑIGA;6.178656090192708, -75.57257012081686;CHOQUE;OBJETO FIJO;POSTE;RESIDENCIAL;Normal;Impericia en el manejo
2201230;19/08/2020;5:20:00 p. m.;Miércoles;2020;Agosto;CAMPERO;PARTICULAR;Conductor;22;MASCULINO;HERIDOS;0;0;0;;CARRERA 38 CON CALLE 23 SUR ;;ZUÑIGA;6.178656090192708, -75.57257012081686;CHOQUE;OBJETO FIJO;POSTE;RESIDENCIAL;Normal;Impericia en el manejo
2201231;20/08/2020;6:25:00 p. m.;Jueves;2020;Agosto;BICICLETA;;Ciclista;18;MASCULINO;HERIDOS;0;0;0;;CALLE 40 SUR CON CARRERA27;;SAN JOSE;6.158512266864, -75.58088109282282;CAIDA OCUPANTE;NO REPORTADO;NO REPORTADO;RESIDENCIAL;Normal;Impericia en el manejo
2201232;20/08/2020;7:35:00 a. m.;Jueves;2020;Agosto;BICICLETA;;Ciclista;65;MASCULINO;HERIDOS;0;0;0;;CARRERA 43A CON CALLE 39 SUR;;ALCALA;6.169272088886051, -75.58957172804259;CHOQUE;VEHICULO;NO REPORTADO;RESIDENCIAL;Normal;Impericia en el manejo
2201238;22/08/2020;4:29:00 p. m.;Sábado;2020;Agosto;MOTOCICLETA;PARTICULAR;Motociclista;22;MASCULINO;MUERTOS;0;0;0;;TRANSVERSAL 33 SUR CON DIAGONAL 32B;;LA MAGNOLIA;6.174318, -75.582970;CHOQUE;VEHICULO;NO REPORTADO;RESIDENCIAL;Normal;Desobedecer señales  -  Exceso de velocidad
2201239;20/08/2020;12:55:00 p. m.;Jueves;2020;Agosto;MOTOCICLETA;PARTICULAR;Motociclista;47;MASCULINO;HERIDOS;0;0;0;;CALLE 39B SUR CON CARRERA 25AA;;EL CHINGUÍ;6.154917964732234, -75.57482734864307;OTRO;NO REPORTADO;NO REPORTADO;RESIDENCIAL;Normal;Impericia en el manejo
2201248;23/08/2020;7:40:00 p. m.;Domingo;2020;Agosto;MOTOCICLETA;PARTICULAR;Acompañante;27;FEMENINO;HERIDOS;0;0;0;;CALLE 37 SUR CON CARRERA 38;;MESA;6.168586751950674, -75.58431594386306;CHOQUE;VEHICULO;NO REPORTADO;RESIDENCIAL;Normal;Otra-Conductor
2201248;23/08/2020;7:40:00 p. m.;Domingo;2020;Agosto;MOTOCICLETA;PARTICULAR;Motociclista;36;MASCULINO;HERIDOS;0;0;0;;CALLE 37 SUR CON CARRERA 38;;MESA;6.168586751950674, -75.58431594386306;CHOQUE;VEHICULO;NO REPORTADO;RESIDENCIAL;Normal;Otra-Conductor
2201248;23/08/2020;7:40:00 p. m.;Domingo;2020;Agosto;MOTOCICLETA;PARTICULAR;Motociclista;25;MASCULINO;HERIDOS;0;0;0;;CALLE 37 SUR CON CARRERA 38;;MESA;6.168586751950674, -75.58431594386306;CHOQUE;VEHICULO;NO REPORTADO;RESIDENCIAL;Normal;Otra-Conductor
2201249;23/08/2020;11:00:00 a. m.;Domingo;2020;Agosto;MOTOCICLETA;PARTICULAR;Motociclista;41;MASCULINO;HERIDOS;0;0;0;;CALLE 40F SUR CON CARRERA 30;;SAN JOSE;6.161008933104913, -75.58473229568034;CHOQUE;VEHICULO;NO REPORTADO;RESIDENCIAL;Normal;Desobedecer señales
2201250;24/08/2020;1:40:00 p. m.;Lunes;2020;Agosto;MOTOCICLETA;PARTICULAR;Motociclista;60;MASCULINO;HERIDOS;0;0;0;;CARRERA 43A CON CALLE 48C SUR ;;PRIMAVERA;6.162222305860492, -75.5976995886002;CHOQUE;VEHICULO;NO REPORTADO;RESIDENCIAL;Normal;Semaforo en rojo
2201251;23/08/2020;12:06:00 p. m.;Domingo;2020;Agosto;BICICLETA;;Ciclista;35;MASCULINO;HERIDOS;0;0;0;;KILOMETRO 4+380;el escobero - km 0-13);VEREDA EL ESCOBERO;6.1265974524921685, -75.55018103980034;CHOQUE;VEHICULO;NO REPORTADO;NO REPORTADO;Lluvia;Impericia en el manejo  -  Transitar distante de la acera u orilla 
2201253;23/08/2020;7:05:00 p. m.;Domingo;2020;Agosto;MOTOCICLETA;PARTICULAR;Motociclista;46;MASCULINO;HERIDOS;0;0;0;;CARRERA 50 CON CALLE 48 SUR;;LAS VEGAS;6.166087, -75.602677;CHOQUE;VEHICULO;NO REPORTADO;RESIDENCIAL;Normal;Impericia en el manejo
2201254;23/08/2020;3:35:00 p. m.;Domingo;2020;Agosto;MOTOCICLETA;PARTICULAR;Motociclista;55;MASCULINO;HERIDOS;0;0;0;;CALLE 39 SUR CON CARRERA 45;;ALCALA;6.16979776127263, -75.59107729198125;CHOQUE;VEHICULO;NO REPORTADO;RESIDENCIAL;Normal;Desobedecer señales