NRO_RADICADO;FECHA_ACCIDENTE;HORA_ACCIDENTE;Día de la semana;AÑO;MES;CLASE_VEHICULO;TIPO_SERVICIO;TIPO_VICTIMA;EDAD;GENERO;GRAVEDAD;ESTADO_BEODEZ;ESTADO_DROGA;RESULTADO_BEODEZ;RESUL_BEODEZ_GRAMOS;DIRECCION_CARACT_VIA;TRAMO_VIA;LOCALIDAD_O_COMUNA;    GEORREFERENCIACIÓN;DESC_CLASE_ACCIDENTE;DESC_CHOQUE_ACCIDENTE;DESC_OBJETO_FIJO;DESC_SECTOR_ACCIDENTE;CONDICION_CLIMATICA;CAUSA_ACCIDENTE
2201255;24/08/2020;5:17:00 a. m.;Lunes;2020;Agosto;MOTOCICLETA;PARTICULAR;Motociclista;33;MASCULINO;HERIDOS;0;0;0;;CARRERA 48 CON CALLE 37 SUR;;LAS VEGAS;6.173473352424915, -75.59256588595376;CHOQUE;VEHICULO;NO REPORTADO;RESIDENCIAL;Normal;Desobedecer señales
2201257;25/08/2020;1:50:00 p. m.;Martes;2020;Agosto;MOTOCICLETA;PARTICULAR;Acompañante;21;MASCULINO;HERIDOS;0;0;0;0;CALLE 25AA SUR CON CARRERA 48;;LAS VEGAS;6.184145688308177, -75.5847953639866;CAIDA OCUPANTE;NO REPORTADO;NO REPORTADO;RESIDENCIAL;Normal;Impericia en el manejo
2201260;26/08/2020;12:30:00 p. m.;Miércoles;2020;Agosto;MOTOCICLETA;PARTICULAR;Motociclista;25;MASCULINO;HERIDOS;0;0;0;;CALLE 25A SUR CON CARRERA 42A;;PONTE VEDRA;6.17813814032947, -75.58100556564325;CHOQUE;VEHICULO;NO REPORTADO;RESIDENCIAL;Normal;Otra-Conductor
2201262;26/08/2020;10:20:00 a. m.;Miércoles;2020;Agosto;MOTOCICLETA;PARTICULAR;Motociclista;33;MASCULINO;HERIDOS;0;0;0;;CARRERA 49 CON CALLE 37B SUR ;;LAS VEGAS;6.175555, -75.594665;CHOQUE;VEHICULO;NO REPORTADO;RESIDENCIAL;Normal;Impericia en el manejo
2201263;25/08/2020;8:00:00 p. m.;Martes;2020;Agosto;MOTOCICLETA;PARTICULAR;Acompañante;34;FEMENINO;HERIDOS;0;0;0;0;CALLE 25A SUR CON CARRERA 43A;;VILLA GRANDE;6.1815827235621, -75.58184260816644;CAIDA OCUPANTE;NO REPORTADO;NO REPORTADO;RESIDENCIAL;Lluvia;Impericia en el manejo
2201273;26/08/2020;5:15:00 p. m.;Miércoles;2020;Agosto;MOTOCICLETA;PARTICULAR;Acompañante;34;MASCULINO;HERIDOS;0;0;0;;CARRERA 25 CON CALLE 39B SUR;;EL CHINGUÍ;6.153894465000353, -75.5757320459537;CHOQUE;VEHICULO;NO REPORTADO;RESIDENCIAL;Normal;No respetar prelacion
2201273;26/08/2020;5:15:00 p. m.;Miércoles;2020;Agosto;MOTOCICLETA;PARTICULAR;Motociclista;26;MASCULINO;HERIDOS;0;0;0;;CARRERA 25 CON CALLE 39B SUR;;EL CHINGUÍ;6.153894465000353, -75.5757320459537;CHOQUE;VEHICULO;NO REPORTADO;RESIDENCIAL;Normal;No respetar prelacion
2201274;26/08/2020;10:40:00 a. m.;Miércoles;2020;Agosto;MOTOCICLETA;PARTICULAR;Motociclista;27;MASCULINO;HERIDOS;0;0;0;;CARRERA 48 CON CALLE 30 SUR;;LAS VEGAS;6.179496718217783, -75.58819458527805;CHOQUE;VEHICULO;NO REPORTADO;RESIDENCIAL;Normal;Semaforo en rojo
2201275;28/08/2020;12:20:00 a. m.;Viernes;2020;Agosto;MOTOCICLETA;PARTICULAR;Motociclista;27;MASCULINO;HERIDOS;0;0;0;;CARRERA 41 CON CALLE 38A SUR;;ZONA CENTRO;6.168687361739798, -75.58715422266647;CHOQUE;VEHICULO;NO REPORTADO;RESIDENCIAL;Normal;Semaforo en rojo
2201281;27/08/2020;12:50:00 p. m.;Jueves;2020;Agosto;MOTOCICLETA;PARTICULAR;Motociclista;49;MASCULINO;HERIDOS;0;0;0;;CALLE 37 SUR CON CARRERA 43;;ZONA CENTRO;6.170877793986946, -75.58753970547434;CHOQUE;VEHICULO;NO REPORTADO;RESIDENCIAL;Normal;Impericia en el manejo
2201282;30/08/2020;12:20:00 p. m.;Domingo;2020;Agosto;MOTOCICLETA;PARTICULAR;Motociclista;34;FEMENINO;HERIDOS;0;0;0;;CALLE 38 SUR CON CARRERA 47A;;ALCALA;6.172798926215658, -75.59236909198121;CHOQUE;VEHICULO;NO REPORTADO;RESIDENCIAL;Normal;No mantener distancia de seguridad
2201283;29/08/2020;8:15:00 p. m.;Sábado;2020;Agosto;MOTOCICLETA;PARTICULAR;Motociclista;28;FEMENINO;HERIDOS;0;0;0;;CARRERA 42B CON CALLE 45 SUR;;LA PAZ;6.163817723608634, -75.59323454266298;CAIDA OCUPANTE;NO REPORTADO;NO REPORTADO;RESIDENCIAL;Normal;Impericia en el manejo
2201284;27/08/2020;5:20:00 p. m.;Jueves;2020;Agosto;MOTOCICLETA;PARTICULAR;Acompañante;27;MASCULINO;HERIDOS;0;0;0;;KILOMETRO 3+500;el escobero - km 0-13);VEREDA EL ESCOBERO;6.132425978734824, -75.5532746656076;CHOQUE;OBJETO FIJO;BARANDA;NO REPORTADO;Normal;Impericia en el manejo
2201284;27/08/2020;5:20:00 p. m.;Jueves;2020;Agosto;MOTOCICLETA;PARTICULAR;Motociclista;22;MASCULINO;HERIDOS;0;0;0;;KILOMETRO 3+500;el escobero - km 0-13);VEREDA EL ESCOBERO;6.132425978734824, -75.5532746656076;CHOQUE;OBJETO FIJO;BARANDA;NO REPORTADO;Normal;Impericia en el manejo
2201295;31/08/2020;10:00:00 a. m.;Lunes;2020;Agosto;MOTOCICLETA;PARTICULAR;Motociclista;59;MASCULINO;HERIDOS;0;0;0;;CARRERA 43A CON CALLE 21 SUR;;ZUÑIGA;6.183779640786827, -75.57960728469257;CHOQUE;VEHICULO;NO REPORTADO;RESIDENCIAL;Normal;Otra-Conductor
2201296;1/09/2020;12:40:00 a. m.;Martes;2020;Septiembre;MOTOCICLETA;PARTICULAR;Motociclista;23;MASCULINO;HERIDOS;0;0;0;;CARRERA 41 CON CALLE 40DD SUR ;;EL DORADO;6.1662554629652915, -75.58892869383075;CHOQUE;VEHICULO;NO REPORTADO;RESIDENCIAL;Normal;Desobedecer señales
2201296;1/09/2020;12:40:00 a. m.;Martes;2020;Septiembre;MOTOCICLETA;PARTICULAR;Acompañante;17;FEMENINO;HERIDOS;0;0;0;;CARRERA 41 CON CALLE 40DD SUR ;;EL DORADO;6.1662554629652915, -75.58892869383075;CHOQUE;VEHICULO;NO REPORTADO;RESIDENCIAL;Normal;Desobedecer señales
2201304;29/08/2020;1:40:00 p. m.;Sábado;2020;Agosto;MOTOCICLETA;PARTICULAR;Motociclista;36;MASCULINO;HERIDOS;0;0;0;;CARRERA 36 CON CALLE 40AA SUR;;EL DORADO;6.164334294637119, -75.58531880629513;CHOQUE;VEHICULO;NO REPORTADO;RESIDENCIAL;Normal;Desobedecer señales
2201304;29/08/2020;1:40:00 p. m.;Sábado;2020;Agosto;MOTOCICLETA;PARTICULAR;Motociclista;25;MASCULINO;HERIDOS;0;0;0;;CARRERA 36 CON CALLE 40AA SUR;;EL DORADO;6.164334294637119, -75.58531880629513;CHOQUE;VEHICULO;NO REPORTADO;RESIDENCIAL;Normal;Desobedecer señales
2201305;31/08/2020;11:00:00 a. m.;Lunes;2020;Agosto;MOTOCICLETA;PARTICULAR;Motociclista;35;MASCULINO;HERIDOS;0;0;0;;CALLE 25AA SUR CON CARRERA 46;;VILLA GRANDE;6.182772545265724, -75.58299124579361;CHOQUE;VEHICULO;NO REPORTADO;RESIDENCIAL;Normal;No mantener distancia de seguridad
2201306;31/08/2020;3:00:00 p. m.;Lunes;2020;Agosto;MOTOCICLETA;PARTICULAR;Motociclista;29;MASCULINO;HERIDOS;0;0;0;;TRANSVERSAL 32C SUR CON DIAGONAL32D;;LA MAGNOLIA;6.1747135259221535, -75.58398000740796;CHOQUE;VEHICULO;NO REPORTADO;RESIDENCIAL;Normal;Desobedecer señales
2201308;31/08/2020;11:00:00 a. m.;Lunes;2020;Agosto;MOTOCICLETA;DIPLOMATICO;Motociclista;22;MASCULINO;HERIDOS;0;0;0;;CALLE 40 SUR CON CARRERA 24F;;EL SALADO;6.150791734120654, -75.57767950629523;OTRO;NO REPORTADO;NO REPORTADO;RESIDENCIAL;Normal;Impericia en el manejo
2201310;1/09/2020;4:40:00 p. m.;Martes;2020;Septiembre;AUTOMOVIL;PUBLICO;Peaton;33;MASCULINO;HERIDOS;0;0;0;;CALLE 38A SUR CON CARRERA 35;;MESA;6.166397795539702, -75.58373143698172;ATROPELLO;NO REPORTADO;NO REPORTADO;RESIDENCIAL;Normal;Desobedecer señales
2201312;2/09/2020;11:30:00 a. m.;Miércoles;2020;Septiembre;MOTOCICLETA;PARTICULAR;Motociclista;35;FEMENINO;HERIDOS;0;0;0;;TRANSVERSAL 34C SUR CON DIAGONAL 39;;OBRERO;6.171159860471602, -75.5840899497378;CHOQUE;VEHICULO;NO REPORTADO;RESIDENCIAL;Normal;Desobedecer señales
2201313;2/09/2020;11:40:00 a. m.;Miércoles;2020;Septiembre;MOTOCICLETA;PARTICULAR;Motociclista;54;MASCULINO;HERIDOS;0;0;0;;CALLE 36D SUR CON CARRERA 24;;VEREDA EL ESCOBERO;6.154162086442126, -75.56598006805618;CHOQUE;VEHICULO;NO REPORTADO;RESIDENCIAL;Normal;Transitar en contravia
2201320;30/08/2020;8:00:00 p. m.;Domingo;2020;Agosto;MOTOCICLETA;PARTICULAR;Acompañante;24;FEMENINO;HERIDOS;0;0;0;;KILOMETRO 15+450;medellÃn palmas envigado (km 12 - km 16+700);VEREDA PALMAS;6.154239723710321, -75.54320013008187;CAIDA OCUPANTE;NO REPORTADO;NO REPORTADO;NO REPORTADO;Normal;Impericia en el manejo
2201322;2/09/2020;3:30:00 p. m.;Miércoles;2020;Septiembre;BICICLETA;;Ciclista;21;MASCULINO;HERIDOS;0;0;0;;CARRERA 50 CON CALLE 25 SUR;;LAS VEGAS;6.186957, -75.584471;CHOQUE;VEHICULO;NO REPORTADO;RESIDENCIAL;Normal;Impericia en el manejo
2201323;2/09/2020;8:10:00 a. m.;Miércoles;2020;Septiembre;MOTOCICLETA;PARTICULAR;Motociclista;55;MASCULINO;HERIDOS;0;0;0;;CARRERA 43A CON CALLE 37 SUR;;SAN MARCOS;6.171156877675806, -75.58832689943017;CHOQUE;VEHICULO;NO REPORTADO;RESIDENCIAL;Normal;Semaforo en rojo
2201324;3/09/2020;5:20:00 p. m.;Jueves;2020;Septiembre;MOTOCICLETA;PARTICULAR;Motociclista;43;MASCULINO;HERIDOS;0;0;0;;CARRERA 50 CON CALLE 37 SUR;;LAS VEGAS;6.175135, -75.595369;CAIDA OCUPANTE;NO REPORTADO;NO REPORTADO;RESIDENCIAL;Normal;Impericia en el manejo
2201328;4/09/2020;11:00:00 a. m.;Viernes;2020;Septiembre;MOTOCICLETA;PARTICULAR;Peaton;68;FEMENINO;HERIDOS;0;0;0;;CARRERA 48 CON CALLE 50 SUR;;LAS VEGAS;6.162072458716961, -75.60353659646475;ATROPELLO;NO REPORTADO;NO REPORTADO;RESIDENCIAL;Normal;No respetar pelacion de interseccion o giros
2201328;4/09/2020;11:00:00 a. m.;Viernes;2020;Septiembre;MOTOCICLETA;PARTICULAR;Peaton;39;FEMENINO;HERIDOS;0;0;0;;CARRERA 48 CON CALLE 50 SUR;;LAS VEGAS;6.162072458716961, -75.60353659646475;ATROPELLO;NO REPORTADO;NO REPORTADO;RESIDENCIAL;Normal;No respetar pelacion de interseccion o giros
2201328;4/09/2020;11:00:00 a. m.;Viernes;2020;Septiembre;MOTOCICLETA;PARTICULAR;Motociclista;27;MASCULINO;HERIDOS;0;0;0;;CARRERA 48 CON CALLE 50 SUR;;LAS VEGAS;6.162072458716961, -75.60353659646475;ATROPELLO;NO REPORTADO;NO REPORTADO;RESIDENCIAL;Normal;No respetar pelacion de interseccion o giros
2201328;4/09/2020;11:00:00 a. m.;Viernes;2020;Septiembre;MOTOCICLETA;PARTICULAR;Motociclista;23;MASCULINO;HERIDOS;0;0;0;;CARRERA 48 CON CALLE 50 SUR;;LAS VEGAS;6.162072458716961, -75.60353659646475;ATROPELLO;NO REPORTADO;NO REPORTADO;RESIDENCIAL;Normal;No respetar pelacion de interseccion o giros
2201329;4/09/2020;5:40:00 p. m.;Viernes;2020;Septiembre;MOTOCICLETA;PARTICULAR;Acompañante;18;MASCULINO;HERIDOS;0;0;0;;TRANSVERSAL 34C SUR CON CALLE 35 SUR;;OBRERO;6.1710282938873915, -75.58466603431002;CHOQUE;VEHICULO;NO REPORTADO;RESIDENCIAL;Normal;Desobedecer señales
2201330;5/09/2020;12:10:00 p. m.;Sábado;2020;Septiembre;MOTOCICLETA;PARTICULAR;Motociclista;20;MASCULINO;HERIDOS;0;0;0;;CARRERA 50 CON CALLE 19 SUR;;LAS VEGAS;6.188167, -75.583364;CHOQUE;VEHICULO;NO REPORTADO;COMERCIAL;Normal;No mantener distancia de seguridad
2201338;6/09/2020;7:00:00 p. m.;Domingo;2020;Septiembre;MOTOCICLETA;PARTICULAR;Motociclista;25;MASCULINO;HERIDOS;0;0;0;;KILOMETRO 1;el escobero - km 0-13);VEREDA EL ESCOBERO;6.14660615160235, -75.56145197638465;CHOQUE;VEHICULO;NO REPORTADO;NO REPORTADO;Normal;Impericia en el manejo
2201355;5/09/2020;2:45:00 p. m.;Sábado;2020;Septiembre;MOTOCICLETA;PARTICULAR;Motociclista;24;MASCULINO;HERIDOS;0;0;0;;CARRERA 39A CON CALLE 40B SUR;;EL DORADO;6.165645430742919, -75.58731420547441;CHOQUE;VEHICULO;NO REPORTADO;RESIDENCIAL;Normal;No respetar pelacion de interseccion o giros
2201356;8/09/2020;2:00:00 a. m.;Martes;2020;Septiembre;CAMIONETA;PARTICULAR;Acompañante;71;MASCULINO;HERIDOS;0;0;0;;CARRERA 48 CON CALLE 37 SUR;;LAS VEGAS;6.173473352424915, -75.59256588595376;CHOQUE;VEHICULO;NO REPORTADO;RESIDENCIAL;Lluvia;Impericia en el manejo
2201356;8/09/2020;2:00:00 a. m.;Martes;2020;Septiembre;AUTOMOVIL;PARTICULAR;Conductor;24;FEMENINO;HERIDOS;0;0;0;;CARRERA 48 CON CALLE 37 SUR;;LAS VEGAS;6.173473352424915, -75.59256588595376;CHOQUE;VEHICULO;NO REPORTADO;RESIDENCIAL;Lluvia;Impericia en el manejo
2201356;8/09/2020;2:00:00 a. m.;Martes;2020;Septiembre;AUTOMOVIL;PARTICULAR;Acompañante;30;MASCULINO;HERIDOS;0;0;0;;CARRERA 48 CON CALLE 37 SUR;;LAS VEGAS;6.173473352424915, -75.59256588595376;CHOQUE;VEHICULO;NO REPORTADO;RESIDENCIAL;Lluvia;Impericia en el manejo
2201357;8/09/2020;9:15:00 a. m.;Martes;2020;Septiembre;MOTOCICLETA;PARTICULAR;Motociclista;35;MASCULINO;HERIDOS;0;0;0;;CARRERA 50 CON CALLE 49 SUR;;LAS VEGAS;6.164581, -75.603075;CHOQUE;VEHICULO;NO REPORTADO;RESIDENCIAL;Normal;Impericia en el manejo  -  No mantener distancia de seguridad
2201360;9/09/2020;10:30:00 p. m.;Miércoles;2020;Septiembre;MOTOCICLETA;PARTICULAR;Motociclista;36;MASCULINO;HERIDOS;0;0;0;;CARRERA 43A CON CALLE 45B SUR;;LA PAZ;6.164932233301589, -75.59496469995943;CHOQUE;VEHICULO;NO REPORTADO;RESIDENCIAL;Normal;Reverso imprudente
2201361;8/09/2020;11:30:00 a. m.;Martes;2020;Septiembre;MOTOCICLETA;PARTICULAR;Motociclista;42;MASCULINO;HERIDOS;0;0;0;;CARRERA 48 CON CALLE 50 SUR;;LAS VEGAS;6.162072458716961, -75.60353659646475;OTRO;NO REPORTADO;NO REPORTADO;RESIDENCIAL;Normal;Impericia en el manejo
2201363;10/09/2020;4:15:00 p. m.;Jueves;2020;Septiembre;MOTOCICLETA;PARTICULAR;Peaton;47;FEMENINO;HERIDOS;0;0;0;0;CALLE 40F SUR CON CARRERA 37;;EL DORADO;6.1644692302567625, -75.58641270362492;ATROPELLO;NO REPORTADO;NO REPORTADO;RESIDENCIAL;Normal;Impericia en el manejo
2201363;10/09/2020;4:15:00 p. m.;Jueves;2020;Septiembre;MOTOCICLETA;PARTICULAR;Motociclista;14;MASCULINO;HERIDOS;0;0;0;0;CALLE 40F SUR CON CARRERA 37;;EL DORADO;6.1644692302567625, -75.58641270362492;ATROPELLO;NO REPORTADO;NO REPORTADO;RESIDENCIAL;Normal;Impericia en el manejo
2201364;10/09/2020;1:50:00 p. m.;Jueves;2020;Septiembre;MOTOCICLETA;OFICIAL;Motociclista;34;MASCULINO;HERIDOS;0;0;0;;CARRERA 48 CON CALLE 30 SUR;;LAS VEGAS;6.179496718217783, -75.58819458527805;CHOQUE;VEHICULO;NO REPORTADO;RESIDENCIAL;Normal;Adelantar por la derecha
2201364;10/09/2020;1:50:00 p. m.;Jueves;2020;Septiembre;MOTOCICLETA;OFICIAL;Acompañante;26;MASCULINO;HERIDOS;0;0;0;;CARRERA 48 CON CALLE 30 SUR;;LAS VEGAS;6.179496718217783, -75.58819458527805;CHOQUE;VEHICULO;NO REPORTADO;RESIDENCIAL;Normal;Adelantar por la derecha
2201365;10/09/2020;6:00:00 p. m.;Jueves;2020;Septiembre;BICICLETA;;Ciclista;50;MASCULINO;HERIDOS;0;0;0;0;CALLE 33B SUR CON CARRERA 42;;ZONA CENTRO;6.1727301929782765, -75.58555464780304;CHOQUE;VEHICULO;NO REPORTADO;RESIDENCIAL;Normal;Desobedecer señales
2201366;9/09/2020;8:12:00 a. m.;Miércoles;2020;Septiembre;MOTOCICLETA;DIPLOMATICO;Motociclista;21;MASCULINO;HERIDOS;0;0;0;;CARRERA 43A CON CALLE 44 SUR;;MILAN VALLEJUELOS;6.1655880038226245, -75.59407459640002;CHOQUE;VEHICULO;NO REPORTADO;RESIDENCIAL;Normal;Realizar giro en U
2201367;8/09/2020;6:25:00 p. m.;Martes;2020;Septiembre;BICICLETA;;Ciclista;36;MASCULINO;HERIDOS;0;0;0;0;CALLE 38A SUR CON CARRERA 43A;;ZONA CENTRO;6.169885632869481, -75.58921805717885;CHOQUE;VEHICULO;NO REPORTADO;RESIDENCIAL;Normal;Impericia en el manejo
2201369;9/09/2020;5:00:00 p. m.;Miércoles;2020;Septiembre;MOTOCICLETA;PARTICULAR;Acompañante;46;MASCULINO;HERIDOS;0;0;0;0;CALLE 36D SUR CON CARRERA 27C;;LA PRADERA;6.163357876072951, -75.57406418527977;CHOQUE;VEHICULO;NO REPORTADO;RESIDENCIAL;Normal;Otra-Conductor
2201369;9/09/2020;5:00:00 p. m.;Miércoles;2020;Septiembre;MOTOCICLETA;PARTICULAR;Motociclista;35;FEMENINO;HERIDOS;0;0;0;0;CALLE 36D SUR CON CARRERA 27C;;LA PRADERA;6.163357876072951, -75.57406418527977;CHOQUE;VEHICULO;NO REPORTADO;RESIDENCIAL;Normal;Otra-Conductor
2201371;10/09/2020;6:20:00 p. m.;Jueves;2020;Septiembre;MOTOCICLETA;PARTICULAR;Peaton;45;MASCULINO;HERIDOS;0;0;0;0;CARRERA 48 CON CALLE 32B SUR;;LAS VEGAS;6.1771312587881235, -75.59004749247258;ATROPELLO;NO REPORTADO;NO REPORTADO;RESIDENCIAL;Normal;Desobedecer al agente
2201372;12/09/2020;3:55:00 p. m.;Sábado;2020;Septiembre;MOTOCICLETA;PARTICULAR;Motociclista;21;MASCULINO;HERIDOS;0;0;0;;KILOMETRO 12+330;retiro varia palmas enviga (km 5+43 - km 14+ 550);VEREDA PALMAS;6.158603109758234, -75.52070468491856;CHOQUE;VEHICULO;NO REPORTADO;NO REPORTADO;Normal;Desobedecer señales
2201373;9/09/2020;6:55:00 p. m.;Miércoles;2020;Septiembre;MOTOCICLETA;PARTICULAR;Motociclista;28;MASCULINO;HERIDOS;0;0;0;;TRANSVERSAL 27A SUR CON CARRERA 42B;;PONTE VEDRA;6.1782587573325545, -75.58227860556254;CHOQUE;VEHICULO;NO REPORTADO;RESIDENCIAL;Normal;No respetar prelacion
2201373;9/09/2020;6:55:00 p. m.;Miércoles;2020;Septiembre;MOTOCICLETA;PARTICULAR;Acompañante;41;FEMENINO;HERIDOS;0;0;0;;TRANSVERSAL 27A SUR CON CARRERA 42B;;PONTE VEDRA;6.1782587573325545, -75.58227860556254;CHOQUE;VEHICULO;NO REPORTADO;RESIDENCIAL;Normal;No respetar prelacion
2201374;11/09/2020;5:50:00 a. m.;Viernes;2020;Septiembre;MOTOCICLETA;PARTICULAR;Motociclista;34;MASCULINO;HERIDOS;0;0;0;;CALLE 27 SUR CON CARRERA 28;;ALTO DE MISAEL;6.177208600347374, -75.57631802275687;CHOQUE;VEHICULO;NO REPORTADO;RESIDENCIAL;Lluvia;Impericia en el manejo
2201375;12/09/2020;3:40:00 p. m.;Sábado;2020;Septiembre;CAMIONETA;PARTICULAR;Peaton;36;MASCULINO;HERIDOS;0;0;0;0;CARRERA 48 CON CALLE 25AA SUR ;;LAS VEGAS;6.184028351952825, -75.58478462881563;ATROPELLO;NO REPORTADO;NO REPORTADO;COMERCIAL;Normal;Poner en marcha un vehiculo sin precauci
2201378;12/09/2020;9:10:00 a. m.;Sábado;2020;Septiembre;MOTOCICLETA;PARTICULAR;Motociclista;32;MASCULINO;HERIDOS;0;0;0;;CARRERA 48 CON CALLE 25A SUR;;LAS VEGAS;6.1853368836704545, -75.58369129964083;CAIDA OCUPANTE;NO REPORTADO;NO REPORTADO;RESIDENCIAL;Normal;Impericia en el manejo
2201378;12/09/2020;9:10:00 a. m.;Sábado;2020;Septiembre;MOTOCICLETA;PARTICULAR;Acompañante;37;MASCULINO;HERIDOS;0;0;0;;CARRERA 48 CON CALLE 25A SUR;;LAS VEGAS;6.1853368836704545, -75.58369129964083;CAIDA OCUPANTE;NO REPORTADO;NO REPORTADO;RESIDENCIAL;Normal;Impericia en el manejo
2201380;14/09/2020;9:10:00 a. m.;Lunes;2020;Septiembre;MOTOCICLETA;PARTICULAR;Acompañante;24;FEMENINO;HERIDOS;0;0;0;;CARRERA 48 CON CALLE 32B SUR;;LAS VEGAS;6.1771312587881235, -75.59004749247258;CHOQUE;VEHICULO;NO REPORTADO;RESIDENCIAL;Normal;Impericia en el manejo
2201380;14/09/2020;9:10:00 a. m.;Lunes;2020;Septiembre;MOTOCICLETA;PARTICULAR;Motociclista;27;MASCULINO;HERIDOS;0;0;0;;CARRERA 48 CON CALLE 32B SUR;;LAS VEGAS;6.1771312587881235, -75.59004749247258;CHOQUE;VEHICULO;NO REPORTADO;RESIDENCIAL;Normal;Impericia en el manejo
2201381;12/09/2020;7:00:00 p. m.;Sábado;2020;Septiembre;MOTOCICLETA;PARTICULAR;Motociclista;17;MASCULINO;HERIDOS;0;0;0;;CALLE 40F SUR CON CARRERA 24B;;LA MINA;6.152785440145811, -75.58067183431017;CHOQUE;VEHICULO;NO REPORTADO;RESIDENCIAL;Normal;Impericia en el manejo
2201403;15/09/2020;9:00:00 p. m.;Martes;2020;Septiembre;MOTOCICLETA;PARTICULAR;Acompañante;27;MASCULINO;HERIDOS;0;0;0;;CARRERA 50 CON CALLE 37 SUR;;LAS VEGAS;6.175135, -75.595369;CHOQUE;VEHICULO;NO REPORTADO;RESIDENCIAL;Normal;Impericia en el manejo
2201403;15/09/2020;9:00:00 p. m.;Martes;2020;Septiembre;MOTOCICLETA;PARTICULAR;Motociclista;28;MASCULINO;HERIDOS;0;0;0;;CARRERA 50 CON CALLE 37 SUR;;LAS VEGAS;6.175135, -75.595369;CHOQUE;VEHICULO;NO REPORTADO;RESIDENCIAL;Normal;Impericia en el manejo
2201404;16/09/2020;6:40:00 p. m.;Miércoles;2020;Septiembre;MOTOCICLETA;PARTICULAR;Motociclista;37;MASCULINO;HERIDOS;0;0;0;;CARRERA 27 CON CALLE 35 SUR ;;LOMA DEL ATRAVEZADO;6.167463192147783, -75.56908060123152;CHOQUE;VEHICULO;NO REPORTADO;RESIDENCIAL;Normal;Desobedecer señales
2201405;16/09/2020;2:30:00 p. m.;Miércoles;2020;Septiembre;MOTOCICLETA;PARTICULAR;Motociclista;25;MASCULINO;HERIDOS;0;0;0;;TRANSVERSAL 32A SUR CON DIAGONAL 32B;;LA MAGNOLIA;6.1755824253617435, -75.58323209022237;CHOQUE;VEHICULO;NO REPORTADO;RESIDENCIAL;Normal;Desobedecer señales
2201406;15/09/2020;8:40:00 p. m.;Martes;2020;Septiembre;CAMPERO;PARTICULAR;Acompañante;58;MASCULINO;HERIDOS;0;0;0;;CARRERA 27 CON CALLE 27 SUR;;EL ESMERALDAL;6.1725645208877316, -75.56783929936834;CHOQUE;OBJETO FIJO;POSTE;RESIDENCIAL;Lluvia;Impericia en el manejo
2201407;14/09/2020;3:20:00 p. m.;Lunes;2020;Septiembre;MICROBUS;PUBLICO;Peaton;45;MASCULINO;HERIDOS;0;0;0;;CARRERA 27 CON CALLE 37B SUR ;;VEREDA EL ESCOBERO;6.158285400767852, -75.57168475142714;ATROPELLO;NO REPORTADO;NO REPORTADO;RESIDENCIAL;Normal;Impericia en el manejo
2201408;14/09/2020;1:35:00 p. m.;Lunes;2020;Septiembre;MOTOCICLETA;PARTICULAR;Motociclista;25;MASCULINO;HERIDOS;0;0;0;;CALLE 37 SUR CON CARRERA 28C;;LA PRADERA;6.165891596047216, -75.57875440547441;CHOQUE;VEHICULO;NO REPORTADO;RESIDENCIAL;Normal;Transitar entre vehiculos
2201412;17/09/2020;3:36:00 p. m.;Jueves;2020;Septiembre;AUTOMOVIL;PARTICULAR;Conductor;27;FEMENINO;HERIDOS;0;0;0;0;KILOMETRO 14+180;medellÃn palmas envigado (km 12 - km 16+700);VEREDA PALMAS;6.156520828531364, -75.54680870426627;CHOQUE;OBJETO FIJO;MURO;NO REPORTADO;Normal;Impericia en el manejo
2201418;17/09/2020;9:45:00 a. m.;Jueves;2020;Septiembre;BICICLETA;;Ciclista;45;MASCULINO;HERIDOS;0;0;0;0;CARRERA 36 CON CALLE 40AA SUR;;SAN JOSE;6.164611631409198, -75.58539390732392;CHOQUE;VEHICULO;NO REPORTADO;RESIDENCIAL;Normal;Desobedecer señales
2201421;17/09/2020;5:40:00 a. m.;Jueves;2020;Septiembre;MOTOCICLETA;PARTICULAR;Motociclista;25;FEMENINO;HERIDOS;0;0;0;;CARRERA 50 CON CALLE 46D SUR ;;LAS VEGAS;6.167874, -75.602333;CHOQUE;VEHICULO;NO REPORTADO;RESIDENCIAL;Normal;Impericia en el manejo
2201421;17/09/2020;5:40:00 a. m.;Jueves;2020;Septiembre;MOTOCICLETA;PARTICULAR;Motociclista;28;MASCULINO;HERIDOS;0;0;0;;CARRERA 50 CON CALLE 46D SUR ;;LAS VEGAS;6.167874, -75.602333;CHOQUE;VEHICULO;NO REPORTADO;RESIDENCIAL;Normal;Impericia en el manejo
2201424;18/09/2020;5:45:00 a. m.;Viernes;2020;Septiembre;MOTOCICLETA;PARTICULAR;Peaton;78;MASCULINO;HERIDOS;0;0;0;;CALLE 38 SUR CON CARRERA 33;;MESA;6.166266495102538, -75.58213332939772;ATROPELLO;NO REPORTADO;NO REPORTADO;RESIDENCIAL;Normal;Transitar por la calzada
2201425;19/09/2020;8:30:00 p. m.;Sábado;2020;Septiembre;AUTOMOVIL;PUBLICO;Peaton;59;MASCULINO;HERIDOS;0;0;0;;CALLE 46 E SUR CON CARRERA 41A;;EL TRIANON;6.160201026397499, -75.59407795465215;ATROPELLO;NO REPORTADO;NO REPORTADO;RESIDENCIAL;Normal;Estacionar sin seguridad