NRO_RADICADO;FECHA_ACCIDENTE;HORA_ACCIDENTE;Día de la semana;AÑO;MES;CLASE_VEHICULO;TIPO_SERVICIO;TIPO_VICTIMA;EDAD;GENERO;GRAVEDAD;ESTADO_BEODEZ;ESTADO_DROGA;RESULTADO_BEODEZ;RESUL_BEODEZ_GRAMOS;DIRECCION_CARACT_VIA;TRAMO_VIA;LOCALIDAD_O_COMUNA;    GEORREFERENCIACIÓN;DESC_CLASE_ACCIDENTE;DESC_CHOQUE_ACCIDENTE;DESC_OBJETO_FIJO;DESC_SECTOR_ACCIDENTE;CONDICION_CLIMATICA;CAUSA_ACCIDENTE
2201426;19/09/2020;7:00:00 p. m.;Sábado;2020;Septiembre;MOTOCICLETA;PARTICULAR;Motociclista;30;FEMENINO;HERIDOS;0;0;0;;CARRERA 41 CON CALLE 24 SUR;;ZUÑIGA;6.180112421935598, -75.57715601711783;CHOQUE;VEHICULO;NO REPORTADO;RESIDENCIAL;Lluvia;Superficie humeda
2201427;19/09/2020;12:30:00 a. m.;Sábado;2020;Septiembre;MOTOCICLETA;PARTICULAR;Motociclista;21;MASCULINO;HERIDOS;0;0;0;;DIAGONAL 31C CON TRANSVERSAL 32C SUR;;LAS FLORES;6.17553282733969, -75.58047952096284;CHOQUE;VEHICULO;NO REPORTADO;RESIDENCIAL;Normal;Impericia en el manejo
2201427;19/09/2020;12:30:00 a. m.;Sábado;2020;Septiembre;BICICLETA;;Ciclista;27;MASCULINO;HERIDOS;0;0;0;;DIAGONAL 31C CON TRANSVERSAL 32C SUR;;LAS FLORES;6.17553282733969, -75.58047952096284;CHOQUE;VEHICULO;NO REPORTADO;RESIDENCIAL;Normal;Impericia en el manejo
2201433;20/09/2020;11:00:00 p. m.;Domingo;2020;Septiembre;CAMIONETA;PARTICULAR;Conductor;24;MASCULINO;HERIDOS;0;0;0;;CALLE 41 SUR CON CARRERA 21;;EL SALADO;6.139982436104165, -75.57001151002478;VOLCAMIENTO;NO REPORTADO;NO REPORTADO;RESIDENCIAL;Normal;Impericia en el manejo
2201433;20/09/2020;11:00:00 p. m.;Domingo;2020;Septiembre;CAMIONETA;PARTICULAR;Acompañante;50;MASCULINO;HERIDOS;0;0;0;;CALLE 41 SUR CON CARRERA 21;;EL SALADO;6.139982436104165, -75.57001151002478;VOLCAMIENTO;NO REPORTADO;NO REPORTADO;RESIDENCIAL;Normal;Impericia en el manejo
2201434;21/09/2020;5:20:00 a. m.;Lunes;2020;Septiembre;MOTOCICLETA;PARTICULAR;Motociclista;30;MASCULINO;HERIDOS;0;0;0;;CARRERA 48 CON CALLE 30 SUR;;LAS VEGAS;6.179496718217783, -75.58819458527805;CHOQUE;VEHICULO;NO REPORTADO;RESIDENCIAL;Normal;Semaforo en rojo
2201445;22/09/2020;4:35:00 p. m.;Martes;2020;Septiembre;MOTOCICLETA;PARTICULAR;Acompañante;40;FEMENINO;HERIDOS;0;0;0;;CALLE 32B SUR CON CARRERA 49;;LAS VEGAS;6.178417957693929, -75.5917298459535;CHOQUE;VEHICULO;NO REPORTADO;RESIDENCIAL;Normal;No mantener distancia de seguridad
2201445;22/09/2020;4:35:00 p. m.;Martes;2020;Septiembre;MOTOCICLETA;PARTICULAR;Motociclista;36;FEMENINO;HERIDOS;0;0;0;;CALLE 32B SUR CON CARRERA 49;;LAS VEGAS;6.178417957693929, -75.5917298459535;CHOQUE;VEHICULO;NO REPORTADO;RESIDENCIAL;Normal;No mantener distancia de seguridad
2201446;19/09/2020;8:40:00 a. m.;Sábado;2020;Septiembre;BICICLETA;;Ciclista;68;MASCULINO;HERIDOS;0;0;0;;KILOMETRO 12+460;medellÃn palmas envigado (km 12 - km 16+700);VEREDA PALMAS;6.17012862891018, -75.54567623346945;CHOQUE;VEHICULO;NO REPORTADO;NO REPORTADO;Normal;Otra-Conductor
2201451;22/09/2020;5:38:00 p. m.;Martes;2020;Septiembre;MOTOCICLETA;PARTICULAR;Motociclista;25;MASCULINO;HERIDOS;0;0;0;;CARRERA 48 CON CALLE 39 A SUR ;;LAS VEGAS;6.171433393684443, -75.59428332090282;CHOQUE;VEHICULO;NO REPORTADO;RESIDENCIAL;Normal;No mantener distancia de seguridad
2201459;23/09/2020;11:50:00 a. m.;Miércoles;2020;Septiembre;AUTOMOVIL;PARTICULAR;Conductor;69;FEMENINO;HERIDOS;0;0;0;;CARRERA 48 CON CALLE 50 SUR;;LAS VEGAS;6.162072458716961, -75.60353659646475;CHOQUE;VEHICULO;NO REPORTADO;RESIDENCIAL;Normal;No mantener distancia de seguridad
2201460;24/09/2020;10:30:00 a. m.;Jueves;2020;Septiembre;MOTOCICLETA;PARTICULAR;Motociclista;26;MASCULINO;HERIDOS;0;0;0;;TRANSVERSAL 36 SUR CON DIAGONAL 29;;LA SEBASTIANA;6.167861728684059, -75.57885300925332;CHOQUE;VEHICULO;NO REPORTADO;RESIDENCIAL;Normal;Vehiculo mal estacionado
2201461;22/09/2020;8:20:00 a. m.;Martes;2020;Septiembre;MOTOCICLETA;PARTICULAR;Motociclista;36;MASCULINO;HERIDOS;0;0;0;;CARRERA 43A CON CALLE 37 SUR;;SAN MARCOS;6.171156877675806, -75.58832689943017;CHOQUE;VEHICULO;NO REPORTADO;RESIDENCIAL;Normal;Desobedecer señales  -  Semaforo en rojo
2201462;24/09/2020;6:40:00 a. m.;Jueves;2020;Septiembre;MOTOCICLETA;PARTICULAR;Motociclista;24;MASCULINO;HERIDOS;0;0;0;;CALLE 38 A SUR CON CARRERA 32;;MESA;6.1655538972342185, -75.58219368033775;CAIDA OCUPANTE;NO REPORTADO;NO REPORTADO;RESIDENCIAL;Lluvia;Impericia en el manejo  -  No respetar pelacion de interseccion o giros
2201464;24/09/2020;1:55:00 p. m.;Jueves;2020;Septiembre;MICROBUS;PUBLICO;Peaton;80;MASCULINO;HERIDOS;0;0;0;;CARRERA 43A CON CALLE 38A SUR;;ALCALA;6.1697077409398275, -75.58915413115817;ATROPELLO;NO REPORTADO;NO REPORTADO;RESIDENCIAL;Normal;Desobedecer señales  -  Otra-Peatón
2201467;26/09/2020;6:40:00 p. m.;Sábado;2020;Septiembre;MOTOCICLETA;PARTICULAR;Motociclista;31;MASCULINO;HERIDOS;0;0;0;;CARRERA 27 CON CALLE 28 SUR;;EL ESMERALDAL;6.170089966292873, -75.56887445549089;OTRO;NO REPORTADO;NO REPORTADO;RESIDENCIAL;Normal;Impericia en el manejo
2201468;25/09/2020;5:40:00 p. m.;Viernes;2020;Septiembre;MOTOCICLETA;PARTICULAR;Motociclista;21;MASCULINO;HERIDOS;0;0;0;;CALLE 25 SUR CON CARRERA 44;;BOSQUES DE ZUÑIGA;6.1821287946024075, -75.58152731487233;CHOQUE;VEHICULO;NO REPORTADO;RESIDENCIAL;Normal;No mantener distancia de seguridad
2201469;26/09/2020;1:55:00 p. m.;Sábado;2020;Septiembre;MOTOCICLETA;OFICIAL;Acompañante;27;MASCULINO;HERIDOS;0;0;0;;CALLE 23 SUR CON CARRERA 27C;;ZUÑIGA;6.177247, -75.568831;CHOQUE;VEHICULO;NO REPORTADO;RESIDENCIAL;Normal;Impericia en el manejo
2201469;26/09/2020;1:55:00 p. m.;Sábado;2020;Septiembre;MOTOCICLETA;OFICIAL;Motociclista;37;MASCULINO;HERIDOS;0;0;0;;CALLE 23 SUR CON CARRERA 27C;;ZUÑIGA;6.177247, -75.568831;CHOQUE;VEHICULO;NO REPORTADO;RESIDENCIAL;Normal;Impericia en el manejo
2201470;27/09/2020;2:46:00 p. m.;Domingo;2020;Septiembre;MOTOCICLETA;PARTICULAR;Motociclista;32;MASCULINO;HERIDOS;0;0;0;;CARRERA 50 CON CALLE 46 SUR;;LAS VEGAS;6.168548, -75.602176;OTRO;NO REPORTADO;NO REPORTADO;RESIDENCIAL;Normal;Huecos
2201471;24/09/2020;5:50:00 p. m.;Jueves;2020;Septiembre;BICICLETA;;Ciclista;18;FEMENINO;HERIDOS;0;0;0;;CARRERA 48 CON CALLE 32B SUR;;LAS VEGAS;6.1771312587881235, -75.59004749247258;CHOQUE;VEHICULO;NO REPORTADO;COMERCIAL;Normal;Transitar en contravia
2201472;25/09/2020;8:00:00 a. m.;Viernes;2020;Septiembre;CAMPERO;PARTICULAR;Conductor;52;FEMENINO;HERIDOS;0;0;0;;CALLE 37B SUR CON CARRERA 27D;;LOMA DE LAS BRUJAS;6.1637575639285345, -75.57831328661926;CHOQUE;OBJETO FIJO;POSTE;RESIDENCIAL;Normal;Impericia en el manejo
2201478;24/09/2020;7:52:00 a. m.;Jueves;2020;Septiembre;MOTOCICLETA;PARTICULAR;Acompañante;25;MASCULINO;HERIDOS;0;0;0;;CALLE 25A SUR CON CARRERA 42B;;PONTE VEDRA;6.179701107355398, -75.5813764668419;CHOQUE;VEHICULO;NO REPORTADO;RESIDENCIAL;Normal;No mantener distancia de seguridad
2201480;28/09/2020;5:45:00 p. m.;Lunes;2020;Septiembre;MOTOCICLETA;PARTICULAR;Motociclista;36;MASCULINO;HERIDOS;0;0;0;;CALLE 36 SUR CON CARRERA 39;;ZONA CENTRO;6.169798794218663, -75.58438893430996;CHOQUE;VEHICULO;NO REPORTADO;RESIDENCIAL;Normal;Impericia en el manejo
2201488;27/09/2020;6:25:00 p. m.;Domingo;2020;Septiembre;MOTOCICLETA;PARTICULAR;Motociclista;25;MASCULINO;HERIDOS;1;0;2;140;CARRERA 50 CON CALLE 46 A SUR;;LAS VEGAS;6.168548, -75.602176;CHOQUE;VEHICULO;NO REPORTADO;RESIDENCIAL;Normal;Embriaguez o droga
2201488;27/09/2020;6:25:00 p. m.;Domingo;2020;Septiembre;MOTOCICLETA;PARTICULAR;Motociclista;50;MASCULINO;HERIDOS;0;0;0;;CARRERA 50 CON CALLE 46 A SUR;;LAS VEGAS;6.168548, -75.602176;CHOQUE;VEHICULO;NO REPORTADO;RESIDENCIAL;Normal;Embriaguez o droga
2201491;28/09/2020;9:50:00 a. m.;Lunes;2020;Septiembre;MOTOCICLETA;OFICIAL;Motociclista;35;MASCULINO;HERIDOS;0;0;0;;CALLE 35 SUR CON CARRERA 42;;ZONA CENTRO;6.171688021068574, -75.5861003290818;CHOQUE;VEHICULO;NO REPORTADO;RESIDENCIAL;Normal;Otra-Conductor
2201499;29/09/2020;9:50:00 a. m.;Martes;2020;Septiembre;AUTOMOVIL;PARTICULAR;Conductor;66;MASCULINO;HERIDOS;0;0;0;;CARRERA 48 CON CALLE 37 SUR;;LAS VEGAS;6.173473352424915, -75.59256588595376;CHOQUE;VEHICULO;NO REPORTADO;RESIDENCIAL;Normal;No mantener distancia de seguridad
2201505;1/10/2020;7:30:00 a. m.;Jueves;2020;Octubre;MOTOCICLETA;PARTICULAR;Acompañante;32;FEMENINO;HERIDOS;0;0;0;;CARRERA 48 CON CALLE 50 SUR;;LAS VEGAS;6.162072458716961, -75.60353659646475;CHOQUE;VEHICULO;NO REPORTADO;RESIDENCIAL;Normal;Otra-Conductor
2201505;1/10/2020;7:30:00 a. m.;Jueves;2020;Octubre;MOTOCICLETA;PARTICULAR;Motociclista;25;MASCULINO;HERIDOS;0;0;0;;CARRERA 48 CON CALLE 50 SUR;;LAS VEGAS;6.162072458716961, -75.60353659646475;CHOQUE;VEHICULO;NO REPORTADO;RESIDENCIAL;Normal;Otra-Conductor
2201506;1/10/2020;2:50:00 p. m.;Jueves;2020;Octubre;BUS;PUBLICO;Peaton;60;MASCULINO;HERIDOS;0;0;0;;CALLE 38 SUR CON CARRERA 40;;ZONA CENTRO;6.168933190596142, -75.58629330598849;ATROPELLO;NO REPORTADO;NO REPORTADO;RESIDENCIAL;Normal;Otra-Peatón  -  Transitar por la calzada
2201507;30/09/2020;9:50:00 a. m.;Miércoles;2020;Septiembre;MOTOCICLETA;PARTICULAR;Motociclista;64;MASCULINO;HERIDOS;0;0;0;;CARRERA 43A CON CALLE 40 SUR;;ALCALA;6.168202756139312, -75.59025705688308;CHOQUE;VEHICULO;NO REPORTADO;RESIDENCIAL;Normal;No mantener distancia de seguridad
2201514;1/10/2020;6:20:00 p. m.;Jueves;2020;Octubre;MOTOCICLETA;PARTICULAR;Peaton;65;FEMENINO;HERIDOS;0;0;0;;CALLE 45 SUR CON CARRERA 42B;;LA PAZ;6.16369202163335, -75.59314928455737;ATROPELLO;NO REPORTADO;NO REPORTADO;RESIDENCIAL;Lluvia;Otra-Conductor
2201515;30/09/2020;2:50:00 p. m.;Miércoles;2020;Septiembre;MOTOCICLETA;PARTICULAR;Motociclista;44;FEMENINO;HERIDOS;0;0;0;;CARRERA 50A CON CALLE 26 SUR;;LAS VEGAS;6.184792, -75.587431;CHOQUE;VEHICULO;NO REPORTADO;RESIDENCIAL;Normal;Adelantar invadiendo carril del mismo sentido en zigzag
2201516;1/10/2020;3:30:00 p. m.;Jueves;2020;Octubre;MOTOCICLETA;PARTICULAR;Acompañante;51;FEMENINO;HERIDOS;0;0;0;;TRANSVERSAL 32A SUR CON DIAGONAL 32B;;LA MAGNOLIA;6.1755824253617435, -75.58323209022237;CHOQUE;VEHICULO;NO REPORTADO;RESIDENCIAL;Normal;Desobedecer señales
2201516;1/10/2020;3:30:00 p. m.;Jueves;2020;Octubre;MOTOCICLETA;PARTICULAR;Motociclista;31;FEMENINO;HERIDOS;0;0;0;;TRANSVERSAL 32A SUR CON DIAGONAL 32B;;LA MAGNOLIA;6.1755824253617435, -75.58323209022237;CHOQUE;VEHICULO;NO REPORTADO;RESIDENCIAL;Normal;Desobedecer señales
2201518;3/10/2020;6:00:00 p. m.;Sábado;2020;Octubre;MOTOCICLETA;PARTICULAR;Acompañante;36;FEMENINO;HERIDOS;0;0;0;0;CALLE 36D SUR CON CARRERA 27C;;LA PRADERA;6.158322690539709, -75.56644585896677;CAIDA OCUPANTE;NO REPORTADO;NO REPORTADO;RESIDENCIAL;Normal;Falta de precaucion niebla, lluvia, humo
2201524;4/10/2020;3:00:00 p. m.;Domingo;2020;Octubre;MOTOCICLETA;PARTICULAR;Acompañante;19;FEMENINO;HERIDOS;0;0;0;;CARRERA 43A CON CALLE 39 SUR;;ALCALA;6.169261427925263, -75.58948590393828;CHOQUE;OBJETO FIJO;ARBOL;RESIDENCIAL;Lluvia;Impericia en el manejo
2201524;4/10/2020;3:00:00 p. m.;Domingo;2020;Octubre;MOTOCICLETA;PARTICULAR;Motociclista;20;MASCULINO;HERIDOS;0;0;0;;CARRERA 43A CON CALLE 39 SUR;;ALCALA;6.169261427925263, -75.58948590393828;CHOQUE;OBJETO FIJO;ARBOL;RESIDENCIAL;Lluvia;Impericia en el manejo
2201525;2/10/2020;5:25:00 a. m.;Viernes;2020;Octubre;MOTOCICLETA;PARTICULAR;Motociclista;37;FEMENINO;HERIDOS;0;0;0;;CARRERA 48 CON CALLE 19 SUR;;LAS VEGAS;6.1876373810276055, -75.58159439915157;CHOQUE;VEHICULO;NO REPORTADO;RESIDENCIAL;Normal;Impericia en el manejo  -  No mantener distancia de seguridad
2201526;5/10/2020;6:30:00 a. m.;Lunes;2020;Octubre;MOTOCICLETA;PARTICULAR;Motociclista;26;MASCULINO;HERIDOS;0;0;0;;CARRERA 27 CON CALLE 28 SUR;;EL ESMERALDAL;6.170089966292873, -75.56887445549089;OTRO;NO REPORTADO;NO REPORTADO;RESIDENCIAL;Normal;Huecos  -  Impericia en el manejo
2201533;5/10/2020;8:40:00 p. m.;Lunes;2020;Octubre;AUTOMOVIL;PARTICULAR;Peaton;59;MASCULINO;HERIDOS;0;0;0;;CALLE 37 SUR CON CARRERA 40;;ZONA CENTRO;6.169488927727429, -75.58551469044613;ATROPELLO;NO REPORTADO;NO REPORTADO;RESIDENCIAL;Normal;Pasar semaforo en rojo
2201555;7/10/2020;4:45:00 p. m.;Miércoles;2020;Octubre;MOTOCICLETA;PARTICULAR;Motociclista;41;MASCULINO;HERIDOS;0;0;0;;CARRERA 50 CON CALLE 43 SUR;;LAS VEGAS;6.171018, -75.600755;CHOQUE;VEHICULO;NO REPORTADO;RESIDENCIAL;Normal;No mantener distancia de seguridad  -  Otra-Conductor
2201555;7/10/2020;4:45:00 p. m.;Miércoles;2020;Octubre;MOTOCICLETA;PARTICULAR;Motociclista;18;FEMENINO;HERIDOS;0;0;0;;CARRERA 50 CON CALLE 43 SUR;;LAS VEGAS;6.171018, -75.600755;CHOQUE;VEHICULO;NO REPORTADO;RESIDENCIAL;Normal;No mantener distancia de seguridad  -  Otra-Conductor
2201563;11/10/2020;12:00:00 p. m.;Domingo;2020;Octubre;MOTOCICLETA;PARTICULAR;Motociclista;53;MASCULINO;HERIDOS;0;0;0;;CARRERA 48 CON CALLE 34 SUR;;LAS VEGAS;6.175553163814159, -75.59100803476572;CHOQUE;VEHICULO;NO REPORTADO;RESIDENCIAL;Normal;Otra-Conductor
2201564;7/10/2020;11:30:00 a. m.;Miércoles;2020;Octubre;MOTOCICLETA;PARTICULAR;Motociclista;31;FEMENINO;HERIDOS;0;0;0;;CARRERA 43A CON CALLE 25A SUR;;VILLA GRANDE;6.181492833276339, -75.58181897702852;CHOQUE;VEHICULO;NO REPORTADO;RESIDENCIAL;Normal;No mantener distancia de seguridad
2201565;7/10/2020;10:40:00 a. m.;Miércoles;2020;Octubre;BICICLETA;;Ciclista;38;MASCULINO;HERIDOS;0;0;0;;CALLE 39 SUR CON CARRERA 29A;;SAN JOSE;6.161375832301419, -75.57987059229774;CHOQUE;VEHICULO;NO REPORTADO;RESIDENCIAL;Normal;Desobedecer señales
2201565;7/10/2020;10:40:00 a. m.;Miércoles;2020;Octubre;MOTOCICLETA;PARTICULAR;Motociclista;27;MASCULINO;HERIDOS;0;0;0;;CALLE 39 SUR CON CARRERA 29A;;SAN JOSE;6.161375832301419, -75.57987059229774;CHOQUE;VEHICULO;NO REPORTADO;RESIDENCIAL;Normal;Desobedecer señales
2201566;8/10/2020;2:20:00 p. m.;Jueves;2020;Octubre;MOTOCICLETA;PARTICULAR;Acompañante;46;FEMENINO;HERIDOS;0;0;0;;CALLE 41AA SUR CON CARRERA 28;;SAN RAFAEL;6.158976863680535, -75.58303427510246;CHOQUE;OBJETO FIJO;VEHICULO ESTACIONADO;RESIDENCIAL;Normal;Otra-Conductor
2201567;9/10/2020;4:00:00 p. m.;Viernes;2020;Octubre;AUTOMOVIL;PARTICULAR;Conductor;36;MASCULINO;HERIDOS;0;0;0;;CARRERA 50 CON CALLE 37 SUR;;LAS VEGAS;6.175135, -75.595369;CHOQUE;OBJETO FIJO;OTRO TIPO;RESIDENCIAL;Normal;Impericia en el manejo
2201567;9/10/2020;4:00:00 p. m.;Viernes;2020;Octubre;AUTOMOVIL;PARTICULAR;Acompañante;19;FEMENINO;HERIDOS;0;0;0;;CARRERA 50 CON CALLE 37 SUR;;LAS VEGAS;6.175135, -75.595369;CHOQUE;OBJETO FIJO;OTRO TIPO;RESIDENCIAL;Normal;Impericia en el manejo
2201568;9/10/2020;9:10:00 p. m.;Viernes;2020;Octubre;MOTOCICLETA;PARTICULAR;Motociclista;22;FEMENINO;HERIDOS;0;0;0;;CARRERA 50 CON CALLE 41 SUR;;LAS VEGAS;6.172267, -75.599190;OTRO;NO REPORTADO;NO REPORTADO;RESIDENCIAL;Normal;Otra-Via
2201569;9/10/2020;9:20:00 p. m.;Viernes;2020;Octubre;MOTOCICLETA;PARTICULAR;Motociclista;20;MASCULINO;HERIDOS;0;0;0;;CALLE 37 SUR CON CARRERA 38;;MESA;6.168586751950674, -75.58431594386306;OTRO;NO REPORTADO;NO REPORTADO;RESIDENCIAL;Normal;Impericia en el manejo
2201570;9/10/2020;9:20:00 p. m.;Viernes;2020;Octubre;MOTOCICLETA;PARTICULAR;Acompañante;17;MASCULINO;HERIDOS;0;0;0;;CALLE 39 SUR CON CARRERA 47A;;ALCALA;6.171395931863049, -75.59341329875879;CHOQUE;VEHICULO;NO REPORTADO;RESIDENCIAL;Normal;Desobedecer señales
2201571;9/10/2020;9:30:00 p. m.;Viernes;2020;Octubre;MOTOCICLETA;PARTICULAR;Motociclista;26;FEMENINO;HERIDOS;0;0;0;;CALLE 38 SUR CON CARRERA 46;;ALCALA;6.172018326896112, -75.59133707478912;CHOQUE;VEHICULO;NO REPORTADO;RESIDENCIAL;Normal;Desobedecer señales
2201571;9/10/2020;9:30:00 p. m.;Viernes;2020;Octubre;MOTOCICLETA;PARTICULAR;Acompañante;47;FEMENINO;HERIDOS;0;0;0;;CALLE 38 SUR CON CARRERA 46;;ALCALA;6.172018326896112, -75.59133707478912;CHOQUE;VEHICULO;NO REPORTADO;RESIDENCIAL;Normal;Desobedecer señales
2201576;13/10/2020;4:45:00 p. m.;Martes;2020;Octubre;MOTOCICLETA;PARTICULAR;Acompañante;49;MASCULINO;HERIDOS;0;0;0;;CALLE 36D SUR CON CARRERA 27;;LA PRADERA;6.158534737658366, -75.57159508458332;CHOQUE;VEHICULO;NO REPORTADO;RESIDENCIAL;Normal;Adelantar en zona prohibida  -  Adelantar invadiendo carril de sentido contrario  -  Aprovisionamiento indebido
2201578;10/10/2020;10:15:00 p. m.;Sábado;2020;Octubre;MOTOCICLETA;PARTICULAR;Motociclista;17;FEMENINO;HERIDOS;0;0;0;;CALLE 40C SUR CON CARRERA 29;;LA MINA;6.160642298910812, -75.58266992081701;CHOQUE;VEHICULO;NO REPORTADO;RESIDENCIAL;Normal;Poner en marcha un vehiculo sin precauci
2201579;11/10/2020;8:10:00 p. m.;Domingo;2020;Octubre;MOTOCICLETA;PARTICULAR;Acompañante;25;MASCULINO;HERIDOS;0;0;0;;CARRERA 42 CON CALLE 33B SUR ;;ZONA CENTRO;6.172698193078973, -75.58557610547427;CHOQUE;VEHICULO;NO REPORTADO;RESIDENCIAL;Normal;Desobedecer señales
2201579;11/10/2020;8:10:00 p. m.;Domingo;2020;Octubre;MOTOCICLETA;PARTICULAR;Motociclista;29;MASCULINO;HERIDOS;0;0;0;;CARRERA 42 CON CALLE 33B SUR ;;ZONA CENTRO;6.172698193078973, -75.58557610547427;CHOQUE;VEHICULO;NO REPORTADO;RESIDENCIAL;Normal;Desobedecer señales
2201582;13/10/2020;2:55:00 p. m.;Martes;2020;Octubre;MOTOCICLETA;PARTICULAR;Motociclista;20;MASCULINO;HERIDOS;0;0;0;;CARRERA 48 CON CALLE 30 SUR;;LAS VEGAS;6.179496718217783, -75.58819458527805;CHOQUE;VEHICULO;NO REPORTADO;RESIDENCIAL;Normal;Impericia en el manejo
2201600;14/10/2020;10:40:00 a. m.;Miércoles;2020;Octubre;BICICLETA;;Ciclista;32;FEMENINO;HERIDOS;0;0;0;;CARRERA 48 CON CALLE 43 SUR;;LAS VEGAS;6.168499595111275, -75.5973862055626;CHOQUE;VEHICULO;NO REPORTADO;RESIDENCIAL;Normal;No mantener distancia de seguridad
2201604;11/10/2020;4:30:00 p. m.;Domingo;2020;Octubre;MOTOCICLETA;PARTICULAR;Acompañante;19;FEMENINO;HERIDOS;0;0;0;;KILOMETRO 13+350;retiro varia palmas enviga (km 5+43 - km 14+ 550);VEREDA PALMAS;6.159352525261025, -75.52923997495938;CHOQUE;VEHICULO;NO REPORTADO;NO REPORTADO;Normal;No mantener distancia de seguridad
2201605;14/10/2020;10:44:00 a. m.;Miércoles;2020;Octubre;BICICLETA;;Ciclista;27;MASCULINO;HERIDOS;0;0;0;;CALLE 39 SUR  CON CARRERA 27D;;SAN JOSE;6.160756963844016, -75.57930427880557;CHOQUE;OBJETO FIJO;ARBOL;RESIDENCIAL;Normal;Impericia en el manejo
2201606;14/10/2020;5:25:00 p. m.;Miércoles;2020;Octubre;MOTOCICLETA;PARTICULAR;Acompañante;42;MASCULINO;HERIDOS;0;0;0;;CARRERA 48 CON CALLE 27A SUR;;LAS VEGAS;6.181554317235871, -75.58690695698607;CHOQUE;VEHICULO;NO REPORTADO;RESIDENCIAL;Normal;No mantener distancia de seguridad  -  Transitar entre vehiculos
2201606;14/10/2020;5:25:00 p. m.;Miércoles;2020;Octubre;MOTOCICLETA;PARTICULAR;Motociclista;19;MASCULINO;HERIDOS;0;0;0;;CARRERA 48 CON CALLE 27A SUR;;LAS VEGAS;6.181554317235871, -75.58690695698607;CHOQUE;VEHICULO;NO REPORTADO;RESIDENCIAL;Normal;No mantener distancia de seguridad  -  Transitar entre vehiculos
2201610;16/10/2020;10:00:00 a. m.;Viernes;2020;Octubre;MOTOCICLETA;PARTICULAR;Motociclista;27;MASCULINO;HERIDOS;0;0;0;;KILOMETRO 1+700;peri;VEREDA PERICO;6.181918932584174, -75.50312154472836;CHOQUE;VEHICULO;NO REPORTADO;NO REPORTADO;Normal;Impericia en el manejo
2201611;15/10/2020;11:00:00 a. m.;Jueves;2020;Octubre;MOTOCICLETA;PARTICULAR;Acompañante;30;FEMENINO;HERIDOS;0;0;0;;KILOMETRO 9+000;el escobero - km 0-13);VEREDA EL ESCOBERO;6.132693917581086, -75.53345940197592;CHOQUE;OBJETO FIJO;OTRO TIPO;NO REPORTADO;Normal;Otra-Conductor
2201612;15/10/2020;11:45:00 a. m.;Jueves;2020;Octubre;MOTOCICLETA;PARTICULAR;Motociclista;40;MASCULINO;HERIDOS;0;0;0;;CARRERA 50 CON CALLE 26 SUR;;LAS VEGAS;6.184920, -75.587152;CHOQUE;VEHICULO;NO REPORTADO;RESIDENCIAL;Normal;No mantener distancia de seguridad
2201613;15/10/2020;7:20:00 p. m.;Jueves;2020;Octubre;MOTOCICLETA;PARTICULAR;Motociclista;51;FEMENINO;HERIDOS;0;0;0;;CARRERA 43A CON CALLE 45 SUR;;LA PAZ;6.165154533275487, -75.59449719995919;CHOQUE;VEHICULO;NO REPORTADO;RESIDENCIAL;Normal;Desobedecer señales
2201614;15/10/2020;6:05:00 p. m.;Jueves;2020;Octubre;MOTOCICLETA;PARTICULAR;Motociclista;27;FEMENINO;HERIDOS;0;0;0;;CALLE 38 SUR CON CARRERA 39;;ZONA CENTRO;6.168595162118459, -75.58531019198124;CHOQUE;VEHICULO;NO REPORTADO;RESIDENCIAL;Normal;Semaforo en rojo
2201615;15/10/2020;7:00:00 p. m.;Jueves;2020;Octubre;CAMIONETA;PARTICULAR;Peaton;51;FEMENINO;HERIDOS;0;0;0;;TRANSVERSAL 34D SUR CON DIAGONAL 33;;OBRERO;6.17111119387187, -75.58316799044613;OTRO;NO REPORTADO;NO REPORTADO;RESIDENCIAL;Normal;Transporte de carga sin seguridad
2201616;16/10/2020;6:20:00 p. m.;Viernes;2020;Octubre;MOTOCICLETA;PARTICULAR;Acompañante;25;FEMENINO;HERIDOS;0;0;0;;CARRERA 40 CON CALLE 48 SUR;;EL TRIANON;6.158896631358484, -75.59471702113369;CHOQUE;VEHICULO;NO REPORTADO;RESIDENCIAL;Normal;Otra-Conductor
2201617;16/10/2020;1:00:00 p. m.;Viernes;2020;Octubre;MOTOCICLETA;PARTICULAR;Motociclista;25;MASCULINO;HERIDOS;0;0;0;;DIAGONAL 30 CON TRANSVERSAL 35C SUR;;LA SEBASTIANA;6.169091094825023, -75.57928479206774;CHOQUE;VEHICULO;NO REPORTADO;RESIDENCIAL;Normal;No respetar prelacion
2201618;16/10/2020;8:58:00 a. m.;Viernes;2020;Octubre;BICICLETA;;Ciclista;47;MASCULINO;HERIDOS;0;0;0;;CARRERA 42B CON CALLE 44B SUR;;LA PAZ;6.16416809592318, -75.59279260362489;CHOQUE;VEHICULO;NO REPORTADO;RESIDENCIAL;Normal;No mantener distancia de seguridad
2201621;16/10/2020;10:17:00 a. m.;Viernes;2020;Octubre;MOTOCICLETA;PARTICULAR;Motociclista;37;MASCULINO;HERIDOS;0;0;0;;CARRERA 48 CON CALLE 50 SUR;;LAS VEGAS;6.162072458716961, -75.60353659646475;CHOQUE;VEHICULO;NO REPORTADO;RESIDENCIAL;Normal;Otra-Conductor