NRO_RADICADO;FECHA_ACCIDENTE;HORA_ACCIDENTE;Día de la semana;AÑO;MES;CLASE_VEHICULO;TIPO_SERVICIO;TIPO_VICTIMA;EDAD;GENERO;GRAVEDAD;ESTADO_BEODEZ;ESTADO_DROGA;RESULTADO_BEODEZ;RESUL_BEODEZ_GRAMOS;DIRECCION_CARACT_VIA;TRAMO_VIA;LOCALIDAD_O_COMUNA;    GEORREFERENCIACIÓN;DESC_CLASE_ACCIDENTE;DESC_CHOQUE_ACCIDENTE;DESC_OBJETO_FIJO;DESC_SECTOR_ACCIDENTE;CONDICION_CLIMATICA;CAUSA_ACCIDENTE
2201627;17/10/2020;8:50:00 p. m.;Sábado;2020;Octubre;MOTOCICLETA;PARTICULAR;Motociclista;23;MASCULINO;HERIDOS;0;0;0;;CARRERA 49 CON CALLE 39 SUR;;LAS VEGAS;6.173773, -75.597180;CHOQUE;VEHICULO;NO REPORTADO;RESIDENCIAL;Normal;Ausencia o deficencia en demarcacion
2201628;16/10/2020;5:10:00 p. m.;Viernes;2020;Octubre;MOTOCICLETA;PARTICULAR;Motociclista;25;MASCULINO;HERIDOS;0;0;0;;CARRERA 50 CON CALLE 30 SUR;;LAS VEGAS;6.180427, -75.590467;CHOQUE;VEHICULO;NO REPORTADO;RESIDENCIAL;Normal;Otra-Conductor
2201637;17/10/2020;6:00:00 p. m.;Sábado;2020;Octubre;MOTOCICLETA;PARTICULAR;Motociclista;25;MASCULINO;HERIDOS;0;0;0;;CARRERA 50 CON CALLE 30 SUR;;LAS VEGAS;6.180427, -75.590467;CHOQUE;VEHICULO;NO REPORTADO;RESIDENCIAL;Normal;Adelantar cerrando
2201649;19/10/2020;6:10:00 p. m.;Lunes;2020;Octubre;MOTOCICLETA;PARTICULAR;Motociclista;49;MASCULINO;HERIDOS;0;0;0;;KILOMETRO 17+850;retiro varia palmas enviga (km 5+43 - km 14+ 550);VEREDA PALMAS;6.146300669590015, -75.52665948523321;CHOQUE;VEHICULO;NO REPORTADO;NO REPORTADO;Normal;Impericia en el manejo
2201650;19/10/2020;5:15:00 p. m.;Lunes;2020;Octubre;MOTOCICLETA;PARTICULAR;Peaton;44;MASCULINO;HERIDOS;0;0;0;;CARRERA 48 CON CALLE 49B SUR;;LAS VEGAS;6.1628862973311875, -75.60286469229773;ATROPELLO;NO REPORTADO;NO REPORTADO;RESIDENCIAL;Normal;Otra-Conductor
2201652;19/10/2020;6:30:00 p. m.;Lunes;2020;Octubre;BUS;PUBLICO;Pasajero;49;MASCULINO;HERIDOS;0;0;0;;CARRERA 49 CON CALLE 25 SUR;;LAS VEGAS;6.187125, -75.584125;CAIDA OCUPANTE;NO REPORTADO;NO REPORTADO;RESIDENCIAL;Normal;Otra-Conductor
2201655;20/10/2020;3:10:00 p. m.;Martes;2020;Octubre;MOTOCICLETA;PARTICULAR;Peaton;25;MASCULINO;HERIDOS;0;0;0;;CARRERA 43A CON CALLE 38A SUR;;ALCALA;6.1697077409398275, -75.58915413115817;ATROPELLO;NO REPORTADO;NO REPORTADO;RESIDENCIAL;Normal;No mantener distancia de seguridad
2201656;20/10/2020;5:40:00 p. m.;Martes;2020;Octubre;MOTOCICLETA;PARTICULAR;Motociclista;32;FEMENINO;HERIDOS;0;0;0;;CARRERA 36 CON CALLE 38A SUR;;MESA;6.1668956629104015, -75.58419217848817;CHOQUE;VEHICULO;NO REPORTADO;RESIDENCIAL;Normal;Desobedecer señales
2201657;20/10/2020;1:30:00 p. m.;Martes;2020;Octubre;MOTOCICLETA;PARTICULAR;Motociclista;19;MASCULINO;HERIDOS;0;0;0;;CARRERA 43A CON CALLE 33 SUR;;SAN MARCOS;6.1737371560198016, -75.58660229032455;CHOQUE;VEHICULO;NO REPORTADO;RESIDENCIAL;Normal;No mantener distancia de seguridad
2201666;21/10/2020;5:20:00 p. m.;Miércoles;2020;Octubre;MOTOCICLETA;PARTICULAR;Motociclista;37;MASCULINO;HERIDOS;0;0;0;;CARRERA 43A CON CALLE 26 SUR;;VILLA GRANDE;6.180789004304473, -75.5829121659384;CAIDA OCUPANTE;NO REPORTADO;NO REPORTADO;RESIDENCIAL;Normal;Impericia en el manejo
2201667;20/10/2020;7:50:00 a. m.;Martes;2020;Octubre;MOTOCICLETA;PARTICULAR;Motociclista;23;MASCULINO;HERIDOS;0;0;0;;CARRERA 48 CON CALLE 50 SUR;;LAS VEGAS;6.162072458716961, -75.60353659646475;CHOQUE;VEHICULO;NO REPORTADO;RESIDENCIAL;Normal;Desobedecer señales
2201685;24/10/2020;11:50:00 p. m.;Sábado;2020;Octubre;MOTOCICLETA;PARTICULAR;Motociclista;21;MASCULINO;HERIDOS;0;0;0;;KILOMETRO 9 + 480;retiro varia palmas enviga (km 5+43 - km 14+ 550);VEREDA PANTANILLO;6.1650049335217565, -75.50197202008127;CAIDA OCUPANTE;NO REPORTADO;NO REPORTADO;NO REPORTADO;Normal;Impericia en el manejo
2201692;25/10/2020;1:10:00 a. m.;Domingo;2020;Octubre;CAMIONETA;PARTICULAR;Acompañante;24;FEMENINO;HERIDOS;0;0;0;;CARRERA 48 CON CALLE 26 SUR 05;;LAS VEGAS;6.183378349955556, -75.58533829925669;CHOQUE;VEHICULO;NO REPORTADO;RESIDENCIAL;Normal;Embriaguez o droga
2201692;25/10/2020;1:10:00 a. m.;Domingo;2020;Octubre;CAMIONETA;PARTICULAR;Conductor;21;MASCULINO;HERIDOS;0;0;0;;CARRERA 48 CON CALLE 26 SUR 05;;LAS VEGAS;6.183378349955556, -75.58533829925669;CHOQUE;VEHICULO;NO REPORTADO;RESIDENCIAL;Normal;Embriaguez o droga
2201696;24/10/2020;6:30:00 p. m.;Sábado;2020;Octubre;MOTOCICLETA;PARTICULAR;Motociclista;27;MASCULINO;HERIDOS;0;0;0;;CALLE 37A SUR CON CARRERA 27B;;LOMA DE LAS BRUJAS;6.1730075055295925, -75.57008530928397;CHOQUE;VEHICULO;NO REPORTADO;RESIDENCIAL;Normal;Girar bruscamente
2201698;26/10/2020;5:30:00 a. m.;Lunes;2020;Octubre;BICICLETA;;Ciclista;33;MASCULINO;HERIDOS;0;0;0;;CALLE 40 SUR CON CARRERA 25AA 20;;EL SALADO;6.1537347022471796, -75.57874843431017;CHOQUE;VEHICULO;NO REPORTADO;RESIDENCIAL;Normal;Impericia en el manejo
2201705;26/10/2020;2:05:00 p. m.;Lunes;2020;Octubre;MOTOCICLETA;PARTICULAR;Motociclista;42;FEMENINO;HERIDOS;0;0;0;;CARRERA 39 CON CALLE 36 SUR 35;;ZONA CENTRO;6.169999697616332, -75.58435934698329;CHOQUE;VEHICULO;NO REPORTADO;RESIDENCIAL;Normal;Desobedecer señales
2201709;27/10/2020;5:30:00 p. m.;Martes;2020;Octubre;MOTOCICLETA;PARTICULAR;Motociclista;22;FEMENINO;HERIDOS;0;0;0;0;DIAGONAL 31E CON TRANSVERSAL 33A SUR 25;;LA MAGNOLIA;6.17417994179582, -75.58120240940873;CAIDA OCUPANTE;NO REPORTADO;NO REPORTADO;RESIDENCIAL;Normal;Falta de precaucion niebla, lluvia, humo
2201711;26/10/2020;3:15:00 p. m.;Lunes;2020;Octubre;MOTOCICLETA;PARTICULAR;Motociclista;27;MASCULINO;HERIDOS;0;0;0;;CALLE 39A SUR CON CARRERA 28-06;;SAN JOSE;6.161341131118617, -75.58049913462587;CHOQUE;VEHICULO;NO REPORTADO;RESIDENCIAL;Normal;Desobedecer señales
2201711;26/10/2020;3:15:00 p. m.;Lunes;2020;Octubre;MOTOCICLETA;PARTICULAR;Motociclista;28;MASCULINO;HERIDOS;0;0;0;;CALLE 39A SUR CON CARRERA 28-06;;SAN JOSE;6.161341131118617, -75.58049913462587;CHOQUE;VEHICULO;NO REPORTADO;RESIDENCIAL;Normal;Desobedecer señales
2201712;26/10/2020;3:30:00 p. m.;Lunes;2020;Octubre;MOTOCICLETA;PARTICULAR;Motociclista;25;MASCULINO;HERIDOS;0;0;0;;CALLE 36D SUR CON CARRERA 24-144;;VEREDA EL ESCOBERO;6.155365914117996, -75.56626189437746;CHOQUE;VEHICULO;NO REPORTADO;RESIDENCIAL;Normal;Desobedecer señales
2201724;29/10/2020;4:55:00 a. m.;Jueves;2020;Octubre;MOTOCICLETA;PARTICULAR;Motociclista;35;MASCULINO;HERIDOS;0;0;0;;CARRERA 43A CON CALLE 48C SUR;;PRIMAVERA;6.162222305860492, -75.5976995886002;CHOQUE;VEHICULO;NO REPORTADO;RESIDENCIAL;Normal;Semaforo en rojo
2201726;29/10/2020;5:00:00 p. m.;Jueves;2020;Octubre;MOTOCICLETA;PARTICULAR;Motociclista;24;MASCULINO;HERIDOS;0;0;0;;CARRERA 50 CON CALLE 32B SUR;;LAS VEGAS;6.178263, -75.591897;CHOQUE;VEHICULO;NO REPORTADO;RESIDENCIAL;Normal;Impericia en el manejo
2201728;30/10/2020;9:30:00 p. m.;Viernes;2020;Octubre;MOTOCICLETA;PARTICULAR;Acompañante;28;FEMENINO;HERIDOS;0;0;0;;DIAGONAL 31C CON TRANSVERSAL 33A SUR 130;;LAS FLORES;6.174250665490709, -75.58038413081674;CAIDA OCUPANTE;NO REPORTADO;NO REPORTADO;RESIDENCIAL;Normal;Otra-Via
2201729;1/11/2020;2:00:00 p. m.;Domingo;2020;Noviembre;MOTOCICLETA;PARTICULAR;Motociclista;37;FEMENINO;HERIDOS;0;0;0;;CARRERA 27 CON CALLE 36 SUR - 199;;LA INMACULADA;6.167203194775815, -75.569362348118;CAIDA OCUPANTE;NO REPORTADO;NO REPORTADO;RESIDENCIAL;Normal;Impericia en el manejo
2201739;31/10/2020;12:12:00 p. m.;Sábado;2020;Octubre;MOTOCICLETA;PARTICULAR;Motociclista;29;MASCULINO;HERIDOS;0;0;0;;CARRERA 43A CON CALLE 44 SUR 38;;LA PAZ;6.16512477250039, -75.59441847257217;CHOQUE;VEHICULO;NO REPORTADO;RESIDENCIAL;Normal;No mantener distancia de seguridad
2201740;2/11/2020;5:20:00 p. m.;Lunes;2020;Noviembre;MOTOCICLETA;PARTICULAR;Acompañante;39;FEMENINO;HERIDOS;0;0;0;;KILOMETRO 12 + 640;retiro varia palmas enviga (km 5+43 - km 14+ 550);VEREDA PALMAS;6.1602276311707875, -75.52276487818169;CHOQUE;VEHICULO;NO REPORTADO;NO REPORTADO;Normal;Adelantar en zona prohibida
2201745;1/11/2020;5:20:00 p. m.;Domingo;2020;Noviembre;MOTOCICLETA;PARTICULAR;Acompañante;25;FEMENINO;HERIDOS;0;0;0;;CALLE 41 SUR CON CARRERA 24C - 08;;LA MINA;6.152620, -75.584801;CHOQUE;VEHICULO;NO REPORTADO;RESIDENCIAL;Normal;Impericia en el manejo
2201745;1/11/2020;5:20:00 p. m.;Domingo;2020;Noviembre;MOTOCICLETA;PARTICULAR;Motociclista;33;MASCULINO;HERIDOS;0;0;0;;CALLE 41 SUR CON CARRERA 24C - 08;;LA MINA;6.152620, -75.584801;CHOQUE;VEHICULO;NO REPORTADO;RESIDENCIAL;Normal;Impericia en el manejo
2201745;1/11/2020;5:20:00 p. m.;Domingo;2020;Noviembre;MOTOCICLETA;PARTICULAR;Motociclista;20;MASCULINO;HERIDOS;0;0;0;;CALLE 41 SUR CON CARRERA 24C - 08;;LA MINA;6.152620, -75.584801;CHOQUE;VEHICULO;NO REPORTADO;RESIDENCIAL;Normal;Impericia en el manejo
2201747;2/11/2020;10:10:00 a. m.;Lunes;2020;Noviembre;MOTOCICLETA;PARTICULAR;Acompañante;29;FEMENINO;HERIDOS;0;0;0;;CARRERA 50 CON CALLE 32B SUR;;LAS VEGAS;6.178263, -75.591897;CHOQUE;VEHICULO;NO REPORTADO;RESIDENCIAL;Normal;No mantener distancia de seguridad
2201747;2/11/2020;10:10:00 a. m.;Lunes;2020;Noviembre;MOTOCICLETA;PARTICULAR;Motociclista;34;MASCULINO;HERIDOS;0;0;0;;CARRERA 50 CON CALLE 32B SUR;;LAS VEGAS;6.178263, -75.591897;CHOQUE;VEHICULO;NO REPORTADO;RESIDENCIAL;Normal;No mantener distancia de seguridad
2201749;2/11/2020;1:00:00 p. m.;Lunes;2020;Noviembre;MOTOCICLETA;PARTICULAR;Motociclista;32;MASCULINO;HERIDOS;0;0;0;;CALLE 36D SUR CON CARRERA 27-160;;LA PRADERA;6.163900863260414, -75.57189833615952;CHOQUE;VEHICULO;NO REPORTADO;RESIDENCIAL;Normal;No mantener distancia de seguridad
2201750;31/10/2020;1:45:00 p. m.;Sábado;2020;Octubre;MOTOCICLETA;PARTICULAR;Peaton;74;MASCULINO;HERIDOS;0;0;0;;CALLE 38 SUR CON CARRERA 43A;;ZONA CENTRO;6.1706926291467665, -75.58874098595419;ATROPELLO;NO REPORTADO;NO REPORTADO;RESIDENCIAL;Normal;Cruzar sin observar  -  Transitar entre vehiculos
2201752;30/10/2020;7:10:00 p. m.;Viernes;2020;Octubre;MOTOCICLETA;PARTICULAR;Peaton;73;MASCULINO;HERIDOS;0;0;0;;CALLE 40C SUR CON CARRERA 29B;;SAN JOSE;6.1611336900463805, -75.58321032636438;ATROPELLO;NO REPORTADO;NO REPORTADO;RESIDENCIAL;Normal;Cruzar sin observar
2201753;30/10/2020;7:10:00 a. m.;Viernes;2020;Octubre;BUSETA;PUBLICO;Pasajero;30;MASCULINO;HERIDOS;0;0;0;;CALLE 36D SUR CON CARRERA 13;;VEREDA EL ESCOBERO;6.153141986832369, -75.56382889058179;CHOQUE;VEHICULO;NO REPORTADO;RESIDENCIAL;Normal;Falta de precaucion niebla, lluvia, humo
2201754;3/11/2020;8:30:00 p. m.;Martes;2020;Noviembre;MOTOCICLETA;PARTICULAR;Peaton;37;FEMENINO;HERIDOS;0;0;0;;CARRERA 48 CON CALLE 50 SUR;;LAS VEGAS;6.162072458716961, -75.60353659646475;ATROPELLO;NO REPORTADO;NO REPORTADO;RESIDENCIAL;Normal;Cruzar sin observar
2201754;3/11/2020;8:30:00 p. m.;Martes;2020;Noviembre;MOTOCICLETA;PARTICULAR;Peaton;44;MASCULINO;HERIDOS;0;0;0;;CARRERA 48 CON CALLE 50 SUR;;LAS VEGAS;6.162072458716961, -75.60353659646475;ATROPELLO;NO REPORTADO;NO REPORTADO;RESIDENCIAL;Normal;Cruzar sin observar
2201757;3/11/2020;6:20:00 p. m.;Martes;2020;Noviembre;MOTOCICLETA;PARTICULAR;Motociclista;33;MASCULINO;HERIDOS;0;0;0;0;CALLE 27 SUR CON CARRERA 28;;ALTO DE MISAEL;6.177083946305106, -75.57636727473223;OTRO;NO REPORTADO;NO REPORTADO;RESIDENCIAL;Normal;Impericia en el manejo
2201758;3/11/2020;8:40:00 a. m.;Martes;2020;Noviembre;MOTOCICLETA;OFICIAL;Motociclista;29;MASCULINO;HERIDOS;0;0;0;;KILOMETRO 4+150;catedral;VEREDA EL VALLANO;6.127783226695654, -75.58656237566116;CHOQUE;VEHICULO;NO REPORTADO;NO REPORTADO;Normal;Impericia en el manejo
2201758;3/11/2020;8:40:00 a. m.;Martes;2020;Noviembre;MOTOCICLETA;OFICIAL;Acompañante;28;MASCULINO;HERIDOS;0;0;0;;KILOMETRO 4+150;catedral;VEREDA EL VALLANO;6.127783226695654, -75.58656237566116;CHOQUE;VEHICULO;NO REPORTADO;NO REPORTADO;Normal;Impericia en el manejo
2201759;5/11/2020;9:40:00 a. m.;Jueves;2020;Noviembre;BUS;PUBLICO;Peaton;63;FEMENINO;HERIDOS;0;0;0;;CALLE 45A SUR CON CARRERA 42B;;LA PAZ;6.163595924796439, -75.59348857280081;ATROPELLO;NO REPORTADO;NO REPORTADO;RESIDENCIAL;Normal;Impericia en el manejo
2201760;4/11/2020;7:10:00 p. m.;Miércoles;2020;Noviembre;AUTOMOVIL;PARTICULAR;Peaton;56;MASCULINO;HERIDOS;0;0;0;;CARRERA 50 CON CALLE 30 SUR;;LAS VEGAS;6.180427, -75.590467;ATROPELLO;NO REPORTADO;NO REPORTADO;RESIDENCIAL;Normal;Transitar por la calzada
2201761;3/11/2020;12:30:00 p. m.;Martes;2020;Noviembre;MOTOCICLETA;PARTICULAR;Motociclista;20;MASCULINO;HERIDOS;1;0;2;140;CARRERA 43A CON CALLE 40C SUR;;PRIMAVERA;6.168274022155098, -75.59002022860146;CHOQUE;VEHICULO;NO REPORTADO;RESIDENCIAL;Normal;Otra-Conductor
2201761;3/11/2020;12:30:00 p. m.;Martes;2020;Noviembre;MOTOCICLETA;PARTICULAR;Motociclista;21;MASCULINO;HERIDOS;0;0;0;;CARRERA 43A CON CALLE 40C SUR;;PRIMAVERA;6.168274022155098, -75.59002022860146;CHOQUE;VEHICULO;NO REPORTADO;RESIDENCIAL;Normal;Otra-Conductor
2201762;2/11/2020;6:40:00 p. m.;Lunes;2020;Noviembre;BICICLETA;;Acompañante;20;MASCULINO;HERIDOS;0;0;0;;CALLE 39D SUR CON CARRERA 25;;EL CHINGUÍ;6.1538184032621155, -75.57731414780321;CHOQUE;VEHICULO;NO REPORTADO;RESIDENCIAL;Normal;Transitar en contravia
2201762;2/11/2020;6:40:00 p. m.;Lunes;2020;Noviembre;BICICLETA;;Ciclista;17;MASCULINO;HERIDOS;0;0;0;;CALLE 39D SUR CON CARRERA 25;;EL CHINGUÍ;6.1538184032621155, -75.57731414780321;CHOQUE;VEHICULO;NO REPORTADO;RESIDENCIAL;Normal;Transitar en contravia
2201764;6/11/2020;5:00:00 p. m.;Viernes;2020;Noviembre;CAMIONETA;PARTICULAR;Conductor;57;MASCULINO;HERIDOS;0;0;0;;CALLE 40 SUR CON CARRERA 23A;;EL SALADO;6.142179020448705, -75.5743024210384;CAIDA OCUPANTE;NO REPORTADO;NO REPORTADO;RESIDENCIAL;Normal;Estacionar sin seguridad  -  Otra-Peaton
2201765;5/11/2020;10:42:00 a. m.;Jueves;2020;Noviembre;MOTOCICLETA;PARTICULAR;Peaton;61;MASCULINO;HERIDOS;0;0;0;;CALLE 38 SUR CON CARRERA 39;;ZONA CENTRO;6.168339154598252, -75.58522435554202;ATROPELLO;NO REPORTADO;NO REPORTADO;RESIDENCIAL;Normal;Otra-Peatón
2201766;5/11/2020;3:00:00 p. m.;Jueves;2020;Noviembre;MOTOCICLETA;PARTICULAR;Motociclista;31;MASCULINO;HERIDOS;0;0;0;;CARRERA 50 CON CALLE 29 SUR;;LAS VEGAS;6.182371, -75.589334;CAIDA OCUPANTE;NO REPORTADO;NO REPORTADO;RESIDENCIAL;Normal;Impericia en el manejo
2201767;7/11/2020;11:15:00 p. m.;Sábado;2020;Noviembre;CAMPERO;PARTICULAR;Peaton;61;MASCULINO;HERIDOS;0;0;0;;CALLE 37 SUR CON DIAGONAL 31;;LA PRADERA;6.1659299055643295, -75.58026839273028;ATROPELLO;NO REPORTADO;NO REPORTADO;RESIDENCIAL;Normal;Pararse sobre la calzada
2201772;3/11/2020;8:40:00 a. m.;Martes;2020;Noviembre;MOTOCICLETA;PARTICULAR;Motociclista;25;MASCULINO;HERIDOS;0;0;0;;KILOMETRO 1;el escobero - km 0-13);VEREDA EL ESCOBERO;6.14660615160235, -75.56145197638465;OTRO;NO REPORTADO;NO REPORTADO;NO REPORTADO;Normal;Impericia en el manejo
2201776;7/11/2020;8:55:00 a. m.;Sábado;2020;Noviembre;MOTOCICLETA;PARTICULAR;Motociclista;23;MASCULINO;HERIDOS;0;0;0;;TRANSVERSAL 34 SUR CON DIAGONAL 32;;LA MAGNOLIA;6.173708253509759, -75.58170981235769;CHOQUE;VEHICULO;NO REPORTADO;RESIDENCIAL;Normal;Otra-Conductor
2201779;7/11/2020;1:15:00 p. m.;Sábado;2020;Noviembre;TRICICLO;;Motociclista;15;MASCULINO;HERIDOS;0;0;0;;CARRERA 43A CON CALLE 38 SUR;;ALCALA;6.170469844548444, -75.58864056631975;CHOQUE;VEHICULO;NO REPORTADO;RESIDENCIAL;Normal;Subirse al anden o vias peatonales
2201792;8/11/2020;12:00:00 p. m.;Domingo;2020;Noviembre;MOTOCICLETA;PARTICULAR;Acompañante;19;FEMENINO;HERIDOS;0;0;0;;KILOMETRO 8+750;peri;VEREDA PERICO;6.170752, -75.500305;CHOQUE;VEHICULO;NO REPORTADO;NO REPORTADO;Normal;No mantener distancia de seguridad
2201793;6/11/2020;3:30:00 p. m.;Viernes;2020;Noviembre;MOTOCICLETA;PARTICULAR;Motociclista;26;FEMENINO;HERIDOS;0;0;0;;CARRERA 50 CON CALLE 43 SUR;;LAS VEGAS;6.171018, -75.600755;CAIDA OCUPANTE;NO REPORTADO;NO REPORTADO;RESIDENCIAL;Normal;Huecos  -  Impericia en el manejo
2201799;9/11/2020;6:00:00 p. m.;Lunes;2020;Noviembre;MOTOCICLETA;PARTICULAR;Motociclista;41;FEMENINO;HERIDOS;0;0;0;;CALLE 24 SUR CON CARRERA 38;;ZUÑIGA;6.177938290514777, -75.57271326460267;CHOQUE;VEHICULO;NO REPORTADO;RESIDENCIAL;Normal;Impericia en el manejo
2201800;6/11/2020;1:00:00 p. m.;Viernes;2020;Noviembre;AUTOMOVIL;PARTICULAR;Acompañante;38;FEMENINO;HERIDOS;0;0;0;;CALLE 36D SUR CARRERA 25;;VEREDA EL ESCOBERO;6.158143030816137, -75.56706865944672;CHOQUE;OBJETO FIJO;OTRO TIPO;RESIDENCIAL;Normal;Impericia en el manejo
2201801;4/11/2020;7:35:00 p. m.;Miércoles;2020;Noviembre;CAMPERO;PARTICULAR;Conductor;30;FEMENINO;HERIDOS;0;0;0;;KILOMETRO 11+380;retiro varia palmas enviga (km 5+43 - km 14+ 550);VEREDA PALMAS;6.163037837380483, -75.514924049221;CHOQUE;OBJETO FIJO;POSTE;NO REPORTADO;Lluvia;Impericia en el manejo
2201812;10/11/2020;2:50:00 p. m.;Martes;2020;Noviembre;MOTOCICLETA;PARTICULAR;Motociclista;32;FEMENINO;HERIDOS;0;0;0;;CALLE 38A SUR CON CARRERA 41;;ZONA CENTRO;6.16854869443766, -75.58701474780311;CHOQUE;VEHICULO;NO REPORTADO;RESIDENCIAL;Normal;No mantener distancia de seguridad
2201818;9/11/2020;1:50:00 p. m.;Lunes;2020;Noviembre;BICICLETA;;Ciclista;11;MASCULINO;HERIDOS;0;0;0;;KILOMETRO 19;medellÃn palmas envigado (km 12 - km 16+700);VEREDA PALMAS;6.143359043858601, -75.52412682735776;CHOQUE;VEHICULO;NO REPORTADO;NO REPORTADO;Normal;Desobedecer señales  -  Impericia en el manejo
2201822;13/11/2020;7:15:00 a. m.;Viernes;2020;Noviembre;MOTOCICLETA;PARTICULAR;Motociclista;70;MASCULINO;HERIDOS;0;0;0;;CALLE 39 SUR CON CARRERA 25B;;EL SALADO;6.170637321904079, -75.59263814389541;VOLCAMIENTO;NO REPORTADO;NO REPORTADO;RESIDENCIAL;Lluvia;Impericia en el manejo
2201823;12/11/2020;5:40:00 p. m.;Jueves;2020;Noviembre;BICICLETA;;Peaton;66;MASCULINO;HERIDOS;0;0;0;;CALLE 39B SUR CON CARRERA 37;;MESA;6.165739391151173, -75.58561067258431;ATROPELLO;NO REPORTADO;NO REPORTADO;RESIDENCIAL;Normal;Transitar en contravia
2201824;15/11/2020;5:30:00 p. m.;Domingo;2020;Noviembre;MOTOCICLETA;PARTICULAR;Motociclista;23;MASCULINO;HERIDOS;0;0;0;;CARRERA 50 CON CALLE 46A SUR;;LAS VEGAS;6.168548, -75.602176;CAIDA OCUPANTE;NO REPORTADO;NO REPORTADO;RESIDENCIAL;Normal;Impericia en el manejo
2201825;14/11/2020;9:30:00 p. m.;Sábado;2020;Noviembre;MOTOCICLETA;PARTICULAR;Acompañante;26;FEMENINO;HERIDOS;0;0;0;;DIAGONAL 30 CON TRANSVERSAL 34F SUR;;LA SEBASTIANA;6.170062360965708, -75.57854750935812;CHOQUE;VEHICULO;NO REPORTADO;RESIDENCIAL;Normal;Adelantar en curva
2201826;12/11/2020;10:20:00 a. m.;Jueves;2020;Noviembre;MOTOCICLETA;PARTICULAR;Motociclista;27;MASCULINO;HERIDOS;0;0;0;;CARRERA 43A  CON CALLE 34 SUR;;SAN MARCOS;6.173188126328536, -75.58704173255228;CHOQUE;VEHICULO;NO REPORTADO;RESIDENCIAL;Normal;Adelantar por la derecha  -  Otra-Pasajero-Acompañante
2201827;12/11/2020;3:45:00 p. m.;Jueves;2020;Noviembre;MOTOCICLETA;PARTICULAR;Peaton;61;MASCULINO;HERIDOS;0;0;0;;CALLE 40B SUR CON CARRERA 27B;;LA MINA;6.159007026270907, -75.58174684154987;ATROPELLO;NO REPORTADO;NO REPORTADO;RESIDENCIAL;Normal;Cruzar sin observar  -  Impericia en el manejo
2201831;15/11/2020;5:30:00 p. m.;Domingo;2020;Noviembre;MOTOCICLETA;PARTICULAR;Motociclista;56;MASCULINO;HERIDOS;0;0;0;;CALLE 45B SUR CON CARRERA 37;;LAS ANTILLAS;6.157680643515507, -75.5890796543242;CAIDA OCUPANTE;NO REPORTADO;NO REPORTADO;RESIDENCIAL;Normal;Impericia en el manejo
2201837;13/11/2020;10:30:00 a. m.;Viernes;2020;Noviembre;AUTOMOVIL;PARTICULAR;Acompañante;43;FEMENINO;HERIDOS;0;0;0;;CALLE 41 SUR CON CARRERA 48;;MILAN VALLEJUELOS;6.169202618949316, -75.59637673066894;CHOQUE;VEHICULO;NO REPORTADO;RESIDENCIAL;Normal;No mantener distancia de seguridad
2201840;16/11/2020;9:00:00 p. m.;Lunes;2020;Noviembre;MOTOCICLETA;PARTICULAR;Motociclista;36;MASCULINO;HERIDOS;0;0;0;;CARRERA 48 CON CALLE 46 SUR;;LAS VEGAS;6.16644712875881, -75.5993127767276;CHOQUE;VEHICULO;NO REPORTADO;RESIDENCIAL;Lluvia;No mantener distancia de seguridad
2201856;17/11/2020;10:20:00 p. m.;Martes;2020;Noviembre;MOTOCICLETA;PARTICULAR;Motociclista;35;FEMENINO;HERIDOS;0;0;0;;CARRERA 48 CON CALLE 32B SUR;;LAS VEGAS;6.1771312587881235, -75.59004749247258;CHOQUE;VEHICULO;NO REPORTADO;RESIDENCIAL;Normal;Impericia en el manejo  -  No mantener distancia de seguridad
2201856;17/11/2020;10:20:00 p. m.;Martes;2020;Noviembre;MOTOCICLETA;PARTICULAR;Motociclista;45;MASCULINO;HERIDOS;0;0;0;;CARRERA 48 CON CALLE 32B SUR;;LAS VEGAS;6.1771312587881235, -75.59004749247258;CHOQUE;VEHICULO;NO REPORTADO;RESIDENCIAL;Normal;Impericia en el manejo  -  No mantener distancia de seguridad
2201857;17/11/2020;2:30:00 p. m.;Martes;2020;Noviembre;MOTOCICLETA;PARTICULAR;Motociclista;53;MASCULINO;HERIDOS;0;0;0;;CARRERA 40 CON CALLE 39 SUR;;ZONA CENTRO;6.167536195350915, -75.5868560784882;CHOQUE;VEHICULO;NO REPORTADO;RESIDENCIAL;Normal;Adelantar invadiendo carril del mismo sentido en zigzag
2201858;18/11/2020;7:30:00 a. m.;Miércoles;2020;Noviembre;MOTOCICLETA;PARTICULAR;Motociclista;22;FEMENINO;HERIDOS;0;0;0;;CARRERA 50 CON CALLE 46A SUR;;LAS VEGAS;6.168548, -75.602176;CHOQUE;VEHICULO;NO REPORTADO;RESIDENCIAL;Normal;Impericia en el manejo
2201858;18/11/2020;7:30:00 a. m.;Miércoles;2020;Noviembre;MOTOCICLETA;PARTICULAR;Motociclista;23;MASCULINO;HERIDOS;0;0;0;;CARRERA 50 CON CALLE 46A SUR;;LAS VEGAS;6.168548, -75.602176;CHOQUE;VEHICULO;NO REPORTADO;RESIDENCIAL;Normal;Impericia en el manejo
2201863;19/11/2020;9:00:00 a. m.;Jueves;2020;Noviembre;MOTOCICLETA;PARTICULAR;Motociclista;22;MASCULINO;HERIDOS;0;0;0;;CARRERA 50 CON CALLE 30 SUR;;LAS VEGAS;6.180427, -75.590467;CHOQUE;VEHICULO;NO REPORTADO;RESIDENCIAL;Normal;Adelantar por la derecha