NRO_RADICADO;FECHA_ACCIDENTE;HORA_ACCIDENTE;Día de la semana;AÑO;MES;CLASE_VEHICULO;TIPO_SERVICIO;TIPO_VICTIMA;EDAD;GENERO;GRAVEDAD;ESTADO_BEODEZ;ESTADO_DROGA;RESULTADO_BEODEZ;RESUL_BEODEZ_GRAMOS;DIRECCION_CARACT_VIA;TRAMO_VIA;LOCALIDAD_O_COMUNA;    GEORREFERENCIACIÓN;DESC_CLASE_ACCIDENTE;DESC_CHOQUE_ACCIDENTE;DESC_OBJETO_FIJO;DESC_SECTOR_ACCIDENTE;CONDICION_CLIMATICA;CAUSA_ACCIDENTE
2201864;18/11/2020;10:30:00 p. m.;Miércoles;2020;Noviembre;AUTOMOVIL;PUBLICO;Pasajero;22;FEMENINO;HERIDOS;0;0;0;;CARRERA 50 CON CALLE 25A SUR;;LAS VEGAS;6.186597, -75.584900;CHOQUE;VEHICULO;NO REPORTADO;RESIDENCIAL;Normal;No mantener distancia de seguridad
2201872;21/11/2020;11:15:00 a. m.;Sábado;2020;Noviembre;MOTOCICLETA;PARTICULAR;Peaton;53;FEMENINO;HERIDOS;0;0;0;;CARRERA 50 CON CALLE 37 SUR;;LAS VEGAS;6.175135, -75.595369;ATROPELLO;NO REPORTADO;NO REPORTADO;RESIDENCIAL;Normal;Cruzar sin observar
2201873;21/11/2020;3:25:00 p. m.;Sábado;2020;Noviembre;MOTOCICLETA;PARTICULAR;Motociclista;34;FEMENINO;HERIDOS;0;0;0;;CALLE 37 SUR CON DIAGONAL 31;;LA PRADERA;6.1659299055643295, -75.58026839273028;OTRO;NO REPORTADO;NO REPORTADO;RESIDENCIAL;Normal;Impericia en el manejo
2201874;20/11/2020;10:05:00 p. m.;Viernes;2020;Noviembre;MOTOCICLETA;PARTICULAR;Motociclista;44;FEMENINO;HERIDOS;0;0;0;;CARRERA 42 CON CALLE 38A SUR ;;ZONA CENTRO;6.169204194898023, -75.5877571901317;CHOQUE;VEHICULO;NO REPORTADO;RESIDENCIAL;Lluvia;Otra-Conductor
2201875;18/11/2020;5:19:00 a. m.;Miércoles;2020;Noviembre;MOTOCICLETA;PARTICULAR;Motociclista;47;MASCULINO;HERIDOS;0;0;0;;TRANSVERSAL 32 SUR CON DIAGONAL 32B;;LA MAGNOLIA;6.176098725153225, -75.58353396323268;CHOQUE;VEHICULO;NO REPORTADO;RESIDENCIAL;Normal;Desobedecer señales  -  Impericia en el manejo
2201876;19/11/2020;7:50:00 p. m.;Jueves;2020;Noviembre;BUSETA;PUBLICO;Peaton;23;MASCULINO;HERIDOS;0;0;0;;CALLE 43 SUR CON CARRERA 48;;LAS VEGAS;6.168694155899655, -75.59718051504461;ATROPELLO;NO REPORTADO;NO REPORTADO;RESIDENCIAL;Normal;Cruzar sin observar
2201889;22/11/2020;10:50:00 a. m.;Domingo;2020;Noviembre;BICICLETA;;Ciclista;44;MASCULINO;HERIDOS;0;0;0;;CALLE 40 SUR CON CARRERA 24D;;EL SALADO;6.147425770998752, -75.57651329198151;CHOQUE;VEHICULO;NO REPORTADO;RESIDENCIAL;Normal;Transitar distante de la acera u orilla 
2201893;22/11/2020;4:40:00 p. m.;Domingo;2020;Noviembre;MOTOCICLETA;PARTICULAR;Acompañante;29;FEMENINO;HERIDOS;0;0;0;;KILOMETRO 7+600;retiro varia palmas enviga (km 5+43 - km 14+ 550);VEREDA PERICO;6.174557414119948, -75.49302052363888;CHOQUE;VEHICULO;NO REPORTADO;NO REPORTADO;Normal;Desobedecer señales  -  Impericia en el manejo
2201893;22/11/2020;4:40:00 p. m.;Domingo;2020;Noviembre;MOTOCICLETA;PARTICULAR;Motociclista;30;MASCULINO;HERIDOS;0;0;0;;KILOMETRO 7+600;retiro varia palmas enviga (km 5+43 - km 14+ 550);VEREDA PERICO;6.174557414119948, -75.49302052363888;CHOQUE;VEHICULO;NO REPORTADO;NO REPORTADO;Normal;Desobedecer señales  -  Impericia en el manejo
2201893;22/11/2020;4:40:00 p. m.;Domingo;2020;Noviembre;MOTOCICLETA;PARTICULAR;Motociclista;36;MASCULINO;HERIDOS;0;0;0;;KILOMETRO 7+600;retiro varia palmas enviga (km 5+43 - km 14+ 550);VEREDA PERICO;6.174557414119948, -75.49302052363888;CHOQUE;VEHICULO;NO REPORTADO;NO REPORTADO;Normal;Desobedecer señales  -  Impericia en el manejo
2201895;19/11/2020;1:00:00 p. m.;Jueves;2020;Noviembre;MOTOCICLETA;PARTICULAR;Motociclista;25;MASCULINO;HERIDOS;0;0;0;;CARRERA 29A CON CALLE 39 SUR;;SAN JOSE;6.161226490946359, -75.57997787552901;CHOQUE;VEHICULO;NO REPORTADO;RESIDENCIAL;Normal;Semaforo en rojo
2201895;19/11/2020;1:00:00 p. m.;Jueves;2020;Noviembre;MOTOCICLETA;PARTICULAR;Motociclista;25;MASCULINO;HERIDOS;0;0;0;;CARRERA 29A CON CALLE 39 SUR;;SAN JOSE;6.161226490946359, -75.57997787552901;CHOQUE;VEHICULO;NO REPORTADO;RESIDENCIAL;Normal;Semaforo en rojo
2201897;24/11/2020;3:50:00 p. m.;Martes;2020;Noviembre;CAMIONETA;PUBLICO;Pasajero;18;FEMENINO;HERIDOS;0;0;0;;KILOMETRO 3+650;el escobero - km 0-13);VEREDA EL ESCOBERO;6.131822682942017, -75.55280805903986;VOLCAMIENTO;NO REPORTADO;NO REPORTADO;NO REPORTADO;Normal;Fallas en las llantas  -  Impericia en el manejo
2201897;24/11/2020;3:50:00 p. m.;Martes;2020;Noviembre;CAMIONETA;PUBLICO;Conductor;41;MASCULINO;MUERTOS;0;0;0;;KILOMETRO 3+650;el escobero - km 0-13);VEREDA EL ESCOBERO;6.131822682942017, -75.55280805903986;VOLCAMIENTO;NO REPORTADO;NO REPORTADO;NO REPORTADO;Normal;Fallas en las llantas  -  Impericia en el manejo
2201900;23/11/2020;4:30:00 p. m.;Lunes;2020;Noviembre;MOTOCICLETA;PARTICULAR;Motociclista;44;MASCULINO;HERIDOS;0;0;0;;CARRERA 50 CON CALLE 26 SUR;;LAS VEGAS;6.184920, -75.587152;CHOQUE;VEHICULO;NO REPORTADO;RESIDENCIAL;Normal;No mantener distancia de seguridad
2201902;24/11/2020;5:15:00 a. m.;Martes;2020;Noviembre;MOTOCICLETA;PARTICULAR;Motociclista;25;MASCULINO;HERIDOS;0;0;0;;DIAGONAL 31C CON TRANSVERSAL 32D SUR;;LAS FLORES;6.174980366789366, -75.58050581348338;CHOQUE;VEHICULO;NO REPORTADO;RESIDENCIAL;Normal;Adelantar invadiendo carril del mismo sentido en zigzag
2201903;25/11/2020;8:10:00 p. m.;Miércoles;2020;Noviembre;MOTOCICLETA;PARTICULAR;Motociclista;51;MASCULINO;MUERTOS;0;0;0;;TRANSVERSAL 34D SUR CON DIAGONAL31C;;LA SEBASTIANA;6.172014, -75.580082;CHOQUE;VEHICULO;NO REPORTADO;RESIDENCIAL;Normal;Otra-Conductor
2201904;24/11/2020;7:10:00 p. m.;Martes;2020;Noviembre;AUTOMOVIL;PARTICULAR;Acompañante;54;FEMENINO;HERIDOS;0;0;0;;CARRERA 48 CON CALLE 37 SUR;;LAS VEGAS;6.173473352424915, -75.59256588595376;CHOQUE;VEHICULO;NO REPORTADO;RESIDENCIAL;Normal;No mantener distancia de seguridad
2201931;26/11/2020;11:00:00 p. m.;Jueves;2020;Noviembre;AUTOMOVIL;;Peaton;55;MASCULINO;HERIDOS;0;0;0;;CARRERA 50 CON CALLE 37 SUR;;LAS VEGAS;6.175135, -75.595369;ATROPELLO;NO REPORTADO;NO REPORTADO;RESIDENCIAL;Normal;Transitar por la calzada
2201948;28/11/2020;12:00:00 p. m.;Sábado;2020;Noviembre;BICICLETA;;Ciclista;31;MASCULINO;HERIDOS;0;0;0;;KILOMETRO 4;catedral;VEREDA EL VALLANO;6.127988324263455, -75.5869412346662;CHOQUE;VEHICULO;NO REPORTADO;NO REPORTADO;Normal;Impericia en el manejo
2201949;30/11/2020;11:30:00 p. m.;Lunes;2020;Noviembre;MOTOCICLETA;PARTICULAR;Motociclista;25;MASCULINO;HERIDOS;0;0;0;;CARRERA 50 CON CALLE 50 SUR;;LAS VEGAS;6.162818, -75.604956;CHOQUE;OBJETO FIJO;OTRO TIPO;RESIDENCIAL;Normal;Impericia en el manejo
2201949;30/11/2020;11:30:00 p. m.;Lunes;2020;Noviembre;MOTOCICLETA;PARTICULAR;Acompañante;20;FEMENINO;HERIDOS;0;0;0;;CARRERA 50 CON CALLE 50 SUR;;LAS VEGAS;6.162818, -75.604956;CHOQUE;OBJETO FIJO;OTRO TIPO;RESIDENCIAL;Normal;Impericia en el manejo
2201950;1/12/2020;12:20:00 a. m.;Martes;2020;Diciembre;CAMIONETA;PARTICULAR;Conductor;30;MASCULINO;HERIDOS;0;0;0;;KILOMETRO 3+500;el escobero - km 0-13);VEREDA EL ESCOBERO;6.132425978734824, -75.5532746656076;CHOQUE;OBJETO FIJO;BARANDA;NO REPORTADO;Lluvia;Impericia en el manejo
2201952;30/11/2020;3:20:00 p. m.;Lunes;2020;Noviembre;MOTOCICLETA;PARTICULAR;Motociclista;36;MASCULINO;HERIDOS;0;0;0;;CARRERA 27 CON CALLE 22 SUR;;ZUÑIGA;6.1771905782343035, -75.56753651176744;CHOQUE;VEHICULO;NO REPORTADO;RESIDENCIAL;Lluvia;No respetar prelacion
2201953;29/11/2020;3:45:00 p. m.;Domingo;2020;Noviembre;MOTOCICLETA;PARTICULAR;Motociclista;31;MASCULINO;HERIDOS;0;0;0;;KILOMETRO 12+200;retiro varia palmas enviga (km 5+43 - km 14+ 550);VEREDA PALMAS;6.158672500384351, -75.51924929200327;CHOQUE;VEHICULO;NO REPORTADO;NO REPORTADO;Normal;Desobedecer señales  -  Poner en marcha un vehiculo sin precauci
2201953;29/11/2020;3:45:00 p. m.;Domingo;2020;Noviembre;MOTOCICLETA;PARTICULAR;Acompañante;33;FEMENINO;HERIDOS;0;0;0;;KILOMETRO 12+200;retiro varia palmas enviga (km 5+43 - km 14+ 550);VEREDA PALMAS;6.158672500384351, -75.51924929200327;CHOQUE;VEHICULO;NO REPORTADO;NO REPORTADO;Normal;Desobedecer señales  -  Poner en marcha un vehiculo sin precauci
2201954;26/11/2020;2:55:00 p. m.;Jueves;2020;Noviembre;MOTOCICLETA;PARTICULAR;Acompañante;25;FEMENINO;HERIDOS;0;0;0;;CARRERA 25 CON CALLE 36D SUR;;VEREDA EL ESCOBERO;6.157257394048563, -75.56752409931501;CAIDA OCUPANTE;NO REPORTADO;NO REPORTADO;RESIDENCIAL;Normal;Impericia en el manejo
2201955;30/11/2020;7:30:00 p. m.;Lunes;2020;Noviembre;MOTOCICLETA;PARTICULAR;Motociclista;28;FEMENINO;HERIDOS;0;0;0;;CARRERA 48 CON CALLE 20 SUR;;LAS VEGAS;6.186175319364141, -75.58233680629262;CHOQUE;VEHICULO;NO REPORTADO;RESIDENCIAL;Normal;Otra-Conductor
2201974;2/12/2020;12:05:00 p. m.;Miércoles;2020;Diciembre;MOTOCICLETA;PARTICULAR;Motociclista;23;MASCULINO;HERIDOS;0;0;0;;CARRERA 50 CON CALLE 26 SUR;;LAS VEGAS;6.184920, -75.587152;CHOQUE;VEHICULO;NO REPORTADO;RESIDENCIAL;Normal;Impericia en el manejo
2201975;2/12/2020;7:00:00 p. m.;Miércoles;2020;Diciembre;MOTOCICLETA;PARTICULAR;Motociclista;54;FEMENINO;HERIDOS;0;0;0;;CARRERA 48 CON CALLE 25 SUR;;LAS VEGAS;6.185476183699448, -75.58319317022531;CHOQUE;VEHICULO;NO REPORTADO;RESIDENCIAL;Normal;Semaforo en rojo
2201980;6/12/2020;11:30:00 p. m.;Domingo;2020;Diciembre;MOTOCICLETA;PARTICULAR;Motociclista;42;FEMENINO;HERIDOS;0;0;0;;CARRERA 43A CON CALLE 25A SUR;;VILLA GRANDE;6.181527132238276, -75.5819908748715;CHOQUE;VEHICULO;NO REPORTADO;RESIDENCIAL;Normal;Semaforo en rojo
2201981;7/12/2020;9:10:00 p. m.;Lunes;2020;Diciembre;MOTOCICLETA;PARTICULAR;Motociclista;40;MASCULINO;HERIDOS;0;0;0;;DIAGONAL 33 CON TRABSVERSAL 34E SUR 53;;LOS NARANJOS;6.169975830499683, -75.5826544174381;CHOQUE;VEHICULO;NO REPORTADO;RESIDENCIAL;Normal;Impericia en el manejo
2201981;7/12/2020;9:10:00 p. m.;Lunes;2020;Diciembre;MOTOCICLETA;PARTICULAR;Acompañante;40;FEMENINO;HERIDOS;0;0;0;;DIAGONAL 33 CON TRABSVERSAL 34E SUR 53;;LOS NARANJOS;6.169975830499683, -75.5826544174381;CHOQUE;VEHICULO;NO REPORTADO;RESIDENCIAL;Normal;Impericia en el manejo
2201981;7/12/2020;9:10:00 p. m.;Lunes;2020;Diciembre;MOTOCICLETA;PARTICULAR;Motociclista;32;MASCULINO;HERIDOS;1;0;3;207;DIAGONAL 33 CON TRABSVERSAL 34E SUR 53;;LOS NARANJOS;6.169975830499683, -75.5826544174381;CHOQUE;VEHICULO;NO REPORTADO;RESIDENCIAL;Normal;Impericia en el manejo
2201982;5/12/2020;8:20:00 a. m.;Sábado;2020;Diciembre;MOTOCICLETA;PARTICULAR;Acompañante;40;FEMENINO;HERIDOS;0;0;0;;CARRERA 43A CON CALLE 27A SUR 11;;VILLA GRANDE;6.179112089157528, -75.5837477274061;CAIDA OCUPANTE;NO REPORTADO;NO REPORTADO;RESIDENCIAL;Normal;Impericia en el manejo
2201983;5/12/2020;9:40:00 p. m.;Sábado;2020;Diciembre;MOTOCICLETA;PARTICULAR;Motociclista;24;MASCULINO;HERIDOS;0;0;0;;CARRERA 50 CON CALLE 32B SUR;;LAS VEGAS;6.178263, -75.591897;CHOQUE;VEHICULO;NO REPORTADO;RESIDENCIAL;Normal;No mantener distancia de seguridad
2201983;5/12/2020;9:40:00 p. m.;Sábado;2020;Diciembre;MOTOCICLETA;PARTICULAR;Acompañante;28;FEMENINO;HERIDOS;0;0;0;;CARRERA 50 CON CALLE 32B SUR;;LAS VEGAS;6.178263, -75.591897;CHOQUE;VEHICULO;NO REPORTADO;RESIDENCIAL;Normal;No mantener distancia de seguridad
2201984;6/12/2020;11:40:00 p. m.;Domingo;2020;Diciembre;MOTOCICLETA;PARTICULAR;Motociclista;30;MASCULINO;HERIDOS;0;0;0;;CARRERA 43A CON CALLE 45 SUR;;LA PAZ;6.165154533275487, -75.59449719995919;CHOQUE;VEHICULO;NO REPORTADO;RESIDENCIAL;Normal;Semaforo en rojo
2201985;5/12/2020;4:40:00 p. m.;Sábado;2020;Diciembre;MOTOCICLETA;PARTICULAR;Acompañante;31;FEMENINO;HERIDOS;0;0;0;;CARRERA 48 CON CALLE 30 SUR;;LAS VEGAS;6.179496718217783, -75.58819458527805;CHOQUE;VEHICULO;NO REPORTADO;RESIDENCIAL;Normal;No mantener distancia de seguridad
2201985;5/12/2020;4:40:00 p. m.;Sábado;2020;Diciembre;MOTOCICLETA;PARTICULAR;Motociclista;25;MASCULINO;HERIDOS;0;0;0;;CARRERA 48 CON CALLE 30 SUR;;LAS VEGAS;6.179496718217783, -75.58819458527805;CHOQUE;VEHICULO;NO REPORTADO;RESIDENCIAL;Normal;No mantener distancia de seguridad
2201986;5/12/2020;10:30:00 a. m.;Sábado;2020;Diciembre;MOTOCICLETA;PARTICULAR;Acompañante;22;FEMENINO;HERIDOS;0;0;0;;CARRERA 48 CON CALLE 26 SUR 10;;LAS VEGAS;6.183415451510936, -75.5854703864607;CAIDA OCUPANTE;NO REPORTADO;NO REPORTADO;RESIDENCIAL;Normal;Impericia en el manejo
2201987;6/12/2020;9:45:00 p. m.;Domingo;2020;Diciembre;MOTOCICLETA;PARTICULAR;Motociclista;16;MASCULINO;HERIDOS;0;0;0;;KILOMETRO 14 + 800;medellÃn palmas envigado (km 12 - km 16+700);VEREDA PALMAS;6.152784050297952, -75.54578429442128;CHOQUE;VEHICULO;NO REPORTADO;NO REPORTADO;Normal;Impericia en el manejo
2201987;6/12/2020;9:45:00 p. m.;Domingo;2020;Diciembre;MOTOCICLETA;PARTICULAR;Acompañante;19;FEMENINO;HERIDOS;0;0;0;;KILOMETRO 14 + 800;medellÃn palmas envigado (km 12 - km 16+700);VEREDA PALMAS;6.152784050297952, -75.54578429442128;CHOQUE;VEHICULO;NO REPORTADO;NO REPORTADO;Normal;Impericia en el manejo
2201988;4/12/2020;2:55:00 p. m.;Viernes;2020;Diciembre;MOTOCICLETA;PARTICULAR;Motociclista;53;FEMENINO;HERIDOS;0;0;0;;CALLE 37 SUR CON CARRERA 32;;LOS NARANJOS;6.167184065087185, -75.58096362876152;CHOQUE;VEHICULO;NO REPORTADO;RESIDENCIAL;Normal;No respetar pelacion de interseccion o giros
2202013;6/12/2020;1:50:00 p. m.;Domingo;2020;Diciembre;MOTOCICLETA;PARTICULAR;Motociclista;35;MASCULINO;HERIDOS;0;0;0;;CARRERA 43A CON CALLE 49D SUR;;LAS CASITAS;6.16097104758283, -75.60021104420407;CHOQUE;VEHICULO;NO REPORTADO;RESIDENCIAL;Normal;Desobedecer señales
2202014;6/12/2020;5:39:00 p. m.;Domingo;2020;Diciembre;MOTOCICLETA;PARTICULAR;Acompañante;30;FEMENINO;HERIDOS;0;0;0;;KILOMETRO 12 + 760;retiro varia palmas enviga (km 5+43 - km 14+ 550);VEREDA PALMAS;6.160102401406697, -75.52366734573326;CHOQUE;VEHICULO;NO REPORTADO;NO REPORTADO;Normal;Desobedecer señales
2202014;6/12/2020;5:39:00 p. m.;Domingo;2020;Diciembre;MOTOCICLETA;PARTICULAR;Motociclista;23;MASCULINO;HERIDOS;0;0;0;;KILOMETRO 12 + 760;retiro varia palmas enviga (km 5+43 - km 14+ 550);VEREDA PALMAS;6.160102401406697, -75.52366734573326;CHOQUE;VEHICULO;NO REPORTADO;NO REPORTADO;Normal;Desobedecer señales
2202019;8/12/2020;7:50:00 a. m.;Martes;2020;Diciembre;MOTOCICLETA;PARTICULAR;Acompañante;34;FEMENINO;HERIDOS;0;0;0;;CARRERA 50 CON CALLE 39 SUR 100;;LAS VEGAS;6.173303607160337, -75.59788796574267;CHOQUE;VEHICULO;NO REPORTADO;RESIDENCIAL;Normal;Girar bruscamente
2202019;8/12/2020;7:50:00 a. m.;Martes;2020;Diciembre;MOTOCICLETA;PARTICULAR;Motociclista;21;MASCULINO;HERIDOS;0;0;0;;CARRERA 50 CON CALLE 39 SUR 100;;LAS VEGAS;6.173303607160337, -75.59788796574267;CHOQUE;VEHICULO;NO REPORTADO;RESIDENCIAL;Normal;Girar bruscamente
2202027;9/12/2020;2:30:00 p. m.;Miércoles;2020;Diciembre;MOTOCICLETA;PARTICULAR;Motociclista;20;MASCULINO;HERIDOS;0;0;0;;KILOMETRO 17 + 160;retiro varia palmas enviga (km 5+43 - km 14+ 550);VEREDA PALMAS;6.150289385697726, -75.53073749685547;CHOQUE;VEHICULO;NO REPORTADO;NO REPORTADO;Normal;No mantener distancia de seguridad
2202028;9/12/2020;1:30:00 p. m.;Miércoles;2020;Diciembre;MOTOCICLETA;PARTICULAR;Motociclista;33;MASCULINO;HERIDOS;0;0;0;;CARRERA 27 CON CALLE 36D SUR 04;;LA PRADERA;6.165732735979747, -75.56880051041341;CHOQUE;VEHICULO;NO REPORTADO;RESIDENCIAL;Normal;Impericia en el manejo
2202029;10/12/2020;1:00:00 a. m.;Jueves;2020;Diciembre;MOTOCICLETA;PARTICULAR;Motociclista;50;MASCULINO;HERIDOS;0;0;0;;KILOMETRO 12 + 530;retiro varia palmas enviga (km 5+43 - km 14+ 550);VEREDA PALMAS;6.159974257689224, -75.5217612437113;CHOQUE;VEHICULO;NO REPORTADO;NO REPORTADO;Normal;Adelantar en curva
2202034;10/12/2020;1:40:00 p. m.;Jueves;2020;Diciembre;BICICLETA;;Ciclista;37;FEMENINO;HERIDOS;0;0;0;;CALLE 37 SUR CON CARRERA 35-28;;MESA;6.16823996412371, -75.58273011896745;CHOQUE;OBJETO FIJO;VEHICULO ESTACIONADO;RESIDENCIAL;Normal;ABRIR LAS PUERTAS SIN PRECAUCION
2202036;10/12/2020;10:04:00 a. m.;Jueves;2020;Diciembre;MOTOCICLETA;PARTICULAR;Acompañante;16;MASCULINO;HERIDOS;0;0;0;;CARRERA 50 CON CALLE 30 SUR;;LAS VEGAS;6.180427, -75.590467;CAIDA OCUPANTE;NO REPORTADO;NO REPORTADO;RESIDENCIAL;Normal;Impericia en el manejo
2202036;10/12/2020;10:04:00 a. m.;Jueves;2020;Diciembre;MOTOCICLETA;PARTICULAR;Motociclista;41;MASCULINO;HERIDOS;0;0;0;;CARRERA 50 CON CALLE 30 SUR;;LAS VEGAS;6.180427, -75.590467;CAIDA OCUPANTE;NO REPORTADO;NO REPORTADO;RESIDENCIAL;Normal;Impericia en el manejo
2202039;11/12/2020;7:30:00 a. m.;Viernes;2020;Diciembre;MOTOCICLETA;PARTICULAR;Motociclista;27;MASCULINO;HERIDOS;0;0;0;;CARRERA 48 CON CALLE 36 SUR;;LAS VEGAS;6.174330960453414, -75.59212093572795;ATROPELLO;NO REPORTADO;NO REPORTADO;RESIDENCIAL;Normal;Impericia en el manejo
2202040;11/12/2020;10:50:00 a. m.;Viernes;2020;Diciembre;AUTOMOVIL;PUBLICO;Pasajero;3;MASCULINO;HERIDOS;0;0;0;;CARRERA 50 CON CALLE 25A SUR;;LAS VEGAS;6.186597, -75.584900;CHOQUE;VEHICULO;NO REPORTADO;RESIDENCIAL;Normal;Poner en marcha un vehiculo sin precauci
2202049;11/12/2020;5:30:00 a. m.;Viernes;2020;Diciembre;MOTOCICLETA;PARTICULAR;Motociclista;27;MASCULINO;HERIDOS;0;0;0;;CARRERA 50 CON CALLE 25 SUR;;LAS VEGAS;6.186957, -75.584471;CHOQUE;VEHICULO;NO REPORTADO;RESIDENCIAL;Normal;No mantener distancia de seguridad
2202060;12/12/2020;4:00:00 p. m.;Sábado;2020;Diciembre;MOTOCICLETA;PARTICULAR;Motociclista;21;MASCULINO;HERIDOS;0;0;0;;CARRERA 43A CON CALLE 32A SUR;;SAN MARCOS;6.175063658629884, -75.58603229954717;CHOQUE;VEHICULO;NO REPORTADO;RESIDENCIAL;Normal;Desobedecer señales
2202067;13/12/2020;9:45:00 p. m.;Domingo;2020;Diciembre;MOTOCICLETA;PARTICULAR;Acompañante;23;FEMENINO;HERIDOS;0;0;0;;CALLE 23 SUR CON CARRERA 20;;ZUÑIGA;6.175084059869704, -75.56109380531831;CAIDA OCUPANTE;NO REPORTADO;NO REPORTADO;RESIDENCIAL;Normal;Huecos
2202068;13/12/2020;12:40:00 p. m.;Domingo;2020;Diciembre;BICICLETA;;Ciclista;72;MASCULINO;MUERTOS;0;0;0;;KILOMETRO 6 + 340;retiro varia palmas enviga (km 5+43 - km 14+ 550);VEREDA PERICO;6.167946, -75.484626;CHOQUE;VEHICULO;NO REPORTADO;NO REPORTADO;Normal;Poner en marcha un vehiculo sin precauci
2202068;13/12/2020;12:40:00 p. m.;Domingo;2020;Diciembre;MOTOCICLETA;PARTICULAR;Motociclista;22;MASCULINO;HERIDOS;0;0;0;;KILOMETRO 6 + 340;retiro varia palmas enviga (km 5+43 - km 14+ 550);VEREDA PERICO;6.167946, -75.484626;CHOQUE;VEHICULO;NO REPORTADO;NO REPORTADO;Normal;Poner en marcha un vehiculo sin precauci
2202070;12/12/2020;1:30:00 p. m.;Sábado;2020;Diciembre;MOTOCICLETA;PARTICULAR;Motociclista;28;MASCULINO;HERIDOS;0;0;0;;CARRERA 43A CON CALLE 45B SUR 90;;LA PAZ;6.164932233301589, -75.59496469995943;CHOQUE;VEHICULO;NO REPORTADO;RESIDENCIAL;Normal;Adelantar invadiendo carril del mismo sentido en zigzag
2202071;12/12/2020;7:00:00 a. m.;Sábado;2020;Diciembre;MOTOCICLETA;PARTICULAR;Motociclista;20;MASCULINO;HERIDOS;0;0;0;;CARRERA 49 CON CALLE 25 SUR 21;;LAS VEGAS;6.186586240649504, -75.58468721239888;ATROPELLO;NO REPORTADO;NO REPORTADO;RESIDENCIAL;Normal;Impericia en el manejo
2202073;12/12/2020;7:55:00 p. m.;Sábado;2020;Diciembre;MOTOCICLETA;PARTICULAR;Motociclista;31;MASCULINO;HERIDOS;0;0;0;;CARRERA 48 CON CALLE 25AA SUR;;LAS VEGAS;6.184167015367453, -75.58477389903871;CHOQUE;VEHICULO;NO REPORTADO;RESIDENCIAL;Normal;No mantener distancia de seguridad
2202086;14/12/2020;1:20:00 p. m.;Lunes;2020;Diciembre;MOTOCICLETA;PARTICULAR;Motociclista;59;MASCULINO;HERIDOS;0;0;0;;CARRERA 48 CON CALLE 35 SUR 34;;LAS VEGAS;6.175076673737935, -75.59130393201663;CHOQUE;VEHICULO;NO REPORTADO;RESIDENCIAL;Normal;Adelantar cerrando
2202099;17/12/2020;10:15:00 p. m.;Jueves;2020;Diciembre;MOTOCICLETA;PARTICULAR;Motociclista;20;MASCULINO;HERIDOS;0;0;0;;CALLE 38 SUR CON CARRERA 43-46;;ZONA CENTRO;6.170280860936572, -75.58792863430996;CHOQUE;VEHICULO;NO REPORTADO;RESIDENCIAL;Normal;Girar bruscamente
2202102;18/12/2020;7:10:00 a. m.;Viernes;2020;Diciembre;MOTOCICLETA;PARTICULAR;Acompañante;57;MASCULINO;HERIDOS;0;0;0;;CALLE 37 SUR CON CARRERA 41;;ZONA CENTRO;6.16993396087011, -75.58616196129611;CHOQUE;VEHICULO;NO REPORTADO;RESIDENCIAL;Normal;Semaforo en rojo
2202102;18/12/2020;7:10:00 a. m.;Viernes;2020;Diciembre;MOTOCICLETA;PARTICULAR;Motociclista;34;MASCULINO;HERIDOS;0;0;0;;CALLE 37 SUR CON CARRERA 41;;ZONA CENTRO;6.16993396087011, -75.58616196129611;CHOQUE;VEHICULO;NO REPORTADO;RESIDENCIAL;Normal;Semaforo en rojo
2202103;18/12/2020;6:30:00 p. m.;Viernes;2020;Diciembre;MOTOCICLETA;PARTICULAR;Motociclista;25;MASCULINO;HERIDOS;0;0;0;;KILOMETRO 10 + 600;peri;VEREDA PERICO;6.160821212469216, -75.50846272714766;CHOQUE;VEHICULO;NO REPORTADO;NO REPORTADO;Normal;Desobedecer señales
2202104;20/12/2020;10:00:00 a. m.;Domingo;2020;Diciembre;MOTOCICLETA;PARTICULAR;Acompañante;24;FEMENINO;HERIDOS;0;0;0;;CALLE 41A SUR CON CARRERA 29B-20;;SAN RAFAEL;6.159162565074423, -75.58552693431011;CHOQUE;VEHICULO;NO REPORTADO;RESIDENCIAL;Normal;Adelantar invadiendo carril de sentido contrario
2202105;16/12/2020;8:15:00 a. m.;Miércoles;2020;Diciembre;AUTOMOVIL;PARTICULAR;Acompañante;43;FEMENINO;HERIDOS;0;0;0;;CARRERA 50 CON CALLE 30 SUR;;LAS VEGAS;6.180427, -75.590467;CHOQUE;VEHICULO;NO REPORTADO;RESIDENCIAL;Normal;No mantener distancia de seguridad
2202107;19/12/2020;4:10:00 p. m.;Sábado;2020;Diciembre;MOTOCICLETA;PARTICULAR;Motociclista;26;FEMENINO;HERIDOS;0;0;0;;CARRERA 48 CON CALLE 50 SUR;;LAS VEGAS;6.162072458716961, -75.60353659646475;CHOQUE;VEHICULO;NO REPORTADO;RESIDENCIAL;Normal;No respetar pelacion de interseccion o giros
2202108;17/12/2020;11:00:00 a. m.;Jueves;2020;Diciembre;MOTOCICLETA;PARTICULAR;Acompañante;24;FEMENINO;HERIDOS;0;0;0;;CARRERA 50 CON CALLE 26 SUR;;LAS VEGAS;6.184920, -75.587152;CHOQUE;OBJETO FIJO;OTRO TIPO;RESIDENCIAL;Normal;Impericia en el manejo