NRO_RADICADO;FECHA_ACCIDENTE;HORA_ACCIDENTE;Día de la semana;AÑO;MES;CLASE_VEHICULO;TIPO_SERVICIO;TIPO_VICTIMA;EDAD;GENERO;GRAVEDAD;ESTADO_BEODEZ;ESTADO_DROGA;RESULTADO_BEODEZ;RESUL_BEODEZ_GRAMOS;DIRECCION_CARACT_VIA;TRAMO_VIA;LOCALIDAD_O_COMUNA;    GEORREFERENCIACIÓN;DESC_CLASE_ACCIDENTE;DESC_CHOQUE_ACCIDENTE;DESC_OBJETO_FIJO;DESC_SECTOR_ACCIDENTE;CONDICION_CLIMATICA;CAUSA_ACCIDENTE
2202109;18/12/2020;10:40:00 p. m.;Viernes;2020;Diciembre;MOTOCICLETA;PARTICULAR;Motociclista;20;MASCULINO;HERIDOS;0;0;0;;CARRERA 50 CON CALLE 48 SUR 60;;LAS VEGAS;6.166087, -75.602677;CHOQUE;VEHICULO;NO REPORTADO;RESIDENCIAL;Normal;No mantener distancia de seguridad
2202110;18/12/2020;7:00:00 a. m.;Viernes;2020;Diciembre;MOTOCICLETA;PARTICULAR;Acompañante;42;MASCULINO;HERIDOS;0;0;0;;CARRERA 43A CON CALLE 30 SUR;;JARDINES;6.177064338064778, -75.58527737641155;CHOQUE;VEHICULO;NO REPORTADO;RESIDENCIAL;Normal;No mantener distancia de seguridad
2202111;17/12/2020;5:10:00 p. m.;Jueves;2020;Diciembre;MOTOCICLETA;PARTICULAR;Motociclista;23;FEMENINO;HERIDOS;0;0;0;;CARRERA 48 CON CALLE 36A SUR;;LAS VEGAS;6.173972962549447, -75.5919942013496;CHOQUE;VEHICULO;NO REPORTADO;RESIDENCIAL;Normal;No mantener distancia de seguridad
2202112;19/12/2020;11:50:00 a. m.;Sábado;2020;Diciembre;MOTOCICLETA;PARTICULAR;Motociclista;39;MASCULINO;HERIDOS;0;0;0;;CARRERA 40 CON CALLE 38A SUR;;ZONA CENTRO;6.168307757103598, -75.5864304879801;ATROPELLO;NO REPORTADO;NO REPORTADO;RESIDENCIAL;Normal;Impericia en el manejo
2202132;15/12/2020;3:04:00 p. m.;Martes;2020;Diciembre;MOTOCICLETA;PARTICULAR;Acompañante;65;FEMENINO;HERIDOS;0;0;0;0;CARRERA 48 CON CALLE 23 SUR;;LAS VEGAS;6.186175319364141, -75.58233680629262;CAIDA OCUPANTE;NO REPORTADO;NO REPORTADO;RESIDENCIAL;Normal;Obstaculos en la via
2202133;19/12/2020;5:00:00 p. m.;Sábado;2020;Diciembre;MOTOCICLETA;PARTICULAR;Acompañante;24;MASCULINO;HERIDOS;0;0;0;;KILOMETRO 6 + 350;el escobero - km 0-13);VEREDA EL ESCOBERO;6.120428846174904, -75.54358192956934;CAIDA OCUPANTE;NO REPORTADO;NO REPORTADO;NO REPORTADO;Normal;Impericia en el manejo
2202133;19/12/2020;5:00:00 p. m.;Sábado;2020;Diciembre;MOTOCICLETA;PARTICULAR;Motociclista;29;FEMENINO;HERIDOS;0;0;0;;KILOMETRO 6 + 350;el escobero - km 0-13);VEREDA EL ESCOBERO;6.120428846174904, -75.54358192956934;CAIDA OCUPANTE;NO REPORTADO;NO REPORTADO;NO REPORTADO;Normal;Impericia en el manejo
2202134;19/12/2020;6:00:00 p. m.;Sábado;2020;Diciembre;MOTOCICLETA;PARTICULAR;Motociclista;18;MASCULINO;HERIDOS;0;0;0;;DIAGONAL 31 CON TRANSVERSL 34E SUR;;LA SEBASTIANA;6.17126799377017, -75.57948146138742;CHOQUE;OBJETO FIJO;VEHICULO ESTACIONADO;RESIDENCIAL;Normal;Impericia en el manejo
2202134;19/12/2020;6:00:00 p. m.;Sábado;2020;Diciembre;MOTOCICLETA;PARTICULAR;Acompañante;17;FEMENINO;HERIDOS;0;0;0;;DIAGONAL 31 CON TRANSVERSL 34E SUR;;LA SEBASTIANA;6.17126799377017, -75.57948146138742;CHOQUE;OBJETO FIJO;VEHICULO ESTACIONADO;RESIDENCIAL;Normal;Impericia en el manejo
2202135;19/12/2020;8:00:00 a. m.;Sábado;2020;Diciembre;MOTOCICLETA;PARTICULAR;Motociclista;23;MASCULINO;HERIDOS;0;0;0;;CARRERA 40 CON CALLE 38 SUR;;ZONA CENTRO;6.168881061352251, -75.58583247478919;CHOQUE;VEHICULO;NO REPORTADO;RESIDENCIAL;Normal;No respetar pelacion de interseccion o giros
2202138;20/12/2020;11:44:00 p. m.;Domingo;2020;Diciembre;CAMION;PUBLICO;Conductor;63;MASCULINO;HERIDOS;0;0;0;;KILOMETRO 8 + 750;peri;VEREDA PERICO;6.170752, -75.500305;CHOQUE;VEHICULO;NO REPORTADO;NO REPORTADO;Normal;Impericia en el manejo
2202139;21/12/2020;7:00:00 a. m.;Lunes;2020;Diciembre;MOTOCICLETA;PARTICULAR;Motociclista;32;FEMENINO;HERIDOS;0;0;0;;CARRERA 48 CON CALLE 30 SUR;;LAS VEGAS;6.179496718217783, -75.58819458527805;CHOQUE;VEHICULO;NO REPORTADO;RESIDENCIAL;Normal;Poner en marcha un vehiculo sin precauci
2202140;22/12/2020;3:05:00 p. m.;Martes;2020;Diciembre;MOTOCICLETA;PARTICULAR;Acompañante;26;MASCULINO;HERIDOS;0;0;0;;CARRERA 50 CON CALLE 46A SUR;;LAS VEGAS;6.168548, -75.602176;CHOQUE;VEHICULO;NO REPORTADO;RESIDENCIAL;Normal;No mantener distancia de seguridad
2202140;22/12/2020;3:05:00 p. m.;Martes;2020;Diciembre;MOTOCICLETA;PARTICULAR;Motociclista;23;MASCULINO;HERIDOS;0;0;0;;CARRERA 50 CON CALLE 46A SUR;;LAS VEGAS;6.168548, -75.602176;CHOQUE;VEHICULO;NO REPORTADO;RESIDENCIAL;Normal;No mantener distancia de seguridad
2202141;22/11/2020;2:20:00 p. m.;Domingo;2020;Noviembre;MOTOCICLETA;PARTICULAR;Motociclista;26;MASCULINO;HERIDOS;0;0;0;;CARRERA 50 CON CALLE 49 SUR;;LAS VEGAS;6.164581, -75.603075;CHOQUE;VEHICULO;NO REPORTADO;RESIDENCIAL;Normal;No mantener distancia de seguridad
2202142;27/12/2020;5:50:00 p. m.;Domingo;2020;Diciembre;AUTOMOVIL;PARTICULAR;Conductor;42;FEMENINO;HERIDOS;0;0;0;;CARRERA 27 CON CALLE 38B SUR 10;;EL CHINGUÍ;6.157324894038542, -75.57811635079898;CHOQUE;VEHICULO;NO REPORTADO;RESIDENCIAL;Normal;Impericia en el manejo
2202143;27/12/2020;7:00:00 p. m.;Domingo;2020;Diciembre;AUTOMOVIL;PARTICULAR;Peaton;67;MASCULINO;HERIDOS;0;0;0;;CARRERA 41 CON CALLE 39 SUR;;ZONA CENTRO;6.167963922615608, -75.58749308624738;ATROPELLO;NO REPORTADO;NO REPORTADO;RESIDENCIAL;Normal;Otra-Peatón
2202144;22/12/2020;6:10:00 p. m.;Martes;2020;Diciembre;MOTOCICLETA;PARTICULAR;Motociclista;47;MASCULINO;HERIDOS;0;0;0;;CALLE 40AA SUR CON CARRERA 36;;MESA;6.164472957086691, -75.58526515488477;CHOQUE;VEHICULO;NO REPORTADO;RESIDENCIAL;Normal;Transitar distante de la acera u orilla 
2202144;22/12/2020;6:10:00 p. m.;Martes;2020;Diciembre;BICICLETA;;Ciclista;26;MASCULINO;HERIDOS;0;0;0;;CALLE 40AA SUR CON CARRERA 36;;MESA;6.164472957086691, -75.58526515488477;CHOQUE;VEHICULO;NO REPORTADO;RESIDENCIAL;Normal;Transitar distante de la acera u orilla 
2202145;24/12/2020;8:30:00 a. m.;Jueves;2020;Diciembre;MOTOCICLETA;PARTICULAR;Motociclista;31;MASCULINO;HERIDOS;1;0;1;80;CARRERA 48 CON CALLE 46 SUR;;LAS VEGAS;6.16644712875881, -75.5993127767276;CHOQUE;VEHICULO;NO REPORTADO;RESIDENCIAL;Normal;Embriaguez o droga  -  Exceso de velocidad
2202146;23/12/2020;5:25:00 p. m.;Miércoles;2020;Diciembre;MOTOCICLETA;PARTICULAR;Motociclista;33;MASCULINO;HERIDOS;0;0;0;;CARRERA 48 CON CALLE 32B SUR;;LAS VEGAS;6.1771312587881235, -75.59004749247258;CHOQUE;VEHICULO;NO REPORTADO;RESIDENCIAL;Normal;Otra-Conductor
2202155;24/12/2020;1:45:00 p. m.;Jueves;2020;Diciembre;MOTOCICLETA;PARTICULAR;Motociclista;25;FEMENINO;HERIDOS;0;0;0;;CARRERA 48 CON CALLE 30 SUR;;LAS VEGAS;6.179496718217783, -75.58819458527805;CHOQUE;VEHICULO;NO REPORTADO;RESIDENCIAL;Normal;Semaforo en rojo
2202157;24/12/2020;8:25:00 a. m.;Jueves;2020;Diciembre;AUTOMOVIL;PARTICULAR;Peaton;77;MASCULINO;HERIDOS;0;0;0;;CALLE 40F SUR CON CARRERA 37;;EL DORADO;6.164437223979739, -75.58644488373533;ATROPELLO;NO REPORTADO;NO REPORTADO;RESIDENCIAL;Normal;Cruzar sin observar
2202159;24/12/2020;1:05:00 p. m.;Jueves;2020;Diciembre;AUTOMOVIL;PARTICULAR;Peaton;19;MASCULINO;HERIDOS;0;0;0;;CALLE 40 SUR CON CARRERA 30;;SAN JOSE;6.1627592923629795, -75.58243202804785;ATROPELLO;NO REPORTADO;NO REPORTADO;RESIDENCIAL;Normal;Salir por delante de un vehiculo
2202160;27/12/2020;7:40:00 a. m.;Domingo;2020;Diciembre;MOTOCICLETA;PARTICULAR;Motociclista;23;MASCULINO;HERIDOS;1;0;1;80;CARRERA 48 CON CALLE 46 SUR;;LAS VEGAS;6.16644712875881, -75.5993127767276;CHOQUE;VEHICULO;NO REPORTADO;RESIDENCIAL;Normal;Embriaguez o droga
2202163;28/12/2020;11:20:00 p. m.;Lunes;2020;Diciembre;MOTOCICLETA;PARTICULAR;Motociclista;25;MASCULINO;HERIDOS;0;0;0;;CARRERA 50 CON CALLE 36 SUR ;;LAS VEGAS;6.176858, -75.593221;OTRO;NO REPORTADO;NO REPORTADO;RESIDENCIAL;Normal;Exceso de velocidad
2202165;28/12/2020;7:15:00 a. m.;Lunes;2020;Diciembre;MOTOCICLETA;PARTICULAR;Motociclista;25;MASCULINO;HERIDOS;0;0;0;;KILOMETRO 11+360;retiro varia palmas enviga (km 5+43 - km 14+ 550);VEREDA PALMAS;6.163207599404719, -75.51476086410706;CHOQUE;VEHICULO;NO REPORTADO;NO REPORTADO;Normal;No mantener distancia de seguridad
2202166;27/12/2020;3:45:00 p. m.;Domingo;2020;Diciembre;MOTOCICLETA;PARTICULAR;Acompañante;35;FEMENINO;HERIDOS;0;0;0;;TRANSVERSAL 27A SUR CON CARRERA 42B;;PONTE VEDRA;6.1782587573325545, -75.58227860556254;CHOQUE;VEHICULO;NO REPORTADO;RESIDENCIAL;Normal;Adelantar invadiendo carril de sentido contrario
2202166;27/12/2020;3:45:00 p. m.;Domingo;2020;Diciembre;MOTOCICLETA;PARTICULAR;Motociclista;33;FEMENINO;HERIDOS;0;0;0;;TRANSVERSAL 27A SUR CON CARRERA 42B;;PONTE VEDRA;6.1782587573325545, -75.58227860556254;CHOQUE;VEHICULO;NO REPORTADO;RESIDENCIAL;Normal;Adelantar invadiendo carril de sentido contrario
2202168;28/12/2020;1:50:00 p. m.;Lunes;2020;Diciembre;MOTOCICLETA;OFICIAL;Acompañante;33;MASCULINO;HERIDOS;0;0;0;;CARRERA 48 CON CALLE 46 SUR;;LAS VEGAS;6.16644712875881, -75.5993127767276;CHOQUE;VEHICULO;NO REPORTADO;RESIDENCIAL;Normal;Impericia en el manejo  -  Transitar entre vehiculos
2202168;28/12/2020;1:50:00 p. m.;Lunes;2020;Diciembre;MOTOCICLETA;OFICIAL;Motociclista;29;MASCULINO;HERIDOS;0;0;0;;CARRERA 48 CON CALLE 46 SUR;;LAS VEGAS;6.16644712875881, -75.5993127767276;CHOQUE;VEHICULO;NO REPORTADO;RESIDENCIAL;Normal;Impericia en el manejo  -  Transitar entre vehiculos
2202172;23/12/2020;10:40:00 a. m.;Miércoles;2020;Diciembre;MOTOCICLETA;PARTICULAR;Motociclista;29;MASCULINO;HERIDOS;0;0;0;;CALLE 43 SUR CON CARRERA 47;;MILAN VALLEJUELOS;6.167782695036876, -75.59642366129616;CHOQUE;VEHICULO;NO REPORTADO;RESIDENCIAL;Normal;Adelantar invadiendo carril de sentido contrario
2202173;27/12/2020;3:00:00 p. m.;Domingo;2020;Diciembre;MOTOCICLETA;PARTICULAR;Peaton;29;MASCULINO;HERIDOS;0;0;0;;CARRERA 50 CON CALLE 25AA SUR;;LAS VEGAS;6.185690, -75.586150;ATROPELLO;NO REPORTADO;NO REPORTADO;RESIDENCIAL;Normal;Otra-Conductor
2202173;27/12/2020;3:00:00 p. m.;Domingo;2020;Diciembre;MOTOCICLETA;PARTICULAR;Motociclista;25;MASCULINO;HERIDOS;0;0;0;;CARRERA 50 CON CALLE 25AA SUR;;LAS VEGAS;6.185690, -75.586150;ATROPELLO;NO REPORTADO;NO REPORTADO;RESIDENCIAL;Normal;Otra-Conductor
2202174;28/12/2020;5:20:00 p. m.;Lunes;2020;Diciembre;MOTOCICLETA;PARTICULAR;Acompañante;22;FEMENINO;HERIDOS;0;0;0;;CARRERA 50 CON CALLE 25AA SUR;;LAS VEGAS;6.185690, -75.586150;CAIDA OCUPANTE;NO REPORTADO;NO REPORTADO;RESIDENCIAL;Normal;Impericia en el manejo
2202209;30/12/2020;1:50:00 p. m.;Miércoles;2020;Diciembre;MOTOCICLETA;PARTICULAR;Motociclista;29;MASCULINO;HERIDOS;0;0;0;;CARRERA 50 CON CALLE 43SUR;;LAS VEGAS;6.171018, -75.600755;CHOQUE;VEHICULO;NO REPORTADO;RESIDENCIAL;Normal;Impericia en el manejo
2202210;30/12/2020;4:50:00 p. m.;Miércoles;2020;Diciembre;MOTOCICLETA;PARTICULAR;Motociclista;35;FEMENINO;HERIDOS;0;0;0;;CARRERA 48 CON CALLE 30 SUR;;LAS VEGAS;6.179496718217783, -75.58819458527805;CHOQUE;VEHICULO;NO REPORTADO;RESIDENCIAL;Lluvia;No mantener distancia de seguridad
2202219;29/12/2020;1:35:00 p. m.;Martes;2020;Diciembre;MOTOCICLETA;PARTICULAR;Motociclista;47;FEMENINO;HERIDOS;0;0;0;;TRANSVERSAL 34D SUR CON DIAGONAL 32;;OBRERO;6.171766654247549, -75.58106491319464;CHOQUE;VEHICULO;NO REPORTADO;RESIDENCIAL;Normal;Desobedecer señales
2202219;29/12/2020;1:35:00 p. m.;Martes;2020;Diciembre;MOTOCICLETA;PARTICULAR;Acompañante;41;FEMENINO;HERIDOS;0;0;0;;TRANSVERSAL 34D SUR CON DIAGONAL 32;;OBRERO;6.171766654247549, -75.58106491319464;CHOQUE;VEHICULO;NO REPORTADO;RESIDENCIAL;Normal;Desobedecer señales
2210002;4/01/2021;1:30:00 p. m.;Lunes;2021;Enero;MOTOCICLETA;PARTICULAR;Motociclista;15;MASCULINO;HERIDOS;0;0;0;;DIAGONAL 32 CON TRANSVERSAL 36 SUR;;LOS NARANJOS;6.16829197503991, -75.58063360196387;ATROPELLO;NO REPORTADO;NO REPORTADO;RESIDENCIAL;Normal;Impericia en el manejo  -  Otra-Peatón
2210002;4/01/2021;1:30:00 p. m.;Lunes;2021;Enero;MOTOCICLETA;PARTICULAR;Peaton;18;FEMENINO;HERIDOS;0;0;0;;DIAGONAL 32 CON TRANSVERSAL 36 SUR;;LOS NARANJOS;6.16829197503991, -75.58063360196387;ATROPELLO;NO REPORTADO;NO REPORTADO;RESIDENCIAL;Normal;Impericia en el manejo  -  Otra-Peatón
2210002;4/01/2021;1:30:00 p. m.;Lunes;2021;Enero;MOTOCICLETA;PARTICULAR;Peaton;48;FEMENINO;HERIDOS;0;0;0;;DIAGONAL 32 CON TRANSVERSAL 36 SUR;;LOS NARANJOS;6.16829197503991, -75.58063360196387;ATROPELLO;NO REPORTADO;NO REPORTADO;RESIDENCIAL;Normal;Impericia en el manejo  -  Otra-Peatón
2210003;4/01/2021;10:50:00 a. m.;Lunes;2021;Enero;MOTOCICLETA;PARTICULAR;Motociclista;46;MASCULINO;HERIDOS;0;0;0;;CARRERA 47B CON CALLE 23 SUR;;VILLA GRANDE;6.183567143851526, -75.58444243844835;CHOQUE;VEHICULO;NO REPORTADO;RESIDENCIAL;Normal;No mantener distancia de seguridad
2210004;4/01/2021;7:50:00 a. m.;Lunes;2021;Enero;MOTOCICLETA;PARTICULAR;Motociclista;33;FEMENINO;HERIDOS;0;0;0;;CARRERA 48 CON CALLE 30 SUR;;LAS VEGAS;6.179496718217783, -75.58819458527805;CHOQUE;VEHICULO;NO REPORTADO;RESIDENCIAL;Normal;Adelantar cerrando  -  Adelantar por la derecha
2210005;3/01/2021;8:10:00 p. m.;Domingo;2021;Enero;MOTOCICLETA;PARTICULAR;Motociclista;30;FEMENINO;HERIDOS;0;0;0;;CARRERA 27 CON CALLE 36D SUR;;LA PRADERA;6.162455796979535, -75.57004438580341;CHOQUE;VEHICULO;NO REPORTADO;RESIDENCIAL;Normal;Adelantar invadiendo carril de sentido contrario
2210006;2/01/2021;7:30:00 a. m.;Sábado;2021;Enero;MOTOCICLETA;PARTICULAR;Motociclista;27;MASCULINO;HERIDOS;0;0;0;;CALLE 38 SUR CON CARRERA 39;;ZONA CENTRO;6.168381339936488, -75.58528470665254;CHOQUE;VEHICULO;NO REPORTADO;RESIDENCIAL;Normal;Otra-Conductor
2210007;6/01/2021;6:00:00 a. m.;Miércoles;2021;Enero;MOTOCICLETA;PARTICULAR;Motociclista;24;MASCULINO;HERIDOS;0;0;0;;CARRERA 48 CON CALLE 49 SUR;;LAS VEGAS;6.163327, -75.602429;CHOQUE;VEHICULO;NO REPORTADO;RESIDENCIAL;Normal;No mantener distancia de seguridad
2210007;6/01/2021;6:00:00 a. m.;Miércoles;2021;Enero;MOTOCICLETA;PARTICULAR;Motociclista;34;MASCULINO;HERIDOS;0;0;0;;CARRERA 48 CON CALLE 49 SUR;;LAS VEGAS;6.163327, -75.602429;CHOQUE;VEHICULO;NO REPORTADO;RESIDENCIAL;Normal;No mantener distancia de seguridad
2210007;6/01/2021;6:00:00 a. m.;Miércoles;2021;Enero;MOTOCICLETA;PARTICULAR;Acompañante;33;FEMENINO;HERIDOS;0;0;0;;CARRERA 48 CON CALLE 49 SUR;;LAS VEGAS;6.163327, -75.602429;CHOQUE;VEHICULO;NO REPORTADO;RESIDENCIAL;Normal;No mantener distancia de seguridad
2210008;6/01/2021;5:20:00 p. m.;Miércoles;2021;Enero;MOTOCICLETA;PARTICULAR;Peaton;77;FEMENINO;MUERTOS;0;0;0;;TRANSVERSAL 32C SUR  CON DIAGONAL 31C;;LAS FLORES;6.175541764022306, -75.58049147718255;ATROPELLO;NO REPORTADO;NO REPORTADO;RESIDENCIAL;Normal;Pasar semaforo en rojo
2210008;6/01/2021;5:20:00 p. m.;Miércoles;2021;Enero;MOTOCICLETA;PARTICULAR;Motociclista;24;MASCULINO;HERIDOS;0;0;0;;TRANSVERSAL 32C SUR  CON DIAGONAL 31C;;LAS FLORES;6.175541764022306, -75.58049147718255;ATROPELLO;NO REPORTADO;NO REPORTADO;RESIDENCIAL;Normal;Pasar semaforo en rojo
2210009;5/01/2021;4:20:00 p. m.;Martes;2021;Enero;BICICLETA;;Ciclista;14;MASCULINO;HERIDOS;0;0;0;;CALLE 38 SUR CON CARRERA 41;;ZONA CENTRO;6.169360161283688, -75.58660150547433;CHOQUE;VEHICULO;NO REPORTADO;RESIDENCIAL;Normal;Transitar en contravia
2210016;8/01/2021;6:30:00 a. m.;Viernes;2021;Enero;AUTOMOVIL;PARTICULAR;Conductor;26;FEMENINO;HERIDOS;0;0;0;;CARRERA 48 CON CALLE 39A SUR;;LAS VEGAS;6.171390727047165, -75.59433696507807;CHOQUE;VEHICULO;NO REPORTADO;RESIDENCIAL;Normal;Impericia en el manejo
2210017;8/01/2021;5:55:00 p. m.;Viernes;2021;Enero;AUTOMOVIL;PUBLICO;Pasajero;41;MASCULINO;HERIDOS;0;0;0;;CARRERA 43A CON CALLE 44 SUR;;LA PAZ;6.169347838055, -75.59819976760099;CHOQUE;VEHICULO;NO REPORTADO;RESIDENCIAL;Normal;No mantener distancia de seguridad
2210018;8/01/2021;8:40:00 a. m.;Viernes;2021;Enero;MOTOCICLETA;PARTICULAR;Peaton;65;FEMENINO;HERIDOS;0;0;0;;CALLE 37 SUR CON CARRERA 41;;ZONA CENTRO;6.169955288455673, -75.58620487056965;ATROPELLO;NO REPORTADO;NO REPORTADO;RESIDENCIAL;Normal;Cruzar sin observar
2210019;9/01/2021;12:10:00 p. m.;Sábado;2021;Enero;MOTOCICLETA;PARTICULAR;Motociclista;48;MASCULINO;HERIDOS;0;0;0;;CARRERA 48 CON CALLE 26 SUR;;LAS VEGAS;6.183410349274593, -75.58533829909211;CHOQUE;VEHICULO;NO REPORTADO;RESIDENCIAL;Normal;Desobedecer señales
2210029;12/01/2021;6:50:00 a. m.;Martes;2021;Enero;MOTOCICLETA;PARTICULAR;Motociclista;27;MASCULINO;HERIDOS;0;0;0;;CARRERA 50 CON CALLE 46A SUR;;LAS VEGAS;6.168548, -75.602176;CHOQUE;VEHICULO;NO REPORTADO;COMERCIAL;Normal;No mantener distancia de seguridad
2210030;12/01/2021;6:00:00 a. m.;Martes;2021;Enero;MOTOCICLETA;PARTICULAR;Acompañante;24;FEMENINO;HERIDOS;0;0;0;;CARRERA 50 CON CALLE 46A SUR;;LAS VEGAS;6.168548, -75.602176;CHOQUE;VEHICULO;NO REPORTADO;RESIDENCIAL;Normal;Otra-Conductor
2210042;12/01/2021;4:15:00 p. m.;Martes;2021;Enero;BUSETA;PUBLICO;Pasajero;49;FEMENINO;HERIDOS;0;0;0;;CARRERA 26 CON CALLE 40F SUR;;LA MINA;6.1568702929711465, -75.5827615260266;CAIDA OCUPANTE;NO REPORTADO;NO REPORTADO;RESIDENCIAL;Normal;Impericia en el manejo
2210043;13/01/2021;10:00:00 a. m.;Miércoles;2021;Enero;MOTOCICLETA;PARTICULAR;Motociclista;27;MASCULINO;HERIDOS;0;0;0;;CARRERA 50 CON CALLE 25A SUR;;LAS VEGAS;6.186597, -75.584900;CHOQUE;VEHICULO;NO REPORTADO;RESIDENCIAL;Normal;No respetar pelacion de interseccion o giros
2210047;14/01/2021;2:35:00 p. m.;Jueves;2021;Enero;CAMION;PUBLICO;Conductor;36;MASCULINO;HERIDOS;0;0;0;;KILOMETRO 3+550;el escobero - km 0-13);VEREDA EL ESCOBERO;6.132173696037212, -75.55287834698771;VOLCAMIENTO;NO REPORTADO;NO REPORTADO;NO REPORTADO;Normal;Impericia en el manejo
2210053;15/01/2021;5:30:00 p. m.;Viernes;2021;Enero;MOTOCICLETA;PARTICULAR;Motociclista;41;MASCULINO;MUERTOS;0;0;0;;CARRERA 50 CON CALLE 32B SUR;;LAS VEGAS;6.178462, -75.591882;CHOQUE;VEHICULO;NO REPORTADO;RESIDENCIAL;Normal;Otra-Conductor
2210053;15/01/2021;5:30:00 p. m.;Viernes;2021;Enero;MOTOCICLETA;PARTICULAR;Acompañante;45;MASCULINO;HERIDOS;0;0;0;;CARRERA 50 CON CALLE 32B SUR;;LAS VEGAS;6.178462, -75.591882;CHOQUE;VEHICULO;NO REPORTADO;RESIDENCIAL;Normal;Otra-Conductor
2210053;15/01/2021;5:30:00 p. m.;Viernes;2021;Enero;MOTOCICLETA;PARTICULAR;Motociclista;26;MASCULINO;HERIDOS;0;0;0;;CARRERA 50 CON CALLE 32B SUR;;LAS VEGAS;6.178462, -75.591882;CHOQUE;VEHICULO;NO REPORTADO;RESIDENCIAL;Normal;Otra-Conductor
2210054;13/01/2021;9:05:00 p. m.;Miércoles;2021;Enero;MOTOCICLETA;PARTICULAR;Motociclista;22;MASCULINO;HERIDOS;0;0;0;;CARRERA 48 CON CALLE 46 SUR;;LAS VEGAS;6.16644712875881, -75.5993127767276;CHOQUE;VEHICULO;NO REPORTADO;RESIDENCIAL;Normal;Adelantar invadiendo carril del mismo sentido en zigzag
2210054;13/01/2021;9:05:00 p. m.;Miércoles;2021;Enero;MOTOCICLETA;PARTICULAR;Acompañante;21;FEMENINO;HERIDOS;0;0;0;;CARRERA 48 CON CALLE 46 SUR;;LAS VEGAS;6.16644712875881, -75.5993127767276;CHOQUE;VEHICULO;NO REPORTADO;RESIDENCIAL;Normal;Adelantar invadiendo carril del mismo sentido en zigzag
2210055;17/01/2021;7:40:00 p. m.;Domingo;2021;Enero;MOTOCICLETA;PARTICULAR;Motociclista;29;MASCULINO;HERIDOS;0;0;0;;CALLE 25A SUR CON CARRERA 43A;;VILLA GRANDE;6.181529385474043, -75.58178895761512;OTRO;NO REPORTADO;NO REPORTADO;COMERCIAL;Normal;Impericia en el manejo
2210056;13/01/2021;8:10:00 p. m.;Miércoles;2021;Enero;MOTOCICLETA;PARTICULAR;Motociclista;27;MASCULINO;HERIDOS;0;0;0;;CARRERA 50 CON CALLE 25A SUR;;LAS VEGAS;6.186597, -75.584900;CAIDA OCUPANTE;NO REPORTADO;NO REPORTADO;RESIDENCIAL;Normal;Impericia en el manejo
2210056;13/01/2021;8:10:00 p. m.;Miércoles;2021;Enero;MOTOCICLETA;PARTICULAR;Acompañante;18;FEMENINO;HERIDOS;0;0;0;;CARRERA 50 CON CALLE 25A SUR;;LAS VEGAS;6.186597, -75.584900;CAIDA OCUPANTE;NO REPORTADO;NO REPORTADO;RESIDENCIAL;Normal;Impericia en el manejo
2210057;16/01/2021;2:20:00 p. m.;Sábado;2021;Enero;BICICLETA;;Ciclista;29;MASCULINO;HERIDOS;0;0;0;;CARRERA 48 CON CALLE 25AA SUR;;LAS VEGAS;6.184167015367453, -75.58477389903871;CHOQUE;VEHICULO;NO REPORTADO;RESIDENCIAL;Normal;Impericia en el manejo  -  No mantener distancia de seguridad
2210058;16/01/2021;8:45:00 p. m.;Sábado;2021;Enero;MOTOCICLETA;PARTICULAR;Peaton;70;MASCULINO;HERIDOS;0;0;0;;CALLE 38 SUR CON CARRERA 35;;MESA;6.167171489707209, -75.58319341510318;ATROPELLO;NO REPORTADO;NO REPORTADO;RESIDENCIAL;Normal;Transitar por la calzada
2210058;16/01/2021;8:45:00 p. m.;Sábado;2021;Enero;MOTOCICLETA;PARTICULAR;Motociclista;21;FEMENINO;HERIDOS;0;0;0;;CALLE 38 SUR CON CARRERA 35;;MESA;6.167171489707209, -75.58319341510318;ATROPELLO;NO REPORTADO;NO REPORTADO;RESIDENCIAL;Normal;Transitar por la calzada
2210062;18/01/2021;5:05:00 p. m.;Lunes;2021;Enero;AUTOMOVIL;PARTICULAR;Conductor;27;FEMENINO;HERIDOS;0;0;0;;CARRERA 48 CON CALLE 31 SUR;;LAS VEGAS;6.178553796513918, -75.58889713626496;CHOQUE;VEHICULO;NO REPORTADO;RESIDENCIAL;Normal;No mantener distancia de seguridad
2210064;17/01/2021;8:50:00 p. m.;Domingo;2021;Enero;MOTOCICLETA;OFICIAL;Motociclista;32;MASCULINO;HERIDOS;0;0;0;;CALLE 25 SUR CON CARRERA 43A;;BOSQUES DE ZUÑIGA;6.18153009339727, -75.58124285744947;CHOQUE;VEHICULO;NO REPORTADO;RESIDENCIAL;Normal;Girar bruscamente
2210068;18/01/2021;6:55:00 a. m.;Lunes;2021;Enero;MOTOCICLETA;PARTICULAR;Motociclista;21;FEMENINO;HERIDOS;0;0;0;;CALLE 39 SUR CON CARRERA 27;;EL CHINGUÍ;6.158357765382434, -75.57868691896748;CHOQUE;VEHICULO;NO REPORTADO;INDUSTRIAL;Normal;No respetar pelacion de interseccion o giros