NRO_RADICADO;FECHA_ACCIDENTE;HORA_ACCIDENTE;Día de la semana;AÑO;MES;CLASE_VEHICULO;TIPO_SERVICIO;TIPO_VICTIMA;EDAD;GENERO;GRAVEDAD;ESTADO_BEODEZ;ESTADO_DROGA;RESULTADO_BEODEZ;RESUL_BEODEZ_GRAMOS;DIRECCION_CARACT_VIA;TRAMO_VIA;LOCALIDAD_O_COMUNA;    GEORREFERENCIACIÓN;DESC_CLASE_ACCIDENTE;DESC_CHOQUE_ACCIDENTE;DESC_OBJETO_FIJO;DESC_SECTOR_ACCIDENTE;CONDICION_CLIMATICA;CAUSA_ACCIDENTE
2210069;18/01/2021;5:50:00 p. m.;Lunes;2021;Enero;MOTOCICLETA;PARTICULAR;Motociclista;23;FEMENINO;HERIDOS;0;0;0;;CARRERA 48 CON CALLE 30 SUR;;LAS VEGAS;6.179496718217783, -75.58819458527805;CHOQUE;VEHICULO;NO REPORTADO;COMERCIAL;Normal;Otra-Conductor
2210069;18/01/2021;5:50:00 p. m.;Lunes;2021;Enero;MOTOCICLETA;PARTICULAR;Motociclista;42;MASCULINO;HERIDOS;0;0;0;;CARRERA 48 CON CALLE 30 SUR;;LAS VEGAS;6.179496718217783, -75.58819458527805;CHOQUE;VEHICULO;NO REPORTADO;COMERCIAL;Normal;Otra-Conductor
2210071;18/01/2021;4:40:00 p. m.;Lunes;2021;Enero;MOTOCICLETA;PARTICULAR;Motociclista;61;MASCULINO;HERIDOS;0;0;0;;CARRERA 48 CON CALLE 39 SUR;;LAS VEGAS;6.1718576878177105, -75.59371962854648;CHOQUE;VEHICULO;NO REPORTADO;RESIDENCIAL;Normal;Impericia en el manejo
2210071;18/01/2021;4:40:00 p. m.;Lunes;2021;Enero;MOTOCICLETA;PARTICULAR;Motociclista;25;FEMENINO;HERIDOS;0;0;0;;CARRERA 48 CON CALLE 39 SUR;;LAS VEGAS;6.1718576878177105, -75.59371962854648;CHOQUE;VEHICULO;NO REPORTADO;RESIDENCIAL;Normal;Impericia en el manejo
2210085;20/01/2021;7:50:00 a. m.;Miércoles;2021;Enero;MOTOCICLETA;PARTICULAR;Motociclista;21;MASCULINO;HERIDOS;0;0;0;;KILOMETRO 12+100;medellÃ­n palmas envigado (km 12 - km 16+700);VEREDA PALMAS;6.158957490993532, -75.51839778238718;CHOQUE;VEHICULO;NO REPORTADO;NO REPORTADO;Normal;Otra-Conductor
2210086;18/01/2021;9:00:00 p. m.;Lunes;2021;Enero;MOTOCICLETA;PARTICULAR;Motociclista;25;MASCULINO;HERIDOS;0;0;0;;CARRERA 50 CON CALLE 25 SUR;;LAS VEGAS;6.186957, -75.584471;CHOQUE;VEHICULO;NO REPORTADO;RESIDENCIAL;Normal;Otra-Conductor
2210086;18/01/2021;9:00:00 p. m.;Lunes;2021;Enero;MOTOCICLETA;PARTICULAR;Motociclista;27;MASCULINO;HERIDOS;0;0;0;;CARRERA 50 CON CALLE 25 SUR;;LAS VEGAS;6.186957, -75.584471;CHOQUE;VEHICULO;NO REPORTADO;RESIDENCIAL;Normal;Otra-Conductor
2210087;19/01/2021;5:40:00 p. m.;Martes;2021;Enero;BICICLETA;;Ciclista;37;MASCULINO;HERIDOS;0;0;0;;KILOMETRO 9+100;retiro varia palmas enviga (km 5+43 - km 14+ 550);VEREDA PANTANILLO;6.168123821637415, -75.50103455231465;CHOQUE;VEHICULO;NO REPORTADO;NO REPORTADO;Normal;Impericia en el manejo
2210091;21/01/2021;9:55:00 a. m.;Jueves;2021;Enero;AUTOMOVIL;PARTICULAR;Peaton;77;MASCULINO;HERIDOS;0;0;0;;DIAGONAL 31E CON TRANSVERSAL 32A SUR ;;LA MAGNOLIA;6.175862643119361, -75.58179016405103;ATROPELLO;NO REPORTADO;NO REPORTADO;RESIDENCIAL;Normal;Impericia en el manejo
2210092;21/01/2021;12:40:00 p. m.;Jueves;2021;Enero;MOTOCICLETA;PARTICULAR;Motociclista;33;MASCULINO;HERIDOS;0;0;0;;CALLE 48C SUR CON CARRERA 46;;PRIMAVERA;6.162997996277233, -75.59973883431006;CHOQUE;VEHICULO;NO REPORTADO;RESIDENCIAL;Normal;No respetar prelacion
2210093;21/01/2021;9:10:00 p. m.;Jueves;2021;Enero;MOTOCICLETA;PARTICULAR;Motociclista;18;MASCULINO;HERIDOS;0;0;0;;CARRERA 42B CON CALLE 46 SUR;;LA PAZ;6.162418963295912, -75.59437437663884;CHOQUE;VEHICULO;NO REPORTADO;RESIDENCIAL;Normal;No respetar pelacion de interseccion o giros
2210098;21/01/2021;7:00:00 p. m.;Jueves;2021;Enero;AUTOMOVIL;PARTICULAR;Peaton;78;MASCULINO;HERIDOS;0;0;0;;CALLE 40C SUR  CON CARRERA 31;;SAN JOSE;6.161519, -75.583447;ATROPELLO;NO REPORTADO;NO REPORTADO;RESIDENCIAL;Normal;Impericia en el manejo
2210101;21/01/2021;6:15:00 p. m.;Jueves;2021;Enero;AUTOMOVIL;PUBLICO;Pasajero;51;MASCULINO;HERIDOS;0;0;0;;CALLE 39 SUR CON CARRERA 47A;;ALCALA;6.171395931863049, -75.59341329875879;ATROPELLO;NO REPORTADO;NO REPORTADO;RESIDENCIAL;Normal;Arrancar sin precaucion
2210102;22/01/2021;4:50:00 p. m.;Viernes;2021;Enero;BICICLETA;;Ciclista;14;MASCULINO;HERIDOS;0;0;0;;CARRERA 42 CON CALLE 38A SUR;;ZONA CENTRO;6.169204194898023, -75.5877571901317;CHOQUE;VEHICULO;NO REPORTADO;RESIDENCIAL;Normal;Salirse de la calzada
2210103;22/01/2021;4:00:00 p. m.;Viernes;2021;Enero;MOTOCICLETA;PARTICULAR;Motociclista;33;MASCULINO;HERIDOS;0;0;0;;CALLE 45D SUR CON CARRERA 42D;;EL TRIANON;6.163468200938141, -75.59197686026934;CHOQUE;VEHICULO;NO REPORTADO;RESIDENCIAL;Normal;No respetar pelacion de interseccion o giros
2210104;21/01/2021;11:15:00 a. m.;Jueves;2021;Enero;CAMION;OFICIAL;Conductor;32;MASCULINO;HERIDOS;0;0;0;;CALLE 49D SUR  CON CARRERA 40A;;LOMA DEL BARRO;6.1595440296544375, -75.60009313109457;CHOQUE;OBJETO FIJO;OTRO TIPO;RESIDENCIAL;Normal;Impericia en el manejo
2210104;21/01/2021;11:15:00 a. m.;Jueves;2021;Enero;CAMION;OFICIAL;Acompañante;45;FEMENINO;HERIDOS;0;0;0;;CALLE 49D SUR  CON CARRERA 40A;;LOMA DEL BARRO;6.1595440296544375, -75.60009313109457;CHOQUE;OBJETO FIJO;OTRO TIPO;RESIDENCIAL;Normal;Impericia en el manejo
2210105;24/01/2021;8:00:00 a. m.;Domingo;2021;Enero;MICROBUS;PUBLICO;Pasajero;57;FEMENINO;HERIDOS;0;0;0;;CALLE 38 SUR CON CARRERA 43;;ZONA CENTRO;6.1701101880249585, -75.58791789996444;CAIDA OCUPANTE;NO REPORTADO;NO REPORTADO;COMERCIAL;Normal;Otra-Pasajero-Acompañante
2210106;23/01/2021;8:35:00 a. m.;Sábado;2021;Enero;AUTOMOVIL;PUBLICO;Pasajero;70;FEMENINO;HERIDOS;0;0;0;;CARRERA 43 A CON CALLE 37 SUR;;ZONA CENTRO;6.17138086037893, -75.58809970187187;CHOQUE;VEHICULO;NO REPORTADO;RESIDENCIAL;Normal;Girar bruscamente  -  No mantener distancia de seguridad
2210106;23/01/2021;8:35:00 a. m.;Sábado;2021;Enero;AUTOMOVIL;PUBLICO;Conductor;66;MASCULINO;HERIDOS;0;0;0;;CARRERA 43 A CON CALLE 37 SUR;;ZONA CENTRO;6.17138086037893, -75.58809970187187;CHOQUE;VEHICULO;NO REPORTADO;RESIDENCIAL;Normal;Girar bruscamente  -  No mantener distancia de seguridad
2210107;23/01/2021;10:30:00 p. m.;Sábado;2021;Enero;MOTOCICLETA;PARTICULAR;Motociclista;33;MASCULINO;HERIDOS;0;0;0;;CARRERA 50 CON CALLE 30 SUR;;LAS VEGAS;6.180427, -75.590467;CHOQUE;OBJETO FIJO;OTRO TIPO;RESIDENCIAL;Normal;Impericia en el manejo
2210107;23/01/2021;10:30:00 p. m.;Sábado;2021;Enero;MOTOCICLETA;PARTICULAR;Acompañante;20;FEMENINO;HERIDOS;0;0;0;;CARRERA 50 CON CALLE 30 SUR;;LAS VEGAS;6.180427, -75.590467;CHOQUE;OBJETO FIJO;OTRO TIPO;RESIDENCIAL;Normal;Impericia en el manejo
2210108;25/01/2021;5:45:00 a. m.;Lunes;2021;Enero;MOTOCICLETA;PARTICULAR;Acompañante;19;MASCULINO;HERIDOS;0;0;0;;CARRERA 50 CON CALLE 29 SUR;;LAS VEGAS;6.182371, -75.589334;CHOQUE;VEHICULO;NO REPORTADO;RESIDENCIAL;Normal;Falta de se?ales en vehiculo varado
2210109;22/01/2021;1:30:00 p. m.;Viernes;2021;Enero;MOTOCICLETA;PARTICULAR;Motociclista;53;MASCULINO;HERIDOS;0;0;0;;CARRERA 24E CON CALLE 40 SUR;;EL SALADO;6.149728009398557, -75.57695556499537;CHOQUE;VEHICULO;NO REPORTADO;RESIDENCIAL;Normal;No mantener distancia de seguridad
2210110;21/01/2021;6:10:00 p. m.;Jueves;2021;Enero;MOTOCICLETA;PARTICULAR;Motociclista;59;MASCULINO;HERIDOS;0;0;0;;CARRERA 48 CON CALLE 39A SUR;;LAS VEGAS;6.171316054623571, -75.59424039958844;CHOQUE;VEHICULO;NO REPORTADO;RESIDENCIAL;Normal;Otra-Conductor
2210111;24/01/2021;2:40:00 p. m.;Domingo;2021;Enero;AUTOMOVIL;PARTICULAR;Conductor;26;MASCULINO;HERIDOS;0;0;0;;KILOMETRO 10+500;retiro varia palmas enviga (km 5+43 - km 14+ 550);VEREDA PANTANILLO;6.160100572528074, -75.50799125882878;CHOQUE;VEHICULO;NO REPORTADO;NO REPORTADO;Normal;Realizar giro en U
2210112;24/01/2021;1:30:00 p. m.;Domingo;2021;Enero;MOTOCICLETA;PARTICULAR;Motociclista;27;MASCULINO;HERIDOS;0;0;0;;KILOMETRO 14+900;medellÃ­n palmas envigado (km 12 - km 16+700);VEREDA PALMAS;6.152428865448503, -75.5466343771415;CAIDA OCUPANTE;NO REPORTADO;NO REPORTADO;NO REPORTADO;Normal;Impericia en el manejo
2210112;24/01/2021;1:30:00 p. m.;Domingo;2021;Enero;MOTOCICLETA;PARTICULAR;Acompañante;23;FEMENINO;HERIDOS;0;0;0;;KILOMETRO 14+900;medellÃ­n palmas envigado (km 12 - km 16+700);VEREDA PALMAS;6.152428865448503, -75.5466343771415;CAIDA OCUPANTE;NO REPORTADO;NO REPORTADO;NO REPORTADO;Normal;Impericia en el manejo
2210114;21/01/2021;6:30:00 a. m.;Jueves;2021;Enero;MOTOCICLETA;PARTICULAR;Motociclista;19;MASCULINO;HERIDOS;0;0;0;;CARRERA 27 CON CALLE 36B SUR ;;LA PRADERA;6.163419175990821, -75.5687060066216;CHOQUE;OBJETO FIJO;OTRO TIPO;RESIDENCIAL;Normal;Impericia en el manejo
2210114;21/01/2021;6:30:00 a. m.;Jueves;2021;Enero;MOTOCICLETA;PARTICULAR;Acompañante;37;FEMENINO;HERIDOS;0;0;0;;CARRERA 27 CON CALLE 36B SUR ;;LA PRADERA;6.163419175990821, -75.5687060066216;CHOQUE;OBJETO FIJO;OTRO TIPO;RESIDENCIAL;Normal;Impericia en el manejo
2210126;26/01/2021;3:00:00 p. m.;Martes;2021;Enero;BICICLETA;;Ciclista;33;MASCULINO;HERIDOS;0;0;0;;CARRERA 50 CON CALLE 50 SUR;;LAS VEGAS;6.162818, -75.604956;CHOQUE;VEHICULO;NO REPORTADO;RESIDENCIAL;Normal;Impericia en el manejo
2210127;26/01/2021;7:00:00 p. m.;Martes;2021;Enero;BICICLETA;;Ciclista;51;MASCULINO;HERIDOS;0;0;0;;CARRERA 49 CON CALLE 50 SUR;;LAS VEGAS;6.162818, -75.604956;CHOQUE;VEHICULO;NO REPORTADO;RESIDENCIAL;Normal;Adelantar por la derecha
2210128;26/01/2021;4:40:00 p. m.;Martes;2021;Enero;MOTOCICLETA;PARTICULAR;Motociclista;27;FEMENINO;HERIDOS;0;0;0;;TRANSVERSAL 27A SUR CON CARRERA 42B;;PONTE VEDRA;6.1782587573325545, -75.58227860556254;CHOQUE;VEHICULO;NO REPORTADO;RESIDENCIAL;Normal;Desobedecer señales
2210129;26/01/2021;10:30:00 p. m.;Martes;2021;Enero;MOTOCICLETA;PARTICULAR;Motociclista;19;MASCULINO;HERIDOS;0;0;0;;CARRERA 41 CON CALLE 40H SUR;;EL DORADO;6.164707629749811, -75.59050311896743;CHOQUE;VEHICULO;NO REPORTADO;RESIDENCIAL;Normal;Impericia en el manejo
2210141;27/01/2021;9:15:00 a. m.;Miércoles;2021;Enero;BICICLETA;;Ciclista;23;MASCULINO;HERIDOS;0;0;0;;CARRERA 43A CON CALLE 33B SUR;;SAN MARCOS;6.173355, -75.586842;CHOQUE;VEHICULO;NO REPORTADO;RESIDENCIAL;Normal;Transitar por vias prohibidas
2210141;27/01/2021;9:15:00 a. m.;Miércoles;2021;Enero;MOTOCICLETA;PARTICULAR;Motociclista;29;FEMENINO;HERIDOS;0;0;0;;CARRERA 43A CON CALLE 33B SUR;;SAN MARCOS;6.173355, -75.586842;CHOQUE;VEHICULO;NO REPORTADO;RESIDENCIAL;Normal;Transitar por vias prohibidas
2210142;28/01/2021;7:30:00 a. m.;Jueves;2021;Enero;MOTOCICLETA;PARTICULAR;Motociclista;31;MASCULINO;HERIDOS;0;0;0;;KILOMETRO 12+670;medellÃ­n palmas envigado (km 12 - km 16+700);VEREDA PALMAS;6.160194538372523, -75.52303454941797;CHOQUE;VEHICULO;NO REPORTADO;NO REPORTADO;Normal;No mantener distancia de seguridad
2210142;28/01/2021;7:30:00 a. m.;Jueves;2021;Enero;MOTOCICLETA;PARTICULAR;Acompañante;59;MASCULINO;HERIDOS;0;0;0;;KILOMETRO 12+670;medellÃ­n palmas envigado (km 12 - km 16+700);VEREDA PALMAS;6.160194538372523, -75.52303454941797;CHOQUE;VEHICULO;NO REPORTADO;NO REPORTADO;Normal;No mantener distancia de seguridad
2210143;30/01/2021;5:40:00 p. m.;Sábado;2021;Enero;MOTOCICLETA;PARTICULAR;Motociclista;28;MASCULINO;MUERTOS;0;0;0;;CARRERA 50 CON CALLE 48 SUR;;LAS VEGAS;6.166228, -75.602718;CHOQUE;OBJETO FIJO;VEHICULO ESTACIONADO;INDUSTRIAL;Normal;Otra-Conductor
2210145;31/01/2021;12:30:00 a. m.;Domingo;2021;Enero;MOTOCICLETA;PARTICULAR;Motociclista;19;FEMENINO;HERIDOS;0;0;0;;TRANSVERSAL 32 SUR CON CARRERA 43;;LA MAGNOLIA;6.175479292240416, -75.58519240556252;CHOQUE;VEHICULO;NO REPORTADO;RESIDENCIAL;Normal;Semaforo en rojo
2210145;31/01/2021;12:30:00 a. m.;Domingo;2021;Enero;MOTOCICLETA;PARTICULAR;Acompañante;21;FEMENINO;HERIDOS;0;0;0;;TRANSVERSAL 32 SUR CON CARRERA 43;;LA MAGNOLIA;6.175479292240416, -75.58519240556252;CHOQUE;VEHICULO;NO REPORTADO;RESIDENCIAL;Normal;Semaforo en rojo
2210146;30/01/2021;5:40:00 p. m.;Sábado;2021;Enero;MOTOCICLETA;PARTICULAR;Motociclista;54;MASCULINO;HERIDOS;0;0;0;;CALLE 36D SUR CON CARRERA 27G;;LA PRADERA;6.166228944011701, -75.57685620461436;CHOQUE;VEHICULO;NO REPORTADO;RESIDENCIAL;Normal;No mantener distancia de seguridad
2210146;30/01/2021;5:40:00 p. m.;Sábado;2021;Enero;MOTOCICLETA;PARTICULAR;Acompañante;43;MASCULINO;HERIDOS;0;0;0;;CALLE 36D SUR CON CARRERA 27G;;LA PRADERA;6.166228944011701, -75.57685620461436;CHOQUE;VEHICULO;NO REPORTADO;RESIDENCIAL;Normal;No mantener distancia de seguridad
2210147;28/01/2021;6:50:00 a. m.;Jueves;2021;Enero;BICICLETA;;Ciclista;33;MASCULINO;HERIDOS;0;0;0;;CALLE 37 SUR CON CARRERA 49;;LAS VEGAS;6.1746556253297795, -75.59367884780293;CHOQUE;VEHICULO;NO REPORTADO;RESIDENCIAL;Normal;Impericia en el manejo
2210148;28/01/2021;9:15:00 a. m.;Jueves;2021;Enero;MOTOCICLETA;PARTICULAR;Motociclista;31;MASCULINO;HERIDOS;0;0;0;;CARRERA 43A CON CALLE 45B SUR ;;LA PAZ;6.164932233301589, -75.59496469995943;CHOQUE;VEHICULO;NO REPORTADO;RESIDENCIAL;Normal;Adelantar invadiendo carril del mismo sentido en zigzag
2210149;30/01/2021;2:00:00 p. m.;Sábado;2021;Enero;MOTOCICLETA;PARTICULAR;Motociclista;37;MASCULINO;HERIDOS;0;0;0;;CARRERA 48 CON CALLE 29 SUR;;LAS VEGAS;6.179550523124199, -75.58835655854088;CHOQUE;VEHICULO;NO REPORTADO;RESIDENCIAL;Normal;No mantener distancia de seguridad
2210152;30/01/2021;5:30:00 p. m.;Sábado;2021;Enero;AUTOMOVIL;PUBLICO;Pasajero;65;FEMENINO;HERIDOS;0;0;0;;TRANSVERSAL 34D SUR CON DIAGONAL 33;;OBRERO;6.171015193862814, -75.58326454973779;CHOQUE;VEHICULO;NO REPORTADO;RESIDENCIAL;Normal;No respetar pelacion de interseccion o giros
2210164;31/01/2021;12:50:00 p. m.;Domingo;2021;Enero;MOTOCICLETA;PARTICULAR;Motociclista;36;MASCULINO;HERIDOS;0;0;0;;CARRERA 48 CON CALLE 40 SUR;;LAS VEGAS;6.170220061034249, -75.59578144973783;CHOQUE;VEHICULO;NO REPORTADO;RESIDENCIAL;Normal;No mantener distancia de seguridad
2210176;2/02/2021;12:45:00 p. m.;Martes;2021;Febrero;MOTOCICLETA;PARTICULAR;Motociclista;24;MASCULINO;HERIDOS;0;0;0;;DIAGONAL 40 CON CALLE 33B SUR;;BUCAREST;6.172496910888783, -75.58540154014689;CHOQUE;VEHICULO;NO REPORTADO;RESIDENCIAL;Normal;Desobedecer señales
2210177;1/02/2021;5:50:00 p. m.;Lunes;2021;Febrero;AUTOMOVIL;PUBLICO;Conductor;29;MASCULINO;HERIDOS;0;0;0;;CARRERA 33 CON CALLE 39 SUR;;MESA;6.164900183575172, -75.58300104892838;CHOQUE;VEHICULO;NO REPORTADO;RESIDENCIAL;Normal;Fallas en los frenos
2210182;4/02/2021;6:30:00 a. m.;Jueves;2021;Febrero;MOTOCICLETA;PARTICULAR;Motociclista;31;FEMENINO;HERIDOS;0;0;0;;KILOMETRO 0+500;el escobero - km 0-13);VEREDA EL ESCOBERO;6.150387517597056, -75.56258954271138;CHOQUE;OBJETO FIJO;ARBOL;NO REPORTADO;Normal;Impericia en el manejo
2210183;4/02/2021;3:00:00 p. m.;Jueves;2021;Febrero;MOTOCICLETA;PARTICULAR;Motociclista;21;MASCULINO;HERIDOS;0;0;0;;CARRERA 50 CON CALLE 26 SUR;;LAS VEGAS;6.184920, -75.587152;CHOQUE;VEHICULO;NO REPORTADO;RESIDENCIAL;Normal;Impericia en el manejo
2210183;4/02/2021;3:00:00 p. m.;Jueves;2021;Febrero;MOTOCICLETA;PARTICULAR;Acompañante;40;MASCULINO;HERIDOS;0;0;0;;CARRERA 50 CON CALLE 26 SUR;;LAS VEGAS;6.184920, -75.587152;CHOQUE;VEHICULO;NO REPORTADO;RESIDENCIAL;Normal;Impericia en el manejo
2210184;4/02/2021;9:10:00 a. m.;Jueves;2021;Febrero;CAMION;PUBLICO;Conductor;24;MASCULINO;HERIDOS;0;0;0;;KILOMETRO 12+060;medellÃ­n palmas envigado (km 12 - km 16+700);VEREDA PALMAS;6.1590642942747, -75.51796392462535;VOLCAMIENTO;NO REPORTADO;NO REPORTADO;NO REPORTADO;Normal;Impericia en el manejo
2210190;3/02/2021;9:40:00 a. m.;Miércoles;2021;Febrero;MOTOCICLETA;PARTICULAR;Acompañante;24;FEMENINO;HERIDOS;0;0;0;;DIAGONAL 32 CON TRANSVERSAL 32 SUR;;LA MAGNOLIA;6.176124310882873, -75.58273631700597;CHOQUE;VEHICULO;NO REPORTADO;RESIDENCIAL;Normal;Desobedecer señales
2210190;3/02/2021;9:40:00 a. m.;Miércoles;2021;Febrero;MOTOCICLETA;PARTICULAR;Motociclista;26;MASCULINO;HERIDOS;0;0;0;;DIAGONAL 32 CON TRANSVERSAL 32 SUR;;LA MAGNOLIA;6.176124310882873, -75.58273631700597;CHOQUE;VEHICULO;NO REPORTADO;RESIDENCIAL;Normal;Desobedecer señales
2210191;4/02/2021;5:00:00 p. m.;Jueves;2021;Febrero;MOTOCICLETA;PARTICULAR;Motociclista;18;FEMENINO;HERIDOS;0;0;0;;CARRERA 27C CON CALLE 39 SUR;;SAN JOSE;6.1595309663513484, -75.57898270732393;CHOQUE;VEHICULO;NO REPORTADO;RESIDENCIAL;Normal;Girar bruscamente
2210192;4/02/2021;9:00:00 p. m.;Jueves;2021;Febrero;MOTOCICLETA;PARTICULAR;Acompañante;30;FEMENINO;HERIDOS;0;0;0;;CARRERA 50 CON CALLE 36 SUR;;LAS VEGAS;6.176858, -75.593221;CHOQUE;OBJETO FIJO;OTRO TIPO;RESIDENCIAL;Normal;Otra-Via
2210193;4/02/2021;5:20:00 p. m.;Jueves;2021;Febrero;MOTOCICLETA;PARTICULAR;Motociclista;34;MASCULINO;HERIDOS;0;0;0;;KILOMETRO 12+800;retiro varia palmas enviga (km 5+43 - km 14+ 550);VEREDA PALMAS;6.160064818726609, -75.52404334097294;CHOQUE;VEHICULO;NO REPORTADO;NO REPORTADO;Normal;Desobedecer señales
2210199;5/02/2021;2:00:00 p. m.;Viernes;2021;Febrero;AUTOMOVIL;PARTICULAR;Peaton;1;FEMENINO;HERIDOS;0;0;0;;CALLE 40D SUR CON CARRERA 40;;EL DORADO;6.165322654562875, -75.58792276386689;ATROPELLO;NO REPORTADO;NO REPORTADO;RESIDENCIAL;Normal;Cruzar sin observar
2210200;5/02/2021;8:30:00 a. m.;Viernes;2021;Febrero;MOTOCICLETA;PARTICULAR;Motociclista;54;MASCULINO;HERIDOS;0;0;0;;CALLE 46 SUR CON CARRERA 43A;;PRIMAVERA;6.164081, -75.596104;CHOQUE;VEHICULO;NO REPORTADO;RESIDENCIAL;Normal;Impericia en el manejo
2210201;6/02/2021;3:50:00 p. m.;Sábado;2021;Febrero;MOTOCICLETA;PARTICULAR;Motociclista;25;MASCULINO;HERIDOS;0;0;0;;CALLE 36D SUR CON CARRERA 27C;;LA PRADERA;6.164125937334176, -75.5734242335789;CHOQUE;VEHICULO;NO REPORTADO;RESIDENCIAL;Normal;No respetar pelacion de interseccion o giros  -  Transitar entre vehiculos
2210201;6/02/2021;3:50:00 p. m.;Sábado;2021;Febrero;MOTOCICLETA;PARTICULAR;Acompañante;19;FEMENINO;HERIDOS;0;0;0;;CALLE 36D SUR CON CARRERA 27C;;LA PRADERA;6.164125937334176, -75.5734242335789;CHOQUE;VEHICULO;NO REPORTADO;RESIDENCIAL;Normal;No respetar pelacion de interseccion o giros  -  Transitar entre vehiculos
2210206;6/02/2021;8:00:00 a. m.;Sábado;2021;Febrero;MOTOCICLETA;PARTICULAR;Motociclista;33;MASCULINO;HERIDOS;0;0;0;;CALLE 21 SUR CON CARRERA 43A;;ZUÑIGA;6.183880817132132, -75.57952398624843;OTRO;NO REPORTADO;NO REPORTADO;RESIDENCIAL;Normal;Impericia en el manejo
2210211;7/02/2021;7:10:00 p. m.;Domingo;2021;Febrero;CAMIONETA;PARTICULAR;Peaton;71;FEMENINO;HERIDOS;1;0;2;140;CALLE 40 SUR CON CARRERA 24C;;EL SALADO;6.168173520824159, -75.59144649130353;ATROPELLO;NO REPORTADO;NO REPORTADO;RESIDENCIAL;Normal;Embriaguez o droga
2210211;7/02/2021;7:10:00 p. m.;Domingo;2021;Febrero;CAMIONETA;PARTICULAR;Peaton;70;FEMENINO;HERIDOS;1;0;2;140;CALLE 40 SUR CON CARRERA 24C;;EL SALADO;6.168173520824159, -75.59144649130353;ATROPELLO;NO REPORTADO;NO REPORTADO;RESIDENCIAL;Normal;Embriaguez o droga
2210212;6/02/2021;8:40:00 a. m.;Sábado;2021;Febrero;MOTOCICLETA;PARTICULAR;Motociclista;29;FEMENINO;HERIDOS;0;0;0;;CARRERA 41 CON CALLE 37 SUR;;ZONA CENTRO;6.169845088155714, -75.58621573454411;CHOQUE;VEHICULO;NO REPORTADO;RESIDENCIAL;Normal;No respetar pelacion de interseccion o giros
2210213;6/02/2021;3:30:00 p. m.;Sábado;2021;Febrero;MOTOCICLETA;PARTICULAR;Motociclista;23;MASCULINO;HERIDOS;0;0;0;;CARRERA 50 CON CALLE 21 SUR;;LAS VEGAS;6.187694, -75.583733;CHOQUE;VEHICULO;NO REPORTADO;RESIDENCIAL;Normal;Falta de se?ales en vehiculo varado  -  Impericia en el manejo
2210213;6/02/2021;3:30:00 p. m.;Sábado;2021;Febrero;MOTOCICLETA;PARTICULAR;Acompañante;17;MASCULINO;HERIDOS;0;0;0;;CARRERA 50 CON CALLE 21 SUR;;LAS VEGAS;6.187694, -75.583733;CHOQUE;VEHICULO;NO REPORTADO;RESIDENCIAL;Normal;Falta de se?ales en vehiculo varado  -  Impericia en el manejo
2210214;8/02/2021;5:30:00 p. m.;Lunes;2021;Febrero;MOTOCICLETA;PARTICULAR;Motociclista;33;MASCULINO;HERIDOS;0;0;0;;CARRERA 50 CON CALLE 32B SUR;;LAS VEGAS;6.178263, -75.591897;CHOQUE;VEHICULO;NO REPORTADO;RESIDENCIAL;Normal;Transitar entre vehiculos
2210215;8/02/2021;2:50:00 p. m.;Lunes;2021;Febrero;MOTOCICLETA;PARTICULAR;Motociclista;23;MASCULINO;HERIDOS;0;0;0;;CARRERA 48 CON CALLE 40 SUR;;LAS VEGAS;6.170094908510275, -75.5952865526121;CHOQUE;VEHICULO;NO REPORTADO;RESIDENCIAL;Normal;Adelantar invadiendo carril del mismo sentido en zigzag
2210231;5/02/2021;7:20:00 p. m.;Viernes;2021;Febrero;MOTOCICLETA;PARTICULAR;Motociclista;19;MASCULINO;HERIDOS;0;0;0;;CARRERA 48  CON CALLE 27A SUR;;LAS VEGAS;6.181420758980285, -75.58688275640262;CHOQUE;VEHICULO;NO REPORTADO;RESIDENCIAL;Normal;No mantener distancia de seguridad
2210235;6/02/2021;9:10:00 a. m.;Sábado;2021;Febrero;CAMIONETA;PUBLICO;Peaton;70;FEMENINO;HERIDOS;0;0;0;;CARRERA 29B CON CALLE 40F SUR;;SAN RAFAEL;6.1601299284698, -75.58410799479715;ATROPELLO;NO REPORTADO;NO REPORTADO;RESIDENCIAL;Normal;Reverso imprudente
2210237;8/02/2021;6:00:00 p. m.;Lunes;2021;Febrero;MOTOCICLETA;PARTICULAR;Acompañante;50;FEMENINO;HERIDOS;0;0;0;;CALLE 46E SUR CON CARRERA 42A;;EL TRIANON;6.1604411244744695, -75.59494338641626;ATROPELLO;NO REPORTADO;NO REPORTADO;RESIDENCIAL;Normal;Impericia en el manejo
2210238;8/02/2021;6:00:00 p. m.;Lunes;2021;Febrero;MOTOCICLETA;PARTICULAR;Motociclista;35;FEMENINO;HERIDOS;0;0;0;;CARRERA 48 CON CALLE 37 SUR;;LAS VEGAS;6.173473352424915, -75.59256588595376;CHOQUE;VEHICULO;NO REPORTADO;RESIDENCIAL;Normal;Impericia en el manejo
2210239;9/02/2021;9:45:00 p. m.;Martes;2021;Febrero;MOTOCICLETA;PARTICULAR;Motociclista;38;MASCULINO;HERIDOS;0;0;0;;CARRERA 43A CON CALLE 35 SUR;;SAN MARCOS;6.17241365693609, -75.58737528435859;CHOQUE;VEHICULO;NO REPORTADO;RESIDENCIAL;Normal;Otra-Conductor
2210252;10/02/2021;11:50:00 a. m.;Miércoles;2021;Febrero;BUSETA;PUBLICO;Pasajero;58;FEMENINO;HERIDOS;0;0;0;;CARRERA 49 CON CALLE 37 SUR;;LAS VEGAS;6.175555, -75.594665;CAIDA OCUPANTE;NO REPORTADO;NO REPORTADO;RESIDENCIAL;Normal;Poner en marcha un vehiculo sin precauci