NRO_RADICADO;FECHA_ACCIDENTE;HORA_ACCIDENTE;Día de la semana;AÑO;MES;CLASE_VEHICULO;TIPO_SERVICIO;TIPO_VICTIMA;EDAD;GENERO;GRAVEDAD;ESTADO_BEODEZ;ESTADO_DROGA;RESULTADO_BEODEZ;RESUL_BEODEZ_GRAMOS;DIRECCION_CARACT_VIA;TRAMO_VIA;LOCALIDAD_O_COMUNA;    GEORREFERENCIACIÓN;DESC_CLASE_ACCIDENTE;DESC_CHOQUE_ACCIDENTE;DESC_OBJETO_FIJO;DESC_SECTOR_ACCIDENTE;CONDICION_CLIMATICA;CAUSA_ACCIDENTE
2210253;11/02/2021;8:00:00 a. m.;Jueves;2021;Febrero;MOTOCICLETA;PARTICULAR;Motociclista;19;MASCULINO;HERIDOS;0;0;0;;CALLE 38 SUR CON CARRERA 47A;;ALCALA;6.172513837337187, -75.59233849843999;CHOQUE;VEHICULO;NO REPORTADO;RESIDENCIAL;Normal;Impericia en el manejo
2210253;11/02/2021;8:00:00 a. m.;Jueves;2021;Febrero;MOTOCICLETA;PARTICULAR;Acompañante;20;FEMENINO;HERIDOS;0;0;0;;CALLE 38 SUR CON CARRERA 47A;;ALCALA;6.172513837337187, -75.59233849843999;CHOQUE;VEHICULO;NO REPORTADO;RESIDENCIAL;Normal;Impericia en el manejo
2210254;9/02/2021;5:40:00 p. m.;Martes;2021;Febrero;MOTOCICLETA;PARTICULAR;Motociclista;29;FEMENINO;HERIDOS;0;0;0;;CARRERA 32 CON CALLE 38 SUR;;MESA;6.165971261363054, -75.58162996050557;CHOQUE;VEHICULO;NO REPORTADO;RESIDENCIAL;Normal;No respetar prelacion
2210255;10/02/2021;6:00:00 p. m.;Miércoles;2021;Febrero;CAMIONETA;PARTICULAR;Conductor;51;FEMENINO;HERIDOS;0;0;0;;KILOMETRO 16;medellÃ­n palmas envigado (km 12 - km 16+700);VEREDA PALMAS;6.153624632250411, -75.53878577740348;CHOQUE;VEHICULO;NO REPORTADO;NO REPORTADO;Normal;Impericia en el manejo
2210256;10/02/2021;11:00:00 a. m.;Miércoles;2021;Febrero;MOTOCICLETA;PARTICULAR;Motociclista;35;FEMENINO;HERIDOS;0;0;0;;CALLE 38A SUR CON CARRERA 41;;ZONA CENTRO;6.16854869443766, -75.58701474780311;CHOQUE;VEHICULO;NO REPORTADO;RESIDENCIAL;Normal;No mantener distancia de seguridad
2210260;10/02/2021;4:50:00 p. m.;Miércoles;2021;Febrero;MOTOCICLETA;PARTICULAR;Motociclista;38;MASCULINO;HERIDOS;0;0;0;;CARRERA 50 CON CALLE 45 SUR;;LAS VEGAS;6.169144, -75.602028;CHOQUE;VEHICULO;NO REPORTADO;RESIDENCIAL;Normal;Impericia en el manejo
2210263;11/02/2021;9:10:00 a. m.;Jueves;2021;Febrero;MOTOCICLETA;PARTICULAR;Motociclista;34;MASCULINO;HERIDOS;0;0;0;;CARRERA 50 CON CALLE 19 SUR;;LAS VEGAS;6.188167, -75.583364;CHOQUE;VEHICULO;NO REPORTADO;RESIDENCIAL;Normal;Impericia en el manejo
2210264;12/02/2021;5:00:00 p. m.;Viernes;2021;Febrero;MOTOCICLETA;PARTICULAR;Motociclista;35;MASCULINO;HERIDOS;0;0;0;;CARRERA 48 CON CALLE 37 SUR;;LAS VEGAS;6.173473352424915, -75.59256588595376;CHOQUE;VEHICULO;NO REPORTADO;RESIDENCIAL;Normal;Poner en marcha un vehiculo sin precauci
2210265;14/02/2021;1:50:00 p. m.;Domingo;2021;Febrero;MOTOCICLETA;PARTICULAR;Motociclista;19;FEMENINO;HERIDOS;0;0;0;;CARRERA 48 CON CALLE 32 SUR;;LAS VEGAS;6.177553494684281, -75.58959170100616;CHOQUE;VEHICULO;NO REPORTADO;RESIDENCIAL;Lluvia;Transitar entre vehiculos
2210290;15/02/2021;1:05:00 p. m.;Lunes;2021;Febrero;MOTOCICLETA;PARTICULAR;Motociclista;38;MASCULINO;HERIDOS;0;0;0;;CARRERA 43A CON CALLE 45 SUR;;LA PAZ;6.165162415926453, -75.5945335574843;CHOQUE;VEHICULO;NO REPORTADO;RESIDENCIAL;Normal;No mantener distancia de seguridad
2210291;15/02/2021;3:30:00 p. m.;Lunes;2021;Febrero;MOTOCICLETA;PARTICULAR;Peaton;70;MASCULINO;HERIDOS;0;0;0;;CALLE 40 SUR CON CARRERA 28B;;SAN JOSE;6.160790157617799, -75.58156457317672;ATROPELLO;NO REPORTADO;NO REPORTADO;RESIDENCIAL;Normal;Salir por delante de un vehiculo
2210292;16/02/2021;1:17:00 p. m.;Martes;2021;Febrero;MOTOCICLETA;PARTICULAR;Motociclista;41;MASCULINO;HERIDOS;1;0;3;180;CARRERA 26 CON CALLE 40B SUR;;LA MINA;6.157487725017516, -75.58157461297473;ATROPELLO;NO REPORTADO;NO REPORTADO;RESIDENCIAL;Normal;Embriaguez o droga
2210292;16/02/2021;1:17:00 p. m.;Martes;2021;Febrero;MOTOCICLETA;PARTICULAR;Peaton;22;FEMENINO;HERIDOS;1;0;3;180;CARRERA 26 CON CALLE 40B SUR;;LA MINA;6.157487725017516, -75.58157461297473;ATROPELLO;NO REPORTADO;NO REPORTADO;RESIDENCIAL;Normal;Embriaguez o droga
2210300;16/02/2021;9:20:00 a. m.;Martes;2021;Febrero;MOTOCICLETA;PARTICULAR;Motociclista;47;MASCULINO;HERIDOS;0;0;0;;CARRERA 48 CON CALLE 27 A SUR;;LAS VEGAS;6.181410438140179, -75.5868859596539;CHOQUE;VEHICULO;NO REPORTADO;RESIDENCIAL;Normal;Adelantar cerrando
2210301;16/02/2021;7:00:00 p. m.;Martes;2021;Febrero;MOTOCICLETA;PARTICULAR;Peaton;54;MASCULINO;HERIDOS;0;0;0;;calle 36D SUR CON CARRERA 24;;VEREDA EL ESCOBERO;6.154864559902975, -75.56670177068463;ATROPELLO;NO REPORTADO;NO REPORTADO;RESIDENCIAL;Normal;Cruzar sin observar
2210307;18/02/2021;2:00:00 p. m.;Jueves;2021;Febrero;MOTOCICLETA;PARTICULAR;Motociclista;44;FEMENINO;HERIDOS;0;0;0;;CARRERA 48 CON CALLE 40 SUR;;LAS VEGAS;6.170094244561219, -75.59529078581004;CHOQUE;VEHICULO;NO REPORTADO;RESIDENCIAL;Normal;No mantener distancia de seguridad
2210308;16/02/2021;11:20:00 a. m.;Martes;2021;Febrero;MOTOCICLETA;PARTICULAR;Motociclista;34;MASCULINO;HERIDOS;0;0;0;;CALLE 37 SUR CON CARRERA 28C;;LA PRADERA;6.165912924032769, -75.57876512810729;ATROPELLO;NO REPORTADO;NO REPORTADO;RESIDENCIAL;Normal;Otra-Conductor
2210308;16/02/2021;11:20:00 a. m.;Martes;2021;Febrero;MOTOCICLETA;PARTICULAR;Peaton;20;MASCULINO;HERIDOS;0;0;0;;CALLE 37 SUR CON CARRERA 28C;;LA PRADERA;6.165912924032769, -75.57876512810729;ATROPELLO;NO REPORTADO;NO REPORTADO;RESIDENCIAL;Normal;Otra-Conductor
2210308;16/02/2021;11:20:00 a. m.;Martes;2021;Febrero;MOTOCICLETA;PARTICULAR;Acompañante;14;FEMENINO;HERIDOS;0;0;0;;CALLE 37 SUR CON CARRERA 28C;;LA PRADERA;6.165912924032769, -75.57876512810729;ATROPELLO;NO REPORTADO;NO REPORTADO;RESIDENCIAL;Normal;Otra-Conductor
2210309;18/02/2021;9:40:00 a. m.;Jueves;2021;Febrero;AUTOMOVIL;PARTICULAR;Peaton;56;MASCULINO;HERIDOS;0;0;0;;TRANSVERSAL 34D SUR CON DIAGONAL 33;;OBRERO;6.170829055682727, -75.58321626953581;ATROPELLO;NO REPORTADO;NO REPORTADO;RESIDENCIAL;Normal;Pararse sobre la calzada
2210329;20/02/2021;6:30:00 p. m.;Sábado;2021;Febrero;MOTOCICLETA;PARTICULAR;Motociclista;39;MASCULINO;HERIDOS;0;0;0;;CARRERA 50 CON CALLE 25A SUR;;LAS VEGAS;6.186597, -75.584900;CHOQUE;VEHICULO;NO REPORTADO;RESIDENCIAL;Normal;Otra-Conductor
2210330;19/02/2021;2:00:00 p. m.;Viernes;2021;Febrero;MOTOCICLETA;PARTICULAR;Motociclista;28;MASCULINO;HERIDOS;0;0;0;;CARRERA 48 CON CALLE 30 SUR;;LAS VEGAS;6.179496718217783, -75.58819458527805;CHOQUE;VEHICULO;NO REPORTADO;RESIDENCIAL;Normal;No respetar pelacion de interseccion o giros
2210332;19/02/2021;4:08:00 p. m.;Viernes;2021;Febrero;MOTOCICLETA;PARTICULAR;Acompañante;33;FEMENINO;HERIDOS;0;0;0;;KILOMETRO 17;la esperanza;VEREDA PALMAS;6.145379544795867, -75.53394953880691;CAIDA OCUPANTE;NO REPORTADO;NO REPORTADO;NO REPORTADO;Normal;Impericia en el manejo  -  Superficie lisa
2210337;19/02/2021;12:35:00 p. m.;Viernes;2021;Febrero;MOTOCICLETA;PARTICULAR;Acompañante;29;MASCULINO;HERIDOS;0;0;0;;CARRERA 46A CON CALLE 42 SUR;;MILAN VALLEJUELOS;6.166372949801779, -75.59526978418178;CHOQUE;VEHICULO;NO REPORTADO;RESIDENCIAL;Normal;Impericia en el manejo
2210337;19/02/2021;12:35:00 p. m.;Viernes;2021;Febrero;MOTOCICLETA;PARTICULAR;Motociclista;36;MASCULINO;HERIDOS;0;0;0;;CARRERA 46A CON CALLE 42 SUR;;MILAN VALLEJUELOS;6.166372949801779, -75.59526978418178;CHOQUE;VEHICULO;NO REPORTADO;RESIDENCIAL;Normal;Impericia en el manejo
2210338;20/02/2021;1:50:00 p. m.;Sábado;2021;Febrero;MOTOCICLETA;PARTICULAR;Motociclista;25;MASCULINO;HERIDOS;0;0;0;;KILOMETRO 5+600;pantanill;VEREDA PANTANILLO;6.169440721343032, -75.47972959999349;CHOQUE;VEHICULO;NO REPORTADO;NO REPORTADO;Normal;Otra-Conductor
2210339;22/02/2021;8:10:00 a. m.;Lunes;2021;Febrero;MOTOCICLETA;PARTICULAR;Acompañante;37;FEMENINO;HERIDOS;0;0;0;;CARRERA 27AA  CON CALLE 37B SUR;;LOMA DE LAS BRUJAS;6.159861379240949, -75.57478455857456;CHOQUE;VEHICULO;NO REPORTADO;RESIDENCIAL;Normal;Reverso imprudente
2210340;22/02/2021;2:10:00 p. m.;Lunes;2021;Febrero;MOTOCICLETA;PARTICULAR;Motociclista;29;FEMENINO;HERIDOS;0;0;0;;CARRERA 48 CON CALLE 46A SUR;;LAS VEGAS;6.166203828850465, -75.59963570152816;CHOQUE;VEHICULO;NO REPORTADO;RESIDENCIAL;Normal;No mantener distancia de seguridad
2210344;22/02/2021;12:10:00 p. m.;Lunes;2021;Febrero;MOTOCICLETA;PARTICULAR;Motociclista;27;FEMENINO;HERIDOS;0;0;0;;CALLE 33B SUR CON CARRERA 42;;ZONA CENTRO;6.172457635676793, -75.58557632314545;CHOQUE;VEHICULO;NO REPORTADO;RESIDENCIAL;Normal;Desobedecer señales
2210345;23/02/2021;10:28:00 a. m.;Martes;2021;Febrero;MOTOCICLETA;PARTICULAR;Motociclista;51;MASCULINO;HERIDOS;0;0;0;;CALLE 25 SUR CON CARRERA 46;;BOSQUES DE ZUÑIGA;6.183003887027276, -75.58263125101035;CHOQUE;VEHICULO;NO REPORTADO;RESIDENCIAL;Normal;Adelantar cerrando
2210352;24/02/2021;9:45:00 a. m.;Miércoles;2021;Febrero;MOTOCICLETA;PARTICULAR;Acompañante;21;FEMENINO;HERIDOS;0;0;0;;CARRERA 43A CON CALLE 29 SUR;;PONTE VEDRA;6.178005, -75.584472;CAIDA OCUPANTE;NO REPORTADO;NO REPORTADO;RESIDENCIAL;Normal;Otra-Via
2210352;24/02/2021;9:45:00 a. m.;Miércoles;2021;Febrero;MOTOCICLETA;PARTICULAR;Motociclista;41;MASCULINO;HERIDOS;0;0;0;;CARRERA 43A CON CALLE 29 SUR;;PONTE VEDRA;6.178005, -75.584472;CAIDA OCUPANTE;NO REPORTADO;NO REPORTADO;RESIDENCIAL;Normal;Otra-Via
2210354;23/02/2021;11:00:00 a. m.;Martes;2021;Febrero;MOTOCICLETA;PARTICULAR;Acompañante;31;FEMENINO;HERIDOS;0;0;0;;CALLE 49D SUR CON CARRERA 40A;;LOMA DEL BARRO;6.1561236944826145, -75.60064497040314;CAIDA OCUPANTE;NO REPORTADO;NO REPORTADO;RESIDENCIAL;Normal;Impericia en el manejo
2210357;23/02/2021;8:26:00 p. m.;Martes;2021;Febrero;BICICLETA;;Ciclista;38;FEMENINO;HERIDOS;0;0;0;;CALLE 39B SUR CON CARRERA 36;;MESA;6.1652483244687515, -75.58511174778852;CHOQUE;VEHICULO;NO REPORTADO;RESIDENCIAL;Normal;Transitar en contravia
2210358;24/02/2021;5:10:00 p. m.;Miércoles;2021;Febrero;MOTOCICLETA;PARTICULAR;Peaton;31;MASCULINO;HERIDOS;0;0;0;;CALLE 37 SUR CON CARRERA 43;;ZONA CENTRO;6.170648227467204, -75.58753946808044;ATROPELLO;NO REPORTADO;NO REPORTADO;RESIDENCIAL;Normal;Cruzar sin observar  -  Otra-Conductor
2210364;26/02/2021;2:30:00 p. m.;Viernes;2021;Febrero;AUTOMOVIL;PARTICULAR;Conductor;35;MASCULINO;HERIDOS;0;0;0;;CALLE 37 SUR CON CARRERA 28C;;LA PRADERA;6.165628317189588, -75.57877453500659;CHOQUE;VEHICULO;NO REPORTADO;RESIDENCIAL;Normal;No mantener distancia de seguridad
2210364;26/02/2021;2:30:00 p. m.;Viernes;2021;Febrero;AUTOMOVIL;PARTICULAR;Acompañante;30;FEMENINO;HERIDOS;0;0;0;;CALLE 37 SUR CON CARRERA 28C;;LA PRADERA;6.165628317189588, -75.57877453500659;CHOQUE;VEHICULO;NO REPORTADO;RESIDENCIAL;Normal;No mantener distancia de seguridad
2210365;26/02/2021;5:00:00 p. m.;Viernes;2021;Febrero;MOTOCICLETA;PARTICULAR;Motociclista;50;MASCULINO;HERIDOS;0;0;0;;KILOMETRO 6+080;retiro varia palmas enviga (km 5+43 - km 14+ 550);VEREDA PERICO;6.1696399273071885, -75.48314108989231;CHOQUE;VEHICULO;NO REPORTADO;NO REPORTADO;Normal;Impericia en el manejo
2210366;27/02/2021;12:50:00 a. m.;Sábado;2021;Febrero;AUTOMOVIL;PUBLICO;Conductor;38;MASCULINO;HERIDOS;0;0;0;;CARRERA 50 CON CALLE 39 SUR;;LAS VEGAS;6.173831, -75.597143;CHOQUE;OBJETO FIJO;OTRO TIPO;RESIDENCIAL;Normal;Impericia en el manejo
2210367;27/02/2021;8:10:00 p. m.;Sábado;2021;Febrero;MOTOCICLETA;PARTICULAR;Peaton;41;FEMENINO;HERIDOS;0;0;0;;CARRERA 50 CON CALLE 32B SUR;;LAS VEGAS;6.178263, -75.591897;ATROPELLO;NO REPORTADO;NO REPORTADO;RESIDENCIAL;Normal;Transitar por la calzada
2210368;25/02/2021;9:30:00 a. m.;Jueves;2021;Febrero;MOTOCICLETA;PARTICULAR;Acompañante;22;FEMENINO;HERIDOS;0;0;0;;CARRERA 48 CON CALLE 40 SUR;;LAS VEGAS;6.170266222241513, -75.5953840595062;CHOQUE;VEHICULO;NO REPORTADO;RESIDENCIAL;Normal;Otra-Conductor
2210377;26/02/2021;7:20:00 p. m.;Viernes;2021;Febrero;MOTOCICLETA;PARTICULAR;Motociclista;37;MASCULINO;HERIDOS;0;0;0;;CARRERA 48 CON CALLE 39 SUR;;LAS VEGAS;6.171714159306098, -75.59370987137218;CHOQUE;VEHICULO;NO REPORTADO;RESIDENCIAL;Normal;No mantener distancia de seguridad
2210378;1/03/2021;12:05:00 a. m.;Lunes;2021;Marzo;CAMIONETA;PARTICULAR;Conductor;21;MASCULINO;HERIDOS;1;0;1;80;CARRERA 43A CON CALLE 25A SUR;;VILLA GRANDE;6.181561384966015, -75.58179968635444;VOLCAMIENTO;NO REPORTADO;NO REPORTADO;RESIDENCIAL;Normal;Embriaguez o droga
2210387;27/02/2021;1:50:00 p. m.;Sábado;2021;Febrero;MOTOCICLETA;PARTICULAR;Motociclista;47;FEMENINO;HERIDOS;0;0;0;;CALLE 40F SUR CON CARRERA 25A;;LA MINA;6.15610642895304, -75.58268225935237;CHOQUE;VEHICULO;NO REPORTADO;RESIDENCIAL;Normal;Adelantar invadiendo carril de sentido contrario
2210387;27/02/2021;1:50:00 p. m.;Sábado;2021;Febrero;MOTOCICLETA;PARTICULAR;Motociclista;21;FEMENINO;HERIDOS;0;0;0;;CALLE 40F SUR CON CARRERA 25A;;LA MINA;6.15610642895304, -75.58268225935237;CHOQUE;VEHICULO;NO REPORTADO;RESIDENCIAL;Normal;Adelantar invadiendo carril de sentido contrario
2210392;26/02/2021;6:08:00 p. m.;Viernes;2021;Febrero;MOTOCICLETA;PARTICULAR;Peaton;71;FEMENINO;HERIDOS;0;0;0;;TRANSVERSAL 34D SUR CON DIAGONAL 31F;;OBRERO;6.171831874427964, -75.58068416097791;ATROPELLO;NO REPORTADO;NO REPORTADO;RESIDENCIAL;Normal;Impericia en el manejo
2210392;26/02/2021;6:08:00 p. m.;Viernes;2021;Febrero;MOTOCICLETA;PARTICULAR;Peaton;67;FEMENINO;HERIDOS;0;0;0;;TRANSVERSAL 34D SUR CON DIAGONAL 31F;;OBRERO;6.171831874427964, -75.58068416097791;ATROPELLO;NO REPORTADO;NO REPORTADO;RESIDENCIAL;Normal;Impericia en el manejo
2210394;1/03/2021;3:45:00 p. m.;Lunes;2021;Marzo;AUTOMOVIL;PUBLICO;Pasajero;45;FEMENINO;HERIDOS;0;0;0;;CARRERA 43A CON CALLE 25A SUR;;VILLA GRANDE;6.181458302954116, -75.58176728439534;CHOQUE;VEHICULO;NO REPORTADO;RESIDENCIAL;Normal;No mantener distancia de seguridad
2210395;2/03/2021;10:15:00 p. m.;Martes;2021;Marzo;MOTOCICLETA;PARTICULAR;Motociclista;28;FEMENINO;HERIDOS;0;0;0;;CARRERA 29A CON CALLE 39 SUR;;SAN JOSE;6.161226489869979, -75.57974183963464;CAIDA OCUPANTE;NO REPORTADO;NO REPORTADO;RESIDENCIAL;Normal;Obstaculos en la via
2210397;28/02/2021;2:36:00 p. m.;Domingo;2021;Febrero;AUTOMOVIL;PARTICULAR;Acompañante;53;FEMENINO;HERIDOS;0;0;0;;CARRERA 43A CON CALLE 27A SUR;;PONTE VEDRA;6.1790555663486515, -75.58362768284597;CHOQUE;VEHICULO;NO REPORTADO;RESIDENCIAL;Normal;Semaforo en rojo
2210398;3/03/2021;7:30:00 p. m.;Miércoles;2021;Marzo;MOTOCICLETA;PARTICULAR;Motociclista;63;MASCULINO;HERIDOS;0;0;0;;CALLE 36D SUR CON CARRERA 25;;VEREDA EL ESCOBERO;6.157095811145837, -75.56752218957479;CHOQUE;VEHICULO;NO REPORTADO;RESIDENCIAL;Normal;Adelantar invadiendo carril del mismo sentido en zigzag
2210399;3/03/2021;4:55:00 p. m.;Miércoles;2021;Marzo;CAMIONETA;PARTICULAR;Conductor;35;MASCULINO;HERIDOS;0;0;0;;CARRERA 26 CON CALLE 41B SUR;;SAN RAFAEL;6.156114320597267, -75.58459268613855;CHOQUE;OBJETO FIJO;OTRO TIPO;RESIDENCIAL;Normal;Estacionar sin seguridad
2210400;3/03/2021;10:30:00 p. m.;Miércoles;2021;Marzo;MOTOCICLETA;PARTICULAR;Motociclista;24;MASCULINO;HERIDOS;0;0;0;;TRANSVERSAL 34C SUR CON DIAGONAL 32B;;OBRERO;6.171847450392144, -75.58198896750486;CHOQUE;VEHICULO;NO REPORTADO;RESIDENCIAL;Normal;Impericia en el manejo
2210400;3/03/2021;10:30:00 p. m.;Miércoles;2021;Marzo;MOTOCICLETA;PARTICULAR;Acompañante;22;MASCULINO;HERIDOS;0;0;0;;TRANSVERSAL 34C SUR CON DIAGONAL 32B;;OBRERO;6.171847450392144, -75.58198896750486;CHOQUE;VEHICULO;NO REPORTADO;RESIDENCIAL;Normal;Impericia en el manejo
2210405;5/03/2021;6:20:00 a. m.;Viernes;2021;Marzo;BICICLETA;PARTICULAR;Ciclista;63;MASCULINO;HERIDOS;0;0;0;;CARRERA 50 CON CALLE 37 SUR;;LAS VEGAS;6.175135, -75.595369;CHOQUE;VEHICULO;NO REPORTADO;RESIDENCIAL;Normal;Otra-Conductor
2210406;4/03/2021;6:00:00 a. m.;Jueves;2021;Marzo;MOTOCICLETA;PARTICULAR;Motociclista;37;MASCULINO;HERIDOS;0;0;0;;CARRERA 50 CON CALLE 49 SUR;;LAS VEGAS;6.164581, -75.603075;CHOQUE;VEHICULO;NO REPORTADO;RESIDENCIAL;Normal;Girar bruscamente  -  Impericia en el manejo
2210408;6/03/2021;5:20:00 p. m.;Sábado;2021;Marzo;MOTOCICLETA;PARTICULAR;Motociclista;54;MASCULINO;HERIDOS;0;0;0;;CALLE 37 SUR CON DIAGONAL 31;;LA PRADERA;6.1659299055643295, -75.58026839273028;CHOQUE;VEHICULO;NO REPORTADO;COMERCIAL;Normal;Otra-Conductor
2210409;6/03/2021;1:30:00 p. m.;Sábado;2021;Marzo;CAMPERO;PARTICULAR;Conductor;54;MASCULINO;HERIDOS;0;0;0;;CARRERA 42B CON CALLE 45B SUR ;;LA PAZ;6.164563679997676, -75.59478381543944;CHOQUE;VEHICULO;NO REPORTADO;RESIDENCIAL;Normal;Embriaguez o droga
2210409;6/03/2021;1:30:00 p. m.;Sábado;2021;Marzo;CAMPERO;PARTICULAR;Acompañante;32;MASCULINO;HERIDOS;0;0;0;;CARRERA 42B CON CALLE 45B SUR ;;LA PAZ;6.164563679997676, -75.59478381543944;CHOQUE;VEHICULO;NO REPORTADO;RESIDENCIAL;Normal;Embriaguez o droga
2210410;5/03/2021;8:20:00 p. m.;Viernes;2021;Marzo;MOTOCICLETA;PARTICULAR;Motociclista;28;MASCULINO;HERIDOS;0;0;0;;CARRERA 43A CON CALLE 40 SUR;;ALCALA;6.1680264118754184, -75.59023985443851;CHOQUE;VEHICULO;NO REPORTADO;RESIDENCIAL;Normal;Adelantar invadiendo carril del mismo sentido en zigzag
2210429;4/03/2021;5:13:00 a. m.;Jueves;2021;Marzo;MOTOCICLETA;PARTICULAR;Acompañante;22;FEMENINO;HERIDOS;0;0;0;;CARRERA 50 CON CALLE 50 SUR;;LAS VEGAS;6.162818, -75.604956;CAIDA OCUPANTE;NO REPORTADO;NO REPORTADO;RESIDENCIAL;Normal;Impericia en el manejo
2210429;4/03/2021;5:13:00 a. m.;Jueves;2021;Marzo;MOTOCICLETA;PARTICULAR;Motociclista;28;MASCULINO;HERIDOS;0;0;0;;CARRERA 50 CON CALLE 50 SUR;;LAS VEGAS;6.162818, -75.604956;CAIDA OCUPANTE;NO REPORTADO;NO REPORTADO;RESIDENCIAL;Normal;Impericia en el manejo
2210430;3/03/2021;6:10:00 p. m.;Miércoles;2021;Marzo;MOTOCICLETA;PARTICULAR;Motociclista;33;MASCULINO;HERIDOS;0;0;0;;CALLE 38 SUR CON CARRERA 43A;;ZONA CENTRO;6.1706926291467665, -75.58874098595419;CHOQUE;VEHICULO;NO REPORTADO;RESIDENCIAL;Normal;Semaforo en rojo
2210430;3/03/2021;6:10:00 p. m.;Miércoles;2021;Marzo;MOTOCICLETA;PARTICULAR;Motociclista;29;FEMENINO;HERIDOS;0;0;0;;CALLE 38 SUR CON CARRERA 43A;;ZONA CENTRO;6.1706926291467665, -75.58874098595419;CHOQUE;VEHICULO;NO REPORTADO;RESIDENCIAL;Normal;Semaforo en rojo
2210431;4/03/2021;8:30:00 p. m.;Jueves;2021;Marzo;MOTOCICLETA;PARTICULAR;Motociclista;48;MASCULINO;HERIDOS;0;0;0;;CARRERA 43A CON CALLE 32A SUR;;SAN MARCOS;6.175006615924732, -75.58612568380171;CHOQUE;VEHICULO;NO REPORTADO;RESIDENCIAL;Normal;Desobedecer señales
2210432;6/03/2021;3:30:00 p. m.;Sábado;2021;Marzo;MOTOCICLETA;PARTICULAR;Motociclista;40;MASCULINO;HERIDOS;0;0;0;;KILOMETRO 9;retiro varia palmas enviga (km 5+43 - km 14+ 550);VEREDA PANTANILLO;6.169094247046992, -75.50117064059633;CAIDA OCUPANTE;NO REPORTADO;NO REPORTADO;NO REPORTADO;Normal;Impericia en el manejo
2210432;6/03/2021;3:30:00 p. m.;Sábado;2021;Marzo;MOTOCICLETA;PARTICULAR;Acompañante;14;MASCULINO;HERIDOS;0;0;0;;KILOMETRO 9;retiro varia palmas enviga (km 5+43 - km 14+ 550);VEREDA PANTANILLO;6.169094247046992, -75.50117064059633;CAIDA OCUPANTE;NO REPORTADO;NO REPORTADO;NO REPORTADO;Normal;Impericia en el manejo
2210435;6/03/2021;2:25:00 p. m.;Sábado;2021;Marzo;MOTOCICLETA;PARTICULAR;Acompañante;23;MASCULINO;HERIDOS;0;0;0;;CARRERA 50 CON CALLE 39 SUR;;LAS VEGAS;6.173831, -75.597143;CHOQUE;VEHICULO;NO REPORTADO;RESIDENCIAL;Normal;Impericia en el manejo
2210435;6/03/2021;2:25:00 p. m.;Sábado;2021;Marzo;MOTOCICLETA;PARTICULAR;Motociclista;26;MASCULINO;HERIDOS;0;0;0;;CARRERA 50 CON CALLE 39 SUR;;LAS VEGAS;6.173831, -75.597143;CHOQUE;VEHICULO;NO REPORTADO;RESIDENCIAL;Normal;Impericia en el manejo
2210437;4/03/2021;12:00:00 p. m.;Jueves;2021;Marzo;MOTOCICLETA;PARTICULAR;Acompañante;56;FEMENINO;HERIDOS;0;0;0;;CARRERA 29B CON CALLE 39 SUR;;MESA;6.163882536081276, -75.581353506386;CAIDA OCUPANTE;NO REPORTADO;NO REPORTADO;RESIDENCIAL;Normal;Superficie lisa
2210437;4/03/2021;12:00:00 p. m.;Jueves;2021;Marzo;MOTOCICLETA;PARTICULAR;Motociclista;62;MASCULINO;HERIDOS;0;0;0;;CARRERA 29B CON CALLE 39 SUR;;MESA;6.163882536081276, -75.581353506386;CAIDA OCUPANTE;NO REPORTADO;NO REPORTADO;RESIDENCIAL;Normal;Superficie lisa
2210440;7/03/2021;3:00:00 p. m.;Domingo;2021;Marzo;MOTOCICLETA;PARTICULAR;Motociclista;19;MASCULINO;HERIDOS;0;0;0;;CARRERA 42A CON CALLE 40H SUR;;EL DORADO;6.166418399832509, -75.5907726600609;CHOQUE;VEHICULO;NO REPORTADO;RESIDENCIAL;Normal;Impericia en el manejo
2210441;4/03/2021;8:00:00 p. m.;Jueves;2021;Marzo;AUTOMOVIL;PARTICULAR;Conductor;39;MASCULINO;HERIDOS;0;0;0;;CARRERA 48 CON CALLE 50 SUR;;LAS VEGAS;6.162072458716961, -75.60353659646475;CHOQUE;VEHICULO;NO REPORTADO;RESIDENCIAL;Normal;No mantener distancia de seguridad
2210442;7/03/2021;11:20:00 a. m.;Domingo;2021;Marzo;MOTOCICLETA;PARTICULAR;Motociclista;65;MASCULINO;HERIDOS;0;0;0;;CARRERA 43A CON CALLE 48C SUR ;;PRIMAVERA;6.162222305860492, -75.5976995886002;CHOQUE;VEHICULO;NO REPORTADO;RESIDENCIAL;Normal;Impericia en el manejo
2210442;7/03/2021;11:20:00 a. m.;Domingo;2021;Marzo;MOTOCICLETA;PARTICULAR;Motociclista;25;MASCULINO;HERIDOS;0;0;0;;CARRERA 43A CON CALLE 48C SUR ;;PRIMAVERA;6.162222305860492, -75.5976995886002;CHOQUE;VEHICULO;NO REPORTADO;RESIDENCIAL;Normal;Impericia en el manejo
2210450;9/03/2021;2:30:00 p. m.;Martes;2021;Marzo;MOTOCICLETA;PARTICULAR;Motociclista;26;MASCULINO;HERIDOS;0;0;0;;CARRERA 42A CON CALLE 48A SUR;;LOMA DEL BARRO;6.159729, -75.595206;CHOQUE;VEHICULO;NO REPORTADO;RESIDENCIAL;Normal;No mantener distancia de seguridad