NRO_RADICADO;FECHA_ACCIDENTE;HORA_ACCIDENTE;Día de la semana;AÑO;MES;CLASE_VEHICULO;TIPO_SERVICIO;TIPO_VICTIMA;EDAD;GENERO;GRAVEDAD;ESTADO_BEODEZ;ESTADO_DROGA;RESULTADO_BEODEZ;RESUL_BEODEZ_GRAMOS;DIRECCION_CARACT_VIA;TRAMO_VIA;LOCALIDAD_O_COMUNA;    GEORREFERENCIACIÓN;DESC_CLASE_ACCIDENTE;DESC_CHOQUE_ACCIDENTE;DESC_OBJETO_FIJO;DESC_SECTOR_ACCIDENTE;CONDICION_CLIMATICA;CAUSA_ACCIDENTE
2210460;9/03/2021;11:20:00 p. m.;Martes;2021;Marzo;MOTOCICLETA;PARTICULAR;Motociclista;43;MASCULINO;HERIDOS;0;0;0;;CARRERA 48 CON CALLE 25A SUR;;LAS VEGAS;6.185227073613446, -75.58369655153008;CHOQUE;VEHICULO;NO REPORTADO;RESIDENCIAL;Normal;Semaforo en rojo
2210465;9/03/2021;8:10:00 p. m.;Martes;2021;Marzo;MOTOCICLETA;PARTICULAR;Motociclista;29;MASCULINO;HERIDOS;0;0;0;;CARRERA 27 CON CALLE 36 SUR;;LA INMACULADA;6.167068146388077, -75.56940413548848;CHOQUE;VEHICULO;NO REPORTADO;RESIDENCIAL;Normal;Impericia en el manejo  -  Transitar entre vehiculos
2210466;10/03/2021;12:30:00 p. m.;Miércoles;2021;Marzo;MOTOCICLETA;PARTICULAR;Acompañante;64;FEMENINO;HERIDOS;0;0;0;;CALLE 40A SUR CON CARRERA 25AA;;LA MINA;6.154361448158746, -75.58086632127403;CAIDA OCUPANTE;NO REPORTADO;NO REPORTADO;RESIDENCIAL;Normal;Impericia en el manejo
2210479;10/03/2021;5:00:00 p. m.;Miércoles;2021;Marzo;MOTOCICLETA;PARTICULAR;Acompañante;14;MASCULINO;HERIDOS;0;0;0;;CALLE 36B SUR CON CARRERA 27B;;LA INMACULADA;6.167410325970735, -75.57261889536451;CHOQUE;VEHICULO;NO REPORTADO;RESIDENCIAL;Lluvia;Impericia en el manejo
2210479;10/03/2021;5:00:00 p. m.;Miércoles;2021;Marzo;MOTOCICLETA;PARTICULAR;Motociclista;17;MASCULINO;HERIDOS;0;0;0;;CALLE 36B SUR CON CARRERA 27B;;LA INMACULADA;6.167410325970735, -75.57261889536451;CHOQUE;VEHICULO;NO REPORTADO;RESIDENCIAL;Lluvia;Impericia en el manejo
2210494;12/03/2021;9:35:00 p. m.;Viernes;2021;Marzo;MOTOCICLETA;PARTICULAR;Motociclista;16;MASCULINO;HERIDOS;0;0;0;;CALLE 39 SUR CON CARRERA 41;;ZONA CENTRO;6.168027928615897, -75.58747163318726;CHOQUE;VEHICULO;NO REPORTADO;RESIDENCIAL;Normal;Impericia en el manejo  -  Transitar uno al lado del otro
2210508;16/03/2021;5:40:00 a. m.;Martes;2021;Marzo;MOTOCICLETA;PARTICULAR;Motociclista;57;MASCULINO;HERIDOS;0;0;0;;CARRERA 48 CON CALLE 46 SUR;;LAS VEGAS;6.166514956420436, -75.59930914411287;CAIDA OCUPANTE;NO REPORTADO;NO REPORTADO;RESIDENCIAL;Normal;Impericia en el manejo
2210509;15/03/2021;8:50:00 a. m.;Lunes;2021;Marzo;MOTOCICLETA;PARTICULAR;Motociclista;24;MASCULINO;HERIDOS;0;0;0;;KILOMETRO 6+550;retiro varia palmas enviga (km 5+43 - km 14+ 550);VEREDA PERICO;6.1680405112005365, -75.48638289002307;CHOQUE;VEHICULO;NO REPORTADO;NO REPORTADO;Normal;Desobedecer señales
2210509;15/03/2021;8:50:00 a. m.;Lunes;2021;Marzo;MOTOCICLETA;PARTICULAR;Acompañante;19;FEMENINO;HERIDOS;0;0;0;;KILOMETRO 6+550;retiro varia palmas enviga (km 5+43 - km 14+ 550);VEREDA PERICO;6.1680405112005365, -75.48638289002307;CHOQUE;VEHICULO;NO REPORTADO;NO REPORTADO;Normal;Desobedecer señales
2210513;15/03/2021;11:40:00 a. m.;Lunes;2021;Marzo;MOTOCICLETA;PARTICULAR;Motociclista;24;MASCULINO;HERIDOS;0;0;0;;KILOMETRO 14+00;medellÃ­n palmas envigado (km 12 - km 16+700);VEREDA PALMAS;6.158065354734575, -75.54655033162547;CHOQUE;VEHICULO;NO REPORTADO;NO REPORTADO;Normal;Frenar bruscamente  -  No mantener distancia de seguridad
2210516;16/03/2021;6:00:00 a. m.;Martes;2021;Marzo;MOTOCICLETA;PARTICULAR;Motociclista;21;MASCULINO;HERIDOS;0;0;0;;CALLE 36D SUR CON CARRERA 27;;LA PRADERA;6.164912513112379, -75.57449618054473;CHOQUE;VEHICULO;NO REPORTADO;RESIDENCIAL;Normal;Desobedecer señales
2210525;17/03/2021;3:50:00 p. m.;Miércoles;2021;Marzo;AUTOMOVIL;PARTICULAR;Peaton;59;FEMENINO;HERIDOS;0;0;0;;CALLE 35 SUR CON CARRERA 42;;ZONA CENTRO;6.171848021273721, -75.58611105717712;ATROPELLO;NO REPORTADO;NO REPORTADO;RESIDENCIAL;Normal;Desobedecer señales
2210535;18/03/2021;5:10:00 p. m.;Jueves;2021;Marzo;MOTOCICLETA;PARTICULAR;Motociclista;33;MASCULINO;HERIDOS;0;0;0;;CARRERA 50 CON CALLE 50 SUR;;LAS VEGAS;6.162818, -75.604956;CHOQUE;VEHICULO;NO REPORTADO;RESIDENCIAL;Lluvia;Adelantar cerrando
2210536;22/03/2021;7:10:00 a. m.;Lunes;2021;Marzo;MOTOCICLETA;PARTICULAR;Acompañante;37;FEMENINO;HERIDOS;0;0;0;;KILOMETRO 8+430;retiro varia palmas enviga (km 5+43 - km 14+ 550);VEREDA PERICO;6.170624221094993, -75.4978697372894;CHOQUE;VEHICULO;NO REPORTADO;NO REPORTADO;Niebla;Impericia en el manejo
2210536;22/03/2021;7:10:00 a. m.;Lunes;2021;Marzo;MOTOCICLETA;PARTICULAR;Motociclista;23;MASCULINO;HERIDOS;0;0;0;;KILOMETRO 8+430;retiro varia palmas enviga (km 5+43 - km 14+ 550);VEREDA PERICO;6.170624221094993, -75.4978697372894;CHOQUE;VEHICULO;NO REPORTADO;NO REPORTADO;Niebla;Impericia en el manejo
2210537;21/03/2021;4:10:00 a. m.;Domingo;2021;Marzo;MOTOCICLETA;PARTICULAR;Motociclista;30;MASCULINO;HERIDOS;1;0;2;140;DIAGONAL 31E CON TRANSVERSAL 33A  SUR ;;LA MAGNOLIA;6.174342189103215, -75.58124739012801;CHOQUE;OBJETO FIJO;VEHICULO ESTACIONADO;RESIDENCIAL;Normal;Embriaguez aparente
2210550;20/03/2021;8:45:00 a. m.;Sábado;2021;Marzo;MOTOCICLETA;PARTICULAR;Motociclista;37;MASCULINO;HERIDOS;0;0;0;;CALLE 37 SUR CON CARRERA 28C;;LA PRADERA;6.16583332963341, -75.57878563318728;CHOQUE;VEHICULO;NO REPORTADO;RESIDENCIAL;Normal;Impericia en el manejo
2210555;18/03/2021;5:40:00 a. m.;Jueves;2021;Marzo;MOTOCICLETA;PARTICULAR;Motociclista;27;MASCULINO;HERIDOS;0;0;0;;CARRERA 29 A CON CALLE 39 SUR;;MESA;6.163999985526466, -75.58085184302048;CHOQUE;VEHICULO;NO REPORTADO;RESIDENCIAL;Normal;Semaforo en rojo
2210558;18/03/2021;11:00:00 p. m.;Jueves;2021;Marzo;MOTOCICLETA;PARTICULAR;Motociclista;27;MASCULINO;HERIDOS;0;0;0;;CALLE 38 SUR CON CARRERA 43;;ZONA CENTRO;6.170117221635606, -75.58785982859712;ATROPELLO;NO REPORTADO;NO REPORTADO;RESIDENCIAL;Normal;Pasar semaforo en rojo
2210558;18/03/2021;11:00:00 p. m.;Jueves;2021;Marzo;MOTOCICLETA;PARTICULAR;Peaton;60;MASCULINO;HERIDOS;0;0;0;;CALLE 38 SUR CON CARRERA 43;;ZONA CENTRO;6.170117221635606, -75.58785982859712;ATROPELLO;NO REPORTADO;NO REPORTADO;RESIDENCIAL;Normal;Pasar semaforo en rojo
2210559;21/03/2021;2:00:00 p. m.;Domingo;2021;Marzo;MOTOCICLETA;PARTICULAR;Motociclista;19;MASCULINO;HERIDOS;0;0;0;;CALLE 41B SUR CON CARRERA 25;;SAN RAFAEL;6.153986770010084, -75.58623178117104;CHOQUE;VEHICULO;NO REPORTADO;RESIDENCIAL;Normal;Girar bruscamente  -  Poner en marcha un vehiculo sin precauci
2210560;19/03/2021;11:30:00 a. m.;Viernes;2021;Marzo;MOTOCICLETA;PARTICULAR;Motociclista;24;MASCULINO;HERIDOS;0;0;0;;CARRERA 48 CON CALLE 19 SUR;;LAS VEGAS;6.187458603249581, -75.58159632572392;CHOQUE;VEHICULO;NO REPORTADO;RESIDENCIAL;Normal;Impericia en el manejo
2210560;19/03/2021;11:30:00 a. m.;Viernes;2021;Marzo;MOTOCICLETA;PARTICULAR;Acompañante;21;FEMENINO;HERIDOS;0;0;0;;CARRERA 48 CON CALLE 19 SUR;;LAS VEGAS;6.187458603249581, -75.58159632572392;CHOQUE;VEHICULO;NO REPORTADO;RESIDENCIAL;Normal;Impericia en el manejo
2210565;20/03/2021;12:30:00 p. m.;Sábado;2021;Marzo;MOTOCICLETA;PARTICULAR;Motociclista;44;MASCULINO;HERIDOS;0;0;0;;CARRERA 43A CON CALLE 40H SUR;;EL DORADO;6.167917508275468, -75.5902057904558;CHOQUE;VEHICULO;NO REPORTADO;RESIDENCIAL;Normal;Girar bruscamente
2210566;21/03/2021;4:00:00 p. m.;Domingo;2021;Marzo;MOTOCICLETA;PARTICULAR;Acompañante;43;FEMENINO;HERIDOS;0;0;0;0;TRANSVERSAL 34D SUR CON  DIAGONAL 30;;URIBE ANGEL;6.171834247828314, -75.57839395384484;CAIDA OCUPANTE;NO REPORTADO;NO REPORTADO;RESIDENCIAL;Normal;Impericia en el manejo
2210568;23/03/2021;6:20:00 p. m.;Martes;2021;Marzo;MOTOCICLETA;PARTICULAR;Acompañante;11;MASCULINO;HERIDOS;0;0;0;;CALLE 32 SUR CON CARRERA 47;;EL PORTAL;6.1767577144343075, -75.58841513645159;CHOQUE;VEHICULO;NO REPORTADO;RESIDENCIAL;Normal;Impericia en el manejo
2210569;24/03/2021;8:00:00 a. m.;Miércoles;2021;Marzo;MOTOCICLETA;PARTICULAR;Motociclista;33;MASCULINO;HERIDOS;0;0;0;;CARRERA 29A CON CALLE 39 SUR;;EL CHINGUÍ;6.1638648979816715, -75.5808390644366;CAIDA OCUPANTE;NO REPORTADO;NO REPORTADO;RESIDENCIAL;Normal;Impericia en el manejo  -  Superficie humeda
2210569;24/03/2021;8:00:00 a. m.;Miércoles;2021;Marzo;MOTOCICLETA;PARTICULAR;Acompañante;31;FEMENINO;HERIDOS;0;0;0;;CARRERA 29A CON CALLE 39 SUR;;EL CHINGUÍ;6.1638648979816715, -75.5808390644366;CAIDA OCUPANTE;NO REPORTADO;NO REPORTADO;RESIDENCIAL;Normal;Impericia en el manejo  -  Superficie humeda
2210573;23/03/2021;9:45:00 a. m.;Martes;2021;Marzo;BICICLETA;;Ciclista;66;MASCULINO;HERIDOS;0;0;0;;CALLE 39D SUR CON CARRERA 25;;EL SALADO;6.153775735217416, -75.57734633318731;CHOQUE;VEHICULO;NO REPORTADO;RESIDENCIAL;Normal;Impericia en el manejo
2210586;26/03/2021;5:40:00 p. m.;Viernes;2021;Marzo;MOTOCICLETA;PARTICULAR;Acompañante;28;FEMENINO;HERIDOS;0;0;0;;KILOMETRO 14+900;medellÃ­n palmas envigado (km 12 - km 16+700);VEREDA PALMAS;6.152428865448503, -75.5466343771415;CHOQUE;OBJETO FIJO;BARANDA;NO REPORTADO;Normal;Impericia en el manejo
2210586;26/03/2021;5:40:00 p. m.;Viernes;2021;Marzo;MOTOCICLETA;PARTICULAR;Motociclista;28;MASCULINO;HERIDOS;0;0;0;;KILOMETRO 14+900;medellÃ­n palmas envigado (km 12 - km 16+700);VEREDA PALMAS;6.152428865448503, -75.5466343771415;CHOQUE;OBJETO FIJO;BARANDA;NO REPORTADO;Normal;Impericia en el manejo
2210587;26/03/2021;2:50:00 p. m.;Viernes;2021;Marzo;MOTOCICLETA;PARTICULAR;Acompañante;55;MASCULINO;HERIDOS;0;0;0;;CARRERA 48 CON CALLE 44 SUR;;LAS VEGAS;6.167261, -75.598346;ATROPELLO;NO REPORTADO;NO REPORTADO;RESIDENCIAL;Normal;Cruzar sin observar
2210587;26/03/2021;2:50:00 p. m.;Viernes;2021;Marzo;MOTOCICLETA;PARTICULAR;Motociclista;40;MASCULINO;HERIDOS;0;0;0;;CARRERA 48 CON CALLE 44 SUR;;LAS VEGAS;6.167261, -75.598346;ATROPELLO;NO REPORTADO;NO REPORTADO;RESIDENCIAL;Normal;Cruzar sin observar
2210588;26/03/2021;5:10:00 p. m.;Viernes;2021;Marzo;MOTOCICLETA;PARTICULAR;Motociclista;44;MASCULINO;HERIDOS;0;0;0;;CALLE 36D SUR CON CARRERA 23;;VEREDA EL ESCOBERO;6.153275927611884, -75.56386855735047;CAIDA OCUPANTE;NO REPORTADO;NO REPORTADO;RESIDENCIAL;Lluvia;Impericia en el manejo
2210588;26/03/2021;5:10:00 p. m.;Viernes;2021;Marzo;MOTOCICLETA;PARTICULAR;Acompañante;37;FEMENINO;HERIDOS;0;0;0;;CALLE 36D SUR CON CARRERA 23;;VEREDA EL ESCOBERO;6.153275927611884, -75.56386855735047;CAIDA OCUPANTE;NO REPORTADO;NO REPORTADO;RESIDENCIAL;Lluvia;Impericia en el manejo
2210589;27/03/2021;8:27:00 p. m.;Sábado;2021;Marzo;MOTOCICLETA;PARTICULAR;Acompañante;18;FEMENINO;HERIDOS;0;0;0;;CARRERA 43A CON CALLE45B SUR;;PRIMAVERA;6.165073557380563, -75.59502907285463;CHOQUE;VEHICULO;NO REPORTADO;RESIDENCIAL;Normal;Desobedecer señales
2210589;27/03/2021;8:27:00 p. m.;Sábado;2021;Marzo;MOTOCICLETA;PARTICULAR;Motociclista;23;MASCULINO;HERIDOS;0;0;0;;CARRERA 43A CON CALLE45B SUR;;PRIMAVERA;6.165073557380563, -75.59502907285463;CHOQUE;VEHICULO;NO REPORTADO;RESIDENCIAL;Normal;Desobedecer señales
2210590;27/03/2021;3:40:00 p. m.;Sábado;2021;Marzo;MOTOCICLETA;PARTICULAR;Motociclista;31;MASCULINO;HERIDOS;0;0;0;;CARRERA 50 CON CALLE 46A SUR;;LAS VEGAS;6.168548, -75.602176;CHOQUE;VEHICULO;NO REPORTADO;RESIDENCIAL;Normal;Transitar entre vehiculos
2210591;27/03/2021;8:10:00 p. m.;Sábado;2021;Marzo;MOTOCICLETA;PARTICULAR;Motociclista;26;MASCULINO;HERIDOS;0;0;0;;CARRERA 50 CON CALLE 46A SUR;;LAS VEGAS;6.168548, -75.602176;CHOQUE;VEHICULO;NO REPORTADO;RESIDENCIAL;Normal;Impericia en el manejo
2210603;24/03/2021;11:28:00 a. m.;Miércoles;2021;Marzo;CAMIONETA;PUBLICO;Pasajero;25;MASCULINO;HERIDOS;0;0;0;;KILOMETRO 14+200;medellÃ­n palmas envigado (km 12 - km 16+700);VEREDA PALMAS;6.15628980770367, -75.54670148334715;VOLCAMIENTO;NO REPORTADO;NO REPORTADO;NO REPORTADO;Lluvia;Impericia en el manejo
2210603;24/03/2021;11:28:00 a. m.;Miércoles;2021;Marzo;CAMIONETA;PUBLICO;Pasajero;31;MASCULINO;HERIDOS;0;0;0;;KILOMETRO 14+200;medellÃ­n palmas envigado (km 12 - km 16+700);VEREDA PALMAS;6.15628980770367, -75.54670148334715;VOLCAMIENTO;NO REPORTADO;NO REPORTADO;NO REPORTADO;Lluvia;Impericia en el manejo
2210606;30/03/2021;9:05:00 a. m.;Martes;2021;Marzo;MOTOCICLETA;PARTICULAR;Motociclista;27;MASCULINO;HERIDOS;0;0;0;;CARRERA 50 CON CALLE 32B SUR;;LAS VEGAS;6.178263, -75.591897;CHOQUE;VEHICULO;NO REPORTADO;RESIDENCIAL;Normal;No mantener distancia de seguridad
2210609;27/03/2021;2:00:00 p. m.;Sábado;2021;Marzo;BICICLETA;;Ciclista;26;FEMENINO;HERIDOS;0;0;0;;CARRERA 24D CON CALLE 40 SUR;;EL SALADO;6.147404436724775, -75.5764811043517;CHOQUE;VEHICULO;NO REPORTADO;RESIDENCIAL;Normal;Impericia en el manejo
2210610;30/03/2021;9:25:00 p. m.;Martes;2021;Marzo;MOTOCICLETA;PARTICULAR;Motociclista;30;MASCULINO;HERIDOS;0;0;0;;CARRERA 43A CON CALLE 48C SUR;;PRIMAVERA;6.162222305860492, -75.5976995886002;CHOQUE;VEHICULO;NO REPORTADO;RESIDENCIAL;Normal;Adelantar cerrando  -  Impericia en el manejo
2210611;1/04/2021;8:30:00 p. m.;Jueves;2021;Abril;MOTOCICLETA;PARTICULAR;Motociclista;51;MASCULINO;HERIDOS;0;0;0;;CALLE 40 SUR CON CARRERA 26;;EL SALADO;6.157250, -75.580708;CHOQUE;VEHICULO;NO REPORTADO;RESIDENCIAL;Normal;No respetar prelacion
2210612;31/03/2021;3:23:00 p. m.;Miércoles;2021;Marzo;MOTOCICLETA;PARTICULAR;Motociclista;23;MASCULINO;HERIDOS;0;0;0;;CARRERA 50 CON CALLE 29 SUR;;LAS VEGAS;6.182371, -75.589334;CHOQUE;VEHICULO;NO REPORTADO;RESIDENCIAL;Normal;No mantener distancia de seguridad
2210613;3/04/2021;9:50:00 a. m.;Sábado;2021;Abril;MOTOCICLETA;PARTICULAR;Motociclista;38;MASCULINO;HERIDOS;0;0;0;;CARRERA 40B CON CALLE 53B SUR;;LOMA DEL BARRO;6.155709306558314, -75.6029834859581;CHOQUE;VEHICULO;NO REPORTADO;RESIDENCIAL;Normal;Impericia en el manejo
2210614;30/03/2021;8:10:00 a. m.;Martes;2021;Marzo;MOTOCICLETA;PARTICULAR;Motociclista;60;MASCULINO;HERIDOS;0;0;0;;CALLE 39D SUR CON CARRERA 24EE;;EL CHINGUÍ;6.149538698943018, -75.57619124368486;CAIDA OCUPANTE;NO REPORTADO;NO REPORTADO;RESIDENCIAL;Normal;Impericia en el manejo
2210626;4/04/2021;6:10:00 p. m.;Domingo;2021;Abril;MOTOCICLETA;PARTICULAR;Motociclista;27;FEMENINO;HERIDOS;0;0;0;;TRANSVERSAL 34D SUR CON DIAGONAL 31F;;OBRERO;6.171988021182213, -75.58070315734145;CHOQUE;VEHICULO;NO REPORTADO;RESIDENCIAL;Normal;Otra-Conductor
2210626;4/04/2021;6:10:00 p. m.;Domingo;2021;Abril;BICICLETA;;Ciclista;63;MASCULINO;HERIDOS;0;0;0;;TRANSVERSAL 34D SUR CON DIAGONAL 31F;;OBRERO;6.171988021182213, -75.58070315734145;CHOQUE;VEHICULO;NO REPORTADO;RESIDENCIAL;Normal;Otra-Conductor
2210627;5/04/2021;5:36:00 a. m.;Lunes;2021;Abril;MOTOCICLETA;PARTICULAR;Acompañante;22;MASCULINO;HERIDOS;0;0;0;;CARRERA 48 CON CALLE 40 SUR;;LAS VEGAS;6.170156060939431, -75.59574926202292;CHOQUE;VEHICULO;NO REPORTADO;RESIDENCIAL;Normal;Embriaguez o droga  -  Semaforo en rojo
2210627;5/04/2021;5:36:00 a. m.;Lunes;2021;Abril;MOTOCICLETA;PARTICULAR;Motociclista;53;MASCULINO;HERIDOS;0;0;0;;CARRERA 48 CON CALLE 40 SUR;;LAS VEGAS;6.170156060939431, -75.59574926202292;CHOQUE;VEHICULO;NO REPORTADO;RESIDENCIAL;Normal;Embriaguez o droga  -  Semaforo en rojo
2210632;1/04/2021;7:44:00 p. m.;Jueves;2021;Abril;MOTOCICLETA;PARTICULAR;Motociclista;26;MASCULINO;HERIDOS;0;0;0;;CALLE 36D SUR CON CARRERA 27D;;LA PRADERA;6.16501652298474, -75.57448397078798;OTRO;NO REPORTADO;NO REPORTADO;RESIDENCIAL;Normal;Impericia en el manejo
2210638;6/04/2021;12:40:00 p. m.;Martes;2021;Abril;MOTOCICLETA;PARTICULAR;Peaton;28;FEMENINO;HERIDOS;0;0;0;;CALLE 37A SUR CON CARRERA 29;;LA PRADERA;6.165939823018239, -75.57964021281072;ATROPELLO;NO REPORTADO;NO REPORTADO;RESIDENCIAL;Normal;Cruzar sin observar
2210642;4/04/2021;11:50:00 a. m.;Domingo;2021;Abril;AUTOMOVIL;PARTICULAR;Peaton;37;MASCULINO;HERIDOS;0;0;0;;CARRERA 32 CON CALLE 39B SUR;;MESA;6.16400072363918, -75.58293538390218;ATROPELLO;NO REPORTADO;NO REPORTADO;RESIDENCIAL;Normal;Desobedecer al agente
2210643;4/04/2021;1:15:00 p. m.;Domingo;2021;Abril;BICICLETA;;Ciclista;62;MASCULINO;HERIDOS;0;0;0;;CARRERA 49 CON CALLE 46 SUR;;LAS VEGAS;6.169079, -75.601935;CHOQUE;VEHICULO;NO REPORTADO;RESIDENCIAL;Normal;No respetar prelacion
2210644;4/04/2021;8:25:00 p. m.;Domingo;2021;Abril;MOTOCICLETA;PARTICULAR;Motociclista;30;MASCULINO;HERIDOS;0;0;0;;CALLE 37 SUR CON CARRERA 39;;ZONA CENTRO;6.169129994815066, -75.58491119085868;CHOQUE;VEHICULO;NO REPORTADO;RESIDENCIAL;Normal;Semaforo en rojo
2210645;7/04/2021;12:35:00 p. m.;Miércoles;2021;Abril;MOTOCICLETA;PARTICULAR;Motociclista;28;MASCULINO;HERIDOS;0;0;0;;CARRERA 48 CON CALLE 19 SUR;;BOSQUES DE ZUÑIGA;6.187402, -75.581561;CHOQUE;VEHICULO;NO REPORTADO;RESIDENCIAL;Normal;No mantener distancia de seguridad
2210645;7/04/2021;12:35:00 p. m.;Miércoles;2021;Abril;MOTOCICLETA;PARTICULAR;Motociclista;25;MASCULINO;MUERTOS;0;0;0;;CARRERA 48 CON CALLE 19 SUR;;BOSQUES DE ZUÑIGA;6.187402, -75.581561;CHOQUE;VEHICULO;NO REPORTADO;RESIDENCIAL;Normal;No mantener distancia de seguridad
2210647;5/04/2021;10:30:00 a. m.;Lunes;2021;Abril;BUS;PUBLICO;Pasajero;72;FEMENINO;HERIDOS;0;0;0;;CALLE 36D SUR CON CARRERA 27G ;;LA PRADERA;6.166436589736049, -75.57682087057081;CAIDA OCUPANTE;NO REPORTADO;NO REPORTADO;RESIDENCIAL;Normal;Arrancar sin precaucion
2210648;5/04/2021;5:20:00 a. m.;Lunes;2021;Abril;MOTOCICLETA;PARTICULAR;Motociclista;24;FEMENINO;HERIDOS;0;0;0;;CARRERA 48 CON CALLE 49D SUR;;LAS VEGAS;6.163869, -75.601650;OTRO;NO REPORTADO;NO REPORTADO;RESIDENCIAL;Lluvia;Impericia en el manejo  -  Superficie humeda
2210649;5/04/2021;6:50:00 a. m.;Lunes;2021;Abril;MOTOCICLETA;PARTICULAR;Motociclista;49;FEMENINO;HERIDOS;0;0;0;;CARRERA 32 CON CALLE 37 SUR;;MESA;6.166626484644071, -75.58117565030217;CHOQUE;VEHICULO;NO REPORTADO;RESIDENCIAL;Normal;Transitar entre vehiculos
2210651;5/04/2021;10:10:00 a. m.;Lunes;2021;Abril;MOTOCICLETA;PARTICULAR;Motociclista;28;FEMENINO;HERIDOS;0;0;0;;CARRERA 48 CON CALLE 37 SUR;;LAS VEGAS;6.173473352424915, -75.59256588595376;CHOQUE;VEHICULO;NO REPORTADO;RESIDENCIAL;Normal;No mantener distancia de seguridad
2210653;5/04/2021;3:00:00 p. m.;Lunes;2021;Abril;MOTOCICLETA;PARTICULAR;Motociclista;40;MASCULINO;HERIDOS;0;0;0;;CARRERA 43A CON CALLE 35 SUR;;SAN MARCOS;6.172393678441251, -75.5873730124277;CHOQUE;VEHICULO;NO REPORTADO;RESIDENCIAL;Normal;Desobedecer señales  -  Impericia en el manejo
2210654;6/04/2021;3:40:00 a. m.;Martes;2021;Abril;AUTOMOVIL;PARTICULAR;Acompañante;63;MASCULINO;HERIDOS;0;0;0;;CARRERA 27G CON CALLE 36D SUR;;LA PRADERA;6.166351255647894, -75.57686378662588;CHOQUE;OBJETO FIJO;ARBOL;RESIDENCIAL;Lluvia;Impericia en el manejo
2210654;6/04/2021;3:40:00 a. m.;Martes;2021;Abril;AUTOMOVIL;PARTICULAR;Conductor;35;FEMENINO;HERIDOS;0;0;0;;CARRERA 27G CON CALLE 36D SUR;;LA PRADERA;6.166351255647894, -75.57686378662588;CHOQUE;OBJETO FIJO;ARBOL;RESIDENCIAL;Lluvia;Impericia en el manejo
2210654;6/04/2021;3:40:00 a. m.;Martes;2021;Abril;AUTOMOVIL;PARTICULAR;Acompañante;11;MASCULINO;HERIDOS;0;0;0;;CARRERA 27G CON CALLE 36D SUR;;LA PRADERA;6.166351255647894, -75.57686378662588;CHOQUE;OBJETO FIJO;ARBOL;RESIDENCIAL;Lluvia;Impericia en el manejo
2210656;12/04/2021;6:40:00 a. m.;Lunes;2021;Abril;MOTOCICLETA;PARTICULAR;Motociclista;24;MASCULINO;HERIDOS;0;0;0;;CARRERA 50 CON CALLE 40 SUR;;LAS VEGAS;6.173219, -75.597911;CHOQUE;VEHICULO;NO REPORTADO;RESIDENCIAL;Normal;No mantener distancia de seguridad
2210657;11/04/2021;10:45:00 a. m.;Domingo;2021;Abril;MOTOCICLETA;PARTICULAR;Peaton;33;FEMENINO;HERIDOS;0;0;0;;CALLE 40 SUR CON CARRERA 24D;;EL SALADO;6.147340427839607, -75.57643818407426;ATROPELLO;NO REPORTADO;NO REPORTADO;RESIDENCIAL;Normal;Transitar por la calzada
2210658;10/04/2021;5:45:00 p. m.;Sábado;2021;Abril;MOTOCICLETA;PARTICULAR;Acompañante;20;MASCULINO;HERIDOS;0;0;0;;TRANSVERSAL 33 SUR CON DIAGONAL 31E;;LA MAGNOLIA;6.174950, -75.581405;CAIDA OCUPANTE;NO REPORTADO;NO REPORTADO;RESIDENCIAL;Normal;Otra-Conductor
2210671;7/04/2021;10:38:00 a. m.;Miércoles;2021;Abril;AUTOMOVIL;PARTICULAR;Peaton;65;MASCULINO;HERIDOS;0;0;0;;DIAGONAL 32 CON TRANSVERSAL 35A SUR;;LOS NARANJOS;6.169858817032867, -75.58087083834381;ATROPELLO;NO REPORTADO;NO REPORTADO;RESIDENCIAL;Normal;Impericia en el manejo
2210680;12/04/2021;6:20:00 p. m.;Lunes;2021;Abril;MOTOCICLETA;PARTICULAR;Motociclista;41;FEMENINO;HERIDOS;0;0;0;;CARRERA 40A CON CALLE 40D SUR;;EL DORADO;6.165765529664852, -75.58847136202297;CHOQUE;VEHICULO;NO REPORTADO;RESIDENCIAL;Normal;Reverso imprudente
2210685;13/04/2021;10:50:00 a. m.;Martes;2021;Abril;MOTOCICLETA;PARTICULAR;Motociclista;40;MASCULINO;HERIDOS;0;0;0;;CARRERA 48 CON CALLE 25AA SUR;;LAS VEGAS;6.1838744618053285, -75.58469211870214;CHOQUE;VEHICULO;NO REPORTADO;RESIDENCIAL;Normal;Transitar entre vehiculos
2210694;16/04/2021;2:00:00 p. m.;Viernes;2021;Abril;MOTOCICLETA;PARTICULAR;Motociclista;20;MASCULINO;HERIDOS;0;0;0;;KILOMETRO 1+00;el escobero - km 0-13);VEREDA EL ESCOBERO;6.14660615160235, -75.56145197638465;CHOQUE;VEHICULO;NO REPORTADO;NO REPORTADO;Normal;Impericia en el manejo
2210694;16/04/2021;2:00:00 p. m.;Viernes;2021;Abril;MOTOCICLETA;PARTICULAR;Acompañante;17;MASCULINO;HERIDOS;0;0;0;;KILOMETRO 1+00;el escobero - km 0-13);VEREDA EL ESCOBERO;6.14660615160235, -75.56145197638465;CHOQUE;VEHICULO;NO REPORTADO;NO REPORTADO;Normal;Impericia en el manejo
2210695;17/04/2021;8:45:00 a. m.;Sábado;2021;Abril;BUSETA;PUBLICO;Pasajero;24;MASCULINO;HERIDOS;0;0;0;;KILOMETRO 11+500;el escobero - km 0-13);VEREDA EL ESCOBERO;6.130042003967485, -75.53450178180901;CAIDA OCUPANTE;NO REPORTADO;NO REPORTADO;NO REPORTADO;Normal;Resbalar al bajar del vehiculo