NRO_RADICADO;FECHA_ACCIDENTE;HORA_ACCIDENTE;Día de la semana;AÑO;MES;CLASE_VEHICULO;TIPO_SERVICIO;TIPO_VICTIMA;EDAD;GENERO;GRAVEDAD;ESTADO_BEODEZ;ESTADO_DROGA;RESULTADO_BEODEZ;RESUL_BEODEZ_GRAMOS;DIRECCION_CARACT_VIA;TRAMO_VIA;LOCALIDAD_O_COMUNA;    GEORREFERENCIACIÓN;DESC_CLASE_ACCIDENTE;DESC_CHOQUE_ACCIDENTE;DESC_OBJETO_FIJO;DESC_SECTOR_ACCIDENTE;CONDICION_CLIMATICA;CAUSA_ACCIDENTE
2210697;16/04/2021;10:30:00 a. m.;Viernes;2021;Abril;MOTOCICLETA;PARTICULAR;Motociclista;31;MASCULINO;HERIDOS;0;0;0;;KILOMETRO 14+940;medellÃ­n palmas envigado (km 12 - km 16+700);VEREDA PALMAS;6.152364562506244, -75.54664641598362;CAIDA OCUPANTE;NO REPORTADO;NO REPORTADO;NO REPORTADO;Normal;Ausencia o deficencia en demarcacion  -  Impericia en el manejo
2210700;17/04/2021;10:00:00 a. m.;Sábado;2021;Abril;MOTOCICLETA;PARTICULAR;Motociclista;32;MASCULINO;HERIDOS;0;0;0;;CARRERA 28 CON CALLE 27 SUR;;ALTO DE MISAEL;6.177247313634385, -75.57631867312409;CHOQUE;VEHICULO;NO REPORTADO;RESIDENCIAL;Normal;No respetar pelacion de interseccion o giros
2210701;18/04/2021;2:20:00 p. m.;Domingo;2021;Abril;BICICLETA;;Ciclista;15;MASCULINO;HERIDOS;0;0;0;;CARRERA 24B CON CALLE 40 SUR;;EL SALADO;6.152553168739765, -75.58075897551602;CHOQUE;VEHICULO;NO REPORTADO;RESIDENCIAL;Normal;Adelantar invadiendo carril de sentido contrario
2210707;19/04/2021;6:15:00 a. m.;Lunes;2021;Abril;BICICLETA;;Ciclista;24;MASCULINO;HERIDOS;0;0;0;;CARRERA 43A CON CALLE 48C SUR;;PRIMAVERA;6.162222305860492, -75.5976995886002;CHOQUE;VEHICULO;NO REPORTADO;RESIDENCIAL;Normal;Semaforo en rojo
2210713;20/04/2021;7:55:00 p. m.;Martes;2021;Abril;MOTOCICLETA;PARTICULAR;Peaton;45;MASCULINO;HERIDOS;0;0;0;;CALLE 39D SUR CON CARRERA 24EE;;EL SALADO;6.149453361745948, -75.57614832849906;ATROPELLO;NO REPORTADO;NO REPORTADO;RESIDENCIAL;Normal;Impericia en el manejo
2210723;21/04/2021;7:50:00 p. m.;Miércoles;2021;Abril;MOTOCICLETA;PARTICULAR;Motociclista;41;MASCULINO;HERIDOS;0;0;0;;CARRERA 27 CON CALLE 27 SUR;;EL ESMERALDAL;6.172585859860976, -75.56783930435157;CHOQUE;VEHICULO;NO REPORTADO;RESIDENCIAL;Normal;Transitar en contravia
2210723;21/04/2021;7:50:00 p. m.;Miércoles;2021;Abril;MOTOCICLETA;PARTICULAR;Acompañante;37;FEMENINO;HERIDOS;0;0;0;;CARRERA 27 CON CALLE 27 SUR;;EL ESMERALDAL;6.172585859860976, -75.56783930435157;CHOQUE;VEHICULO;NO REPORTADO;RESIDENCIAL;Normal;Transitar en contravia
2210724;21/04/2021;1:25:00 p. m.;Miércoles;2021;Abril;AUTOMOVIL;PARTICULAR;Conductor;40;MASCULINO;HERIDOS;0;0;0;;CALLE 36D SUR CON CARRERA 27D;;LA PRADERA;6.164956590311817, -75.57446743385094;CHOQUE;VEHICULO;NO REPORTADO;RESIDENCIAL;Normal;Impericia en el manejo
2210724;21/04/2021;1:25:00 p. m.;Miércoles;2021;Abril;CAMION;PUBLICO;Acompañante;25;MASCULINO;HERIDOS;0;0;0;;CALLE 36D SUR CON CARRERA 27D;;LA PRADERA;6.164956590311817, -75.57446743385094;CHOQUE;VEHICULO;NO REPORTADO;RESIDENCIAL;Normal;Impericia en el manejo
2210724;21/04/2021;1:25:00 p. m.;Miércoles;2021;Abril;CAMION;PUBLICO;Conductor;25;MASCULINO;HERIDOS;0;0;0;;CALLE 36D SUR CON CARRERA 27D;;LA PRADERA;6.164956590311817, -75.57446743385094;CHOQUE;VEHICULO;NO REPORTADO;RESIDENCIAL;Normal;Impericia en el manejo
2210726;21/04/2021;5:35:00 p. m.;Miércoles;2021;Abril;MOTOCICLETA;PARTICULAR;Motociclista;27;MASCULINO;HERIDOS;0;0;0;;CALLE 39B SUR CON CARRERA 25;;EL CHINGUÍ;6.153948850586207, -75.57583401773658;CHOQUE;VEHICULO;NO REPORTADO;RESIDENCIAL;Normal;Poner en marcha un vehiculo sin precauci
2210727;22/04/2021;1:50:00 p. m.;Jueves;2021;Abril;MOTOCICLETA;PARTICULAR;Motociclista;32;FEMENINO;HERIDOS;0;0;0;;CALLE 37 SUR CON CARRERA 33;;LOS NARANJOS;6.167056, -75.581718;CHOQUE;VEHICULO;NO REPORTADO;RESIDENCIAL;Normal;Otra-Conductor
2210731;23/04/2021;7:05:00 a. m.;Viernes;2021;Abril;AUTOMOVIL;PARTICULAR;Acompañante;7;FEMENINO;HERIDOS;0;0;0;;CALLE 36D SUR CON CARRERA 27A;;LA PRADERA;6.163233356782483, -75.57202675756213;CHOQUE;OBJETO FIJO;ARBOL;RESIDENCIAL;Normal;Impericia en el manejo
2210731;23/04/2021;7:05:00 a. m.;Viernes;2021;Abril;AUTOMOVIL;PARTICULAR;Acompañante;27;FEMENINO;HERIDOS;0;0;0;;CALLE 36D SUR CON CARRERA 27A;;LA PRADERA;6.163233356782483, -75.57202675756213;CHOQUE;OBJETO FIJO;ARBOL;RESIDENCIAL;Normal;Impericia en el manejo
2210731;23/04/2021;7:05:00 a. m.;Viernes;2021;Abril;AUTOMOVIL;PARTICULAR;Conductor;26;MASCULINO;HERIDOS;0;0;0;;CALLE 36D SUR CON CARRERA 27A;;LA PRADERA;6.163233356782483, -75.57202675756213;CHOQUE;OBJETO FIJO;ARBOL;RESIDENCIAL;Normal;Impericia en el manejo
2210747;27/04/2021;11:30:00 a. m.;Martes;2021;Abril;MOTOCICLETA;PARTICULAR;Motociclista;24;FEMENINO;HERIDOS;0;0;0;;CARRERA 48 CON CALLE 32C SUR;;LAS VEGAS;6.176525154673132, -75.59029993158829;CHOQUE;VEHICULO;NO REPORTADO;RESIDENCIAL;Normal;Poner en marcha un vehiculo sin precauci
2210748;26/04/2021;12:30:00 p. m.;Lunes;2021;Abril;AUTOMOVIL;PARTICULAR;Peaton;70;FEMENINO;HERIDOS;0;0;0;;CALLE 40C SUR CON CARRERA 29B-05;;LA MINA;6.161166, -75.583318;ATROPELLO;NO REPORTADO;NO REPORTADO;RESIDENCIAL;Normal;Cruzar sin observar
2210752;28/04/2021;10:50:00 a. m.;Miércoles;2021;Abril;MOTOCICLETA;PARTICULAR;Acompañante;25;FEMENINO;HERIDOS;0;0;0;;CARRERA 47 CON CALLE 45 SUR;;MILAN VALLEJUELOS;6.166188123455481, -75.59784403673595;CAIDA OCUPANTE;NO REPORTADO;NO REPORTADO;RESIDENCIAL;Normal;Impericia en el manejo
2210753;26/04/2021;2:30:00 p. m.;Lunes;2021;Abril;MOTOCICLETA;PARTICULAR;Motociclista;24;MASCULINO;HERIDOS;0;0;0;;CARRERA 43A CON CALLE 33B SUR;;SAN MARCOS;6.173355, -75.586842;CHOQUE;VEHICULO;NO REPORTADO;RESIDENCIAL;Normal;Impericia en el manejo
2210754;28/04/2021;7:30:00 a. m.;Miércoles;2021;Abril;BICICLETA;PARTICULAR;Ciclista;56;MASCULINO;HERIDOS;0;0;0;;CALLE 24 SUR CON CARRERA 42B;;LAS ORQUIDEAS;6.180730174234991, -75.57983753231345;CHOQUE;VEHICULO;NO REPORTADO;RESIDENCIAL;Normal;Desobedecer señales
2210756;26/04/2021;4:00:00 p. m.;Lunes;2021;Abril;MOTOCICLETA;PARTICULAR;Acompañante;39;FEMENINO;HERIDOS;0;0;0;;CALLE 39B SUR CON CARRERA 24EE;;EL CHINGUÍ;6.151621, -75.575123;CAIDA OCUPANTE;NO REPORTADO;NO REPORTADO;RESIDENCIAL;Lluvia;Impericia en el manejo
2210761;28/04/2021;3:30:00 p. m.;Miércoles;2021;Abril;MOTOCICLETA;PARTICULAR;Motociclista;26;MASCULINO;HERIDOS;0;0;0;;CARRERA 48 CON CALLE 50 SUR;;LAS VEGAS;6.162072458716961, -75.60353659646475;CHOQUE;VEHICULO;NO REPORTADO;RESIDENCIAL;Normal;Adelantar invadiendo carril del mismo sentido en zigzag
2210761;28/04/2021;3:30:00 p. m.;Miércoles;2021;Abril;MOTOCICLETA;PARTICULAR;Motociclista;25;MASCULINO;HERIDOS;0;0;0;;CARRERA 48 CON CALLE 50 SUR;;LAS VEGAS;6.162072458716961, -75.60353659646475;CHOQUE;VEHICULO;NO REPORTADO;RESIDENCIAL;Normal;Adelantar invadiendo carril del mismo sentido en zigzag
2210762;26/04/2021;12:50:00 p. m.;Lunes;2021;Abril;MOTOCICLETA;OFICIAL;Motociclista;43;FEMENINO;HERIDOS;0;0;0;;CARRERA 39E CON CALLE 48C SUR;;EL TRIANON;6.154825, -75.596528;CAIDA OCUPANTE;NO REPORTADO;NO REPORTADO;RESIDENCIAL;Normal;Impericia en el manejo
2210763;27/04/2021;7:00:00 p. m.;Martes;2021;Abril;AUTOMOVIL;PARTICULAR;Acompañante;29;FEMENINO;HERIDOS;0;0;0;;CALLE 26B SUR CON CARRERA 42B;;PONTE VEDRA;6.179441914417436, -75.58155595772458;CHOQUE;VEHICULO;NO REPORTADO;RESIDENCIAL;Normal;Impericia en el manejo
2210763;27/04/2021;7:00:00 p. m.;Martes;2021;Abril;CAMIONETA;PARTICULAR;Conductor;56;FEMENINO;HERIDOS;0;0;0;;CALLE 26B SUR CON CARRERA 42B;;PONTE VEDRA;6.179441914417436, -75.58155595772458;CHOQUE;VEHICULO;NO REPORTADO;RESIDENCIAL;Normal;Impericia en el manejo
2210766;29/04/2021;8:00:00 p. m.;Jueves;2021;Abril;BICICLETA;;Ciclista;46;MASCULINO;HERIDOS;0;0;0;;CARRERA 24D CON CALLE 40 SUR;;EL SALADO;6.147256830730974, -75.57647649568545;CHOQUE;VEHICULO;NO REPORTADO;RESIDENCIAL;Normal;Impericia en el manejo
2210767;29/04/2021;6:30:00 a. m.;Jueves;2021;Abril;MOTOCICLETA;PARTICULAR;Motociclista;40;FEMENINO;HERIDOS;0;0;0;;KILOMETRO 4;el escobero - km 0-13);VEREDA EL ESCOBERO;6.129619438967578, -75.5508207733991;CAIDA OCUPANTE;NO REPORTADO;NO REPORTADO;NO REPORTADO;Normal;Impericia en el manejo  -  Superficie humeda
2210769;29/04/2021;11:15:00 p. m.;Jueves;2021;Abril;MOTOCICLETA;PARTICULAR;Motociclista;36;MASCULINO;HERIDOS;0;0;0;;TRANSVERSAL 32A SUR CON DIAGONAL 32B;;LA MAGNOLIA;6.1754007577884895, -75.58327456265508;CHOQUE;VEHICULO;NO REPORTADO;RESIDENCIAL;Normal;Desobedecer señales
2210771;30/04/2021;10:00:00 a. m.;Viernes;2021;Abril;MOTOCICLETA;PARTICULAR;Acompañante;29;FEMENINO;HERIDOS;0;0;0;;CALLE 39 SUR CON CARRERA 28;;SAN JOSE;6.161205, -75.579849;CAIDA OCUPANTE;NO REPORTADO;NO REPORTADO;RESIDENCIAL;Lluvia;Impericia en el manejo
2210775;30/04/2021;7:30:00 a. m.;Viernes;2021;Abril;MOTOCICLETA;PARTICULAR;Motociclista;32;MASCULINO;HERIDOS;0;0;0;;CALLE 48C SUR CON CARRERA 46;;LAS CASITAS;6.162893994697295, -75.59972810435166;CHOQUE;VEHICULO;NO REPORTADO;RESIDENCIAL;Lluvia;No respetar pelacion de interseccion o giros
2210776;30/04/2021;3:00:00 p. m.;Viernes;2021;Abril;BICICLETA;;Ciclista;68;MASCULINO;HERIDOS;0;0;0;;CALLE 40B SUR CON CARRERA 28;;LA MINA;6.159893932385326, -75.58187013318734;CHOQUE;VEHICULO;NO REPORTADO;RESIDENCIAL;Lluvia;Impericia en el manejo
2210777;30/04/2021;8:00:00 a. m.;Viernes;2021;Abril;MOTOCICLETA;PARTICULAR;Acompañante;45;FEMENINO;HERIDOS;0;0;0;;CARRERA 27B CON CALLE 27 SUR;;EL ESMERALDAL;6.173929, -75.570050;CAIDA OCUPANTE;NO REPORTADO;NO REPORTADO;RESIDENCIAL;Normal;Impericia en el manejo
2210794;3/05/2021;1:40:00 p. m.;Lunes;2021;Mayo;MOTOCICLETA;PARTICULAR;Motociclista;43;MASCULINO;HERIDOS;0;0;0;;CALLE 40 SUR CON CARRERA 24B;;EL SALADO;6.152366819111532, -75.58077036224103;CHOQUE;VEHICULO;NO REPORTADO;RESIDENCIAL;Normal;Impericia en el manejo
2210795;3/05/2021;9:30:00 a. m.;Lunes;2021;Mayo;MOTOCICLETA;PARTICULAR;Motociclista;45;MASCULINO;HERIDOS;0;0;0;;KILOMETRO 13+160;retiro varia palmas enviga (km 5+43 - km 14+ 550);VEREDA PALMAS;6.159672291555133, -75.52685104959451;CHOQUE;VEHICULO;NO REPORTADO;NO REPORTADO;Normal;No mantener distancia de seguridad
2210795;3/05/2021;9:30:00 a. m.;Lunes;2021;Mayo;MOTOCICLETA;PARTICULAR;Motociclista;19;MASCULINO;HERIDOS;0;0;0;;KILOMETRO 13+160;retiro varia palmas enviga (km 5+43 - km 14+ 550);VEREDA PALMAS;6.159672291555133, -75.52685104959451;CHOQUE;VEHICULO;NO REPORTADO;NO REPORTADO;Normal;No mantener distancia de seguridad
2210796;4/05/2021;7:45:00 p. m.;Martes;2021;Mayo;MOTOCICLETA;PARTICULAR;Motociclista;28;MASCULINO;HERIDOS;0;0;0;;CARRERA 48 CON CALLE 46 SUR;;LAS VEGAS;6.166531688181638, -75.59925915878136;CHOQUE;VEHICULO;NO REPORTADO;RESIDENCIAL;Normal;No mantener distancia de seguridad
2210800;3/05/2021;9:40:00 a. m.;Lunes;2021;Mayo;MOTOCICLETA;OFICIAL;Acompañante;38;MASCULINO;HERIDOS;0;0;0;;CALLE 27D SUR CON CARRERA 28;;ALTO DE MISAEL;6.174088, -75.574954;OTRO;NO REPORTADO;NO REPORTADO;RESIDENCIAL;Normal;Otra-Via
2210800;3/05/2021;9:40:00 a. m.;Lunes;2021;Mayo;MOTOCICLETA;OFICIAL;Motociclista;49;MASCULINO;HERIDOS;0;0;0;;CALLE 27D SUR CON CARRERA 28;;ALTO DE MISAEL;6.174088, -75.574954;OTRO;NO REPORTADO;NO REPORTADO;RESIDENCIAL;Normal;Otra-Via
2210801;6/05/2021;3:40:00 p. m.;Jueves;2021;Mayo;MOTOCICLETA;PARTICULAR;Motociclista;28;MASCULINO;HERIDOS;0;0;0;;CARRERA 49 CON CALLE 39 SUR;;LAS VEGAS;6.173773, -75.597180;CHOQUE;VEHICULO;NO REPORTADO;RESIDENCIAL;Normal;Adelantar por la derecha
2210802;6/05/2021;2:40:00 p. m.;Jueves;2021;Mayo;MOTOCICLETA;PARTICULAR;Motociclista;40;MASCULINO;HERIDOS;0;0;0;;KILOMETRO 4+420;catedral;VEREDA EL VALLANO;6.127737688218021, -75.58582000443855;CHOQUE;VEHICULO;NO REPORTADO;NO REPORTADO;Normal;Impericia en el manejo
2210803;4/05/2021;12:30:00 p. m.;Martes;2021;Mayo;AUTOMOVIL;PARTICULAR;Peaton;21;FEMENINO;HERIDOS;0;0;0;;KILOMETRO 17;retiro varia palmas enviga (km 5+43 - km 14+ 550);VEREDA PALMAS;6.150879182758886, -75.53128370017697;ATROPELLO;NO REPORTADO;NO REPORTADO;NO REPORTADO;Normal;Impericia en el manejo
2210804;5/05/2021;11:28:00 a. m.;Miércoles;2021;Mayo;MOTOCICLETA;PARTICULAR;Motociclista;33;MASCULINO;HERIDOS;0;0;0;;KILOMETRO 12+655;medellÃ­n palmas envigado (km 12 - km 16+700);VEREDA PALMAS;6.16021063979586, -75.52296649222458;CHOQUE;VEHICULO;NO REPORTADO;NO REPORTADO;Normal;Impericia en el manejo
2210805;5/05/2021;6:20:00 p. m.;Miércoles;2021;Mayo;MOTOCICLETA;PARTICULAR;Motociclista;18;MASCULINO;HERIDOS;0;0;0;;TRANSVERSAL 34D SUR CON DIAGONAL 31A;;LAS FLORES;6.172101570301225, -75.57981300110275;CHOQUE;VEHICULO;NO REPORTADO;RESIDENCIAL;Normal;Desobedecer señales
2210805;5/05/2021;6:20:00 p. m.;Miércoles;2021;Mayo;MOTOCICLETA;PARTICULAR;Acompañante;61;FEMENINO;HERIDOS;0;0;0;;TRANSVERSAL 34D SUR CON DIAGONAL 31A;;LAS FLORES;6.172101570301225, -75.57981300110275;CHOQUE;VEHICULO;NO REPORTADO;RESIDENCIAL;Normal;Desobedecer señales
2210807;5/05/2021;11:40:00 a. m.;Miércoles;2021;Mayo;MOTOCICLETA;PARTICULAR;Motociclista;22;MASCULINO;HERIDOS;0;0;0;;CARRERA 39 CON CALLE 37 SUR;;ZONA CENTRO;6.16911932810971, -75.58488973318731;CHOQUE;VEHICULO;NO REPORTADO;RESIDENCIAL;Normal;Adelantar por la derecha
2210808;5/05/2021;2:10:00 p. m.;Miércoles;2021;Mayo;MOTOCICLETA;PARTICULAR;Motociclista;47;FEMENINO;HERIDOS;0;0;0;;CALLE 38A SUR CON CARRERA 33;;MESA;6.165570605473824, -75.58261388064057;CHOQUE;VEHICULO;NO REPORTADO;RESIDENCIAL;Normal;Desobedecer señales
2210809;7/05/2021;8:30:00 p. m.;Viernes;2021;Mayo;MOTOCICLETA;PARTICULAR;Acompañante;33;MASCULINO;HERIDOS;1;0;3;180;CARRERA 43A CON CALLE 49 SUR;;PRIMAVERA;6.160934, -75.600008;CHOQUE;OBJETO FIJO;VEHICULO ESTACIONADO;RESIDENCIAL;Normal;Embriaguez o droga  -  Impericia en el manejo
2210809;7/05/2021;8:30:00 p. m.;Viernes;2021;Mayo;MOTOCICLETA;PARTICULAR;Motociclista;30;FEMENINO;HERIDOS;1;0;3;180;CARRERA 43A CON CALLE 49 SUR;;PRIMAVERA;6.160934, -75.600008;CHOQUE;OBJETO FIJO;VEHICULO ESTACIONADO;RESIDENCIAL;Normal;Embriaguez o droga  -  Impericia en el manejo
2210810;7/05/2021;8:00:00 p. m.;Viernes;2021;Mayo;MOTOCICLETA;PARTICULAR;Motociclista;26;MASCULINO;HERIDOS;0;0;0;;CALLE 38A SUR CON CARRERA 32;;MESA;6.165457896239749, -75.58206493318725;CHOQUE;VEHICULO;NO REPORTADO;RESIDENCIAL;Normal;Impericia en el manejo
2210819;8/05/2021;5:50:00 a. m.;Sábado;2021;Mayo;MOTOCICLETA;PARTICULAR;Motociclista;47;MASCULINO;HERIDOS;0;0;0;;CALLE 36D SUR CON CARRERA 27;;LA PRADERA;6.166335066258369, -75.57686561898598;CHOQUE;VEHICULO;NO REPORTADO;RESIDENCIAL;Normal;Impericia en el manejo
2210820;8/05/2021;10:20:00 a. m.;Sábado;2021;Mayo;AUTOMOVIL;PARTICULAR;Peaton;70;FEMENINO;HERIDOS;0;0;0;;CARRERA 29A CON CALLE 39 SUR;;EL CHINGUÍ;6.164088, -75.580843;ATROPELLO;NO REPORTADO;NO REPORTADO;RESIDENCIAL;Normal;Otra-Conductor
2210821;9/05/2021;1:50:00 p. m.;Domingo;2021;Mayo;MOTOCICLETA;PARTICULAR;Motociclista;33;MASCULINO;HERIDOS;0;0;0;;CALLE 25A SUR CON CARRERA 43A;;VILLA GRANDE;6.181442324322281, -75.5817646194125;CHOQUE;VEHICULO;NO REPORTADO;RESIDENCIAL;Normal;Transitar en contravia
2210822;10/05/2021;4:20:00 p. m.;Lunes;2021;Mayo;MOTOCICLETA;PARTICULAR;Motociclista;46;MASCULINO;MUERTOS;0;0;0;;CARRERA 50 CON CALLE 50 SUR;;LAS VEGAS;6.163133, -75.604599;CHOQUE;VEHICULO;NO REPORTADO;RESIDENCIAL;Normal;Vehiculo mal estacionado
2210823;10/05/2021;10:50:00 a. m.;Lunes;2021;Mayo;MOTOCICLETA;PARTICULAR;Peaton;81;MASCULINO;HERIDOS;0;0;0;;CALLE 36 SUR CON CARRERA 39;;ZONA CENTRO;6.169937455864352, -75.58441038564237;ATROPELLO;NO REPORTADO;NO REPORTADO;RESIDENCIAL;Normal;Cruzar sin observar
2210824;10/05/2021;9:00:00 p. m.;Lunes;2021;Mayo;BICICLETA;;Ciclista;17;MASCULINO;HERIDOS;0;0;0;;CALLE 36D SUR CON CARRERA 24;;VEREDA EL ESCOBERO;6.15471717540086, -75.56671375577038;CHOQUE;VEHICULO;NO REPORTADO;RESIDENCIAL;Normal;Exceso de velocidad  -  Girar bruscamente
2210824;10/05/2021;9:00:00 p. m.;Lunes;2021;Mayo;BICICLETA;;Ciclista;15;MASCULINO;HERIDOS;0;0;0;;CALLE 36D SUR CON CARRERA 24;;VEREDA EL ESCOBERO;6.15471717540086, -75.56671375577038;CHOQUE;VEHICULO;NO REPORTADO;RESIDENCIAL;Normal;Exceso de velocidad  -  Girar bruscamente
2210839;11/05/2021;4:10:00 p. m.;Martes;2021;Mayo;MOTOCICLETA;PARTICULAR;Motociclista;23;MASCULINO;HERIDOS;0;0;0;;KILOMETRO 7+980;retiro varia palmas enviga (km 5+43 - km 14+ 550);VEREDA PERICO;6.173859516716095, -75.49609131647681;CHOQUE;VEHICULO;NO REPORTADO;NO REPORTADO;Normal;No mantener distancia de seguridad
2210855;15/05/2021;4:10:00 p. m.;Sábado;2021;Mayo;MOTOCICLETA;PARTICULAR;Acompañante;46;FEMENINO;HERIDOS;0;0;0;;CARRERA 50 CON CALLE 48 SUR;;LAS VEGAS;6.166087, -75.602677;CHOQUE;VEHICULO;NO REPORTADO;RESIDENCIAL;Normal;Impericia en el manejo
2210855;15/05/2021;4:10:00 p. m.;Sábado;2021;Mayo;MOTOCICLETA;PARTICULAR;Motociclista;54;MASCULINO;HERIDOS;0;0;0;;CARRERA 50 CON CALLE 48 SUR;;LAS VEGAS;6.166087, -75.602677;CHOQUE;VEHICULO;NO REPORTADO;RESIDENCIAL;Normal;Impericia en el manejo
2210855;15/05/2021;4:10:00 p. m.;Sábado;2021;Mayo;MOTOCICLETA;PARTICULAR;Motociclista;28;MASCULINO;HERIDOS;0;0;0;;CARRERA 50 CON CALLE 48 SUR;;LAS VEGAS;6.166087, -75.602677;CHOQUE;VEHICULO;NO REPORTADO;RESIDENCIAL;Normal;Impericia en el manejo
2210856;13/05/2021;8:30:00 p. m.;Jueves;2021;Mayo;MOTOCICLETA;PARTICULAR;Motociclista;26;MASCULINO;HERIDOS;0;0;0;;CARRERA 39B CON CALLE 45A SUR ;;LAS ANTILLAS;6.160234309499364, -75.59004036028749;CHOQUE;VEHICULO;NO REPORTADO;RESIDENCIAL;Normal;Impericia en el manejo
2210857;13/05/2021;10:10:00 p. m.;Jueves;2021;Mayo;MOTOCICLETA;PARTICULAR;Motociclista;30;MASCULINO;HERIDOS;0;0;0;;CARRERA 48 CON CALLE 39 SUR;;LAS VEGAS;6.171475593746168, -75.59447646876936;CHOQUE;VEHICULO;NO REPORTADO;RESIDENCIAL;Normal;Semaforo en rojo
2210858;13/05/2021;5:25:00 p. m.;Jueves;2021;Mayo;MOTOCICLETA;PARTICULAR;Motociclista;51;MASCULINO;HERIDOS;0;0;0;;KILOMETRO 8+240;retiro varia palmas enviga (km 5+43 - km 14+ 550);VEREDA PERICO;6.172306138780828, -75.49789615411972;CHOQUE;VEHICULO;NO REPORTADO;NO REPORTADO;Normal;Impericia en el manejo
2210858;13/05/2021;5:25:00 p. m.;Jueves;2021;Mayo;MOTOCICLETA;PARTICULAR;Motociclista;21;MASCULINO;HERIDOS;0;0;0;;KILOMETRO 8+240;retiro varia palmas enviga (km 5+43 - km 14+ 550);VEREDA PERICO;6.172306138780828, -75.49789615411972;CHOQUE;VEHICULO;NO REPORTADO;NO REPORTADO;Normal;Impericia en el manejo
2210858;13/05/2021;5:25:00 p. m.;Jueves;2021;Mayo;MOTOCICLETA;PARTICULAR;Acompañante;42;MASCULINO;HERIDOS;0;0;0;;KILOMETRO 8+240;retiro varia palmas enviga (km 5+43 - km 14+ 550);VEREDA PERICO;6.172306138780828, -75.49789615411972;CHOQUE;VEHICULO;NO REPORTADO;NO REPORTADO;Normal;Impericia en el manejo
2210859;13/05/2021;6:50:00 p. m.;Jueves;2021;Mayo;MOTOCICLETA;PARTICULAR;Motociclista;26;MASCULINO;HERIDOS;0;0;0;;CARRERA 48 CON CALLE 48C SUR;;LAS VEGAS;6.163750856888241, -75.6017976640815;CHOQUE;VEHICULO;NO REPORTADO;RESIDENCIAL;Normal;No respetar prelacion
2210860;14/05/2021;6:00:00 p. m.;Viernes;2021;Mayo;MOTOCICLETA;PARTICULAR;Peaton;39;FEMENINO;HERIDOS;0;0;0;;CALLE 25 SUR CON CARRERA 43A;;BOSQUES DE ZUÑIGA;6.181823, -75.581265;ATROPELLO;NO REPORTADO;NO REPORTADO;RESIDENCIAL;Normal;Impericia en el manejo
2210861;14/05/2021;8:15:00 a. m.;Viernes;2021;Mayo;MOTOCICLETA;PARTICULAR;Motociclista;35;MASCULINO;HERIDOS;0;0;0;;CARRERA 43A CON CALLE 25 SUR;;BOSQUES DE ZUÑIGA;6.181527767015737, -75.58125395108142;ATROPELLO;NO REPORTADO;NO REPORTADO;RESIDENCIAL;Normal;Cruzar sin observar
2210861;14/05/2021;8:15:00 a. m.;Viernes;2021;Mayo;MOTOCICLETA;PARTICULAR;Peaton;48;MASCULINO;HERIDOS;0;0;0;;CARRERA 43A CON CALLE 25 SUR;;BOSQUES DE ZUÑIGA;6.181527767015737, -75.58125395108142;ATROPELLO;NO REPORTADO;NO REPORTADO;RESIDENCIAL;Normal;Cruzar sin observar
2210862;14/05/2021;6:20:00 a. m.;Viernes;2021;Mayo;MOTOCICLETA;PARTICULAR;Motociclista;33;MASCULINO;HERIDOS;0;0;0;;CARRERA 48 CON CALLE 37 SUR;;LAS VEGAS;6.173473352424915, -75.59256588595376;CHOQUE;OBJETO FIJO;OTRO TIPO;RESIDENCIAL;Normal;Otra-Via
2210863;14/05/2021;3:20:00 p. m.;Viernes;2021;Mayo;CAMIONETA;PARTICULAR;Peaton;26;MASCULINO;HERIDOS;0;0;0;;CARRERA 49 CON CALLE 32B SUR;;LAS VEGAS;6.178136, -75.591907;ATROPELLO;NO REPORTADO;NO REPORTADO;INDUSTRIAL;Normal;Impericia en el manejo
2210865;15/05/2021;12:47:00 p. m.;Sábado;2021;Mayo;MOTOCICLETA;PARTICULAR;Motociclista;35;MASCULINO;HERIDOS;0;0;0;;KILOMETRO 5;catedral;VEREDA EL VALLANO;6.123442535896082, -75.58798570729664;CHOQUE;VEHICULO;NO REPORTADO;NO REPORTADO;Normal;Impericia en el manejo
2210874;17/05/2021;9:10:00 p. m.;Lunes;2021;Mayo;MOTOCICLETA;PARTICULAR;Acompañante;30;FEMENINO;HERIDOS;0;0;0;;TRANSVERSAL 34 SUR CON DIAGONAL 33;;OBRERO;6.172609452452117, -75.5838557221572;CHOQUE;OBJETO FIJO;VEHICULO ESTACIONADO;RESIDENCIAL;Lluvia;Desobedecer señales
2210874;17/05/2021;9:10:00 p. m.;Lunes;2021;Mayo;MOTOCICLETA;PARTICULAR;Motociclista;57;MASCULINO;HERIDOS;0;0;0;;TRANSVERSAL 34 SUR CON DIAGONAL 33;;OBRERO;6.172609452452117, -75.5838557221572;CHOQUE;OBJETO FIJO;VEHICULO ESTACIONADO;RESIDENCIAL;Lluvia;Desobedecer señales
2210878;18/05/2021;11:15:00 a. m.;Martes;2021;Mayo;MOTOCICLETA;PARTICULAR;Motociclista;26;MASCULINO;HERIDOS;0;0;0;;KILOMETRO 13+300;retiro varia palmas enviga (km 5+43 - km 14+ 550);VEREDA PALMAS;6.159421531186217, -75.5286586161267;CHOQUE;VEHICULO;NO REPORTADO;NO REPORTADO;Normal;Desobedecer señales