NRO_RADICADO;FECHA_ACCIDENTE;HORA_ACCIDENTE;Día de la semana;AÑO;MES;CLASE_VEHICULO;TIPO_SERVICIO;TIPO_VICTIMA;EDAD;GENERO;GRAVEDAD;ESTADO_BEODEZ;ESTADO_DROGA;RESULTADO_BEODEZ;RESUL_BEODEZ_GRAMOS;DIRECCION_CARACT_VIA;TRAMO_VIA;LOCALIDAD_O_COMUNA;    GEORREFERENCIACIÓN;DESC_CLASE_ACCIDENTE;DESC_CHOQUE_ACCIDENTE;DESC_OBJETO_FIJO;DESC_SECTOR_ACCIDENTE;CONDICION_CLIMATICA;CAUSA_ACCIDENTE
2210889;19/05/2021;5:30:00 p. m.;Miércoles;2021;Mayo;BICICLETA;;Ciclista;58;FEMENINO;HERIDOS;0;0;0;;CALLE 25 SUR CON CARRERA 46;;BOSQUES DE ZUÑIGA;6.183002553724059, -75.58263259211485;CHOQUE;VEHICULO;NO REPORTADO;RESIDENCIAL;Normal;Impericia en el manejo
2210890;20/05/2021;2:50:00 p. m.;Jueves;2021;Mayo;MOTOCICLETA;PARTICULAR;Motociclista;55;FEMENINO;HERIDOS;0;0;0;;CARRERA 43A CON CALLE 46 SUR;;PRIMAVERA;6.164111426568812, -75.59595876085359;CHOQUE;VEHICULO;NO REPORTADO;RESIDENCIAL;Normal;Adelantar por la derecha
2210891;20/05/2021;2:15:00 p. m.;Jueves;2021;Mayo;MOTOCICLETA;PARTICULAR;Motociclista;23;MASCULINO;HERIDOS;0;0;0;;KILOMETRO 21;el escobero - km 0-13);VEREDA EL ESCOBERO;6.140463941284381, -75.55883818309994;CAIDA OCUPANTE;NO REPORTADO;NO REPORTADO;NO REPORTADO;Normal;Impericia en el manejo
2210892;20/05/2021;11:45:00 a. m.;Jueves;2021;Mayo;MOTOCICLETA;PARTICULAR;Motociclista;29;MASCULINO;HERIDOS;0;0;0;;TRANSVERSAL 34D SUR CON DIAGONAL 32D;;OBRERO;6.171155612392431, -75.5825291184635;CHOQUE;OBJETO FIJO;VEHICULO ESTACIONADO;RESIDENCIAL;Normal;Vehiculo mal estacionado
2210893;20/05/2021;9:00:00 a. m.;Jueves;2021;Mayo;MOTOCICLETA;PARTICULAR;Motociclista;50;MASCULINO;HERIDOS;0;0;0;;CARRERA 50 CON CALLE 39B SUR;;LAS VEGAS;6.173220, -75.597907;CHOQUE;VEHICULO;NO REPORTADO;RESIDENCIAL;Normal;Impericia en el manejo
2210893;20/05/2021;9:00:00 a. m.;Jueves;2021;Mayo;MOTOCICLETA;PARTICULAR;Motociclista;20;MASCULINO;HERIDOS;0;0;0;;CARRERA 50 CON CALLE 39B SUR;;LAS VEGAS;6.173220, -75.597907;CHOQUE;VEHICULO;NO REPORTADO;RESIDENCIAL;Normal;Impericia en el manejo
2210893;20/05/2021;9:00:00 a. m.;Jueves;2021;Mayo;MOTOCICLETA;PARTICULAR;Acompañante;19;FEMENINO;HERIDOS;0;0;0;;CARRERA 50 CON CALLE 39B SUR;;LAS VEGAS;6.173220, -75.597907;CHOQUE;VEHICULO;NO REPORTADO;RESIDENCIAL;Normal;Impericia en el manejo
2210914;20/05/2021;8:40:00 p. m.;Jueves;2021;Mayo;MOTONETA;;Motociclista;20;MASCULINO;HERIDOS;0;0;0;;CALLE 46E SUR CON CARRERA 39D;;EL TRIANON;6.159326098834127, -75.593049962023;CHOQUE;VEHICULO;NO REPORTADO;RESIDENCIAL;Normal;Transitar en contravia
2210915;22/05/2021;5:45:00 p. m.;Sábado;2021;Mayo;MOTOCICLETA;PARTICULAR;Motociclista;37;MASCULINO;HERIDOS;0;0;0;;CALLE 37B SUR CON CARRERA 27B;;LOMA DE LAS BRUJAS;6.160436, -75.575473;CHOQUE;VEHICULO;NO REPORTADO;RESIDENCIAL;Normal;Poner en marcha un vehiculo sin precauci
2210917;21/05/2021;9:42:00 p. m.;Viernes;2021;Mayo;MOTOCICLETA;PARTICULAR;Motociclista;34;MASCULINO;HERIDOS;0;0;0;;CARRERA 50 CON CALLE 30 SUR;;LAS VEGAS;6.180427, -75.590467;CHOQUE;VEHICULO;NO REPORTADO;RESIDENCIAL;Normal;Otra-Via
2210917;21/05/2021;9:42:00 p. m.;Viernes;2021;Mayo;MOTOCICLETA;PARTICULAR;Acompañante;33;FEMENINO;HERIDOS;0;0;0;;CARRERA 50 CON CALLE 30 SUR;;LAS VEGAS;6.180427, -75.590467;CHOQUE;VEHICULO;NO REPORTADO;RESIDENCIAL;Normal;Otra-Via
2210918;21/05/2021;8:00:00 a. m.;Viernes;2021;Mayo;MOTOCICLETA;PARTICULAR;Motociclista;27;MASCULINO;HERIDOS;0;0;0;;KILOMETRO 14+180;medellÃ­n palmas envigado (km 12 - km 16+700);VEREDA PALMAS;6.156520828531364, -75.54680870426627;CHOQUE;VEHICULO;NO REPORTADO;NO REPORTADO;Normal;Impericia en el manejo
2210918;21/05/2021;8:00:00 a. m.;Viernes;2021;Mayo;MOTOCICLETA;PARTICULAR;Motociclista;31;MASCULINO;HERIDOS;0;0;0;;KILOMETRO 14+180;medellÃ­n palmas envigado (km 12 - km 16+700);VEREDA PALMAS;6.156520828531364, -75.54680870426627;CHOQUE;VEHICULO;NO REPORTADO;NO REPORTADO;Normal;Impericia en el manejo
2210921;24/05/2021;3:30:00 p. m.;Lunes;2021;Mayo;MOTOCICLETA;PARTICULAR;Motociclista;29;MASCULINO;HERIDOS;0;0;0;;KILOMETRO 17;la esperanza;VEREDA PALMAS;6.145379544795867, -75.53394953880691;CAIDA OCUPANTE;NO REPORTADO;NO REPORTADO;NO REPORTADO;Normal;Impericia en el manejo
2210921;24/05/2021;3:30:00 p. m.;Lunes;2021;Mayo;MOTOCICLETA;PARTICULAR;Acompañante;29;MASCULINO;HERIDOS;0;0;0;;KILOMETRO 17;la esperanza;VEREDA PALMAS;6.145379544795867, -75.53394953880691;CAIDA OCUPANTE;NO REPORTADO;NO REPORTADO;NO REPORTADO;Normal;Impericia en el manejo
2210922;24/05/2021;3:00:00 p. m.;Lunes;2021;Mayo;MOTOCICLETA;PARTICULAR;Motociclista;23;FEMENINO;HERIDOS;0;0;0;;CARRERA 43A CON CALLE 28 SUR;;VILLA GRANDE;6.178279417221726, -75.58439782285431;CHOQUE;VEHICULO;NO REPORTADO;RESIDENCIAL;Normal;No mantener distancia de seguridad
2210924;25/05/2021;4:45:00 a. m.;Martes;2021;Mayo;MOTOCICLETA;PARTICULAR;Motociclista;20;MASCULINO;MUERTOS;0;0;0;;CARRERA 50 CON CALLE 29 SUR;;LAS VEGAS;6.181439, -75.589990;CHOQUE;OBJETO FIJO;VEHICULO ESTACIONADO;INDUSTRIAL;Normal;Estacionar sin seguridad  -  Impericia en el manejo
2210925;25/05/2021;7:40:00 a. m.;Martes;2021;Mayo;MOTOCICLETA;PARTICULAR;Acompañante;6;FEMENINO;HERIDOS;0;0;0;;TRANSVERSAL 35 SUR CON DIAGONAL 31;;LA SEBASTIANA;6.170091796209972, -75.57971665376245;CHOQUE;VEHICULO;NO REPORTADO;RESIDENCIAL;Normal;Impericia en el manejo
2210925;25/05/2021;7:40:00 a. m.;Martes;2021;Mayo;MOTOCICLETA;PARTICULAR;Motociclista;39;MASCULINO;HERIDOS;0;0;0;;TRANSVERSAL 35 SUR CON DIAGONAL 31;;LA SEBASTIANA;6.170091796209972, -75.57971665376245;CHOQUE;VEHICULO;NO REPORTADO;RESIDENCIAL;Normal;Impericia en el manejo
2210930;25/05/2021;9:45:00 a. m.;Martes;2021;Mayo;MOTOCICLETA;PARTICULAR;Motociclista;39;MASCULINO;HERIDOS;0;0;0;;CALLE 38 SUR CON CARRERA 43A;;ZONA CENTRO;6.1706926291467665, -75.58874098595419;CHOQUE;VEHICULO;NO REPORTADO;RESIDENCIAL;Normal;Impericia en el manejo
2210933;25/05/2021;3:20:00 p. m.;Martes;2021;Mayo;MOTOCICLETA;PARTICULAR;Acompañante;21;MASCULINO;HERIDOS;0;0;0;;CALLE 36D SUR CON CARRERA 24;;VEREDA EL ESCOBERO;6.154917900700748, -75.56678760764149;CHOQUE;OBJETO FIJO;BARANDA;RESIDENCIAL;Normal;Fallas en los frenos
2210933;25/05/2021;3:20:00 p. m.;Martes;2021;Mayo;MOTOCICLETA;PARTICULAR;Motociclista;47;MASCULINO;HERIDOS;0;0;0;;CALLE 36D SUR CON CARRERA 24;;VEREDA EL ESCOBERO;6.154917900700748, -75.56678760764149;CHOQUE;OBJETO FIJO;BARANDA;RESIDENCIAL;Normal;Fallas en los frenos
2210936;25/05/2021;4:20:00 p. m.;Martes;2021;Mayo;MOTOCICLETA;PARTICULAR;Peaton;76;FEMENINO;HERIDOS;0;0;0;;CARRERA 40 CON CALLE 36 SUR;;ZONA CENTRO;6.1703317942365725, -75.5851319364773;ATROPELLO;NO REPORTADO;NO REPORTADO;RESIDENCIAL;Normal;Transitar por la calzada
2210944;26/05/2021;12:00:00 p. m.;Miércoles;2021;Mayo;MOTOCICLETA;PARTICULAR;Motociclista;41;FEMENINO;HERIDOS;0;0;0;;CARRERA 48 CON CALLE 49 SUR;;LAS VEGAS;6.163385, -75.602384;CHOQUE;VEHICULO;NO REPORTADO;COMERCIAL;Normal;Impericia en el manejo  -  No mantener distancia de seguridad
2210955;26/05/2021;8:20:00 p. m.;Miércoles;2021;Mayo;MOTOCICLETA;PARTICULAR;Motociclista;25;MASCULINO;HERIDOS;0;0;0;;KILOMETRO 14+500;medellÃ­n palmas envigado (km 12 - km 16+700);VEREDA PALMAS;6.154345675114889, -75.54484928676698;CHOQUE;VEHICULO;NO REPORTADO;NO REPORTADO;Lluvia;Falta de precaucion niebla, lluvia, humo
2210955;26/05/2021;8:20:00 p. m.;Miércoles;2021;Mayo;MOTOCICLETA;PARTICULAR;Acompañante;22;FEMENINO;HERIDOS;0;0;0;;KILOMETRO 14+500;medellÃ­n palmas envigado (km 12 - km 16+700);VEREDA PALMAS;6.154345675114889, -75.54484928676698;CHOQUE;VEHICULO;NO REPORTADO;NO REPORTADO;Lluvia;Falta de precaucion niebla, lluvia, humo
2210956;28/05/2021;11:00:00 p. m.;Viernes;2021;Mayo;MOTOCICLETA;PARTICULAR;Motociclista;29;MASCULINO;HERIDOS;1;0;2;120;CARRERA 50 CON CALLE 25 SUR;;LAS VEGAS;6.186957, -75.584471;CHOQUE;VEHICULO;NO REPORTADO;RESIDENCIAL;Normal;No respetar prelacion
2210956;28/05/2021;11:00:00 p. m.;Viernes;2021;Mayo;MOTOCICLETA;PARTICULAR;Acompañante;22;FEMENINO;HERIDOS;1;0;2;120;CARRERA 50 CON CALLE 25 SUR;;LAS VEGAS;6.186957, -75.584471;CHOQUE;VEHICULO;NO REPORTADO;RESIDENCIAL;Normal;No respetar prelacion
2210957;29/05/2021;12:56:00 a. m.;Sábado;2021;Mayo;MOTOCICLETA;PARTICULAR;Motociclista;23;FEMENINO;HERIDOS;0;0;0;;CARRERA 50 CON CALLE 25A SUR;;LAS VEGAS;6.186597, -75.584900;CHOQUE;VEHICULO;NO REPORTADO;RESIDENCIAL;Normal;Otra-Conductor
2210957;29/05/2021;12:56:00 a. m.;Sábado;2021;Mayo;MOTOCICLETA;PARTICULAR;Acompañante;25;MASCULINO;HERIDOS;0;0;0;;CARRERA 50 CON CALLE 25A SUR;;LAS VEGAS;6.186597, -75.584900;CHOQUE;VEHICULO;NO REPORTADO;RESIDENCIAL;Normal;Otra-Conductor
2210968;30/05/2021;12:55:00 p. m.;Domingo;2021;Mayo;AUTOMOVIL;PUBLICO;Pasajero;40;FEMENINO;HERIDOS;0;0;0;;CARRERA 48 CON CALLE 40 SUR;;LAS VEGAS;6.170147925921419, -75.59528921134793;CHOQUE;VEHICULO;NO REPORTADO;RESIDENCIAL;Normal;No mantener distancia de seguridad
2210968;30/05/2021;12:55:00 p. m.;Domingo;2021;Mayo;AUTOMOVIL;PUBLICO;Pasajero;42;MASCULINO;HERIDOS;0;0;0;;CARRERA 48 CON CALLE 40 SUR;;LAS VEGAS;6.170147925921419, -75.59528921134793;CHOQUE;VEHICULO;NO REPORTADO;RESIDENCIAL;Normal;No mantener distancia de seguridad
2210968;30/05/2021;12:55:00 p. m.;Domingo;2021;Mayo;AUTOMOVIL;PUBLICO;Pasajero;5;MASCULINO;HERIDOS;0;0;0;;CARRERA 48 CON CALLE 40 SUR;;LAS VEGAS;6.170147925921419, -75.59528921134793;CHOQUE;VEHICULO;NO REPORTADO;RESIDENCIAL;Normal;No mantener distancia de seguridad
2210969;31/05/2021;5:10:00 a. m.;Lunes;2021;Mayo;BUS;PUBLICO;Pasajero;36;FEMENINO;HERIDOS;0;0;0;;CALLE 38A SUR CON CARRERA 36;;MESA;6.166746328398601, -75.58420290764144;CAIDA OCUPANTE;NO REPORTADO;NO REPORTADO;RESIDENCIAL;Normal;Impericia en el manejo
2210976;31/05/2021;5:50:00 p. m.;Lunes;2021;Mayo;MOTOCICLETA;PARTICULAR;Acompañante;71;FEMENINO;HERIDOS;0;0;0;;CALLE 25 SUR CON CARRERA 42B;;LAS ORQUIDEAS;6.179611929031688, -75.58050015378342;CHOQUE;VEHICULO;NO REPORTADO;RESIDENCIAL;Normal;Adelantar cerrando  -  Impericia en el manejo
2210976;31/05/2021;5:50:00 p. m.;Lunes;2021;Mayo;MOTOCICLETA;PARTICULAR;Motociclista;28;FEMENINO;HERIDOS;0;0;0;;CALLE 25 SUR CON CARRERA 42B;;LAS ORQUIDEAS;6.179611929031688, -75.58050015378342;CHOQUE;VEHICULO;NO REPORTADO;RESIDENCIAL;Normal;Adelantar cerrando  -  Impericia en el manejo
2210978;2/06/2021;10:30:00 a. m.;Miércoles;2021;Junio;MOTOCICLETA;PARTICULAR;Motociclista;30;MASCULINO;HERIDOS;0;0;0;;CARRERA 50 CON CALLE 48 SUR;;LAS VEGAS;6.166087, -75.602677;CAIDA OCUPANTE;NO REPORTADO;NO REPORTADO;RESIDENCIAL;Normal;Otra-Via
2210981;1/06/2021;7:40:00 p. m.;Martes;2021;Junio;MOTOCICLETA;PARTICULAR;Motociclista;19;MASCULINO;HERIDOS;0;0;0;;CALLE 36D SUR CON CARRERA 27C;;LA PRADERA;6.163570737550408, -75.57397762698439;CAIDA OCUPANTE;NO REPORTADO;NO REPORTADO;RESIDENCIAL;Normal;Otra-Conductor
2210986;1/06/2021;3:30:00 p. m.;Martes;2021;Junio;MOTOCICLETA;PARTICULAR;Peaton;21;MASCULINO;HERIDOS;0;0;0;;CARRERA 48 CON CALLE 50 SUR;;LAS VEGAS;6.162072458716961, -75.60353659646475;ATROPELLO;NO REPORTADO;NO REPORTADO;RESIDENCIAL;Normal;Cruzar sin observar  -  Impericia en el manejo
2210996;2/06/2021;7:40:00 a. m.;Miércoles;2021;Junio;MOTOCICLETA;PARTICULAR;Motociclista;34;MASCULINO;HERIDOS;0;0;0;;KILOMETRO 11+780;retiro varia palmas enviga (km 5+43 - km 14+ 550);VEREDA PALMAS;6.1597027595276606, -75.51597147472552;OTRO;NO REPORTADO;NO REPORTADO;NO REPORTADO;Normal;Impericia en el manejo
2211004;5/06/2021;5:00:00 p. m.;Sábado;2021;Junio;AUTOMOVIL;PARTICULAR;Acompañante;29;MASCULINO;HERIDOS;0;0;0;;CALLE 36D SUR CON CARRERA 27A;;LA PRADERA;6.16309120975194, -75.57200465925364;CHOQUE;VEHICULO;NO REPORTADO;RESIDENCIAL;Normal;Fallas en los frenos  -  Impericia en el manejo
2211004;5/06/2021;5:00:00 p. m.;Sábado;2021;Junio;AUTOMOVIL;PUBLICO;Conductor;58;MASCULINO;HERIDOS;0;0;0;;CALLE 36D SUR CON CARRERA 27A;;LA PRADERA;6.16309120975194, -75.57200465925364;CHOQUE;VEHICULO;NO REPORTADO;RESIDENCIAL;Normal;Fallas en los frenos  -  Impericia en el manejo
2211013;5/06/2021;10:37:00 p. m.;Sábado;2021;Junio;AUTOMOVIL;PARTICULAR;Conductor;19;MASCULINO;HERIDOS;0;0;0;;KILOMETRO 13+300;medellÃ­n palmas envigado (km 12 - km 16+700);VEREDA PALMAS;6.162829623335065, -75.54553881235776;CHOQUE;OBJETO FIJO;OTRO TIPO;NO REPORTADO;Normal;Impericia en el manejo
2211023;7/06/2021;12:20:00 p. m.;Lunes;2021;Junio;AUTOMOVIL;PARTICULAR;Peaton;52;MASCULINO;HERIDOS;0;0;0;;KILOMETRO 1+600;el escobero - km 0-13);VEREDA EL ESCOBERO;6.142923545571746, -75.55985927738809;ATROPELLO;NO REPORTADO;NO REPORTADO;NO REPORTADO;Normal;Impericia en el manejo
2211028;4/06/2021;8:05:00 a. m.;Viernes;2021;Junio;CAMIONETA;PUBLICO;Conductor;24;MASCULINO;HERIDOS;0;0;0;;KILOMETRO 14+170;medellÃ­n palmas envigado (km 12 - km 16+700);VEREDA PALMAS;6.156606653336548, -75.54683381753293;VOLCAMIENTO;NO REPORTADO;NO REPORTADO;NO REPORTADO;Normal;Impericia en el manejo
2211030;4/06/2021;9:20:00 p. m.;Viernes;2021;Junio;MOTOCICLETA;PARTICULAR;Motociclista;25;FEMENINO;HERIDOS;0;0;0;;CALLE 37B SUR CON CARRERA 27;;LOMA DE LAS BRUJAS;6.158544, -75.572896;CAIDA OCUPANTE;NO REPORTADO;NO REPORTADO;RESIDENCIAL;Normal;Otra-Via
2211031;5/06/2021;4:30:00 p. m.;Sábado;2021;Junio;BICICLETA;;Peaton;41;FEMENINO;HERIDOS;0;0;0;;CARRERA 43A CON TRANVERSAL 29 SUR;;PONTE VEDRA;6.17788052646948, -75.5845508616101;ATROPELLO;NO REPORTADO;NO REPORTADO;RESIDENCIAL;Normal;No sujetar los manubrios
2211032;5/06/2021;8:50:00 a. m.;Sábado;2021;Junio;MOTOCICLETA;PARTICULAR;Motociclista;22;MASCULINO;HERIDOS;0;0;0;;KILOMETRO 14+670;medellÃ­n palmas envigado (km 12 - km 16+700);VEREDA PALMAS;6.153067674228928, -75.54486776776236;CAIDA OCUPANTE;NO REPORTADO;NO REPORTADO;NO REPORTADO;Normal;Impericia en el manejo  -  Superficie lisa
2211033;5/06/2021;5:05:00 p. m.;Sábado;2021;Junio;MOTOCICLETA;PARTICULAR;Motociclista;20;MASCULINO;HERIDOS;0;0;0;;TRANSVERSAL 33A SUR CON DIAGONAL 32D;;LA MAGNOLIA;6.17364810169318, -75.58352014937294;CHOQUE;VEHICULO;NO REPORTADO;RESIDENCIAL;Normal;Desobedecer señales
2211034;5/06/2021;8:10:00 a. m.;Sábado;2021;Junio;MOTOCICLETA;PARTICULAR;Acompañante;29;FEMENINO;HERIDOS;0;0;0;;KILOMETRO 14+670;medellÃ­n palmas envigado (km 12 - km 16+700);VEREDA PALMAS;6.153067674228928, -75.54486776776236;CAIDA OCUPANTE;NO REPORTADO;NO REPORTADO;NO REPORTADO;Normal;Impericia en el manejo  -  Superficie lisa
2211034;5/06/2021;8:10:00 a. m.;Sábado;2021;Junio;MOTOCICLETA;PARTICULAR;Motociclista;34;MASCULINO;HERIDOS;0;0;0;;KILOMETRO 14+670;medellÃ­n palmas envigado (km 12 - km 16+700);VEREDA PALMAS;6.153067674228928, -75.54486776776236;CAIDA OCUPANTE;NO REPORTADO;NO REPORTADO;NO REPORTADO;Normal;Impericia en el manejo  -  Superficie lisa
2211035;5/06/2021;1:00:00 p. m.;Sábado;2021;Junio;MOTOCICLETA;OFICIAL;Motociclista;56;MASCULINO;HERIDOS;0;0;0;;CALLE 36D SUR CON CARRERA 27D;;LA PRADERA;6.165080529611447, -75.5744625192821;CHOQUE;OBJETO FIJO;BARANDA;RESIDENCIAL;Normal;Impericia en el manejo
2211035;5/06/2021;1:00:00 p. m.;Sábado;2021;Junio;MOTOCICLETA;OFICIAL;Acompañante;32;MASCULINO;HERIDOS;0;0;0;;CALLE 36D SUR CON CARRERA 27D;;LA PRADERA;6.165080529611447, -75.5744625192821;CHOQUE;OBJETO FIJO;BARANDA;RESIDENCIAL;Normal;Impericia en el manejo
2211042;10/06/2021;4:30:00 p. m.;Jueves;2021;Junio;CAMIONETA;PARTICULAR;Peaton;46;MASCULINO;HERIDOS;0;0;0;;DIAGONAL 31B CON TRANSVERSAL 32C SUR;;LAS FLORES;6.175744893737958, -75.57930029926823;ATROPELLO;NO REPORTADO;NO REPORTADO;RESIDENCIAL;Normal;Impericia en el manejo
2211048;8/06/2021;2:45:00 p. m.;Martes;2021;Junio;MOTOCICLETA;PARTICULAR;Motociclista;34;MASCULINO;HERIDOS;0;0;0;;CARRERA 39A CON CALLE 40DD SUR;;EL DORADO;6.164437947353286, -75.58842853092742;CHOQUE;VEHICULO;NO REPORTADO;RESIDENCIAL;Lluvia;Adelantar por la derecha
2211052;11/06/2021;12:50:00 a. m.;Viernes;2021;Junio;MOTOCICLETA;PARTICULAR;Motociclista;24;MASCULINO;HERIDOS;0;0;0;;CARRERA 43A CON CALLE 49D SUR;;LAS CASITAS;6.1610712968720165, -75.60025857880555;CHOQUE;OBJETO FIJO;OTRO TIPO;RESIDENCIAL;Normal;Impericia en el manejo
2211053;9/06/2021;1:00:00 p. m.;Miércoles;2021;Junio;MOTOCICLETA;PARTICULAR;Motociclista;27;MASCULINO;HERIDOS;0;0;0;;CARRERA 31 CON CALLE 40E SUR ;;SAN JOSE;6.1616582978476515, -75.58431453318732;CHOQUE;VEHICULO;NO REPORTADO;RESIDENCIAL;Normal;Girar bruscamente  -  Impericia en el manejo
2211056;10/06/2021;6:40:00 a. m.;Jueves;2021;Junio;MOTOCICLETA;PARTICULAR;Motociclista;27;FEMENINO;HERIDOS;0;0;0;;CARRERA 50 CON CALLE 26 SUR;;LAS VEGAS;6.184920, -75.587152;CHOQUE;VEHICULO;NO REPORTADO;RESIDENCIAL;Normal;Impericia en el manejo
2211057;11/06/2021;9:30:00 a. m.;Viernes;2021;Junio;MOTOCICLETA;PARTICULAR;Motociclista;44;MASCULINO;HERIDOS;0;0;0;;CARRERA 39A CON CALLE 40B SUR;;EL DORADO;6.165549429765003, -75.58731420435159;CAIDA OCUPANTE;NO REPORTADO;NO REPORTADO;RESIDENCIAL;Lluvia;Impericia en el manejo
2211058;10/06/2021;3:42:00 p. m.;Jueves;2021;Junio;MOTOCICLETA;PARTICULAR;Motociclista;22;MASCULINO;HERIDOS;0;0;0;;CALLE 37 SUR CON CARRERA 45B;;EL PORTAL;6.17247906861299, -75.5902567771732;CHOQUE;VEHICULO;NO REPORTADO;RESIDENCIAL;Normal;Impericia en el manejo
2211059;10/06/2021;10:30:00 a. m.;Jueves;2021;Junio;MOTOCICLETA;PARTICULAR;Motociclista;22;MASCULINO;HERIDOS;0;0;0;;CARRERA 48 CON CALLE 44 SUR ;;LAS VEGAS;6.167988261901204, -75.5980240466803;CHOQUE;VEHICULO;NO REPORTADO;RESIDENCIAL;Normal;Impericia en el manejo
2211060;12/06/2021;12:10:00 p. m.;Sábado;2021;Junio;BUS;PUBLICO;Pasajero;37;FEMENINO;HERIDOS;0;0;0;;CARRERA 43 CON CALLE 31 SUR;;LA MAGNOLIA;6.176462380777281, -75.58521869215102;CAIDA OCUPANTE;NO REPORTADO;NO REPORTADO;RESIDENCIAL;Normal;Otra-Conductor
2211061;11/06/2021;8:40:00 a. m.;Viernes;2021;Junio;MOTOCICLETA;PARTICULAR;Motociclista;27;MASCULINO;HERIDOS;0;0;0;;KILOMETRO 6+790;retiro varia palmas enviga (km 5+43 - km 14+ 550);VEREDA PERICO;6.1689006609537635, -75.48832571213221;CHOQUE;VEHICULO;NO REPORTADO;NO REPORTADO;Normal;No mantener distancia de seguridad
2211061;11/06/2021;8:40:00 a. m.;Viernes;2021;Junio;MOTOCICLETA;PARTICULAR;Acompañante;43;MASCULINO;HERIDOS;0;0;0;;KILOMETRO 6+790;retiro varia palmas enviga (km 5+43 - km 14+ 550);VEREDA PERICO;6.1689006609537635, -75.48832571213221;CHOQUE;VEHICULO;NO REPORTADO;NO REPORTADO;Normal;No mantener distancia de seguridad
2211064;11/06/2021;4:30:00 p. m.;Viernes;2021;Junio;MOTOCICLETA;PARTICULAR;Motociclista;36;MASCULINO;HERIDOS;0;0;0;;CALLE 39 SUR CON CARRERA 46;;ALCALA;6.170486510481417, -75.59244543518709;CHOQUE;VEHICULO;NO REPORTADO;RESIDENCIAL;Normal;Desobedecer señales
2211066;12/06/2021;1:40:00 p. m.;Sábado;2021;Junio;MOTOCICLETA;PARTICULAR;Motociclista;20;MASCULINO;HERIDOS;0;0;0;;CARRERA 48 CON CALLE 25AA SUR;;LAS VEGAS;6.183961689841965, -75.58477552532452;CHOQUE;VEHICULO;NO REPORTADO;RESIDENCIAL;Normal;No mantener distancia de seguridad
2211075;11/06/2021;8:00:00 p. m.;Viernes;2021;Junio;CAMION;PUBLICO;Acompañante;53;MASCULINO;HERIDOS;0;0;0;;KILOMETRO 4;el escobero - km 0-13);VEREDA EL ESCOBERO;6.129619438967578, -75.5508207733991;CHOQUE;OBJETO FIJO;ARBOL;NO REPORTADO;Lluvia;Otra-Vehículo
2211077;13/06/2021;8:30:00 a. m.;Domingo;2021;Junio;MOTOCICLETA;PARTICULAR;Motociclista;30;MASCULINO;HERIDOS;0;0;0;;CALLE 38 SUR CON CARRERA 42;;ZONA CENTRO;6.169807127701992, -75.5873519331873;CHOQUE;VEHICULO;NO REPORTADO;RESIDENCIAL;Normal;Desobedecer señales  -  No mantener distancia de seguridad
2211077;13/06/2021;8:30:00 a. m.;Domingo;2021;Junio;MOTOCICLETA;PARTICULAR;Motociclista;28;FEMENINO;HERIDOS;0;0;0;;CALLE 38 SUR CON CARRERA 42;;ZONA CENTRO;6.169807127701992, -75.5873519331873;CHOQUE;VEHICULO;NO REPORTADO;RESIDENCIAL;Normal;Desobedecer señales  -  No mantener distancia de seguridad
2211092;16/06/2021;9:45:00 p. m.;Miércoles;2021;Junio;BICICLETA;;Ciclista;34;MASCULINO;HERIDOS;0;0;0;;DIAGONAL 31D CON TRANSVERSAL 32C SUR;;LA MAGNOLIA;6.175619025583787, -75.5809207451287;CHOQUE;VEHICULO;NO REPORTADO;RESIDENCIAL;Normal;Transitar en contravia
2211093;16/06/2021;9:50:00 a. m.;Miércoles;2021;Junio;MOTOCICLETA;PARTICULAR;Motociclista;72;MASCULINO;HERIDOS;0;0;0;;CALLE 38A SUR CON CARRERA 32;;MESA;6.165269487649698, -75.58205499857388;CHOQUE;VEHICULO;NO REPORTADO;RESIDENCIAL;Normal;Desobedecer señales
2211094;15/06/2021;7:00:00 p. m.;Martes;2021;Junio;AUTOMOVIL;PARTICULAR;Acompañante;28;FEMENINO;HERIDOS;0;0;0;;CARRERA 27 CON CALLE 36D SUR;;LA PRADERA;6.162369594510988, -75.57022699095047;CHOQUE;VEHICULO;NO REPORTADO;RESIDENCIAL;Normal;No mantener distancia de seguridad
2211095;13/06/2021;8:35:00 p. m.;Domingo;2021;Junio;MOTOCICLETA;PARTICULAR;Motociclista;32;MASCULINO;HERIDOS;0;0;0;;CALLE 38 SUR CON CARRERA 42;;ZONA CENTRO;6.169679663415516, -75.58734315679065;CHOQUE;VEHICULO;NO REPORTADO;RESIDENCIAL;Normal;No mantener distancia de seguridad
2211095;13/06/2021;8:35:00 p. m.;Domingo;2021;Junio;MOTOCICLETA;PARTICULAR;Acompañante;27;FEMENINO;HERIDOS;0;0;0;;CALLE 38 SUR CON CARRERA 42;;ZONA CENTRO;6.169679663415516, -75.58734315679065;CHOQUE;VEHICULO;NO REPORTADO;RESIDENCIAL;Normal;No mantener distancia de seguridad
2211096;13/06/2021;2:40:00 p. m.;Domingo;2021;Junio;MOTOCICLETA;PARTICULAR;Motociclista;22;FEMENINO;HERIDOS;0;0;0;;CARRERA 50 CON CALLE 37 SUR;;LAS VEGAS;6.175135, -75.595369;CHOQUE;VEHICULO;NO REPORTADO;RESIDENCIAL;Normal;Impericia en el manejo