NRO_RADICADO;FECHA_ACCIDENTE;HORA_ACCIDENTE;Día de la semana;AÑO;MES;CLASE_VEHICULO;TIPO_SERVICIO;TIPO_VICTIMA;EDAD;GENERO;GRAVEDAD;ESTADO_BEODEZ;ESTADO_DROGA;RESULTADO_BEODEZ;RESUL_BEODEZ_GRAMOS;DIRECCION_CARACT_VIA;TRAMO_VIA;LOCALIDAD_O_COMUNA;    GEORREFERENCIACIÓN;DESC_CLASE_ACCIDENTE;DESC_CHOQUE_ACCIDENTE;DESC_OBJETO_FIJO;DESC_SECTOR_ACCIDENTE;CONDICION_CLIMATICA;CAUSA_ACCIDENTE
2211096;13/06/2021;2:40:00 p. m.;Domingo;2021;Junio;MOTOCICLETA;PARTICULAR;Motociclista;31;FEMENINO;HERIDOS;0;0;0;;CARRERA 50 CON CALLE 37 SUR;;LAS VEGAS;6.175135, -75.595369;CHOQUE;VEHICULO;NO REPORTADO;RESIDENCIAL;Normal;Impericia en el manejo
2211097;15/06/2021;3:00:00 p. m.;Martes;2021;Junio;MOTOCICLETA;PARTICULAR;Motociclista;21;FEMENINO;HERIDOS;0;0;0;;CALLE 39D SUR CON CARRERA 25;;EL CHINGUÍ;6.1542011680135085, -75.57756659229777;CHOQUE;OBJETO FIJO;POSTE;RESIDENCIAL;Normal;Impericia en el manejo
2211099;15/06/2021;2:50:00 a. m.;Martes;2021;Junio;CAMIONETA;OFICIAL;Acompañante;26;MASCULINO;HERIDOS;0;0;0;;CARRERA 50 CON CALLE 49 SUR;;LAS VEGAS;6.164581, -75.603075;CHOQUE;VEHICULO;NO REPORTADO;RESIDENCIAL;Normal;Impericia en el manejo
2211111;15/06/2021;8:00:00 p. m.;Martes;2021;Junio;MOTOCICLETA;PARTICULAR;Motociclista;24;MASCULINO;HERIDOS;0;0;0;;TRANSVERSAL 34D SUR CON DIAGONAL 31E;;OBRERO;6.17192700805297, -75.58039431274938;CHOQUE;VEHICULO;NO REPORTADO;RESIDENCIAL;Normal;Otra-Conductor
2211112;17/06/2021;10:45:00 a. m.;Jueves;2021;Junio;CAMIONETA;PARTICULAR;Peaton;36;MASCULINO;HERIDOS;0;0;0;;CARRERA 49 CON CALLE 32B SUR;;LAS VEGAS;6.178136, -75.591907;ATROPELLO;NO REPORTADO;NO REPORTADO;RESIDENCIAL;Normal;Impericia en el manejo
2211113;17/06/2021;11:30:00 a. m.;Jueves;2021;Junio;MOTOCICLETA;PARTICULAR;Motociclista;44;MASCULINO;HERIDOS;0;0;0;;CARRERA 48 CON CALLE 30 SUR;;LAS VEGAS;6.179496718217783, -75.58819458527805;CHOQUE;VEHICULO;NO REPORTADO;RESIDENCIAL;Normal;Adelantar cerrando
2211114;18/06/2021;1:18:00 p. m.;Viernes;2021;Junio;CAMION;OFICIAL;Acompañante;62;MASCULINO;HERIDOS;0;0;0;;CARRERA 48 CON CALLE 50 SUR;;LAS VEGAS;6.162072458716961, -75.60353659646475;CHOQUE;OBJETO FIJO;VEHICULO ESTACIONADO;RESIDENCIAL;Normal;Otra-Conductor
2211115;17/06/2021;11:30:00 a. m.;Jueves;2021;Junio;MOTOCICLETA;PARTICULAR;Motociclista;44;MASCULINO;HERIDOS;0;0;0;;CARRERA 46 CON CALLE 39 SUR;;ALCALA;6.17049015142663, -75.59244547854411;CHOQUE;VEHICULO;NO REPORTADO;RESIDENCIAL;Normal;Desobedecer señales
2211117;17/06/2021;12:00:00 p. m.;Jueves;2021;Junio;MOTOCICLETA;PARTICULAR;Motociclista;18;MASCULINO;HERIDOS;0;0;0;;TRANSVERSAL 34B SUR CON DIAGONAL 33;;OBRERO;6.171766009788687, -75.58354611905439;CHOQUE;VEHICULO;NO REPORTADO;RESIDENCIAL;Normal;Desobedecer señales
2211118;19/06/2021;5:40:00 p. m.;Sábado;2021;Junio;MOTOCICLETA;PARTICULAR;Motociclista;19;FEMENINO;HERIDOS;0;0;0;;CARRERA 50 CON CALLE 50A SUR;;LAS VEGAS;6.162818, -75.604956;CHOQUE;VEHICULO;NO REPORTADO;RESIDENCIAL;Normal;Exceso de velocidad
2211119;19/06/2021;9:15:00 p. m.;Sábado;2021;Junio;MOTOCICLETA;OFICIAL;Motociclista;29;MASCULINO;HERIDOS;0;0;0;;CARRERA 49A CON CALLE 46A SUR;;LAS VEGAS;6.169079, -75.601935;CHOQUE;VEHICULO;NO REPORTADO;RESIDENCIAL;Normal;Impericia en el manejo  -  No hacer uso de señales reflectivas o luminosas
2211119;19/06/2021;9:15:00 p. m.;Sábado;2021;Junio;MOTOCICLETA;OFICIAL;Acompañante;29;MASCULINO;HERIDOS;0;0;0;;CARRERA 49A CON CALLE 46A SUR;;LAS VEGAS;6.169079, -75.601935;CHOQUE;VEHICULO;NO REPORTADO;RESIDENCIAL;Normal;Impericia en el manejo  -  No hacer uso de señales reflectivas o luminosas
2211119;19/06/2021;9:15:00 p. m.;Sábado;2021;Junio;BICICLETA;;Ciclista;29;FEMENINO;HERIDOS;0;0;0;;CARRERA 49A CON CALLE 46A SUR;;LAS VEGAS;6.169079, -75.601935;CHOQUE;VEHICULO;NO REPORTADO;RESIDENCIAL;Normal;Impericia en el manejo  -  No hacer uso de señales reflectivas o luminosas
2211120;21/06/2021;5:55:00 p. m.;Lunes;2021;Junio;MOTOCICLETA;PARTICULAR;Motociclista;40;MASCULINO;MUERTOS;0;0;0;;CALLE 36D SUR CON CARRERA 27D;;LA PRADERA;6.164899, -75.574531;CHOQUE;OBJETO FIJO;POSTE;RESIDENCIAL;Normal;Impericia en el manejo
2211120;21/06/2021;5:55:00 p. m.;Lunes;2021;Junio;MOTOCICLETA;PARTICULAR;Acompañante;23;MASCULINO;HERIDOS;0;0;0;;CALLE 36D SUR CON CARRERA 27D;;LA PRADERA;6.164899, -75.574531;CHOQUE;OBJETO FIJO;POSTE;RESIDENCIAL;Normal;Impericia en el manejo
2211121;21/06/2021;12:30:00 p. m.;Lunes;2021;Junio;MOTOCICLETA;PARTICULAR;Peaton;46;MASCULINO;MUERTOS;0;0;0;;CARRERA 50 CON CALLE 37 SUR;;LAS VEGAS;6.175613, -75.594642;ATROPELLO;NO REPORTADO;NO REPORTADO;RESIDENCIAL;Normal;Transitar por la calzada
2211121;21/06/2021;12:30:00 p. m.;Lunes;2021;Junio;MOTOCICLETA;PARTICULAR;Motociclista;27;MASCULINO;HERIDOS;0;0;0;;CARRERA 50 CON CALLE 37 SUR;;LAS VEGAS;6.175613, -75.594642;ATROPELLO;NO REPORTADO;NO REPORTADO;RESIDENCIAL;Normal;Transitar por la calzada
2211122;19/06/2021;11:30:00 a. m.;Sábado;2021;Junio;MOTOCICLETA;PARTICULAR;Peaton;58;MASCULINO;HERIDOS;0;0;0;;CALLE 40 SUR CON CARRERA 25A;;EL SALADO;6.154524, -75.579665;ATROPELLO;NO REPORTADO;NO REPORTADO;RESIDENCIAL;Normal;Subirse al anden o vias peatonales
2211122;19/06/2021;11:30:00 a. m.;Sábado;2021;Junio;MOTOCICLETA;PARTICULAR;Peaton;30;MASCULINO;HERIDOS;0;0;0;;CALLE 40 SUR CON CARRERA 25A;;EL SALADO;6.154524, -75.579665;ATROPELLO;NO REPORTADO;NO REPORTADO;RESIDENCIAL;Normal;Subirse al anden o vias peatonales
2211126;20/06/2021;6:40:00 p. m.;Domingo;2021;Junio;MOTOCICLETA;PARTICULAR;Motociclista;26;MASCULINO;HERIDOS;0;0;0;;CALLE 38A SUR CON CARRERA 40;;ZONA CENTRO;6.168201094884924, -75.58630174780305;CHOQUE;VEHICULO;NO REPORTADO;RESIDENCIAL;Lluvia;No mantener distancia de seguridad
2211127;21/06/2021;8:00:00 p. m.;Lunes;2021;Junio;MOTOCICLETA;PARTICULAR;Motociclista;26;MASCULINO;HERIDOS;0;0;0;;KILOMETRO 8+520;retiro varia palmas enviga (km 5+43 - km 14+ 550);VEREDA PERICO;6.170062910190346, -75.49834625403481;CAIDA OCUPANTE;NO REPORTADO;NO REPORTADO;NO REPORTADO;Normal;Impericia en el manejo
2211127;21/06/2021;8:00:00 p. m.;Lunes;2021;Junio;MOTOCICLETA;PARTICULAR;Acompañante;18;MASCULINO;HERIDOS;0;0;0;;KILOMETRO 8+520;retiro varia palmas enviga (km 5+43 - km 14+ 550);VEREDA PERICO;6.170062910190346, -75.49834625403481;CAIDA OCUPANTE;NO REPORTADO;NO REPORTADO;NO REPORTADO;Normal;Impericia en el manejo
2211128;21/06/2021;8:30:00 p. m.;Lunes;2021;Junio;MOTOCICLETA;PARTICULAR;Acompañante;9;MASCULINO;HERIDOS;0;0;0;;CARRERA 32 CON CALLE 37 SUR;;MESA;6.166565, -75.581189;ATROPELLO;NO REPORTADO;NO REPORTADO;RESIDENCIAL;Normal;Otra-Conductor
2211133;22/06/2021;7:55:00 a. m.;Martes;2021;Junio;MOTOCICLETA;PARTICULAR;Acompañante;33;FEMENINO;HERIDOS;0;0;0;;CARRERA 50 CON CALLE 46A SUR;;LAS VEGAS;6.168548, -75.602176;CHOQUE;VEHICULO;NO REPORTADO;RESIDENCIAL;Normal;No mantener distancia de seguridad
2211139;20/06/2021;5:20:00 p. m.;Domingo;2021;Junio;MOTOCICLETA;PARTICULAR;Acompañante;21;FEMENINO;HERIDOS;0;0;0;;CALLE 39B SUR # 37-31;;MESA;6.165589899830151, -75.58594843679866;CHOQUE;VEHICULO;NO REPORTADO;RESIDENCIAL;Normal;Adelantar por la derecha
2211139;20/06/2021;5:20:00 p. m.;Domingo;2021;Junio;MOTOCICLETA;PARTICULAR;Motociclista;23;MASCULINO;HERIDOS;0;0;0;;CALLE 39B SUR # 37-31;;MESA;6.165589899830151, -75.58594843679866;CHOQUE;VEHICULO;NO REPORTADO;RESIDENCIAL;Normal;Adelantar por la derecha
2211147;22/06/2021;5:50:00 p. m.;Martes;2021;Junio;BUS;PUBLICO;Pasajero;60;FEMENINO;HERIDOS;0;0;0;;KILOMETRO 13+340;medellÃ­n palmas envigado (km 12 - km 16+700);VEREDA PALMAS;6.162762360646675, -75.54550143607463;CHOQUE;OBJETO FIJO;POSTE;NO REPORTADO;Normal;Fallas en los frenos
2211147;22/06/2021;5:50:00 p. m.;Martes;2021;Junio;BUS;PUBLICO;Pasajero;32;MASCULINO;HERIDOS;0;0;0;;KILOMETRO 13+340;medellÃ­n palmas envigado (km 12 - km 16+700);VEREDA PALMAS;6.162762360646675, -75.54550143607463;CHOQUE;OBJETO FIJO;POSTE;NO REPORTADO;Normal;Fallas en los frenos
2211147;22/06/2021;5:50:00 p. m.;Martes;2021;Junio;BUS;PUBLICO;Pasajero;31;MASCULINO;HERIDOS;0;0;0;;KILOMETRO 13+340;medellÃ­n palmas envigado (km 12 - km 16+700);VEREDA PALMAS;6.162762360646675, -75.54550143607463;CHOQUE;OBJETO FIJO;POSTE;NO REPORTADO;Normal;Fallas en los frenos
2211147;22/06/2021;5:50:00 p. m.;Martes;2021;Junio;BUS;PUBLICO;Pasajero;42;FEMENINO;HERIDOS;0;0;0;;KILOMETRO 13+340;medellÃ­n palmas envigado (km 12 - km 16+700);VEREDA PALMAS;6.162762360646675, -75.54550143607463;CHOQUE;OBJETO FIJO;POSTE;NO REPORTADO;Normal;Fallas en los frenos
2211147;22/06/2021;5:50:00 p. m.;Martes;2021;Junio;BUS;PUBLICO;Pasajero;36;MASCULINO;HERIDOS;0;0;0;;KILOMETRO 13+340;medellÃ­n palmas envigado (km 12 - km 16+700);VEREDA PALMAS;6.162762360646675, -75.54550143607463;CHOQUE;OBJETO FIJO;POSTE;NO REPORTADO;Normal;Fallas en los frenos
2211156;18/06/2021;9:40:00 a. m.;Viernes;2021;Junio;AUTOMOVIL;PARTICULAR;Acompañante;20;FEMENINO;HERIDOS;0;0;0;;KILOMETRO 11+617;retiro varia palmas enviga (km 5+43 - km 14+ 550);VEREDA PALMAS;6.1610361230239565, -75.51547722443296;CHOQUE;VEHICULO;NO REPORTADO;NO REPORTADO;Normal;Adelantar invadiendo carril del mismo sentido en zigzag
2211156;18/06/2021;9:40:00 a. m.;Viernes;2021;Junio;AUTOMOVIL;PARTICULAR;Conductor;57;MASCULINO;HERIDOS;0;0;0;;KILOMETRO 11+617;retiro varia palmas enviga (km 5+43 - km 14+ 550);VEREDA PALMAS;6.1610361230239565, -75.51547722443296;CHOQUE;VEHICULO;NO REPORTADO;NO REPORTADO;Normal;Adelantar invadiendo carril del mismo sentido en zigzag
2211156;18/06/2021;9:40:00 a. m.;Viernes;2021;Junio;CAMION;PUBLICO;Conductor;59;MASCULINO;HERIDOS;0;0;0;;KILOMETRO 11+617;retiro varia palmas enviga (km 5+43 - km 14+ 550);VEREDA PALMAS;6.1610361230239565, -75.51547722443296;CHOQUE;VEHICULO;NO REPORTADO;NO REPORTADO;Normal;Adelantar invadiendo carril del mismo sentido en zigzag
2211159;23/06/2021;1:30:00 p. m.;Miércoles;2021;Junio;CAMION;PUBLICO;Conductor;38;MASCULINO;HERIDOS;0;0;0;;CARRERA 50 CON CALLE 32B SUR;;LAS VEGAS;6.178263, -75.591897;CHOQUE;VEHICULO;NO REPORTADO;RESIDENCIAL;Normal;No mantener distancia de seguridad
2211160;23/06/2021;3:30:00 p. m.;Miércoles;2021;Junio;AUTOMOVIL;PARTICULAR;Conductor;54;FEMENINO;HERIDOS;0;0;0;;CARRERA 48 #32B SUR-139;;LAS VEGAS;6.1762844337092, -75.5907449535185;CHOQUE;VEHICULO;NO REPORTADO;RESIDENCIAL;Normal;No mantener distancia de seguridad
2211165;25/06/2021;12:00:00 a. m.;Viernes;2021;Junio;MOTOCICLETA;PARTICULAR;Motociclista;35;MASCULINO;HERIDOS;0;0;0;;CARRERA 43A CON CALLE 25A SUR;;VILLA GRANDE;6.181614722936407, -75.58175677695377;CHOQUE;OBJETO FIJO;OTRO TIPO;RESIDENCIAL;Normal;Impericia en el manejo
2211167;24/06/2021;7:10:00 a. m.;Jueves;2021;Junio;MOTOCICLETA;PARTICULAR;Motociclista;45;FEMENINO;HERIDOS;0;0;0;;CARRERA 48 CON CALLE 35A SUR;;LAS VEGAS;6.17455880140232, -75.59164385275375;CHOQUE;VEHICULO;NO REPORTADO;RESIDENCIAL;Normal;No mantener distancia de seguridad
2211190;25/06/2021;5:00:00 p. m.;Viernes;2021;Junio;MOTOCICLETA;PARTICULAR;Motociclista;29;FEMENINO;HERIDOS;0;0;0;;TRANSVERSAL 27A SUR #43A;;VILLA GRANDE;6.179107421903876, -75.58363720623898;CHOQUE;VEHICULO;NO REPORTADO;RESIDENCIAL;Normal;No mantener distancia de seguridad
2211193;25/06/2021;6:30:00 a. m.;Viernes;2021;Junio;MOTOCICLETA;PARTICULAR;Acompañante;52;MASCULINO;HERIDOS;0;0;0;;CALLE 36D SUR #25-41;;VEREDA EL ESCOBERO;6.157663800361912, -75.56736163277428;CHOQUE;VEHICULO;NO REPORTADO;RESIDENCIAL;Normal;Otra-Conductor
2211193;25/06/2021;6:30:00 a. m.;Viernes;2021;Junio;MOTOCICLETA;PARTICULAR;Motociclista;52;MASCULINO;HERIDOS;0;0;0;;CALLE 36D SUR #25-41;;VEREDA EL ESCOBERO;6.157663800361912, -75.56736163277428;CHOQUE;VEHICULO;NO REPORTADO;RESIDENCIAL;Normal;Otra-Conductor
2211202;25/06/2021;3:50:00 p. m.;Viernes;2021;Junio;MOTOCICLETA;PARTICULAR;Motociclista;25;MASCULINO;HERIDOS;0;0;0;;CARRERA 48 CON CALLE 40 SUR;;LAS VEGAS;6.1700385121076975, -75.5956444691994;CHOQUE;VEHICULO;NO REPORTADO;RESIDENCIAL;Normal;No mantener distancia de seguridad
2211206;26/06/2021;2:30:00 p. m.;Sábado;2021;Junio;MOTOCICLETA;PARTICULAR;Motociclista;29;FEMENINO;HERIDOS;0;0;0;;CALLE 46D SUR #42B-71;;LA PAZ;6.161062194898181, -75.5957114043517;CHOQUE;VEHICULO;NO REPORTADO;RESIDENCIAL;Normal;Transitar en contravia
2211207;29/06/2021;10:15:00 p. m.;Martes;2021;Junio;MOTOCICLETA;PARTICULAR;Motociclista;27;MASCULINO;HERIDOS;0;0;0;;CARRERA 48 CON CALLE 39 SUR;;LAS VEGAS;6.1714342222576, -75.59446676025664;CHOQUE;VEHICULO;NO REPORTADO;RESIDENCIAL;Normal;No respetar prelacion
2211208;30/06/2021;5:30:00 p. m.;Miércoles;2021;Junio;MOTOCICLETA;PARTICULAR;Motociclista;43;FEMENINO;HERIDOS;0;0;0;;CARRERA 50 CON CALLE 46A SUR;;LAS VEGAS;6.168548, -75.602176;CHOQUE;VEHICULO;NO REPORTADO;RESIDENCIAL;Normal;Poner en marcha un vehiculo sin precauci
2211209;29/06/2021;7:40:00 a. m.;Martes;2021;Junio;MOTOCICLETA;PARTICULAR;Motociclista;23;MASCULINO;HERIDOS;0;0;0;;CALLE 38A SUR CON CARRERA 35;;MESA;6.166451129346999, -75.58364560435169;CHOQUE;VEHICULO;NO REPORTADO;RESIDENCIAL;Normal;No respetar prelacion
2211210;30/06/2021;7:30:00 a. m.;Miércoles;2021;Junio;MOTOCICLETA;PARTICULAR;Motociclista;21;MASCULINO;HERIDOS;0;0;0;;CARRERA 50 CON CALLE 46A SUR;;LAS VEGAS;6.168548, -75.602176;CHOQUE;VEHICULO;NO REPORTADO;COMERCIAL;Normal;Otra-Conductor
2211211;29/06/2021;7:15:00 a. m.;Martes;2021;Junio;MOTOCICLETA;PARTICULAR;Motociclista;22;MASCULINO;HERIDOS;0;0;0;;CARRERA 46A CON CALLE 35A SUR;;EL PORTAL;6.1739867595726725, -75.59073392113358;CAIDA OCUPANTE;NO REPORTADO;NO REPORTADO;RESIDENCIAL;Normal;Impericia en el manejo
2211211;29/06/2021;7:15:00 a. m.;Martes;2021;Junio;MOTOCICLETA;PARTICULAR;Acompañante;26;FEMENINO;HERIDOS;0;0;0;;CARRERA 46A CON CALLE 35A SUR;;EL PORTAL;6.1739867595726725, -75.59073392113358;CAIDA OCUPANTE;NO REPORTADO;NO REPORTADO;RESIDENCIAL;Normal;Impericia en el manejo
2211212;30/06/2021;8:15:00 a. m.;Miércoles;2021;Junio;MOTOCICLETA;PARTICULAR;Motociclista;21;FEMENINO;HERIDOS;0;0;0;;CARRERA 50 CON CALLE 46A SUR ;;LAS VEGAS;6.168548, -75.602176;CHOQUE;VEHICULO;NO REPORTADO;RESIDENCIAL;Normal;No mantener distancia de seguridad
2211226;26/06/2021;2:40:00 p. m.;Sábado;2021;Junio;MOTOCICLETA;PARTICULAR;Acompañante;21;FEMENINO;HERIDOS;0;0;0;;CARRERA 50 #48 SUR 100;;LAS VEGAS;6.166087, -75.602677;CHOQUE;VEHICULO;NO REPORTADO;RESIDENCIAL;Normal;Reverso imprudente
2211227;5/07/2021;3:50:00 a. m.;Lunes;2021;Julio;AUTOMOVIL;PARTICULAR;Conductor;21;MASCULINO;HERIDOS;0;0;0;;KILOMETRO 8+820;retiro varia palmas enviga (km 5+43 - km 14+ 550);VEREDA PANTANILLO;6.170580934419187, -75.50081703222561;CHOQUE;VEHICULO;NO REPORTADO;NO REPORTADO;Normal;Impericia en el manejo
2211227;5/07/2021;3:50:00 a. m.;Lunes;2021;Julio;CAMPERO;PARTICULAR;Conductor;30;MASCULINO;HERIDOS;0;0;0;;KILOMETRO 8+820;retiro varia palmas enviga (km 5+43 - km 14+ 550);VEREDA PANTANILLO;6.170580934419187, -75.50081703222561;CHOQUE;VEHICULO;NO REPORTADO;NO REPORTADO;Normal;Impericia en el manejo
2211228;2/07/2021;1:40:00 p. m.;Viernes;2021;Julio;AUTOMOVIL;PARTICULAR;Acompañante;13;FEMENINO;HERIDOS;0;0;0;;CARRERA 48 CON CALLE 40 SUR;;LAS VEGAS;6.169943275166797, -75.59572872451014;CHOQUE;VEHICULO;NO REPORTADO;RESIDENCIAL;Normal;No mantener distancia de seguridad
2211233;4/07/2021;2:00:00 p. m.;Domingo;2021;Julio;AUTOMOVIL;PARTICULAR;Peaton;11;MASCULINO;HERIDOS;0;0;0;;CALLE 40 SUR #23A-31;;EL SALADO;6.168186228359005, -75.59150599044614;ATROPELLO;NO REPORTADO;NO REPORTADO;RESIDENCIAL;Normal;Jugar en la via
2211239;5/07/2021;3:00:00 p. m.;Lunes;2021;Julio;BICICLETA;PARTICULAR;Ciclista;36;MASCULINO;HERIDOS;0;0;0;;CALLE 25A SUR CON CARRERA 43A;;VILLA GRANDE;6.181593390028455, -75.58169240393818;CHOQUE;VEHICULO;NO REPORTADO;RESIDENCIAL;Normal;Otra-Conductor
2211241;4/07/2021;10:10:00 a. m.;Domingo;2021;Julio;MOTOCICLETA;PARTICULAR;Motociclista;26;FEMENINO;HERIDOS;0;0;0;;CARRERA 43A #46 SUR 90;;PRIMAVERA;6.163418800423177, -75.5965880824981;CHOQUE;VEHICULO;NO REPORTADO;RESIDENCIAL;Normal;Impericia en el manejo  -  No mantener distancia de seguridad
2211248;3/07/2021;7:00:00 a. m.;Sábado;2021;Julio;MOTOCICLETA;PARTICULAR;Peaton;54;MASCULINO;HERIDOS;0;0;0;;CARRERA 48 CON CALLE 34 SUR;;EL PORTAL;6.175553163814159, -75.59100803476572;ATROPELLO;NO REPORTADO;NO REPORTADO;RESIDENCIAL;Normal;Cruzar sin observar
2211250;2/07/2021;5:20:00 p. m.;Viernes;2021;Julio;BUS;PUBLICO;Pasajero;54;FEMENINO;HERIDOS;0;0;0;;TRANSVERSAL 32A SUR #33-22;;LA MAGNOLIA;6.175125158969665, -75.58484244626638;CAIDA OCUPANTE;NO REPORTADO;NO REPORTADO;RESIDENCIAL;Normal;Impericia en el manejo
2211251;25/06/2021;6:00:00 a. m.;Viernes;2021;Junio;MOTOCICLETA;PARTICULAR;Acompañante;25;MASCULINO;HERIDOS;0;0;0;;CALLE 39 SUR CON CARRERA 43A;;ZONA CENTRO;6.169089185202092, -75.58956134891699;CHOQUE;VEHICULO;NO REPORTADO;RESIDENCIAL;Normal;Desobedecer señales
2211252;25/06/2021;12:00:00 p. m.;Viernes;2021;Junio;MOTOCICLETA;PARTICULAR;Motociclista;22;MASCULINO;HERIDOS;0;0;0;;CALLE 40 SUR #28B-100;;SAN JOSE;6.16825492815078, -75.59160010764147;ATROPELLO;NO REPORTADO;NO REPORTADO;RESIDENCIAL;Normal;Cruzar sin observar
2211252;25/06/2021;12:00:00 p. m.;Viernes;2021;Junio;MOTOCICLETA;PARTICULAR;Peaton;26;FEMENINO;HERIDOS;0;0;0;;CALLE 40 SUR #28B-100;;SAN JOSE;6.16825492815078, -75.59160010764147;ATROPELLO;NO REPORTADO;NO REPORTADO;RESIDENCIAL;Normal;Cruzar sin observar
2211253;26/06/2021;6:20:00 p. m.;Sábado;2021;Junio;MOTOCICLETA;PARTICULAR;Motociclista;29;MASCULINO;HERIDOS;0;0;0;;CALLE 39 SUR #37-48;;MESA;6.166610879914933, -75.5853163911645;CHOQUE;VEHICULO;NO REPORTADO;RESIDENCIAL;Normal;Desobedecer señales
2211254;28/06/2021;11:10:00 p. m.;Lunes;2021;Junio;CAMPERO;PARTICULAR;Acompañante;15;FEMENINO;HERIDOS;0;0;0;;KILOMETRO 8+660;retiro varia palmas enviga (km 5+43 - km 14+ 550);VEREDA PERICO;6.170455344345716, -75.49952715024159;CHOQUE;OBJETO FIJO;POSTE;NO REPORTADO;Lluvia;Impericia en el manejo
2211255;1/07/2021;8:20:00 a. m.;Jueves;2021;Julio;MOTOCICLETA;PARTICULAR;Motociclista;52;MASCULINO;HERIDOS;0;0;0;;CALLE 40F SUR CON CARRERA 39;;EL DORADO;6.163320533727745, -75.5884344002892;CHOQUE;VEHICULO;NO REPORTADO;RESIDENCIAL;Normal;Transitar en contravia
2211256;1/07/2021;8:00:00 p. m.;Jueves;2021;Julio;AUTOMOVIL;PARTICULAR;Conductor;32;FEMENINO;HERIDOS;0;0;0;;CARRERA 50 CON CALLE 43 SUR;;LAS VEGAS;6.171018, -75.600755;CHOQUE;VEHICULO;NO REPORTADO;RESIDENCIAL;Normal;No mantener distancia de seguridad
2211257;2/07/2021;6:50:00 a. m.;Viernes;2021;Julio;AUTOMOVIL;PUBLICO;Pasajero;52;FEMENINO;HERIDOS;0;0;0;;CARRERA 48 CON CALLE 37 SUR;;LAS VEGAS;6.173473352424915, -75.59256588595376;CHOQUE;VEHICULO;NO REPORTADO;RESIDENCIAL;Normal;No mantener distancia de seguridad
2211257;2/07/2021;6:50:00 a. m.;Viernes;2021;Julio;AUTOMOVIL;PUBLICO;Pasajero;76;FEMENINO;HERIDOS;0;0;0;;CARRERA 48 CON CALLE 37 SUR;;LAS VEGAS;6.173473352424915, -75.59256588595376;CHOQUE;VEHICULO;NO REPORTADO;RESIDENCIAL;Normal;No mantener distancia de seguridad
2211258;3/07/2021;11:30:00 a. m.;Sábado;2021;Julio;MOTOCICLETA;PARTICULAR;Motociclista;21;MASCULINO;HERIDOS;0;0;0;;KILOMETRO 17;medellín palmas envigado (km 12 - km 16+700);VEREDA PALMAS;6.153591570245191, -75.53282044519636;CHOQUE;VEHICULO;NO REPORTADO;NO REPORTADO;Normal;Adelantar invadiendo carril de sentido contrario
2211259;3/07/2021;6:50:00 a. m.;Sábado;2021;Julio;MOTOCICLETA;PARTICULAR;Peaton;40;MASCULINO;HERIDOS;0;0;0;;CARRERA 43A CON CALLE 37 SUR;;SAN MARCOS;6.171156877675806, -75.58832689943017;ATROPELLO;NO REPORTADO;NO REPORTADO;RESIDENCIAL;Normal;Otra-Conductor
2211259;3/07/2021;6:50:00 a. m.;Sábado;2021;Julio;MOTOCICLETA;PARTICULAR;Motociclista;30;FEMENINO;HERIDOS;0;0;0;;CARRERA 43A CON CALLE 37 SUR;;SAN MARCOS;6.171156877675806, -75.58832689943017;ATROPELLO;NO REPORTADO;NO REPORTADO;RESIDENCIAL;Normal;Otra-Conductor
2211260;3/07/2021;3:15:00 p. m.;Sábado;2021;Julio;MOTOCICLETA;PARTICULAR;Motociclista;23;MASCULINO;HERIDOS;0;0;0;;CARRERA 48 CON CALLE 50 SUR;;LAS VEGAS;6.162072458716961, -75.60353659646475;CHOQUE;VEHICULO;NO REPORTADO;RESIDENCIAL;Normal;Adelantar cerrando
2211261;3/07/2021;8:20:00 a. m.;Sábado;2021;Julio;MOTOCICLETA;PARTICULAR;Motociclista;44;FEMENINO;HERIDOS;0;0;0;;CARRERA 41 CON CALLE 38A SUR;;ZONA CENTRO;6.16846454404153, -75.58703673366408;CHOQUE;VEHICULO;NO REPORTADO;RESIDENCIAL;Normal;Semaforo en rojo
2211268;4/07/2021;10:20:00 a. m.;Domingo;2021;Julio;CAMIONETA;PARTICULAR;Peaton;42;MASCULINO;HERIDOS;0;0;0;;CALLE 37 SUR #46A-13;;EL PORTAL;6.1730893929015265, -75.59132080393829;ATROPELLO;NO REPORTADO;NO REPORTADO;RESIDENCIAL;Normal;Cruzar sin observar  -  Impericia en el manejo
2211270;6/07/2021;8:25:00 a. m.;Martes;2021;Julio;MOTOCICLETA;PARTICULAR;Motociclista;31;MASCULINO;HERIDOS;0;0;0;;CALLE 38 SUR CON CARRERA 46;;ALCALA;6.171950851816153, -75.59142380901523;CHOQUE;VEHICULO;NO REPORTADO;RESIDENCIAL;Normal;Impericia en el manejo
2211271;7/07/2021;6:10:00 a. m.;Miércoles;2021;Julio;MOTOCICLETA;PARTICULAR;Motociclista;42;MASCULINO;HERIDOS;0;0;0;;CARRERA 48 #26 SUR-87;;LAS VEGAS;6.1832864299277, -75.58666661629184;CHOQUE;VEHICULO;NO REPORTADO;RESIDENCIAL;Normal;No mantener distancia de seguridad
2211277;4/07/2021;4:10:00 p. m.;Domingo;2021;Julio;MOTOCICLETA;PARTICULAR;Acompañante;17;FEMENINO;HERIDOS;0;0;0;0;KILOMETRO 7;el escobero - km 0-13);VEREDA EL ESCOBERO;6.12036, -75.53935;CAIDA OCUPANTE;NO REPORTADO;NO REPORTADO;NO REPORTADO;Normal;Adelantar en curva