NRO_RADICADO;FECHA_ACCIDENTE;HORA_ACCIDENTE;Día de la semana;AÑO;MES;CLASE_VEHICULO;TIPO_SERVICIO;TIPO_VICTIMA;EDAD;GENERO;GRAVEDAD;ESTADO_BEODEZ;ESTADO_DROGA;RESULTADO_BEODEZ;RESUL_BEODEZ_GRAMOS;DIRECCION_CARACT_VIA;TRAMO_VIA;LOCALIDAD_O_COMUNA;    GEORREFERENCIACIÓN;DESC_CLASE_ACCIDENTE;DESC_CHOQUE_ACCIDENTE;DESC_OBJETO_FIJO;DESC_SECTOR_ACCIDENTE;CONDICION_CLIMATICA;CAUSA_ACCIDENTE
2211278;8/07/2021;1:20:00 p. m.;Jueves;2021;Julio;MOTOCICLETA;PARTICULAR;Motociclista;22;FEMENINO;HERIDOS;0;0;0;;CALLE 40 SUR CON CARRERA 43A;;ALCALA;6.16819209508207, -75.59024633318732;CHOQUE;VEHICULO;NO REPORTADO;RESIDENCIAL;Normal;Adelantar cerrando
2211279;8/07/2021;6:45:00 p. m.;Jueves;2021;Julio;MOTOCICLETA;PARTICULAR;Motociclista;31;MASCULINO;HERIDOS;0;0;0;;CALLE 40C SUR #29-46;;LA MINA;6.1611356649393905, -75.58285377551597;CHOQUE;VEHICULO;NO REPORTADO;RESIDENCIAL;Normal;Girar bruscamente  -  Impericia en el manejo
2211280;8/07/2021;6:18:00 a. m.;Jueves;2021;Julio;MOTOCICLETA;PARTICULAR;Motociclista;63;MASCULINO;HERIDOS;0;0;0;;TRANSVERSAL 32C SUR CON DIAGONAL 33;;LA MAGNOLIA;6.174563825583449, -75.58456000435156;CHOQUE;VEHICULO;NO REPORTADO;RESIDENCIAL;Normal;Desobedecer señales
2211281;8/07/2021;11:20:00 a. m.;Jueves;2021;Julio;MOTOCICLETA;PARTICULAR;Peaton;51;FEMENINO;HERIDOS;0;0;0;;CARRERA 27 CON CALLE 23 SUR;;ZUÑIGA;6.176732075489436, -75.56763647316772;ATROPELLO;NO REPORTADO;NO REPORTADO;RESIDENCIAL;Normal;Impericia en el manejo
2211282;9/07/2021;6:10:00 p. m.;Viernes;2021;Julio;MOTOCICLETA;PARTICULAR;Acompañante;32;FEMENINO;HERIDOS;0;0;0;;CALLE 36D SUR CON CARRERA 27G;;LA PRADERA;6.166305, -75.576875;CAIDA OCUPANTE;NO REPORTADO;NO REPORTADO;RESIDENCIAL;Normal;Otra-Vehículo
2211283;9/07/2021;1:20:00 p. m.;Viernes;2021;Julio;MOTOCICLETA;PARTICULAR;Motociclista;38;MASCULINO;HERIDOS;0;0;0;;TRANSVERSAL 32A SUR CON DIAGONAL 32;;LA MAGNOLIA;6.175810958428851, -75.58258377551594;CHOQUE;VEHICULO;NO REPORTADO;RESIDENCIAL;Normal;Desobedecer señales
2211284;10/07/2021;8:30:00 a. m.;Sábado;2021;Julio;MOTOCICLETA;PARTICULAR;Acompañante;24;MASCULINO;HERIDOS;0;0;0;;CARRERA 48 #46 SUR 150;;LAS VEGAS;6.1654304594401115, -75.60014866920241;CAIDA OCUPANTE;NO REPORTADO;NO REPORTADO;RESIDENCIAL;Normal;Impericia en el manejo  -  Superficie lisa
2211284;10/07/2021;8:30:00 a. m.;Sábado;2021;Julio;MOTOCICLETA;PARTICULAR;Motociclista;25;FEMENINO;HERIDOS;0;0;0;;CARRERA 48 #46 SUR 150;;LAS VEGAS;6.1654304594401115, -75.60014866920241;CAIDA OCUPANTE;NO REPORTADO;NO REPORTADO;RESIDENCIAL;Normal;Impericia en el manejo  -  Superficie lisa
2211287;10/07/2021;5:00:00 p. m.;Sábado;2021;Julio;MOTOCICLETA;PARTICULAR;Motociclista;63;MASCULINO;HERIDOS;0;0;0;;CALLE 27 SUR #28-121;;ALTO DE MISAEL;6.177163120309355, -75.57631708123634;CHOQUE;VEHICULO;NO REPORTADO;RESIDENCIAL;Normal;Adelantar en zona prohibida
2211301;8/07/2021;8:57:00 p. m.;Jueves;2021;Julio;MOTOCICLETA;PARTICULAR;Acompañante;29;FEMENINO;HERIDOS;0;0;0;;CARRERA 43A CON CALLE 25 SUR;;BOSQUES DE ZUÑIGA;6.181527767015737, -75.58125395108142;CHOQUE;VEHICULO;NO REPORTADO;RESIDENCIAL;Normal;Girar bruscamente
2211305;10/07/2021;12:30:00 a. m.;Sábado;2021;Julio;AUTOMOVIL;PARTICULAR;Peaton;56;MASCULINO;HERIDOS;0;0;0;;kilometro 16+260;medellín palmas envigado (km 12 - km 16+700);VEREDA PALMAS;6.154363008629801, -75.53658079416144;CHOQUE;SEMOVIENTE;NO REPORTADO;NO REPORTADO;Normal;Exceso de velocidad
2211305;10/07/2021;12:30:00 a. m.;Sábado;2021;Julio;AUTOMOVIL;PARTICULAR;Peaton;34;MASCULINO;HERIDOS;0;0;0;;kilometro 16+260;medellín palmas envigado (km 12 - km 16+700);VEREDA PALMAS;6.154363008629801, -75.53658079416144;CHOQUE;SEMOVIENTE;NO REPORTADO;NO REPORTADO;Normal;Exceso de velocidad
2211307;12/07/2021;5:20:00 p. m.;Lunes;2021;Julio;TRICICLO;PARTICULAR;Motociclista;43;MASCULINO;HERIDOS;0;0;0;;CARRERA 49A CON CALLE 46A SUR;;LAS VEGAS;6.169079, -75.601935;CHOQUE;VEHICULO;NO REPORTADO;RESIDENCIAL;Normal;Otra-Conductor
2211310;10/07/2021;8:15:00 a. m.;Sábado;2021;Julio;MOTOCICLETA;PARTICULAR;Motociclista;19;MASCULINO;HERIDOS;0;0;0;;TRANSVERSAL 35D SUR CON DIAGONAL 33;;LOS NARANJOS;6.168465481380027, -75.58161942214274;CHOQUE;VEHICULO;NO REPORTADO;RESIDENCIAL;Normal;Desobedecer señales
2211312;10/07/2021;8:46:00 a. m.;Sábado;2021;Julio;MOTOCICLETA;PARTICULAR;Motociclista;20;MASCULINO;HERIDOS;0;0;0;;CARRERA 48 CON CALLE 39 SUR;;LAS VEGAS;6.17192169350211, -75.59369817551594;CHOQUE;VEHICULO;NO REPORTADO;RESIDENCIAL;Normal;Semaforo en rojo
2211318;13/07/2021;7:50:00 a. m.;Martes;2021;Julio;AUTOMOVIL;PUBLICO;Pasajero;58;FEMENINO;HERIDOS;0;0;0;;CARRERA 48 CON CALLE 27A SUR;;LAS VEGAS;6.18145299162568, -75.58688550435153;CHOQUE;VEHICULO;NO REPORTADO;RESIDENCIAL;Normal;No mantener distancia de seguridad
2211318;13/07/2021;7:50:00 a. m.;Martes;2021;Julio;AUTOMOVIL;PUBLICO;Pasajero;24;FEMENINO;HERIDOS;0;0;0;;CARRERA 48 CON CALLE 27A SUR;;LAS VEGAS;6.18145299162568, -75.58688550435153;CHOQUE;VEHICULO;NO REPORTADO;RESIDENCIAL;Normal;No mantener distancia de seguridad
2211322;12/07/2021;4:10:00 p. m.;Lunes;2021;Julio;MOTOCICLETA;PARTICULAR;Motociclista;28;FEMENINO;HERIDOS;0;0;0;;CARRERA 40 #38 SUR 33;;ZONA CENTRO;6.1682193665972, -75.58609588251701;CHOQUE;VEHICULO;NO REPORTADO;RESIDENCIAL;Normal;ABRIR LAS PUERTAS SIN PRECAUCION  -  Adelantar por la derecha
2211323;13/07/2021;9:10:00 p. m.;Martes;2021;Julio;BICICLETA;;Ciclista;41;MASCULINO;HERIDOS;0;0;0;;CARRERA 42B CON CALLE 44B SUR;;EL DORADO;6.164242763562242, -75.59286770435166;CHOQUE;VEHICULO;NO REPORTADO;RESIDENCIAL;Normal;No mantener distancia de seguridad
2211331;15/07/2021;6:20:00 a. m.;Jueves;2021;Julio;BICICLETA;;Ciclista;34;MASCULINO;HERIDOS;0;0;0;;CALLE 48C SUR CON CARRERA 46;;PRIMAVERA;6.163061997253738, -75.59974956202304;CHOQUE;OBJETO FIJO;VEHICULO ESTACIONADO;RESIDENCIAL;Normal;ABRIR LAS PUERTAS SIN PRECAUCION
2211343;17/07/2021;2:40:00 p. m.;Sábado;2021;Julio;MOTOCICLETA;PARTICULAR;Motociclista;21;MASCULINO;HERIDOS;0;0;0;;KILOMETRO 14+150;retiro varia palmas enviga (km 5+43 - km 14+ 550);VEREDA PALMAS;6.1558630796357505, -75.53227772027887;CHOQUE;VEHICULO;NO REPORTADO;NO REPORTADO;Normal;Impericia en el manejo
2211343;17/07/2021;2:40:00 p. m.;Sábado;2021;Julio;MOTOCICLETA;PARTICULAR;Acompañante;16;MASCULINO;HERIDOS;0;0;0;;KILOMETRO 14+150;retiro varia palmas enviga (km 5+43 - km 14+ 550);VEREDA PALMAS;6.1558630796357505, -75.53227772027887;CHOQUE;VEHICULO;NO REPORTADO;NO REPORTADO;Normal;Impericia en el manejo
2211348;16/07/2021;10:50:00 a. m.;Viernes;2021;Julio;MOTOCICLETA;PARTICULAR;Acompañante;17;FEMENINO;HERIDOS;0;0;0;;KILOMETRO 6;pantanill;VEREDA PANTANILLO;6.178165493390462, -75.492566619275;CHOQUE;VEHICULO;NO REPORTADO;NO REPORTADO;Normal;Impericia en el manejo
2211348;16/07/2021;10:50:00 a. m.;Viernes;2021;Julio;MOTOCICLETA;PARTICULAR;Motociclista;19;MASCULINO;HERIDOS;0;0;0;;KILOMETRO 6;pantanill;VEREDA PANTANILLO;6.178165493390462, -75.492566619275;CHOQUE;VEHICULO;NO REPORTADO;NO REPORTADO;Normal;Impericia en el manejo
2211359;17/07/2021;8:30:00 p. m.;Sábado;2021;Julio;MOTOCICLETA;PARTICULAR;Motociclista;28;MASCULINO;HERIDOS;0;0;0;;KILOMETRO 16+670;medellín palmas envigado (km 12 - km 16+700);VEREDA PALMAS;6.153601944453967, -75.53305976626075;CHOQUE;VEHICULO;NO REPORTADO;NO REPORTADO;Normal;No mantener distancia de seguridad
2211362;16/07/2021;11:30:00 a. m.;Viernes;2021;Julio;MOTOCICLETA;PARTICULAR;Motociclista;44;MASCULINO;HERIDOS;0;0;0;;CALLE 40F SUR CON CARRERA 30;;SAN RAFAEL;6.160748819686679, -75.58454889854261;CHOQUE;VEHICULO;NO REPORTADO;RESIDENCIAL;Normal;Desobedecer señales
2211365;16/07/2021;10:40:00 a. m.;Viernes;2021;Julio;BICICLETA;;Ciclista;23;FEMENINO;HERIDOS;0;0;0;;KILOMETRO 15+740;medellín palmas envigado (km 12 - km 16+700);VEREDA PALMAS;6.1534384132232915, -75.54084415712997;CHOQUE;VEHICULO;NO REPORTADO;NO REPORTADO;Normal;Impericia en el manejo
2211367;19/07/2021;2:55:00 p. m.;Lunes;2021;Julio;MOTOCICLETA;PARTICULAR;Motociclista;34;MASCULINO;HERIDOS;0;0;0;;CARRERA 48 #32B SUR -139;;LAS VEGAS;6.1762844337092, -75.5907449535185;CAIDA OCUPANTE;NO REPORTADO;NO REPORTADO;RESIDENCIAL;Normal;Desobedecer señales
2211368;20/07/2021;3:45:00 p. m.;Martes;2021;Julio;MOTOCICLETA;PARTICULAR;Motociclista;47;MASCULINO;HERIDOS;0;0;0;;CARRERA 48 #46 SUR 150;;LAS VEGAS;6.1654304594401115, -75.60014866920241;CHOQUE;VEHICULO;NO REPORTADO;RESIDENCIAL;Normal;No mantener distancia de seguridad
2211368;20/07/2021;3:45:00 p. m.;Martes;2021;Julio;MOTOCICLETA;PARTICULAR;Acompañante;29;FEMENINO;HERIDOS;0;0;0;;CARRERA 48 #46 SUR 150;;LAS VEGAS;6.1654304594401115, -75.60014866920241;CHOQUE;VEHICULO;NO REPORTADO;RESIDENCIAL;Normal;No mantener distancia de seguridad
2211369;20/07/2021;11:20:00 a. m.;Martes;2021;Julio;MOTOCICLETA;PARTICULAR;Acompañante;23;FEMENINO;HERIDOS;0;0;0;;CALLE 37 SUR #28-38;;LA PRADERA;6.165871597366788, -75.57866552922368;CHOQUE;VEHICULO;NO REPORTADO;RESIDENCIAL;Normal;No mantener distancia de seguridad
2211369;20/07/2021;11:20:00 a. m.;Martes;2021;Julio;MOTOCICLETA;PARTICULAR;Motociclista;21;FEMENINO;HERIDOS;0;0;0;;CALLE 37 SUR #28-38;;LA PRADERA;6.165871597366788, -75.57866552922368;CHOQUE;VEHICULO;NO REPORTADO;RESIDENCIAL;Normal;No mantener distancia de seguridad
2211370;20/07/2021;10:10:00 p. m.;Martes;2021;Julio;MOTOCICLETA;PARTICULAR;Motociclista;27;MASCULINO;HERIDOS;0;0;0;;CARRERA 43A CON CALLE 25 SUR;;BOSQUES DE ZUÑIGA;6.181527767015737, -75.58125395108142;CHOQUE;VEHICULO;NO REPORTADO;RESIDENCIAL;Normal;Semaforo en rojo
2211379;20/07/2021;9:40:00 a. m.;Martes;2021;Julio;AUTOMOVIL;PARTICULAR;Conductor;24;FEMENINO;HERIDOS;0;0;0;;CALLE 27 SUR CON CARRERA 41;;ZUÑIGA;6.179173, -75.577386;CHOQUE;OBJETO FIJO;MURO;RESIDENCIAL;Normal;Impericia en el manejo
2211390;20/07/2021;6:00:00 p. m.;Martes;2021;Julio;MOTOCICLETA;PARTICULAR;Acompañante;33;FEMENINO;HERIDOS;0;0;0;;CALLE 37 SUR CON CARRERA 43;;ZONA CENTRO;6.171143527150884, -75.58824990435166;CHOQUE;VEHICULO;NO REPORTADO;RESIDENCIAL;Normal;Impericia en el manejo
2211390;20/07/2021;6:00:00 p. m.;Martes;2021;Julio;MOTOCICLETA;PARTICULAR;Motociclista;51;MASCULINO;HERIDOS;0;0;0;;CALLE 37 SUR CON CARRERA 43;;ZONA CENTRO;6.171143527150884, -75.58824990435166;CHOQUE;VEHICULO;NO REPORTADO;RESIDENCIAL;Normal;Impericia en el manejo
2211391;21/07/2021;8:10:00 p. m.;Miércoles;2021;Julio;MOTOCICLETA;PARTICULAR;Motociclista;25;MASCULINO;HERIDOS;0;0;0;;CARRERA 50 CON CALLE 29 SUR;;LAS VEGAS;6.182371, -75.589334;CHOQUE;VEHICULO;NO REPORTADO;RESIDENCIAL;Normal;Otra-Vehículo
2211392;22/07/2021;7:20:00 a. m.;Jueves;2021;Julio;MOTOCICLETA;PARTICULAR;Motociclista;25;FEMENINO;HERIDOS;0;0;0;;CALLE 39 SUR CON CARRERA 46;;ALCALA;6.170481392047197, -75.59244524362538;CHOQUE;VEHICULO;NO REPORTADO;RESIDENCIAL;Normal;Desobedecer señales
2211393;21/07/2021;5:45:00 p. m.;Miércoles;2021;Julio;MOTOCICLETA;PARTICULAR;Motociclista;54;FEMENINO;HERIDOS;0;0;0;;KILOMETRO 12+00;medellín palmas envigado (km 12 - km 16+700);VEREDA PALMAS;6.159136333904211, -75.51759278008379;CHOQUE;VEHICULO;NO REPORTADO;NO REPORTADO;Normal;Recoger o dejar pasajeros en calzada
2211409;26/07/2021;9:10:00 a. m.;Lunes;2021;Julio;BUS;PUBLICO;Pasajero;69;MASCULINO;HERIDOS;0;0;0;;CARRERA 41 #38A SUR 38;;ZONA CENTRO;6.168765, -75.586806;CAIDA OCUPANTE;NO REPORTADO;NO REPORTADO;RESIDENCIAL;Normal;Arrancar sin precaucion
2211410;23/07/2021;8:20:00 a. m.;Viernes;2021;Julio;MOTOCICLETA;PARTICULAR;Motociclista;25;MASCULINO;HERIDOS;0;0;0;;CARRERA 50 CON CALLE 43 SUR;;LAS VEGAS;6.171018, -75.600755;CHOQUE;VEHICULO;NO REPORTADO;RESIDENCIAL;Normal;No mantener distancia de seguridad
2211423;27/07/2021;10:07:00 a. m.;Martes;2021;Julio;MOTOCICLETA;PARTICULAR;Motociclista;40;MASCULINO;HERIDOS;0;0;0;;CARRERA 50 CON CALLE 37 SUR;;LAS VEGAS;6.175135, -75.595369;CHOQUE;VEHICULO;NO REPORTADO;RESIDENCIAL;Normal;No mantener distancia de seguridad
2211424;27/07/2021;3:40:00 a. m.;Martes;2021;Julio;AUTOMOVIL;PARTICULAR;Acompañante;47;MASCULINO;HERIDOS;0;0;0;;CARRERA 50 CON CALLE 26 SUR;;LAS VEGAS;6.184920, -75.587152;VOLCAMIENTO;NO REPORTADO;NO REPORTADO;RESIDENCIAL;Lluvia;Exceso de velocidad  -  Otra-Via
2211425;27/07/2021;2:10:00 p. m.;Martes;2021;Julio;MOTOCICLETA;PARTICULAR;Motociclista;34;MASCULINO;HERIDOS;0;0;0;;CARRERA 48 # 46 SUR-150;;LAS VEGAS;6.1654304594401115, -75.60014866920241;CHOQUE;VEHICULO;NO REPORTADO;RESIDENCIAL;Normal;No mantener distancia de seguridad
2211426;27/07/2021;8:00:00 a. m.;Martes;2021;Julio;MOTOCICLETA;PARTICULAR;Motociclista;28;FEMENINO;HERIDOS;0;0;0;;CARRERA 40B #52B SUR- 90;;LOMA DEL BARRO;6.156180509800428, -75.60232238063621;CAIDA OCUPANTE;NO REPORTADO;NO REPORTADO;RESIDENCIAL;Normal;Superficie humeda
2211437;28/07/2021;3:50:00 p. m.;Miércoles;2021;Julio;BUSETA;PUBLICO;Pasajero;51;FEMENINO;HERIDOS;0;0;0;;CALLE 30 SUR CON CARRERA 43A;;JARDINES;6.177131, -75.585182;CAIDA OCUPANTE;NO REPORTADO;NO REPORTADO;RESIDENCIAL;Normal;Otra-Pasajero-Acompañante
2211438;28/07/2021;3:30:00 p. m.;Miércoles;2021;Julio;MOTOCICLETA;PARTICULAR;Acompañante;21;MASCULINO;HERIDOS;0;0;0;;CARRERA 24E #40SUR -95;;EL SALADO;6.150022045459092, -75.57910197141985;CHOQUE;VEHICULO;NO REPORTADO;RESIDENCIAL;Normal;Impericia en el manejo
2211448;28/07/2021;9:20:00 a. m.;Miércoles;2021;Julio;MOTOCICLETA;PARTICULAR;Motociclista;42;FEMENINO;HERIDOS;0;0;0;;CALLE 36 SUR #27C-05;;LA INMACULADA;6.1672913464022745, -75.5732002648957;CHOQUE;VEHICULO;NO REPORTADO;RESIDENCIAL;Normal;Poner en marcha un vehiculo sin precauci
2211449;29/07/2021;10:00:00 p. m.;Jueves;2021;Julio;MOTOCICLETA;PARTICULAR;Peaton;52;MASCULINO;HERIDOS;0;0;0;;CALLE 38 SUR #34-25;;MESA;6.167012696102625, -75.58282462113362;ATROPELLO;NO REPORTADO;NO REPORTADO;RESIDENCIAL;Normal;Cruzar sin observar
2211450;28/07/2021;12:00:00 p. m.;Miércoles;2021;Julio;MOTOCICLETA;PARTICULAR;Peaton;65;FEMENINO;HERIDOS;0;0;0;;CARRERA 43A #36 SUR-54;;ZONA CENTRO;6.171656060276797, -75.58799047880545;ATROPELLO;NO REPORTADO;NO REPORTADO;RESIDENCIAL;Normal;Cruzar sin observar
2211456;30/07/2021;12:00:00 p. m.;Viernes;2021;Julio;BICICLETA;;Ciclista;51;MASCULINO;HERIDOS;0;0;0;;TRANSVERSAL 36 SUR CON DIAGONAL 31C;;LA SEBASTIANA;6.1682417080528715, -75.58032258501275;CHOQUE;VEHICULO;NO REPORTADO;RESIDENCIAL;Normal;No mantener distancia de seguridad
2211457;30/07/2021;8:00:00 a. m.;Viernes;2021;Julio;MOTOCICLETA;PARTICULAR;Motociclista;31;FEMENINO;HERIDOS;0;0;0;;CALLE 27 SUR #28-49;;ALTO DE MISAEL;6.176350454396934, -75.57534451155786;CHOQUE;VEHICULO;NO REPORTADO;RESIDENCIAL;Normal;Arrancar sin precaucion  -  Girar bruscamente
2211458;30/07/2021;1:25:00 p. m.;Viernes;2021;Julio;MOTOCICLETA;PARTICULAR;Motociclista;25;MASCULINO;HERIDOS;0;0;0;;TRANSVERSAL 36 SUR CON DIAGONAL 31;;LA SEBASTIANA;6.168406761546051, -75.58030154811799;CHOQUE;VEHICULO;NO REPORTADO;RESIDENCIAL;Normal;Semaforo en rojo
2211458;30/07/2021;1:25:00 p. m.;Viernes;2021;Julio;MOTOCICLETA;OFICIAL;Motociclista;57;MASCULINO;HERIDOS;0;0;0;;TRANSVERSAL 36 SUR CON DIAGONAL 31;;LA SEBASTIANA;6.168406761546051, -75.58030154811799;CHOQUE;VEHICULO;NO REPORTADO;RESIDENCIAL;Normal;Semaforo en rojo
2211458;30/07/2021;1:25:00 p. m.;Viernes;2021;Julio;MOTOCICLETA;OFICIAL;Acompañante;40;MASCULINO;HERIDOS;0;0;0;;TRANSVERSAL 36 SUR CON DIAGONAL 31;;LA SEBASTIANA;6.168406761546051, -75.58030154811799;CHOQUE;VEHICULO;NO REPORTADO;RESIDENCIAL;Normal;Semaforo en rojo
2211460;31/07/2021;4:37:00 p. m.;Sábado;2021;Julio;MOTOCICLETA;PARTICULAR;Motociclista;32;MASCULINO;HERIDOS;0;0;0;;CARRERA 43A CON CALLE 38A SUR;;ALCALA;6.1697077409398275, -75.58915413115817;CHOQUE;VEHICULO;NO REPORTADO;RESIDENCIAL;Normal;Adelantar por la derecha
2211464;31/07/2021;5:00:00 p. m.;Sábado;2021;Julio;MOTOCICLETA;PARTICULAR;Motociclista;53;MASCULINO;HERIDOS;0;0;0;;CARRERA 48 CON CALLE 40 SUR;;LAS VEGAS;6.170156060939431, -75.59573853318724;CHOQUE;VEHICULO;NO REPORTADO;RESIDENCIAL;Normal;Semaforo en rojo
2211464;31/07/2021;5:00:00 p. m.;Sábado;2021;Julio;MOTOCICLETA;PARTICULAR;Acompañante;50;FEMENINO;HERIDOS;0;0;0;;CARRERA 48 CON CALLE 40 SUR;;LAS VEGAS;6.170156060939431, -75.59573853318724;CHOQUE;VEHICULO;NO REPORTADO;RESIDENCIAL;Normal;Semaforo en rojo
2211466;31/07/2021;10:00:00 a. m.;Sábado;2021;Julio;BICICLETA;;Ciclista;7;MASCULINO;HERIDOS;0;0;0;;CARRERA 48 X CALLE 46 SUR-150;;LAS VEGAS;6.1654304594401115, -75.60014866920241;CHOQUE;VEHICULO;NO REPORTADO;RESIDENCIAL;Normal;Reverso imprudente
2211467;31/07/2021;10:30:00 p. m.;Sábado;2021;Julio;MOTOCICLETA;PARTICULAR;Peaton;49;MASCULINO;HERIDOS;0;0;0;;CALLE 36 SUR #41-50;;ZONA CENTRO;6.171089227184632, -75.5861964331873;ATROPELLO;NO REPORTADO;NO REPORTADO;RESIDENCIAL;Normal;Impericia en el manejo
2211475;1/08/2021;10:20:00 a. m.;Domingo;2021;Agosto;MOTOCICLETA;PARTICULAR;Motociclista;28;MASCULINO;HERIDOS;0;0;0;;KILOMETRO 18+00;retiro varia palmas enviga (km 5+43 - km 14+ 550);VEREDA PALMAS;6.144989400624123, -75.52645214853997;CHOQUE;VEHICULO;NO REPORTADO;NO REPORTADO;Normal;Adelantar invadiendo carril de sentido contrario
2211475;1/08/2021;10:20:00 a. m.;Domingo;2021;Agosto;MOTOCICLETA;PARTICULAR;Motociclista;24;MASCULINO;HERIDOS;0;0;0;;KILOMETRO 18+00;retiro varia palmas enviga (km 5+43 - km 14+ 550);VEREDA PALMAS;6.144989400624123, -75.52645214853997;CHOQUE;VEHICULO;NO REPORTADO;NO REPORTADO;Normal;Adelantar invadiendo carril de sentido contrario
2211476;1/08/2021;6:50:00 p. m.;Domingo;2021;Agosto;MOTOCICLETA;PARTICULAR;Acompañante;30;FEMENINO;HERIDOS;0;0;0;;KILOMETRO 17+00;medellín palmas envigado (km 12 - km 16+700);VEREDA PALMAS;6.153591570245191, -75.53282044519636;CAIDA OCUPANTE;NO REPORTADO;NO REPORTADO;NO REPORTADO;Normal;Impericia en el manejo
2211476;1/08/2021;6:50:00 p. m.;Domingo;2021;Agosto;MOTOCICLETA;PARTICULAR;Motociclista;20;MASCULINO;HERIDOS;0;0;0;;KILOMETRO 17+00;medellín palmas envigado (km 12 - km 16+700);VEREDA PALMAS;6.153591570245191, -75.53282044519636;CAIDA OCUPANTE;NO REPORTADO;NO REPORTADO;NO REPORTADO;Normal;Impericia en el manejo
2211477;1/08/2021;7:45:00 p. m.;Domingo;2021;Agosto;MOTOCICLETA;PARTICULAR;Motociclista;59;MASCULINO;HERIDOS;0;0;0;;TRANSVERSAL 34D SUR CON DIAGONAL 31A;;LAS FLORES;6.172102236966555, -75.57981970662489;CHOQUE;VEHICULO;NO REPORTADO;RESIDENCIAL;Normal;No respetar pelacion de interseccion o giros
2211477;1/08/2021;7:45:00 p. m.;Domingo;2021;Agosto;MOTOCICLETA;PARTICULAR;Acompañante;51;FEMENINO;HERIDOS;0;0;0;;TRANSVERSAL 34D SUR CON DIAGONAL 31A;;LAS FLORES;6.172102236966555, -75.57981970662489;CHOQUE;VEHICULO;NO REPORTADO;RESIDENCIAL;Normal;No respetar pelacion de interseccion o giros
2211478;1/08/2021;1:50:00 a. m.;Domingo;2021;Agosto;MOTOCICLETA;PARTICULAR;Motociclista;29;MASCULINO;HERIDOS;0;0;0;;CARRERA 43A #38A SUR-21;;ALCALA;6.169618737669725, -75.58943144773734;CHOQUE;VEHICULO;NO REPORTADO;RESIDENCIAL;Normal;No mantener distancia de seguridad
2211478;1/08/2021;1:50:00 a. m.;Domingo;2021;Agosto;MOTOCICLETA;PARTICULAR;Acompañante;36;FEMENINO;HERIDOS;0;0;0;;CARRERA 43A #38A SUR-21;;ALCALA;6.169618737669725, -75.58943144773734;CHOQUE;VEHICULO;NO REPORTADO;RESIDENCIAL;Normal;No mantener distancia de seguridad
2211479;2/08/2021;9:15:00 p. m.;Lunes;2021;Agosto;BICICLETA;;Ciclista;19;MASCULINO;HERIDOS;0;0;0;;CALLE 36D SUR #27-160;;LA PRADERA;6.163750091900211, -75.57181808784343;CHOQUE;VEHICULO;NO REPORTADO;RESIDENCIAL;Normal;Adelantar en zona prohibida
2211480;2/08/2021;3:45:00 p. m.;Lunes;2021;Agosto;MOTOCICLETA;PARTICULAR;Motociclista;54;MASCULINO;HERIDOS;0;0;0;;CARRERA 43A #32B SUR-22;;SAN MARCOS;6.175054692174161, -75.58619420435156;CHOQUE;OBJETO FIJO;VEHICULO ESTACIONADO;RESIDENCIAL;Normal;Impericia en el manejo
2211481;3/08/2021;1:20:00 p. m.;Martes;2021;Agosto;MOTOCICLETA;PARTICULAR;Motociclista;18;MASCULINO;HERIDOS;0;0;0;;CALLE 40 SUR #27-41;;SAN JOSE;6.158653165023973, -75.58104464235534;CHOQUE;VEHICULO;NO REPORTADO;RESIDENCIAL;Normal;No respetar pelacion de interseccion o giros
2211486;4/08/2021;8:00:00 a. m.;Miércoles;2021;Agosto;MOTOCICLETA;PARTICULAR;Motociclista;29;MASCULINO;HERIDOS;0;0;0;;CARRERA 50 CON CALLE 26 SUR;;LAS VEGAS;6.184920, -75.587152;CHOQUE;VEHICULO;NO REPORTADO;RESIDENCIAL;Normal;No mantener distancia de seguridad
2211488;31/07/2021;11:35:00 a. m.;Sábado;2021;Julio;MOTOCICLETA;PARTICULAR;Peaton;63;FEMENINO;HERIDOS;0;0;0;;CALLE 36 SUR #40-14;;ZONA CENTRO;6.170408660778652, -75.58525969414926;ATROPELLO;NO REPORTADO;NO REPORTADO;RESIDENCIAL;Normal;Salir por delante de un vehiculo
2211498;5/08/2021;3:30:00 p. m.;Jueves;2021;Agosto;MOTOCICLETA;PARTICULAR;Motociclista;66;MASCULINO;HERIDOS;0;0;0;;CALLE 36D SUR #27A-165;;LA PRADERA;6.163319720853373, -75.5740433794755;CHOQUE;VEHICULO;NO REPORTADO;RESIDENCIAL;Normal;Impericia en el manejo
2211498;5/08/2021;3:30:00 p. m.;Jueves;2021;Agosto;MOTOCICLETA;PARTICULAR;Peaton;60;MASCULINO;HERIDOS;0;0;0;;CALLE 36D SUR #27A-165;;LA PRADERA;6.163319720853373, -75.5740433794755;CHOQUE;VEHICULO;NO REPORTADO;RESIDENCIAL;Normal;Impericia en el manejo
2211498;5/08/2021;3:30:00 p. m.;Jueves;2021;Agosto;MOTOCICLETA;PARTICULAR;Motociclista;46;FEMENINO;HERIDOS;0;0;0;;CALLE 36D SUR #27A-165;;LA PRADERA;6.163319720853373, -75.5740433794755;CHOQUE;VEHICULO;NO REPORTADO;RESIDENCIAL;Normal;Impericia en el manejo