NRO_RADICADO;FECHA_ACCIDENTE;HORA_ACCIDENTE;Día de la semana;AÑO;MES;CLASE_VEHICULO;TIPO_SERVICIO;TIPO_VICTIMA;EDAD;GENERO;GRAVEDAD;ESTADO_BEODEZ;ESTADO_DROGA;RESULTADO_BEODEZ;RESUL_BEODEZ_GRAMOS;DIRECCION_CARACT_VIA;TRAMO_VIA;LOCALIDAD_O_COMUNA;    GEORREFERENCIACIÓN;DESC_CLASE_ACCIDENTE;DESC_CHOQUE_ACCIDENTE;DESC_OBJETO_FIJO;DESC_SECTOR_ACCIDENTE;CONDICION_CLIMATICA;CAUSA_ACCIDENTE
2211882;20/09/2021;5:05:00 p. m.;Lunes;2021;Septiembre;MOTOCICLETA;PARTICULAR;Motociclista;39;MASCULINO;HERIDOS;0;0;0;;KILOMETRO 14+545;medellín palmas envigado (km 12 - km 16+700);VEREDA PALMAS;6.154070084215845, -75.5446183707342;CHOQUE;VEHICULO;NO REPORTADO;NO REPORTADO;Normal;Impericia en el manejo
2211883;21/09/2021;5:55:00 p. m.;Martes;2021;Septiembre;MOTOCICLETA;PARTICULAR;Peaton;6;MASCULINO;HERIDOS;0;0;0;;CARRERA 43A #46SUR-09;;PRIMAVERA;6.163352, -75.596553;ATROPELLO;NO REPORTADO;NO REPORTADO;RESIDENCIAL;Normal;Pasar semaforo en rojo
2211883;21/09/2021;5:55:00 p. m.;Martes;2021;Septiembre;MOTOCICLETA;PARTICULAR;Peaton;56;FEMENINO;HERIDOS;0;0;0;;CARRERA 43A #46SUR-09;;PRIMAVERA;6.163352, -75.596553;ATROPELLO;NO REPORTADO;NO REPORTADO;RESIDENCIAL;Normal;Pasar semaforo en rojo
2211884;21/09/2021;8:45:00 a. m.;Martes;2021;Septiembre;MOTOCICLETA;PARTICULAR;Peaton;83;FEMENINO;HERIDOS;0;0;0;;TRANSVERSAL 34 SUR #32-53;;LA MAGNOLIA;6.173312, -75.582085;ATROPELLO;NO REPORTADO;NO REPORTADO;RESIDENCIAL;Normal;Otra-Peatón
2211884;21/09/2021;8:45:00 a. m.;Martes;2021;Septiembre;MOTOCICLETA;PARTICULAR;Motociclista;65;MASCULINO;HERIDOS;0;0;0;;TRANSVERSAL 34 SUR #32-53;;LA MAGNOLIA;6.173312, -75.582085;ATROPELLO;NO REPORTADO;NO REPORTADO;RESIDENCIAL;Normal;Otra-Peatón
2211894;22/09/2021;10:30:00 a. m.;Miércoles;2021;Septiembre;CAMION;PUBLICO;Peaton;54;MASCULINO;HERIDOS;0;0;0;;CARRERA 42 #23ASUR-160;;ZUÑIGA;6.181194190776297, -75.5788132788054;OTRO;NO REPORTADO;NO REPORTADO;RESIDENCIAL;Normal;Transporte de carga sin seguridad
2211895;21/09/2021;9:50:00 p. m.;Martes;2021;Septiembre;MOTOCICLETA;PARTICULAR;Motociclista;23;MASCULINO;HERIDOS;0;0;0;;CARRERA 48 CON CALLE 30 SUR;;LAS VEGAS;6.179496718217783, -75.58819458527805;CHOQUE;VEHICULO;NO REPORTADO;RESIDENCIAL;Normal;Desobedecer señales
2211895;21/09/2021;9:50:00 p. m.;Martes;2021;Septiembre;MOTOCICLETA;PARTICULAR;Motociclista;40;MASCULINO;HERIDOS;0;0;0;;CARRERA 48 CON CALLE 30 SUR;;LAS VEGAS;6.179496718217783, -75.58819458527805;CHOQUE;VEHICULO;NO REPORTADO;RESIDENCIAL;Normal;Desobedecer señales
2211898;22/09/2021;12:30:00 p. m.;Miércoles;2021;Septiembre;MOTOCICLETA;PARTICULAR;Motociclista;35;MASCULINO;HERIDOS;0;0;0;;KILOMETRO 15+980;medellín palmas envigado (km 12 - km 16+700);VEREDA PALMAS;6.1533480335769175, -75.53896437574588;CHOQUE;VEHICULO;NO REPORTADO;NO REPORTADO;Normal;No mantener distancia de seguridad
2211899;21/09/2021;3:30:00 p. m.;Martes;2021;Septiembre;MOTOCICLETA;PARTICULAR;Motociclista;19;MASCULINO;HERIDOS;0;0;0;;KILOMETRO 7+140;retiro varia palmas enviga (km 5+43 - km 14+ 550);VEREDA PERICO;6.171477483052752, -75.4902725049993;CHOQUE;VEHICULO;NO REPORTADO;NO REPORTADO;Normal;Desobedecer señales  -  No mantener distancia de seguridad
2211901;23/09/2021;3:20:00 p. m.;Jueves;2021;Septiembre;MOTOCICLETA;PARTICULAR;Motociclista;63;MASCULINO;HERIDOS;0;0;0;;KILOMETRO 13+370;retiro varia palmas enviga (km 5+43 - km 14+ 550);VEREDA PALMAS;6.159342656382724, -75.52929377446831;CHOQUE;VEHICULO;NO REPORTADO;NO REPORTADO;Normal;Desobedecer señales
2211910;23/09/2021;8:00:00 p. m.;Jueves;2021;Septiembre;CAMIONETA;PARTICULAR;Peaton;69;FEMENINO;HERIDOS;0;0;0;;CALLE 39 SUR #47-36;;ALCALA;6.171439, -75.593372;ATROPELLO;NO REPORTADO;NO REPORTADO;RESIDENCIAL;Normal;Cruzar sin observar
2211911;23/09/2021;6:10:00 p. m.;Jueves;2021;Septiembre;MOTOCICLETA;PARTICULAR;Motociclista;59;MASCULINO;HERIDOS;0;0;0;;CALLE 50 SUR CON CARRERA 47;;LAS CASITAS;6.161476, -75.603702;CHOQUE;VEHICULO;NO REPORTADO;RESIDENCIAL;Normal;Otra-Conductor
2211912;24/09/2021;12:30:00 p. m.;Viernes;2021;Septiembre;BICICLETA;;Ciclista;57;MASCULINO;HERIDOS;0;0;0;;CALLE 27 SUR #28-131;;ALTO DE MISAEL;6.177626159015838, -75.57672049762843;CHOQUE;VEHICULO;NO REPORTADO;RESIDENCIAL;Normal;Reverso imprudente
2211913;24/09/2021;6:40:00 p. m.;Viernes;2021;Septiembre;MOTOCICLETA;PARTICULAR;Motociclista;56;MASCULINO;HERIDOS;0;0;0;;KILOMETRO 4;el escobero - km 0-13);VEREDA EL ESCOBERO;6.129619438967578, -75.5508207733991;CHOQUE;VEHICULO;NO REPORTADO;NO REPORTADO;Normal;Exceso de velocidad
2211914;24/09/2021;5:29:00 p. m.;Viernes;2021;Septiembre;MOTOCICLETA;PARTICULAR;Motociclista;34;MASCULINO;HERIDOS;0;0;0;;KILOMETRO 1+200;el escobero - km 0-13);VEREDA EL ESCOBERO;6.14521726749576, -75.5620763069673;CHOQUE;VEHICULO;NO REPORTADO;NO REPORTADO;Normal;Adelantar en curva  -  Transitar uno al lado del otro
2211915;24/09/2021;10:30:00 a. m.;Viernes;2021;Septiembre;AUTOMOVIL;PARTICULAR;Acompañante;37;FEMENINO;HERIDOS;0;0;0;;CARRERA 48 #19SUR-160;;LAS VEGAS;6.171657, -75.593857;CHOQUE;VEHICULO;NO REPORTADO;RESIDENCIAL;Normal;No mantener distancia de seguridad
2211916;25/09/2021;3:30:00 p. m.;Sábado;2021;Septiembre;MOTOCICLETA;PARTICULAR;Motociclista;23;FEMENINO;HERIDOS;0;0;0;;CARRERA 49A CON CALLE 39 SUR;;LAS VEGAS;6.173823, -75.597081;CHOQUE;VEHICULO;NO REPORTADO;RESIDENCIAL;Normal;Girar bruscamente  -  Impericia en el manejo
2211925;26/09/2021;3:30:00 p. m.;Domingo;2021;Septiembre;CAMIONETA;PARTICULAR;Acompañante;65;FEMENINO;HERIDOS;0;0;0;;KILOMETRO 9+630;retiro varia palmas enviga (km 5+43 - km 14+ 550);VEREDA PANTANILLO;6.163687406748476, -75.50246739818836;CHOQUE;VEHICULO;NO REPORTADO;NO REPORTADO;Normal;Impericia en el manejo
2211925;26/09/2021;3:30:00 p. m.;Domingo;2021;Septiembre;CAMIONETA;PARTICULAR;Acompañante;29;FEMENINO;HERIDOS;0;0;0;;KILOMETRO 9+630;retiro varia palmas enviga (km 5+43 - km 14+ 550);VEREDA PANTANILLO;6.163687406748476, -75.50246739818836;CHOQUE;VEHICULO;NO REPORTADO;NO REPORTADO;Normal;Impericia en el manejo
2211931;25/09/2021;6:05:00 p. m.;Sábado;2021;Septiembre;MOTOCICLETA;PARTICULAR;Motociclista;34;MASCULINO;HERIDOS;0;0;0;;CALLE 27 D SUR #28-50;;EL ESMERALDAL;6.169718418095518, -75.56966756626255;CAIDA OCUPANTE;NO REPORTADO;NO REPORTADO;RESIDENCIAL;Normal;Impericia en el manejo
2211935;25/09/2021;12:30:00 p. m.;Sábado;2021;Septiembre;MOTOCICLETA;PARTICULAR;Acompañante;38;FEMENINO;HERIDOS;0;0;0;;CARRERA 48 CON CALLE 34 SUR;;EL PORTAL;6.175553163814159, -75.59100803476572;CHOQUE;VEHICULO;NO REPORTADO;RESIDENCIAL;Normal;Desobedecer señales
2211935;25/09/2021;12:30:00 p. m.;Sábado;2021;Septiembre;MOTOCICLETA;PARTICULAR;Motociclista;37;MASCULINO;HERIDOS;0;0;0;;CARRERA 48 CON CALLE 34 SUR;;EL PORTAL;6.175553163814159, -75.59100803476572;CHOQUE;VEHICULO;NO REPORTADO;RESIDENCIAL;Normal;Desobedecer señales
2211936;26/09/2021;1:00:00 p. m.;Domingo;2021;Septiembre;MOTOCICLETA;PARTICULAR;Motociclista;46;MASCULINO;HERIDOS;0;0;0;;KILOMETRO 15+490;retiro varia palmas enviga (km 5+43 - km 14+ 550);VEREDA PALMAS;6.154232963704034, -75.54286647160949;CHOQUE;VEHICULO;NO REPORTADO;NO REPORTADO;Normal;Impericia en el manejo
2211937;27/09/2021;9:30:00 a. m.;Lunes;2021;Septiembre;AUTOMOVIL;PARTICULAR;Acompañante;72;FEMENINO;HERIDOS;0;0;0;;CARRERA 43A #32SUR-51;;SAN MARCOS;6.175023675478309, -75.58611624894526;CHOQUE;VEHICULO;NO REPORTADO;RESIDENCIAL;Normal;No mantener distancia de seguridad
2211938;26/09/2021;8:00:00 p. m.;Domingo;2021;Septiembre;MOTOCICLETA;PARTICULAR;Acompañante;38;FEMENINO;HERIDOS;0;0;0;;CALLE 36 D SUR CON CARRERA 24;;VEREDA EL ESCOBERO;6.154711350028377, -75.56671207100725;CHOQUE;VEHICULO;NO REPORTADO;RESIDENCIAL;Normal;Adelantar en zona prohibida
2211938;26/09/2021;8:00:00 p. m.;Domingo;2021;Septiembre;MOTOCICLETA;PARTICULAR;Motociclista;43;MASCULINO;HERIDOS;0;0;0;;CALLE 36 D SUR CON CARRERA 24;;VEREDA EL ESCOBERO;6.154711350028377, -75.56671207100725;CHOQUE;VEHICULO;NO REPORTADO;RESIDENCIAL;Normal;Adelantar en zona prohibida
2211939;28/09/2021;5:10:00 p. m.;Martes;2021;Septiembre;MOTOCICLETA;PARTICULAR;Motociclista;58;FEMENINO;HERIDOS;0;0;0;;CARRERA 42B CON CALLE 45A SUR;;LA PAZ;6.1634730004174445, -75.59342600028918;CHOQUE;VEHICULO;NO REPORTADO;RESIDENCIAL;Normal;No mantener distancia de seguridad
2211939;28/09/2021;5:10:00 p. m.;Martes;2021;Septiembre;MOTOCICLETA;PARTICULAR;Acompañante;12;MASCULINO;HERIDOS;0;0;0;;CARRERA 42B CON CALLE 45A SUR;;LA PAZ;6.1634730004174445, -75.59342600028918;CHOQUE;VEHICULO;NO REPORTADO;RESIDENCIAL;Normal;No mantener distancia de seguridad
2211950;28/09/2021;2:00:00 p. m.;Martes;2021;Septiembre;MOTOCICLETA;PARTICULAR;Motociclista;33;FEMENINO;HERIDOS;0;0;0;;CALLE 40 SUR #25B-10;;EL SALADO;6.168078566612782, -75.59154038251704;CHOQUE;VEHICULO;NO REPORTADO;RESIDENCIAL;Lluvia;Transitar con las puertas abiertas
2211951;29/09/2021;12:44:00 p. m.;Miércoles;2021;Septiembre;BICICLETA;;Ciclista;30;MASCULINO;HERIDOS;0;0;0;;CARRERA 49 CON CALLE 26 SUR;;LAS VEGAS;6.184811, -75.586996;CHOQUE;VEHICULO;NO REPORTADO;RESIDENCIAL;Normal;No respetar pelacion de interseccion o giros
2211959;29/09/2021;1:20:00 p. m.;Miércoles;2021;Septiembre;MOTOCICLETA;PARTICULAR;Acompañante;22;FEMENINO;HERIDOS;0;0;0;;CARRERA 39 CON CALLE 36 SUR;;ZONA CENTRO;6.169654, -75.584378;CAIDA OCUPANTE;NO REPORTADO;NO REPORTADO;RESIDENCIAL;Normal;Desobedecer señales
2211965;2/10/2021;6:15:00 p. m.;Sábado;2021;Octubre;MOTOCICLETA;PARTICULAR;Motociclista;21;MASCULINO;HERIDOS;0;0;0;;CALLE 37B SUR #27B-81;;LOMA DE LAS BRUJAS;6.160778174787619, -75.57574962538021;CHOQUE;VEHICULO;NO REPORTADO;RESIDENCIAL;Normal;No respetar pelacion de interseccion o giros
2211966;29/09/2021;6:18:00 p. m.;Miércoles;2021;Septiembre;MOTOCICLETA;PARTICULAR;Motociclista;25;MASCULINO;HERIDOS;0;0;0;;CARRERA 48 CON CALLE 25AA SUR;;LAS VEGAS;6.183897, -75.584837;ATROPELLO;NO REPORTADO;NO REPORTADO;RESIDENCIAL;Normal;Cruzar sin observar
2211966;29/09/2021;6:18:00 p. m.;Miércoles;2021;Septiembre;MOTOCICLETA;PARTICULAR;Peaton;70;FEMENINO;MUERTOS;0;0;0;;CARRERA 48 CON CALLE 25AA SUR;;LAS VEGAS;6.183897, -75.584837;ATROPELLO;NO REPORTADO;NO REPORTADO;RESIDENCIAL;Normal;Cruzar sin observar
2211967;2/10/2021;7:00:00 p. m.;Sábado;2021;Octubre;MOTOCICLETA;PARTICULAR;Motociclista;29;MASCULINO;HERIDOS;0;0;0;;CALLE 25AA SUR #48-200;;LAS VEGAS;6.185557355791692, -75.5858458204234;CHOQUE;VEHICULO;NO REPORTADO;RESIDENCIAL;Normal;Transitar en contravia
2211968;28/09/2021;7:00:00 p. m.;Martes;2021;Septiembre;BUSETA;PUBLICO;Pasajero;42;FEMENINO;HERIDOS;0;0;0;;CALLE 40 SUR CON CARRERA 45A;;ALCALA;6.168354523789193, -75.59183266140928;CAIDA OCUPANTE;NO REPORTADO;NO REPORTADO;RESIDENCIAL;Normal;Otra-Conductor
2211969;30/09/2021;2:00:00 p. m.;Jueves;2021;Septiembre;AUTOMOVIL;PARTICULAR;Peaton;70;MASCULINO;HERIDOS;0;0;0;;DIAGONAL 29 CON TRANSVERSAL 34D SUR;;URIBE ANGEL;6.171612, -75.577449;ATROPELLO;NO REPORTADO;NO REPORTADO;RESIDENCIAL;Normal;Otra-Conductor
2211970;29/09/2021;10:50:00 p. m.;Miércoles;2021;Septiembre;MOTOCICLETA;PARTICULAR;Motociclista;56;MASCULINO;HERIDOS;0;0;0;;CALLE 37 SUR CON CARRERA 32;;LOS NARANJOS;6.16664069953497, -75.58123375076144;CHOQUE;VEHICULO;NO REPORTADO;RESIDENCIAL;Normal;Desobedecer señales
2211971;29/09/2021;9:45:00 p. m.;Miércoles;2021;Septiembre;BICICLETA;;Ciclista;52;MASCULINO;HERIDOS;0;0;0;;CARRERA 43A #37SUR -64;;ZONA CENTRO;6.170582583112537, -75.58855851978903;CHOQUE;VEHICULO;NO REPORTADO;RESIDENCIAL;Normal;Transitar por vias prohibidas
2211971;29/09/2021;9:45:00 p. m.;Miércoles;2021;Septiembre;MOTOCICLETA;PARTICULAR;Motociclista;22;MASCULINO;HERIDOS;0;0;0;;CARRERA 43A #37SUR -64;;ZONA CENTRO;6.170582583112537, -75.58855851978903;CHOQUE;VEHICULO;NO REPORTADO;RESIDENCIAL;Normal;Transitar por vias prohibidas
2211972;30/09/2021;4:40:00 p. m.;Jueves;2021;Septiembre;CAMIONETA;PARTICULAR;Peaton;25;MASCULINO;HERIDOS;0;0;0;;CALLE 21 SUR CON CARRERA 43A;;ZUÑIGA;6.183829, -75.579628;ATROPELLO;NO REPORTADO;NO REPORTADO;RESIDENCIAL;Normal;Arrancar sin precaucion
2211973;30/09/2021;8:00:00 a. m.;Jueves;2021;Septiembre;MOTOCICLETA;PARTICULAR;Peaton;24;FEMENINO;HERIDOS;0;0;0;;CARRERA 48 CON CALLE 34 SUR-10;;EL PORTAL;6.175576492217068, -75.59085424811796;ATROPELLO;NO REPORTADO;NO REPORTADO;RESIDENCIAL;Normal;Impericia en el manejo  -  Transitar por la calzada
2211974;3/10/2021;9:00:00 p. m.;Domingo;2021;Octubre;MOTOCICLETA;PARTICULAR;Peaton;12;FEMENINO;HERIDOS;0;0;0;;CALLE 40C SUR #29-26;;LA MINA;6.160772028831942, -75.58279933462582;ATROPELLO;NO REPORTADO;NO REPORTADO;RESIDENCIAL;Normal;Embriaguez o droga
2211975;30/09/2021;8:00:00 p. m.;Jueves;2021;Septiembre;MOTOCICLETA;PARTICULAR;Acompañante;24;FEMENINO;HERIDOS;0;0;0;;CALLE 39 SUR #27-55;;SAN JOSE;6.159002679118114, -75.57915811928213;CAIDA OCUPANTE;NO REPORTADO;NO REPORTADO;RESIDENCIAL;Normal;Impericia en el manejo
2211976;30/09/2021;10:20:00 a. m.;Jueves;2021;Septiembre;MOTOCICLETA;PARTICULAR;Motociclista;24;FEMENINO;HERIDOS;0;0;0;;CARRERA 27B #27DSUR-60;;LA INMACULADA;6.168203494675962, -75.57210871672201;CHOQUE;VEHICULO;NO REPORTADO;RESIDENCIAL;Normal;Fallas en los frenos
2211977;30/09/2021;8:00:00 p. m.;Jueves;2021;Septiembre;BICICLETA;;Ciclista;43;MASCULINO;HERIDOS;0;0;0;;CARRERA 49 CON CALLE 32B SUR;;LAS VEGAS;6.178136, -75.591907;CHOQUE;VEHICULO;NO REPORTADO;RESIDENCIAL;Lluvia;Impericia en el manejo
2211979;30/09/2021;2:35:00 p. m.;Jueves;2021;Septiembre;MOTOCICLETA;PARTICULAR;Motociclista;21;MASCULINO;HERIDOS;0;0;0;;CARRERA 43 #33SUR-47;;ZONA CENTRO;6.1723606266367685, -75.58675902227442;CHOQUE;VEHICULO;NO REPORTADO;RESIDENCIAL;Normal;Adelantar por la derecha
2211980;30/09/2021;5:05:00 p. m.;Jueves;2021;Septiembre;MOTOCICLETA;PARTICULAR;Motociclista;31;MASCULINO;HERIDOS;0;0;0;;CALLE 21 SUR #41B-55;;ZUÑIGA;6.1830544558875395, -75.57846853391592;CHOQUE;VEHICULO;NO REPORTADO;RESIDENCIAL;Normal;No mantener distancia de seguridad
2211981;1/10/2021;4:25:00 p. m.;Viernes;2021;Octubre;MOTOCICLETA;PARTICULAR;Motociclista;42;FEMENINO;HERIDOS;0;0;0;;CARRERA 43A #45BSUR-118;;LA PAZ;6.171646060266389, -75.58804302227442;CHOQUE;VEHICULO;NO REPORTADO;RESIDENCIAL;Normal;Impericia en el manejo
2211982;3/10/2021;11:30:00 p. m.;Domingo;2021;Octubre;AUTOMOVIL;PARTICULAR;Conductor;20;MASCULINO;HERIDOS;0;0;0;;KILOMETRO 1+100;el escobero - km 0-13);VEREDA EL ESCOBERO;6.145836197001887, -75.56192068023256;VOLCAMIENTO;NO REPORTADO;NO REPORTADO;NO REPORTADO;Normal;Impericia en el manejo
2211983;3/10/2021;2:30:00 p. m.;Domingo;2021;Octubre;MOTOCICLETA;PARTICULAR;Acompañante;22;FEMENINO;HERIDOS;0;0;0;;KILOMETRO 7+060;retiro varia palmas enviga (km 5+43 - km 14+ 550);VEREDA PERICO;6.170852330343394, -75.4898233806605;CHOQUE;VEHICULO;NO REPORTADO;NO REPORTADO;Normal;Adelantar en zona prohibida  -  Impericia en el manejo
2211983;3/10/2021;2:30:00 p. m.;Domingo;2021;Octubre;MOTOCICLETA;PARTICULAR;Motociclista;24;MASCULINO;HERIDOS;0;0;0;;KILOMETRO 7+060;retiro varia palmas enviga (km 5+43 - km 14+ 550);VEREDA PERICO;6.170852330343394, -75.4898233806605;CHOQUE;VEHICULO;NO REPORTADO;NO REPORTADO;Normal;Adelantar en zona prohibida  -  Impericia en el manejo
2211984;4/10/2021;2:00:00 p. m.;Lunes;2021;Octubre;MOTOCICLETA;PARTICULAR;Motociclista;26;MASCULINO;HERIDOS;0;0;0;;CARRERA 48 #46ASUR-107;;LAS VEGAS;6.166047995018012, -75.60066902227453;CHOQUE;VEHICULO;NO REPORTADO;INDUSTRIAL;Normal;Transitar entre vehiculos
2212010;6/10/2021;6:00:00 a. m.;Miércoles;2021;Octubre;MOTOCICLETA;PARTICULAR;Acompañante;29;FEMENINO;HERIDOS;0;0;0;;CARRERA 43A CON CALLE 38ASUR;;ALCALA;6.1697077409398275, -75.58915413115817;CHOQUE;VEHICULO;NO REPORTADO;RESIDENCIAL;Lluvia;Semaforo en rojo
2212010;6/10/2021;6:00:00 a. m.;Miércoles;2021;Octubre;MOTOCICLETA;PARTICULAR;Motociclista;25;MASCULINO;HERIDOS;0;0;0;;CARRERA 43A CON CALLE 38ASUR;;ALCALA;6.1697077409398275, -75.58915413115817;CHOQUE;VEHICULO;NO REPORTADO;RESIDENCIAL;Lluvia;Semaforo en rojo
2212012;3/10/2021;11:50:00 a. m.;Domingo;2021;Octubre;MOTOCICLETA;PARTICULAR;Motociclista;25;MASCULINO;HERIDOS;0;0;0;;CALLE 38A SUR CON CARRERA 35;;MESA;6.1664724628301615, -75.58376362412531;CHOQUE;VEHICULO;NO REPORTADO;RESIDENCIAL;Normal;Girar bruscamente
2212013;4/10/2021;7:15:00 p. m.;Lunes;2021;Octubre;MOTOCICLETA;PARTICULAR;Motociclista;29;MASCULINO;HERIDOS;0;0;0;;CALLE 38 SUR CON CARRERA 46;;ALCALA;6.172040, -75.591337;CHOQUE;VEHICULO;NO REPORTADO;RESIDENCIAL;Normal;Semaforo en rojo
2212013;4/10/2021;7:15:00 p. m.;Lunes;2021;Octubre;MOTOCICLETA;PARTICULAR;Motociclista;50;MASCULINO;HERIDOS;0;0;0;;CALLE 38 SUR CON CARRERA 46;;ALCALA;6.172040, -75.591337;CHOQUE;VEHICULO;NO REPORTADO;RESIDENCIAL;Normal;Semaforo en rojo
2212013;4/10/2021;7:15:00 p. m.;Lunes;2021;Octubre;MOTOCICLETA;PARTICULAR;Acompañante;45;FEMENINO;HERIDOS;0;0;0;;CALLE 38 SUR CON CARRERA 46;;ALCALA;6.172040, -75.591337;CHOQUE;VEHICULO;NO REPORTADO;RESIDENCIAL;Normal;Semaforo en rojo
2212015;6/10/2021;6:35:00 a. m.;Miércoles;2021;Octubre;MOTOCICLETA;PARTICULAR;Motociclista;33;MASCULINO;HERIDOS;0;0;0;;CARRERA 50 CON CALLE 37 SUR;;LAS VEGAS;6.175135, -75.595369;CHOQUE;VEHICULO;NO REPORTADO;RESIDENCIAL;Normal;No mantener distancia de seguridad
2212027;9/10/2021;11:05:00 a. m.;Sábado;2021;Octubre;CAMIONETA;PUBLICO;Conductor;37;MASCULINO;HERIDOS;0;0;0;;CARRERA 43A #27ASUR-138;;PONTE VEDRA;6.178403622431134, -75.58413180328215;VOLCAMIENTO;NO REPORTADO;NO REPORTADO;RESIDENCIAL;Normal;Impericia en el manejo  -  Otra-Via
2212028;7/10/2021;4:30:00 p. m.;Jueves;2021;Octubre;MOTOCICLETA;DIPLOMATICO;Motociclista;24;MASCULINO;HERIDOS;0;0;0;;CALLE 26B SUR CON CARRERA 43A;;PONTE VEDRA;6.180171, -75.583025;CHOQUE;VEHICULO;NO REPORTADO;RESIDENCIAL;Normal;No respetar pelacion de interseccion o giros
2212028;7/10/2021;4:30:00 p. m.;Jueves;2021;Octubre;BICICLETA;;Ciclista;70;MASCULINO;HERIDOS;0;0;0;;CALLE 26B SUR CON CARRERA 43A;;PONTE VEDRA;6.180171, -75.583025;CHOQUE;VEHICULO;NO REPORTADO;RESIDENCIAL;Normal;No respetar pelacion de interseccion o giros
2212037;10/10/2021;4:35:00 p. m.;Domingo;2021;Octubre;MOTOCICLETA;PARTICULAR;Motociclista;40;MASCULINO;HERIDOS;0;0;0;;CARRERA 50 CON CALLE 26 SUR;;LAS VEGAS;6.184920, -75.587152;CHOQUE;VEHICULO;NO REPORTADO;RESIDENCIAL;Lluvia;Impericia en el manejo
2212042;12/10/2021;3:40:00 p. m.;Martes;2021;Octubre;MOTOCICLETA;PARTICULAR;Motociclista;25;MASCULINO;HERIDOS;0;0;0;;CARRERA 42 CON CALLE 33B SUR;;ZONA CENTRO;6.172698193078973, -75.58557610547427;CHOQUE;VEHICULO;NO REPORTADO;RESIDENCIAL;Normal;Desobedecer señales
2212043;12/10/2021;10:10:00 p. m.;Martes;2021;Octubre;MOTOCICLETA;PARTICULAR;Motociclista;31;MASCULINO;HERIDOS;0;0;0;;CALLE 39B SUR CON CARRERA 37;;MESA;6.165622061899767, -75.58550339158785;CHOQUE;VEHICULO;NO REPORTADO;RESIDENCIAL;Normal;No mantener distancia de seguridad
2212044;12/10/2021;11:00:00 p. m.;Martes;2021;Octubre;MOTOCICLETA;PARTICULAR;Motociclista;40;MASCULINO;HERIDOS;0;0;0;;CARRERA 50 CON CALLE 32B SUR ;;LAS VEGAS;6.178263, -75.591897;CHOQUE;VEHICULO;NO REPORTADO;RESIDENCIAL;Normal;No mantener distancia de seguridad
2212045;12/10/2021;1:00:00 p. m.;Martes;2021;Octubre;MOTOCICLETA;PARTICULAR;Motociclista;34;FEMENINO;HERIDOS;0;0;0;;CALLE 36D SUR #27-60;;LA PRADERA;6.163373395233933, -75.57403127695399;CHOQUE;VEHICULO;NO REPORTADO;RESIDENCIAL;Normal;Otra-Conductor
2212058;12/10/2021;3:35:00 p. m.;Martes;2021;Octubre;AUTOMOVIL;PARTICULAR;Acompañante;28;FEMENINO;HERIDOS;0;0;0;;CARRERA 27 #23SUR-195;;ZUÑIGA;6.173158548546924, -75.56651887785293;CHOQUE;VEHICULO;NO REPORTADO;RESIDENCIAL;Normal;Impericia en el manejo
2212058;12/10/2021;3:35:00 p. m.;Martes;2021;Octubre;AUTOMOVIL;PARTICULAR;Conductor;27;FEMENINO;HERIDOS;0;0;0;;CARRERA 27 #23SUR-195;;ZUÑIGA;6.173158548546924, -75.56651887785293;CHOQUE;VEHICULO;NO REPORTADO;RESIDENCIAL;Normal;Impericia en el manejo
2212064;12/10/2021;8:00:00 a. m.;Martes;2021;Octubre;MOTOCICLETA;PARTICULAR;Acompañante;26;MASCULINO;HERIDOS;0;0;0;;KILOMETRO 4+00;el escobero - km 0-13);VEREDA EL ESCOBERO;6.129619438967578, -75.5508207733991;CHOQUE;OBJETO FIJO;OTRO TIPO;NO REPORTADO;Normal;Fallas en los frenos
2212064;12/10/2021;8:00:00 a. m.;Martes;2021;Octubre;MOTOCICLETA;PARTICULAR;Motociclista;25;MASCULINO;HERIDOS;0;0;0;;KILOMETRO 4+00;el escobero - km 0-13);VEREDA EL ESCOBERO;6.129619438967578, -75.5508207733991;CHOQUE;OBJETO FIJO;OTRO TIPO;NO REPORTADO;Normal;Fallas en los frenos
2212072;15/10/2021;2:50:00 p. m.;Viernes;2021;Octubre;MOTOCICLETA;PARTICULAR;Peaton;6;FEMENINO;HERIDOS;0;0;0;;CARRERA 42B #44BSUR-39;;LA PAZ;6.177829958692792, -75.58001440878184;ATROPELLO;NO REPORTADO;NO REPORTADO;RESIDENCIAL;Normal;Adelantar por la derecha
2212072;15/10/2021;2:50:00 p. m.;Viernes;2021;Octubre;MOTOCICLETA;PARTICULAR;Peaton;14;FEMENINO;HERIDOS;0;0;0;;CARRERA 42B #44BSUR-39;;LA PAZ;6.177829958692792, -75.58001440878184;ATROPELLO;NO REPORTADO;NO REPORTADO;RESIDENCIAL;Normal;Adelantar por la derecha
2212072;15/10/2021;2:50:00 p. m.;Viernes;2021;Octubre;MOTOCICLETA;PARTICULAR;Motociclista;23;MASCULINO;HERIDOS;0;0;0;;CARRERA 42B #44BSUR-39;;LA PAZ;6.177829958692792, -75.58001440878184;ATROPELLO;NO REPORTADO;NO REPORTADO;RESIDENCIAL;Normal;Adelantar por la derecha