NRO_RADICADO;FECHA_ACCIDENTE;HORA_ACCIDENTE;Día de la semana;AÑO;MES;CLASE_VEHICULO;TIPO_SERVICIO;TIPO_VICTIMA;EDAD;GENERO;GRAVEDAD;ESTADO_BEODEZ;ESTADO_DROGA;RESULTADO_BEODEZ;RESUL_BEODEZ_GRAMOS;DIRECCION_CARACT_VIA;TRAMO_VIA;LOCALIDAD_O_COMUNA;    GEORREFERENCIACIÓN;DESC_CLASE_ACCIDENTE;DESC_CHOQUE_ACCIDENTE;DESC_OBJETO_FIJO;DESC_SECTOR_ACCIDENTE;CONDICION_CLIMATICA;CAUSA_ACCIDENTE
2212074;16/10/2021;3:45:00 p. m.;Sábado;2021;Octubre;MOTOCICLETA;PARTICULAR;Peaton;51;MASCULINO;HERIDOS;1;0;1;80;CARRERA 48 #25SUR-136;;LAS VEGAS;6.185421321397094, -75.58312436161009;ATROPELLO;NO REPORTADO;NO REPORTADO;RESIDENCIAL;Normal;Semaforo en rojo
2212074;16/10/2021;3:45:00 p. m.;Sábado;2021;Octubre;MOTOCICLETA;PARTICULAR;Peaton;40;FEMENINO;HERIDOS;1;0;1;80;CARRERA 48 #25SUR-136;;LAS VEGAS;6.185421321397094, -75.58312436161009;ATROPELLO;NO REPORTADO;NO REPORTADO;RESIDENCIAL;Normal;Semaforo en rojo
2212074;16/10/2021;3:45:00 p. m.;Sábado;2021;Octubre;MOTOCICLETA;PARTICULAR;Peaton;45;MASCULINO;HERIDOS;1;0;1;80;CARRERA 48 #25SUR-136;;LAS VEGAS;6.185421321397094, -75.58312436161009;ATROPELLO;NO REPORTADO;NO REPORTADO;RESIDENCIAL;Normal;Semaforo en rojo
2212076;16/10/2021;4:05:00 p. m.;Sábado;2021;Octubre;MOTOCICLETA;PARTICULAR;Motociclista;48;MASCULINO;HERIDOS;0;0;0;;CARRERA 46 CON CALLE 39 SUR;;ALCALA;6.170621960622102, -75.59235997624445;CHOQUE;VEHICULO;NO REPORTADO;RESIDENCIAL;Normal;Desobedecer señales
2212077;18/10/2021;4:30:00 p. m.;Lunes;2021;Octubre;MOTOCICLETA;PARTICULAR;Motociclista;17;MASCULINO;HERIDOS;0;0;0;;CARRERA 43A CON CALLE 45B SUR;;LA PAZ;6.164808132624209, -75.59492344683726;CHOQUE;VEHICULO;NO REPORTADO;RESIDENCIAL;Normal;Semaforo en rojo
2212078;16/10/2021;10:30:00 a. m.;Sábado;2021;Octubre;MOTOCICLETA;PARTICULAR;Motociclista;34;MASCULINO;HERIDOS;0;0;0;;CARRERA 50 CON CALLE 46A SUR;;LAS VEGAS;6.168548, -75.602176;CAIDA OCUPANTE;NO REPORTADO;NO REPORTADO;RESIDENCIAL;Lluvia;Falta de precaucion niebla, lluvia, humo
2212078;16/10/2021;10:30:00 a. m.;Sábado;2021;Octubre;MOTOCICLETA;PARTICULAR;Acompañante;32;FEMENINO;HERIDOS;0;0;0;;CARRERA 50 CON CALLE 46A SUR;;LAS VEGAS;6.168548, -75.602176;CAIDA OCUPANTE;NO REPORTADO;NO REPORTADO;RESIDENCIAL;Lluvia;Falta de precaucion niebla, lluvia, humo
2212086;16/10/2021;2:52:00 p. m.;Sábado;2021;Octubre;MOTOCICLETA;PARTICULAR;Motociclista;41;MASCULINO;HERIDOS;0;0;0;;KILOMETRO 14+750;retiro varia palmas enviga (km 5+43 - km 14+ 550);VEREDA PALMAS;6.153605922017958, -75.53300882398263;CHOQUE;VEHICULO;NO REPORTADO;NO REPORTADO;Normal;Otra-Conductor
2212087;16/10/2021;8:10:00 p. m.;Sábado;2021;Octubre;MOTOCICLETA;PARTICULAR;Motociclista;43;MASCULINO;HERIDOS;0;0;0;;CARRERA 27 #26SUR-15;;EL ESMERALDAL;6.172868593933375, -75.56757581802012;CAIDA OCUPANTE;NO REPORTADO;NO REPORTADO;RESIDENCIAL;Lluvia;Impericia en el manejo
2212094;16/10/2021;4:44:00 a. m.;Sábado;2021;Octubre;MOTOCICLETA;PARTICULAR;Acompañante;32;MASCULINO;HERIDOS;0;0;0;;DIAGONAL 29 #34AA-08;;URIBE ANGEL;6.172479558078968, -75.5769902926784;CHOQUE;VEHICULO;NO REPORTADO;RESIDENCIAL;Normal;Otra-Conductor
2212097;13/10/2021;10:55:00 a. m.;Miércoles;2021;Octubre;BICICLETA;;Ciclista;67;MASCULINO;HERIDOS;0;0;0;;KILOMETRO 12+300;medellín palmas envigado (km 12 - km 16+700);VEREDA PALMAS;6.171478544307992, -75.5464655917857;CHOQUE;VEHICULO;NO REPORTADO;NO REPORTADO;Normal;Transitar distante de la acera u orilla 
2212100;20/10/2021;3:20:00 p. m.;Miércoles;2021;Octubre;BICICLETA;;Ciclista;13;MASCULINO;HERIDOS;0;0;0;;CALLE 45B SUR #38-15;;LAS ANTILLAS;6.1567477659726775, -75.59089753761798;CHOQUE;VEHICULO;NO REPORTADO;RESIDENCIAL;Normal;Impericia en el manejo
2212117;21/10/2021;5:30:00 a. m.;Jueves;2021;Octubre;AUTOMOVIL;PARTICULAR;Conductor;38;MASCULINO;HERIDOS;0;0;0;;CARRERA 43 CON CALLE 33B SUR;;ZONA CENTRO;6.1728870067762704, -75.58615507141718;CHOQUE;VEHICULO;NO REPORTADO;RESIDENCIAL;Normal;Semaforo en rojo
2212118;21/10/2021;1:40:00 p. m.;Jueves;2021;Octubre;MOTOCICLETA;PARTICULAR;Acompañante;39;FEMENINO;HERIDOS;0;0;0;;CARRERA 50 CON CALLE 46A SUR;;LAS VEGAS;6.168548, -75.602176;CHOQUE;VEHICULO;NO REPORTADO;RESIDENCIAL;Normal;Poner en marcha un vehiculo sin precauci
2212118;21/10/2021;1:40:00 p. m.;Jueves;2021;Octubre;MOTOCICLETA;PARTICULAR;Motociclista;21;MASCULINO;HERIDOS;0;0;0;;CARRERA 50 CON CALLE 46A SUR;;LAS VEGAS;6.168548, -75.602176;CHOQUE;VEHICULO;NO REPORTADO;RESIDENCIAL;Normal;Poner en marcha un vehiculo sin precauci
2212121;23/10/2021;7:15:00 p. m.;Sábado;2021;Octubre;MOTOCICLETA;PARTICULAR;Acompañante;36;FEMENINO;HERIDOS;0;0;0;;KILOMETRO 10 + 280 VARIANTE AEROPUERTO;retiro varia palmas enviga (km 5+43 - km 14+ 550);VEREDA PANTANILLO;6.15952566919781, -75.50642837898684;CHOQUE;VEHICULO;NO REPORTADO;NO REPORTADO;Normal;Poner en marcha un vehiculo sin precauci
2212122;21/10/2021;6:40:00 a. m.;Jueves;2021;Octubre;MOTOCICLETA;PARTICULAR;Motociclista;38;MASCULINO;HERIDOS;0;0;0;;KILOMETRO 12 + 450 VARIANTE PALMAS;retiro varia palmas enviga (km 5+43 - km 14+ 550);VEREDA PALMAS;6.159431357083839, -75.52134922173191;CAIDA OCUPANTE;NO REPORTADO;NO REPORTADO;NO REPORTADO;Normal;Impericia en el manejo
2212139;22/10/2021;9:30:00 p. m.;Viernes;2021;Octubre;MOTOCICLETA;PARTICULAR;Motociclista;25;MASCULINO;HERIDOS;0;0;0;;CARRERA 43A CON CALLE 38A SUR;;ALCALA;6.1697077409398275, -75.58915413115817;CHOQUE;VEHICULO;NO REPORTADO;RESIDENCIAL;Normal;Desobedecer señales
2212139;22/10/2021;9:30:00 p. m.;Viernes;2021;Octubre;MOTOCICLETA;PARTICULAR;Motociclista;24;MASCULINO;HERIDOS;0;0;0;;CARRERA 43A CON CALLE 38A SUR;;ALCALA;6.1697077409398275, -75.58915413115817;CHOQUE;VEHICULO;NO REPORTADO;RESIDENCIAL;Normal;Desobedecer señales
2212142;23/10/2021;7:30:00 p. m.;Sábado;2021;Octubre;MOTOCICLETA;PARTICULAR;Motociclista;21;MASCULINO;HERIDOS;0;0;0;;DIAGONAL 39 CON TRANSVERSAL 34B SUR;;OBRERO;6.17165049360618, -75.58416726275193;CHOQUE;VEHICULO;NO REPORTADO;RESIDENCIAL;Normal;No respetar prelacion
2212148;24/10/2021;6:10:00 p. m.;Domingo;2021;Octubre;AUTOMOVIL;PARTICULAR;Conductor;33;MASCULINO;HERIDOS;0;0;0;;CALLE 36D SUR # 27A - 105;;LA PRADERA;6.165924195365991, -75.57591884740866;CHOQUE;VEHICULO;NO REPORTADO;RESIDENCIAL;Normal;Poner en marcha un vehiculo sin precauci
2212151;27/10/2021;4:30:00 p. m.;Miércoles;2021;Octubre;MOTOCICLETA;PARTICULAR;Motociclista;37;MASCULINO;HERIDOS;0;0;0;;CARRERA 43A CON CALLE 49D SUR;;LAS CASITAS;6.161039296231403, -75.6001298339162;CAIDA OCUPANTE;NO REPORTADO;NO REPORTADO;RESIDENCIAL;Normal;No respetar prelacion
2212158;27/10/2021;6:40:00 a. m.;Miércoles;2021;Octubre;MOTOCICLETA;PARTICULAR;Motociclista;37;MASCULINO;HERIDOS;0;0;0;;CARRERA 50 # 30 SUR 66;;LAS VEGAS;6.180341, -75.590571;CHOQUE;VEHICULO;NO REPORTADO;RESIDENCIAL;Normal;Impericia en el manejo
2212158;27/10/2021;6:40:00 a. m.;Miércoles;2021;Octubre;MOTOCICLETA;PARTICULAR;Motociclista;46;MASCULINO;HERIDOS;0;0;0;;CARRERA 50 # 30 SUR 66;;LAS VEGAS;6.180341, -75.590571;CHOQUE;VEHICULO;NO REPORTADO;RESIDENCIAL;Normal;Impericia en el manejo
2212161;26/10/2021;9:45:00 p. m.;Martes;2021;Octubre;CAMPERO;PUBLICO;Conductor;39;MASCULINO;HERIDOS;0;0;0;;CARRERA 48 CON CALLE 50 SUR;;LAS VEGAS;6.162072458716961, -75.60353659646475;CHOQUE;VEHICULO;NO REPORTADO;RESIDENCIAL;Normal;No mantener distancia de seguridad
2212162;25/10/2021;6:15:00 p. m.;Lunes;2021;Octubre;BUS;PUBLICO;Pasajero;54;FEMENINO;HERIDOS;0;0;0;;CARRERA 40 # 39 SUR 52;;MESA;6.167263, -75.586868;OTRO;NO REPORTADO;NO REPORTADO;RESIDENCIAL;Normal;Poner en marcha un vehiculo sin precauci
2212173;26/10/2021;2:15:00 p. m.;Martes;2021;Octubre;MOTOCICLETA;PARTICULAR;Motociclista;32;MASCULINO;HERIDOS;0;0;0;;CARRERA 43A CON CALLE 32B SUR;;SAN MARCOS;6.175072, -75.586089;CHOQUE;VEHICULO;NO REPORTADO;RESIDENCIAL;Normal;Desobedecer señales
2212173;26/10/2021;2:15:00 p. m.;Martes;2021;Octubre;MOTOCICLETA;PARTICULAR;Motociclista;20;MASCULINO;HERIDOS;0;0;0;;CARRERA 43A CON CALLE 32B SUR;;SAN MARCOS;6.175072, -75.586089;CHOQUE;VEHICULO;NO REPORTADO;RESIDENCIAL;Normal;Desobedecer señales
2212182;31/10/2021;6:30:00 p. m.;Domingo;2021;Octubre;AUTOMOVIL;PARTICULAR;Conductor;27;FEMENINO;HERIDOS;0;0;0;;TRANSVERSAL 33 SUR CON DIAGONAL 31E;;LA MAGNOLIA;6.174992992165603, -75.58131890508025;CHOQUE;VEHICULO;NO REPORTADO;RESIDENCIAL;Normal;Desobedecer señales
2212187;29/10/2021;10:55:00 p. m.;Viernes;2021;Octubre;MOTOCICLETA;PARTICULAR;Motociclista;56;MASCULINO;HERIDOS;1;0;3;150;CALLE 40F SUR CON CARRERA 34;;SAN JOSE;6.162619030565905, -75.5857464204237;CHOQUE;VEHICULO;NO REPORTADO;RESIDENCIAL;Normal;Embriaguez aparente
2212197;2/11/2021;9:20:00 a. m.;Martes;2021;Noviembre;BICICLETA;;Ciclista;69;MASCULINO;HERIDOS;0;0;0;;CARRERA 36A CON CALLE 40AA SUR;;SAN JOSE;6.163833930114009, -75.58455381928206;CAIDA OCUPANTE;NO REPORTADO;NO REPORTADO;RESIDENCIAL;Normal;Otra-Via
2212200;2/11/2021;2:00:00 p. m.;Martes;2021;Noviembre;MOTOCICLETA;PARTICULAR;Motociclista;22;MASCULINO;HERIDOS;0;0;0;0;CARRERA 48 # 32 SUR 36;;LAS VEGAS;6.187161985083551, -75.5816043455576;CHOQUE;VEHICULO;NO REPORTADO;RESIDENCIAL;Normal;No mantener distancia de seguridad
2212203;2/11/2021;1:00:00 p. m.;Martes;2021;Noviembre;MOTOCICLETA;PARTICULAR;Motociclista;55;MASCULINO;HERIDOS;0;0;0;0;CARRERA 33 # 48 SUR 61;;LOMA DEL BARRO;6.165473966583975, -75.58279133021455;CHOQUE;VEHICULO;NO REPORTADO;RESIDENCIAL;Normal;Poner en marcha un vehiculo sin precauci
2212209;1/11/2021;5:55:00 p. m.;Lunes;2021;Noviembre;MOTOCICLETA;PARTICULAR;Motociclista;24;MASCULINO;HERIDOS;0;0;0;0;CARRERA 27A CON CALLE 36A SUR;;LA INMACULADA;6.167379728646519, -75.57326334740866;CHOQUE;VEHICULO;NO REPORTADO;RESIDENCIAL;Normal;No mantener distancia de seguridad
2212211;3/11/2021;10:30:00 p. m.;Miércoles;2021;Noviembre;MOTOCICLETA;PARTICULAR;Acompañante;22;MASCULINO;HERIDOS;0;0;0;0;CARRERA 48 CON CALLE 37 SUR;;LAS VEGAS;6.173473352424915, -75.59256588595376;CAIDA OCUPANTE;NO REPORTADO;NO REPORTADO;RESIDENCIAL;Normal;Impericia en el manejo
2212211;3/11/2021;10:30:00 p. m.;Miércoles;2021;Noviembre;MOTOCICLETA;PARTICULAR;Motociclista;27;MASCULINO;HERIDOS;0;0;0;0;CARRERA 48 CON CALLE 37 SUR;;LAS VEGAS;6.173473352424915, -75.59256588595376;CAIDA OCUPANTE;NO REPORTADO;NO REPORTADO;RESIDENCIAL;Normal;Impericia en el manejo
2212228;4/11/2021;12:40:00 p. m.;Jueves;2021;Noviembre;CAMIONETA;PUBLICO;Conductor;34;MASCULINO;HERIDOS;0;0;0;;CALLE 37 SUR # 27-90;;LA PRADERA;6.159688133850106, -75.57025520693125;CHOQUE;VEHICULO;NO REPORTADO;RESIDENCIAL;Normal;Reverso imprudente
2212231;3/11/2021;2:00:00 p. m.;Miércoles;2021;Noviembre;MOTOCICLETA;PARTICULAR;Motociclista;19;MASCULINO;HERIDOS;0;0;0;;CALLE 27 SUR # 27D- 79;;EL ESMERALDAL;6.175316492028451, -75.57334726460269;CHOQUE;VEHICULO;NO REPORTADO;RESIDENCIAL;Normal;Desobedecer señales
2212234;3/11/2021;4:00:00 p. m.;Miércoles;2021;Noviembre;MOTOCICLETA;OFICIAL;Motociclista;55;MASCULINO;HERIDOS;0;0;0;;CARRERA 48 CON CALLE 43 SUR;;LAS VEGAS;6.168318, -75.597365;CAIDA OCUPANTE;NO REPORTADO;NO REPORTADO;RESIDENCIAL;Normal;Desobedecer señales
2212238;4/11/2021;6:10:00 a. m.;Jueves;2021;Noviembre;MOTOCICLETA;PARTICULAR;Motociclista;28;FEMENINO;HERIDOS;0;0;0;;KILOMETRO 12 + 440;retiro varia palmas enviga (km 5+43 - km 14+ 550);VEREDA PALMAS;6.159391553686775, -75.52132438213306;CHOQUE;VEHICULO;NO REPORTADO;NO REPORTADO;Normal;No mantener distancia de seguridad
2212242;6/11/2021;11:40:00 a. m.;Sábado;2021;Noviembre;MOTOCICLETA;PARTICULAR;Motociclista;26;MASCULINO;HERIDOS;0;0;0;;CARRERA 48 CON CALLE 26 SUR;;LAS VEGAS;6.18339968859906, -75.585273933916;CHOQUE;VEHICULO;NO REPORTADO;RESIDENCIAL;Normal;Impericia en el manejo
2212267;6/11/2021;7:50:00 a. m.;Sábado;2021;Noviembre;MOTOCICLETA;PARTICULAR;Motociclista;25;MASCULINO;HERIDOS;0;0;0;;CARRERA 50 CON CALLE 32B SUR;;LAS VEGAS;6.178263, -75.591897;CAIDA OCUPANTE;NO REPORTADO;NO REPORTADO;RESIDENCIAL;Normal;Impericia en el manejo
2212269;8/11/2021;12:30:00 p. m.;Lunes;2021;Noviembre;MOTOCICLETA;OFICIAL;Acompañante;57;MASCULINO;HERIDOS;0;0;0;;DIAGONAL 30 CON TRANSVERSAL 34B SUR;;URIBE ANGEL;6.172630726527747, -75.57826829343854;CHOQUE;VEHICULO;NO REPORTADO;RESIDENCIAL;Normal;Impericia en el manejo
2212269;8/11/2021;12:30:00 p. m.;Lunes;2021;Noviembre;MOTOCICLETA;OFICIAL;Motociclista;44;MASCULINO;HERIDOS;0;0;0;;DIAGONAL 30 CON TRANSVERSAL 34B SUR;;URIBE ANGEL;6.172630726527747, -75.57826829343854;CHOQUE;VEHICULO;NO REPORTADO;RESIDENCIAL;Normal;Impericia en el manejo
2212272;8/11/2021;7:40:00 a. m.;Lunes;2021;Noviembre;MOTOCICLETA;PARTICULAR;Motociclista;18;FEMENINO;HERIDOS;0;0;0;;CALLE 38 SUR CON CARRERA 46;;ALCALA;6.171886432409381, -75.59143782154075;CHOQUE;VEHICULO;NO REPORTADO;RESIDENCIAL;Normal;Impericia en el manejo
2212274;8/11/2021;8:10:00 a. m.;Lunes;2021;Noviembre;MOTOCICLETA;PARTICULAR;Motociclista;30;MASCULINO;HERIDOS;0;0;0;;CARRERA 44 # 23 SUR - 15;;BOSQUES DE ZUÑIGA;6.182890507822283, -75.58118618762308;CHOQUE;VEHICULO;NO REPORTADO;RESIDENCIAL;Normal;Reverso imprudente
2212280;9/11/2021;3:10:00 p. m.;Martes;2021;Noviembre;MOTOCICLETA;PARTICULAR;Motociclista;21;MASCULINO;HERIDOS;0;0;0;0;DIAGONAL 33 CON TRANSVERSAL 34E SUR;;LOS NARANJOS;6.169981194212632, -75.58254079528945;CHOQUE;VEHICULO;NO REPORTADO;RESIDENCIAL;Normal;Adelantar invadiendo carril del mismo sentido en zigzag
2212281;10/11/2021;9:15:00 p. m.;Miércoles;2021;Noviembre;MOTOCICLETA;PARTICULAR;Motociclista;53;MASCULINO;HERIDOS;0;0;0;;CARRERA 50 CON CALLE 25 SUR;;LAS VEGAS;6.186957, -75.584471;CHOQUE;VEHICULO;NO REPORTADO;RESIDENCIAL;Normal;No mantener distancia de seguridad
2212282;9/11/2021;11:15:00 a. m.;Martes;2021;Noviembre;MOTOCICLETA;PARTICULAR;Motociclista;30;MASCULINO;HERIDOS;0;0;0;;CALLE 36D SUR #27A - 205;;LA PRADERA;6.16519269558738, -75.5756417492595;CHOQUE;VEHICULO;NO REPORTADO;RESIDENCIAL;Normal;Impericia en el manejo
2212283;10/11/2021;2:50:00 p. m.;Miércoles;2021;Noviembre;MOTOCICLETA;PARTICULAR;Motociclista;28;FEMENINO;HERIDOS;0;0;0;;CALLE 47 SUR CON CARRERA 40A;;EL TRIANON;6.159668697258407, -75.59409444740875;CHOQUE;VEHICULO;NO REPORTADO;RESIDENCIAL;Normal;Desobedecer señales
2212296;11/11/2021;4:10:00 p. m.;Jueves;2021;Noviembre;MOTOCICLETA;PARTICULAR;Motociclista;41;MASCULINO;HERIDOS;0;0;0;;CARRERA 27 # 36C SUR 04;;LA PRADERA;6.166582563483855, -75.56934806225205;CHOQUE;VEHICULO;NO REPORTADO;RESIDENCIAL;Lluvia;Impericia en el manejo
2212301;12/11/2021;10:10:00 p. m.;Viernes;2021;Noviembre;MOTOCICLETA;PARTICULAR;Motociclista;46;MASCULINO;HERIDOS;0;0;0;0;CARRERA 43A CON CALLE 21 SUR;;ZUÑIGA;6.183886187630915, -75.57953993576679;CHOQUE;VEHICULO;NO REPORTADO;RESIDENCIAL;Normal;Semaforo en rojo
2212320;14/11/2021;4:20:00 p. m.;Domingo;2021;Noviembre;MOTOCICLETA;PARTICULAR;Motociclista;23;MASCULINO;HERIDOS;0;0;0;;CALLE 50 SUR CON CARRERA 48;;LAS VEGAS;6.162072458716961, -75.60353659646475;CHOQUE;VEHICULO;NO REPORTADO;RESIDENCIAL;Normal;Desobedecer señales
2212323;16/11/2021;6:53:00 p. m.;Martes;2021;Noviembre;MOTOCICLETA;PARTICULAR;Acompañante;18;FEMENINO;HERIDOS;0;0;0;;CALLE 37 SUR CON CARRERA 48;;LAS VEGAS;6.173643245908734, -75.59239554469394;CHOQUE;VEHICULO;NO REPORTADO;RESIDENCIAL;Normal;Desobedecer señales
2212323;16/11/2021;6:53:00 p. m.;Martes;2021;Noviembre;MOTOCICLETA;PARTICULAR;Motociclista;40;FEMENINO;HERIDOS;0;0;0;;CALLE 37 SUR CON CARRERA 48;;LAS VEGAS;6.173643245908734, -75.59239554469394;CHOQUE;VEHICULO;NO REPORTADO;RESIDENCIAL;Normal;Desobedecer señales
2212324;16/11/2021;2:15:00 p. m.;Martes;2021;Noviembre;BICICLETA;;Ciclista;24;MASCULINO;HERIDOS;0;0;0;;DIAGONAL 31C # 33A SUR 170;;LAS FLORES;6.173034274368511, -75.58014305536807;CHOQUE;VEHICULO;NO REPORTADO;RESIDENCIAL;Normal;Transitar en contravia
2212325;16/11/2021;7:40:00 a. m.;Martes;2021;Noviembre;BUSETA;PUBLICO;Pasajero;22;MASCULINO;HERIDOS;0;0;0;;CALLE 37B SUR # 28C- 01;;LOMA DE LAS BRUJAS;6.165013562295804, -75.57937336822171;OTRO;NO REPORTADO;NO REPORTADO;RESIDENCIAL;Normal;Poner en marcha un vehiculo sin precauci
2212327;16/11/2021;6:10:00 p. m.;Martes;2021;Noviembre;MOTOCICLETA;PARTICULAR;Motociclista;31;MASCULINO;HERIDOS;0;0;0;;DIAGONAL 31C CON TRANSVERSAL 32 SUR 39;;LA MAGNOLIA;6.175989704603968, -75.58265758392565;CHOQUE;VEHICULO;NO REPORTADO;RESIDENCIAL;Normal;Adelantar por la derecha
2212329;16/11/2021;10:15:00 a. m.;Martes;2021;Noviembre;BICICLETA;;Ciclista;23;MASCULINO;HERIDOS;0;0;0;;CARRERA 42B CON CALLE 46D SUR;;LA PAZ;6.16086212057265, -75.59513807598168;CHOQUE;VEHICULO;NO REPORTADO;RESIDENCIAL;Normal;Impericia en el manejo
2212332;12/11/2021;5:50:00 p. m.;Viernes;2021;Noviembre;MOTOCICLETA;PARTICULAR;Motociclista;22;FEMENINO;HERIDOS;0;0;0;;CARRERA 48 # 30 SUR 119;;LAS VEGAS;6.1748313918079045, -75.59135377624442;CHOQUE;VEHICULO;NO REPORTADO;RESIDENCIAL;Normal;Transitar entre vehiculos
2212332;12/11/2021;5:50:00 p. m.;Viernes;2021;Noviembre;MOTOCICLETA;PARTICULAR;Motociclista;31;MASCULINO;HERIDOS;0;0;0;;CARRERA 48 # 30 SUR 119;;LAS VEGAS;6.1748313918079045, -75.59135377624442;CHOQUE;VEHICULO;NO REPORTADO;RESIDENCIAL;Normal;Transitar entre vehiculos
2212337;18/11/2021;12:30:00 a. m.;Jueves;2021;Noviembre;MOTOCICLETA;PARTICULAR;Motociclista;18;MASCULINO;HERIDOS;0;0;0;;CARRERA 43A CON CALLE 37 SUR;;SAN MARCOS;6.171156877675806, -75.58832689943017;CHOQUE;VEHICULO;NO REPORTADO;RESIDENCIAL;Normal;Semaforo en rojo
2212338;20/11/2021;1:10:00 p. m.;Sábado;2021;Noviembre;MOTOCICLETA;PARTICULAR;Motociclista;34;MASCULINO;HERIDOS;0;0;0;;CARRERA 42B CON CALLE 45ASUR;;LA PAZ;6.163649264290061, -75.59344566346174;CHOQUE;VEHICULO;NO REPORTADO;RESIDENCIAL;Normal;Otra-Conductor
2212339;20/11/2021;7:20:00 a. m.;Sábado;2021;Noviembre;MOTOCICLETA;PARTICULAR;Motociclista;25;MASCULINO;HERIDOS;0;0;0;;CARRERA 50 CON CALLE 46ASUR;;LAS VEGAS;6.168548, -75.602176;CHOQUE;VEHICULO;NO REPORTADO;RESIDENCIAL;Normal;Otra-Conductor
2212339;20/11/2021;7:20:00 a. m.;Sábado;2021;Noviembre;MOTOCICLETA;PARTICULAR;Acompañante;25;FEMENINO;HERIDOS;0;0;0;;CARRERA 50 CON CALLE 46ASUR;;LAS VEGAS;6.168548, -75.602176;CHOQUE;VEHICULO;NO REPORTADO;RESIDENCIAL;Normal;Otra-Conductor
2212340;22/11/2021;1:00:00 a. m.;Lunes;2021;Noviembre;MOTOCICLETA;PARTICULAR;Motociclista;24;MASCULINO;MUERTOS;0;0;0;;KILOMETRO 16+370;medellín palmas envigado (km 12 - km 16+700);VEREDA PALMAS;6.154222, -75.535615;CHOQUE;OBJETO FIJO;OTRO TIPO;NO REPORTADO;Normal;Impericia en el manejo
2212340;22/11/2021;1:00:00 a. m.;Lunes;2021;Noviembre;MOTOCICLETA;PARTICULAR;Acompañante;36;MASCULINO;MUERTOS;0;0;0;;KILOMETRO 16+370;medellín palmas envigado (km 12 - km 16+700);VEREDA PALMAS;6.154222, -75.535615;CHOQUE;OBJETO FIJO;OTRO TIPO;NO REPORTADO;Normal;Impericia en el manejo
2212344;19/11/2021;3:30:00 p. m.;Viernes;2021;Noviembre;AUTOMOVIL;PUBLICO;Conductor;45;MASCULINO;HERIDOS;0;0;0;;CALLE 37 SUR CON CARRERA 29;;MESA;6.165988873234238, -75.57962849513954;CHOQUE;OBJETO FIJO;SEMAFORO;RESIDENCIAL;Normal;Salirse de la calzada
2212345;20/11/2021;12:05:00 p. m.;Sábado;2021;Noviembre;MOTOCICLETA;PARTICULAR;Motociclista;61;MASCULINO;HERIDOS;0;0;0;;TRANSVERSAL 27A SUR #42B-61;;PONTE VEDRA;6.178438589562872, -75.58288420260513;CHOQUE;VEHICULO;NO REPORTADO;RESIDENCIAL;Normal;Arrancar sin precaucion  -  Desobedecer señales
2212346;20/11/2021;6:40:00 p. m.;Sábado;2021;Noviembre;AUTOMOVIL;PARTICULAR;Peaton;80;FEMENINO;HERIDOS;0;0;0;;CALLE 37 SUR #31-55;;MESA;6.166546, -75.581132;ATROPELLO;NO REPORTADO;NO REPORTADO;RESIDENCIAL;Lluvia;Impericia en el manejo
2212350;21/11/2021;7:10:00 p. m.;Domingo;2021;Noviembre;MOTOCICLETA;PARTICULAR;Motociclista;20;MASCULINO;HERIDOS;0;0;0;;CALLE 39 SUR CON CARRERA 41;;MESA;6.168081262215646, -75.58752527994614;CHOQUE;VEHICULO;NO REPORTADO;RESIDENCIAL;Normal;Girar bruscamente
2212357;21/11/2021;7:50:00 p. m.;Domingo;2021;Noviembre;MOTOCICLETA;PARTICULAR;Motociclista;20;MASCULINO;HERIDOS;0;0;0;;KILOMETRO 11+100;retiro varia palmas enviga (km 5+43 - km 14+ 550);VEREDA PANTANILLO;6.162843823766284, -75.5125458158315;CHOQUE;VEHICULO;NO REPORTADO;NO REPORTADO;Normal;Girar bruscamente
2212365;20/11/2021;8:40:00 p. m.;Sábado;2021;Noviembre;AUTOMOVIL;PARTICULAR;Conductor;30;MASCULINO;HERIDOS;0;0;0;;CARRERA 43A #45SUR-35;;MILAN VALLEJUELOS;6.165087980783867, -75.59466932578759;CHOQUE;VEHICULO;NO REPORTADO;RESIDENCIAL;Lluvia;No mantener distancia de seguridad
2212365;20/11/2021;8:40:00 p. m.;Sábado;2021;Noviembre;AUTOMOVIL;PARTICULAR;Acompañante;66;FEMENINO;HERIDOS;0;0;0;;CARRERA 43A #45SUR-35;;MILAN VALLEJUELOS;6.165087980783867, -75.59466932578759;CHOQUE;VEHICULO;NO REPORTADO;RESIDENCIAL;Lluvia;No mantener distancia de seguridad
2212370;21/11/2021;11:10:00 a. m.;Domingo;2021;Noviembre;MOTOCICLETA;PARTICULAR;Acompañante;19;FEMENINO;HERIDOS;0;0;0;;CARRERA 50 CON CALLE 31 SUR;;LAS VEGAS;6.179588, -75.590995;CHOQUE;VEHICULO;NO REPORTADO;RESIDENCIAL;Normal;Impericia en el manejo
2212373;21/11/2021;10:20:00 a. m.;Domingo;2021;Noviembre;BICICLETA;;Ciclista;28;MASCULINO;HERIDOS;0;0;0;;CARRERA 50 CON CALLE 19 SUR;;LAS VEGAS;6.188167, -75.583364;CHOQUE;VEHICULO;NO REPORTADO;RESIDENCIAL;Normal;Desobedecer señales
2212373;21/11/2021;10:20:00 a. m.;Domingo;2021;Noviembre;MOTOCICLETA;PARTICULAR;Motociclista;42;MASCULINO;HERIDOS;0;0;0;;CARRERA 50 CON CALLE 19 SUR;;LAS VEGAS;6.188167, -75.583364;CHOQUE;VEHICULO;NO REPORTADO;RESIDENCIAL;Normal;Desobedecer señales