NRO_RADICADO;FECHA_ACCIDENTE;HORA_ACCIDENTE;Día de la semana;AÑO;MES;CLASE_VEHICULO;TIPO_SERVICIO;TIPO_VICTIMA;EDAD;GENERO;GRAVEDAD;ESTADO_BEODEZ;ESTADO_DROGA;RESULTADO_BEODEZ;RESUL_BEODEZ_GRAMOS;DIRECCION_CARACT_VIA;TRAMO_VIA;LOCALIDAD_O_COMUNA;    GEORREFERENCIACIÓN;DESC_CLASE_ACCIDENTE;DESC_CHOQUE_ACCIDENTE;DESC_OBJETO_FIJO;DESC_SECTOR_ACCIDENTE;CONDICION_CLIMATICA;CAUSA_ACCIDENTE
2212374;21/11/2021;9:37:00 a. m.;Domingo;2021;Noviembre;BICICLETA;PARTICULAR;Ciclista;41;MASCULINO;HERIDOS;0;0;0;;KILOMETRO 11+00;medellín palmas envigado (km 12 - km 16+700);VEREDA PANTANILLO;6.159447701905074, -75.51641888295283;CHOQUE;VEHICULO;NO REPORTADO;NO REPORTADO;Lluvia;No mantener distancia de seguridad  -  Salirse de la calzada
2212375;20/11/2021;11:20:00 a. m.;Sábado;2021;Noviembre;MOTOCICLETA;PARTICULAR;Motociclista;63;MASCULINO;HERIDOS;0;0;0;;CARRERA 50 CON CALLE 37 SUR;;LAS VEGAS;6.175135, -75.595369;CHOQUE;VEHICULO;NO REPORTADO;RESIDENCIAL;Normal;No mantener distancia de seguridad
2212375;20/11/2021;11:20:00 a. m.;Sábado;2021;Noviembre;MOTOCICLETA;PARTICULAR;Acompañante;44;FEMENINO;HERIDOS;0;0;0;;CARRERA 50 CON CALLE 37 SUR;;LAS VEGAS;6.175135, -75.595369;CHOQUE;VEHICULO;NO REPORTADO;RESIDENCIAL;Normal;No mantener distancia de seguridad
2212376;21/11/2021;12:50:00 p. m.;Domingo;2021;Noviembre;MOTOCICLETA;PARTICULAR;Motociclista;29;MASCULINO;HERIDOS;0;0;0;;CARRERA 50 CON CALLE 46A SUR;;LAS VEGAS;6.168548, -75.602176;CHOQUE;VEHICULO;NO REPORTADO;RESIDENCIAL;Normal;No mantener distancia de seguridad
2212377;23/11/2021;5:00:00 p. m.;Martes;2021;Noviembre;AUTOMOVIL;PARTICULAR;Conductor;35;MASCULINO;HERIDOS;0;0;0;;CALLE 45 A SUR #39B-226;;LAS ANTILLAS;6.162270630202539, -75.59166520578991;CHOQUE;NO REPORTADO;NO REPORTADO;RESIDENCIAL;Normal;Otra-Conductor
2212378;23/11/2021;5:45:00 p. m.;Martes;2021;Noviembre;BICICLETA;;Ciclista;28;MASCULINO;HERIDOS;0;0;0;;CARRERA 43A #45BSUR-51;;PRIMAVERA;6.171582060334887, -75.58792500508027;ATROPELLO;NO REPORTADO;NO REPORTADO;RESIDENCIAL;Normal;Girar bruscamente
2212378;23/11/2021;5:45:00 p. m.;Martes;2021;Noviembre;BICICLETA;;Peaton;51;FEMENINO;HERIDOS;0;0;0;;CARRERA 43A #45BSUR-51;;PRIMAVERA;6.171582060334887, -75.58792500508027;ATROPELLO;NO REPORTADO;NO REPORTADO;RESIDENCIAL;Normal;Girar bruscamente
2212379;23/11/2021;4:10:00 p. m.;Martes;2021;Noviembre;MOTOCICLETA;PARTICULAR;Motociclista;24;FEMENINO;HERIDOS;0;0;0;;CALLE 46D SUR CON CARRERA 42D;;LA PAZ;6.161339796158612, -75.59589357809541;CHOQUE;VEHICULO;NO REPORTADO;RESIDENCIAL;Lluvia;Desobedecer señales
2212383;25/11/2021;1:30:00 p. m.;Jueves;2021;Noviembre;AUTOMOVIL;OFICIAL;Peaton;13;MASCULINO;HERIDOS;0;0;0;;CARRERA 42B #46ASUR-05;;LA PAZ;6.161687900322313, -75.59492037153159;ATROPELLO;NO REPORTADO;NO REPORTADO;RESIDENCIAL;Normal;Cruzar sin observar
2212384;24/11/2021;5:50:00 p. m.;Miércoles;2021;Noviembre;MOTOCICLETA;PARTICULAR;Motociclista;46;MASCULINO;HERIDOS;0;0;0;;KILOMETRO 4+900;catedral;VEREDA EL VALLANO;6.124539866856016, -75.58815987849755;CHOQUE;VEHICULO;NO REPORTADO;NO REPORTADO;Normal;Otra-Conductor
2212385;24/11/2021;6:00:00 p. m.;Miércoles;2021;Noviembre;AUTOMOVIL;PUBLICO;Peaton;72;MASCULINO;HERIDOS;0;0;0;;TRANSVERSAL 34D SUR #32D57;;OBRERO;6.171015, -75.582984;ATROPELLO;NO REPORTADO;NO REPORTADO;RESIDENCIAL;Lluvia;Impericia en el manejo
2212386;24/11/2021;9:50:00 a. m.;Miércoles;2021;Noviembre;MOTOCICLETA;PARTICULAR;Motociclista;63;MASCULINO;HERIDOS;0;0;0;;CARRERA 43A CON CALLE 31 SUR;;JARDINES;6.176721114652373, -75.58539333208881;CHOQUE;VEHICULO;NO REPORTADO;RESIDENCIAL;Normal;No mantener distancia de seguridad
2212387;22/11/2021;2:00:00 p. m.;Lunes;2021;Noviembre;MOTOCICLETA;PARTICULAR;Motociclista;24;FEMENINO;HERIDOS;0;0;0;;CARRERA 30 #40SUR-55;;SAN JOSE;6.162338163296261, -75.58275712227451;CHOQUE;VEHICULO;NO REPORTADO;RESIDENCIAL;Normal;Adelantar cerrando
2212389;22/11/2021;5:25:00 p. m.;Lunes;2021;Noviembre;MOTOCICLETA;PARTICULAR;Motociclista;23;MASCULINO;HERIDOS;0;0;0;;CALLE 25 SUR CON CARRERA 44;;BOSQUES DE ZUÑIGA;6.182245156863946, -75.58155506460258;CHOQUE;VEHICULO;NO REPORTADO;RESIDENCIAL;Normal;Impericia en el manejo
2212390;24/11/2021;1:30:00 a. m.;Miércoles;2021;Noviembre;AUTOMOVIL;PARTICULAR;Conductor;31;MASCULINO;HERIDOS;0;0;0;;CALLE 38 SUR CON CARRERA 43A;;ZONA CENTRO;6.1706926291467665, -75.58874098595419;CHOQUE;VEHICULO;NO REPORTADO;RESIDENCIAL;Normal;Semaforo en rojo
2212390;24/11/2021;1:30:00 a. m.;Miércoles;2021;Noviembre;CAMIONETA;PARTICULAR;Acompañante;19;FEMENINO;HERIDOS;0;0;0;;CALLE 38 SUR CON CARRERA 43A;;ZONA CENTRO;6.1706926291467665, -75.58874098595419;CHOQUE;VEHICULO;NO REPORTADO;RESIDENCIAL;Normal;Semaforo en rojo
2212394;26/11/2021;1:00:00 p. m.;Viernes;2021;Noviembre;MOTOCICLETA;PARTICULAR;Peaton;49;FEMENINO;HERIDOS;0;0;0;;KILOMETRO 12+230;retiro varia palmas enviga (km 5+43 - km 14+ 550);VEREDA PALMAS;6.158610889446909, -75.51948623798924;ATROPELLO;NO REPORTADO;NO REPORTADO;NO REPORTADO;Normal;Cruzar sin observar
2212395;27/11/2021;4:50:00 p. m.;Sábado;2021;Noviembre;MOTOCICLETA;PARTICULAR;Motociclista;31;MASCULINO;HERIDOS;0;0;0;;KILOMETRO 13+200;medellín palmas envigado (km 12 - km 16+700);VEREDA PALMAS;6.164047396808054, -75.54555047608514;CHOQUE;OBJETO FIJO;VEHICULO ESTACIONADO;NO REPORTADO;Normal;Impericia en el manejo
2212398;27/11/2021;6:20:00 a. m.;Sábado;2021;Noviembre;MOTOCICLETA;PARTICULAR;Motociclista;38;MASCULINO;HERIDOS;0;0;0;;KILOMETRO 11+780;retiro varia palmas enviga (km 5+43 - km 14+ 550);VEREDA PALMAS;6.1597027595276606, -75.51597147472552;CHOQUE;VEHICULO;NO REPORTADO;NO REPORTADO;Normal;No mantener distancia de seguridad
2212399;28/11/2021;7:00:00 p. m.;Domingo;2021;Noviembre;MOTOCICLETA;PARTICULAR;Motociclista;33;MASCULINO;HERIDOS;1;0;3;180;CALLE 40 SUR #25AA74;;EL SALADO;6.156586, -75.580756;CHOQUE;VEHICULO;NO REPORTADO;RESIDENCIAL;Normal;Embriaguez o droga
2212399;28/11/2021;7:00:00 p. m.;Domingo;2021;Noviembre;MOTOCICLETA;PARTICULAR;Motociclista;45;MASCULINO;HERIDOS;0;0;0;;CALLE 40 SUR #25AA74;;EL SALADO;6.156586, -75.580756;CHOQUE;VEHICULO;NO REPORTADO;RESIDENCIAL;Normal;Embriaguez o droga
2212413;26/11/2021;2:20:00 a. m.;Viernes;2021;Noviembre;MOTOCICLETA;PARTICULAR;Motociclista;34;FEMENINO;HERIDOS;1;0;1;40;CARRERA 43A #21SUR-115;;BOSQUES DE ZUÑIGA;6.183467753352916, -75.57985128619242;CHOQUE;OBJETO FIJO;OTRO TIPO;RESIDENCIAL;Lluvia;Embriaguez aparente
2212413;26/11/2021;2:20:00 a. m.;Viernes;2021;Noviembre;MOTOCICLETA;PARTICULAR;Acompañante;30;MASCULINO;HERIDOS;1;0;1;40;CARRERA 43A #21SUR-115;;BOSQUES DE ZUÑIGA;6.183467753352916, -75.57985128619242;CHOQUE;OBJETO FIJO;OTRO TIPO;RESIDENCIAL;Lluvia;Embriaguez aparente
2212416;27/11/2021;3:40:00 p. m.;Sábado;2021;Noviembre;MOTOCICLETA;PARTICULAR;Motociclista;25;MASCULINO;MUERTOS;0;0;0;;KILOMETRO 13+100;retiro varia palmas enviga (km 5+43 - km 14+ 550);VEREDA PALMAS;6.159653, -75.526802;CHOQUE;VEHICULO;NO REPORTADO;NO REPORTADO;Normal;Otra-Conductor
2212422;28/11/2021;2:40:00 p. m.;Domingo;2021;Noviembre;MOTOCICLETA;PARTICULAR;Acompañante;22;FEMENINO;HERIDOS;0;0;0;;DIAGONAL 32D CON TRANSVERSAL 32C SUR;;LA MAGNOLIA;6.174734859081612, -75.58390490693107;CHOQUE;VEHICULO;NO REPORTADO;RESIDENCIAL;Normal;Desobedecer señales
2212428;26/11/2021;9:05:00 p. m.;Viernes;2021;Noviembre;MOTOCICLETA;PARTICULAR;Motociclista;22;MASCULINO;HERIDOS;0;0;0;;CARRERA 50 CON CALLE 46A SUR;;LAS VEGAS;6.168548, -75.602176;CHOQUE;VEHICULO;NO REPORTADO;RESIDENCIAL;Normal;No respetar prelacion
2212429;27/11/2021;4:00:00 a. m.;Sábado;2021;Noviembre;AUTOMOVIL;PARTICULAR;Acompañante;33;FEMENINO;HERIDOS;0;0;0;;CARRERA 43A CON CALLE 25A SUR;;VILLA GRANDE;6.181625389352205, -75.58176750693094;CHOQUE;VEHICULO;NO REPORTADO;RESIDENCIAL;Normal;Semaforo en rojo
2212432;1/12/2021;8:45:00 a. m.;Miércoles;2021;Diciembre;MOTOCICLETA;PARTICULAR;Motociclista;53;MASCULINO;HERIDOS;0;0;0;;CALLE 36D SUR #27-160;;LA PRADERA;6.163868862802389, -75.57188760878202;CHOQUE;VEHICULO;NO REPORTADO;RESIDENCIAL;Normal;No mantener distancia de seguridad
2212432;1/12/2021;8:45:00 a. m.;Miércoles;2021;Diciembre;MOTOCICLETA;PARTICULAR;Acompañante;45;FEMENINO;HERIDOS;0;0;0;;CALLE 36D SUR #27-160;;LA PRADERA;6.163868862802389, -75.57188760878202;CHOQUE;VEHICULO;NO REPORTADO;RESIDENCIAL;Normal;No mantener distancia de seguridad
2212433;30/11/2021;4:00:00 p. m.;Martes;2021;Noviembre;MOTOCICLETA;PARTICULAR;Motociclista;36;MASCULINO;HERIDOS;0;0;0;;CARRERA 27 #36SUR-159;;LA INMACULADA;6.167181548680804, -75.56919647280081;CHOQUE;VEHICULO;NO REPORTADO;RESIDENCIAL;Normal;No mantener distancia de seguridad
2212435;30/11/2021;11:20:00 a. m.;Martes;2021;Noviembre;MOTOCICLETA;PARTICULAR;Acompañante;22;FEMENINO;HERIDOS;0;0;0;;CALLE 38 SUR CON CARRERA 41;;ZONA CENTRO;6.169434828156936, -75.58652640508028;CHOQUE;VEHICULO;NO REPORTADO;RESIDENCIAL;Normal;No respetar pelacion de interseccion o giros
2212435;30/11/2021;11:20:00 a. m.;Martes;2021;Noviembre;MOTOCICLETA;PARTICULAR;Motociclista;28;MASCULINO;HERIDOS;0;0;0;;CALLE 38 SUR CON CARRERA 41;;ZONA CENTRO;6.169434828156936, -75.58652640508028;CHOQUE;VEHICULO;NO REPORTADO;RESIDENCIAL;Normal;No respetar pelacion de interseccion o giros
2212436;30/11/2021;6:00:00 p. m.;Martes;2021;Noviembre;MOTOCICLETA;PARTICULAR;Acompañante;17;FEMENINO;HERIDOS;0;0;0;;DIAGONAL 31 CON CALLE 36A SUR 80;;LA PRADERA;6.167198162464526, -75.58043804925948;CHOQUE;VEHICULO;NO REPORTADO;RESIDENCIAL;Lluvia;Impericia en el manejo
2212449;3/12/2021;1:30:00 p. m.;Viernes;2021;Diciembre;MOTOCICLETA;PARTICULAR;Motociclista;27;MASCULINO;HERIDOS;0;0;0;;CARRERA 48 CON CALLE 39 SUR;;LAS VEGAS;6.17177126214524, -75.59377578198631;CHOQUE;VEHICULO;NO REPORTADO;RESIDENCIAL;Normal;Impericia en el manejo
2212455;2/12/2021;11:40:00 a. m.;Jueves;2021;Diciembre;MOTOCICLETA;PARTICULAR;Motociclista;37;MASCULINO;HERIDOS;0;0;0;;CALLE 38A SUR CON CARRERA 40;;ZONA CENTRO;6.168201094884924, -75.58630174780305;CHOQUE;VEHICULO;NO REPORTADO;COMERCIAL;Normal;Otra-Conductor
2212459;4/12/2021;8:50:00 a. m.;Sábado;2021;Diciembre;MICROBUS;PUBLICO;Pasajero;58;FEMENINO;HERIDOS;0;0;0;;CALLE 38A SUR #41-32;;ZONA CENTRO;6.168987428302169, -75.58737134965257;CAIDA OCUPANTE;NO REPORTADO;NO REPORTADO;RESIDENCIAL;Normal;Otra-Pasajero-Acompañante
2212460;4/12/2021;1:50:00 p. m.;Sábado;2021;Diciembre;MOTOCICLETA;PARTICULAR;Motociclista;22;MASCULINO;HERIDOS;0;0;0;;CALLE 40 SUR #24EE-04;;EL SALADO;6.156701666906079, -75.58076132857317;CHOQUE;VEHICULO;NO REPORTADO;RESIDENCIAL;Normal;Impericia en el manejo
2212461;3/12/2021;1:30:00 p. m.;Viernes;2021;Diciembre;MOTOCICLETA;PARTICULAR;Acompañante;34;FEMENINO;HERIDOS;0;0;0;;CALLE 40 SUR #25B-60;;LA MINA;6.156220, -75.580252;CAIDA OCUPANTE;NO REPORTADO;NO REPORTADO;RESIDENCIAL;Normal;Impericia en el manejo
2212461;3/12/2021;1:30:00 p. m.;Viernes;2021;Diciembre;MOTOCICLETA;PARTICULAR;Motociclista;39;MASCULINO;HERIDOS;0;0;0;;CALLE 40 SUR #25B-60;;LA MINA;6.156220, -75.580252;CAIDA OCUPANTE;NO REPORTADO;NO REPORTADO;RESIDENCIAL;Normal;Impericia en el manejo
2212464;3/12/2021;1:55:00 p. m.;Viernes;2021;Diciembre;MOTOCICLETA;PARTICULAR;Motociclista;35;MASCULINO;HERIDOS;0;0;0;;CALLE 25 SUR CON CARRERA 22;;ZUÑIGA;6.173199512391432, -75.56266708308104;CHOQUE;VEHICULO;NO REPORTADO;RESIDENCIAL;Normal;No mantener distancia de seguridad
2212465;3/12/2021;6:46:00 p. m.;Viernes;2021;Diciembre;AUTOMOVIL;PARTICULAR;Peaton;24;FEMENINO;HERIDOS;0;0;0;;CALLE 25 SUR CON CARRERA 43A;;BOSQUES DE ZUÑIGA;6.181535, -75.581211;ATROPELLO;NO REPORTADO;NO REPORTADO;RESIDENCIAL;Normal;Desobedecer señales
2212468;4/12/2021;3:23:00 p. m.;Sábado;2021;Diciembre;AUTOMOVIL;PARTICULAR;Acompañante;3;FEMENINO;HERIDOS;0;0;0;;KILOMETRO 15+30;medellín palmas envigado (km 12 - km 16+700);VEREDA PALMAS;6.152070605419567, -75.54566103421207;CHOQUE;VEHICULO;NO REPORTADO;NO REPORTADO;Normal;No mantener distancia de seguridad
2212470;3/12/2021;9:00:00 a. m.;Viernes;2021;Diciembre;MOTOCICLETA;PARTICULAR;Motociclista;35;MASCULINO;HERIDOS;0;0;0;;CARRERA 50 #39SUR100;;LAS VEGAS;6.173303607160337, -75.59788796574267;CHOQUE;VEHICULO;NO REPORTADO;RESIDENCIAL;Normal;No mantener distancia de seguridad
2212473;3/12/2021;6:00:00 p. m.;Viernes;2021;Diciembre;AUTOMOVIL;PARTICULAR;Conductor;26;FEMENINO;HERIDOS;0;0;0;;CARRERA 50 CON CALLE 25A SUR;;LAS VEGAS;6.186597, -75.584900;CHOQUE;VEHICULO;NO REPORTADO;RESIDENCIAL;Normal;Impericia en el manejo
2212474;4/12/2021;4:40:00 p. m.;Sábado;2021;Diciembre;MOTOCICLETA;PARTICULAR;Motociclista;32;MASCULINO;HERIDOS;0;0;0;;CARRERA 48 CON CALLE 50 SUR;;LAS VEGAS;6.162072458716961, -75.60353659646475;CHOQUE;VEHICULO;NO REPORTADO;RESIDENCIAL;Normal;Impericia en el manejo
2212475;6/12/2021;5:40:00 p. m.;Lunes;2021;Diciembre;MOTOCICLETA;PARTICULAR;Motociclista;27;MASCULINO;HERIDOS;0;0;0;;CARRERA 41 #38SUR-40;;ZONA CENTRO;6.16834452773785, -75.58699456275198;CHOQUE;VEHICULO;NO REPORTADO;COMERCIAL;Normal;Impericia en el manejo
2212480;4/12/2021;3:52:00 p. m.;Sábado;2021;Diciembre;MOTOCICLETA;PARTICULAR;Motociclista;26;MASCULINO;HERIDOS;0;0;0;;CARRERA 50 CON CALLE 43 SUR;;LAS VEGAS;6.171018, -75.600755;CHOQUE;VEHICULO;NO REPORTADO;COMERCIAL;Normal;Impericia en el manejo
2212480;4/12/2021;3:52:00 p. m.;Sábado;2021;Diciembre;MOTOCICLETA;PARTICULAR;Acompañante;22;FEMENINO;HERIDOS;0;0;0;;CARRERA 50 CON CALLE 43 SUR;;LAS VEGAS;6.171018, -75.600755;CHOQUE;VEHICULO;NO REPORTADO;COMERCIAL;Normal;Impericia en el manejo
2212482;8/12/2021;8:40:00 p. m.;Miércoles;2021;Diciembre;AUTOMOVIL;;Peaton;61;FEMENINO;MUERTOS;0;0;0;;KILOMETRO 8+750;peri;VEREDA PERICO;6.170752, -75.500305;ATROPELLO;NO REPORTADO;NO REPORTADO;NO REPORTADO;Normal;Exceso de velocidad
2212483;6/12/2021;11:30:00 a. m.;Lunes;2021;Diciembre;MOTOCICLETA;PARTICULAR;Acompañante;27;FEMENINO;HERIDOS;0;0;0;;CARRERA 49 CON CALLE 37 SUR;;LAS VEGAS;6.175555, -75.594665;CAIDA OCUPANTE;NO REPORTADO;NO REPORTADO;RESIDENCIAL;Normal;Impericia en el manejo
2212484;6/12/2021;7:12:00 a. m.;Lunes;2021;Diciembre;AUTOMOVIL;PARTICULAR;Acompañante;26;FEMENINO;HERIDOS;0;0;0;;CARRERA 50 CON CALLE 27A SUR;;LAS VEGAS;6.183503, -75.588505;CHOQUE;VEHICULO;NO REPORTADO;RESIDENCIAL;Normal;Embriaguez o droga  -  No mantener distancia de seguridad
2212485;6/12/2021;3:50:00 p. m.;Lunes;2021;Diciembre;MOTOCICLETA;PARTICULAR;Peaton;41;MASCULINO;HERIDOS;0;0;0;;CARRERA 43A CON CALLE 25 SUR;;BOSQUES DE ZUÑIGA;6.181527767015737, -75.58125395108142;ATROPELLO;NO REPORTADO;NO REPORTADO;RESIDENCIAL;Normal;Desobedecer señales
2212485;6/12/2021;3:50:00 p. m.;Lunes;2021;Diciembre;MOTOCICLETA;PARTICULAR;Motociclista;44;MASCULINO;HERIDOS;0;0;0;;CARRERA 43A CON CALLE 25 SUR;;BOSQUES DE ZUÑIGA;6.181527767015737, -75.58125395108142;ATROPELLO;NO REPORTADO;NO REPORTADO;RESIDENCIAL;Normal;Desobedecer señales
2212494;8/12/2021;4:30:00 p. m.;Miércoles;2021;Diciembre;MOTOCICLETA;PARTICULAR;Motociclista;20;MASCULINO;HERIDOS;0;0;0;;KILOMETRO 4+100;catedral;VEREDA EL VALLANO;6.127883412258539, -75.58690294628362;CHOQUE;VEHICULO;NO REPORTADO;NO REPORTADO;Normal;Impericia en el manejo
2212495;7/12/2021;12:40:00 p. m.;Martes;2021;Diciembre;MOTOCICLETA;PARTICULAR;Motociclista;20;MASCULINO;HERIDOS;0;0;0;;CALLE 36D SUR #27-160;;LA PRADERA;6.163911530044965, -75.57176959158787;CHOQUE;VEHICULO;NO REPORTADO;RESIDENCIAL;Normal;No mantener distancia de seguridad
2212496;8/12/2021;12:40:00 p. m.;Miércoles;2021;Diciembre;AUTOMOVIL;PUBLICO;Pasajero;46;MASCULINO;HERIDOS;0;0;0;;CALLE 40B SUR #27-35;;LA MINA;6.158395166118795, -75.5817843627521;CHOQUE;VEHICULO;NO REPORTADO;RESIDENCIAL;Normal;Embriaguez o droga
2212497;7/12/2021;11:50:00 a. m.;Martes;2021;Diciembre;MOTOCICLETA;PARTICULAR;Acompañante;20;FEMENINO;HERIDOS;0;0;0;;CARRERA 50 CON CALLE 25 A SUR;;LAS VEGAS;6.186597, -75.584900;CHOQUE;VEHICULO;NO REPORTADO;RESIDENCIAL;Normal;No mantener distancia de seguridad
2212503;9/12/2021;7:30:00 a. m.;Jueves;2021;Diciembre;BICICLETA;;Ciclista;53;MASCULINO;HERIDOS;0;0;0;;KILOMETRO 14;retiro varia palmas enviga (km 5+43 - km 14+ 550);VEREDA PALMAS;6.156654576215335, -75.53320354742701;CHOQUE;VEHICULO;NO REPORTADO;NO REPORTADO;Normal;No mantener distancia de seguridad  -  Transitar distante de la acera u orilla 
2212507;9/12/2021;4:50:00 p. m.;Jueves;2021;Diciembre;MOTOCICLETA;PARTICULAR;Motociclista;34;MASCULINO;HERIDOS;0;0;0;;CARRERA 50 CON CALLE 25A SUR;;LAS VEGAS;6.186597, -75.584900;CHOQUE;VEHICULO;NO REPORTADO;RESIDENCIAL;Normal;Otra-Conductor
2212507;9/12/2021;4:50:00 p. m.;Jueves;2021;Diciembre;MOTOCICLETA;PARTICULAR;Acompañante;34;MASCULINO;HERIDOS;0;0;0;;CARRERA 50 CON CALLE 25A SUR;;LAS VEGAS;6.186597, -75.584900;CHOQUE;VEHICULO;NO REPORTADO;RESIDENCIAL;Normal;Otra-Conductor
2212507;9/12/2021;4:50:00 p. m.;Jueves;2021;Diciembre;MOTOCICLETA;PARTICULAR;Motociclista;24;MASCULINO;HERIDOS;0;0;0;;CARRERA 50 CON CALLE 25A SUR;;LAS VEGAS;6.186597, -75.584900;CHOQUE;VEHICULO;NO REPORTADO;RESIDENCIAL;Normal;Otra-Conductor
2212512;9/12/2021;10:55:00 a. m.;Jueves;2021;Diciembre;MOTOCICLETA;PARTICULAR;Motociclista;32;FEMENINO;HERIDOS;0;0;0;;TRANSVERSAL 27A SUR CON CARRERA 42B;;PONTE VEDRA;6.178258757306716, -75.582214233916;CHOQUE;VEHICULO;NO REPORTADO;RESIDENCIAL;Normal;Desobedecer señales
2212515;10/12/2021;7:05:00 a. m.;Viernes;2021;Diciembre;MOTOCICLETA;PARTICULAR;Acompañante;35;FEMENINO;HERIDOS;0;0;0;;CARRERA 43A CON CALLE 48CSUR-265;;PRIMAVERA;6.161005130263445, -75.59993389460375;CHOQUE;VEHICULO;NO REPORTADO;RESIDENCIAL;Normal;Desobedecer señales
2212515;10/12/2021;7:05:00 a. m.;Viernes;2021;Diciembre;MOTOCICLETA;PARTICULAR;Motociclista;31;MASCULINO;HERIDOS;0;0;0;;CARRERA 43A CON CALLE 48CSUR-265;;PRIMAVERA;6.161005130263445, -75.59993389460375;CHOQUE;VEHICULO;NO REPORTADO;RESIDENCIAL;Normal;Desobedecer señales
2212515;10/12/2021;7:05:00 a. m.;Viernes;2021;Diciembre;BICICLETA;;Ciclista;31;MASCULINO;HERIDOS;0;0;0;;CARRERA 43A CON CALLE 48CSUR-265;;PRIMAVERA;6.161005130263445, -75.59993389460375;CHOQUE;VEHICULO;NO REPORTADO;RESIDENCIAL;Normal;Desobedecer señales
2212524;12/12/2021;9:20:00 p. m.;Domingo;2021;Diciembre;MOTOCICLETA;PARTICULAR;Motociclista;28;MASCULINO;MUERTOS;0;0;0;;CALLE 39 SUR #39-02;;MESA;6.166868, -75.586184;CHOQUE;OBJETO FIJO;MURO;RESIDENCIAL;Normal;Impericia en el manejo
2212525;14/12/2021;2:00:00 a. m.;Martes;2021;Diciembre;MOTOCICLETA;PARTICULAR;Motociclista;40;MASCULINO;HERIDOS;0;0;0;;CALLE 25A SUR #45-23;;VILLA GRANDE;6.182306105357402, -75.58244076022655;CHOQUE;OBJETO FIJO;ARBOL;RESIDENCIAL;Normal;Impericia en el manejo
2212525;14/12/2021;2:00:00 a. m.;Martes;2021;Diciembre;MOTOCICLETA;PARTICULAR;Acompañante;21;FEMENINO;HERIDOS;0;0;0;;CALLE 25A SUR #45-23;;VILLA GRANDE;6.182306105357402, -75.58244076022655;CHOQUE;OBJETO FIJO;ARBOL;RESIDENCIAL;Normal;Impericia en el manejo
2212532;14/12/2021;5:30:00 p. m.;Martes;2021;Diciembre;MOTOCICLETA;PARTICULAR;Motociclista;41;MASCULINO;HERIDOS;0;0;0;;CARRERA 43A CON CALLE 49 SUR;;LOMA DEL BARRO;6.162222557894258, -75.59938596209307;CHOQUE;VEHICULO;NO REPORTADO;RESIDENCIAL;Normal;Adelantar cerrando
2212540;15/12/2021;4:20:00 p. m.;Miércoles;2021;Diciembre;MOTOCICLETA;PARTICULAR;Motociclista;21;MASCULINO;HERIDOS;0;0;0;;CARRERA 24B #40ASUR-162;;LA MINA;6.151154, -75.581465;ATROPELLO;NO REPORTADO;NO REPORTADO;RESIDENCIAL;Normal;Otra-Conductor
2212540;15/12/2021;4:20:00 p. m.;Miércoles;2021;Diciembre;MOTOCICLETA;PARTICULAR;Peaton;59;FEMENINO;HERIDOS;0;0;0;;CARRERA 24B #40ASUR-162;;LA MINA;6.151154, -75.581465;ATROPELLO;NO REPORTADO;NO REPORTADO;RESIDENCIAL;Normal;Otra-Conductor
2212541;15/12/2021;1:00:00 p. m.;Miércoles;2021;Diciembre;CAMIONETA;PARTICULAR;Peaton;19;FEMENINO;HERIDOS;0;0;0;;CALLE 38A SUR CON CARRERA 35;;MESA;6.166206, -75.583603;ATROPELLO;NO REPORTADO;NO REPORTADO;RESIDENCIAL;Normal;Cruzar sin observar
2212542;15/12/2021;7:30:00 p. m.;Miércoles;2021;Diciembre;MOTOCICLETA;PARTICULAR;Motociclista;33;FEMENINO;HERIDOS;0;0;0;;CARRERA 50 CON CALLE 49 SUR;;LAS VEGAS;6.164581, -75.603075;CHOQUE;VEHICULO;NO REPORTADO;RESIDENCIAL;Normal;Otra-Conductor
2212543;15/12/2021;8:05:00 a. m.;Miércoles;2021;Diciembre;MOTOCICLETA;PARTICULAR;Motociclista;26;MASCULINO;HERIDOS;0;0;0;;KILOMETRO 11;el escobero - km 0-13);VEREDA EL ESCOBERO;6.1207006234867025, -75.53873839975505;OTRO;NO REPORTADO;NO REPORTADO;NO REPORTADO;Normal;Desobedecer señales
2212548;12/12/2021;5:10:00 p. m.;Domingo;2021;Diciembre;AUTOMOVIL;PARTICULAR;Acompañante;4;MASCULINO;HERIDOS;0;0;0;;CARRERA 39B #45A SUR 07;;LAS ANTILLAS;6.159065267921864, -75.59443986487132;CHOQUE;VEHICULO;NO REPORTADO;RESIDENCIAL;Normal;Impericia en el manejo
2212548;12/12/2021;5:10:00 p. m.;Domingo;2021;Diciembre;AUTOMOVIL;PARTICULAR;Acompañante;35;FEMENINO;HERIDOS;0;0;0;;CARRERA 39B #45A SUR 07;;LAS ANTILLAS;6.159065267921864, -75.59443986487132;CHOQUE;VEHICULO;NO REPORTADO;RESIDENCIAL;Normal;Impericia en el manejo
2212548;12/12/2021;5:10:00 p. m.;Domingo;2021;Diciembre;AUTOMOVIL;PARTICULAR;Acompañante;30;FEMENINO;HERIDOS;0;0;0;;CARRERA 39B #45A SUR 07;;LAS ANTILLAS;6.159065267921864, -75.59443986487132;CHOQUE;VEHICULO;NO REPORTADO;RESIDENCIAL;Normal;Impericia en el manejo