NRO_RADICADO;FECHA_ACCIDENTE;HORA_ACCIDENTE;Día de la semana;AÑO;MES;CLASE_VEHICULO;TIPO_SERVICIO;TIPO_VICTIMA;EDAD;GENERO;GRAVEDAD;ESTADO_BEODEZ;ESTADO_DROGA;RESULTADO_BEODEZ;RESUL_BEODEZ_GRAMOS;DIRECCION_CARACT_VIA;TRAMO_VIA;LOCALIDAD_O_COMUNA;    GEORREFERENCIACIÓN;DESC_CLASE_ACCIDENTE;DESC_CHOQUE_ACCIDENTE;DESC_OBJETO_FIJO;DESC_SECTOR_ACCIDENTE;CONDICION_CLIMATICA;CAUSA_ACCIDENTE
2212548;12/12/2021;5:10:00 p. m.;Domingo;2021;Diciembre;AUTOMOVIL;PARTICULAR;Acompañante;53;FEMENINO;HERIDOS;0;0;0;;CARRERA 39B #45A SUR 07;;LAS ANTILLAS;6.159065267921864, -75.59443986487132;CHOQUE;VEHICULO;NO REPORTADO;RESIDENCIAL;Normal;Impericia en el manejo
2212548;12/12/2021;5:10:00 p. m.;Domingo;2021;Diciembre;AUTOMOVIL;PARTICULAR;Acompañante;5;FEMENINO;HERIDOS;0;0;0;;CARRERA 39B #45A SUR 07;;LAS ANTILLAS;6.159065267921864, -75.59443986487132;CHOQUE;VEHICULO;NO REPORTADO;RESIDENCIAL;Normal;Impericia en el manejo
2212549;13/12/2021;8:00:00 a. m.;Lunes;2021;Diciembre;MOTOCICLETA;PARTICULAR;Motociclista;41;MASCULINO;HERIDOS;0;0;0;;CARRERA 43A #32SUR-39;;SAN MARCOS;6.175182707494124, -75.5860396213144;CHOQUE;VEHICULO;NO REPORTADO;RESIDENCIAL;Normal;No mantener distancia de seguridad
2212549;13/12/2021;8:00:00 a. m.;Lunes;2021;Diciembre;MOTOCICLETA;PARTICULAR;Motociclista;54;MASCULINO;HERIDOS;0;0;0;;CARRERA 43A #32SUR-39;;SAN MARCOS;6.175182707494124, -75.5860396213144;CHOQUE;VEHICULO;NO REPORTADO;RESIDENCIAL;Normal;No mantener distancia de seguridad
2212550;16/12/2021;1:30:00 p. m.;Jueves;2021;Diciembre;MOTOCICLETA;PARTICULAR;Motociclista;18;MASCULINO;HERIDOS;0;0;0;;CALLE 36D SUR CON CARRERA 25A;;VEREDA EL ESCOBERO;6.158932932795709, -75.5665533780954;CHOQUE;VEHICULO;NO REPORTADO;RESIDENCIAL;Normal;Adelantar en zona prohibida
2212554;16/12/2021;5:05:00 p. m.;Jueves;2021;Diciembre;AUTOMOVIL;PARTICULAR;Peaton;91;FEMENINO;HERIDOS;0;0;0;;CARRERA 43A CON CALLE 33B SUR;;SAN MARCOS;6.173355, -75.586842;ATROPELLO;NO REPORTADO;NO REPORTADO;RESIDENCIAL;Normal;Pasar semaforo en rojo
2212555;16/12/2021;8:20:00 a. m.;Jueves;2021;Diciembre;MOTOCICLETA;PARTICULAR;Motociclista;21;FEMENINO;HERIDOS;0;0;0;;CARRERA 48 #46SUR-150;;LAS VEGAS;6.1654304594401115, -75.60014866920241;CHOQUE;VEHICULO;NO REPORTADO;RESIDENCIAL;Normal;No mantener distancia de seguridad
2212555;16/12/2021;8:20:00 a. m.;Jueves;2021;Diciembre;MOTOCICLETA;PARTICULAR;Motociclista;54;MASCULINO;HERIDOS;0;0;0;;CARRERA 48 #46SUR-150;;LAS VEGAS;6.1654304594401115, -75.60014866920241;CHOQUE;VEHICULO;NO REPORTADO;RESIDENCIAL;Normal;No mantener distancia de seguridad
2212557;14/12/2021;12:15:00 p. m.;Martes;2021;Diciembre;MOTOCICLETA;PARTICULAR;Motociclista;18;MASCULINO;HERIDOS;0;0;0;;CALLE 38 SUR #45A-67;;ALCALA;6.171498126943029, -75.5904025185728;CHOQUE;VEHICULO;NO REPORTADO;RESIDENCIAL;Normal;No mantener distancia de seguridad
2212559;16/12/2021;11:15:00 a. m.;Jueves;2021;Diciembre;MOTOCICLETA;PARTICULAR;Motociclista;21;MASCULINO;HERIDOS;0;0;0;;TRANSVERSAL 34B SUR CON DIAGONAL 33;;OBRERO;6.171894793557966, -75.58349246275193;CHOQUE;VEHICULO;NO REPORTADO;RESIDENCIAL;Normal;Desobedecer señales
2212563;17/12/2021;10:20:00 a. m.;Viernes;2021;Diciembre;MOTOCICLETA;PARTICULAR;Motociclista;19;MASCULINO;HERIDOS;0;0;0;;CARRERA 50 CON CALLE 46A SUR;;LAS VEGAS;6.168548, -75.602176;CHOQUE;VEHICULO;NO REPORTADO;RESIDENCIAL;Normal;No mantener distancia de seguridad
2212564;17/12/2021;2:00:00 p. m.;Viernes;2021;Diciembre;MOTOCICLETA;PARTICULAR;Acompañante;39;FEMENINO;HERIDOS;0;0;0;;KILOMETRO 12+190;medellín palmas envigado (km 12 - km 16+700);VEREDA PALMAS;6.158672500384351, -75.51924929200327;CAIDA OCUPANTE;NO REPORTADO;NO REPORTADO;NO REPORTADO;Normal;Impericia en el manejo
2212564;17/12/2021;2:00:00 p. m.;Viernes;2021;Diciembre;MOTOCICLETA;PARTICULAR;Motociclista;37;MASCULINO;HERIDOS;0;0;0;;KILOMETRO 12+190;medellín palmas envigado (km 12 - km 16+700);VEREDA PALMAS;6.158672500384351, -75.51924929200327;CAIDA OCUPANTE;NO REPORTADO;NO REPORTADO;NO REPORTADO;Normal;Impericia en el manejo
2212569;19/12/2021;1:40:00 p. m.;Domingo;2021;Diciembre;AUTOMOVIL;PARTICULAR;Peaton;56;FEMENINO;HERIDOS;0;0;0;;CALLE 41AA SUR #29-07;;SAN RAFAEL;6.158175, -75.585160;ATROPELLO;NO REPORTADO;NO REPORTADO;RESIDENCIAL;Normal;No respetar prelacion
2212572;19/12/2021;4:20:00 a. m.;Domingo;2021;Diciembre;MOTOCICLETA;PARTICULAR;Motociclista;30;MASCULINO;HERIDOS;1;0;1;40;CALLE 38SUR CON CARRERA 48;;LAS VEGAS;6.172974693338443, -75.59281586460277;CHOQUE;VEHICULO;NO REPORTADO;RESIDENCIAL;Normal;Embriaguez o droga
2212576;18/12/2021;11:40:00 a. m.;Sábado;2021;Diciembre;MOTOCICLETA;PARTICULAR;Motociclista;26;FEMENINO;HERIDOS;0;0;0;;CALLE 39 SUR CON CARRERA 32;;MESA;6.164755229704833, -75.58245106275209;CHOQUE;VEHICULO;NO REPORTADO;RESIDENCIAL;Lluvia;Desobedecer señales
2212600;21/12/2021;4:36:00 p. m.;Martes;2021;Diciembre;MOTOCICLETA;PARTICULAR;Peaton;18;FEMENINO;HERIDOS;0;0;0;;CARRERA 41 CON CALLE 38 SUR;;ZONA CENTRO;6.169200, -75.586602;ATROPELLO;NO REPORTADO;NO REPORTADO;RESIDENCIAL;Normal;Pasar semaforo en rojo  -  Semaforo en rojo
2212600;21/12/2021;4:36:00 p. m.;Martes;2021;Diciembre;MOTOCICLETA;PARTICULAR;Motociclista;23;MASCULINO;HERIDOS;0;0;0;;CARRERA 41 CON CALLE 38 SUR;;ZONA CENTRO;6.169200, -75.586602;ATROPELLO;NO REPORTADO;NO REPORTADO;RESIDENCIAL;Normal;Pasar semaforo en rojo  -  Semaforo en rojo
2212606;22/12/2021;12:20:00 p. m.;Miércoles;2021;Diciembre;MOTOCICLETA;PARTICULAR;Motociclista;18;MASCULINO;HERIDOS;0;0;0;;TRANSVERSAL 32CSUR CON DIAGONAL 31E;;LA MAGNOLIA;6.175434, -75.581654;CHOQUE;VEHICULO;NO REPORTADO;RESIDENCIAL;Normal;Desobedecer señales
2212606;22/12/2021;12:20:00 p. m.;Miércoles;2021;Diciembre;MOTOCICLETA;PARTICULAR;Motociclista;23;MASCULINO;HERIDOS;0;0;0;;TRANSVERSAL 32CSUR CON DIAGONAL 31E;;LA MAGNOLIA;6.175434, -75.581654;CHOQUE;VEHICULO;NO REPORTADO;RESIDENCIAL;Normal;Desobedecer señales
2212607;22/12/2021;5:30:00 p. m.;Miércoles;2021;Diciembre;AUTOMOVIL;DIPLOMATICO;Peaton;74;FEMENINO;HERIDOS;0;0;0;;CARRERA 24DE CON CALLE 39DD SUR;;EL SALADO;6.149111, -75.576199;ATROPELLO;NO REPORTADO;NO REPORTADO;RESIDENCIAL;Normal;Reverso imprudente
2212608;22/12/2021;8:05:00 a. m.;Miércoles;2021;Diciembre;MOTOCICLETA;PARTICULAR;Motociclista;28;MASCULINO;HERIDOS;0;0;0;;CALLE 48F SUR #39B-314;;LOMA DEL BARRO;6.158003632425312, -75.5977888627521;CHOQUE;VEHICULO;NO REPORTADO;RESIDENCIAL;Normal;Impericia en el manejo
2212609;24/12/2021;9:10:00 a. m.;Viernes;2021;Diciembre;MOTOCICLETA;PARTICULAR;Motociclista;47;FEMENINO;HERIDOS;0;0;0;;CARRERA 48 CON CALLE 30 SUR;;LAS VEGAS;6.179496718217783, -75.58819458527805;CHOQUE;VEHICULO;NO REPORTADO;RESIDENCIAL;Normal;Desobedecer señales
2212610;25/12/2021;6:30:00 a. m.;Sábado;2021;Diciembre;MOTOCICLETA;PARTICULAR;Motociclista;34;MASCULINO;HERIDOS;0;0;0;;CARRERA 48 CON CALLE 37 SUR;;LAS VEGAS;6.173473352424915, -75.59256588595376;CHOQUE;VEHICULO;NO REPORTADO;RESIDENCIAL;Normal;Semaforo en rojo
2212611;25/12/2021;12:10:00 p. m.;Sábado;2021;Diciembre;MOTOCICLETA;PARTICULAR;Motociclista;24;MASCULINO;HERIDOS;0;0;0;;CALLE 40C SUR #28-86;;SAN JOSE;6.160419, -75.582406;CHOQUE;VEHICULO;NO REPORTADO;RESIDENCIAL;Normal;Adelantar invadiendo carril de sentido contrario
2212611;25/12/2021;12:10:00 p. m.;Sábado;2021;Diciembre;MOTOCICLETA;PARTICULAR;Motociclista;39;MASCULINO;HERIDOS;0;0;0;;CALLE 40C SUR #28-86;;SAN JOSE;6.160419, -75.582406;CHOQUE;VEHICULO;NO REPORTADO;RESIDENCIAL;Normal;Adelantar invadiendo carril de sentido contrario
2212612;27/12/2021;7:40:00 p. m.;Lunes;2021;Diciembre;MOTOCICLETA;PARTICULAR;Motociclista;53;MASCULINO;HERIDOS;0;0;0;;KILOMETRO 12+960;medellín palmas envigado (km 12 - km 16+700);VEREDA PALMAS;6.166030950444522, -75.54517575566676;CHOQUE;VEHICULO;NO REPORTADO;NO REPORTADO;Normal;Impericia en el manejo  -  Superficie humeda
2212628;29/12/2021;6:30:00 a. m.;Miércoles;2021;Diciembre;CAMION;PUBLICO;Conductor;50;MASCULINO;HERIDOS;0;0;0;;CALLE 39D SUR #25-79;;EL CHINGUÍ;6.154345999884948, -75.57820987809549;CHOQUE;OBJETO FIJO;POSTE;RESIDENCIAL;Normal;Impericia en el manejo
2212628;29/12/2021;6:30:00 a. m.;Miércoles;2021;Diciembre;CAMION;PUBLICO;Peaton;67;MASCULINO;HERIDOS;0;0;0;;CALLE 39D SUR #25-79;;EL CHINGUÍ;6.154345999884948, -75.57820987809549;CHOQUE;OBJETO FIJO;POSTE;RESIDENCIAL;Normal;Impericia en el manejo
2212631;28/12/2021;7:00:00 p. m.;Martes;2021;Diciembre;MOTOCICLETA;PARTICULAR;Acompañante;45;FEMENINO;HERIDOS;0;0;0;;CALLE 37 SUR CON CARRERA 48;;LAS VEGAS;6.173643245908734, -75.59239554469394;CHOQUE;VEHICULO;NO REPORTADO;RESIDENCIAL;Normal;Adelantar cerrando
2212631;28/12/2021;7:00:00 p. m.;Martes;2021;Diciembre;MOTOCICLETA;PARTICULAR;Motociclista;45;FEMENINO;HERIDOS;0;0;0;;CALLE 37 SUR CON CARRERA 48;;LAS VEGAS;6.173643245908734, -75.59239554469394;CHOQUE;VEHICULO;NO REPORTADO;RESIDENCIAL;Normal;Adelantar cerrando
2212635;28/12/2021;1:00:00 a. m.;Martes;2021;Diciembre;MOTOCICLETA;PARTICULAR;Motociclista;18;MASCULINO;HERIDOS;0;0;0;;CALLE 39 SUR CON CARRERA 47A;;ALCALA;6.171395931863049, -75.59341329875879;CHOQUE;VEHICULO;NO REPORTADO;RESIDENCIAL;Normal;Desobedecer señales
2212635;28/12/2021;1:00:00 a. m.;Martes;2021;Diciembre;MOTOCICLETA;PARTICULAR;Acompañante;19;FEMENINO;HERIDOS;0;0;0;;CALLE 39 SUR CON CARRERA 47A;;ALCALA;6.171395931863049, -75.59341329875879;CHOQUE;VEHICULO;NO REPORTADO;RESIDENCIAL;Normal;Desobedecer señales
2212635;28/12/2021;1:00:00 a. m.;Martes;2021;Diciembre;MOTOCICLETA;PARTICULAR;Motociclista;15;MASCULINO;HERIDOS;0;0;0;;CALLE 39 SUR CON CARRERA 47A;;ALCALA;6.171395931863049, -75.59341329875879;CHOQUE;VEHICULO;NO REPORTADO;RESIDENCIAL;Normal;Desobedecer señales
2212645;29/12/2021;10:30:00 a. m.;Miércoles;2021;Diciembre;MOTOCICLETA;PARTICULAR;Motociclista;21;FEMENINO;HERIDOS;0;0;0;;CALLE 40B SUR #28-03;;LA MINA;6.160017131614307, -75.58206899343878;CHOQUE;VEHICULO;NO REPORTADO;RESIDENCIAL;Normal;No mantener distancia de seguridad
2212646;30/12/2021;10:00:00 a. m.;Jueves;2021;Diciembre;MOTOCICLETA;PARTICULAR;Motociclista;23;MASCULINO;HERIDOS;0;0;0;;CARRERA 43 CON CALLE 35 SUR;;ZONA CENTRO;6.1721729267685825, -75.58673193576696;CHOQUE;VEHICULO;NO REPORTADO;RESIDENCIAL;Normal;Desobedecer señales
2220000;1/01/2022;12:00:00 a. m.;Sábado;2022;Enero;CAMPERO;PARTICULAR;Acompañante;34;FEMENINO;HERIDOS;0;0;0;0;CARRERA 43A CON CALLE 21 SUR;;ZUÑIGA;6.183699, -75.579632;CHOQUE;VEHICULO;NO REPORTADO;RESIDENCIAL;Normal;Arrancar sin precaucion  -  Embriaguez o droga
2220001;2/01/2022;2:45:00 p. m.;Domingo;2022;Enero;MOTOCICLETA;PARTICULAR;Motociclista;61;MASCULINO;HERIDOS;0;0;0;0;KILOMETRO 12+950;medellín palmas envigado (km 12 - km 16+700);VEREDA PALMAS;6.166030950444522, -75.54517575566676;CHOQUE;OBJETO FIJO;VEHICULO ESTACIONADO;NO REPORTADO;Lluvia;No mantener distancia de seguridad
2220002;4/01/2022;3:55:00 a. m.;Martes;2022;Enero;AUTOMOVIL;PUBLICO;Pasajero;31;MASCULINO;HERIDOS;0;0;0;0;CALLE 37 SUR CON CARRERA 48;;LAS VEGAS;6.173643245908734, -75.59239554469394;CHOQUE;VEHICULO;NO REPORTADO;RESIDENCIAL;Normal;Semaforo en rojo
2220002;4/01/2022;3:55:00 a. m.;Martes;2022;Enero;AUTOMOVIL;PUBLICO;Pasajero;23;FEMENINO;HERIDOS;0;0;0;0;CALLE 37 SUR CON CARRERA 48;;LAS VEGAS;6.173643245908734, -75.59239554469394;CHOQUE;VEHICULO;NO REPORTADO;RESIDENCIAL;Normal;Semaforo en rojo
2220007;4/01/2022;4:30:00 p. m.;Martes;2022;Enero;MOTOCICLETA;PARTICULAR;Acompañante;35;FEMENINO;HERIDOS;0;0;0;0;KILOMETRO 1;el escobero - km 0-13);VEREDA EL ESCOBERO;6.14660615160235, -75.56145197638465;CHOQUE;VEHICULO;NO REPORTADO;NO REPORTADO;Normal;No mantener distancia de seguridad
2220007;4/01/2022;4:30:00 p. m.;Martes;2022;Enero;MOTOCICLETA;PARTICULAR;Acompañante;45;FEMENINO;HERIDOS;0;0;0;0;KILOMETRO 1;el escobero - km 0-13);VEREDA EL ESCOBERO;6.14660615160235, -75.56145197638465;CHOQUE;VEHICULO;NO REPORTADO;NO REPORTADO;Normal;No mantener distancia de seguridad
2220008;5/01/2022;1:20:00 p. m.;Miércoles;2022;Enero;MOTOCICLETA;PARTICULAR;Motociclista;25;MASCULINO;HERIDOS;0;0;0;0;CARRERA 50 CON CALLE 39 SUR;;LAS VEGAS;6.173851, -75.597071;CHOQUE;VEHICULO;NO REPORTADO;RESIDENCIAL;Normal;No mantener distancia de seguridad
2220009;6/01/2022;6:10:00 a. m.;Jueves;2022;Enero;MOTOCICLETA;PARTICULAR;Acompañante;25;FEMENINO;HERIDOS;0;0;0;0;CALLE 37 SUR CON CARRERA 43A;;ZONA CENTRO;6.171227992597113, -75.58830994584994;CHOQUE;VEHICULO;NO REPORTADO;RESIDENCIAL;Lluvia;Semaforo en rojo
2220009;6/01/2022;6:10:00 a. m.;Jueves;2022;Enero;MOTOCICLETA;PARTICULAR;Motociclista;29;MASCULINO;HERIDOS;0;0;0;0;CALLE 37 SUR CON CARRERA 43A;;ZONA CENTRO;6.171227992597113, -75.58830994584994;CHOQUE;VEHICULO;NO REPORTADO;RESIDENCIAL;Lluvia;Semaforo en rojo
2220010;6/01/2022;2:13:00 p. m.;Jueves;2022;Enero;MOTOCICLETA;PARTICULAR;Peaton;67;MASCULINO;HERIDOS;0;0;0;0;CARRERA 48 #49SUR-26;;LAS VEGAS;6.165745, -75.599815;ATROPELLO;NO REPORTADO;NO REPORTADO;RESIDENCIAL;Normal;Transitar por la calzada
2220011;4/01/2022;5:05:00 p. m.;Martes;2022;Enero;MOTOCICLETA;PARTICULAR;Peaton;38;FEMENINO;HERIDOS;0;0;0;0;CALLE 38 SUR #39-51;;ZONA CENTRO;6.168498, -75.585754;ATROPELLO;NO REPORTADO;NO REPORTADO;RESIDENCIAL;Normal;Impericia en el manejo
2220012;5/01/2022;1:10:00 p. m.;Miércoles;2022;Enero;MOTOCICLETA;PARTICULAR;Motociclista;33;MASCULINO;HERIDOS;0;0;0;0;CARRERA 50 CON CALLE 39 SUR;;LAS VEGAS;6.173851, -75.597071;CAIDA OCUPANTE;NO REPORTADO;NO REPORTADO;RESIDENCIAL;Normal;Impericia en el manejo
2220023;8/01/2022;6:20:00 a. m.;Sábado;2022;Enero;MOTOCICLETA;PARTICULAR;Motociclista;20;MASCULINO;HERIDOS;0;0;0;0;CARRERA 50 CON CALLE 32B SUR;;LAS VEGAS;6.178576, -75.591838;CHOQUE;VEHICULO;NO REPORTADO;RESIDENCIAL;Normal;No mantener distancia de seguridad
2220025;8/01/2022;5:15:00 p. m.;Sábado;2022;Enero;AUTOMOVIL;PARTICULAR;Conductor;27;MASCULINO;HERIDOS;1;0;3;180;KILOMETRO 15+930;medellín palmas envigado (km 12 - km 16+700);VEREDA PALMAS;6.153292679366039, -75.53911662077535;CHOQUE;OBJETO FIJO;MURO;NO REPORTADO;Normal;Embriaguez aparente
2220026;7/01/2022;3:00:00 p. m.;Viernes;2022;Enero;MOTOCICLETA;PARTICULAR;Acompañante;31;FEMENINO;HERIDOS;0;0;0;0;TRANSVERSAL 32 SUR CON DIAGONAL 32D;;LA MAGNOLIA;6.175630, -75.584211;CHOQUE;VEHICULO;NO REPORTADO;RESIDENCIAL;Normal;Desobedecer señales
2220026;7/01/2022;3:00:00 p. m.;Viernes;2022;Enero;MOTOCICLETA;PARTICULAR;Motociclista;64;MASCULINO;HERIDOS;0;0;0;0;TRANSVERSAL 32 SUR CON DIAGONAL 32D;;LA MAGNOLIA;6.175630, -75.584211;CHOQUE;VEHICULO;NO REPORTADO;RESIDENCIAL;Normal;Desobedecer señales
2220027;7/01/2022;6:40:00 p. m.;Viernes;2022;Enero;MOTOCICLETA;PARTICULAR;Motociclista;29;MASCULINO;HERIDOS;0;0;0;0;CARRERA 48 CON CALLE 31 SUR;;LAS VEGAS;6.178553796513918, -75.58889713626496;CHOQUE;VEHICULO;NO REPORTADO;RESIDENCIAL;Normal;Embriaguez o droga
2220027;7/01/2022;6:40:00 p. m.;Viernes;2022;Enero;MOTOCICLETA;PARTICULAR;Motociclista;29;MASCULINO;HERIDOS;0;0;0;0;CARRERA 48 CON CALLE 31 SUR;;LAS VEGAS;6.178553796513918, -75.58889713626496;CHOQUE;VEHICULO;NO REPORTADO;RESIDENCIAL;Normal;Embriaguez o droga
2220027;7/01/2022;6:40:00 p. m.;Viernes;2022;Enero;MOTOCICLETA;PARTICULAR;Acompañante;30;FEMENINO;HERIDOS;0;0;0;0;CARRERA 48 CON CALLE 31 SUR;;LAS VEGAS;6.178553796513918, -75.58889713626496;CHOQUE;VEHICULO;NO REPORTADO;RESIDENCIAL;Normal;Embriaguez o droga
2220028;6/01/2022;11:00:00 a. m.;Jueves;2022;Enero;MOTOCICLETA;PARTICULAR;Motociclista;25;MASCULINO;HERIDOS;0;0;0;0;CARRERA 41 CON CALLE 39 SUR;;ZONA CENTRO;6.167708, -75.587493;CHOQUE;VEHICULO;NO REPORTADO;RESIDENCIAL;Normal;Desobedecer señales
2220039;10/01/2022;12:15:00 p. m.;Lunes;2022;Enero;MOTOCICLETA;PARTICULAR;Motociclista;22;MASCULINO;HERIDOS;0;0;0;;CALLE 40 SUR #25F-151;;EL SALADO;6.154476, -75.579469;CHOQUE;VEHICULO;NO REPORTADO;RESIDENCIAL;Normal;Impericia en el manejo
2220051;12/01/2022;7:30:00 p. m.;Miércoles;2022;Enero;AUTOMOVIL;PARTICULAR;Peaton;48;FEMENINO;HERIDOS;0;0;0;0;CALLE 38B SUR #26-02;;EL CHINGUÍ;6.170649, -75.591493;ATROPELLO;NO REPORTADO;NO REPORTADO;RESIDENCIAL;Normal;Transitar por la calzada
2220052;11/01/2022;10:00:00 p. m.;Martes;2022;Enero;BICICLETA;;Ciclista;38;MASCULINO;HERIDOS;0;0;0;0;CARRERA 48 #25AA70;;LAS VEGAS;6.173990, -75.592533;CHOQUE;VEHICULO;NO REPORTADO;RESIDENCIAL;Lluvia;Semaforo en rojo
2220066;15/01/2022;5:00:00 p. m.;Sábado;2022;Enero;MOTOCICLETA;PARTICULAR;Peaton;57;FEMENINO;HERIDOS;0;0;0;;CARRERA 48 #27ASUR-02;;LAS VEGAS;6.181352, -75.586862;ATROPELLO;NO REPORTADO;NO REPORTADO;RESIDENCIAL;Normal;Transitar entre vehiculos
2220067;15/01/2022;4:40:00 p. m.;Sábado;2022;Enero;BICICLETA;;Ciclista;21;MASCULINO;HERIDOS;0;0;0;0;CARRERA 49 CON CALLE 37 SUR;;LAS VEGAS;6.175555, -75.594665;CHOQUE;VEHICULO;NO REPORTADO;RESIDENCIAL;Normal;Otra-Conductor
2220068;16/01/2022;10:40:00 a. m.;Domingo;2022;Enero;MOTOCICLETA;PARTICULAR;Acompañante;26;FEMENINO;HERIDOS;0;0;0;0;KILOMETRO 14 + 330;retiro varia palmas enviga (km 5+43 - km 14+ 550);VEREDA PALMAS;6.154933152437427, -75.53119095072377;CHOQUE;VEHICULO;NO REPORTADO;NO REPORTADO;Normal;Desobedecer señales
2220068;16/01/2022;10:40:00 a. m.;Domingo;2022;Enero;MOTOCICLETA;PARTICULAR;Motociclista;25;MASCULINO;HERIDOS;0;0;0;0;KILOMETRO 14 + 330;retiro varia palmas enviga (km 5+43 - km 14+ 550);VEREDA PALMAS;6.154933152437427, -75.53119095072377;CHOQUE;VEHICULO;NO REPORTADO;NO REPORTADO;Normal;Desobedecer señales
2220082;14/01/2022;10:30:00 a. m.;Viernes;2022;Enero;MOTOCICLETA;PARTICULAR;Motociclista;19;MASCULINO;HERIDOS;0;0;0;0;CALLE 40D SUR CON CARRERA 32;;SAN JOSE;6.162083, -75.584286;CHOQUE;VEHICULO;NO REPORTADO;RESIDENCIAL;Normal;No mantener distancia de seguridad
2220082;14/01/2022;10:30:00 a. m.;Viernes;2022;Enero;MOTOCICLETA;PARTICULAR;Motociclista;16;MASCULINO;HERIDOS;0;0;0;0;CALLE 40D SUR CON CARRERA 32;;SAN JOSE;6.162083, -75.584286;CHOQUE;VEHICULO;NO REPORTADO;RESIDENCIAL;Normal;No mantener distancia de seguridad
2220083;16/01/2022;8:50:00 p. m.;Domingo;2022;Enero;MOTOCICLETA;PARTICULAR;Motociclista;18;MASCULINO;HERIDOS;0;0;0;0;CARRERA 43A CON TRANSVERSAL 27ASUR;;VILLA GRANDE;6.179135, -75.583722;CHOQUE;VEHICULO;NO REPORTADO;COMERCIAL;Normal;Semaforo en rojo
2220083;16/01/2022;8:50:00 p. m.;Domingo;2022;Enero;MOTOCICLETA;PARTICULAR;Acompañante;17;FEMENINO;HERIDOS;0;0;0;0;CARRERA 43A CON TRANSVERSAL 27ASUR;;VILLA GRANDE;6.179135, -75.583722;CHOQUE;VEHICULO;NO REPORTADO;COMERCIAL;Normal;Semaforo en rojo
2220086;17/01/2022;9:40:00 a. m.;Lunes;2022;Enero;MOTOCICLETA;OFICIAL;Motociclista;58;MASCULINO;HERIDOS;0;0;0;0;CARRERA 37 #37SUR-27;;MESA;6.167970, -75.584019;CHOQUE;VEHICULO;NO REPORTADO;RESIDENCIAL;Normal;Poner en marcha un vehiculo sin precauci
2220087;16/01/2022;7:55:00 p. m.;Domingo;2022;Enero;MICROBUS;PUBLICO;Pasajero;68;FEMENINO;HERIDOS;0;0;0;0;CARRERA 48 CON CALLE 37SUR;;LAS VEGAS;6.173473352424915, -75.59256588595376;CAIDA OCUPANTE;NO REPORTADO;NO REPORTADO;RESIDENCIAL;Normal;Impericia en el manejo
2220088;17/01/2022;12:00:00 p. m.;Lunes;2022;Enero;AUTOMOVIL;PUBLICO;Peaton;26;MASCULINO;HERIDOS;0;0;0;0;CARRERA 48 #32BSUR-139;;LAS VEGAS;6.1762844337092, -75.5907449535185;ATROPELLO;NO REPORTADO;NO REPORTADO;COMERCIAL;Normal;Impericia en el manejo
2220096;16/01/2022;4:35:00 p. m.;Domingo;2022;Enero;AUTOMOVIL;PARTICULAR;Conductor;29;MASCULINO;HERIDOS;0;0;0;0;TRANSVERSAL 32SUR CON DIAGONA 32;;LA MAGNOLIA;6.175871, -75.582615;CHOQUE;VEHICULO;NO REPORTADO;RESIDENCIAL;Normal;Impericia en el manejo
2220103;19/01/2022;7:15:00 a. m.;Miércoles;2022;Enero;MOTOCICLETA;PARTICULAR;Motociclista;33;MASCULINO;HERIDOS;0;0;0;0;KILOMETRO 16+630;medellín palmas envigado (km 12 - km 16+700);VEREDA PALMAS;6.153717550769277, -75.5334246838458;CHOQUE;VEHICULO;NO REPORTADO;NO REPORTADO;Normal;No mantener distancia de seguridad
2220104;19/01/2022;9:30:00 a. m.;Miércoles;2022;Enero;MOTOCICLETA;PARTICULAR;Motociclista;36;MASCULINO;HERIDOS;0;0;0;0;CALLE 45 A SUR #39DD-83;;EL TRIANON;6.161807, -75.592195;CHOQUE;VEHICULO;NO REPORTADO;RESIDENCIAL;Normal;No mantener distancia de seguridad
2220106;20/01/2022;3:40:00 p. m.;Jueves;2022;Enero;MOTOCICLETA;PARTICULAR;Acompañante;15;MASCULINO;HERIDOS;0;0;0;0;KILOMETRO 1+200;pantanill;VEREDA PANTANILLO;6.177568484660488, -75.50317766477114;CHOQUE;VEHICULO;NO REPORTADO;NO REPORTADO;Normal;Adelantar en curva  -  Adelantar en zona prohibida
2220106;20/01/2022;3:40:00 p. m.;Jueves;2022;Enero;MOTOCICLETA;PARTICULAR;Motociclista;17;MASCULINO;HERIDOS;0;0;0;0;KILOMETRO 1+200;pantanill;VEREDA PANTANILLO;6.177568484660488, -75.50317766477114;CHOQUE;VEHICULO;NO REPORTADO;NO REPORTADO;Normal;Adelantar en curva  -  Adelantar en zona prohibida
2220107;20/01/2022;10:30:00 a. m.;Jueves;2022;Enero;MOTOCICLETA;PARTICULAR;Motociclista;33;MASCULINO;HERIDOS;0;0;0;0;CARRERA 43A CON CALLE 40 SUR;;ALCALA;6.167952, -75.590238;CHOQUE;OBJETO FIJO;VALLA - SEÑAL;COMERCIAL;Normal;Huecos
2220114;21/01/2022;2:10:00 p. m.;Viernes;2022;Enero;BICICLETA;;Ciclista;45;MASCULINO;HERIDOS;0;0;0;0;CALLE 40F SUR CON CARRERA 36B;;EL DORADO;6.163772, -75.586304;CHOQUE;VEHICULO;NO REPORTADO;RESIDENCIAL;Normal;No mantener distancia de seguridad
2220114;21/01/2022;2:10:00 p. m.;Viernes;2022;Enero;MOTOCICLETA;PARTICULAR;Motociclista;22;MASCULINO;HERIDOS;0;0;0;0;CALLE 40F SUR CON CARRERA 36B;;EL DORADO;6.163772, -75.586304;CHOQUE;VEHICULO;NO REPORTADO;RESIDENCIAL;Normal;No mantener distancia de seguridad