NRO_RADICADO;FECHA_ACCIDENTE;HORA_ACCIDENTE;Día de la semana;AÑO;MES;CLASE_VEHICULO;TIPO_SERVICIO;TIPO_VICTIMA;EDAD;GENERO;GRAVEDAD;ESTADO_BEODEZ;ESTADO_DROGA;RESULTADO_BEODEZ;RESUL_BEODEZ_GRAMOS;DIRECCION_CARACT_VIA;TRAMO_VIA;LOCALIDAD_O_COMUNA;    GEORREFERENCIACIÓN;DESC_CLASE_ACCIDENTE;DESC_CHOQUE_ACCIDENTE;DESC_OBJETO_FIJO;DESC_SECTOR_ACCIDENTE;CONDICION_CLIMATICA;CAUSA_ACCIDENTE
2220115;21/01/2022;6:30:00 a. m.;Viernes;2022;Enero;MOTOCICLETA;PARTICULAR;Motociclista;36;MASCULINO;HERIDOS;0;0;0;0;CARRERA 45 CON CALLE 33B SUR;;SAN MARCOS;6.174069, -75.588021;CHOQUE;VEHICULO;NO REPORTADO;RESIDENCIAL;Normal;Desobedecer señales
2220117;21/01/2022;6:50:00 a. m.;Viernes;2022;Enero;CAMIONETA;PARTICULAR;Peaton;11;MASCULINO;HERIDOS;0;0;0;0;CARRERA 42B #23ASUR-45;;ZUÑIGA;6.180838, -75.579965;ATROPELLO;NO REPORTADO;NO REPORTADO;RESIDENCIAL;Normal;Transitar por la calzada
2220118;22/01/2022;8:20:00 p. m.;Sábado;2022;Enero;MOTOCICLETA;PARTICULAR;Motociclista;19;MASCULINO;HERIDOS;0;0;0;0;TRANSVERSAL 34D SUR CON DIAGONAL 32;;OBRERO;6.1716641093799245, -75.58109874826327;CHOQUE;VEHICULO;NO REPORTADO;RESIDENCIAL;Normal;No respetar pelacion de interseccion o giros
2220119;22/01/2022;10:00:00 p. m.;Sábado;2022;Enero;MOTOCICLETA;PARTICULAR;Motociclista;60;MASCULINO;HERIDOS;0;0;0;0;CARRERA 27 #27SUR-247;;EL ESMERALDAL;6.171973480889018, -75.56798864129964;CHOQUE;VEHICULO;NO REPORTADO;RESIDENCIAL;Normal;Desobedecer señales
2220124;22/01/2022;12:10:00 a. m.;Sábado;2022;Enero;MOTOCICLETA;PARTICULAR;Motociclista;63;MASCULINO;HERIDOS;0;0;0;0;CALLE 39 SUR #39-63;;MESA;6.167169, -75.586745;CHOQUE;VEHICULO;NO REPORTADO;RESIDENCIAL;Normal;Semaforo en rojo
2220125;20/01/2022;6:10:00 p. m.;Jueves;2022;Enero;MOTOCICLETA;PARTICULAR;Peaton;67;FEMENINO;HERIDOS;0;0;0;0;CARRERA 36 CON CALLE 40AA SUR;;MESA;6.164264, -75.585319;ATROPELLO;NO REPORTADO;NO REPORTADO;RESIDENCIAL;Normal;Desobedecer señales
2220125;20/01/2022;6:10:00 p. m.;Jueves;2022;Enero;MOTOCICLETA;PARTICULAR;Motociclista;35;MASCULINO;HERIDOS;0;0;0;0;CARRERA 36 CON CALLE 40AA SUR;;MESA;6.164264, -75.585319;ATROPELLO;NO REPORTADO;NO REPORTADO;RESIDENCIAL;Normal;Desobedecer señales
2220126;22/01/2022;3:45:00 p. m.;Sábado;2022;Enero;MOTOCICLETA;PARTICULAR;Acompañante;36;FEMENINO;HERIDOS;0;0;0;0;TRANSVERSAL 34D SUR CON DIAGONAL 30 A;;URIBE ANGEL;6.171891, -75.578871;CHOQUE;VEHICULO;NO REPORTADO;RESIDENCIAL;Normal;Desobedecer señales
2220126;22/01/2022;3:45:00 p. m.;Sábado;2022;Enero;MOTOCICLETA;PARTICULAR;Motociclista;25;MASCULINO;HERIDOS;0;0;0;0;TRANSVERSAL 34D SUR CON DIAGONAL 30 A;;URIBE ANGEL;6.171891, -75.578871;CHOQUE;VEHICULO;NO REPORTADO;RESIDENCIAL;Normal;Desobedecer señales
2220132;23/01/2022;4:40:00 a. m.;Domingo;2022;Enero;CAMION;PUBLICO;Conductor;25;MASCULINO;HERIDOS;0;0;0;0;KILOMETRO 10+100;retiro varia palmas enviga (km 5+43 - km 14+ 550);VEREDA PANTANILLO;6.160238529450656, -75.50501129890996;VOLCAMIENTO;NO REPORTADO;NO REPORTADO;NO REPORTADO;Normal;Impericia en el manejo
2220133;22/01/2022;11:10:00 a. m.;Sábado;2022;Enero;MOTOCICLETA;PARTICULAR;Motociclista;33;MASCULINO;HERIDOS;0;0;0;0;KILOMETRO 1;el escobero - km 0-13);VEREDA EL ESCOBERO;6.14660615160235, -75.56145197638465;CHOQUE;VEHICULO;NO REPORTADO;NO REPORTADO;Normal;Adelantar invadiendo carril de sentido contrario
2220155;24/01/2022;6:00:00 a. m.;Lunes;2022;Enero;MOTOCICLETA;PARTICULAR;Acompañante;32;FEMENINO;HERIDOS;0;0;0;0;CARRERA 48 CON CALLE 50 SUR;;LAS VEGAS;6.162072458716961, -75.60353659646475;CHOQUE;VEHICULO;NO REPORTADO;RESIDENCIAL;Normal;Otra-Conductor
2220182;29/01/2022;11:40:00 a. m.;Sábado;2022;Enero;MOTOCICLETA;PARTICULAR;Acompañante;9;FEMENINO;HERIDOS;0;0;0;;CARRERA 48 #38SUR-44;;LAS VEGAS;6.171345, -75.594037;CHOQUE;VEHICULO;NO REPORTADO;COMERCIAL;Normal;Impericia en el manejo
2220183;27/01/2022;2:05:00 p. m.;Jueves;2022;Enero;AUTOMOVIL;PARTICULAR;Peaton;42;MASCULINO;HERIDOS;0;0;0;0;CALLE 48F SUR CON CARRERA 42DD;;LOMA DEL BARRO;6.159424, -75.599268;ATROPELLO;NO REPORTADO;NO REPORTADO;RESIDENCIAL;Normal;Otra-Conductor
2220184;29/01/2022;2:20:00 a. m.;Sábado;2022;Enero;MOTOCICLETA;PARTICULAR;Motociclista;47;MASCULINO;HERIDOS;0;0;0;;CARRERA 43A CON CALLE 33B SUR;;SAN MARCOS;6.173355, -75.586842;CHOQUE;VEHICULO;NO REPORTADO;RESIDENCIAL;Normal;Otra-Conductor
2220185;29/01/2022;9:20:00 p. m.;Sábado;2022;Enero;MOTOCICLETA;PARTICULAR;Acompañante;24;FEMENINO;HERIDOS;0;0;0;0;KILOMETRO 13 + 200 ;medellín palmas envigado (km 12 - km 16+700);VEREDA PALMAS;6.164047396808054, -75.54555047608514;CHOQUE;VEHICULO;NO REPORTADO;NO REPORTADO;Normal;Frenar bruscamente  -  No mantener distancia de seguridad
2220195;28/01/2022;7:50:00 a. m.;Viernes;2022;Enero;MOTOCICLETA;PARTICULAR;Motociclista;30;MASCULINO;HERIDOS;0;0;0;0;KILOMETRO 13+470;retiro varia palmas enviga (km 5+43 - km 14+ 550);VEREDA PALMAS;6.159310296852489, -75.53018676322239;CHOQUE;VEHICULO;NO REPORTADO;NO REPORTADO;Normal;No mantener distancia de seguridad
2220196;29/01/2022;1:00:00 a. m.;Sábado;2022;Enero;MOTOCICLETA;DIPLOMATICO;Motociclista;28;MASCULINO;HERIDOS;0;0;0;0;CARRERA 43A #41BSUR-96;;EL DORADO;6.166232, -75.592796;CHOQUE;VEHICULO;NO REPORTADO;RESIDENCIAL;Normal;Otra-Conductor
2220204;28/01/2022;6:40:00 a. m.;Viernes;2022;Enero;MOTOCICLETA;DIPLOMATICO;Motociclista;33;MASCULINO;HERIDOS;0;0;0;0;CALLE 39D SUR CON CARRERA 24D-12;;EL CHINGUÍ;6.147609001202883, -75.5757039892314;CHOQUE;VEHICULO;NO REPORTADO;RESIDENCIAL;Normal;Impericia en el manejo  -  Reverso imprudente
2220205;31/01/2022;8:45:00 p. m.;Lunes;2022;Enero;MOTOCICLETA;PARTICULAR;Motociclista;31;MASCULINO;HERIDOS;0;0;0;0;CARRERA 49 CON CALLE 32BSUR ;;LAS VEGAS;6.178211, -75.591826;CHOQUE;VEHICULO;NO REPORTADO;RESIDENCIAL;Normal;Embriaguez o droga
2220206;30/01/2022;7:30:00 p. m.;Domingo;2022;Enero;MOTOCICLETA;PARTICULAR;Acompañante;24;FEMENINO;HERIDOS;0;0;0;0;CARRERA 50 CON CALLE 32B SUR;;LAS VEGAS;6.178411, -75.591952;CAIDA OCUPANTE;NO REPORTADO;NO REPORTADO;RESIDENCIAL;Normal;Fallas en las llantas
2220211;31/01/2022;11:50:00 a. m.;Lunes;2022;Enero;BUS;PUBLICO;Pasajero;57;FEMENINO;HERIDOS;0;0;0;;CALLE 37 SUR CARRERA 48;;LAS VEGAS;6.173643245908734, -75.59239554469394;CAIDA OCUPANTE;NO REPORTADO;NO REPORTADO;RESIDENCIAL;Normal;Otra-Conductor
2220221;27/01/2022;7:10:00 a. m.;Jueves;2022;Enero;MOTOCICLETA;PARTICULAR;Motociclista;39;MASCULINO;HERIDOS;0;0;0;0;CALLE 37 SUR CON CARRERA 31;;MESA;6.166103, -75.580769;CHOQUE;VEHICULO;NO REPORTADO;RESIDENCIAL;Normal;Desobedecer señales
2220222;28/01/2022;8:35:00 p. m.;Viernes;2022;Enero;MOTOCICLETA;PARTICULAR;Motociclista;21;MASCULINO;HERIDOS;0;0;0;0;CALLE 38A SUR CON CARRERA 32;;MESA;6.165231, -75.582051;CHOQUE;VEHICULO;NO REPORTADO;RESIDENCIAL;Normal;Desobedecer señales
2220222;28/01/2022;8:35:00 p. m.;Viernes;2022;Enero;MOTOCICLETA;PARTICULAR;Motociclista;36;MASCULINO;HERIDOS;0;0;0;0;CALLE 38A SUR CON CARRERA 32;;MESA;6.165231, -75.582051;CHOQUE;VEHICULO;NO REPORTADO;RESIDENCIAL;Normal;Desobedecer señales
2220223;31/01/2022;6:45:00 a. m.;Lunes;2022;Enero;MOTOCICLETA;PARTICULAR;Motociclista;29;FEMENINO;HERIDOS;0;0;0;0;KILOMETRO 14+200;retiro varia palmas enviga (km 5+43 - km 14+ 550);VEREDA PALMAS;6.155822847697004, -75.53179679611827;CHOQUE;VEHICULO;NO REPORTADO;NO REPORTADO;Normal;Transitar entre vehiculos
2220224;29/01/2022;1:10:00 p. m.;Sábado;2022;Enero;CAMIONETA;PARTICULAR;Peaton;5;MASCULINO;HERIDOS;0;0;0;0;CARRERA 28 #27DSUR-128;;ALTO DE MISAEL;6.174244825610346, -75.57571608928619;ATROPELLO;NO REPORTADO;NO REPORTADO;RESIDENCIAL;Normal;Jugar en la via
2220225;31/01/2022;7:00:00 a. m.;Lunes;2022;Enero;MOTOCICLETA;PARTICULAR;Motociclista;38;FEMENINO;HERIDOS;0;0;0;0;TRANSVERSAL 34D SUR CON DIAGONAL 33;;OBRERO;6.170820, -75.583209;CHOQUE;VEHICULO;NO REPORTADO;RESIDENCIAL;Normal;Desobedecer señales
2220226;1/02/2022;11:10:00 p. m.;Martes;2022;Febrero;MOTOCICLETA;PARTICULAR;Acompañante;21;MASCULINO;HERIDOS;0;0;0;0;TRANSVERSAL 33A SUR CON DIAGONAL 31C;;LAS FLORES;6.174163, -75.580416;CHOQUE;VEHICULO;NO REPORTADO;RESIDENCIAL;Normal;Semaforo en rojo
2220226;1/02/2022;11:10:00 p. m.;Martes;2022;Febrero;MOTOCICLETA;PARTICULAR;Motociclista;20;MASCULINO;HERIDOS;0;0;0;0;TRANSVERSAL 33A SUR CON DIAGONAL 31C;;LAS FLORES;6.174163, -75.580416;CHOQUE;VEHICULO;NO REPORTADO;RESIDENCIAL;Normal;Semaforo en rojo
2220227;2/02/2022;5:20:00 a. m.;Miércoles;2022;Febrero;BUS;PUBLICO;Pasajero;19;FEMENINO;HERIDOS;0;0;0;0;CARRERA 49 CON CALLE 36 SUR;;LAS VEGAS;6.176338, -75.592550;CAIDA OCUPANTE;NO REPORTADO;NO REPORTADO;COMERCIAL;Normal;Transitar con las puertas abiertas
2220237;1/02/2022;10:20:00 a. m.;Martes;2022;Febrero;MOTOCICLETA;PARTICULAR;Motociclista;32;MASCULINO;HERIDOS;0;0;0;0;CALLE 30 SUR #45A13;;JARDINES;6.178039112043643, -75.58670506435247;CHOQUE;VEHICULO;NO REPORTADO;COMERCIAL;Normal;Impericia en el manejo
2220238;2/02/2022;4:15:00 p. m.;Miércoles;2022;Febrero;MOTOCICLETA;PARTICULAR;Motociclista;28;MASCULINO;HERIDOS;0;0;0;0;KILOMETRO 1+500;el escobero - km 0-13);VEREDA EL ESCOBERO;6.1437020041832255, -75.56012832135954;CHOQUE;OBJETO FIJO;POSTE;NO REPORTADO;Normal;Impericia en el manejo
2220239;4/02/2022;1:50:00 a. m.;Viernes;2022;Febrero;MOTOCICLETA;PARTICULAR;Motociclista;29;MASCULINO;HERIDOS;0;0;0;0;CARRERA 48 CON CALLE 25A SUR;;LAS VEGAS;6.185039, -75.583591;CHOQUE;VEHICULO;NO REPORTADO;INDUSTRIAL;Normal;Desobedecer señales
2220239;4/02/2022;1:50:00 a. m.;Viernes;2022;Febrero;MOTOCICLETA;PARTICULAR;Acompañante;27;FEMENINO;HERIDOS;0;0;0;0;CARRERA 48 CON CALLE 25A SUR;;LAS VEGAS;6.185039, -75.583591;CHOQUE;VEHICULO;NO REPORTADO;INDUSTRIAL;Normal;Desobedecer señales
2220240;3/02/2022;7:00:00 a. m.;Jueves;2022;Febrero;BUS;PUBLICO;Pasajero;79;FEMENINO;HERIDOS;0;0;0;0;CARRERA 43A CON CALLE 21 SUR;;ZUÑIGA;6.183706, -75.579634;CAIDA OCUPANTE;NO REPORTADO;NO REPORTADO;RESIDENCIAL;Normal;Descender o subir del vehiculo en marcha
2220241;1/02/2022;5:30:00 a. m.;Martes;2022;Febrero;MOTOCICLETA;PARTICULAR;Motociclista;19;MASCULINO;HERIDOS;0;0;0;0;CALLE 37 SUR CON CARRERA 39;;ZONA CENTRO;6.168871, -75.584880;CHOQUE;VEHICULO;NO REPORTADO;COMERCIAL;Normal;Impericia en el manejo  -  Semaforo en rojo
2220245;3/02/2022;6:50:00 a. m.;Jueves;2022;Febrero;MOTOCICLETA;PARTICULAR;Motociclista;42;MASCULINO;HERIDOS;0;0;0;0;CARRERA 40 CON CALLE 39SUR;;MESA;6.167310, -75.586791;CHOQUE;VEHICULO;NO REPORTADO;RESIDENCIAL;Normal;Arrancar sin precaucion
2220259;3/02/2022;4:45:00 p. m.;Jueves;2022;Febrero;AUTOMOVIL;PUBLICO;Pasajero;35;MASCULINO;HERIDOS;0;0;0;;CARRERA 27G #36DSUR-25;;LA PRADERA;6.165749, -75.578844;CHOQUE;VEHICULO;NO REPORTADO;RESIDENCIAL;Normal;Fallas en los frenos  -  Impericia en el manejo
2220259;3/02/2022;4:45:00 p. m.;Jueves;2022;Febrero;AUTOMOVIL;PUBLICO;Pasajero;34;MASCULINO;HERIDOS;0;0;0;;CARRERA 27G #36DSUR-25;;LA PRADERA;6.165749, -75.578844;CHOQUE;VEHICULO;NO REPORTADO;RESIDENCIAL;Normal;Fallas en los frenos  -  Impericia en el manejo
2220259;3/02/2022;4:45:00 p. m.;Jueves;2022;Febrero;AUTOMOVIL;PUBLICO;Conductor;50;MASCULINO;HERIDOS;0;0;0;;CARRERA 27G #36DSUR-25;;LA PRADERA;6.165749, -75.578844;CHOQUE;VEHICULO;NO REPORTADO;RESIDENCIAL;Normal;Fallas en los frenos  -  Impericia en el manejo
2220260;5/02/2022;2:20:00 p. m.;Sábado;2022;Febrero;MOTOCICLETA;PARTICULAR;Motociclista;36;MASCULINO;HERIDOS;0;0;0;0;CARRERA 48 #30SUR-41;;LAS VEGAS;6.178938509897305, -75.58884164345808;CHOQUE;VEHICULO;NO REPORTADO;RESIDENCIAL;Normal;Transitar entre vehiculos
2220261;5/02/2022;1:00:00 p. m.;Sábado;2022;Febrero;MOTOCICLETA;PARTICULAR;Motociclista;22;MASCULINO;HERIDOS;0;0;0;0;CALLE 39 SUR CON CARRERA 41;;ZONA CENTRO;6.167775, -75.587461;CHOQUE;VEHICULO;NO REPORTADO;RESIDENCIAL;Normal;Girar bruscamente  -  Impericia en el manejo
2220261;5/02/2022;1:00:00 p. m.;Sábado;2022;Febrero;MOTOCICLETA;PARTICULAR;Acompañante;18;FEMENINO;HERIDOS;0;0;0;0;CALLE 39 SUR CON CARRERA 41;;ZONA CENTRO;6.167775, -75.587461;CHOQUE;VEHICULO;NO REPORTADO;RESIDENCIAL;Normal;Girar bruscamente  -  Impericia en el manejo
2220262;5/02/2022;5:00:00 a. m.;Sábado;2022;Febrero;MOTOCICLETA;PARTICULAR;Motociclista;29;MASCULINO;HERIDOS;0;0;0;0;CARRERA 48 #25SUR-03;;LAS VEGAS;6.185383851672099, -75.58349289243868;CHOQUE;OBJETO FIJO;VALLA - SEÑAL;RESIDENCIAL;Lluvia;Embriaguez aparente
2220263;5/02/2022;9:15:00 p. m.;Sábado;2022;Febrero;MOTOCICLETA;;Peaton;17;FEMENINO;HERIDOS;0;0;0;;CARRERA 42B ENTRE CALLE 46DSUR Y 46ESUR;;LA PAZ;6.160862, -75.595124;ATROPELLO;NO REPORTADO;NO REPORTADO;RESIDENCIAL;Lluvia;Impericia en el manejo
2220267;3/02/2022;2:30:00 p. m.;Jueves;2022;Febrero;MOTOCICLETA;PARTICULAR;Peaton;33;FEMENINO;HERIDOS;0;0;0;0;CALLE 37 SUR #43A-84;;SAN MARCOS;6.171542162203849, -75.58881260732497;ATROPELLO;NO REPORTADO;NO REPORTADO;RESIDENCIAL;Normal;Adelantar por la derecha  -  Cruzar sin observar
2220268;4/02/2022;7:45:00 a. m.;Viernes;2022;Febrero;MOTOCICLETA;PARTICULAR;Motociclista;27;MASCULINO;HERIDOS;0;0;0;0;CARRERA 48 #27ASUR 150;;LAS VEGAS;6.171345, -75.593905;CHOQUE;VEHICULO;NO REPORTADO;COMERCIAL;Normal;No mantener distancia de seguridad
2220269;4/02/2022;10:30:00 a. m.;Viernes;2022;Febrero;MOTOCICLETA;PARTICULAR;Motociclista;30;MASCULINO;HERIDOS;0;0;0;0;TRANSVERSAL 34CSUR CON DIAGONAL 32D;;OBRERO;6.171545, -75.582707;CHOQUE;VEHICULO;NO REPORTADO;RESIDENCIAL;Normal;Desobedecer señales
2220276;7/02/2022;7:55:00 a. m.;Lunes;2022;Febrero;MOTOCICLETA;PARTICULAR;Motociclista;28;FEMENINO;HERIDOS;0;0;0;0;KILOMETRO 8+830;peri;VEREDA PERICO;6.170531070409793, -75.50089271158431;CHOQUE;VEHICULO;NO REPORTADO;NO REPORTADO;Normal;Desobedecer señales
2220277;5/02/2022;1:25:00 p. m.;Sábado;2022;Febrero;MOTOCICLETA;PARTICULAR;Motociclista;27;FEMENINO;HERIDOS;0;0;0;0;KILOMETRO 12+220;medellín palmas envigado (km 12 - km 16+700);VEREDA PALMAS;6.158610889446909, -75.51948623798924;CHOQUE;VEHICULO;NO REPORTADO;NO REPORTADO;Normal;No mantener distancia de seguridad  -  Otra-Vehículo
2220278;2/02/2022;7:30:00 p. m.;Miércoles;2022;Febrero;MOTOCICLETA;OFICIAL;Motociclista;25;MASCULINO;HERIDOS;0;0;0;;CALLE 37 SUR CON CARRERA 48;;LAS VEGAS;6.173643245908734, -75.59239554469394;CHOQUE;VEHICULO;NO REPORTADO;RESIDENCIAL;Normal;No mantener distancia de seguridad
2220279;5/02/2022;11:00:00 p. m.;Sábado;2022;Febrero;AUTOMOVIL;PUBLICO;Pasajero;47;FEMENINO;HERIDOS;0;0;0;0;CARRERA 36 #40AASUR-79;;MESA;6.16375553154651, -75.58578011793483;CHOQUE;OBJETO FIJO;VEHICULO ESTACIONADO;RESIDENCIAL;Normal;Impericia en el manejo
2220295;7/02/2022;12:25:00 p. m.;Lunes;2022;Febrero;AUTOMOVIL;PARTICULAR;Conductor;19;MASCULINO;HERIDOS;0;0;0;0;KILOMETRO 15+500;medellín palmas envigado (km 12 - km 16+700);VEREDA PALMAS;6.154375612398407, -75.54276888957723;CHOQUE;OBJETO FIJO;OTRO TIPO;NO REPORTADO;Normal;Impericia en el manejo
2220295;7/02/2022;12:25:00 p. m.;Lunes;2022;Febrero;AUTOMOVIL;PARTICULAR;Acompañante;19;MASCULINO;HERIDOS;0;0;0;0;KILOMETRO 15+500;medellín palmas envigado (km 12 - km 16+700);VEREDA PALMAS;6.154375612398407, -75.54276888957723;CHOQUE;OBJETO FIJO;OTRO TIPO;NO REPORTADO;Normal;Impericia en el manejo
2220296;8/02/2022;8:00:00 a. m.;Martes;2022;Febrero;CAMIONETA;PARTICULAR;Acompañante;23;FEMENINO;HERIDOS;0;0;0;0;CARRERA 43A CON CALLE 25A SUR;;VILLA GRANDE;6.181400, -75.581770;ATROPELLO;NO REPORTADO;NO REPORTADO;RESIDENCIAL;Normal;Desobedecer señales
2220296;8/02/2022;8:00:00 a. m.;Martes;2022;Febrero;CAMPERO;PARTICULAR;Peaton;33;FEMENINO;HERIDOS;0;0;0;0;CARRERA 43A CON CALLE 25A SUR;;VILLA GRANDE;6.181400, -75.581770;ATROPELLO;NO REPORTADO;NO REPORTADO;RESIDENCIAL;Normal;Desobedecer señales
2220297;8/02/2022;9:42:00 a. m.;Martes;2022;Febrero;MOTOCICLETA;PARTICULAR;Motociclista;24;MASCULINO;HERIDOS;0;0;0;0;KILOMETRO 15+900;medellín palmas envigado (km 12 - km 16+700);VEREDA PALMAS;6.153096125834417, -75.5394969683142;CHOQUE;VEHICULO;NO REPORTADO;NO REPORTADO;Normal;Desobedecer señales
2220304;9/02/2022;6:40:00 a. m.;Miércoles;2022;Febrero;MOTOCICLETA;PARTICULAR;Motociclista;28;FEMENINO;HERIDOS;0;0;0;0;CALLE 37 SUR CON CARRERA 49;;LAS VEGAS;6.174375, -75.593700;CHOQUE;VEHICULO;NO REPORTADO;RESIDENCIAL;Normal;Impericia en el manejo  -  No mantener distancia de seguridad
2220305;8/02/2022;5:10:00 p. m.;Martes;2022;Febrero;MOTOCICLETA;PARTICULAR;Motociclista;33;MASCULINO;HERIDOS;0;0;0;0;KILOMETRO 5+910;retiro varia palmas enviga (km 5+43 - km 14+ 550);VEREDA PERICO;6.169345393235244, -75.48157744786587;CHOQUE;VEHICULO;NO REPORTADO;NO REPORTADO;Lluvia;Otra-Conductor
2220311;10/02/2022;6:55:00 a. m.;Jueves;2022;Febrero;BICICLETA;;Ciclista;13;MASCULINO;HERIDOS;0;0;0;0;DIAGONAL 31C CON TRANSVERSAL 33 SUR ;;LAS FLORES;6.174542630249714, -75.58044745419872;CHOQUE;VEHICULO;NO REPORTADO;RESIDENCIAL;Normal;Girar bruscamente
2220318;10/02/2022;8:20:00 a. m.;Jueves;2022;Febrero;MOTOCICLETA;PARTICULAR;Peaton;22;FEMENINO;HERIDOS;0;0;0;0;DIAGONAL 31C ENTRE TRANSVERSAL 33ASUR Y 33 SUR;;LAS FLORES;6.173165592715314, -75.58000007439357;CHOQUE;VEHICULO;NO REPORTADO;RESIDENCIAL;Normal;Adelantar por la derecha  -  Dejar/recoger pasajeros sitio no demarca
2220318;10/02/2022;8:20:00 a. m.;Jueves;2022;Febrero;MOTOCICLETA;PARTICULAR;Motociclista;23;MASCULINO;HERIDOS;0;0;0;0;DIAGONAL 31C ENTRE TRANSVERSAL 33ASUR Y 33 SUR;;LAS FLORES;6.173165592715314, -75.58000007439357;CHOQUE;VEHICULO;NO REPORTADO;RESIDENCIAL;Normal;Adelantar por la derecha  -  Dejar/recoger pasajeros sitio no demarca
2220319;11/02/2022;4:20:00 p. m.;Viernes;2022;Febrero;MOTOCICLETA;PARTICULAR;Motociclista;28;MASCULINO;HERIDOS;0;0;0;0;CALLE 36D SUR CON CARRERA 24;;VEREDA EL ESCOBERO;6.154694838406031, -75.56675579705072;CHOQUE;VEHICULO;NO REPORTADO;RESIDENCIAL;Normal;Adelantar invadiendo carril de sentido contrario
2220320;9/02/2022;3:15:00 p. m.;Miércoles;2022;Febrero;AUTOMOVIL;PARTICULAR;Conductor;77;FEMENINO;HERIDOS;0;0;0;0;KILOMETRO 6+320;retiro varia palmas enviga (km 5+43 - km 14+ 550);VEREDA PERICO;6.168106835494935, -75.48448269849315;CHOQUE;VEHICULO;NO REPORTADO;NO REPORTADO;Normal;Adelantar en zona prohibida
2220321;10/02/2022;4:10:00 p. m.;Jueves;2022;Febrero;MOTOCICLETA;PARTICULAR;Motociclista;18;MASCULINO;HERIDOS;0;0;0;0;CALLE 39 SUR CON CARRERA 28;;SAN JOSE;6.161050780057132, -75.5798409644375;CHOQUE;VEHICULO;NO REPORTADO;RESIDENCIAL;Normal;No mantener distancia de seguridad
2220321;10/02/2022;4:10:00 p. m.;Jueves;2022;Febrero;MOTOCICLETA;PARTICULAR;Motociclista;51;MASCULINO;HERIDOS;0;0;0;0;CALLE 39 SUR CON CARRERA 28;;SAN JOSE;6.161050780057132, -75.5798409644375;CHOQUE;VEHICULO;NO REPORTADO;RESIDENCIAL;Normal;No mantener distancia de seguridad
2220321;10/02/2022;4:10:00 p. m.;Jueves;2022;Febrero;MOTOCICLETA;PARTICULAR;Acompañante;25;FEMENINO;HERIDOS;0;0;0;0;CALLE 39 SUR CON CARRERA 28;;SAN JOSE;6.161050780057132, -75.5798409644375;CHOQUE;VEHICULO;NO REPORTADO;RESIDENCIAL;Normal;No mantener distancia de seguridad
2220328;11/02/2022;7:56:00 a. m.;Viernes;2022;Febrero;BICICLETA;;Ciclista;34;MASCULINO;HERIDOS;0;0;0;0;KILOMETRO 1;el escobero - km 0-13);VEREDA EL ESCOBERO;6.14660615160235, -75.56145197638465;CHOQUE;VEHICULO;NO REPORTADO;NO REPORTADO;Normal;No mantener distancia de seguridad
2220329;12/02/2022;5:30:00 p. m.;Sábado;2022;Febrero;MOTOCICLETA;PARTICULAR;Motociclista;36;MASCULINO;HERIDOS;0;0;0;0;CALLE 46E SUR CON CARRERA 40;;EL TRIANON;6.159688797948244, -75.59327319343878;CHOQUE;VEHICULO;NO REPORTADO;RESIDENCIAL;Normal;Desobedecer señales
2220332;13/02/2022;2:00:00 p. m.;Domingo;2022;Febrero;MOTOCICLETA;PARTICULAR;Peaton;63;MASCULINO;HERIDOS;0;0;0;0;KILOMETRO 0+400;arenales;VEREDA EL VALLANO;6.143490479130735, -75.58084982262186;ATROPELLO;NO REPORTADO;NO REPORTADO;NO REPORTADO;Normal;Otra-Peatón
2220332;13/02/2022;2:00:00 p. m.;Domingo;2022;Febrero;MOTOCICLETA;PARTICULAR;Motociclista;21;MASCULINO;HERIDOS;0;0;0;0;KILOMETRO 0+400;arenales;VEREDA EL VALLANO;6.143490479130735, -75.58084982262186;ATROPELLO;NO REPORTADO;NO REPORTADO;NO REPORTADO;Normal;Otra-Peatón
2220332;13/02/2022;2:00:00 p. m.;Domingo;2022;Febrero;MOTOCICLETA;PARTICULAR;Acompañante;30;MASCULINO;HERIDOS;0;0;0;0;KILOMETRO 0+400;arenales;VEREDA EL VALLANO;6.143490479130735, -75.58084982262186;ATROPELLO;NO REPORTADO;NO REPORTADO;NO REPORTADO;Normal;Otra-Peatón
2220335;12/02/2022;7:10:00 p. m.;Sábado;2022;Febrero;AUTOMOVIL;PARTICULAR;Acompañante;33;MASCULINO;HERIDOS;0;0;0;0;CARRERA 29A #38SUR-45;;MESA;6.164415, -75.580916;CHOQUE;VEHICULO;NO REPORTADO;RESIDENCIAL;Normal;No mantener distancia de seguridad
2220336;13/02/2022;8:30:00 p. m.;Domingo;2022;Febrero;MICROBUS;PUBLICO;Pasajero;26;FEMENINO;HERIDOS;0;0;0;0;CARRERA 25 #38DSUR-80;;EL CHINGUÍ;6.154321728824168, -75.58341380693136;CHOQUE;OBJETO FIJO;OTRO TIPO;RESIDENCIAL;Normal;Impericia en el manejo
2220337;14/02/2022;10:00:00 p. m.;Lunes;2022;Febrero;MOTOCICLETA;PARTICULAR;Motociclista;33;MASCULINO;HERIDOS;0;0;0;0;CALLE 40F SUR CON CARRERA 30;;SAN JOSE;6.160966265603188, -75.58458209343874;CHOQUE;VEHICULO;NO REPORTADO;RESIDENCIAL;Normal;Ausencia parcial o total de se?ales