NRO_RADICADO;FECHA_ACCIDENTE;HORA_ACCIDENTE;Día de la semana;AÑO;MES;CLASE_VEHICULO;TIPO_SERVICIO;TIPO_VICTIMA;EDAD;GENERO;GRAVEDAD;ESTADO_BEODEZ;ESTADO_DROGA;RESULTADO_BEODEZ;RESUL_BEODEZ_GRAMOS;DIRECCION_CARACT_VIA;TRAMO_VIA;LOCALIDAD_O_COMUNA;    GEORREFERENCIACIÓN;DESC_CLASE_ACCIDENTE;DESC_CHOQUE_ACCIDENTE;DESC_OBJETO_FIJO;DESC_SECTOR_ACCIDENTE;CONDICION_CLIMATICA;CAUSA_ACCIDENTE
2220349;15/02/2022;11:40:00 p. m.;Martes;2022;Febrero;MOTOCICLETA;OFICIAL;Acompañante;34;MASCULINO;HERIDOS;0;0;0;0;CALLE 37 SUR CON CARRERA 36;;MESA;6.1679279282940245, -75.58329474104609;CHOQUE;VEHICULO;NO REPORTADO;RESIDENCIAL;Normal;Impericia en el manejo
2220349;15/02/2022;11:40:00 p. m.;Martes;2022;Febrero;MOTOCICLETA;OFICIAL;Motociclista;31;MASCULINO;HERIDOS;0;0;0;0;CALLE 37 SUR CON CARRERA 36;;MESA;6.1679279282940245, -75.58329474104609;CHOQUE;VEHICULO;NO REPORTADO;RESIDENCIAL;Normal;Impericia en el manejo
2220349;15/02/2022;11:40:00 p. m.;Martes;2022;Febrero;MOTOCICLETA;PARTICULAR;Motociclista;26;MASCULINO;HERIDOS;0;0;0;0;CALLE 37 SUR CON CARRERA 36;;MESA;6.1679279282940245, -75.58329474104609;CHOQUE;VEHICULO;NO REPORTADO;RESIDENCIAL;Normal;Impericia en el manejo
2220350;15/02/2022;4:20:00 p. m.;Martes;2022;Febrero;MOTOCICLETA;PARTICULAR;Motociclista;54;MASCULINO;HERIDOS;0;0;0;0;CARRERA 46 CON CALLE 39 SUR;;ALCALA;6.170675293995521, -75.59252090878192;CHOQUE;VEHICULO;NO REPORTADO;RESIDENCIAL;Normal;Poner en marcha un vehiculo sin precauci
2220351;15/02/2022;6:20:00 a. m.;Martes;2022;Febrero;AUTOMOVIL;PUBLICO;Pasajero;23;FEMENINO;HERIDOS;0;0;0;0;CALLE 38A SUR #42-73;;ZONA CENTRO;6.169502961328721, -75.58827521896744;CHOQUE;VEHICULO;NO REPORTADO;RESIDENCIAL;Normal;Impericia en el manejo
2220351;15/02/2022;6:20:00 a. m.;Martes;2022;Febrero;AUTOMOVIL;PUBLICO;Pasajero;52;MASCULINO;HERIDOS;0;0;0;0;CALLE 38A SUR #42-73;;ZONA CENTRO;6.169502961328721, -75.58827521896744;CHOQUE;VEHICULO;NO REPORTADO;RESIDENCIAL;Normal;Impericia en el manejo
2220351;15/02/2022;6:20:00 a. m.;Martes;2022;Febrero;AUTOMOVIL;PUBLICO;Conductor;37;MASCULINO;HERIDOS;0;0;0;0;CALLE 38A SUR #42-73;;ZONA CENTRO;6.169502961328721, -75.58827521896744;CHOQUE;VEHICULO;NO REPORTADO;RESIDENCIAL;Normal;Impericia en el manejo
2220359;16/02/2022;6:40:00 a. m.;Miércoles;2022;Febrero;MOTOCICLETA;PARTICULAR;Acompañante;61;FEMENINO;HERIDOS;0;0;0;;CALLE 49D SUR FRENTE AL 40A-507;;LAS CASITAS;6.157359, -75.600299;CHOQUE;VEHICULO;NO REPORTADO;RESIDENCIAL;Normal;No mantener distancia de seguridad
2220360;17/02/2022;6:40:00 a. m.;Jueves;2022;Febrero;MOTOCICLETA;PARTICULAR;Acompañante;28;FEMENINO;HERIDOS;0;0;0;0;CARRERA 50 #48 SUR -197;;LAS VEGAS;6.166204, -75.602806;CHOQUE;VEHICULO;NO REPORTADO;RESIDENCIAL;Normal;No mantener distancia de seguridad
2220361;17/02/2022;7:35:00 a. m.;Jueves;2022;Febrero;MOTOCICLETA;PARTICULAR;Motociclista;29;FEMENINO;HERIDOS;0;0;0;0;CALLE 37 SUR #43-65;;ZONA CENTRO;6.170941073720962, -75.58807657399437;CHOQUE;VEHICULO;NO REPORTADO;RESIDENCIAL;Normal;Transitar entre vehiculos
2220366;18/02/2022;5:20:00 p. m.;Viernes;2022;Febrero;MOTOCICLETA;PARTICULAR;Acompañante;38;FEMENINO;HERIDOS;0;0;0;0;CARRERA 48 CON CALLE 32 SUR;;LAS VEGAS;6.177553494684281, -75.58959170100616;CHOQUE;VEHICULO;NO REPORTADO;RESIDENCIAL;Lluvia;Desobedecer señales
2220367;16/02/2022;8:30:00 p. m.;Miércoles;2022;Febrero;AUTOMOVIL;PARTICULAR;Conductor;28;FEMENINO;HERIDOS;0;0;0;;CARRERA 48 #46-195;;LAS VEGAS;6.165920263434923, -75.59984279528949;CHOQUE;VEHICULO;NO REPORTADO;COMERCIAL;Normal;No mantener distancia de seguridad
2220368;18/02/2022;10:10:00 a. m.;Viernes;2022;Febrero;MOTOCICLETA;DIPLOMATICO;Motociclista;21;MASCULINO;HERIDOS;0;0;0;0;CALLE 36D SUR CON CARRERA 27A;;LA PRADERA;6.1630709832248805, -75.57189922088168;CHOQUE;VEHICULO;NO REPORTADO;RESIDENCIAL;Normal;Impericia en el manejo
2220369;18/02/2022;9:30:00 a. m.;Viernes;2022;Febrero;MOTOCICLETA;PARTICULAR;Motociclista;27;FEMENINO;HERIDOS;0;0;0;0;TRANSVERSAL 34DSUR CON DIAGONAL 33;;OBRERO;6.171004527169571, -75.58336111063278;CHOQUE;VEHICULO;NO REPORTADO;RESIDENCIAL;Normal;Desobedecer señales
2220370;18/02/2022;4:00:00 p. m.;Viernes;2022;Febrero;MOTOCICLETA;PARTICULAR;Acompañante;23;FEMENINO;HERIDOS;0;0;0;0;CARRERA 43A CON CALLE 30 SUR;;JARDINES;6.177025, -75.585182;CAIDA OCUPANTE;NO REPORTADO;NO REPORTADO;RESIDENCIAL;Lluvia;Impericia en el manejo
2220378;19/02/2022;11:30:00 a. m.;Sábado;2022;Febrero;AUTOMOVIL;PARTICULAR;Peaton;63;MASCULINO;HERIDOS;0;0;0;0;KILOMETRO 3;pantanill;VEREDA PERICO;6.188193272058501, -75.49072434862627;ATROPELLO;NO REPORTADO;NO REPORTADO;NO REPORTADO;Normal;Impericia en el manejo
2220379;19/02/2022;5:20:00 p. m.;Sábado;2022;Febrero;AUTOMOVIL;PARTICULAR;Peaton;37;MASCULINO;HERIDOS;0;0;0;0;CARRERA 27D ENTRE CALLE 39 SUR Y CALLE 38B SUR;;SAN JOSE;6.160575483873617, -75.5792162659342;ATROPELLO;NO REPORTADO;NO REPORTADO;RESIDENCIAL;Lluvia;Cruzar sin observar
2220380;19/02/2022;9:40:00 a. m.;Sábado;2022;Febrero;MOTOCICLETA;OFICIAL;Motociclista;28;MASCULINO;HERIDOS;0;0;0;0;CALLE 39B SUR CON CARRERA 30;;MESA;6.163300627951179, -75.5820174076414;CHOQUE;VEHICULO;NO REPORTADO;RESIDENCIAL;Normal;Otra-Conductor
2220381;19/02/2022;7:40:00 a. m.;Sábado;2022;Febrero;MOTOCICLETA;PARTICULAR;Motociclista;21;FEMENINO;HERIDOS;0;0;0;0;CARRERA 43A CON CALLE 39SUR;;ALCALA;6.1692614278874665, -75.58960392227448;CHOQUE;VEHICULO;NO REPORTADO;COMERCIAL;Normal;Adelantar cerrando  -  Girar bruscamente
2220382;20/02/2022;1:40:00 a. m.;Domingo;2022;Febrero;MOTOCICLETA;PARTICULAR;Acompañante;16;MASCULINO;HERIDOS;0;0;0;0;KILOMETRO 14+140;medellín palmas envigado (km 12 - km 16+700);VEREDA PALMAS;6.156828733663971, -75.54669230044205;CAIDA OCUPANTE;NO REPORTADO;NO REPORTADO;NO REPORTADO;Lluvia;Superficie humeda
2220382;20/02/2022;1:40:00 a. m.;Domingo;2022;Febrero;MOTOCICLETA;PARTICULAR;Motociclista;21;MASCULINO;HERIDOS;0;0;0;0;KILOMETRO 14+140;medellín palmas envigado (km 12 - km 16+700);VEREDA PALMAS;6.156828733663971, -75.54669230044205;CAIDA OCUPANTE;NO REPORTADO;NO REPORTADO;NO REPORTADO;Lluvia;Superficie humeda
2220386;20/02/2022;2:10:00 p. m.;Domingo;2022;Febrero;MOTOCICLETA;PARTICULAR;Motociclista;21;MASCULINO;HERIDOS;0;0;0;0;CALLE 36D SUR #24-35;;VEREDA EL ESCOBERO;6.154118365946196, -75.56645560878214;CHOQUE;VEHICULO;NO REPORTADO;RESIDENCIAL;Normal;Adelantar en zona prohibida
2220389;21/02/2022;9:15:00 a. m.;Lunes;2022;Febrero;MOTOCICLETA;PARTICULAR;Motociclista;47;MASCULINO;HERIDOS;0;0;0;0;DIAGONAL 32D CON TRANSVERSAL 32C SUR;;LA MAGNOLIA;6.174702859303412, -75.58396927994606;CHOQUE;VEHICULO;NO REPORTADO;RESIDENCIAL;Normal;Desobedecer señales
2220389;21/02/2022;9:15:00 a. m.;Lunes;2022;Febrero;MOTOCICLETA;PARTICULAR;Acompañante;55;FEMENINO;HERIDOS;0;0;0;0;DIAGONAL 32D CON TRANSVERSAL 32C SUR;;LA MAGNOLIA;6.174702859303412, -75.58396927994606;CHOQUE;VEHICULO;NO REPORTADO;RESIDENCIAL;Normal;Desobedecer señales
2220395;21/02/2022;7:12:00 a. m.;Lunes;2022;Febrero;MOTOCICLETA;PARTICULAR;Motociclista;41;MASCULINO;HERIDOS;0;0;0;;CARRERA 43A ENTRE CALLES 48CSUR Y 49SUR;;PRIMAVERA;6.161835, -75.598400;CHOQUE;VEHICULO;NO REPORTADO;COMERCIAL;Normal;Desobedecer señales
2220396;21/02/2022;6:20:00 p. m.;Lunes;2022;Febrero;MOTOCICLETA;OFICIAL;Motociclista;64;MASCULINO;HERIDOS;0;0;0;0;CARRERA 43A #38SUR-90;;ZONA CENTRO;6.1698795522607455, -75.5890113409825;CHOQUE;VEHICULO;NO REPORTADO;RESIDENCIAL;Lluvia;Impericia en el manejo  -  No mantener distancia de seguridad
2220397;21/02/2022;6:20:00 a. m.;Lunes;2022;Febrero;MOTOCICLETA;PARTICULAR;Motociclista;20;MASCULINO;HERIDOS;0;0;0;0;KILOMETRO 11+760;retiro varia palmas enviga (km 5+43 - km 14+ 550);VEREDA PALMAS;6.15984375485984, -75.51586263835613;CHOQUE;VEHICULO;NO REPORTADO;NO REPORTADO;Normal;No respetar pelacion de interseccion o giros
2220397;21/02/2022;6:20:00 a. m.;Lunes;2022;Febrero;MOTOCICLETA;PARTICULAR;Motociclista;37;MASCULINO;HERIDOS;0;0;0;0;KILOMETRO 11+760;retiro varia palmas enviga (km 5+43 - km 14+ 550);VEREDA PALMAS;6.15984375485984, -75.51586263835613;CHOQUE;VEHICULO;NO REPORTADO;NO REPORTADO;Normal;No respetar pelacion de interseccion o giros
2220402;22/02/2022;2:55:00 p. m.;Martes;2022;Febrero;MOTOCICLETA;PARTICULAR;Motociclista;25;MASCULINO;HERIDOS;0;0;0;0;CARRERA 50 CON CALLE 32BSUR;;LAS VEGAS;6.178427, -75.591970;CHOQUE;VEHICULO;NO REPORTADO;INDUSTRIAL;Normal;No mantener distancia de seguridad
2220404;22/02/2022;12:40:00 p. m.;Martes;2022;Febrero;CAMIONETA;PUBLICO;Conductor;22;MASCULINO;HERIDOS;0;0;0;0;CARRERA 48 CON CALLE 30SUR;;LAS VEGAS;6.179496718217783, -75.58819458527805;CHOQUE;VEHICULO;NO REPORTADO;COMERCIAL;Normal;Desobedecer señales
2220404;22/02/2022;12:40:00 p. m.;Martes;2022;Febrero;MOTOCICLETA;PARTICULAR;Motociclista;34;MASCULINO;HERIDOS;0;0;0;0;CARRERA 48 CON CALLE 30SUR;;LAS VEGAS;6.179496718217783, -75.58819458527805;CHOQUE;VEHICULO;NO REPORTADO;COMERCIAL;Normal;Desobedecer señales
2220405;22/02/2022;7:10:00 a. m.;Martes;2022;Febrero;MOTOCICLETA;PARTICULAR;Motociclista;22;MASCULINO;HERIDOS;0;0;0;0;KILOMETRO 13+60;medellín palmas envigado (km 12 - km 16+700);VEREDA PALMAS;6.165189251165065, -75.54493774156188;CHOQUE;OBJETO FIJO;OTRO TIPO;NO REPORTADO;Normal;Impericia en el manejo
2220406;22/02/2022;3:50:00 p. m.;Martes;2022;Febrero;MOTOCICLETA;PARTICULAR;Motociclista;38;MASCULINO;HERIDOS;0;0;0;0;KILOMETRO 17;medellín palmas envigado (km 12 - km 16+700);VEREDA PALMAS;6.153591570245191, -75.53282044519636;CHOQUE;VEHICULO;NO REPORTADO;NO REPORTADO;Normal;Desobedecer señales
2220420;22/02/2022;12:22:00 p. m.;Martes;2022;Febrero;CAMPERO;PARTICULAR;Peaton;13;FEMENINO;HERIDOS;0;0;0;;CARRERA 44 #38SUR-15;;ALCALA;6.169423, -75.589799;ATROPELLO;NO REPORTADO;NO REPORTADO;RESIDENCIAL;Normal;Impericia en el manejo
2220421;23/02/2022;4:40:00 p. m.;Miércoles;2022;Febrero;MOTOCICLETA;PARTICULAR;Motociclista;33;MASCULINO;HERIDOS;0;0;0;0;CARRERA 50 CON CALLE 31 SUR;;LAS VEGAS;6.179588, -75.590995;CHOQUE;VEHICULO;NO REPORTADO;RESIDENCIAL;Lluvia;Impericia en el manejo
2220424;22/02/2022;8:00:00 a. m.;Martes;2022;Febrero;MOTOCICLETA;PARTICULAR;Motociclista;34;MASCULINO;HERIDOS;0;0;0;0;KILOMETRO 10 +620;retiro varia palmas enviga (km 5+43 - km 14+ 550);VEREDA PANTANILLO;6.161091059767333, -75.50872576337315;CHOQUE;VEHICULO;NO REPORTADO;NO REPORTADO;Normal;No respetar prelacion
2220426;23/02/2022;1:00:00 p. m.;Miércoles;2022;Febrero;MOTOCICLETA;PARTICULAR;Motociclista;28;MASCULINO;HERIDOS;0;0;0;0;CARRERA 50 #19SUR80;;LAS VEGAS;6.188131, -75.583209;CHOQUE;VEHICULO;NO REPORTADO;RESIDENCIAL;Normal;Transitar entre vehiculos
2220428;23/02/2022;5:20:00 p. m.;Miércoles;2022;Febrero;AUTOMOVIL;PARTICULAR;Peaton;47;MASCULINO;HERIDOS;0;0;0;0;CALLE 32SUR ENTRE CARRERA 47 Y CARRERA 48;;EL PORTAL;6.1771087550347, -75.58893947052161;ATROPELLO;NO REPORTADO;NO REPORTADO;RESIDENCIAL;Lluvia;Otra-Conductor  -  Otra-Peatón
2220430;24/02/2022;4:10:00 p. m.;Jueves;2022;Febrero;MOTOCICLETA;PARTICULAR;Motociclista;27;MASCULINO;HERIDOS;0;0;0;0;KILOMETRO 3+500;el escobero - km 0-13);VEREDA EL ESCOBERO;6.132425978734824, -75.5532746656076;CHOQUE;VEHICULO;NO REPORTADO;NO REPORTADO;Normal;No mantener distancia de seguridad
2220435;25/02/2022;10:20:00 p. m.;Viernes;2022;Febrero;MOTOCICLETA;PARTICULAR;Motociclista;19;MASCULINO;HERIDOS;0;0;0;0;CALLE 36D SUR CON CARRERA 27A;;LA PRADERA;6.163077761550629, -75.57189061334697;CHOQUE;VEHICULO;NO REPORTADO;RESIDENCIAL;Normal;Adelantar invadiendo carril del mismo sentido en zigzag
2220435;25/02/2022;10:20:00 p. m.;Viernes;2022;Febrero;MOTOCICLETA;PARTICULAR;Acompañante;19;FEMENINO;HERIDOS;0;0;0;0;CALLE 36D SUR CON CARRERA 27A;;LA PRADERA;6.163077761550629, -75.57189061334697;CHOQUE;VEHICULO;NO REPORTADO;RESIDENCIAL;Normal;Adelantar invadiendo carril del mismo sentido en zigzag
2220436;26/02/2022;5:45:00 a. m.;Sábado;2022;Febrero;BUS;PUBLICO;Pasajero;60;FEMENINO;HERIDOS;0;0;0;0;CARRERA 43A CON CALLE 21 SUR;;ZUÑIGA;6.183723, -75.579574;OTRO;NO REPORTADO;NO REPORTADO;COMERCIAL;Normal;Huecos
2220437;25/02/2022;6:00:00 p. m.;Viernes;2022;Febrero;MOTOCICLETA;PARTICULAR;Motociclista;22;MASCULINO;HERIDOS;0;0;0;0;CARRERA 50 #26SUR-120;;LAS VEGAS;6.185018, -75.586991;CHOQUE;VEHICULO;NO REPORTADO;RESIDENCIAL;Normal;Adelantar invadiendo carril del mismo sentido en zigzag
2220447;25/02/2022;2:20:00 p. m.;Viernes;2022;Febrero;MOTOCICLETA;PARTICULAR;Motociclista;23;MASCULINO;HERIDOS;0;0;0;0;CARRERA 46 FRENTE AL 20SUR-63;;BOSQUES DE ZUÑIGA;6.184767578854379, -75.58171205183429;CHOQUE;VEHICULO;NO REPORTADO;RESIDENCIAL;Normal;Transitar en contravia
2220448;25/02/2022;11:40:00 a. m.;Viernes;2022;Febrero;MOTOCICLETA;PARTICULAR;Motociclista;33;FEMENINO;HERIDOS;0;0;0;0;CARRERA 48 CON CALLE 30 SUR;;LAS VEGAS;6.179496718217783, -75.58819458527805;CHOQUE;VEHICULO;NO REPORTADO;RESIDENCIAL;Normal;Semaforo en rojo
2220449;28/02/2022;8:55:00 a. m.;Lunes;2022;Febrero;MOTOCICLETA;PARTICULAR;Motociclista;27;MASCULINO;HERIDOS;0;0;0;0;CALLE 40 SUR #25AA-58;;EL SALADO;6.155271228835551, -75.58025141025699;CHOQUE;VEHICULO;NO REPORTADO;RESIDENCIAL;Lluvia;Adelantar invadiendo carril de sentido contrario
2220454;1/03/2022;8:30:00 a. m.;Martes;2022;Marzo;MOTOCICLETA;PARTICULAR;Motociclista;28;FEMENINO;HERIDOS;0;0;0;0;CARRERA 50 ENTRE CALLE 48SUR Y 46ASUR;;LAS VEGAS;6.167889, -75.602347;CHOQUE;VEHICULO;NO REPORTADO;RESIDENCIAL;Normal;Girar bruscamente  -  Impericia en el manejo  -  No mantener distancia de seguridad
2220454;1/03/2022;8:30:00 a. m.;Martes;2022;Marzo;MOTOCICLETA;PARTICULAR;Motociclista;23;MASCULINO;HERIDOS;0;0;0;0;CARRERA 50 ENTRE CALLE 48SUR Y 46ASUR;;LAS VEGAS;6.167889, -75.602347;CHOQUE;VEHICULO;NO REPORTADO;RESIDENCIAL;Normal;Girar bruscamente  -  Impericia en el manejo  -  No mantener distancia de seguridad
2220455;1/03/2022;6:00:00 a. m.;Martes;2022;Marzo;MOTOCICLETA;PARTICULAR;Motociclista;34;FEMENINO;HERIDOS;0;0;0;;CALLE 37SUR CON CARRERA 48;;LAS VEGAS;6.173643245908734, -75.59239554469394;CHOQUE;VEHICULO;NO REPORTADO;RESIDENCIAL;Normal;Desobedecer señales
2220465;2/03/2022;10:30:00 p. m.;Miércoles;2022;Marzo;MOTOCICLETA;PARTICULAR;Motociclista;25;MASCULINO;HERIDOS;0;0;0;0;CALLE 25 SUR ENTRE CARRERA 48 Y CARRERA 49;;LAS VEGAS;6.186029283024145, -75.58330469523197;CHOQUE;VEHICULO;NO REPORTADO;RESIDENCIAL;Normal;Impericia en el manejo  -  No mantener distancia de seguridad
2220466;2/03/2022;5:40:00 a. m.;Miércoles;2022;Marzo;MOTOCICLETA;PARTICULAR;Acompañante;35;FEMENINO;HERIDOS;0;0;0;0;CALLE 37 SUR CON CARRERA 32;;MESA;6.166599780493702, -75.58117835473215;CHOQUE;VEHICULO;NO REPORTADO;RESIDENCIAL;Lluvia;Embriaguez o droga
2220466;2/03/2022;5:40:00 a. m.;Miércoles;2022;Marzo;MOTOCICLETA;PARTICULAR;Motociclista;35;MASCULINO;HERIDOS;0;0;0;0;CALLE 37 SUR CON CARRERA 32;;MESA;6.166599780493702, -75.58117835473215;CHOQUE;VEHICULO;NO REPORTADO;RESIDENCIAL;Lluvia;Embriaguez o droga
2220467;1/03/2022;5:20:00 p. m.;Martes;2022;Marzo;MOTOCICLETA;PARTICULAR;Motociclista;39;MASCULINO;HERIDOS;0;0;0;0;CALLE 25 SUR ENTRE CARRERA 49 Y CARRERA 50;;LAS VEGAS;6.186944, -75.583925;CHOQUE;VEHICULO;NO REPORTADO;INDUSTRIAL;Normal;Otra-Conductor
2220467;1/03/2022;5:20:00 p. m.;Martes;2022;Marzo;MOTOCICLETA;PARTICULAR;Acompañante;46;MASCULINO;HERIDOS;0;0;0;0;CALLE 25 SUR ENTRE CARRERA 49 Y CARRERA 50;;LAS VEGAS;6.186944, -75.583925;CHOQUE;VEHICULO;NO REPORTADO;INDUSTRIAL;Normal;Otra-Conductor
2220472;2/03/2022;1:20:00 p. m.;Miércoles;2022;Marzo;MOTOCICLETA;PARTICULAR;Motociclista;40;MASCULINO;HERIDOS;0;0;0;0;CALLE 40 SUR CON CARRERA 24E;;EL SALADO;6.149333, -75.576859;ATROPELLO;NO REPORTADO;NO REPORTADO;RESIDENCIAL;Normal;Transitar por la calzada
2220472;2/03/2022;1:20:00 p. m.;Miércoles;2022;Marzo;MOTOCICLETA;PARTICULAR;Peaton;44;FEMENINO;HERIDOS;0;0;0;0;CALLE 40 SUR CON CARRERA 24E;;EL SALADO;6.149333, -75.576859;ATROPELLO;NO REPORTADO;NO REPORTADO;RESIDENCIAL;Normal;Transitar por la calzada
2220475;3/03/2022;1:20:00 p. m.;Jueves;2022;Marzo;MOTOCICLETA;PARTICULAR;Motociclista;44;FEMENINO;HERIDOS;0;0;0;0;CARRERA 43 ENTRE CALLE 41CSUR Y CALLE 42SUR;;MILAN VALLEJUELOS;6.166793962693968, -75.59177030371735;CHOQUE;VEHICULO;NO REPORTADO;RESIDENCIAL;Normal;Adelantar invadiendo carril del mismo sentido en zigzag
2220477;3/03/2022;7:30:00 a. m.;Jueves;2022;Marzo;AUTOMOVIL;PARTICULAR;Conductor;20;FEMENINO;HERIDOS;0;0;0;0;CALLE 37 SUR #27-90;;LA PRADERA;6.159371, -75.570244;CHOQUE;VEHICULO;NO REPORTADO;RESIDENCIAL;Normal;Impericia en el manejo
2220483;3/03/2022;7:00:00 p. m.;Jueves;2022;Marzo;MOTOCICLETA;PARTICULAR;Peaton;73;MASCULINO;HERIDOS;0;0;0;0;CALLE 37 SUR #39-62;;ZONA CENTRO;6.16952682761265, -75.5852110039384;ATROPELLO;NO REPORTADO;NO REPORTADO;RESIDENCIAL;Normal;Transitar por la calzada
2220483;3/03/2022;7:00:00 p. m.;Jueves;2022;Marzo;MOTOCICLETA;PARTICULAR;Acompañante;33;FEMENINO;HERIDOS;0;0;0;0;CALLE 37 SUR #39-62;;ZONA CENTRO;6.16952682761265, -75.5852110039384;ATROPELLO;NO REPORTADO;NO REPORTADO;RESIDENCIAL;Normal;Transitar por la calzada
2220488;5/03/2022;4:00:00 p. m.;Sábado;2022;Marzo;MOTOCICLETA;PARTICULAR;Motociclista;29;MASCULINO;HERIDOS;0;0;0;0;CARRERA 50 ENTRE CALLE 32BSUR Y 33SUR;;LAS VEGAS;6.178263, -75.591897;CHOQUE;VEHICULO;NO REPORTADO;RESIDENCIAL;Normal;No mantener distancia de seguridad
2220500;3/03/2022;7:30:00 a. m.;Jueves;2022;Marzo;MOTOCICLETA;PARTICULAR;Motociclista;30;MASCULINO;HERIDOS;0;0;0;0;KILOMETRO 7+80;pantanill;VEREDA PERICO;6.170924300904303, -75.48986388688968;CHOQUE;VEHICULO;NO REPORTADO;NO REPORTADO;Normal;Desobedecer señales
2220502;4/03/2022;12:10:00 p. m.;Viernes;2022;Marzo;MOTOCICLETA;PARTICULAR;Motociclista;41;MASCULINO;HERIDOS;0;0;0;0;TRANSVERSAL 34B SUR #32B-49;;OBRERO;6.172118215511409, -75.58260996760012;CHOQUE;OBJETO FIJO;VEHICULO ESTACIONADO;RESIDENCIAL;Normal;Impericia en el manejo
2220505;4/03/2022;7:00:00 a. m.;Viernes;2022;Marzo;MOTOCICLETA;PARTICULAR;Motociclista;47;MASCULINO;HERIDOS;0;0;0;0;CALLE 38 SUR #43-40;;ZONA CENTRO;6.170160793469994, -75.58813691045644;CAIDA OCUPANTE;NO REPORTADO;NO REPORTADO;RESIDENCIAL;Lluvia;Otra-Conductor
2220505;4/03/2022;7:00:00 a. m.;Viernes;2022;Marzo;MOTOCICLETA;PARTICULAR;Acompañante;25;MASCULINO;HERIDOS;0;0;0;0;CALLE 38 SUR #43-40;;ZONA CENTRO;6.170160793469994, -75.58813691045644;CAIDA OCUPANTE;NO REPORTADO;NO REPORTADO;RESIDENCIAL;Lluvia;Otra-Conductor
2220508;4/03/2022;9:18:00 a. m.;Viernes;2022;Marzo;MOTOCICLETA;PARTICULAR;Motociclista;21;FEMENINO;HERIDOS;0;0;0;0;CARRERA 50 #26SUR-60;;LAS VEGAS;6.185018, -75.586991;CHOQUE;VEHICULO;NO REPORTADO;RESIDENCIAL;Normal;No mantener distancia de seguridad
2220511;4/03/2022;6:00:00 a. m.;Viernes;2022;Marzo;MOTOCICLETA;PARTICULAR;Motociclista;45;MASCULINO;HERIDOS;0;0;0;0;CARRERA 49 #39SUR-119;;LAS VEGAS;6.173773, -75.597180;CHOQUE;VEHICULO;NO REPORTADO;RESIDENCIAL;Lluvia;Desobedecer señales
2220511;4/03/2022;6:00:00 a. m.;Viernes;2022;Marzo;BICICLETA;;Ciclista;39;FEMENINO;HERIDOS;0;0;0;0;CARRERA 49 #39SUR-119;;LAS VEGAS;6.173773, -75.597180;CHOQUE;VEHICULO;NO REPORTADO;RESIDENCIAL;Lluvia;Desobedecer señales
2220513;5/03/2022;8:10:00 p. m.;Sábado;2022;Marzo;MOTOCICLETA;PARTICULAR;Motociclista;28;FEMENINO;HERIDOS;0;0;0;0;CARRERA 40 CLL 39B SUR;;MESA;6.166852695882266, -75.58729527994619;CHOQUE;VEHICULO;NO REPORTADO;RESIDENCIAL;Normal;Desobedecer señales
2220514;6/03/2022;6:10:00 p. m.;Domingo;2022;Marzo;MOTOCICLETA;PARTICULAR;Motociclista;42;MASCULINO;HERIDOS;0;0;0;0;CALLE 36D SUR ENTRE CARRERA 27C Y CARRERA 27A;;LA PRADERA;6.163757, -75.574117;CHOQUE;VEHICULO;NO REPORTADO;RESIDENCIAL;Lluvia;No mantener distancia de seguridad
2220517;6/03/2022;2:05:00 a. m.;Domingo;2022;Marzo;MOTOCICLETA;PARTICULAR;Motociclista;29;MASCULINO;HERIDOS;0;0;0;;CARRERA 43A CON CALLE 46SUR;;MILAN VALLEJUELOS;6.165412, -75.594280;CHOQUE;VEHICULO;NO REPORTADO;RESIDENCIAL;Normal;Semaforo en rojo
2220517;6/03/2022;2:05:00 a. m.;Domingo;2022;Marzo;MOTOCICLETA;PARTICULAR;Motociclista;26;MASCULINO;HERIDOS;0;0;0;;CARRERA 43A CON CALLE 46SUR;;MILAN VALLEJUELOS;6.165412, -75.594280;CHOQUE;VEHICULO;NO REPORTADO;RESIDENCIAL;Normal;Semaforo en rojo
2220518;7/03/2022;9:45:00 p. m.;Lunes;2022;Marzo;MOTOCICLETA;PARTICULAR;Motociclista;35;FEMENINO;HERIDOS;0;0;0;0;CARRERA 29A ENTRE CALLES 37SUR Y 37BSUR;;LA PRADERA;6.165827257770622, -75.5806420788643;CHOQUE;VEHICULO;NO REPORTADO;RESIDENCIAL;Normal;Trasportar otras personas o cosas
2220518;7/03/2022;9:45:00 p. m.;Lunes;2022;Marzo;MOTOCICLETA;PARTICULAR;Motociclista;35;MASCULINO;HERIDOS;0;0;0;0;CARRERA 29A ENTRE CALLES 37SUR Y 37BSUR;;LA PRADERA;6.165827257770622, -75.5806420788643;CHOQUE;VEHICULO;NO REPORTADO;RESIDENCIAL;Normal;Trasportar otras personas o cosas
2220521;8/03/2022;5:15:00 a. m.;Martes;2022;Marzo;MOTOCICLETA;PARTICULAR;Motociclista;28;MASCULINO;HERIDOS;0;0;0;0;CARRERA 48 CON CALLE 43 SUR;;LAS VEGAS;6.168432703487304, -75.59734895250877;CHOQUE;VEHICULO;NO REPORTADO;RESIDENCIAL;Normal;Desobedecer señales  -  Poner en marcha un vehiculo sin precauci
2220528;6/03/2022;6:30:00 p. m.;Domingo;2022;Marzo;MOTOCICLETA;PARTICULAR;Motociclista;25;FEMENINO;HERIDOS;0;0;0;0;KILOMETRO 3.8;el escobero - km 0-13);VEREDA EL ESCOBERO;6.130120767588115, -75.55241071569607;CHOQUE;VEHICULO;NO REPORTADO;NO REPORTADO;Lluvia;Impericia en el manejo