NRO_RADICADO;FECHA_ACCIDENTE;HORA_ACCIDENTE;Día de la semana;AÑO;MES;CLASE_VEHICULO;TIPO_SERVICIO;TIPO_VICTIMA;EDAD;GENERO;GRAVEDAD;ESTADO_BEODEZ;ESTADO_DROGA;RESULTADO_BEODEZ;RESUL_BEODEZ_GRAMOS;DIRECCION_CARACT_VIA;TRAMO_VIA;LOCALIDAD_O_COMUNA;    GEORREFERENCIACIÓN;DESC_CLASE_ACCIDENTE;DESC_CHOQUE_ACCIDENTE;DESC_OBJETO_FIJO;DESC_SECTOR_ACCIDENTE;CONDICION_CLIMATICA;CAUSA_ACCIDENTE
2220530;9/03/2022;11:35:00 a. m.;Miércoles;2022;Marzo;MOTOCICLETA;PARTICULAR;Motociclista;42;MASCULINO;HERIDOS;0;0;0;0;CALLE 26 B SUR ENTRE CARRERA 42 Y 42B;;LAS ORQUIDEAS;6.177439444367077, -75.58040758026988;CHOQUE;VEHICULO;NO REPORTADO;RESIDENCIAL;Normal;Impericia en el manejo
2220534;9/03/2022;9:15:00 a. m.;Miércoles;2022;Marzo;MOTOCICLETA;PARTICULAR;Motociclista;37;MASCULINO;HERIDOS;0;0;0;0;CARRERA 50 #26 SUR -52;;LAS VEGAS;6.185018, -75.586991;CHOQUE;VEHICULO;NO REPORTADO;RESIDENCIAL;Normal;Impericia en el manejo
2220544;8/03/2022;2:30:00 p. m.;Martes;2022;Marzo;MOTOCICLETA;PARTICULAR;Motociclista;42;MASCULINO;HERIDOS;0;0;0;;CARRERA 42 CON CALLE 33B SUR;;ZONA CENTRO;6.172698193078973, -75.58557610547427;CHOQUE;VEHICULO;NO REPORTADO;RESIDENCIAL;Normal;Desobedecer señales
2220546;9/03/2022;4:10:00 p. m.;Miércoles;2022;Marzo;MOTOCICLETA;PARTICULAR;Motociclista;55;MASCULINO;HERIDOS;0;0;0;;CARRERA 50 ENTRE CALLE 35SUR Y 37 SUR;;LAS VEGAS;6.177407, -75.592738;CHOQUE;VEHICULO;NO REPORTADO;RESIDENCIAL;Normal;Reverso imprudente
2220549;10/03/2022;2:00:00 p. m.;Jueves;2022;Marzo;MOTOCICLETA;PARTICULAR;Peaton;58;MASCULINO;HERIDOS;0;0;0;0;CALLE 37B SUR #28C-04;;LOMA DE LAS BRUJAS;6.16512822572541, -75.57941162545187;ATROPELLO;NO REPORTADO;NO REPORTADO;RESIDENCIAL;Normal;Cruzar sin observar
2220555;10/03/2022;5:55:00 p. m.;Jueves;2022;Marzo;MOTOCICLETA;PARTICULAR;Motociclista;31;MASCULINO;HERIDOS;0;0;0;0;CALLE 36D SUR CON CARRERA 23;;VEREDA EL ESCOBERO;6.153101667971325, -75.56381399162993;CHOQUE;VEHICULO;NO REPORTADO;RESIDENCIAL;Normal;Adelantar en zona prohibida  -  Girar bruscamente
2220555;10/03/2022;5:55:00 p. m.;Jueves;2022;Marzo;MOTOCICLETA;PARTICULAR;Acompañante;30;FEMENINO;HERIDOS;0;0;0;0;CALLE 36D SUR CON CARRERA 23;;VEREDA EL ESCOBERO;6.153101667971325, -75.56381399162993;CHOQUE;VEHICULO;NO REPORTADO;RESIDENCIAL;Normal;Adelantar en zona prohibida  -  Girar bruscamente
2220559;11/03/2022;4:40:00 p. m.;Viernes;2022;Marzo;MOTOCICLETA;PARTICULAR;Motociclista;32;MASCULINO;HERIDOS;0;0;0;0;CARRERA 50 ENTRE CALLE 31BSUR Y 32BSUR;;LAS VEGAS;6.178263, -75.591897;CAIDA OCUPANTE;NO REPORTADO;NO REPORTADO;INDUSTRIAL;Normal;Huecos
2220563;13/03/2022;8:20:00 a. m.;Domingo;2022;Marzo;BICICLETA;;Ciclista;23;MASCULINO;HERIDOS;0;0;0;0;CALLE 40 SUR CARRERA 24;;EL SALADO;6.1513990648003505, -75.58121317848466;CHOQUE;VEHICULO;NO REPORTADO;RESIDENCIAL;Normal;Impericia en el manejo
2220567;10/03/2022;8:40:00 p. m.;Jueves;2022;Marzo;AUTOMOVIL;PARTICULAR;Peaton;72;MASCULINO;HERIDOS;0;0;0;0;CALLE 37 SUR CON CARRERA 40;;ZONA CENTRO;6.1693144883420805, -75.5855280263485;ATROPELLO;NO REPORTADO;NO REPORTADO;RESIDENCIAL;Normal;Cruzar sin observar
2220569;10/03/2022;7:10:00 p. m.;Jueves;2022;Marzo;MOTOCICLETA;PARTICULAR;Motociclista;24;MASCULINO;HERIDOS;0;0;0;0;CARRERA 48 #25ASUR-28;;LAS VEGAS;6.185378912476218, -75.58318111908964;CHOQUE;VEHICULO;NO REPORTADO;RESIDENCIAL;Normal;Impericia en el manejo
2220570;12/03/2022;8:35:00 a. m.;Sábado;2022;Marzo;AUTOMOVIL;PARTICULAR;Peaton;32;FEMENINO;HERIDOS;0;0;0;0;CALLE 38 SUR OCN CARRERA 41;;ZONA CENTRO;6.169402828084433, -75.58662296314563;ATROPELLO;NO REPORTADO;NO REPORTADO;RESIDENCIAL;Normal;Embriaguez o droga
2220570;12/03/2022;8:35:00 a. m.;Sábado;2022;Marzo;AUTOMOVIL;PARTICULAR;Peaton;65;MASCULINO;HERIDOS;0;0;0;0;CALLE 38 SUR OCN CARRERA 41;;ZONA CENTRO;6.169402828084433, -75.58662296314563;ATROPELLO;NO REPORTADO;NO REPORTADO;RESIDENCIAL;Normal;Embriaguez o droga
2220570;12/03/2022;8:35:00 a. m.;Sábado;2022;Marzo;AUTOMOVIL;PARTICULAR;Peaton;77;MASCULINO;HERIDOS;0;0;0;0;CALLE 38 SUR OCN CARRERA 41;;ZONA CENTRO;6.169402828084433, -75.58662296314563;ATROPELLO;NO REPORTADO;NO REPORTADO;RESIDENCIAL;Normal;Embriaguez o droga
2220570;12/03/2022;8:35:00 a. m.;Sábado;2022;Marzo;AUTOMOVIL;PARTICULAR;Peaton;79;MASCULINO;HERIDOS;0;0;0;0;CALLE 38 SUR OCN CARRERA 41;;ZONA CENTRO;6.169402828084433, -75.58662296314563;ATROPELLO;NO REPORTADO;NO REPORTADO;RESIDENCIAL;Normal;Embriaguez o droga
2220577;10/03/2022;8:20:00 p. m.;Jueves;2022;Marzo;MOTOCICLETA;PARTICULAR;Motociclista;33;MASCULINO;HERIDOS;0;0;0;0;CARRERA 48 CON CALLE 32B SUR;;LAS VEGAS;6.1771312587881235, -75.59004749247258;CHOQUE;VEHICULO;NO REPORTADO;RESIDENCIAL;Normal;Desobedecer señales  -  Transitar en contravia
2220577;10/03/2022;8:20:00 p. m.;Jueves;2022;Marzo;MOTOCICLETA;PARTICULAR;Acompañante;18;FEMENINO;HERIDOS;0;0;0;0;CARRERA 48 CON CALLE 32B SUR;;LAS VEGAS;6.1771312587881235, -75.59004749247258;CHOQUE;VEHICULO;NO REPORTADO;RESIDENCIAL;Normal;Desobedecer señales  -  Transitar en contravia
2220583;11/03/2022;4:50:00 p. m.;Viernes;2022;Marzo;MOTOCICLETA;PARTICULAR;Motociclista;42;MASCULINO;HERIDOS;0;0;0;0;CARRERA 50 ENTRE CALLE 32BSUR Y 31SUR;;LAS VEGAS;6.178263, -75.591897;CHOQUE;VEHICULO;NO REPORTADO;RESIDENCIAL;Normal;No mantener distancia de seguridad
2220583;11/03/2022;4:50:00 p. m.;Viernes;2022;Marzo;MOTOCICLETA;PARTICULAR;Acompañante;24;FEMENINO;HERIDOS;0;0;0;0;CARRERA 50 ENTRE CALLE 32BSUR Y 31SUR;;LAS VEGAS;6.178263, -75.591897;CHOQUE;VEHICULO;NO REPORTADO;RESIDENCIAL;Normal;No mantener distancia de seguridad
2220585;13/03/2022;6:48:00 p. m.;Domingo;2022;Marzo;MOTOCICLETA;PARTICULAR;Acompañante;44;FEMENINO;HERIDOS;0;0;0;0;CALLE 36D SUR CON CARRERA 27A;;LA PRADERA;6.162987, -75.571810;CHOQUE;VEHICULO;NO REPORTADO;RESIDENCIAL;Normal;Desobedecer señales
2220586;12/03/2022;2:00:00 a. m.;Sábado;2022;Marzo;MOTOCICLETA;PARTICULAR;Motociclista;23;MASCULINO;HERIDOS;0;0;0;0;CARRERA 50 ENTRE CALLE 25AASUR Y 26SUR;;LAS VEGAS;6.185327, -75.586611;CHOQUE;VEHICULO;NO REPORTADO;INDUSTRIAL;Normal;No mantener distancia de seguridad
2220587;14/03/2022;7:40:00 a. m.;Lunes;2022;Marzo;BICICLETA;;Ciclista;33;MASCULINO;HERIDOS;0;0;0;0;CARRERA 48 #39SUR-50;;ALCALA;6.171165230279028, -75.59419591732714;CHOQUE;VEHICULO;NO REPORTADO;RESIDENCIAL;Normal;Adelantar invadiendo carril del mismo sentido en zigzag  -  No mantener distancia de seguridad
2220589;14/03/2022;5:50:00 a. m.;Lunes;2022;Marzo;MOTOCICLETA;PARTICULAR;Motociclista;31;FEMENINO;HERIDOS;0;0;0;0;CARRERA 50 ENTRE CALLE 26SUR Y 27SUR;;LAS VEGAS;6.183685, -75.588354;CAIDA OCUPANTE;NO REPORTADO;NO REPORTADO;RESIDENCIAL;Normal;Impericia en el manejo
2220601;15/03/2022;5:30:00 a. m.;Martes;2022;Marzo;MOTOCICLETA;PARTICULAR;Acompañante;50;FEMENINO;HERIDOS;0;0;0;0;CARRERA 48 CON CALLE 40 SUR;;LAS VEGAS;6.169915, -75.595731;CHOQUE;OBJETO FIJO;OTRO TIPO;COMERCIAL;Lluvia;Impericia en el manejo
2220601;15/03/2022;5:30:00 a. m.;Martes;2022;Marzo;MOTOCICLETA;PARTICULAR;Motociclista;27;MASCULINO;HERIDOS;0;0;0;0;CARRERA 48 CON CALLE 40 SUR;;LAS VEGAS;6.169915, -75.595731;CHOQUE;OBJETO FIJO;OTRO TIPO;COMERCIAL;Lluvia;Impericia en el manejo
2220603;14/03/2022;2:40:00 p. m.;Lunes;2022;Marzo;MOTOCICLETA;PARTICULAR;Motociclista;31;FEMENINO;HERIDOS;0;0;0;0;CALLE 36D SUR CON CARRERA 27;;LA PRADERA;6.162371, -75.570052;CAIDA OCUPANTE;NO REPORTADO;NO REPORTADO;RESIDENCIAL;Lluvia;Superficie humeda
2220603;14/03/2022;2:40:00 p. m.;Lunes;2022;Marzo;MOTOCICLETA;PARTICULAR;Acompañante;14;MASCULINO;HERIDOS;0;0;0;0;CALLE 36D SUR CON CARRERA 27;;LA PRADERA;6.162371, -75.570052;CAIDA OCUPANTE;NO REPORTADO;NO REPORTADO;RESIDENCIAL;Lluvia;Superficie humeda
2220608;15/03/2022;3:40:00 p. m.;Martes;2022;Marzo;MOTOCICLETA;PARTICULAR;Motociclista;26;FEMENINO;HERIDOS;0;0;0;0;CARRERA 40A CON CALLE 40FSUR;;EL DORADO;6.16475564098381, -75.58964145534682;CHOQUE;VEHICULO;NO REPORTADO;RESIDENCIAL;Lluvia;Poner en marcha un vehiculo sin precauci
2220620;17/03/2022;7:00:00 a. m.;Jueves;2022;Marzo;MOTOCICLETA;PARTICULAR;Acompañante;21;FEMENINO;HERIDOS;0;0;0;;CARRERA 50 ENTRE 43SUR y 46ASUR;;LAS VEGAS;6.167889, -75.602347;ATROPELLO;NO REPORTADO;NO REPORTADO;RESIDENCIAL;Normal;Transitar entre vehiculos
2220620;17/03/2022;7:00:00 a. m.;Jueves;2022;Marzo;MOTOCICLETA;PARTICULAR;Motociclista;32;MASCULINO;HERIDOS;0;0;0;;CARRERA 50 ENTRE 43SUR y 46ASUR;;LAS VEGAS;6.167889, -75.602347;ATROPELLO;NO REPORTADO;NO REPORTADO;RESIDENCIAL;Normal;Transitar entre vehiculos
2220622;17/03/2022;7:15:00 a. m.;Jueves;2022;Marzo;MOTOCICLETA;PARTICULAR;Peaton;28;MASCULINO;HERIDOS;0;0;0;0;CARRERA 26 #40ESUR-50;;LA MINA;6.157077, -75.581685;ATROPELLO;NO REPORTADO;NO REPORTADO;RESIDENCIAL;Normal;Cruzar sin observar  -  Desobedecer señales
2220622;17/03/2022;7:15:00 a. m.;Jueves;2022;Marzo;MOTOCICLETA;PARTICULAR;Peaton;20;FEMENINO;HERIDOS;0;0;0;0;CARRERA 26 #40ESUR-50;;LA MINA;6.157077, -75.581685;ATROPELLO;NO REPORTADO;NO REPORTADO;RESIDENCIAL;Normal;Cruzar sin observar  -  Desobedecer señales
2220622;17/03/2022;7:15:00 a. m.;Jueves;2022;Marzo;MOTOCICLETA;PARTICULAR;Peaton;29;FEMENINO;HERIDOS;0;0;0;0;CARRERA 26 #40ESUR-50;;LA MINA;6.157077, -75.581685;ATROPELLO;NO REPORTADO;NO REPORTADO;RESIDENCIAL;Normal;Cruzar sin observar  -  Desobedecer señales
2220622;17/03/2022;7:15:00 a. m.;Jueves;2022;Marzo;MOTOCICLETA;PARTICULAR;Peaton;0;MASCULINO;HERIDOS;0;0;0;0;CARRERA 26 #40ESUR-50;;LA MINA;6.157077, -75.581685;ATROPELLO;NO REPORTADO;NO REPORTADO;RESIDENCIAL;Normal;Cruzar sin observar  -  Desobedecer señales
2220622;17/03/2022;7:15:00 a. m.;Jueves;2022;Marzo;MOTOCICLETA;PARTICULAR;Motociclista;22;MASCULINO;HERIDOS;0;0;0;0;CARRERA 26 #40ESUR-50;;LA MINA;6.157077, -75.581685;ATROPELLO;NO REPORTADO;NO REPORTADO;RESIDENCIAL;Normal;Cruzar sin observar  -  Desobedecer señales
2220628;17/03/2022;6:40:00 a. m.;Jueves;2022;Marzo;MOTOCICLETA;PARTICULAR;Motociclista;49;MASCULINO;HERIDOS;0;0;0;0;KILOMETRO 12+600;medellín palmas envigado (km 12 - km 16+700);VEREDA PALMAS;6.160218587865214, -75.52241253682067;CHOQUE;VEHICULO;NO REPORTADO;NO REPORTADO;Lluvia;Impericia en el manejo
2220632;16/03/2022;5:50:00 a. m.;Miércoles;2022;Marzo;MOTOCICLETA;PARTICULAR;Motociclista;28;MASCULINO;HERIDOS;0;0;0;0;KILOMETRO 9+250;retiro varia palmas enviga (km 5+43 - km 14+ 550);VEREDA PANTANILLO;6.166857689634226, -75.50107919920093;CHOQUE;VEHICULO;NO REPORTADO;NO REPORTADO;Normal;No respetar prelacion
2220632;16/03/2022;5:50:00 a. m.;Miércoles;2022;Marzo;MOTOCICLETA;PARTICULAR;Motociclista;30;MASCULINO;HERIDOS;0;0;0;0;KILOMETRO 9+250;retiro varia palmas enviga (km 5+43 - km 14+ 550);VEREDA PANTANILLO;6.166857689634226, -75.50107919920093;CHOQUE;VEHICULO;NO REPORTADO;NO REPORTADO;Normal;No respetar prelacion
2220638;19/03/2022;1:05:00 p. m.;Sábado;2022;Marzo;MOTOCICLETA;PARTICULAR;Acompañante;27;MASCULINO;HERIDOS;0;0;0;0;CALLE 36D SUR #27D-29;;LA PRADERA;6.164544764210793, -75.57534185296122;CHOQUE;OBJETO FIJO;POSTE;RESIDENCIAL;Normal;Fallas en los frenos
2220639;17/03/2022;2:15:00 p. m.;Jueves;2022;Marzo;BICICLETA;;Ciclista;60;MASCULINO;HERIDOS;0;0;0;0;CARRERA 48 ENTRE CALLES 27ASUR Y 27SUR;;LAS VEGAS;6.181494, -75.586769;CHOQUE;VEHICULO;NO REPORTADO;COMERCIAL;Normal;Girar bruscamente
2220640;18/03/2022;3:41:00 p. m.;Viernes;2022;Marzo;MOTOCICLETA;PARTICULAR;Motociclista;31;MASCULINO;HERIDOS;0;0;0;0;CARRERA 50 #39SUR-100;;LAS VEGAS;6.173303607160337, -75.59788796574267;CHOQUE;VEHICULO;NO REPORTADO;RESIDENCIAL;Normal;Impericia en el manejo
2220641;20/03/2022;1:25:00 p. m.;Domingo;2022;Marzo;AUTOMOVIL;PARTICULAR;Conductor;32;MASCULINO;HERIDOS;0;0;0;0;CALLE 36D SUR #23-27;;VEREDA EL ESCOBERO;6.153230577619871, -75.56482019991081;CHOQUE;VEHICULO;NO REPORTADO;RESIDENCIAL;Normal;Impericia en el manejo
2220641;20/03/2022;1:25:00 p. m.;Domingo;2022;Marzo;AUTOMOVIL;PARTICULAR;Acompañante;11;FEMENINO;HERIDOS;0;0;0;0;CALLE 36D SUR #23-27;;VEREDA EL ESCOBERO;6.153230577619871, -75.56482019991081;CHOQUE;VEHICULO;NO REPORTADO;RESIDENCIAL;Normal;Impericia en el manejo
2220641;20/03/2022;1:25:00 p. m.;Domingo;2022;Marzo;AUTOMOVIL;PARTICULAR;Acompañante;2;FEMENINO;HERIDOS;0;0;0;0;CALLE 36D SUR #23-27;;VEREDA EL ESCOBERO;6.153230577619871, -75.56482019991081;CHOQUE;VEHICULO;NO REPORTADO;RESIDENCIAL;Normal;Impericia en el manejo
2220647;20/03/2022;9:50:00 a. m.;Domingo;2022;Marzo;AUTOMOVIL;PARTICULAR;Peaton;32;FEMENINO;HERIDOS;0;0;0;;CARRERA 48 CON CALLE 49B SUR;;LAS CASITAS;6.162659581151286, -75.6028072722572;ATROPELLO;NO REPORTADO;NO REPORTADO;RESIDENCIAL;Normal;Embriaguez aparente
2220647;20/03/2022;9:50:00 a. m.;Domingo;2022;Marzo;AUTOMOVIL;PARTICULAR;Peaton;43;MASCULINO;HERIDOS;0;0;0;;CARRERA 48 CON CALLE 49B SUR;;LAS CASITAS;6.162659581151286, -75.6028072722572;ATROPELLO;NO REPORTADO;NO REPORTADO;RESIDENCIAL;Normal;Embriaguez aparente
2220650;18/03/2022;9:05:00 p. m.;Viernes;2022;Marzo;MOTOCICLETA;PARTICULAR;Motociclista;22;MASCULINO;HERIDOS;0;0;0;0;CARRERA 48 #32SUR-29;;LAS VEGAS;6.177520560481137, -75.58953752591549;CHOQUE;VEHICULO;NO REPORTADO;RESIDENCIAL;Normal;Adelantar invadiendo carril del mismo sentido en zigzag
2220652;19/03/2022;1:30:00 p. m.;Sábado;2022;Marzo;BUSETA;PUBLICO;Pasajero;46;MASCULINO;HERIDOS;0;0;0;0;CALLE 40AASUR #30-105;;SAN JOSE;6.168443, -75.593399;CHOQUE;VEHICULO;NO REPORTADO;RESIDENCIAL;Normal;No mantener distancia de seguridad
2220655;20/03/2022;1:00:00 a. m.;Domingo;2022;Marzo;MOTOCICLETA;PARTICULAR;Motociclista;37;MASCULINO;HERIDOS;0;0;0;0;CARRERA 50 ENTRE CALLE 36SUR Y 32BSUR;;LAS VEGAS;6.177842, -75.592285;CHOQUE;OBJETO FIJO;VEHICULO ESTACIONADO;RESIDENCIAL;Normal;Embriaguez aparente  -  Otra-Conductor
2220657;21/03/2022;5:10:00 a. m.;Lunes;2022;Marzo;MOTOCICLETA;PARTICULAR;Motociclista;31;MASCULINO;HERIDOS;0;0;0;0;CALLE 39 SUR CON CARRERA 43A;;ALCALA;6.169062503204338, -75.58959020816667;CHOQUE;VEHICULO;NO REPORTADO;RESIDENCIAL;Normal;Exceso de velocidad
2220657;21/03/2022;5:10:00 a. m.;Lunes;2022;Marzo;MOTOCICLETA;PARTICULAR;Acompañante;34;FEMENINO;HERIDOS;0;0;0;0;CALLE 39 SUR CON CARRERA 43A;;ALCALA;6.169062503204338, -75.58959020816667;CHOQUE;VEHICULO;NO REPORTADO;RESIDENCIAL;Normal;Exceso de velocidad
2220659;19/03/2022;7:10:00 p. m.;Sábado;2022;Marzo;MOTOCICLETA;PARTICULAR;Motociclista;27;MASCULINO;HERIDOS;0;0;0;0;CALLE 25ASUR FRENTE AL 45-23;;VILLA GRANDE;6.182306105357402, -75.58244076022655;CHOQUE;VEHICULO;NO REPORTADO;RESIDENCIAL;Normal;Embriaguez aparente
2220659;19/03/2022;7:10:00 p. m.;Sábado;2022;Marzo;MOTOCICLETA;PARTICULAR;Motociclista;39;MASCULINO;HERIDOS;0;0;0;0;CALLE 25ASUR FRENTE AL 45-23;;VILLA GRANDE;6.182306105357402, -75.58244076022655;CHOQUE;VEHICULO;NO REPORTADO;RESIDENCIAL;Normal;Embriaguez aparente
2220662;18/03/2022;5:50:00 p. m.;Viernes;2022;Marzo;MOTOCICLETA;PARTICULAR;Motociclista;28;FEMENINO;HERIDOS;0;0;0;0;CALLE 39BSUR CON CARRERA 28;;SAN JOSE;6.161064370535175, -75.58055555383258;CHOQUE;OBJETO FIJO;OTRO TIPO;RESIDENCIAL;Normal;Impericia en el manejo
2220663;19/03/2022;12:30:00 p. m.;Sábado;2022;Marzo;MOTOCICLETA;PARTICULAR;Motociclista;24;MASCULINO;HERIDOS;0;0;0;0;KILOMETRO 13;medellín palmas envigado (km 12 - km 16+700);VEREDA PALMAS;6.165592595898619, -75.54510949704054;CAIDA OCUPANTE;NO REPORTADO;NO REPORTADO;NO REPORTADO;Normal;Impericia en el manejo
2220663;19/03/2022;12:30:00 p. m.;Sábado;2022;Marzo;MOTOCICLETA;PARTICULAR;Acompañante;19;MASCULINO;HERIDOS;0;0;0;0;KILOMETRO 13;medellín palmas envigado (km 12 - km 16+700);VEREDA PALMAS;6.165592595898619, -75.54510949704054;CAIDA OCUPANTE;NO REPORTADO;NO REPORTADO;NO REPORTADO;Normal;Impericia en el manejo
2220665;19/03/2022;4:00:00 p. m.;Sábado;2022;Marzo;MOTOCICLETA;PARTICULAR;Acompañante;45;FEMENINO;HERIDOS;0;0;0;0;KILOMETRO 15+880;medellín palmas envigado (km 12 - km 16+700);VEREDA PALMAS;6.153032581467678, -75.5396249312544;CHOQUE;VEHICULO;NO REPORTADO;NO REPORTADO;Normal;Impericia en el manejo  -  No mantener distancia de seguridad
2220669;21/03/2022;2:50:00 p. m.;Lunes;2022;Marzo;MOTOCICLETA;PARTICULAR;Acompañante;30;FEMENINO;HERIDOS;0;0;0;;CARRERA 24D #40 SUR-610;;EL SALADO;6.147265763868181, -75.57638454626655;CAIDA OCUPANTE;NO REPORTADO;NO REPORTADO;RESIDENCIAL;Normal;Impericia en el manejo
2220673;22/03/2022;9:15:00 p. m.;Martes;2022;Marzo;MOTOCICLETA;PARTICULAR;Motociclista;22;MASCULINO;HERIDOS;0;0;0;0;CARRERA 50 #26SUR-60;;LAS VEGAS;6.185018, -75.586991;CHOQUE;VEHICULO;NO REPORTADO;RESIDENCIAL;Normal;Desobedecer señales
2220673;22/03/2022;9:15:00 p. m.;Martes;2022;Marzo;MOTOCICLETA;PARTICULAR;Acompañante;26;MASCULINO;HERIDOS;0;0;0;0;CARRERA 50 #26SUR-60;;LAS VEGAS;6.185018, -75.586991;CHOQUE;VEHICULO;NO REPORTADO;RESIDENCIAL;Normal;Desobedecer señales
2220673;22/03/2022;9:15:00 p. m.;Martes;2022;Marzo;MOTOCICLETA;PARTICULAR;Motociclista;32;MASCULINO;HERIDOS;0;0;0;0;CARRERA 50 #26SUR-60;;LAS VEGAS;6.185018, -75.586991;CHOQUE;VEHICULO;NO REPORTADO;RESIDENCIAL;Normal;Desobedecer señales
2220675;22/03/2022;8:15:00 a. m.;Martes;2022;Marzo;MOTOCICLETA;PARTICULAR;Acompañante;22;FEMENINO;HERIDOS;0;0;0;0;CARRERA 27 CON CALLE 36ASUR;;LA INMACULADA;6.1660156626509135, -75.56963143488427;CAIDA OCUPANTE;NO REPORTADO;NO REPORTADO;RESIDENCIAL;Normal;Adelantar en zona prohibida  -  Impericia en el manejo
2220675;22/03/2022;8:15:00 a. m.;Martes;2022;Marzo;MOTOCICLETA;PARTICULAR;Motociclista;49;MASCULINO;HERIDOS;0;0;0;0;CARRERA 27 CON CALLE 36ASUR;;LA INMACULADA;6.1660156626509135, -75.56963143488427;CAIDA OCUPANTE;NO REPORTADO;NO REPORTADO;RESIDENCIAL;Normal;Adelantar en zona prohibida  -  Impericia en el manejo
2220681;18/03/2022;9:55:00 a. m.;Viernes;2022;Marzo;MOTOCICLETA;PARTICULAR;Motociclista;32;MASCULINO;HERIDOS;0;0;0;;CARRERA 50 CON CALLE 37 SUR;;LAS VEGAS;6.175135, -75.595369;CHOQUE;VEHICULO;NO REPORTADO;RESIDENCIAL;Normal;Impericia en el manejo
2220685;22/03/2022;7:50:00 a. m.;Martes;2022;Marzo;MOTOCICLETA;PARTICULAR;Motociclista;20;FEMENINO;HERIDOS;0;0;0;0;CALLE 38A SUR #41-20;;ZONA CENTRO;6.168854527933105, -75.58728314965254;CHOQUE;VEHICULO;NO REPORTADO;RESIDENCIAL;Lluvia;No mantener distancia de seguridad
2220703;26/03/2022;10:15:00 p. m.;Sábado;2022;Marzo;MOTOCICLETA;PARTICULAR;Peaton;57;MASCULINO;HERIDOS;0;0;0;0;CARRERA 43A #37SUR-58;;ZONA CENTRO;6.170631304678398, -75.58850715840158;ATROPELLO;NO REPORTADO;NO REPORTADO;RESIDENCIAL;Normal;Exceso de velocidad
2220703;26/03/2022;10:15:00 p. m.;Sábado;2022;Marzo;MOTOCICLETA;PARTICULAR;Motociclista;30;MASCULINO;HERIDOS;0;0;0;0;CARRERA 43A #37SUR-58;;ZONA CENTRO;6.170631304678398, -75.58850715840158;ATROPELLO;NO REPORTADO;NO REPORTADO;RESIDENCIAL;Normal;Exceso de velocidad
2220705;24/03/2022;4:40:00 p. m.;Jueves;2022;Marzo;MOTOCICLETA;PARTICULAR;Motociclista;29;MASCULINO;HERIDOS;0;0;0;0;CARRERA 43A #23SUR-79;;BOSQUES DE ZUÑIGA;6.1822099226579255, -75.5808477087818;CHOQUE;OBJETO FIJO;VEHICULO ESTACIONADO;RESIDENCIAL;Normal;No mantener distancia de seguridad  -  Transitar entre vehiculos
2220707;24/03/2022;5:00:00 p. m.;Jueves;2022;Marzo;MOTOCICLETA;PARTICULAR;Motociclista;28;MASCULINO;HERIDOS;0;0;0;0;CARRERA 40 ENTRE CALLE 37 SUR Y 38 SUR;;MESA;6.1683524724230905, -75.58612793952318;CHOQUE;OBJETO FIJO;VEHICULO ESTACIONADO;RESIDENCIAL;Normal;ABRIR LAS PUERTAS SIN PRECAUCION
2220709;24/03/2022;5:00:00 p. m.;Jueves;2022;Marzo;BICICLETA;;Ciclista;25;MASCULINO;HERIDOS;0;0;0;0;CARRERA 27A #36DSUR-201;;LOMA DE LAS BRUJAS;6.163093045291267, -75.57190889729428;CHOQUE;VEHICULO;NO REPORTADO;RESIDENCIAL;Normal;Desobedecer señales
2220710;24/03/2022;6:30:00 p. m.;Jueves;2022;Marzo;AUTOMOVIL;PUBLICO;Conductor;20;MASCULINO;HERIDOS;0;0;0;0;CARRERA 43A  CON CALLE 48CSUR;;PRIMAVERA;6.162322, -75.597545;CHOQUE;VEHICULO;NO REPORTADO;RESIDENCIAL;Normal;Otra-Conductor
2220712;26/03/2022;5:00:00 p. m.;Sábado;2022;Marzo;AUTOMOVIL;DIPLOMATICO;Acompañante;54;MASCULINO;HERIDOS;0;0;0;0;CARRERA 40 #49DSUR76;;LOMA DEL BARRO;6.15546231285058, -75.60073348352871;VOLCAMIENTO;NO REPORTADO;NO REPORTADO;RESIDENCIAL;Lluvia;Impericia en el manejo
2220712;26/03/2022;5:00:00 p. m.;Sábado;2022;Marzo;AUTOMOVIL;DIPLOMATICO;Acompañante;55;FEMENINO;HERIDOS;0;0;0;0;CARRERA 40 #49DSUR76;;LOMA DEL BARRO;6.15546231285058, -75.60073348352871;VOLCAMIENTO;NO REPORTADO;NO REPORTADO;RESIDENCIAL;Lluvia;Impericia en el manejo
2220712;26/03/2022;5:00:00 p. m.;Sábado;2022;Marzo;AUTOMOVIL;DIPLOMATICO;Acompañante;66;FEMENINO;HERIDOS;0;0;0;0;CARRERA 40 #49DSUR76;;LOMA DEL BARRO;6.15546231285058, -75.60073348352871;VOLCAMIENTO;NO REPORTADO;NO REPORTADO;RESIDENCIAL;Lluvia;Impericia en el manejo
2220712;26/03/2022;5:00:00 p. m.;Sábado;2022;Marzo;AUTOMOVIL;DIPLOMATICO;Acompañante;54;FEMENINO;HERIDOS;0;0;0;0;CARRERA 40 #49DSUR76;;LOMA DEL BARRO;6.15546231285058, -75.60073348352871;VOLCAMIENTO;NO REPORTADO;NO REPORTADO;RESIDENCIAL;Lluvia;Impericia en el manejo
2220717;29/03/2022;12:20:00 a. m.;Martes;2022;Marzo;MOTOCICLETA;PARTICULAR;Motociclista;24;MASCULINO;HERIDOS;0;0;0;0;CARRERA 50 #39SUR-274;;LAS VEGAS;6.173843, -75.597078;VOLCAMIENTO;NO REPORTADO;NO REPORTADO;RESIDENCIAL;Lluvia;Otra-Via
2220719;25/03/2022;10:30:00 a. m.;Viernes;2022;Marzo;AUTOMOVIL;PUBLICO;Peaton;73;FEMENINO;HERIDOS;0;0;0;0;CARRERA 33 CON CALLE 37 SUR;;MESA;6.166950, -75.581622;ATROPELLO;NO REPORTADO;NO REPORTADO;RESIDENCIAL;Normal;Impericia en el manejo