NRO_RADICADO;FECHA_ACCIDENTE;HORA_ACCIDENTE;Día de la semana;AÑO;MES;CLASE_VEHICULO;TIPO_SERVICIO;TIPO_VICTIMA;EDAD;GENERO;GRAVEDAD;ESTADO_BEODEZ;ESTADO_DROGA;RESULTADO_BEODEZ;RESUL_BEODEZ_GRAMOS;DIRECCION_CARACT_VIA;TRAMO_VIA;LOCALIDAD_O_COMUNA;    GEORREFERENCIACIÓN;DESC_CLASE_ACCIDENTE;DESC_CHOQUE_ACCIDENTE;DESC_OBJETO_FIJO;DESC_SECTOR_ACCIDENTE;CONDICION_CLIMATICA;CAUSA_ACCIDENTE
2220720;27/03/2022;6:15:00 p. m.;Domingo;2022;Marzo;AUTOMOVIL;PARTICULAR;Peaton;59;MASCULINO;HERIDOS;0;0;0;0;CARRERA 43A CON CALLE 37 SUR;;SAN MARCOS;6.171156877675806, -75.58832689943017;ATROPELLO;NO REPORTADO;NO REPORTADO;RESIDENCIAL;Normal;Cruzar sin observar
2220723;24/03/2022;2:04:00 p. m.;Jueves;2022;Marzo;MOTOCICLETA;DIPLOMATICO;Motociclista;20;MASCULINO;HERIDOS;0;0;0;0;CALLE 38A SUR CON CARRERA 33;;MESA;6.1658128299399975, -75.58271376645361;CHOQUE;VEHICULO;NO REPORTADO;RESIDENCIAL;Normal;Desobedecer señales
2220725;26/03/2022;5:50:00 p. m.;Sábado;2022;Marzo;MOTOCICLETA;PARTICULAR;Motociclista;21;FEMENINO;HERIDOS;0;0;0;0;CALLE 40 SUR # 46-07;;ALCALA;6.1689828357825895, -75.59403266572886;CHOQUE;VEHICULO;NO REPORTADO;RESIDENCIAL;Normal;Impericia en el manejo
2220728;23/03/2022;5:20:00 a. m.;Miércoles;2022;Marzo;MOTOCICLETA;PARTICULAR;Motociclista;35;FEMENINO;HERIDOS;0;0;0;0;CARRERA 43A CON CALLE 21 SUR;;ZUÑIGA;6.183705101882075, -75.57957153700741;CAIDA OCUPANTE;NO REPORTADO;NO REPORTADO;RESIDENCIAL;Lluvia;Otra-Conductor
2220729;29/03/2022;11:20:00 a. m.;Martes;2022;Marzo;CAMIONETA;PUBLICO;Peaton;74;MASCULINO;HERIDOS;0;0;0;0;CARRERA 43A CON CALLE 46 SUR;;PRIMAVERA;6.164078, -75.595978;ATROPELLO;NO REPORTADO;NO REPORTADO;RESIDENCIAL;Normal;Cruzar sin observar  -  Impericia en el manejo
2220730;29/03/2022;12:20:00 a. m.;Martes;2022;Marzo;MOTOCICLETA;PARTICULAR;Motociclista;21;MASCULINO;HERIDOS;0;0;0;0;CARRERA 50 #39SUR-274;;LAS VEGAS;6.173843, -75.597078;VOLCAMIENTO;NO REPORTADO;NO REPORTADO;RESIDENCIAL;Lluvia;Otra-Via
2220731;25/03/2022;4:50:00 p. m.;Viernes;2022;Marzo;MOTOCICLETA;PARTICULAR;Motociclista;24;MASCULINO;HERIDOS;0;0;0;0;CARRERA 50 ENTRE CALLE 39SUR Y 37SUR;;LAS VEGAS;6.173220, -75.597907;CHOQUE;VEHICULO;NO REPORTADO;RESIDENCIAL;Normal;No mantener distancia de seguridad
2220734;26/03/2022;12:30:00 a. m.;Sábado;2022;Marzo;MOTOCICLETA;PARTICULAR;Motociclista;17;MASCULINO;HERIDOS;0;0;0;0;CARRERA 43A CON CALLE 45B SUR;;LA PAZ;6.164797721265285, -75.59489827413215;CHOQUE;VEHICULO;NO REPORTADO;RESIDENCIAL;Normal;Pasar semaforo en rojo
2220737;28/03/2022;1:40:00 p. m.;Lunes;2022;Marzo;AUTOMOVIL;PARTICULAR;Acompañante;58;FEMENINO;HERIDOS;0;0;0;0;CARRERA 33 CON CALLE 38A SUR;;MESA;6.165530, -75.582610;CHOQUE;VEHICULO;NO REPORTADO;RESIDENCIAL;Normal;Poner en marcha un vehiculo sin precauci
2220739;29/03/2022;6:55:00 a. m.;Martes;2022;Marzo;MOTOCICLETA;PARTICULAR;Acompañante;27;MASCULINO;HERIDOS;0;0;0;0;CARRERA 50 ENTRE CALLE 25ASUR Y 25AASUR;;LAS VEGAS;6.186010, -75.585699;CHOQUE;VEHICULO;NO REPORTADO;RESIDENCIAL;Normal;Frenar bruscamente  -  No mantener distancia de seguridad
2220739;29/03/2022;6:55:00 a. m.;Martes;2022;Marzo;MOTOCICLETA;PARTICULAR;Motociclista;52;MASCULINO;HERIDOS;0;0;0;0;CARRERA 50 ENTRE CALLE 25ASUR Y 25AASUR;;LAS VEGAS;6.186010, -75.585699;CHOQUE;VEHICULO;NO REPORTADO;RESIDENCIAL;Normal;Frenar bruscamente  -  No mantener distancia de seguridad
2220747;28/03/2022;10:20:00 a. m.;Lunes;2022;Marzo;MOTOCICLETA;PARTICULAR;Motociclista;20;MASCULINO;HERIDOS;0;0;0;0;DIAGONAL 32D CON TRANSVERSAL 33 SUR;;LA MAGNOLIA;6.174105073350343, -75.58366531993993;CHOQUE;VEHICULO;NO REPORTADO;RESIDENCIAL;Normal;Desobedecer señales
2220748;28/03/2022;12:15:00 p. m.;Lunes;2022;Marzo;MOTOCICLETA;PARTICULAR;Motociclista;48;MASCULINO;HERIDOS;0;0;0;0;CARRERA 48 CON CALLE 39SUR;;LAS VEGAS;6.171730, -75.593645;OTRO;NO REPORTADO;NO REPORTADO;RESIDENCIAL;Normal;Superficie lisa
2220749;29/03/2022;8:00:00 a. m.;Martes;2022;Marzo;AUTOMOVIL;PARTICULAR;Conductor;73;MASCULINO;HERIDOS;0;0;0;0;KILOMETRO 13+040;medellín palmas envigado (km 12 - km 16+700);VEREDA PALMAS;6.165187501599494, -75.54494006715666;CHOQUE;OBJETO FIJO;MURO;NO REPORTADO;Normal;Impericia en el manejo
2220750;26/03/2022;6:30:00 a. m.;Sábado;2022;Marzo;MOTOCICLETA;PARTICULAR;Acompañante;35;MASCULINO;HERIDOS;0;0;0;;KILOMETRO 7;medellín palmas envigado (km 12 - km 16+700);VEREDA PANTANILLO;6.170550402779183, -75.48961439099833;CHOQUE;VEHICULO;NO REPORTADO;NO REPORTADO;Normal;Desobedecer señales
2220757;29/03/2022;10:05:00 a. m.;Martes;2022;Marzo;MOTOCICLETA;PARTICULAR;Motociclista;20;MASCULINO;HERIDOS;0;0;0;0;CALLE 38 SUR  # 43-16;;ZONA CENTRO;6.169988030940756, -75.58790284314178;CHOQUE;VEHICULO;NO REPORTADO;RESIDENCIAL;Normal;Impericia en el manejo
2220757;29/03/2022;10:05:00 a. m.;Martes;2022;Marzo;MOTOCICLETA;PARTICULAR;Motociclista;45;MASCULINO;HERIDOS;0;0;0;0;CALLE 38 SUR  # 43-16;;ZONA CENTRO;6.169988030940756, -75.58790284314178;CHOQUE;VEHICULO;NO REPORTADO;RESIDENCIAL;Normal;Impericia en el manejo
2220758;30/03/2022;5:00:00 p. m.;Miércoles;2022;Marzo;MOTOCICLETA;PARTICULAR;Motociclista;25;MASCULINO;HERIDOS;0;0;0;0;CALLE 32A SUR ENTRE CARRERA 43 Y 43A;;ZONA CENTRO;6.174817, -75.585412;CHOQUE;VEHICULO;NO REPORTADO;RESIDENCIAL;Normal;Otra-Conductor
2220759;29/03/2022;4:15:00 p. m.;Martes;2022;Marzo;MOTOCICLETA;PARTICULAR;Motociclista;58;MASCULINO;HERIDOS;0;0;0;0;CALLE 38 SUR #41-06;;ZONA CENTRO;6.1692016470154245, -75.58668300972381;CHOQUE;VEHICULO;NO REPORTADO;RESIDENCIAL;Lluvia;Girar bruscamente
2220770;30/03/2022;7:58:00 a. m.;Miércoles;2022;Marzo;MOTOCICLETA;OFICIAL;Motociclista;52;MASCULINO;HERIDOS;0;0;0;0;CARRERA 27G FRENTE AL 35SUR-175;;LA INMACULADA;6.1679935326156246, -75.57740457648543;CHOQUE;VEHICULO;NO REPORTADO;RESIDENCIAL;Normal;Poner en marcha un vehiculo sin precauci
2220771;29/03/2022;8:10:00 a. m.;Martes;2022;Marzo;AUTOMOVIL;PARTICULAR;Conductor;18;MASCULINO;HERIDOS;0;0;0;0;TRANSVERSAL 36SUR ENTRE CARRERAS 27G Y 29;;LA INMACULADA;6.167336922748909, -75.57771520123298;CHOQUE;OBJETO FIJO;BARANDA;RESIDENCIAL;Lluvia;Impericia en el manejo
2220773;30/03/2022;3:50:00 p. m.;Miércoles;2022;Marzo;MOTOCICLETA;PARTICULAR;Motociclista;48;MASCULINO;HERIDOS;0;0;0;0;KILOMETRO 8+100;retiro varia palmas enviga (km 5+43 - km 14+ 550);VEREDA PERICO;6.1731541056490205, -75.49699373633906;OTRO;NO REPORTADO;NO REPORTADO;NO REPORTADO;Lluvia;Accidente en la via caida de árbol
2220774;29/03/2022;6:50:00 a. m.;Martes;2022;Marzo;MOTOCICLETA;PARTICULAR;Motociclista;44;MASCULINO;HERIDOS;0;0;0;0;KILOMETRO 7+100;retiro varia palmas enviga (km 5+43 - km 14+ 550);VEREDA PERICO;6.171218343967402, -75.49008715109834;CHOQUE;VEHICULO;NO REPORTADO;NO REPORTADO;Normal;Desobedecer señales
2220777;29/03/2022;2:00:00 p. m.;Martes;2022;Marzo;MOTOCICLETA;PARTICULAR;Acompañante;64;FEMENINO;HERIDOS;0;0;0;0;CARRERA 50 ENTRE CALLE 39SUR Y 43SUR;;LAS VEGAS;6.172473, -75.598910;CHOQUE;VEHICULO;NO REPORTADO;RESIDENCIAL;Normal;Otra-Conductor
2220777;29/03/2022;2:00:00 p. m.;Martes;2022;Marzo;MOTOCICLETA;PARTICULAR;Motociclista;48;MASCULINO;HERIDOS;0;0;0;0;CARRERA 50 ENTRE CALLE 39SUR Y 43SUR;;LAS VEGAS;6.172473, -75.598910;CHOQUE;VEHICULO;NO REPORTADO;RESIDENCIAL;Normal;Otra-Conductor
2220780;30/03/2022;8:30:00 a. m.;Miércoles;2022;Marzo;MOTOCICLETA;PARTICULAR;Motociclista;20;MASCULINO;HERIDOS;0;0;0;0;CARRERA 50 #32BSUR-88;;LAS VEGAS;6.178263, -75.591897;CHOQUE;VEHICULO;NO REPORTADO;RESIDENCIAL;Normal;Adelantar invadiendo carril del mismo sentido en zigzag
2220783;30/03/2022;6:50:00 a. m.;Miércoles;2022;Marzo;MOTOCICLETA;PARTICULAR;Motociclista;49;MASCULINO;HERIDOS;0;0;0;0;CALLE 25ASUR #48-35;;LAS VEGAS;6.18512899589128, -75.58345152095687;CHOQUE;VEHICULO;NO REPORTADO;RESIDENCIAL;Normal;Girar bruscamente
2220790;4/04/2022;2:15:00 p. m.;Lunes;2022;Abril;MOTOCICLETA;PARTICULAR;Motociclista;67;MASCULINO;MUERTOS;0;0;0;0;CALLE 36DSUR #24-50;;VEREDA EL ESCOBERO;6.155755, -75.566539;CHOQUE;VEHICULO;NO REPORTADO;RESIDENCIAL;Normal;Desobedecer señales
2220791;2/04/2022;6:19:00 a. m.;Sábado;2022;Abril;MOTOCICLETA;PARTICULAR;Motociclista;27;MASCULINO;HERIDOS;0;0;0;0;CALLE 39B SUR CON CARRERA 36;;MESA;6.165209, -75.585117;CHOQUE;VEHICULO;NO REPORTADO;RESIDENCIAL;Normal;Embriaguez o droga
2220791;2/04/2022;6:19:00 a. m.;Sábado;2022;Abril;MOTOCICLETA;PARTICULAR;Acompañante;26;FEMENINO;HERIDOS;0;0;0;0;CALLE 39B SUR CON CARRERA 36;;MESA;6.165209, -75.585117;CHOQUE;VEHICULO;NO REPORTADO;RESIDENCIAL;Normal;Embriaguez o droga
2220793;31/03/2022;2:10:00 p. m.;Jueves;2022;Marzo;MOTOCICLETA;PARTICULAR;Motociclista;33;MASCULINO;HERIDOS;0;0;0;0;CARRERA 50 ENTRE CALLE 25SUR y 25ASUR;;LAS VEGAS;6.186010, -75.585699;CHOQUE;VEHICULO;NO REPORTADO;RESIDENCIAL;Lluvia;Falta de precaucion niebla, lluvia, humo  -  No mantener distancia de seguridad
2220795;1/04/2022;8:20:00 p. m.;Viernes;2022;Abril;MOTOCICLETA;PARTICULAR;Acompañante;23;FEMENINO;HERIDOS;0;0;0;0;KILOMETRO 12+300;medellín palmas envigado (km 12 - km 16+700);VEREDA PALMAS;6.171478544307992, -75.5464655917857;CHOQUE;VEHICULO;NO REPORTADO;NO REPORTADO;Normal;Otra-Conductor
2220795;1/04/2022;8:20:00 p. m.;Viernes;2022;Abril;MOTOCICLETA;PARTICULAR;Motociclista;30;MASCULINO;HERIDOS;0;0;0;0;KILOMETRO 12+300;medellín palmas envigado (km 12 - km 16+700);VEREDA PALMAS;6.171478544307992, -75.5464655917857;CHOQUE;VEHICULO;NO REPORTADO;NO REPORTADO;Normal;Otra-Conductor
2220797;31/03/2022;2:20:00 p. m.;Jueves;2022;Marzo;AUTOMOVIL;PUBLICO;Peaton;58;MASCULINO;HERIDOS;0;0;0;0;CALLE 38ASUR CON CARRERA 46;;ALCALA;6.171322, -75.591564;ATROPELLO;NO REPORTADO;NO REPORTADO;RESIDENCIAL;Lluvia;No respetar pelacion de interseccion o giros
2220803;5/04/2022;8:00:00 a. m.;Martes;2022;Abril;MOTOCICLETA;PARTICULAR;Motociclista;46;MASCULINO;HERIDOS;0;0;0;0;CARRERA 50 #46ASUR-16;;LAS VEGAS;6.167889, -75.602347;CHOQUE;VEHICULO;NO REPORTADO;RESIDENCIAL;Normal;Otra-Conductor
2220803;5/04/2022;8:00:00 a. m.;Martes;2022;Abril;MOTOCICLETA;PARTICULAR;Acompañante;9;MASCULINO;HERIDOS;0;0;0;0;CARRERA 50 #46ASUR-16;;LAS VEGAS;6.167889, -75.602347;CHOQUE;VEHICULO;NO REPORTADO;RESIDENCIAL;Normal;Otra-Conductor
2220804;4/04/2022;8:10:00 a. m.;Lunes;2022;Abril;MOTOCICLETA;PARTICULAR;Acompañante;21;MASCULINO;HERIDOS;0;0;0;0;CARRERA 48 ENTRE CALLES 30 Y 31 SUR ;;LAS VEGAS;6.1788811681616185, -75.58884637490871;CAIDA OCUPANTE;NO REPORTADO;NO REPORTADO;COMERCIAL;Normal;Otra-Conductor
2220805;1/04/2022;3:30:00 p. m.;Viernes;2022;Abril;MOTOCICLETA;PARTICULAR;Acompañante;21;FEMENINO;HERIDOS;0;0;0;0;CARRERA 43A CON CALLE 21SUR;;ZUÑIGA;6.1838008563603895, -75.57951847809512;CHOQUE;VEHICULO;NO REPORTADO;RESIDENCIAL;Normal;Desobedecer señales
2220805;1/04/2022;3:30:00 p. m.;Viernes;2022;Abril;MOTOCICLETA;PARTICULAR;Motociclista;20;MASCULINO;HERIDOS;0;0;0;0;CARRERA 43A CON CALLE 21SUR;;ZUÑIGA;6.1838008563603895, -75.57951847809512;CHOQUE;VEHICULO;NO REPORTADO;RESIDENCIAL;Normal;Desobedecer señales
2220806;2/04/2022;1:20:00 p. m.;Sábado;2022;Abril;MOTOCICLETA;DIPLOMATICO;Motociclista;27;MASCULINO;HERIDOS;0;0;0;0;TRANSVERSAL 32ASUR CON DIAGONAL 32;;LA MAGNOLIA;6.175586702600863, -75.58251041601389;CHOQUE;VEHICULO;NO REPORTADO;COMERCIAL;Normal;Salirse de la calzada
2220807;3/04/2022;1:30:00 p. m.;Domingo;2022;Abril;MOTOCICLETA;OFICIAL;Motociclista;22;MASCULINO;HERIDOS;0;0;0;0;CALLE 39SUR CON CARRERA 36;;MESA;6.166056495015985, -75.58451273391618;CHOQUE;VEHICULO;NO REPORTADO;RESIDENCIAL;Lluvia;Embriaguez o droga  -  No respetar pelacion de interseccion o giros
2220807;3/04/2022;1:30:00 p. m.;Domingo;2022;Abril;MOTOCICLETA;OFICIAL;Acompañante;28;MASCULINO;HERIDOS;0;0;0;0;CALLE 39SUR CON CARRERA 36;;MESA;6.166056495015985, -75.58451273391618;CHOQUE;VEHICULO;NO REPORTADO;RESIDENCIAL;Lluvia;Embriaguez o droga  -  No respetar pelacion de interseccion o giros
2220808;1/04/2022;9:45:00 p. m.;Viernes;2022;Abril;MOTOCICLETA;PARTICULAR;Motociclista;20;MASCULINO;HERIDOS;0;0;0;0;CARRERA 50 ENTRE CALLE 36SUR y 37SUR;;LAS VEGAS;6.177842, -75.592285;CHOQUE;VEHICULO;NO REPORTADO;RESIDENCIAL;Normal;No mantener distancia de seguridad
2220809;1/04/2022;9:00:00 a. m.;Viernes;2022;Abril;MICROBUS;PUBLICO;Pasajero;36;MASCULINO;HERIDOS;0;0;0;0;CALLE 36SUR #25-143;;EL CHINGUÍ;6.167095962516021, -75.56557773761782;CHOQUE;VEHICULO;NO REPORTADO;RESIDENCIAL;Normal;Adelantar en zona prohibida
2220811;1/04/2022;2:00:00 p. m.;Viernes;2022;Abril;MOTOCICLETA;PARTICULAR;Motociclista;22;FEMENINO;HERIDOS;0;0;0;0;CALLE 33B SUR #43-25;;ZONA CENTRO;6.173154321768983, -75.58627244860168;OTRO;NO REPORTADO;NO REPORTADO;RESIDENCIAL;Normal;Impericia en el manejo
2220813;4/04/2022;4:10:00 p. m.;Lunes;2022;Abril;MOTOCICLETA;PARTICULAR;Motociclista;39;MASCULINO;HERIDOS;0;0;0;0;CALLE 36D SUR #16-79;;VEREDA EL ESCOBERO;6.152992, -75.564230;CHOQUE;OBJETO FIJO;ARBOL;RESIDENCIAL;Normal;Impericia en el manejo
2220819;3/04/2022;11:15:00 a. m.;Domingo;2022;Abril;BICICLETA;;Ciclista;15;FEMENINO;HERIDOS;0;0;0;0;CALLE 25A SUR ENTRE CARRERA 46 y 43A;;VILLA GRANDE;6.1823466360626025, -75.58254242561955;CHOQUE;VEHICULO;NO REPORTADO;RESIDENCIAL;Normal;Desobedecer señales
2220822;4/04/2022;3:15:00 p. m.;Lunes;2022;Abril;MOTOCICLETA;PARTICULAR;Motociclista;28;MASCULINO;HERIDOS;0;0;0;0;CARRERA 49 #39 SUR 100;;LAS VEGAS;6.173773, -75.597180;CAIDA OCUPANTE;NO REPORTADO;NO REPORTADO;RESIDENCIAL;Normal;Obstaculos en la via
2220823;4/04/2022;5:40:00 a. m.;Lunes;2022;Abril;MOTOCICLETA;PARTICULAR;Acompañante;28;FEMENINO;HERIDOS;0;0;0;0;TRANSVERSAL 32CC SUR #31BB-11;;LAS FLORES;6.175874265012659, -75.580334634;CAIDA OCUPANTE;NO REPORTADO;NO REPORTADO;RESIDENCIAL;Normal;Adelantar invadiendo carril del mismo sentido en zigzag
2220824;4/04/2022;9:30:00 a. m.;Lunes;2022;Abril;MOTOCICLETA;PARTICULAR;Motociclista;31;MASCULINO;HERIDOS;0;0;0;0;CARRERA 42 #38SUR 57;;ZONA CENTRO;6.169609413041313, -75.58732270968459;CHOQUE;VEHICULO;NO REPORTADO;RESIDENCIAL;Normal;Adelantar por la derecha  -  Recoger o dejar pasajeros en calzada
2220825;5/04/2022;11:20:00 a. m.;Martes;2022;Abril;MOTOCICLETA;PARTICULAR;Motociclista;27;MASCULINO;HERIDOS;0;0;0;0;CARRERA 50 CON CALLE 46 SUR;;LAS VEGAS;6.168548, -75.602176;CHOQUE;VEHICULO;NO REPORTADO;RESIDENCIAL;Normal;Otra-Conductor
2220826;5/04/2022;2:15:00 p. m.;Martes;2022;Abril;MOTOCICLETA;PARTICULAR;Acompañante;20;FEMENINO;HERIDOS;0;0;0;0;CALLE 40B SUR #26-43;;LA MINA;6.157356446449526, -75.58159078063561;CHOQUE;VEHICULO;NO REPORTADO;RESIDENCIAL;Normal;Adelantar invadiendo carril de sentido contrario
2220826;5/04/2022;2:15:00 p. m.;Martes;2022;Abril;MOTOCICLETA;PARTICULAR;Motociclista;27;MASCULINO;HERIDOS;0;0;0;0;CALLE 40B SUR #26-43;;LA MINA;6.157356446449526, -75.58159078063561;CHOQUE;VEHICULO;NO REPORTADO;RESIDENCIAL;Normal;Adelantar invadiendo carril de sentido contrario
2220827;5/04/2022;1:45:00 p. m.;Martes;2022;Abril;MOTOCICLETA;PARTICULAR;Acompañante;25;FEMENINO;HERIDOS;0;0;0;0;CALLE 25A SUR CON CARRERA 46;;VILLA GRANDE;6.182733465536798, -75.58297693420398;CHOQUE;VEHICULO;NO REPORTADO;RESIDENCIAL;Normal;No mantener distancia de seguridad
2220828;6/04/2022;6:00:00 a. m.;Miércoles;2022;Abril;MOTOCICLETA;PARTICULAR;Motociclista;27;MASCULINO;HERIDOS;0;0;0;0;CARRERA 49 #30SUR-66;;LAS VEGAS;6.180341, -75.590571;CHOQUE;VEHICULO;NO REPORTADO;RESIDENCIAL;Normal;No mantener distancia de seguridad
2220832;7/04/2022;2:30:00 a. m.;Jueves;2022;Abril;MOTOCICLETA;PARTICULAR;Motociclista;32;MASCULINO;HERIDOS;0;0;0;0;KILOMETRO 13+00;retiro varia palmas enviga (km 5+43 - km 14+ 550);VEREDA PALMAS;6.15978882972066, -75.52599289790669;CHOQUE;OBJETO FIJO;ARBOL;NO REPORTADO;Lluvia;Accidente en la via caida de árbol
2220838;6/04/2022;3:00:00 p. m.;Miércoles;2022;Abril;CAMIONETA;PUBLICO;Pasajero;33;FEMENINO;HERIDOS;0;0;0;0;CALLE 36DSUR #11-197;;VEREDA EL ESCOBERO;6.152987, -75.564192;CHOQUE;VEHICULO;NO REPORTADO;RESIDENCIAL;Normal;No mantener distancia de seguridad
2220838;6/04/2022;3:00:00 p. m.;Miércoles;2022;Abril;CAMIONETA;PUBLICO;Conductor;25;MASCULINO;HERIDOS;0;0;0;0;CALLE 36DSUR #11-197;;VEREDA EL ESCOBERO;6.152987, -75.564192;CHOQUE;VEHICULO;NO REPORTADO;RESIDENCIAL;Normal;No mantener distancia de seguridad
2220838;6/04/2022;3:00:00 p. m.;Miércoles;2022;Abril;CAMIONETA;PUBLICO;Pasajero;27;FEMENINO;HERIDOS;0;0;0;0;CALLE 36DSUR #11-197;;VEREDA EL ESCOBERO;6.152987, -75.564192;CHOQUE;VEHICULO;NO REPORTADO;RESIDENCIAL;Normal;No mantener distancia de seguridad
2220840;5/04/2022;3:06:00 p. m.;Martes;2022;Abril;MOTOCICLETA;PARTICULAR;Acompañante;30;FEMENINO;HERIDOS;0;0;0;0;CARRERA 50 ENTRE CALLE 30SUR Y CALLE 29SUR;;LAS VEGAS;6.179731, -75.591054;CHOQUE;VEHICULO;NO REPORTADO;RESIDENCIAL;Normal;Fallas en las llantas
2220840;5/04/2022;3:06:00 p. m.;Martes;2022;Abril;MOTOCICLETA;PARTICULAR;Motociclista;32;MASCULINO;HERIDOS;0;0;0;0;CARRERA 50 ENTRE CALLE 30SUR Y CALLE 29SUR;;LAS VEGAS;6.179731, -75.591054;CHOQUE;VEHICULO;NO REPORTADO;RESIDENCIAL;Normal;Fallas en las llantas
2220842;7/04/2022;6:15:00 p. m.;Jueves;2022;Abril;MOTOCICLETA;PARTICULAR;Motociclista;58;MASCULINO;HERIDOS;0;0;0;0;CALLE 25ASUR CON CARRERA 42B;;PONTE VEDRA;6.1796905242543065, -75.5813843138438;CHOQUE;VEHICULO;NO REPORTADO;RESIDENCIAL;Normal;Adelantar cerrando  -  Adelantar en zona prohibida
2220843;7/04/2022;2:20:00 p. m.;Jueves;2022;Abril;MOTOCICLETA;PARTICULAR;Motociclista;19;MASCULINO;HERIDOS;0;0;0;0;CALLE 40BSUR CON CARRERA 28;;LA MINA;6.15999383334022, -75.58201569909124;CHOQUE;VEHICULO;NO REPORTADO;RESIDENCIAL;Normal;Desobedecer señales
2220843;7/04/2022;2:20:00 p. m.;Jueves;2022;Abril;MOTOCICLETA;PARTICULAR;Motociclista;52;MASCULINO;HERIDOS;0;0;0;0;CALLE 40BSUR CON CARRERA 28;;LA MINA;6.15999383334022, -75.58201569909124;CHOQUE;VEHICULO;NO REPORTADO;RESIDENCIAL;Normal;Desobedecer señales
2220844;8/04/2022;5:48:00 p. m.;Viernes;2022;Abril;MOTOCICLETA;PARTICULAR;Motociclista;22;FEMENINO;HERIDOS;0;0;0;0;CARRERA 50 ENTRE CALLES 26SUR Y 27SUR ;;LAS VEGAS;6.184493, -75.587579;VOLCAMIENTO;NO REPORTADO;NO REPORTADO;COMERCIAL;Normal;Impericia en el manejo
2220844;8/04/2022;5:48:00 p. m.;Viernes;2022;Abril;MOTOCICLETA;PARTICULAR;Acompañante;42;FEMENINO;HERIDOS;0;0;0;0;CARRERA 50 ENTRE CALLES 26SUR Y 27SUR ;;LAS VEGAS;6.184493, -75.587579;VOLCAMIENTO;NO REPORTADO;NO REPORTADO;COMERCIAL;Normal;Impericia en el manejo
2220845;8/04/2022;5:30:00 a. m.;Viernes;2022;Abril;MOTOCICLETA;PARTICULAR;Motociclista;27;MASCULINO;HERIDOS;0;0;0;0;CARRERA 48 CON CALLE 30SUR;;LAS VEGAS;6.179496718217783, -75.58819458527805;CHOQUE;VEHICULO;NO REPORTADO;COMERCIAL;Lluvia;Exceso de velocidad  -  Semaforo en rojo
2220846;8/04/2022;2:40:00 p. m.;Viernes;2022;Abril;MOTOCICLETA;PARTICULAR;Motociclista;22;MASCULINO;HERIDOS;0;0;0;0;CARRERA 43 CON CALLE 35SUR;;ZONA CENTRO;6.1721409268356044, -75.58671047809528;CHOQUE;VEHICULO;NO REPORTADO;COMERCIAL;Normal;Desobedecer señales
2220847;8/04/2022;7:10:00 a. m.;Viernes;2022;Abril;MOTOCICLETA;PARTICULAR;Motociclista;31;MASCULINO;HERIDOS;0;0;0;0;KILOMETRO 17 ;medellín palmas envigado (km 12 - km 16+700);VEREDA PALMAS;6.153591570245191, -75.53282044519636;CHOQUE;VEHICULO;NO REPORTADO;NO REPORTADO;Normal;Desobedecer señales
2220848;9/04/2022;10:37:00 a. m.;Sábado;2022;Abril;MOTOCICLETA;PARTICULAR;Motociclista;25;MASCULINO;HERIDOS;0;0;0;0;CALLE 37SUR CON CARRERA 48;;LAS VEGAS;6.173643245908734, -75.59239554469394;CHOQUE;VEHICULO;NO REPORTADO;RESIDENCIAL;Normal;Otra-Conductor
2220849;10/04/2022;1:50:00 a. m.;Domingo;2022;Abril;MOTOCICLETA;PARTICULAR;Motociclista;26;MASCULINO;HERIDOS;0;0;0;0;TRANSVERSAL 33SUR CON DIAGONAL 32D;;LA MAGNOLIA;6.174088, -75.583688;CHOQUE;VEHICULO;NO REPORTADO;RESIDENCIAL;Normal;Otra-Conductor
2220855;18/04/2022;5:15:00 a. m.;Lunes;2022;Abril;MOTOCICLETA;PARTICULAR;Motociclista;34;MASCULINO;HERIDOS;0;0;0;0;CARRERA 50 ENBTRE CALLES 43SUR Y 39SUR ;;LAS VEGAS;6.171018, -75.600755;CHOQUE;VEHICULO;NO REPORTADO;INDUSTRIAL;Normal;No mantener distancia de seguridad
2220855;18/04/2022;5:15:00 a. m.;Lunes;2022;Abril;MOTOCICLETA;PARTICULAR;Acompañante;27;FEMENINO;HERIDOS;0;0;0;0;CARRERA 50 ENBTRE CALLES 43SUR Y 39SUR ;;LAS VEGAS;6.171018, -75.600755;CHOQUE;VEHICULO;NO REPORTADO;INDUSTRIAL;Normal;No mantener distancia de seguridad
2220863;11/04/2022;4:35:00 p. m.;Lunes;2022;Abril;MOTOCICLETA;PARTICULAR;Motociclista;50;MASCULINO;HERIDOS;0;0;0;0;CALLE 38SUR CON CARRERA 39;;ZONA CENTRO;6.1684458280732954, -75.58532092081687;CHOQUE;VEHICULO;NO REPORTADO;RESIDENCIAL;Normal;Adelantar en zona prohibida  -  Desobedecer señales
2220864;11/04/2022;11:10:00 a. m.;Lunes;2022;Abril;MOTOCICLETA;PARTICULAR;Motociclista;24;MASCULINO;HERIDOS;0;0;0;0;CALLE 38SUR FRENTE AL 39-51;;ZONA CENTRO;6.168513, -75.585771;CHOQUE;VEHICULO;NO REPORTADO;COMERCIAL;Normal;Otra-Conductor
2220866;12/04/2022;3:30:00 p. m.;Martes;2022;Abril;MOTOCICLETA;PARTICULAR;Motociclista;52;MASCULINO;HERIDOS;0;0;0;0;CARRERA 48 CON CALLE 34SUR;;LAS VEGAS;6.175553163814159, -75.59100803476572;OTRO;NO REPORTADO;NO REPORTADO;COMERCIAL;Normal;Huecos
2220867;13/04/2022;7:00:00 a. m.;Miércoles;2022;Abril;MOTOCICLETA;PARTICULAR;Acompañante;34;FEMENINO;HERIDOS;0;0;0;0;CARRERA 43A CON CALLE 26SUR;;VILLA GRANDE;6.180787, -75.582810;OTRO;NO REPORTADO;NO REPORTADO;RESIDENCIAL;Normal;Impericia en el manejo