NRO_RADICADO;FECHA_ACCIDENTE;HORA_ACCIDENTE;Día de la semana;AÑO;MES;CLASE_VEHICULO;TIPO_SERVICIO;TIPO_VICTIMA;EDAD;GENERO;GRAVEDAD;ESTADO_BEODEZ;ESTADO_DROGA;RESULTADO_BEODEZ;RESUL_BEODEZ_GRAMOS;DIRECCION_CARACT_VIA;TRAMO_VIA;LOCALIDAD_O_COMUNA;    GEORREFERENCIACIÓN;DESC_CLASE_ACCIDENTE;DESC_CHOQUE_ACCIDENTE;DESC_OBJETO_FIJO;DESC_SECTOR_ACCIDENTE;CONDICION_CLIMATICA;CAUSA_ACCIDENTE
2220867;13/04/2022;7:00:00 a. m.;Miércoles;2022;Abril;MOTOCICLETA;PARTICULAR;Motociclista;29;MASCULINO;HERIDOS;0;0;0;0;CARRERA 43A CON CALLE 26SUR;;VILLA GRANDE;6.180787, -75.582810;OTRO;NO REPORTADO;NO REPORTADO;RESIDENCIAL;Normal;Impericia en el manejo
2220868;13/04/2022;3:40:00 p. m.;Miércoles;2022;Abril;BICICLETA;;Ciclista;32;MASCULINO;HERIDOS;0;0;0;0;CALLE 36SUR #19-53;;VEREDA SANTA CATALINA;6.16674589351758, -75.55494724212622;CHOQUE;VEHICULO;NO REPORTADO;RESIDENCIAL;Normal;Otra-Conductor
2220869;14/04/2022;9:50:00 p. m.;Jueves;2022;Abril;AUTOMOVIL;PARTICULAR;Peaton;9;MASCULINO;HERIDOS;0;0;0;0;CARRERA 43A FRENTE AL 31ASUR-39;;SAN MARCOS;6.176097206938011, -75.58562594657398;ATROPELLO;NO REPORTADO;NO REPORTADO;COMERCIAL;Normal;Reverso imprudente
2220870;16/04/2022;10:30:00 p. m.;Sábado;2022;Abril;MOTOCICLETA;PARTICULAR;Motociclista;41;MASCULINO;HERIDOS;0;0;0;0;CALLE 45BSUR CON CARRERA 43A;;LA PAZ;6.164857, -75.594882;CHOQUE;VEHICULO;NO REPORTADO;RESIDENCIAL;Normal;Otra-Conductor
2220871;16/04/2022;9:55:00 a. m.;Sábado;2022;Abril;MOTOCICLETA;PARTICULAR;Acompañante;36;FEMENINO;HERIDOS;0;0;0;0;CARRERA 43A CON CALLE 21SUR;;ZUÑIGA;6.183680213953464, -75.57954444758047;CHOQUE;VEHICULO;NO REPORTADO;COMERCIAL;Normal;Semaforo en rojo
2220872;10/04/2022;6:10:00 a. m.;Domingo;2022;Abril;BICICLETA;;Ciclista;30;MASCULINO;HERIDOS;0;0;0;0;CARRERA 49A CON CALLE 46SUR ;;LAS VEGAS;6.169079, -75.601935;CHOQUE;VEHICULO;NO REPORTADO;RESIDENCIAL;Normal;No respetar pelacion de interseccion o giros
2220893;19/04/2022;5:40:00 a. m.;Martes;2022;Abril;MOTOCICLETA;PARTICULAR;Motociclista;29;FEMENINO;HERIDOS;0;0;0;0;CARRERA 48 #34SUR-10;;LAS VEGAS;6.175283991025048, -75.59091121308224;VOLCAMIENTO;NO REPORTADO;NO REPORTADO;RESIDENCIAL;Normal;Huecos
2220895;20/04/2022;6:50:00 a. m.;Miércoles;2022;Abril;MOTOCICLETA;PARTICULAR;Peaton;33;FEMENINO;HERIDOS;0;0;0;0;CALLE 39 SUR CON CARRERA 27B;;SAN JOSE;6.158899188904893, -75.5788844894309;ATROPELLO;NO REPORTADO;NO REPORTADO;RESIDENCIAL;Normal;Superficie humeda
2220897;19/04/2022;4:45:00 p. m.;Martes;2022;Abril;MOTOCICLETA;PARTICULAR;Motociclista;27;MASCULINO;HERIDOS;0;0;0;0;CARRERA 46A CON CALLE 44 SUR;;MILAN VALLEJUELOS;6.166333254014366, -75.59525366227149;CHOQUE;VEHICULO;NO REPORTADO;RESIDENCIAL;Normal;Impericia en el manejo  -  No respetar prelacion
2220899;19/04/2022;5:50:00 p. m.;Martes;2022;Abril;AUTOMOVIL;PARTICULAR;Acompañante;22;FEMENINO;HERIDOS;0;0;0;0;CALLE 38A SUR CON CARRERA 33;;MESA;6.16554205420364, -75.58258831566809;CHOQUE;VEHICULO;NO REPORTADO;RESIDENCIAL;Normal;Desobedecer señales
2220899;19/04/2022;5:50:00 p. m.;Martes;2022;Abril;AUTOMOVIL;PARTICULAR;Acompañante;19;FEMENINO;HERIDOS;0;0;0;0;CALLE 38A SUR CON CARRERA 33;;MESA;6.16554205420364, -75.58258831566809;CHOQUE;VEHICULO;NO REPORTADO;RESIDENCIAL;Normal;Desobedecer señales
2220900;19/04/2022;4:50:00 p. m.;Martes;2022;Abril;AUTOMOVIL;PARTICULAR;Conductor;65;FEMENINO;HERIDOS;0;0;0;0;KILOMETRO 14+730;medellín palmas envigado (km 12 - km 16+700);VEREDA PALMAS;6.1528657298734695, -75.54537797149703;VOLCAMIENTO;NO REPORTADO;NO REPORTADO;NO REPORTADO;Normal;Otra-Conductor
2220900;19/04/2022;4:50:00 p. m.;Martes;2022;Abril;AUTOMOVIL;PARTICULAR;Acompañante;39;MASCULINO;HERIDOS;0;0;0;0;KILOMETRO 14+730;medellín palmas envigado (km 12 - km 16+700);VEREDA PALMAS;6.1528657298734695, -75.54537797149703;VOLCAMIENTO;NO REPORTADO;NO REPORTADO;NO REPORTADO;Normal;Otra-Conductor
2220900;19/04/2022;4:50:00 p. m.;Martes;2022;Abril;AUTOMOVIL;PARTICULAR;Acompañante;8;FEMENINO;HERIDOS;0;0;0;0;KILOMETRO 14+730;medellín palmas envigado (km 12 - km 16+700);VEREDA PALMAS;6.1528657298734695, -75.54537797149703;VOLCAMIENTO;NO REPORTADO;NO REPORTADO;NO REPORTADO;Normal;Otra-Conductor
2220901;18/04/2022;6:40:00 a. m.;Lunes;2022;Abril;MOTOCICLETA;PARTICULAR;Motociclista;25;MASCULINO;HERIDOS;0;0;0;0;CALLE 25 SUR #42A-5;;LAS ORQUIDEAS;6.179563, -75.579767;CHOQUE;VEHICULO;NO REPORTADO;RESIDENCIAL;Lluvia;Adelantar invadiendo carril de sentido contrario  -  Poner en marcha un vehiculo sin precauci
2220903;19/04/2022;7:40:00 a. m.;Martes;2022;Abril;MOTOCICLETA;PARTICULAR;Motociclista;18;MASCULINO;HERIDOS;0;0;0;0;CALLE 33BSUR CON CARRERA 43A;;SAN MARCOS;6.173418964317044, -75.58690567770749;CHOQUE;VEHICULO;NO REPORTADO;RESIDENCIAL;Normal;Desobedecer señales
2220905;19/04/2022;8:00:00 a. m.;Martes;2022;Abril;MOTOCICLETA;PARTICULAR;Motociclista;23;MASCULINO;HERIDOS;0;0;0;0;DIAGONAL 31 CON TRANSVERSAL 36SUR;;LA SEBASTIANA;6.168199, -75.580307;CHOQUE;VEHICULO;NO REPORTADO;RESIDENCIAL;Normal;Semaforo en rojo
2220905;19/04/2022;8:00:00 a. m.;Martes;2022;Abril;MOTOCICLETA;PARTICULAR;Motociclista;40;MASCULINO;HERIDOS;0;0;0;0;DIAGONAL 31 CON TRANSVERSAL 36SUR;;LA SEBASTIANA;6.168199, -75.580307;CHOQUE;VEHICULO;NO REPORTADO;RESIDENCIAL;Normal;Semaforo en rojo
2220907;19/04/2022;3:00:00 p. m.;Martes;2022;Abril;MOTOCICLETA;PARTICULAR;Motociclista;30;MASCULINO;HERIDOS;0;0;0;0;KILOMETRO 15+290;medellín palmas envigado (km 12 - km 16+700);VEREDA PALMAS;6.152850767564346, -75.54355449903103;CHOQUE;OBJETO FIJO;OTRO TIPO;NO REPORTADO;Normal;Impericia en el manejo
2220915;21/04/2022;10:35:00 p. m.;Jueves;2022;Abril;MOTOCICLETA;PARTICULAR;Acompañante;18;MASCULINO;HERIDOS;0;0;0;0;CARRERA 48 CON CALLE 38 SUR;;LAS VEGAS;6.1728750073445156, -75.59282694398259;CHOQUE;VEHICULO;NO REPORTADO;RESIDENCIAL;Lluvia;Otra-Conductor
2220916;21/04/2022;5:25:00 p. m.;Jueves;2022;Abril;MOTOCICLETA;PARTICULAR;Motociclista;31;MASCULINO;HERIDOS;0;0;0;0;CALLE 36DSUR #14-121;;VEREDA EL ESCOBERO;6.153226301377766, -75.56420754925966;CHOQUE;VEHICULO;NO REPORTADO;RESIDENCIAL;Normal;Impericia en el manejo
2220930;22/04/2022;11:10:00 a. m.;Viernes;2022;Abril;MOTOCICLETA;PARTICULAR;Motociclista;57;MASCULINO;HERIDOS;0;0;0;0;CARRERA 50 ENTRE CALLE 17 Y 18 SUR;;LAS VEGAS;6.189110, -75.582753;VOLCAMIENTO;NO REPORTADO;NO REPORTADO;RESIDENCIAL;Normal;Fallas en las llantas
2220936;21/04/2022;6:00:00 p. m.;Jueves;2022;Abril;BICICLETA;;Ciclista;37;MASCULINO;HERIDOS;0;0;0;0;CARRERA 43A CON CALLE 40 SUR;;ALCALA;6.168032, -75.590225;CHOQUE;VEHICULO;NO REPORTADO;RESIDENCIAL;Normal;Otra-Conductor
2220943;20/04/2022;6:30:00 p. m.;Miércoles;2022;Abril;MOTOCICLETA;PARTICULAR;Motociclista;42;MASCULINO;HERIDOS;0;0;0;0;CARRERA 27 CON CALLE 23SUR;;ZUÑIGA;6.176829, -75.567557;CHOQUE;VEHICULO;NO REPORTADO;RESIDENCIAL;Lluvia;Poner en marcha un vehiculo sin precauci  -  Superficie humeda
2220945;21/04/2022;4:10:00 p. m.;Jueves;2022;Abril;MOTOCICLETA;PARTICULAR;Motociclista;25;MASCULINO;HERIDOS;0;0;0;0;CARRERA 48 #46ASUR-31;;LAS VEGAS;6.166095148382649, -75.59960613881331;CHOQUE;VEHICULO;NO REPORTADO;RESIDENCIAL;Normal;No mantener distancia de seguridad
2220947;22/04/2022;5:00:00 p. m.;Viernes;2022;Abril;MOTOCICLETA;PARTICULAR;Motociclista;42;FEMENINO;HERIDOS;0;0;0;0;CALLE 27 SUR #28-131;;ALTO DE MISAEL;6.177594980753615, -75.57667765455943;CHOQUE;VEHICULO;NO REPORTADO;RESIDENCIAL;Normal;Adelantar invadiendo carril del mismo sentido en zigzag  -  Poner en marcha un vehiculo sin precauci
2220951;23/04/2022;11:50:00 a. m.;Sábado;2022;Abril;CAMPERO;PARTICULAR;Peaton;75;FEMENINO;HERIDOS;0;0;0;0;DIAGONAL 40 #34SUR-05;;OBRERO;6.171952708669649, -75.58529894839968;ATROPELLO;NO REPORTADO;NO REPORTADO;RESIDENCIAL;Normal;Desobedecer señales  -  Impericia en el manejo
2220956;23/04/2022;4:30:00 p. m.;Sábado;2022;Abril;AUTOMOVIL;PUBLICO;Pasajero;43;FEMENINO;HERIDOS;0;0;0;0;CALLE 39 SUR #43-55;;ZONA CENTRO;6.168824052159256, -75.58914182176612;CHOQUE;VEHICULO;NO REPORTADO;RESIDENCIAL;Normal;No mantener distancia de seguridad
2220956;23/04/2022;4:30:00 p. m.;Sábado;2022;Abril;AUTOMOVIL;PUBLICO;Conductor;45;MASCULINO;HERIDOS;0;0;0;0;CALLE 39 SUR #43-55;;ZONA CENTRO;6.168824052159256, -75.58914182176612;CHOQUE;VEHICULO;NO REPORTADO;RESIDENCIAL;Normal;No mantener distancia de seguridad
2220960;25/04/2022;5:03:00 p. m.;Lunes;2022;Abril;MOTOCICLETA;PARTICULAR;Motociclista;36;FEMENINO;HERIDOS;0;0;0;;CARRERA 48 #38SUR-48;;LAS VEGAS;6.171275, -75.594079;OTRO;NO REPORTADO;NO REPORTADO;RESIDENCIAL;Normal;Desobedecer señales
2220963;23/04/2022;8:10:00 a. m.;Sábado;2022;Abril;BICICLETA;;Ciclista;60;MASCULINO;HERIDOS;0;0;0;0;KILOMETRO 13+540;retiro varia palmas enviga (km 5+43 - km 14+ 550);VEREDA PALMAS;6.159304849639924, -75.53087561697764;CHOQUE;VEHICULO;NO REPORTADO;NO REPORTADO;Normal;No mantener distancia de seguridad
2220968;22/04/2022;4:40:00 p. m.;Viernes;2022;Abril;MICROBUS;PUBLICO;Pasajero;3;MASCULINO;HERIDOS;0;0;0;0;CALLE 38 SUR #43-32;;ZONA CENTRO;6.170310027407937, -75.58790801857276;CHOQUE;VEHICULO;NO REPORTADO;RESIDENCIAL;Normal;Arrancar sin precaucion
2220969;23/04/2022;12:53:00 p. m.;Sábado;2022;Abril;MOTOCICLETA;OFICIAL;Acompañante;21;MASCULINO;HERIDOS;0;0;0;0;CALLE 38ASUR CON CARRERA 43A;;ZONA CENTRO;6.169976294317454, -75.58919281896733;CHOQUE;VEHICULO;NO REPORTADO;RESIDENCIAL;Normal;Girar bruscamente
2220969;23/04/2022;12:53:00 p. m.;Sábado;2022;Abril;MOTOCICLETA;OFICIAL;Motociclista;23;MASCULINO;HERIDOS;0;0;0;0;CALLE 38ASUR CON CARRERA 43A;;ZONA CENTRO;6.169976294317454, -75.58919281896733;CHOQUE;VEHICULO;NO REPORTADO;RESIDENCIAL;Normal;Girar bruscamente
2220970;23/04/2022;5:40:00 a. m.;Sábado;2022;Abril;MOTOCICLETA;PARTICULAR;Peaton;63;MASCULINO;HERIDOS;0;0;0;0;CALLE 38SUR CON CARRERA 31;;MESA;6.165485, -75.581190;ATROPELLO;NO REPORTADO;NO REPORTADO;RESIDENCIAL;Normal;Cruzar en curva
2220971;25/04/2022;7:05:00 a. m.;Lunes;2022;Abril;MOTOCICLETA;PARTICULAR;Acompañante;29;MASCULINO;HERIDOS;0;0;0;0;CALLE 37 SUR #42-24;;ZONA CENTRO;6.170666533133797, -75.58694439545827;CAIDA OCUPANTE;NO REPORTADO;NO REPORTADO;RESIDENCIAL;Normal;Frenar bruscamente  -  Superficie humeda
2220981;23/04/2022;11:30:00 p. m.;Sábado;2022;Abril;MOTOCICLETA;PARTICULAR;Motociclista;23;MASCULINO;HERIDOS;0;0;0;0;CARRERA 43A CON CALLE 48CS;;PRIMAVERA;6.162222305860492, -75.5976995886002;CHOQUE;VEHICULO;NO REPORTADO;RESIDENCIAL;Normal;Otra-Conductor
2220987;26/04/2022;4:50:00 a. m.;Martes;2022;Abril;MOTOCICLETA;PARTICULAR;Motociclista;35;MASCULINO;HERIDOS;0;0;0;;CARRERA 43A #45SUR38;;LA PAZ;6.171422, -75.588054;CHOQUE;VEHICULO;NO REPORTADO;RESIDENCIAL;Normal;Semaforo en rojo
2220989;27/04/2022;5:40:00 p. m.;Miércoles;2022;Abril;BUSETA;PUBLICO;Pasajero;78;FEMENINO;MUERTOS;0;0;0;;TRANSVERSAL 36SUR ENTRE CARRERA 27G Y 29A;;LA INMACULADA;6.167276, -75.577072;CAIDA OCUPANTE;NO REPORTADO;NO REPORTADO;RESIDENCIAL;Normal;Transitar con las puertas abiertas
2220990;26/04/2022;8:45:00 p. m.;Martes;2022;Abril;MICROBUS;PUBLICO;Pasajero;43;FEMENINO;MUERTOS;0;0;0;0;CALLE 40SUR # 24F-62;;EL SALADO;6.151433, -75.577527;CAIDA OCUPANTE;NO REPORTADO;NO REPORTADO;RESIDENCIAL;Normal;Transitar con las puertas abiertas
2220993;25/04/2022;6:15:00 p. m.;Lunes;2022;Abril;MOTOCICLETA;PARTICULAR;Motociclista;42;MASCULINO;HERIDOS;0;0;0;0;DIAGONAL 31C CON TRANSVERSAL 33ASUR;;LAS FLORES;6.174140191511153, -75.5803999590558;CHOQUE;VEHICULO;NO REPORTADO;RESIDENCIAL;Normal;Semaforo en rojo  -  Trasportar otras personas o cosas
2220994;27/04/2022;7:45:00 a. m.;Miércoles;2022;Abril;MOTOCICLETA;PARTICULAR;Motociclista;29;MASCULINO;HERIDOS;0;0;0;;CARRERA 49 #30 SUR 66;;LAS VEGAS;6.180341, -75.590571;CHOQUE;VEHICULO;NO REPORTADO;RESIDENCIAL;Normal;Desobedecer señales
2220994;27/04/2022;7:45:00 a. m.;Miércoles;2022;Abril;MOTOCICLETA;PARTICULAR;Motociclista;37;MASCULINO;HERIDOS;0;0;0;;CARRERA 49 #30 SUR 66;;LAS VEGAS;6.180341, -75.590571;CHOQUE;VEHICULO;NO REPORTADO;RESIDENCIAL;Normal;Desobedecer señales
2221000;26/04/2022;9:00:00 p. m.;Martes;2022;Abril;AUTOMOVIL;PARTICULAR;Acompañante;6;FEMENINO;HERIDOS;0;0;0;0;CARRERA 50 ENTRE CALLE 47SUR Y 48SUR;;LAS VEGAS;6.166087, -75.602677;CHOQUE;OBJETO FIJO;VEHICULO ESTACIONADO;RESIDENCIAL;Normal;Estacionar sin seguridad
2221003;27/04/2022;2:00:00 p. m.;Miércoles;2022;Abril;MOTOCICLETA;PARTICULAR;Acompañante;31;FEMENINO;HERIDOS;0;0;0;0;KILOMETRO 4+600;el escobero - km 0-13);VEREDA EL ESCOBERO;6.12669461492521, -75.54832394737032;CHOQUE;OBJETO FIJO;BARANDA;NO REPORTADO;Normal;Impericia en el manejo
2221003;27/04/2022;2:00:00 p. m.;Miércoles;2022;Abril;MOTOCICLETA;PARTICULAR;Motociclista;34;MASCULINO;HERIDOS;0;0;0;0;KILOMETRO 4+600;el escobero - km 0-13);VEREDA EL ESCOBERO;6.12669461492521, -75.54832394737032;CHOQUE;OBJETO FIJO;BARANDA;NO REPORTADO;Normal;Impericia en el manejo
2221005;26/04/2022;10:00:00 p. m.;Martes;2022;Abril;MOTOCICLETA;PARTICULAR;Motociclista;33;FEMENINO;HERIDOS;0;0;0;0;KILOMETRO 18;retiro varia palmas enviga (km 5+43 - km 14+ 550);VEREDA PALMAS;6.144989400624123, -75.52645214853997;CHOQUE;VEHICULO;NO REPORTADO;NO REPORTADO;Normal;Adelantar en zona prohibida
2221012;27/04/2022;2:30:00 p. m.;Miércoles;2022;Abril;MOTOCICLETA;PARTICULAR;Motociclista;19;MASCULINO;HERIDOS;0;0;0;0;CALLE 46 SUR CON CARRERA 44;;PRIMAVERA;6.164270, -75.596313;CHOQUE;VEHICULO;NO REPORTADO;RESIDENCIAL;Normal;Desobedecer señales
2221015;27/04/2022;8:00:00 a. m.;Miércoles;2022;Abril;MOTOCICLETA;PARTICULAR;Motociclista;24;FEMENINO;HERIDOS;0;0;0;0;CARRERA 49 #25ASUR-36;;LAS VEGAS;6.186260, -75.585118;OTRO;NO REPORTADO;NO REPORTADO;RESIDENCIAL;Normal;Huecos
2221017;28/04/2022;6:30:00 p. m.;Jueves;2022;Abril;VOLQUETA;PUBLICO;Peaton;13;MASCULINO;HERIDOS;0;0;0;0;KILOMETRO 17;medellín palmas envigado (km 12 - km 16+700);VEREDA PALMAS;6.153591570245191, -75.53282044519636;CHOQUE;OBJETO FIJO;INMUEBLE;NO REPORTADO;Normal;Estacionar sin seguridad
2221020;29/04/2022;10:00:00 p. m.;Viernes;2022;Abril;MOTOCICLETA;PARTICULAR;Motociclista;20;MASCULINO;MUERTOS;0;0;0;0;KILOMETRO 12+470;medellín palmas envigado (km 12 - km 16+700);VEREDA PALMAS;6.170156, -75.545710;CHOQUE;OBJETO FIJO;OTRO TIPO;NO REPORTADO;Normal;Impericia en el manejo
2221023;1/05/2022;5:00:00 a. m.;Domingo;2022;Mayo;MOTOCICLETA;PARTICULAR;Motociclista;54;MASCULINO;MUERTOS;0;0;0;0;CARRERA 43A #48CSUR30;;LOMA DEL BARRO;6.161954, -75.597909;CHOQUE;OBJETO FIJO;ARBOL;RESIDENCIAL;Normal;Impericia en el manejo
2221028;28/04/2022;9:50:00 a. m.;Jueves;2022;Abril;MOTOCICLETA;PARTICULAR;Motociclista;28;MASCULINO;HERIDOS;0;0;0;0;CARRERA 50 ENTRE CALLE 46ASUR Y 43SUR;;LAS VEGAS;6.168548, -75.602176;CHOQUE;VEHICULO;NO REPORTADO;RESIDENCIAL;Normal;No mantener distancia de seguridad  -  Transitar entre vehiculos
2221029;29/04/2022;8:20:00 a. m.;Viernes;2022;Abril;CAMPERO;PUBLICO;Pasajero;37;FEMENINO;HERIDOS;0;0;0;0;KILOMETRO 14+550;medellín palmas envigado (km 12 - km 16+700);VEREDA PALMAS;6.154014510886843, -75.54459724535866;CHOQUE;OBJETO FIJO;POSTE;NO REPORTADO;Normal;Impericia en el manejo
2221029;29/04/2022;8:20:00 a. m.;Viernes;2022;Abril;CAMPERO;PUBLICO;Pasajero;37;FEMENINO;HERIDOS;0;0;0;0;KILOMETRO 14+550;medellín palmas envigado (km 12 - km 16+700);VEREDA PALMAS;6.154014510886843, -75.54459724535866;CHOQUE;OBJETO FIJO;POSTE;NO REPORTADO;Normal;Impericia en el manejo
2221029;29/04/2022;8:20:00 a. m.;Viernes;2022;Abril;CAMPERO;PUBLICO;Conductor;45;MASCULINO;HERIDOS;0;0;0;0;KILOMETRO 14+550;medellín palmas envigado (km 12 - km 16+700);VEREDA PALMAS;6.154014510886843, -75.54459724535866;CHOQUE;OBJETO FIJO;POSTE;NO REPORTADO;Normal;Impericia en el manejo
2221029;29/04/2022;8:20:00 a. m.;Viernes;2022;Abril;CAMPERO;PUBLICO;Pasajero;29;FEMENINO;HERIDOS;0;0;0;0;KILOMETRO 14+550;medellín palmas envigado (km 12 - km 16+700);VEREDA PALMAS;6.154014510886843, -75.54459724535866;CHOQUE;OBJETO FIJO;POSTE;NO REPORTADO;Normal;Impericia en el manejo
2221031;29/04/2022;5:30:00 a. m.;Viernes;2022;Abril;MOTOCICLETA;PARTICULAR;Motociclista;33;MASCULINO;HERIDOS;0;0;0;0;CARRERA 50 CON CALLE 46ASUR;;LAS VEGAS;6.168548, -75.602176;CHOQUE;VEHICULO;NO REPORTADO;INDUSTRIAL;Normal;No mantener distancia de seguridad
2221031;29/04/2022;5:30:00 a. m.;Viernes;2022;Abril;MOTOCICLETA;PARTICULAR;Motociclista;61;MASCULINO;HERIDOS;0;0;0;0;CARRERA 50 CON CALLE 46ASUR;;LAS VEGAS;6.168548, -75.602176;CHOQUE;VEHICULO;NO REPORTADO;INDUSTRIAL;Normal;No mantener distancia de seguridad
2221032;27/04/2022;11:50:00 a. m.;Miércoles;2022;Abril;MOTOCICLETA;PARTICULAR;Motociclista;22;MASCULINO;HERIDOS;0;0;0;0;CARRERA 43A #48CSUR-45;;PRIMAVERA;6.174456859382945, -75.58631803761769;CHOQUE;VEHICULO;NO REPORTADO;RESIDENCIAL;Normal;Adelantar en curva
2221034;27/04/2022;5:10:00 p. m.;Miércoles;2022;Abril;MOTOCICLETA;PARTICULAR;Acompañante;60;FEMENINO;HERIDOS;0;0;0;0;CARRERA 29D #41SUR-61;;SAN RAFAEL;6.159139951174346, -75.58551425614405;CAIDA OCUPANTE;NO REPORTADO;NO REPORTADO;RESIDENCIAL;Lluvia;Otra-Via
2221037;28/04/2022;10:15:00 a. m.;Jueves;2022;Abril;MOTOCICLETA;PARTICULAR;Motociclista;54;FEMENINO;HERIDOS;0;0;0;0;CALLE 21 SUR ENTRE CARRERA 43 y 43a;;ZUÑIGA;6.183732850094325, -75.57950525830353;CHOQUE;VEHICULO;NO REPORTADO;RESIDENCIAL;Normal;No mantener distancia de seguridad
2221042;29/04/2022;11:00:00 a. m.;Viernes;2022;Abril;AUTOMOVIL;PARTICULAR;Peaton;72;FEMENINO;HERIDOS;0;0;0;0;CARRERA 43A CON CALLE 23SUR;;BOSQUES DE ZUÑIGA;6.182617, -75.580384;ATROPELLO;NO REPORTADO;NO REPORTADO;RESIDENCIAL;Normal;Cruzar sin observar
2221043;29/04/2022;12:40:00 p. m.;Viernes;2022;Abril;MOTOCICLETA;PARTICULAR;Motociclista;23;MASCULINO;HERIDOS;0;0;0;0;CARRERA 32 CON CALLE 39SUR;;MESA;6.1645691051772395, -75.58248633576189;CHOQUE;VEHICULO;NO REPORTADO;RESIDENCIAL;Normal;Desobedecer señales
2221044;29/04/2022;9:20:00 p. m.;Viernes;2022;Abril;MOTOCICLETA;PARTICULAR;Acompañante;18;FEMENINO;HERIDOS;0;0;0;0;KILOMETRO 14+100;medellín palmas envigado (km 12 - km 16+700);VEREDA PALMAS;6.1570684241846445, -75.54669388123231;CAIDA OCUPANTE;NO REPORTADO;NO REPORTADO;NO REPORTADO;Normal;Embriaguez aparente
2221046;29/04/2022;7:40:00 a. m.;Viernes;2022;Abril;BICICLETA;;Ciclista;26;MASCULINO;HERIDOS;0;0;0;0;CARRERA 43A #23 SUR 64;;BOSQUES DE ZUÑIGA;6.182103858930055, -75.58077321928195;CHOQUE;VEHICULO;NO REPORTADO;RESIDENCIAL;Normal;Otra-Conductor
2221056;30/04/2022;10:50:00 a. m.;Sábado;2022;Abril;MOTOCICLETA;PARTICULAR;Motociclista;44;FEMENINO;HERIDOS;0;0;0;0;CALLE 38ASUR #32-06;;MESA;6.172115, -75.591801;CHOQUE;VEHICULO;NO REPORTADO;RESIDENCIAL;Normal;Desobedecer señales
2221057;2/05/2022;3:35:00 p. m.;Lunes;2022;Mayo;MOTOCICLETA;PARTICULAR;Motociclista;48;MASCULINO;HERIDOS;0;0;0;0;CARRERA 50 #46ASUR16;;LAS VEGAS;6.167889, -75.602347;CHOQUE;VEHICULO;NO REPORTADO;RESIDENCIAL;Normal;Adelantar cerrando  -  Desobedecer señales
2221058;1/05/2022;1:20:00 p. m.;Domingo;2022;Mayo;MOTOCICLETA;PARTICULAR;Motociclista;24;MASCULINO;HERIDOS;0;0;0;0;CARRERA 24D #40SUR 160;;EL SALADO;6.147159, -75.576454;CHOQUE;VEHICULO;NO REPORTADO;RESIDENCIAL;Normal;Desobedecer señales
2221059;3/05/2022;7:45:00 a. m.;Martes;2022;Mayo;MOTOCICLETA;PARTICULAR;Acompañante;55;FEMENINO;HERIDOS;0;0;0;0;CARRERA 49A #48SUR-100;;LAS VEGAS;6.165748, -75.602615;CHOQUE;VEHICULO;NO REPORTADO;RESIDENCIAL;Normal;Desobedecer señales
2221059;3/05/2022;7:45:00 a. m.;Martes;2022;Mayo;MOTOCICLETA;PARTICULAR;Motociclista;52;MASCULINO;HERIDOS;0;0;0;0;CARRERA 49A #48SUR-100;;LAS VEGAS;6.165748, -75.602615;CHOQUE;VEHICULO;NO REPORTADO;RESIDENCIAL;Normal;Desobedecer señales
2221066;4/05/2022;8:07:00 a. m.;Miércoles;2022;Mayo;MOTOCICLETA;PARTICULAR;Peaton;74;FEMENINO;HERIDOS;0;0;0;0;CALLE 20 SUR #45-47;;ZUÑIGA;6.184976760048733, -75.58057513538341;ATROPELLO;NO REPORTADO;NO REPORTADO;RESIDENCIAL;Normal;Otra-Peatón
2221068;3/05/2022;9:40:00 p. m.;Martes;2022;Mayo;MOTOCICLETA;PARTICULAR;Motociclista;40;MASCULINO;HERIDOS;0;0;0;0;CARRERA 50 #26SUR-125;;LAS VEGAS;6.185018, -75.586991;CHOQUE;VEHICULO;NO REPORTADO;RESIDENCIAL;Normal;Adelantar cerrando  -  Girar bruscamente
2221068;3/05/2022;9:40:00 p. m.;Martes;2022;Mayo;MOTOCICLETA;PARTICULAR;Motociclista;32;MASCULINO;HERIDOS;0;0;0;0;CARRERA 50 #26SUR-125;;LAS VEGAS;6.185018, -75.586991;CHOQUE;VEHICULO;NO REPORTADO;RESIDENCIAL;Normal;Adelantar cerrando  -  Girar bruscamente
2221068;3/05/2022;9:40:00 p. m.;Martes;2022;Mayo;MOTOCICLETA;PARTICULAR;Acompañante;23;MASCULINO;HERIDOS;0;0;0;0;CARRERA 50 #26SUR-125;;LAS VEGAS;6.185018, -75.586991;CHOQUE;VEHICULO;NO REPORTADO;RESIDENCIAL;Normal;Adelantar cerrando  -  Girar bruscamente
2221074;3/05/2022;7:20:00 a. m.;Martes;2022;Mayo;MOTOCICLETA;PARTICULAR;Motociclista;21;MASCULINO;HERIDOS;0;0;0;0;CALLE 25SUR #46-185;;BOSQUES DE ZUÑIGA;6.184870325449919, -75.58254555208309;CHOQUE;VEHICULO;NO REPORTADO;RESIDENCIAL;Normal;Reverso imprudente
2221078;1/05/2022;8:40:00 p. m.;Domingo;2022;Mayo;MOTOCICLETA;PARTICULAR;Acompañante;20;FEMENINO;HERIDOS;0;0;0;0;CARRERA 50 CON CALLE 25A SUR;;LAS VEGAS;6.186597, -75.584900;CHOQUE;VEHICULO;NO REPORTADO;RESIDENCIAL;Normal;Adelantar por la derecha
2221078;1/05/2022;8:40:00 p. m.;Domingo;2022;Mayo;MOTOCICLETA;PARTICULAR;Motociclista;23;MASCULINO;HERIDOS;0;0;0;0;CARRERA 50 CON CALLE 25A SUR;;LAS VEGAS;6.186597, -75.584900;CHOQUE;VEHICULO;NO REPORTADO;RESIDENCIAL;Normal;Adelantar por la derecha