NRO_RADICADO;FECHA_ACCIDENTE;HORA_ACCIDENTE;Día de la semana;AÑO;MES;CLASE_VEHICULO;TIPO_SERVICIO;TIPO_VICTIMA;EDAD;GENERO;GRAVEDAD;ESTADO_BEODEZ;ESTADO_DROGA;RESULTADO_BEODEZ;RESUL_BEODEZ_GRAMOS;DIRECCION_CARACT_VIA;TRAMO_VIA;LOCALIDAD_O_COMUNA;    GEORREFERENCIACIÓN;DESC_CLASE_ACCIDENTE;DESC_CHOQUE_ACCIDENTE;DESC_OBJETO_FIJO;DESC_SECTOR_ACCIDENTE;CONDICION_CLIMATICA;CAUSA_ACCIDENTE
2221078;1/05/2022;8:40:00 p. m.;Domingo;2022;Mayo;MOTOCICLETA;PARTICULAR;Motociclista;30;MASCULINO;HERIDOS;0;0;0;0;CARRERA 50 CON CALLE 25A SUR;;LAS VEGAS;6.186597, -75.584900;CHOQUE;VEHICULO;NO REPORTADO;RESIDENCIAL;Normal;Adelantar por la derecha
2221079;4/05/2022;5:50:00 p. m.;Miércoles;2022;Mayo;MOTOCICLETA;PARTICULAR;Motociclista;20;MASCULINO;HERIDOS;0;0;0;0;CARRERA 48 FRENTE AL 32BSUR-139;;LAS VEGAS;6.1762844337092, -75.5907449535185;CHOQUE;VEHICULO;NO REPORTADO;RESIDENCIAL;Normal;No respetar prelacion
2221080;2/05/2022;9:55:00 a. m.;Lunes;2022;Mayo;MOTOCICLETA;PARTICULAR;Motociclista;19;MASCULINO;HERIDOS;0;0;0;0;CARRERA 46 FRENTE AL 23SUR-26;;BOSQUES DE ZUÑIGA;6.1836481556594185, -75.58254386460258;CHOQUE;VEHICULO;NO REPORTADO;RESIDENCIAL;Normal;No respetar prelacion
2221082;2/05/2022;9:30:00 a. m.;Lunes;2022;Mayo;MOTOCICLETA;PARTICULAR;Motociclista;44;MASCULINO;HERIDOS;0;0;0;0;KILOMETRO 6;pantanill;VEREDA PANTANILLO;6.178165493390462, -75.492566619275;CHOQUE;VEHICULO;NO REPORTADO;NO REPORTADO;Normal;No respetar prelacion
2221084;2/05/2022;1:30:00 p. m.;Lunes;2022;Mayo;MOTOCICLETA;PARTICULAR;Motociclista;29;MASCULINO;HERIDOS;0;0;0;0;DIAGONAL 33 CON TRANSVERSAL 34DD SUR;;LOS NARANJOS;6.170375, -75.583005;CHOQUE;VEHICULO;NO REPORTADO;RESIDENCIAL;Normal;No mantener distancia de seguridad
2221085;2/05/2022;6:22:00 p. m.;Lunes;2022;Mayo;MOTOCICLETA;PARTICULAR;Motociclista;19;MASCULINO;HERIDOS;0;0;0;0;KILOMETRO 2;el escobero - km 0-13);VEREDA EL ESCOBERO;6.140368199952394, -75.55884976575692;CAIDA OCUPANTE;NO REPORTADO;NO REPORTADO;NO REPORTADO;Normal;Impericia en el manejo
2221085;2/05/2022;6:22:00 p. m.;Lunes;2022;Mayo;MOTOCICLETA;PARTICULAR;Acompañante;18;FEMENINO;HERIDOS;0;0;0;0;KILOMETRO 2;el escobero - km 0-13);VEREDA EL ESCOBERO;6.140368199952394, -75.55884976575692;CAIDA OCUPANTE;NO REPORTADO;NO REPORTADO;NO REPORTADO;Normal;Impericia en el manejo
2221086;3/05/2022;8:00:00 p. m.;Martes;2022;Mayo;MOTOCICLETA;PARTICULAR;Motociclista;29;MASCULINO;HERIDOS;0;0;0;0;CALLE 36DSUR FRENTE A #25-41;;VEREDA EL ESCOBERO;6.157454, -75.567424;VOLCAMIENTO;NO REPORTADO;NO REPORTADO;RESIDENCIAL;Normal;Huecos
2221086;3/05/2022;8:00:00 p. m.;Martes;2022;Mayo;MOTOCICLETA;PARTICULAR;Acompañante;25;FEMENINO;HERIDOS;0;0;0;0;CALLE 36DSUR FRENTE A #25-41;;VEREDA EL ESCOBERO;6.157454, -75.567424;VOLCAMIENTO;NO REPORTADO;NO REPORTADO;RESIDENCIAL;Normal;Huecos
2221087;4/05/2022;7:38:00 a. m.;Miércoles;2022;Mayo;BICICLETA;;Ciclista;43;MASCULINO;HERIDOS;0;0;0;0;CARRERA 43A FRENTE A #44SUR-38;;LA PAZ;6.178584121935083, -75.58388919528927;CHOQUE;OBJETO FIJO;VEHICULO ESTACIONADO;RESIDENCIAL;Normal;ABRIR LAS PUERTAS SIN PRECAUCION
2221088;3/05/2022;4:00:00 p. m.;Martes;2022;Mayo;MOTOCICLETA;PARTICULAR;Motociclista;20;MASCULINO;HERIDOS;0;0;0;0;CALLE 36DSUR FRENTE AL #27A-105;;LA PRADERA;6.163104780459349, -75.57194226643283;CHOQUE;VEHICULO;NO REPORTADO;RESIDENCIAL;Normal;No respetar pelacion de interseccion o giros
2221089;4/05/2022;1:40:00 p. m.;Miércoles;2022;Mayo;CAMPERO;PARTICULAR;Acompañante;3;FEMENINO;HERIDOS;0;0;0;0;CALLE 37 SUR ENTRE CARRERA 27y 27A;;LOMA DE LAS BRUJAS;6.159872, -75.571113;CAIDA OCUPANTE;NO REPORTADO;NO REPORTADO;RESIDENCIAL;Normal;Otra-Conductor
2221090;5/05/2022;7:50:00 a. m.;Jueves;2022;Mayo;MOTOCICLETA;PARTICULAR;Motociclista;40;MASCULINO;HERIDOS;0;0;0;;DIAGONAL 33 CON TRANSVERSAL 34B SUR;;OBRERO;6.171736082893288, -75.58353978795046;CHOQUE;VEHICULO;NO REPORTADO;RESIDENCIAL;Normal;Desobedecer señales
2221091;5/05/2022;7:33:00 a. m.;Jueves;2022;Mayo;MOTOCICLETA;PARTICULAR;Motociclista;37;MASCULINO;HERIDOS;0;0;0;;KILOMETRO 15+750;retiro varia palmas enviga (km 5+43 - km 14+ 550);VEREDA PALMAS;6.153359457320712, -75.54076452432349;CHOQUE;VEHICULO;NO REPORTADO;NO REPORTADO;Lluvia;No mantener distancia de seguridad
2221094;7/05/2022;8:55:00 p. m.;Sábado;2022;Mayo;MOTOCICLETA;PARTICULAR;Motociclista;21;MASCULINO;HERIDOS;0;0;0;;CARRERA 48 CON CALLE 39SUR;;LAS VEGAS;6.171651, -75.593859;CHOQUE;VEHICULO;NO REPORTADO;RESIDENCIAL;Normal;Otra-Conductor
2221097;6/05/2022;1:00:00 p. m.;Viernes;2022;Mayo;MOTOCICLETA;PARTICULAR;Acompañante;6;FEMENINO;HERIDOS;0;0;0;0;CARRERA 46A CON CALLE 45CSUR;;PRIMAVERA;6.16467376868773, -75.59662491931932;CHOQUE;VEHICULO;NO REPORTADO;RESIDENCIAL;Normal;No respetar pelacion de interseccion o giros
2221097;6/05/2022;1:00:00 p. m.;Viernes;2022;Mayo;MOTOCICLETA;PARTICULAR;Motociclista;32;FEMENINO;HERIDOS;0;0;0;0;CARRERA 46A CON CALLE 45CSUR;;PRIMAVERA;6.16467376868773, -75.59662491931932;CHOQUE;VEHICULO;NO REPORTADO;RESIDENCIAL;Normal;No respetar pelacion de interseccion o giros
2221099;5/05/2022;12:25:00 p. m.;Jueves;2022;Mayo;AUTOMOVIL;PUBLICO;Conductor;60;MASCULINO;HERIDOS;0;0;0;0;CALLE 39SUR CON CARRERA 31;;MESA;6.16425856565173, -75.58199133110409;CHOQUE;VEHICULO;NO REPORTADO;RESIDENCIAL;Normal;Desobedecer señales
2221099;5/05/2022;12:25:00 p. m.;Jueves;2022;Mayo;AUTOMOVIL;PUBLICO;Pasajero;52;FEMENINO;HERIDOS;0;0;0;0;CALLE 39SUR CON CARRERA 31;;MESA;6.16425856565173, -75.58199133110409;CHOQUE;VEHICULO;NO REPORTADO;RESIDENCIAL;Normal;Desobedecer señales
2221109;9/05/2022;8:30:00 a. m.;Lunes;2022;Mayo;MOTOCICLETA;PARTICULAR;Motociclista;32;MASCULINO;HERIDOS;0;0;0;0;CALLE 38SUR CON CARRERA 46;;ALCALA;6.171837, -75.591412;CHOQUE;VEHICULO;NO REPORTADO;COMERCIAL;Normal;Adelantar cerrando  -  Girar bruscamente
2221111;7/05/2022;6:40:00 a. m.;Sábado;2022;Mayo;BICICLETA;;Ciclista;36;MASCULINO;HERIDOS;0;0;0;0;CALLE 25SUR CON CARRERA 42B;;LAS ORQUIDEAS;6.179639, -75.580526;CHOQUE;VEHICULO;NO REPORTADO;RESIDENCIAL;Normal;Otra-Conductor
2221111;7/05/2022;6:40:00 a. m.;Sábado;2022;Mayo;MOTOCICLETA;PARTICULAR;Motociclista;43;FEMENINO;HERIDOS;0;0;0;0;CALLE 25SUR CON CARRERA 42B;;LAS ORQUIDEAS;6.179639, -75.580526;CHOQUE;VEHICULO;NO REPORTADO;RESIDENCIAL;Normal;Otra-Conductor
2221115;5/05/2022;5:20:00 p. m.;Jueves;2022;Mayo;MOTOCICLETA;PARTICULAR;Acompañante;24;FEMENINO;HERIDOS;0;0;0;0;KILOMETRO 14+170;medellín palmas envigado (km 12 - km 16+700);VEREDA PALMAS;6.156606653336548, -75.54683381753293;CHOQUE;VEHICULO;NO REPORTADO;NO REPORTADO;Normal;Impericia en el manejo
2221119;7/05/2022;2:45:00 p. m.;Sábado;2022;Mayo;AUTOMOVIL;PARTICULAR;Conductor;27;MASCULINO;HERIDOS;0;0;0;0;CALLE 40SUR FRENTE AL #24DD-22;;EL SALADO;6.147662036586598, -75.5763146646031;CHOQUE;VEHICULO;NO REPORTADO;RESIDENCIAL;Lluvia;Adelantar invadiendo carril de sentido contrario
2221122;7/05/2022;1:10:00 p. m.;Sábado;2022;Mayo;MOTOCICLETA;PARTICULAR;Motociclista;44;MASCULINO;HERIDOS;0;0;0;0;CARRERA 41 CON CALLE 40SUR;;EL DORADO;6.166935202032056, -75.58797133279036;CHOQUE;VEHICULO;NO REPORTADO;RESIDENCIAL;Normal;Adelantar en zona prohibida
2221129;9/05/2022;4:30:00 p. m.;Lunes;2022;Mayo;MOTOCICLETA;PARTICULAR;Motociclista;30;MASCULINO;HERIDOS;0;0;0;0;CARRERA 25A CON CALLE 37SUR;;LA PRADERA;6.158656305851644, -75.56911759571673;CHOQUE;VEHICULO;NO REPORTADO;RESIDENCIAL;Normal;Desobedecer señales
2221133;9/05/2022;6:50:00 a. m.;Lunes;2022;Mayo;AUTOMOVIL;PARTICULAR;Conductor;17;FEMENINO;HERIDOS;0;0;0;0;CALLE 24 SUR CON CARRERA 38;;ZUÑIGA;6.177938290514777, -75.57271326460267;CHOQUE;VEHICULO;NO REPORTADO;RESIDENCIAL;Normal;No respetar pelacion de interseccion o giros
2221135;9/05/2022;4:00:00 p. m.;Lunes;2022;Mayo;MOTOCICLETA;PARTICULAR;Peaton;6;MASCULINO;HERIDOS;0;0;0;0;CARRERA 24E FRENTE AL #40SUR-66;;EL SALADO;6.149484797105252, -75.57675930579;ATROPELLO;NO REPORTADO;NO REPORTADO;RESIDENCIAL;Normal;Impericia en el manejo
2221138;7/05/2022;10:30:00 p. m.;Sábado;2022;Mayo;MOTOCICLETA;PARTICULAR;Acompañante;22;FEMENINO;HERIDOS;0;0;0;0;DIAGONAL 31 CON TRANSVERSAL 34SUR;;LAS FLORES;6.173493804743519, -75.57910511943345;CHOQUE;VEHICULO;NO REPORTADO;RESIDENCIAL;Normal;Otra-Conductor
2221138;7/05/2022;10:30:00 p. m.;Sábado;2022;Mayo;MOTOCICLETA;PARTICULAR;Motociclista;26;MASCULINO;HERIDOS;0;0;0;0;DIAGONAL 31 CON TRANSVERSAL 34SUR;;LAS FLORES;6.173493804743519, -75.57910511943345;CHOQUE;VEHICULO;NO REPORTADO;RESIDENCIAL;Normal;Otra-Conductor
2221148;12/05/2022;7:30:00 p. m.;Jueves;2022;Mayo;BICICLETA;;Peaton;53;MASCULINO;HERIDOS;0;0;0;0;DIAGONAL 30 FRENTE AL #34BSUR-03;;URIBE ANGEL;6.172828804282444, -75.57812993131955;ATROPELLO;NO REPORTADO;NO REPORTADO;RESIDENCIAL;Normal;Otra-Conductor
2221149;12/05/2022;7:30:00 p. m.;Jueves;2022;Mayo;BICICLETA;;Ciclista;26;MASCULINO;HERIDOS;0;0;0;;CALLE 37SUR FRENTE AL #43A-204;;SAN MARCOS;6.1711251519629275, -75.58829788871292;CHOQUE;VEHICULO;NO REPORTADO;RESIDENCIAL;Normal;Adelantar cerrando  -  Girar bruscamente
2221150;9/05/2022;1:10:00 p. m.;Lunes;2022;Mayo;MOTOCICLETA;PARTICULAR;Peaton;65;MASCULINO;HERIDOS;0;0;0;0;CALLE 38 SUR FRENTE AL #47A-18;;ALCALA;6.172768066169382, -75.59240366478542;ATROPELLO;NO REPORTADO;NO REPORTADO;RESIDENCIAL;Normal;Cruzar sin observar
2221151;10/05/2022;8:40:00 p. m.;Martes;2022;Mayo;MOTOCICLETA;PARTICULAR;Motociclista;40;FEMENINO;HERIDOS;0;0;0;0;CARRERA 24B FRENTE AL #40ASUR-162;;LA MINA;6.151356300967943, -75.58143267809554;CHOQUE;OBJETO FIJO;VEHICULO ESTACIONADO;RESIDENCIAL;Normal;ABRIR LAS PUERTAS SIN PRECAUCION
2221152;11/05/2022;2:05:00 p. m.;Miércoles;2022;Mayo;MOTOCICLETA;PARTICULAR;Motociclista;30;MASCULINO;HERIDOS;0;0;0;0;CALLE 37SUR CON CARRERA 40A;;ZONA CENTRO;6.169688827529043, -75.58597695111028;CHOQUE;VEHICULO;NO REPORTADO;RESIDENCIAL;Normal;Desobedecer señales  -  Girar bruscamente
2221153;12/05/2022;11:40:00 a. m.;Jueves;2022;Mayo;MOTOCICLETA;PARTICULAR;Motociclista;30;FEMENINO;HERIDOS;0;0;0;0;CALLE 37SUR CON CARRERA 45A;;EL PORTAL;6.172210, -75.589763;OTRO;NO REPORTADO;NO REPORTADO;RESIDENCIAL;Normal;Huecos
2221161;12/05/2022;4:50:00 p. m.;Jueves;2022;Mayo;BICICLETA;;Ciclista;13;MASCULINO;HERIDOS;0;0;0;;CARRERA 28 FRENTE AL #34AASUR-61;;URIBE ANGEL;6.171084828867839, -75.57650138549857;CHOQUE;VEHICULO;NO REPORTADO;RESIDENCIAL;Normal;Adelantar invadiendo carril de sentido contrario
2221163;13/05/2022;8:15:00 a. m.;Viernes;2022;Mayo;MOTOCICLETA;PARTICULAR;Motociclista;20;FEMENINO;HERIDOS;0;0;0;;CARRERA 50 ENTRE CALLE 49SUR y 48SUR;;LAS VEGAS;6.166087, -75.602677;CHOQUE;VEHICULO;NO REPORTADO;RESIDENCIAL;Normal;Desobedecer señales
2221165;11/05/2022;2:40:00 p. m.;Miércoles;2022;Mayo;MOTOCICLETA;PARTICULAR;Peaton;17;MASCULINO;HERIDOS;0;0;0;0;CALLE 37SUR FRENTE AL #45A-14;;EL PORTAL;6.172216249680266, -75.58995623838746;ATROPELLO;NO REPORTADO;NO REPORTADO;RESIDENCIAL;Normal;Otra-Peatón
2221167;15/05/2022;5:30:00 p. m.;Domingo;2022;Mayo;AUTOMOVIL;PARTICULAR;Acompañante;14;MASCULINO;HERIDOS;0;0;0;0;KILOMETRO 13+200;medellín palmas envigado (km 12 - km 16+700);VEREDA PALMAS;6.164047396808054, -75.54555047608514;CHOQUE;VEHICULO;NO REPORTADO;NO REPORTADO;Normal;Exceso de velocidad
2221167;15/05/2022;5:30:00 p. m.;Domingo;2022;Mayo;AUTOMOVIL;PARTICULAR;Acompañante;11;FEMENINO;HERIDOS;0;0;0;0;KILOMETRO 13+200;medellín palmas envigado (km 12 - km 16+700);VEREDA PALMAS;6.164047396808054, -75.54555047608514;CHOQUE;VEHICULO;NO REPORTADO;NO REPORTADO;Normal;Exceso de velocidad
2221167;15/05/2022;5:30:00 p. m.;Domingo;2022;Mayo;AUTOMOVIL;PARTICULAR;Acompañante;2;MASCULINO;HERIDOS;0;0;0;0;KILOMETRO 13+200;medellín palmas envigado (km 12 - km 16+700);VEREDA PALMAS;6.164047396808054, -75.54555047608514;CHOQUE;VEHICULO;NO REPORTADO;NO REPORTADO;Normal;Exceso de velocidad
2221167;15/05/2022;5:30:00 p. m.;Domingo;2022;Mayo;AUTOMOVIL;PARTICULAR;Conductor;38;MASCULINO;HERIDOS;0;0;0;0;KILOMETRO 13+200;medellín palmas envigado (km 12 - km 16+700);VEREDA PALMAS;6.164047396808054, -75.54555047608514;CHOQUE;VEHICULO;NO REPORTADO;NO REPORTADO;Normal;Exceso de velocidad
2221168;10/05/2022;12:20:00 p. m.;Martes;2022;Mayo;MOTOCICLETA;PARTICULAR;Motociclista;22;MASCULINO;HERIDOS;0;0;0;0;CALLE 36DSUR #27-160;;LA PRADERA;6.163868862802389, -75.57173740508037;CHOQUE;VEHICULO;NO REPORTADO;RESIDENCIAL;Normal;Adelantar cerrando  -  Adelantar en curva
2221173;13/05/2022;7:10:00 p. m.;Viernes;2022;Mayo;MOTOCICLETA;PARTICULAR;Motociclista;21;MASCULINO;HERIDOS;0;0;0;0;DIAGONAL 32D CON TRANSVERSAL 32CSUR;;LA MAGNOLIA;6.174724192489091, -75.58385126275192;CHOQUE;VEHICULO;NO REPORTADO;RESIDENCIAL;Normal;Desobedecer señales
2221174;13/05/2022;10:45:00 a. m.;Viernes;2022;Mayo;MOTOCICLETA;PARTICULAR;Motociclista;27;MASCULINO;HERIDOS;0;0;0;0;KILOMETRO 7+150;retiro varia palmas enviga (km 5+43 - km 14+ 550);VEREDA PERICO;6.171540752079794, -75.49029011719227;CHOQUE;VEHICULO;NO REPORTADO;NO REPORTADO;Lluvia;Adelantar por la derecha
2221179;13/05/2022;7:00:00 a. m.;Viernes;2022;Mayo;MOTOCICLETA;PARTICULAR;Motociclista;21;MASCULINO;HERIDOS;0;0;0;0;KILOMETRO 7+140;retiro varia palmas enviga (km 5+43 - km 14+ 550);VEREDA PERICO;6.171477483052752, -75.4902725049993;CHOQUE;VEHICULO;NO REPORTADO;NO REPORTADO;Normal;Otra-Conductor
2221182;13/05/2022;10:27:00 p. m.;Viernes;2022;Mayo;MOTOCICLETA;PARTICULAR;Motociclista;19;MASCULINO;HERIDOS;0;0;0;;KILOMETRO 14;medellín palmas envigado (km 12 - km 16+700);VEREDA PALMAS;6.158065354734575, -75.54655033162547;CHOQUE;OBJETO FIJO;POSTE;NO REPORTADO;Normal;Impericia en el manejo
2221183;13/05/2022;9:30:00 p. m.;Viernes;2022;Mayo;AUTOMOVIL;PARTICULAR;Acompañante;51;MASCULINO;HERIDOS;0;0;0;0;CALLE 48ESUR FRENTE AL #42D-32;;LOMA DEL BARRO;6.159956, -75.598945;ATROPELLO;NO REPORTADO;NO REPORTADO;RESIDENCIAL;Normal;Reverso imprudente
2221187;14/05/2022;1:50:00 a. m.;Sábado;2022;Mayo;CAMPERO;PARTICULAR;Conductor;20;MASCULINO;HERIDOS;0;0;0;0;CALLE 30 SUR #43A-34;;JARDINES;6.17762859066485, -75.58552230878186;CHOQUE;VEHICULO;NO REPORTADO;RESIDENCIAL;Normal;No mantener distancia de seguridad
2221189;14/05/2022;10:20:00 a. m.;Sábado;2022;Mayo;MOTOCICLETA;PARTICULAR;Motociclista;44;MASCULINO;HERIDOS;0;0;0;0;CALLE 39 SUR CON CARRERA 43;;ZONA CENTRO;6.168698660795656, -75.58883912227444;CHOQUE;VEHICULO;NO REPORTADO;COMERCIAL;Normal;Desobedecer señales
2221190;13/05/2022;7:35:00 p. m.;Viernes;2022;Mayo;MOTOCICLETA;PARTICULAR;Motociclista;29;FEMENINO;HERIDOS;0;0;0;0;CARRERA 48 CON CALLE 37SUR;;LAS VEGAS;6.173473352424915, -75.59256588595376;CHOQUE;VEHICULO;NO REPORTADO;COMERCIAL;Normal;Arrancar sin precaucion
2221191;15/05/2022;8:00:00 p. m.;Domingo;2022;Mayo;MOTOCICLETA;OFICIAL;Motociclista;48;MASCULINO;HERIDOS;0;0;0;0;CALLE 36DSUR CON CARRERA 27;;LA PRADERA;6.166054, -75.574917;CHOQUE;OBJETO FIJO;OTRO TIPO;RESIDENCIAL;Normal;Impericia en el manejo
2221195;17/05/2022;6:00:00 a. m.;Martes;2022;Mayo;MOTOCICLETA;PARTICULAR;Motociclista;26;MASCULINO;HERIDOS;0;0;0;;KILOMETRO 14+160;medellín palmas envigado (km 12 - km 16+700);VEREDA PALMAS;6.156683487771682, -75.54674680416308;CHOQUE;OBJETO FIJO;MURO;NO REPORTADO;Normal;Desobedecer señales
2221199;16/05/2022;6:00:00 p. m.;Lunes;2022;Mayo;BICICLETA;;Ciclista;20;MASCULINO;HERIDOS;0;0;0;0;CALLE 20ASUR CON CARRERA 19;;ZUÑIGA;6.176926271311637, -75.55951856400698;CHOQUE;VEHICULO;NO REPORTADO;RESIDENCIAL;Normal;Transitar en contravia
2221200;16/05/2022;5:30:00 a. m.;Lunes;2022;Mayo;MOTOCICLETA;PARTICULAR;Motociclista;25;MASCULINO;HERIDOS;0;0;0;0;CALLE 36DSUR CON CARRERA 22;;VEREDA EL ESCOBERO;6.152043, -75.563921;CHOQUE;VEHICULO;NO REPORTADO;COMERCIAL;Normal;No respetar pelacion de interseccion o giros  -  Superficie humeda
2221201;17/05/2022;11:00:00 p. m.;Martes;2022;Mayo;MOTOCICLETA;PARTICULAR;Acompañante;21;FEMENINO;HERIDOS;0;0;0;0;DIAGONAL 31D CON TRANSVERSAL 34ASUR;;OBRERO;6.173367926754658, -75.58125517994607;CHOQUE;VEHICULO;NO REPORTADO;RESIDENCIAL;Lluvia;Transitar entre vehiculos
2221201;17/05/2022;11:00:00 p. m.;Martes;2022;Mayo;MOTOCICLETA;PARTICULAR;Motociclista;24;MASCULINO;HERIDOS;0;0;0;0;DIAGONAL 31D CON TRANSVERSAL 34ASUR;;OBRERO;6.173367926754658, -75.58125517994607;CHOQUE;VEHICULO;NO REPORTADO;RESIDENCIAL;Lluvia;Transitar entre vehiculos
2221203;17/05/2022;7:52:00 a. m.;Martes;2022;Mayo;MOTOCICLETA;PARTICULAR;Motociclista;85;MASCULINO;HERIDOS;0;0;0;;CALLE 38A SUR CON CARRERA 38;;MESA;6.167264, -75.585189;CHOQUE;VEHICULO;NO REPORTADO;RESIDENCIAL;Normal;No respetar prelacion
2221209;19/05/2022;6:31:00 a. m.;Jueves;2022;Mayo;BUS;PUBLICO;Peaton;64;MASCULINO;HERIDOS;0;0;0;;CARRERA 48 #25AASUR31;;LAS VEGAS;6.182888221889176, -75.58564022407155;ATROPELLO;NO REPORTADO;NO REPORTADO;RESIDENCIAL;Normal;Otra-Peatón
2221211;17/05/2022;4:35:00 p. m.;Martes;2022;Mayo;MOTOCICLETA;PARTICULAR;Motociclista;43;MASCULINO;HERIDOS;0;0;0;0;CARRERA 48 CON CALLE 50 SUR;;LAS VEGAS;6.162072458716961, -75.60353659646475;CHOQUE;VEHICULO;NO REPORTADO;RESIDENCIAL;Normal;Impericia en el manejo  -  No mantener distancia de seguridad
2221216;17/05/2022;3:40:00 p. m.;Martes;2022;Mayo;CUADRICICLO;PARTICULAR;Conductor;48;MASCULINO;HERIDOS;0;0;0;0;KILOMETRO 10+600;retiro varia palmas enviga (km 5+43 - km 14+ 550);VEREDA PANTANILLO;6.160723552776892, -75.50841987110792;CHOQUE;VEHICULO;NO REPORTADO;NO REPORTADO;Normal;Desobedecer señales  -  Exceso de velocidad
2221216;17/05/2022;3:40:00 p. m.;Martes;2022;Mayo;AUTOMOVIL;PARTICULAR;Acompañante;18;MASCULINO;HERIDOS;0;0;0;0;KILOMETRO 10+600;retiro varia palmas enviga (km 5+43 - km 14+ 550);VEREDA PANTANILLO;6.160723552776892, -75.50841987110792;CHOQUE;VEHICULO;NO REPORTADO;NO REPORTADO;Normal;Desobedecer señales  -  Exceso de velocidad
2221226;20/05/2022;5:40:00 p. m.;Viernes;2022;Mayo;MOTOCICLETA;PARTICULAR;Peaton;39;FEMENINO;HERIDOS;0;0;0;0;KILOMETRO 14;retiro varia palmas enviga (km 5+43 - km 14+ 550);VEREDA PALMAS;6.156654576215335, -75.53320354742701;ATROPELLO;NO REPORTADO;NO REPORTADO;NO REPORTADO;Normal;Adelantar por la derecha
2221237;18/05/2022;4:40:00 p. m.;Miércoles;2022;Mayo;MOTOCICLETA;PARTICULAR;Motociclista;32;MASCULINO;HERIDOS;0;0;0;0;DIAGONAL 31C CON TRANSVERSAL 34DSUR;;LAS FLORES;6.172066208042955, -75.58007338843481;CHOQUE;VEHICULO;NO REPORTADO;RESIDENCIAL;Normal;No mantener distancia de seguridad
2221238;18/05/2022;7:50:00 a. m.;Miércoles;2022;Mayo;MOTOCICLETA;PARTICULAR;Motociclista;57;FEMENINO;HERIDOS;0;0;0;0;CARRERA 48 FRENTE AL #25SUR-35;;LAS VEGAS;6.185018, -75.583370;CHOQUE;VEHICULO;NO REPORTADO;INDUSTRIAL;Normal;Otra-Conductor
2221239;18/05/2022;6:36:00 a. m.;Miércoles;2022;Mayo;BUS;PUBLICO;Pasajero;54;MASCULINO;HERIDOS;0;0;0;0;CALLE 39SUR FRENTE AL #35-53;;MESA;6.165872494779094, -75.58451681924736;CAIDA OCUPANTE;NO REPORTADO;NO REPORTADO;RESIDENCIAL;Normal;Arrancar sin precaucion
2221240;18/05/2022;6:47:00 p. m.;Miércoles;2022;Mayo;MOTOCICLETA;PARTICULAR;Acompañante;21;MASCULINO;HERIDOS;0;0;0;0;KILOMETRO 10;medellín palmas envigado (km 12 - km 16+700);VEREDA PANTANILLO;6.160885033510002, -75.5043012924961;CHOQUE;VEHICULO;NO REPORTADO;NO REPORTADO;Normal;Desobedecer señales
2221241;19/05/2022;6:45:00 a. m.;Jueves;2022;Mayo;MOTOCICLETA;PARTICULAR;Motociclista;23;MASCULINO;HERIDOS;0;0;0;0;CARRERA 48 FRENTE AL #19SUR-150;;LAS VEGAS;6.187311, -75.581618;CHOQUE;VEHICULO;NO REPORTADO;COMERCIAL;Normal;No mantener distancia de seguridad
2221242;21/05/2022;3:15:00 p. m.;Sábado;2022;Mayo;MOTOCICLETA;PARTICULAR;Peaton;59;FEMENINO;HERIDOS;0;0;0;0;KILOMETRO 15;medellín palmas envigado (km 12 - km 16+700);VEREDA PALMAS;6.152128363410714, -75.5458364089835;ATROPELLO;NO REPORTADO;NO REPORTADO;NO REPORTADO;Normal;Transitar entre vehiculos
2221243;20/05/2022;12:20:00 p. m.;Viernes;2022;Mayo;MOTOCICLETA;OFICIAL;Motociclista;53;MASCULINO;HERIDOS;0;0;0;0;CALLE 38ASUR CON CARRERA 42;;ZONA CENTRO;6.169044194317549, -75.58778937663863;CAIDA OCUPANTE;NO REPORTADO;NO REPORTADO;COMERCIAL;Normal;Impericia en el manejo
2221243;20/05/2022;12:20:00 p. m.;Viernes;2022;Mayo;MOTOCICLETA;OFICIAL;Acompañante;52;MASCULINO;HERIDOS;0;0;0;0;CALLE 38ASUR CON CARRERA 42;;ZONA CENTRO;6.169044194317549, -75.58778937663863;CAIDA OCUPANTE;NO REPORTADO;NO REPORTADO;COMERCIAL;Normal;Impericia en el manejo
2221244;20/05/2022;6:10:00 p. m.;Viernes;2022;Mayo;MOTOCICLETA;PARTICULAR;Motociclista;51;MASCULINO;HERIDOS;0;0;0;0;CARRERA 50 ENTRE CALLE 30SUR Y 32BSUR;;LAS VEGAS;6.179731, -75.591054;OTRO;NO REPORTADO;NO REPORTADO;RESIDENCIAL;Lluvia;Otra-Conductor
2221246;20/05/2022;9:20:00 a. m.;Viernes;2022;Mayo;MOTOCICLETA;PARTICULAR;Motociclista;26;MASCULINO;HERIDOS;0;0;0;0;KILOMETRO 16+640;medellín palmas envigado (km 12 - km 16+700);VEREDA PALMAS;6.153717550769277, -75.5334246838458;CHOQUE;VEHICULO;NO REPORTADO;NO REPORTADO;Normal;ABRIR LAS PUERTAS SIN PRECAUCION
2221252;20/05/2022;2:50:00 p. m.;Viernes;2022;Mayo;BICICLETA;;Ciclista;53;MASCULINO;HERIDOS;0;0;0;0;CALLE 33 SUR FRENTE AL #43-33;;ZONA CENTRO;6.17354940962819, -75.58645694266997;CHOQUE;VEHICULO;NO REPORTADO;RESIDENCIAL;Normal;Adelantar por la derecha