NRO_RADICADO;FECHA_ACCIDENTE;HORA_ACCIDENTE;Día de la semana;AÑO;MES;CLASE_VEHICULO;TIPO_SERVICIO;TIPO_VICTIMA;EDAD;GENERO;GRAVEDAD;ESTADO_BEODEZ;ESTADO_DROGA;RESULTADO_BEODEZ;RESUL_BEODEZ_GRAMOS;DIRECCION_CARACT_VIA;TRAMO_VIA;LOCALIDAD_O_COMUNA;    GEORREFERENCIACIÓN;DESC_CLASE_ACCIDENTE;DESC_CHOQUE_ACCIDENTE;DESC_OBJETO_FIJO;DESC_SECTOR_ACCIDENTE;CONDICION_CLIMATICA;CAUSA_ACCIDENTE
2221253;20/05/2022;8:00:00 a. m.;Viernes;2022;Mayo;CAMPERO;PARTICULAR;Conductor;53;MASCULINO;HERIDOS;0;0;0;0;KILOMETRO 8+260;retiro varia palmas enviga (km 5+43 - km 14+ 550);VEREDA PERICO;6.17234699285116, -75.49787613701365;CHOQUE;VEHICULO;NO REPORTADO;NO REPORTADO;Normal;Adelantar invadiendo carril de sentido contrario
2221255;20/05/2022;9:08:00 a. m.;Viernes;2022;Mayo;MOTOCICLETA;PARTICULAR;Motociclista;26;MASCULINO;HERIDOS;0;0;0;0;CARRERA 48 CON CALLE 50 SUR;;LAS VEGAS;6.162072458716961, -75.60353659646475;CHOQUE;VEHICULO;NO REPORTADO;RESIDENCIAL;Normal;Adelantar en zona prohibida
2221258;21/05/2022;5:20:00 a. m.;Sábado;2022;Mayo;MOTOCICLETA;PARTICULAR;Motociclista;30;MASCULINO;HERIDOS;0;0;0;0;CARRERA 43A CON CALLE 45B SUR;;LA PAZ;6.165105563145024, -75.59497543576704;CHOQUE;VEHICULO;NO REPORTADO;RESIDENCIAL;Normal;Semaforo en rojo
2221260;21/05/2022;8:50:00 p. m.;Sábado;2022;Mayo;MOTOCICLETA;PARTICULAR;Motociclista;24;MASCULINO;HERIDOS;0;0;0;0;KILOMETRO 8+240;retiro varia palmas enviga (km 5+43 - km 14+ 550);VEREDA PERICO;6.172306138780828, -75.49789615411972;CHOQUE;VEHICULO;NO REPORTADO;NO REPORTADO;Normal;Impericia en el manejo  -  No mantener distancia de seguridad
2221262;22/05/2022;9:20:00 p. m.;Domingo;2022;Mayo;MOTOCICLETA;PARTICULAR;Peaton;42;FEMENINO;HERIDOS;0;0;0;;CARRERA 43A FRENTE AL #33SUR-32;;SAN MARCOS;6.173560, -75.586656;ATROPELLO;NO REPORTADO;NO REPORTADO;RESIDENCIAL;Normal;Cruzar sin observar
2221264;22/05/2022;12:06:00 p. m.;Domingo;2022;Mayo;BICICLETA;;Ciclista;29;FEMENINO;HERIDOS;0;0;0;0;CARRERA 49 CON CALLE 37 SUR;;LAS VEGAS;6.175555, -75.594665;CHOQUE;VEHICULO;NO REPORTADO;RESIDENCIAL;Normal;Desobedecer señales
2221265;21/05/2022;8:20:00 p. m.;Sábado;2022;Mayo;BUS;;Peaton;64;MASCULINO;HERIDOS;0;0;0;;CALLE 37 SUR FRENTE AL #32-42;;LOS NARANJOS;6.167111, -75.581513;ATROPELLO;NO REPORTADO;NO REPORTADO;RESIDENCIAL;Normal;Cruzar en estado de embriaguez
2221266;21/05/2022;7:45:00 p. m.;Sábado;2022;Mayo;MOTOCICLETA;PARTICULAR;Acompañante;41;FEMENINO;HERIDOS;0;0;0;0;DIAGONAL 31E CON TRANSVERSAL 34D SUR;;OBRERO;6.17192700805297, -75.58039431274938;CHOQUE;VEHICULO;NO REPORTADO;RESIDENCIAL;Normal;Desobedecer señales
2221268;23/05/2022;10:45:00 a. m.;Lunes;2022;Mayo;MOTOCICLETA;PARTICULAR;Motociclista;28;MASCULINO;HERIDOS;0;0;0;0;CARRERA 50 FRENTE AL #46ASUR-127;;LAS VEGAS;6.167889, -75.602347;CHOQUE;VEHICULO;NO REPORTADO;RESIDENCIAL;Normal;Desobedecer señales
2221269;23/05/2022;5:50:00 p. m.;Lunes;2022;Mayo;MOTOCICLETA;PARTICULAR;Motociclista;62;MASCULINO;HERIDOS;0;0;0;;CALLE 21 SUR CON CARRERA 44;;BOSQUES DE ZUÑIGA;6.184469865402222, -75.58012941581737;CAIDA OCUPANTE;NO REPORTADO;NO REPORTADO;RESIDENCIAL;Normal;Otra-Conductor
2221269;23/05/2022;5:50:00 p. m.;Lunes;2022;Mayo;MOTOCICLETA;PARTICULAR;Acompañante;56;FEMENINO;HERIDOS;0;0;0;;CALLE 21 SUR CON CARRERA 44;;BOSQUES DE ZUÑIGA;6.184469865402222, -75.58012941581737;CAIDA OCUPANTE;NO REPORTADO;NO REPORTADO;RESIDENCIAL;Normal;Otra-Conductor
2221270;23/05/2022;12:50:00 p. m.;Lunes;2022;Mayo;MOTOCICLETA;PARTICULAR;Motociclista;33;MASCULINO;HERIDOS;0;0;0;0;CALLE 37 SUR ENTRE CARRERA 48 y 49;;LAS VEGAS;6.173894283129341, -75.59276355609126;CHOQUE;VEHICULO;NO REPORTADO;RESIDENCIAL;Normal;Adelantar cerrando
2221271;23/05/2022;10:30:00 a. m.;Lunes;2022;Mayo;MOTOCICLETA;PARTICULAR;Motociclista;32;FEMENINO;HERIDOS;0;0;0;0;CARRERA 43A FRENTE AL #32SUR-21;;SAN MARCOS;6.175269845632425, -75.58602298214166;CHOQUE;VEHICULO;NO REPORTADO;RESIDENCIAL;Normal;Desobedecer señales
2221272;24/05/2022;7:00:00 a. m.;Martes;2022;Mayo;MOTOCICLETA;OFICIAL;Motociclista;22;MASCULINO;HERIDOS;0;0;0;0;CARRERA 48 FRENTE AL #44SUR-95;;LAS VEGAS;6.1704374274129465, -75.59501312227447;CHOQUE;VEHICULO;NO REPORTADO;RESIDENCIAL;Normal;Adelantar invadiendo carril del mismo sentido en zigzag
2221273;24/05/2022;1:59:00 p. m.;Martes;2022;Mayo;MOTOCICLETA;PARTICULAR;Motociclista;23;MASCULINO;HERIDOS;0;0;0;0;CARRERA 50 FRENTE AL #37-239;;LAS VEGAS;6.174848, -75.595694;CHOQUE;VEHICULO;NO REPORTADO;RESIDENCIAL;Normal;No mantener distancia de seguridad
2221273;24/05/2022;1:59:00 p. m.;Martes;2022;Mayo;MOTOCICLETA;PARTICULAR;Motociclista;40;MASCULINO;HERIDOS;0;0;0;0;CARRERA 50 FRENTE AL #37-239;;LAS VEGAS;6.174848, -75.595694;CHOQUE;VEHICULO;NO REPORTADO;RESIDENCIAL;Normal;No mantener distancia de seguridad
2221274;24/05/2022;5:30:00 p. m.;Martes;2022;Mayo;MOTOCICLETA;PARTICULAR;Motociclista;34;MASCULINO;HERIDOS;0;0;0;0;CALLE 27DSUR FRENTE AL #28-71;;ALTO DE MISAEL;6.174523180508876, -75.57554432962748;CHOQUE;VEHICULO;NO REPORTADO;RESIDENCIAL;Normal;No mantener distancia de seguridad  -  Otra-Conductor
2221277;24/05/2022;10:30:00 a. m.;Martes;2022;Mayo;MOTOCICLETA;PARTICULAR;Motociclista;20;MASCULINO;HERIDOS;0;0;0;;CARRERA 50 ENTRE CALLES 39SUR Y 43SUR;;LAS VEGAS;6.171018, -75.600755;CHOQUE;VEHICULO;NO REPORTADO;INDUSTRIAL;Normal;Otra-Conductor
2221281;25/05/2022;9:30:00 p. m.;Miércoles;2022;Mayo;BICICLETA;;Ciclista;39;MASCULINO;HERIDOS;0;0;0;0;CARRERA 48 CON CALLE 41SUR;;LAS VEGAS;6.170220061034249, -75.59578144973783;CHOQUE;VEHICULO;NO REPORTADO;COMERCIAL;Normal;No hacer uso de señales reflectivas o luminosas  -  No respetar prelacion
2221282;25/05/2022;9:15:00 p. m.;Miércoles;2022;Mayo;AUTOMOVIL;PARTICULAR;Conductor;41;FEMENINO;HERIDOS;0;0;0;0;CALLE 36DSUR FRENTE AL #25A-31;;VEREDA EL ESCOBERO;6.158673337000575, -75.56653497525328;CHOQUE;VEHICULO;NO REPORTADO;RESIDENCIAL;Normal;Adelantar invadiendo carril de sentido contrario
2221283;26/05/2022;9:30:00 p. m.;Jueves;2022;Mayo;MOTOCICLETA;PARTICULAR;Motociclista;42;MASCULINO;HERIDOS;0;0;0;;KILOMETRO 14+580;medellín palmas envigado (km 12 - km 16+700);VEREDA PALMAS;6.153823242435789, -75.54454722753441;OTRO;NO REPORTADO;NO REPORTADO;NO REPORTADO;Normal;Desobedecer señales
2221283;26/05/2022;9:30:00 p. m.;Jueves;2022;Mayo;MOTOCICLETA;PARTICULAR;Acompañante;23;MASCULINO;HERIDOS;0;0;0;;KILOMETRO 14+580;medellín palmas envigado (km 12 - km 16+700);VEREDA PALMAS;6.153823242435789, -75.54454722753441;OTRO;NO REPORTADO;NO REPORTADO;NO REPORTADO;Normal;Desobedecer señales
2221284;26/05/2022;11:05:00 a. m.;Jueves;2022;Mayo;MOTOCICLETA;PARTICULAR;Motociclista;19;MASCULINO;HERIDOS;0;0;0;;CARRERA 43A CON CALLE 38A SUR;;ALCALA;6.1697077409398275, -75.58915413115817;CHOQUE;VEHICULO;NO REPORTADO;RESIDENCIAL;Normal;Semaforo en rojo
2221285;26/05/2022;7:40:00 a. m.;Jueves;2022;Mayo;MOTOCICLETA;PARTICULAR;Motociclista;28;MASCULINO;HERIDOS;0;0;0;;CARRERA 48 ENTRE CALLE 19SUR y 18CSUR;;LAS VEGAS;6.1877597217223235, -75.58163265314658;CHOQUE;VEHICULO;NO REPORTADO;RESIDENCIAL;Normal;No mantener distancia de seguridad  -  Transitar entre vehiculos
2221289;27/05/2022;8:30:00 p. m.;Viernes;2022;Mayo;MOTOCICLETA;PARTICULAR;Acompañante;24;FEMENINO;HERIDOS;0;0;0;;CALLE 36D SUR #27-160;;LA PRADERA;6.163197, -75.572027;CAIDA OCUPANTE;NO REPORTADO;NO REPORTADO;RESIDENCIAL;Normal;Impericia en el manejo
2221290;29/05/2022;2:15:00 a. m.;Domingo;2022;Mayo;MOTOCICLETA;OFICIAL;Motociclista;42;MASCULINO;HERIDOS;0;0;0;0;CALLE 27DSUR #28-71;;ALTO DE MISAEL;6.17493969893806, -75.57582291558786;CAIDA OCUPANTE;NO REPORTADO;NO REPORTADO;RESIDENCIAL;Normal;Impericia en el manejo
2221291;26/05/2022;6:30:00 a. m.;Jueves;2022;Mayo;MOTOCICLETA;PARTICULAR;Motociclista;51;MASCULINO;HERIDOS;0;0;0;0;CARRERA 43A FRENTE AL #48CSUR-177;;PRIMAVERA;6.1622039236852215, -75.59760849335608;CHOQUE;VEHICULO;NO REPORTADO;RESIDENCIAL;Normal;No mantener distancia de seguridad
2221304;26/05/2022;5:00:00 p. m.;Jueves;2022;Mayo;MOTOCICLETA;PARTICULAR;Motociclista;30;MASCULINO;HERIDOS;0;0;0;0;KILOMETRO 7+200;el escobero - km 0-13);VEREDA EL ESCOBERO;6.121284715072208, -75.53789019950452;CHOQUE;VEHICULO;NO REPORTADO;NO REPORTADO;Normal;Girar bruscamente
2221304;26/05/2022;5:00:00 p. m.;Jueves;2022;Mayo;BICICLETA;;Ciclista;34;MASCULINO;HERIDOS;0;0;0;0;KILOMETRO 7+200;el escobero - km 0-13);VEREDA EL ESCOBERO;6.121284715072208, -75.53789019950452;CHOQUE;VEHICULO;NO REPORTADO;NO REPORTADO;Normal;Girar bruscamente
2221305;26/05/2022;8:30:00 p. m.;Jueves;2022;Mayo;MOTOCICLETA;PARTICULAR;Motociclista;26;MASCULINO;HERIDOS;0;0;0;0;CARRERA 50 ENTRE CALLE 32BSUR y 32ASUR;;LAS VEGAS;6.178263, -75.591897;OTRO;NO REPORTADO;NO REPORTADO;RESIDENCIAL;Normal;Impericia en el manejo
2221306;27/05/2022;7:20:00 a. m.;Viernes;2022;Mayo;MOTOCICLETA;PARTICULAR;Motociclista;29;MASCULINO;HERIDOS;0;0;0;0;CALLE 48C SUR CON CARRERA 46;;PRIMAVERA;6.16305133039167, -75.59980320878202;CHOQUE;VEHICULO;NO REPORTADO;RESIDENCIAL;Normal;Adelantar en zona prohibida  -  Poner en marcha un vehiculo sin precauci
2221307;27/05/2022;11:40:00 p. m.;Viernes;2022;Mayo;MOTOCICLETA;PARTICULAR;Motociclista;20;MASCULINO;HERIDOS;0;0;0;0;KILOMETRO 8+520;retiro varia palmas enviga (km 5+43 - km 14+ 550);VEREDA PERICO;6.170062910190346, -75.49834625403481;OTRO;NO REPORTADO;NO REPORTADO;NO REPORTADO;Normal;Impericia en el manejo
2221308;27/05/2022;7:40:00 a. m.;Viernes;2022;Mayo;BUSETA;PUBLICO;Pasajero;60;MASCULINO;HERIDOS;0;0;0;0;CALLE 36SUR CON CARRERA 39;;OBRERO;6.169788127538652, -75.5843460192474;CAIDA OCUPANTE;NO REPORTADO;NO REPORTADO;RESIDENCIAL;Normal;Frenar bruscamente
2221309;28/05/2022;9:45:00 p. m.;Sábado;2022;Mayo;CAMIONETA;PARTICULAR;Conductor;34;FEMENINO;HERIDOS;0;0;0;0;KILOMETRO 13+10;medellín palmas envigado (km 12 - km 16+700);VEREDA PALMAS;6.165484733606752, -75.5450561294298;CHOQUE;VEHICULO;NO REPORTADO;NO REPORTADO;Normal;Impericia en el manejo  -  Vehiculo mal estacionado
2221309;28/05/2022;9:45:00 p. m.;Sábado;2022;Mayo;AUTOMOVIL;PARTICULAR;Conductor;17;MASCULINO;HERIDOS;0;0;0;0;KILOMETRO 13+10;medellín palmas envigado (km 12 - km 16+700);VEREDA PALMAS;6.165484733606752, -75.5450561294298;CHOQUE;VEHICULO;NO REPORTADO;NO REPORTADO;Normal;Impericia en el manejo  -  Vehiculo mal estacionado
2221310;28/05/2022;5:50:00 a. m.;Sábado;2022;Mayo;AUTOMOVIL;PARTICULAR;Conductor;23;MASCULINO;HERIDOS;0;0;0;0;CALLE 37 SUR ENTRE CARRERA 48 y 49;;LAS VEGAS;6.174071754953288, -75.5933393157943;CHOQUE;OBJETO FIJO;OTRO TIPO;RESIDENCIAL;Normal;Desobedecer señales
2221311;29/05/2022;4:00:00 a. m.;Domingo;2022;Mayo;MOTOCICLETA;PARTICULAR;Acompañante;37;FEMENINO;HERIDOS;0;0;0;0;CALLE 38 SUR CON CARRERA 41;;ZONA CENTRO;6.169306827789814, -75.58658004808319;CHOQUE;VEHICULO;NO REPORTADO;RESIDENCIAL;Normal;Semaforo en rojo
2221311;29/05/2022;4:00:00 a. m.;Domingo;2022;Mayo;MOTOCICLETA;PARTICULAR;Motociclista;33;MASCULINO;HERIDOS;0;0;0;0;CALLE 38 SUR CON CARRERA 41;;ZONA CENTRO;6.169306827789814, -75.58658004808319;CHOQUE;VEHICULO;NO REPORTADO;RESIDENCIAL;Normal;Semaforo en rojo
2221312;30/05/2022;11:16:00 p. m.;Lunes;2022;Mayo;MOTOCICLETA;PARTICULAR;Motociclista;27;MASCULINO;HERIDOS;0;0;0;0;CARRERA 50 CON CALLE 26 SUR;;LAS VEGAS;6.184920, -75.587152;VOLCAMIENTO;NO REPORTADO;NO REPORTADO;RESIDENCIAL;Lluvia;Otra-Via
2221313;31/05/2022;6:30:00 p. m.;Martes;2022;Mayo;MOTOCICLETA;PARTICULAR;Motociclista;30;MASCULINO;HERIDOS;0;0;0;0;CARRERA 48 FRENTE AL #38ASUR-20;;LAS VEGAS;6.172394344773296, -75.5931854800036;CHOQUE;VEHICULO;NO REPORTADO;RESIDENCIAL;Normal;No mantener distancia de seguridad
2221315;1/06/2022;9:10:00 a. m.;Miércoles;2022;Junio;BICICLETA;;Ciclista;58;MASCULINO;HERIDOS;0;0;0;0;CARRERA 49 ENTRE CALLE 48 SUR y 46 SUR;;LAS VEGAS;6.167889, -75.602347;CHOQUE;VEHICULO;NO REPORTADO;RESIDENCIAL;Normal;Impericia en el manejo
2221316;1/06/2022;12:48:00 p. m.;Miércoles;2022;Junio;MOTOCICLETA;PARTICULAR;Motociclista;65;MASCULINO;HERIDOS;0;0;0;0;CARRERA 37 FRENTE AL # 38SUR-26;;MESA;6.167712128299184, -75.58443315111029;CHOQUE;VEHICULO;NO REPORTADO;RESIDENCIAL;Normal;Dejar/recoger pasajeros sitio no demarca
2221319;4/06/2022;1:00:00 a. m.;Sábado;2022;Junio;MOTOCICLETA;PARTICULAR;Motociclista;26;MASCULINO;HERIDOS;0;0;0;0;CARRERA 50 CON CALLE 25A SUR;;LAS VEGAS;6.186597, -75.584900;CAIDA OCUPANTE;NO REPORTADO;NO REPORTADO;RESIDENCIAL;Normal;Embriaguez o droga
2221320;3/06/2022;9:45:00 p. m.;Viernes;2022;Junio;MOTOCICLETA;PARTICULAR;Motociclista;24;MASCULINO;HERIDOS;0;0;0;;CARRERA 50 ENTRE CALLE 43SUR Y 39 SUR;;LAS VEGAS;6.171018, -75.600755;CHOQUE;VEHICULO;NO REPORTADO;RESIDENCIAL;Normal;Girar bruscamente
2221320;3/06/2022;9:45:00 p. m.;Viernes;2022;Junio;MOTOCICLETA;PARTICULAR;Motociclista;21;MASCULINO;HERIDOS;0;0;0;0;CARRERA 50 ENTRE CALLE 43SUR Y 39 SUR;;LAS VEGAS;6.171018, -75.600755;CHOQUE;VEHICULO;NO REPORTADO;RESIDENCIAL;Normal;Girar bruscamente
2221321;5/06/2022;8:30:00 p. m.;Domingo;2022;Junio;MOTOCICLETA;PARTICULAR;Acompañante;33;FEMENINO;HERIDOS;0;0;0;0;KILOMETRO 8.9;el escobero - km 0-13);VEREDA EL ESCOBERO;6.125991696043565, -75.53517197653233;OTRO;NO REPORTADO;NO REPORTADO;NO REPORTADO;Normal;Impericia en el manejo
2221321;5/06/2022;8:30:00 p. m.;Domingo;2022;Junio;MOTOCICLETA;PARTICULAR;Motociclista;37;MASCULINO;HERIDOS;0;0;0;0;KILOMETRO 8.9;el escobero - km 0-13);VEREDA EL ESCOBERO;6.125991696043565, -75.53517197653233;OTRO;NO REPORTADO;NO REPORTADO;NO REPORTADO;Normal;Impericia en el manejo
2221325;5/06/2022;9:05:00 p. m.;Domingo;2022;Junio;MICROBUS;PUBLICO;Pasajero;41;FEMENINO;HERIDOS;0;0;0;0;DIAGONAL 30 FRENTE AL #34FSUR-07;;LA SEBASTIANA;6.170022124453926, -75.57858533458126;VOLCAMIENTO;NO REPORTADO;NO REPORTADO;RESIDENCIAL;Lluvia;Otra-Vehículo
2221325;5/06/2022;9:05:00 p. m.;Domingo;2022;Junio;MICROBUS;PUBLICO;Pasajero;35;MASCULINO;HERIDOS;0;0;0;0;DIAGONAL 30 FRENTE AL #34FSUR-07;;LA SEBASTIANA;6.170022124453926, -75.57858533458126;VOLCAMIENTO;NO REPORTADO;NO REPORTADO;RESIDENCIAL;Lluvia;Otra-Vehículo
2221325;5/06/2022;9:05:00 p. m.;Domingo;2022;Junio;MICROBUS;PUBLICO;Conductor;47;FEMENINO;HERIDOS;0;0;0;0;DIAGONAL 30 FRENTE AL #34FSUR-07;;LA SEBASTIANA;6.170022124453926, -75.57858533458126;VOLCAMIENTO;NO REPORTADO;NO REPORTADO;RESIDENCIAL;Lluvia;Otra-Vehículo
2221325;5/06/2022;9:05:00 p. m.;Domingo;2022;Junio;MICROBUS;PUBLICO;Pasajero;20;FEMENINO;HERIDOS;0;0;0;0;DIAGONAL 30 FRENTE AL #34FSUR-07;;LA SEBASTIANA;6.170022124453926, -75.57858533458126;VOLCAMIENTO;NO REPORTADO;NO REPORTADO;RESIDENCIAL;Lluvia;Otra-Vehículo
2221325;5/06/2022;9:05:00 p. m.;Domingo;2022;Junio;MICROBUS;PUBLICO;Pasajero;47;FEMENINO;HERIDOS;0;0;0;0;DIAGONAL 30 FRENTE AL #34FSUR-07;;LA SEBASTIANA;6.170022124453926, -75.57858533458126;VOLCAMIENTO;NO REPORTADO;NO REPORTADO;RESIDENCIAL;Lluvia;Otra-Vehículo
2221325;5/06/2022;9:05:00 p. m.;Domingo;2022;Junio;MICROBUS;PUBLICO;Pasajero;52;FEMENINO;HERIDOS;0;0;0;0;DIAGONAL 30 FRENTE AL #34FSUR-07;;LA SEBASTIANA;6.170022124453926, -75.57858533458126;VOLCAMIENTO;NO REPORTADO;NO REPORTADO;RESIDENCIAL;Lluvia;Otra-Vehículo
2221325;5/06/2022;9:05:00 p. m.;Domingo;2022;Junio;MICROBUS;PUBLICO;Pasajero;46;FEMENINO;HERIDOS;0;0;0;0;DIAGONAL 30 FRENTE AL #34FSUR-07;;LA SEBASTIANA;6.170022124453926, -75.57858533458126;VOLCAMIENTO;NO REPORTADO;NO REPORTADO;RESIDENCIAL;Lluvia;Otra-Vehículo
2221325;5/06/2022;9:05:00 p. m.;Domingo;2022;Junio;MICROBUS;PUBLICO;Pasajero;12;FEMENINO;HERIDOS;0;0;0;0;DIAGONAL 30 FRENTE AL #34FSUR-07;;LA SEBASTIANA;6.170022124453926, -75.57858533458126;VOLCAMIENTO;NO REPORTADO;NO REPORTADO;RESIDENCIAL;Lluvia;Otra-Vehículo
2221326;1/06/2022;5:30:00 p. m.;Miércoles;2022;Junio;MOTOTRICICLO;;Motociclista;27;FEMENINO;HERIDOS;0;0;0;0;CARRERA 48 FRENTE AL #32BSUR-139;;LAS VEGAS;6.1762844337092, -75.5907449535185;CHOQUE;VEHICULO;NO REPORTADO;RESIDENCIAL;Normal;Transitar en contravia
2221327;3/06/2022;8:15:00 p. m.;Viernes;2022;Junio;MOTOCICLETA;PARTICULAR;Motociclista;48;MASCULINO;HERIDOS;0;0;0;0;CARRERA 49A FRENTE AL #46ASUR-16;;LAS VEGAS;6.167889, -75.602347;CAIDA OCUPANTE;NO REPORTADO;NO REPORTADO;RESIDENCIAL;Normal;Impericia en el manejo
2221327;3/06/2022;8:15:00 p. m.;Viernes;2022;Junio;MOTOCICLETA;PARTICULAR;Acompañante;45;FEMENINO;HERIDOS;0;0;0;0;CARRERA 49A FRENTE AL #46ASUR-16;;LAS VEGAS;6.167889, -75.602347;CAIDA OCUPANTE;NO REPORTADO;NO REPORTADO;RESIDENCIAL;Normal;Impericia en el manejo
2221330;1/06/2022;10:20:00 p. m.;Miércoles;2022;Junio;MOTOCICLETA;PARTICULAR;Motociclista;29;MASCULINO;HERIDOS;0;0;0;0;CARRERA 50 FRENTE AL #46ASUR-62;;LAS VEGAS;6.167889, -75.602347;CHOQUE;VEHICULO;NO REPORTADO;RESIDENCIAL;Lluvia;Transitar entre vehiculos
2221334;6/06/2022;6:55:00 a. m.;Lunes;2022;Junio;MOTOCICLETA;PARTICULAR;Acompañante;25;FEMENINO;HERIDOS;0;0;0;0;CALLE 38 SUR CON CARRERA 41;;ZONA CENTRO;6.169306827789814, -75.58658004808319;CHOQUE;VEHICULO;NO REPORTADO;RESIDENCIAL;Normal;Impericia en el manejo
2221334;6/06/2022;6:55:00 a. m.;Lunes;2022;Junio;MOTOCICLETA;PARTICULAR;Motociclista;23;MASCULINO;HERIDOS;0;0;0;0;CALLE 38 SUR CON CARRERA 41;;ZONA CENTRO;6.169306827789814, -75.58658004808319;CHOQUE;VEHICULO;NO REPORTADO;RESIDENCIAL;Normal;Impericia en el manejo
2221334;6/06/2022;6:55:00 a. m.;Lunes;2022;Junio;MOTOCICLETA;PARTICULAR;Motociclista;39;MASCULINO;HERIDOS;0;0;0;0;CALLE 38 SUR CON CARRERA 41;;ZONA CENTRO;6.169306827789814, -75.58658004808319;CHOQUE;VEHICULO;NO REPORTADO;RESIDENCIAL;Normal;Impericia en el manejo
2221336;6/06/2022;1:50:00 p. m.;Lunes;2022;Junio;MICROBUS;PUBLICO;Pasajero;56;MASCULINO;HERIDOS;0;0;0;0;CALLE 36 SUR FRENTE AL #23-03;;VEREDA SANTA CATALINA;6.167418440477377, -75.56230471795992;CAIDA OCUPANTE;NO REPORTADO;NO REPORTADO;RESIDENCIAL;Normal;Dejar/recoger pasajeros sitio no demarca
2221337;3/06/2022;7:20:00 a. m.;Viernes;2022;Junio;CAMION;OFICIAL;Acompañante;39;MASCULINO;HERIDOS;0;0;0;0;CALLE 38 SUR FRENTE AL #42-27;;ZONA CENTRO;6.169716658529055, -75.587538774449;CAIDA OCUPANTE;NO REPORTADO;NO REPORTADO;RESIDENCIAL;Normal;Viajar colgado o en los estribos
2221343;4/06/2022;5:15:00 p. m.;Sábado;2022;Junio;CAMPERO;PARTICULAR;Peaton;76;FEMENINO;HERIDOS;0;0;0;0;CARRERA 48 #32BSUR-139;;LAS VEGAS;6.1762844337092, -75.5907449535185;ATROPELLO;NO REPORTADO;NO REPORTADO;RESIDENCIAL;Normal;Pararse sobre la calzada
2221367;9/06/2022;7:00:00 a. m.;Jueves;2022;Junio;MOTOCICLETA;PARTICULAR;Acompañante;24;MASCULINO;MUERTOS;0;0;0;0;CARRERA 48 CON CALLE 38SUR;;LAS VEGAS;6.172868, -75.592868;CHOQUE;VEHICULO;NO REPORTADO;RESIDENCIAL;Normal;Adelantar cerrando
2221367;9/06/2022;7:00:00 a. m.;Jueves;2022;Junio;MOTOCICLETA;PARTICULAR;Motociclista;25;MASCULINO;HERIDOS;0;0;0;0;CARRERA 48 CON CALLE 38SUR;;LAS VEGAS;6.172868, -75.592868;CHOQUE;VEHICULO;NO REPORTADO;RESIDENCIAL;Normal;Adelantar cerrando
2221368;6/06/2022;3:10:00 p. m.;Lunes;2022;Junio;MOTOCICLETA;PARTICULAR;Motociclista;33;MASCULINO;HERIDOS;0;0;0;;CALLE 40SUR CON CARRERA 28B;;SAN JOSE;6.160764, -75.581538;CHOQUE;VEHICULO;NO REPORTADO;RESIDENCIAL;Normal;Desobedecer señales
2221369;7/06/2022;9:00:00 a. m.;Martes;2022;Junio;MOTOCICLETA;PARTICULAR;Motociclista;34;MASCULINO;HERIDOS;0;0;0;0;CARRERA 40 CON CALLE 40 SUR;;EL DORADO;6.166282917339631, -75.5875453248265;CHOQUE;VEHICULO;NO REPORTADO;RESIDENCIAL;Normal;Desobedecer señales  -  Semaforo en rojo
2221370;8/06/2022;9:05:00 a. m.;Miércoles;2022;Junio;MOTOCICLETA;;Peaton;19;MASCULINO;HERIDOS;0;0;0;;CARRERA 48 CON CALLE 25 SUR;;LAS VEGAS;6.185096, -75.583702;ATROPELLO;NO REPORTADO;NO REPORTADO;RESIDENCIAL;Normal;Desobedecer señales
2221371;7/06/2022;5:00:00 p. m.;Martes;2022;Junio;MOTOCICLETA;PARTICULAR;Peaton;60;FEMENINO;HERIDOS;0;0;0;0;CARRERA 29A FRENTE AL #39BSUR-61;;SAN JOSE;6.162518062341367, -75.58188688757302;ATROPELLO;NO REPORTADO;NO REPORTADO;RESIDENCIAL;Normal;Cruzar sin observar
2221372;7/06/2022;1:55:00 p. m.;Martes;2022;Junio;MOTOCICLETA;PARTICULAR;Motociclista;51;MASCULINO;HERIDOS;0;0;0;0;TRANSVERSAL 29SUR FRENTE AL #32B-72;;PONTE VEDRA;6.177823824828069, -75.58415015111021;CHOQUE;VEHICULO;NO REPORTADO;RESIDENCIAL;Normal;Frenar bruscamente  -  No mantener distancia de seguridad
2221391;12/06/2022;7:25:00 a. m.;Domingo;2022;Junio;MOTOCICLETA;PARTICULAR;Peaton;63;MASCULINO;MUERTOS;0;0;0;;CARRERA 43A FRENTE AL #39SUR-58;;ALCALA;6.168550, -75.589800;ATROPELLO;NO REPORTADO;NO REPORTADO;RESIDENCIAL;Normal;Cruzar en estado de embriaguez
2221391;12/06/2022;7:25:00 a. m.;Domingo;2022;Junio;MOTOCICLETA;PARTICULAR;Acompañante;17;FEMENINO;HERIDOS;0;0;0;;CARRERA 43A FRENTE AL #39SUR-58;;ALCALA;6.168550, -75.589800;ATROPELLO;NO REPORTADO;NO REPORTADO;RESIDENCIAL;Normal;Cruzar en estado de embriaguez
2221391;12/06/2022;7:25:00 a. m.;Domingo;2022;Junio;MOTOCICLETA;PARTICULAR;Motociclista;19;MASCULINO;HERIDOS;0;0;0;;CARRERA 43A FRENTE AL #39SUR-58;;ALCALA;6.168550, -75.589800;ATROPELLO;NO REPORTADO;NO REPORTADO;RESIDENCIAL;Normal;Cruzar en estado de embriaguez
2221392;10/06/2022;5:10:00 p. m.;Viernes;2022;Junio;AUTOMOVIL;PARTICULAR;Peaton;19;MASCULINO;HERIDOS;0;0;0;0;CALLE 43 SUR FRENTE AL #46A-56;;MILAN VALLEJUELOS;6.167743, -75.595771;ATROPELLO;NO REPORTADO;NO REPORTADO;RESIDENCIAL;Normal;Impericia en el manejo
2221395;10/06/2022;5:50:00 p. m.;Viernes;2022;Junio;MOTOCICLETA;DIPLOMATICO;Motociclista;32;MASCULINO;HERIDOS;0;0;0;0;CARRERA 48 CON CALLE 25BSUR;;LAS VEGAS;6.18555998768176, -75.58330259343842;CHOQUE;VEHICULO;NO REPORTADO;RESIDENCIAL;Normal;Adelantar por la derecha