NRO_RADICADO;FECHA_ACCIDENTE;HORA_ACCIDENTE;Día de la semana;AÑO;MES;CLASE_VEHICULO;TIPO_SERVICIO;TIPO_VICTIMA;EDAD;GENERO;GRAVEDAD;ESTADO_BEODEZ;ESTADO_DROGA;RESULTADO_BEODEZ;RESUL_BEODEZ_GRAMOS;DIRECCION_CARACT_VIA;TRAMO_VIA;LOCALIDAD_O_COMUNA;    GEORREFERENCIACIÓN;DESC_CLASE_ACCIDENTE;DESC_CHOQUE_ACCIDENTE;DESC_OBJETO_FIJO;DESC_SECTOR_ACCIDENTE;CONDICION_CLIMATICA;CAUSA_ACCIDENTE
2221408;12/06/2022;11:10:00 p. m.;Domingo;2022;Junio;MOTOCICLETA;PARTICULAR;Motociclista;22;MASCULINO;HERIDOS;0;0;0;0;CARRERA 48 ENTRE CALLE 43SUR Y 44SUR;;LAS VEGAS;6.168438, -75.597213;CHOQUE;VEHICULO;NO REPORTADO;RESIDENCIAL;Normal;Transitar entre vehiculos
2221410;13/06/2022;3:15:00 a. m.;Lunes;2022;Junio;AUTOMOVIL;PARTICULAR;Conductor;26;MASCULINO;HERIDOS;0;0;0;0;CARRERA 43A FRENTE AL #48CSUR-45;;PRIMAVERA;6.162003136532466, -75.59826426768898;CHOQUE;OBJETO FIJO;OTRO TIPO;RESIDENCIAL;Normal;Embriaguez o droga
2221419;11/06/2022;6:50:00 p. m.;Sábado;2022;Junio;MOTOCICLETA;PARTICULAR;Motociclista;18;MASCULINO;HERIDOS;0;0;0;0;CARRERA 43A CON CALLE 45BSUR;;LA PAZ;6.164816599903854, -75.59491553231163;CHOQUE;VEHICULO;NO REPORTADO;RESIDENCIAL;Normal;Impericia en el manejo  -  Semaforo en rojo
2221419;11/06/2022;6:50:00 p. m.;Sábado;2022;Junio;BICICLETA;;Ciclista;58;MASCULINO;HERIDOS;0;0;0;0;CARRERA 43A CON CALLE 45BSUR;;LA PAZ;6.164816599903854, -75.59491553231163;CHOQUE;VEHICULO;NO REPORTADO;RESIDENCIAL;Normal;Impericia en el manejo  -  Semaforo en rojo
2221424;14/06/2022;12:15:00 p. m.;Martes;2022;Junio;MOTOCICLETA;PARTICULAR;Motociclista;37;MASCULINO;HERIDOS;0;0;0;0;CARRERA 42 FRENTE AL #35SUR-47;;ZONA CENTRO;6.171285831855503, -75.58639972879803;CAIDA OCUPANTE;NO REPORTADO;NO REPORTADO;RESIDENCIAL;Normal;Impericia en el manejo  -  Vehiculo mal estacionado
2221425;13/06/2022;9:50:00 a. m.;Lunes;2022;Junio;MOTOCICLETA;PARTICULAR;Motociclista;67;MASCULINO;HERIDOS;0;0;0;0;CARRERA 50 ENTRE CALLE 46SUR y 46A SUR;;LAS VEGAS;6.168548, -75.602176;CHOQUE;VEHICULO;NO REPORTADO;RESIDENCIAL;Normal;Adelantar invadiendo carril del mismo sentido en zigzag
2221426;11/06/2022;1:50:00 p. m.;Sábado;2022;Junio;CAMIONETA;PARTICULAR;Acompañante;63;FEMENINO;HERIDOS;0;0;0;0;KILOMETRO 14+550;medellín palmas envigado (km 12 - km 16+700);VEREDA PALMAS;6.154014510886843, -75.54459724535866;CHOQUE;OBJETO FIJO;POSTE;NO REPORTADO;Normal;Impericia en el manejo
2221427;12/06/2022;3:30:00 p. m.;Domingo;2022;Junio;AUTOMOVIL;PARTICULAR;Conductor;19;FEMENINO;HERIDOS;0;0;0;0;KILOMETRO 8+500;retiro varia palmas enviga (km 5+43 - km 14+ 550);VEREDA PERICO;6.170127188048298, -75.49821436427072;CHOQUE;OBJETO FIJO;OTRO TIPO;NO REPORTADO;Normal;Impericia en el manejo
2221427;12/06/2022;3:30:00 p. m.;Domingo;2022;Junio;AUTOMOVIL;PARTICULAR;Acompañante;32;MASCULINO;HERIDOS;0;0;0;0;KILOMETRO 8+500;retiro varia palmas enviga (km 5+43 - km 14+ 550);VEREDA PERICO;6.170127188048298, -75.49821436427072;CHOQUE;OBJETO FIJO;OTRO TIPO;NO REPORTADO;Normal;Impericia en el manejo
2221429;14/06/2022;1:40:00 p. m.;Martes;2022;Junio;AUTOMOVIL;PARTICULAR;Conductor;20;MASCULINO;HERIDOS;0;0;0;0;CARRERA 43A FRENTE AL #45 SUR-35;;MILAN VALLEJUELOS;6.16508494536287, -75.59476661563096;CHOQUE;VEHICULO;NO REPORTADO;RESIDENCIAL;Lluvia;Superficie humeda
2221439;16/06/2022;2:30:00 p. m.;Jueves;2022;Junio;AUTOMOVIL;PARTICULAR;Peaton;29;FEMENINO;HERIDOS;0;0;0;0;CALLE 36DSUR FRENTE AL #27A-105;;LA PRADERA;6.165658, -75.576080;ATROPELLO;NO REPORTADO;NO REPORTADO;RESIDENCIAL;Normal;Cruzar sin observar
2221441;16/06/2022;11:50:00 p. m.;Jueves;2022;Junio;MOTOCICLETA;PARTICULAR;Motociclista;33;MASCULINO;HERIDOS;0;0;0;0;CARRERA 43A CON CALLE 39SUR;;ALCALA;6.169016, -75.589615;CHOQUE;VEHICULO;NO REPORTADO;RESIDENCIAL;Normal;Semaforo en rojo
2221443;16/06/2022;12:30:00 p. m.;Jueves;2022;Junio;MOTOCICLETA;DIPLOMATICO;Peaton;18;FEMENINO;HERIDOS;0;0;0;0;CALLE 38 SUR FRENTE AL #45A-67;;ALCALA;6.171611, -75.591002;ATROPELLO;NO REPORTADO;NO REPORTADO;RESIDENCIAL;Normal;Cruzar sin observar  -  Transitar por vias prohibidas
2221446;15/06/2022;10:30:00 a. m.;Miércoles;2022;Junio;AUTOMOVIL;PARTICULAR;Acompañante;34;MASCULINO;HERIDOS;0;0;0;0;KILOMETRO 17;medellín palmas envigado (km 12 - km 16+700);VEREDA PALMAS;6.153591570245191, -75.53282044519636;ATROPELLO;NO REPORTADO;NO REPORTADO;NO REPORTADO;Normal;Cruzar sin observar
2221447;16/06/2022;7:00:00 p. m.;Jueves;2022;Junio;BUS;PUBLICO;Pasajero;39;FEMENINO;HERIDOS;0;0;0;0;CALLE 35 SUR ENTRE CARRERA 42 y 43;;ZONA CENTRO;6.171821866967131, -75.58640268983046;CAIDA OCUPANTE;NO REPORTADO;NO REPORTADO;RESIDENCIAL;Normal;Otra-Pasajero-Acompañante
2221448;15/06/2022;5:15:00 p. m.;Miércoles;2022;Junio;MOTOCICLETA;PARTICULAR;Motociclista;48;FEMENINO;HERIDOS;0;0;0;0;CARRERA 24B DIAGONAL 40A SUR -161;;LA MINA;6.151845, -75.580876;CHOQUE;VEHICULO;NO REPORTADO;RESIDENCIAL;Normal;Desobedecer señales
2221451;18/06/2022;10:45:00 p. m.;Sábado;2022;Junio;MOTOCICLETA;PARTICULAR;Motociclista;46;FEMENINO;HERIDOS;0;0;0;0;CALLE 36D SUR FRENTE AL #19-53;;VEREDA EL ESCOBERO;6.153162299224722, -75.56430410878214;CHOQUE;VEHICULO;NO REPORTADO;RESIDENCIAL;Lluvia;Superficie humeda
2221452;20/06/2022;11:43:00 p. m.;Lunes;2022;Junio;AUTOMOVIL;PARTICULAR;Acompañante;19;FEMENINO;HERIDOS;0;0;0;0;KILOMETRO 13+610;medellín palmas envigado (km 12 - km 16+700);VEREDA PALMAS;6.160400853792298, -75.54502350028011;VOLCAMIENTO;NO REPORTADO;NO REPORTADO;NO REPORTADO;Normal;Impericia en el manejo
2221453;19/06/2022;3:50:00 p. m.;Domingo;2022;Junio;AUTOMOVIL;PARTICULAR;Peaton;48;MASCULINO;HERIDOS;0;0;0;0;CARRERA 43A CON CALLE 31ASUR;;SAN MARCOS;6.176339855257973, -75.58550149463521;ATROPELLO;NO REPORTADO;NO REPORTADO;COMERCIAL;Normal;Cruzar sin observar
2221457;19/06/2022;9:56:00 p. m.;Domingo;2022;Junio;MOTOCICLETA;PARTICULAR;Motociclista;24;MASCULINO;HERIDOS;0;0;0;0;CARRERA 50 CON CALLE 36 SUR;;LAS VEGAS;6.176858, -75.593221;CHOQUE;OBJETO FIJO;POSTE;RESIDENCIAL;Lluvia;Otra-Conductor
2221459;21/06/2022;3:18:00 a. m.;Martes;2022;Junio;MOTOCICLETA;PARTICULAR;Motociclista;29;MASCULINO;HERIDOS;0;0;0;0;CARRERA 49 FRENTE AL #39SUR-100;;LAS VEGAS;6.173773, -75.597180;OTRO;NO REPORTADO;NO REPORTADO;INDUSTRIAL;Normal;Impericia en el manejo
2221462;17/06/2022;4:00:00 p. m.;Viernes;2022;Junio;CAMIONETA;PARTICULAR;Acompañante;0;FEMENINO;HERIDOS;0;0;0;0;CALLE 40SUR FRENTE AL #41-13;;EL DORADO;6.167148528988957, -75.58815046460283;ATROPELLO;NO REPORTADO;NO REPORTADO;COMERCIAL;Normal;Fallas en los frenos
2221462;17/06/2022;4:00:00 p. m.;Viernes;2022;Junio;CAMIONETA;PARTICULAR;Peaton;47;MASCULINO;HERIDOS;0;0;0;0;CALLE 40SUR FRENTE AL #41-13;;EL DORADO;6.167148528988957, -75.58815046460283;ATROPELLO;NO REPORTADO;NO REPORTADO;COMERCIAL;Normal;Fallas en los frenos
2221463;21/06/2022;3:50:00 p. m.;Martes;2022;Junio;MOTOCICLETA;PARTICULAR;Motociclista;38;FEMENINO;HERIDOS;0;0;0;0;CALLE 40F SUR ENTRE CARRERA 25 y 26;;LA MINA;6.161077898058502, -75.58465767809544;CHOQUE;OBJETO FIJO;VEHICULO ESTACIONADO;RESIDENCIAL;Normal;Estacionar sin seguridad
2221475;16/06/2022;7:30:00 p. m.;Jueves;2022;Junio;MOTOCICLETA;PARTICULAR;Motociclista;22;MASCULINO;HERIDOS;0;0;0;;CARRERA 43A FRENTE AL #44SUR-144;;LA PAZ;6.165094246181933, -75.59434841955941;CHOQUE;VEHICULO;NO REPORTADO;RESIDENCIAL;Normal;Impericia en el manejo
2221481;18/06/2022;12:00:00 p. m.;Sábado;2022;Junio;MOTOCICLETA;PARTICULAR;Motociclista;31;MASCULINO;HERIDOS;0;0;0;0;CARRERA 43A  FRENTE AL #45BSUR-59;;LA PAZ;6.1647298255072, -75.59487556558611;CHOQUE;VEHICULO;NO REPORTADO;RESIDENCIAL;Normal;Adelantar invadiendo carril del mismo sentido en zigzag
2221483;18/06/2022;3:10:00 p. m.;Sábado;2022;Junio;MOTOCICLETA;PARTICULAR;Peaton;50;FEMENINO;HERIDOS;0;0;0;;CALLE 38 SUR FRENTE AL #45A-67;;ALCALA;6.171664, -75.591145;ATROPELLO;NO REPORTADO;NO REPORTADO;RESIDENCIAL;Lluvia;Desobedecer señales  -  Transitar entre vehiculos
2221484;17/06/2022;11:50:00 p. m.;Viernes;2022;Junio;MOTOCICLETA;PARTICULAR;Motociclista;25;MASCULINO;HERIDOS;0;0;0;0;KILOMETRO 7+400;pantanill;VEREDA PANTANILLO;6.173395108827734, -75.491592538122;CHOQUE;VEHICULO;NO REPORTADO;NO REPORTADO;Normal;Desobedecer señales
2221497;18/06/2022;1:35:00 p. m.;Sábado;2022;Junio;MOTOCICLETA;PARTICULAR;Motociclista;34;FEMENINO;HERIDOS;0;0;0;;CARRERA 48 FRENTE AL #29SUR-220;;LAS VEGAS;6.187116, -75.582385;CHOQUE;VEHICULO;NO REPORTADO;RESIDENCIAL;Normal;Otra-Conductor
2221498;19/06/2022;10:50:00 a. m.;Domingo;2022;Junio;MOTOCICLETA;PARTICULAR;Motociclista;58;MASCULINO;HERIDOS;0;0;0;;CARRERA 27 FRENTE AL #36SUR-199;;LA INMACULADA;6.164921196432244, -75.56992702227451;CHOQUE;VEHICULO;NO REPORTADO;RESIDENCIAL;Normal;Desobedecer señales  -  Transitar entre vehiculos
2221498;19/06/2022;10:50:00 a. m.;Domingo;2022;Junio;MOTOCICLETA;PARTICULAR;Acompañante;48;FEMENINO;HERIDOS;0;0;0;;CARRERA 27 FRENTE AL #36SUR-199;;LA INMACULADA;6.164921196432244, -75.56992702227451;CHOQUE;VEHICULO;NO REPORTADO;RESIDENCIAL;Normal;Desobedecer señales  -  Transitar entre vehiculos
2221499;20/06/2022;10:00:00 a. m.;Lunes;2022;Junio;MOTOCICLETA;PARTICULAR;Motociclista;35;MASCULINO;HERIDOS;0;0;0;;CALLE 36D SUR FRENTE AL #27-160;;LA PRADERA;6.163789810331461, -75.57183375282939;CHOQUE;VEHICULO;NO REPORTADO;RESIDENCIAL;Normal;Adelantar en zona prohibida  -  No respetar pelacion de interseccion o giros
2221500;20/06/2022;12:20:00 p. m.;Lunes;2022;Junio;MOTOCICLETA;PARTICULAR;Acompañante;47;FEMENINO;HERIDOS;0;0;0;0;CARRERA 27D CON CALLE 39 SUR;;SAN JOSE;6.160586997458295, -75.5791770029922;CHOQUE;VEHICULO;NO REPORTADO;RESIDENCIAL;Normal;No respetar prelacion
2221500;20/06/2022;12:20:00 p. m.;Lunes;2022;Junio;MOTOCICLETA;PARTICULAR;Motociclista;36;MASCULINO;HERIDOS;0;0;0;0;CARRERA 27D CON CALLE 39 SUR;;SAN JOSE;6.160586997458295, -75.5791770029922;CHOQUE;VEHICULO;NO REPORTADO;RESIDENCIAL;Normal;No respetar prelacion
2221501;22/06/2022;8:40:00 a. m.;Miércoles;2022;Junio;BICICLETA;;Ciclista;39;MASCULINO;HERIDOS;0;0;0;0;CARRERA 49 CON CALLE 26 SUR;;LAS VEGAS;6.184811, -75.586996;CHOQUE;VEHICULO;NO REPORTADO;RESIDENCIAL;Normal;No respetar prelacion  -  Transitar por vias prohibidas
2221502;23/06/2022;11:35:00 p. m.;Jueves;2022;Junio;MOTOCICLETA;OFICIAL;Acompañante;38;MASCULINO;HERIDOS;0;0;0;0;CALLE 41B SUR FRENTE AL #25A-96;;SAN RAFAEL;6.155600, -75.584651;CAIDA OCUPANTE;NO REPORTADO;NO REPORTADO;RESIDENCIAL;Normal;Otra-Conductor
2221502;23/06/2022;11:35:00 p. m.;Jueves;2022;Junio;MOTOCICLETA;OFICIAL;Motociclista;31;MASCULINO;HERIDOS;0;0;0;0;CALLE 41B SUR FRENTE AL #25A-96;;SAN RAFAEL;6.155600, -75.584651;CAIDA OCUPANTE;NO REPORTADO;NO REPORTADO;RESIDENCIAL;Normal;Otra-Conductor
2221505;22/06/2022;8:10:00 a. m.;Miércoles;2022;Junio;MOTOCICLETA;PARTICULAR;Motociclista;25;MASCULINO;HERIDOS;0;0;0;0;CARRERA 50 CON CALLE 26 SUR;;LAS VEGAS;6.184920, -75.587152;CHOQUE;VEHICULO;NO REPORTADO;RESIDENCIAL;Normal;No mantener distancia de seguridad
2221506;23/06/2022;2:30:00 p. m.;Jueves;2022;Junio;MOTOCICLETA;PARTICULAR;Acompañante;21;FEMENINO;HERIDOS;0;0;0;0;CARRERA 50 ENTRE CALLE 43 SUR y 46 SUR;;LAS VEGAS;6.167889, -75.602347;CHOQUE;VEHICULO;NO REPORTADO;RESIDENCIAL;Normal;No mantener distancia de seguridad
2221511;23/06/2022;3:15:00 p. m.;Jueves;2022;Junio;BICICLETA;;Ciclista;62;MASCULINO;HERIDOS;0;0;0;;CARRERA 43A CON CALLE 40 SUR;;ALCALA;6.168213428495197, -75.59022487809527;CHOQUE;VEHICULO;NO REPORTADO;RESIDENCIAL;Normal;Semaforo en rojo
2221513;25/06/2022;9:45:00 p. m.;Sábado;2022;Junio;MOTOCICLETA;PARTICULAR;Motociclista;27;MASCULINO;MUERTOS;0;0;0;;KILOMETRO 13+960;retiro varia palmas enviga (km 5+43 - km 14+ 550);VEREDA PALMAS;6.157018, -75.533237;VOLCAMIENTO;NO REPORTADO;NO REPORTADO;NO REPORTADO;Normal;Impericia en el manejo  -  Superficie humeda
2221516;24/06/2022;10:16:00 a. m.;Viernes;2022;Junio;MOTOCICLETA;PARTICULAR;Motociclista;19;MASCULINO;MUERTOS;0;0;0;0;KILOMETRO 14+580;retiro varia palmas enviga (km 5+43 - km 14+ 550);VEREDA PALMAS;6.153611, -75.532744;CHOQUE;OBJETO FIJO;OTRO TIPO;NO REPORTADO;Normal;Impericia en el manejo
2221518;26/06/2022;3:50:00 p. m.;Domingo;2022;Junio;AUTOMOVIL;PARTICULAR;Acompañante;37;FEMENINO;HERIDOS;0;0;0;0;CARRERA 46 CON CALLE 23SUR;;BOSQUES DE ZUÑIGA;6.183601, -75.582291;CHOQUE;VEHICULO;NO REPORTADO;RESIDENCIAL;Normal;Desobedecer señales
2221518;26/06/2022;3:50:00 p. m.;Domingo;2022;Junio;AUTOMOVIL;PARTICULAR;Conductor;58;MASCULINO;HERIDOS;0;0;0;0;CARRERA 46 CON CALLE 23SUR;;BOSQUES DE ZUÑIGA;6.183601, -75.582291;CHOQUE;VEHICULO;NO REPORTADO;RESIDENCIAL;Normal;Desobedecer señales
2221519;26/06/2022;9:30:00 p. m.;Domingo;2022;Junio;MOTOCICLETA;PARTICULAR;Acompañante;37;MASCULINO;HERIDOS;0;0;0;0;DIAGONAL 31C FRENTE AL #35SUR-40;;LA SEBASTIANA;6.170240813027655, -75.58055240533805;ATROPELLO;NO REPORTADO;NO REPORTADO;RESIDENCIAL;Normal;Cruzar en estado de embriaguez  -  Salir por delante de un vehiculo
2221519;26/06/2022;9:30:00 p. m.;Domingo;2022;Junio;MOTOCICLETA;PARTICULAR;Peaton;51;MASCULINO;HERIDOS;0;0;0;0;DIAGONAL 31C FRENTE AL #35SUR-40;;LA SEBASTIANA;6.170240813027655, -75.58055240533805;ATROPELLO;NO REPORTADO;NO REPORTADO;RESIDENCIAL;Normal;Cruzar en estado de embriaguez  -  Salir por delante de un vehiculo
2221519;26/06/2022;9:30:00 p. m.;Domingo;2022;Junio;MOTOCICLETA;PARTICULAR;Motociclista;36;MASCULINO;HERIDOS;0;0;0;0;DIAGONAL 31C FRENTE AL #35SUR-40;;LA SEBASTIANA;6.170240813027655, -75.58055240533805;ATROPELLO;NO REPORTADO;NO REPORTADO;RESIDENCIAL;Normal;Cruzar en estado de embriaguez  -  Salir por delante de un vehiculo
2221520;26/06/2022;10:10:00 p. m.;Domingo;2022;Junio;MOTOCICLETA;PARTICULAR;Acompañante;17;FEMENINO;HERIDOS;0;0;0;0;CALLE 40CSUR CON CARRERA 29;;LA MINA;6.160531712735599, -75.58279449236721;CHOQUE;VEHICULO;NO REPORTADO;RESIDENCIAL;Normal;Impericia en el manejo
2221521;27/06/2022;5:00:00 a. m.;Lunes;2022;Junio;MOTOCICLETA;PARTICULAR;Peaton;17;MASCULINO;HERIDOS;0;0;0;0;CALLE 37SUR ENTRE CARRERAS 50 Y 49;;LAS VEGAS;6.174772, -75.594383;CHOQUE;OBJETO FIJO;OTRO TIPO;COMERCIAL;Normal;Pararse sobre la calzada
2221522;27/06/2022;1:46:00 a. m.;Lunes;2022;Junio;AUTOMOVIL;PARTICULAR;Acompañante;21;MASCULINO;HERIDOS;0;0;0;;CALLE 21SUR CON CARRERA 41AA;;ZUÑIGA;6.182491479445578, -75.5775286133138;CHOQUE;OBJETO FIJO;POSTE;RESIDENCIAL;Normal;Embriaguez aparente
2221523;23/06/2022;11:40:00 a. m.;Jueves;2022;Junio;MOTOCICLETA;PARTICULAR;Motociclista;20;MASCULINO;HERIDOS;0;0;0;0;KILOMETRO 1;peri;VEREDA PERICO;6.1764383874686475, -75.50285621510977;CHOQUE;VEHICULO;NO REPORTADO;NO REPORTADO;Normal;No mantener distancia de seguridad  -  Superficie humeda
2221524;24/06/2022;7:30:00 p. m.;Viernes;2022;Junio;MOTOCICLETA;PARTICULAR;Peaton;46;MASCULINO;HERIDOS;0;0;0;0;DIAGONAL 40 FRENTE AL #33BSUR-29;;ZONA CENTRO;6.172192102431546, -75.58527933493214;ATROPELLO;NO REPORTADO;NO REPORTADO;RESIDENCIAL;Normal;Cruzar sin observar
2221525;24/06/2022;10:15:00 p. m.;Viernes;2022;Junio;MOTOCICLETA;PARTICULAR;Motociclista;49;MASCULINO;HERIDOS;0;0;0;0;DIAGONAL 31 CON TRANSVERSAL 36SUR;;LA SEBASTIANA;6.168201, -75.580305;CHOQUE;VEHICULO;NO REPORTADO;RESIDENCIAL;Normal;Desobedecer señales
2221525;24/06/2022;10:15:00 p. m.;Viernes;2022;Junio;MOTOCICLETA;PARTICULAR;Acompañante;22;MASCULINO;HERIDOS;0;0;0;0;DIAGONAL 31 CON TRANSVERSAL 36SUR;;LA SEBASTIANA;6.168201, -75.580305;CHOQUE;VEHICULO;NO REPORTADO;RESIDENCIAL;Normal;Desobedecer señales
2221525;24/06/2022;10:15:00 p. m.;Viernes;2022;Junio;MOTOCICLETA;PARTICULAR;Motociclista;19;MASCULINO;HERIDOS;0;0;0;0;DIAGONAL 31 CON TRANSVERSAL 36SUR;;LA SEBASTIANA;6.168201, -75.580305;CHOQUE;VEHICULO;NO REPORTADO;RESIDENCIAL;Normal;Desobedecer señales
2221526;24/06/2022;8:53:00 a. m.;Viernes;2022;Junio;BUSETA;PUBLICO;Peaton;60;MASCULINO;HERIDOS;0;0;0;;CARRERA 40 FRENTE AL #48-81;;EL TRIANON;6.158332, -75.595375;ATROPELLO;NO REPORTADO;NO REPORTADO;RESIDENCIAL;Normal;Transitar en contravia
2221527;26/06/2022;7:00:00 p. m.;Domingo;2022;Junio;MOTOCICLETA;PARTICULAR;Motociclista;27;MASCULINO;HERIDOS;0;0;0;;CARRERA 50 FRENTE AL #46ASUR-13;;LAS VEGAS;6.167889, -75.602347;CHOQUE;VEHICULO;NO REPORTADO;RESIDENCIAL;Normal;Girar bruscamente
2221530;25/06/2022;6:45:00 p. m.;Sábado;2022;Junio;AUTOMOVIL;PARTICULAR;Acompañante;74;FEMENINO;HERIDOS;0;0;0;0;CALLE 36D SUR FRENTE AL #27D-89;;LA PRADERA;6.165585, -75.575944;CHOQUE;OBJETO FIJO;INMUEBLE;RESIDENCIAL;Normal;Impericia en el manejo
2221534;23/06/2022;4:54:00 p. m.;Jueves;2022;Junio;MOTOCICLETA;PARTICULAR;Acompañante;19;FEMENINO;HERIDOS;0;0;0;0;CARRERA 48 FRENTE AL #38ASUR -06;;LAS VEGAS;6.172271508648503, -75.59324385497094;CHOQUE;VEHICULO;NO REPORTADO;COMERCIAL;Normal;No mantener distancia de seguridad
2221535;28/06/2022;11:20:00 a. m.;Martes;2022;Junio;MOTOCICLETA;PARTICULAR;Motociclista;34;MASCULINO;HERIDOS;0;0;0;0;CALLE 37SUR CON CARRERA 49;;LAS VEGAS;6.174367627220511, -75.59366811699174;CHOQUE;VEHICULO;NO REPORTADO;COMERCIAL;Normal;No mantener distancia de seguridad
2221536;27/06/2022;12:40:00 p. m.;Lunes;2022;Junio;MOTOCICLETA;PARTICULAR;Motociclista;21;MASCULINO;HERIDOS;0;0;0;0;DIAGONAL 31 FERNTE AL 36SUR-80;;LA SEBASTIANA;6.168113199006217, -75.58032339532788;CHOQUE;VEHICULO;NO REPORTADO;COMERCIAL;Normal;No mantener distancia de seguridad
2221537;29/06/2022;4:40:00 p. m.;Miércoles;2022;Junio;MOTOCICLETA;PARTICULAR;Motociclista;20;MASCULINO;HERIDOS;0;0;0;;CARRERA 50 ENTRE CALLE 36SUR y 37SUR;;LAS VEGAS;6.177842, -75.592285;CHOQUE;VEHICULO;NO REPORTADO;RESIDENCIAL;Normal;Transitar entre vehiculos
2221538;29/06/2022;11:15:00 a. m.;Miércoles;2022;Junio;BUSETA;PUBLICO;Peaton;97;MASCULINO;HERIDOS;0;0;0;;CALLE 49D SUR FRENTE AL #39E-155;;LOMA DEL BARRO;6.153648, -75.598829;ATROPELLO;NO REPORTADO;NO REPORTADO;RESIDENCIAL;Normal;Reverso imprudente
2221539;24/06/2022;9:10:00 a. m.;Viernes;2022;Junio;CAMIONETA;PARTICULAR;Acompañante;34;FEMENINO;HERIDOS;0;0;0;0;CARRERA 48 CON CALLE 50 SUR;;LAS VEGAS;6.162072458716961, -75.60353659646475;CHOQUE;VEHICULO;NO REPORTADO;RESIDENCIAL;Normal;Desobedecer señales
2221540;25/06/2022;4:45:00 p. m.;Sábado;2022;Junio;MOTOCICLETA;PARTICULAR;Acompañante;16;MASCULINO;HERIDOS;0;0;0;0;KILOMETRO 11;medellín palmas envigado (km 12 - km 16+700);VEREDA PANTANILLO;6.159447701905074, -75.51641888295283;CHOQUE;VEHICULO;NO REPORTADO;NO REPORTADO;Normal;Otra-Conductor
2221541;25/06/2022;2:20:00 p. m.;Sábado;2022;Junio;AUTOMOVIL;PARTICULAR;Conductor;22;MASCULINO;HERIDOS;0;0;0;;CARRERA 48 FRENTE AL #34SUR-18;;LAS VEGAS;6.175526016601711, -75.59093102447486;CHOQUE;VEHICULO;NO REPORTADO;RESIDENCIAL;Normal;Semaforo en rojo
2221542;29/06/2022;9:35:00 a. m.;Miércoles;2022;Junio;MOTOCICLETA;PARTICULAR;Motociclista;43;MASCULINO;HERIDOS;0;0;0;0;CARRERA 36 CON CALLE 37 SUR;;MESA;6.167914030159197, -75.58330587925253;CHOQUE;VEHICULO;NO REPORTADO;RESIDENCIAL;Normal;ABRIR LAS PUERTAS SIN PRECAUCION
2221544;29/06/2022;7:40:00 a. m.;Miércoles;2022;Junio;MOTOCICLETA;PARTICULAR;Motociclista;55;MASCULINO;HERIDOS;0;0;0;0;KILOMETRO 17+500;retiro varia palmas enviga (km 5+43 - km 14+ 550);VEREDA PALMAS;6.147873447252249, -75.52753602353953;CAIDA OCUPANTE;NO REPORTADO;NO REPORTADO;NO REPORTADO;Lluvia;Impericia en el manejo
2221544;29/06/2022;7:40:00 a. m.;Miércoles;2022;Junio;MOTOCICLETA;PARTICULAR;Acompañante;47;MASCULINO;HERIDOS;0;0;0;0;KILOMETRO 17+500;retiro varia palmas enviga (km 5+43 - km 14+ 550);VEREDA PALMAS;6.147873447252249, -75.52753602353953;CAIDA OCUPANTE;NO REPORTADO;NO REPORTADO;NO REPORTADO;Lluvia;Impericia en el manejo
2221547;2/07/2022;6:26:00 p. m.;Sábado;2022;Julio;MOTOCICLETA;PARTICULAR;Peaton;64;MASCULINO;HERIDOS;0;0;0;;CARRERA 39 FRENTE AL #34DSUR-12;;OBRERO;6.170542, -75.583798;ATROPELLO;NO REPORTADO;NO REPORTADO;RESIDENCIAL;Normal;Cruzar sin observar
2221547;2/07/2022;6:26:00 p. m.;Sábado;2022;Julio;MOTOCICLETA;PARTICULAR;Motociclista;29;MASCULINO;HERIDOS;0;0;0;;CARRERA 39 FRENTE AL #34DSUR-12;;OBRERO;6.170542, -75.583798;ATROPELLO;NO REPORTADO;NO REPORTADO;RESIDENCIAL;Normal;Cruzar sin observar
2221548;1/07/2022;7:27:00 p. m.;Viernes;2022;Julio;MOTOCICLETA;PARTICULAR;Motociclista;17;MASCULINO;HERIDOS;0;0;0;;DIAGONAL 31C CON TRANSVERSAL 33ASUR;;LAS FLORES;6.174163, -75.580405;CHOQUE;VEHICULO;NO REPORTADO;RESIDENCIAL;Normal;Semaforo en rojo
2221548;1/07/2022;7:27:00 p. m.;Viernes;2022;Julio;MOTOCICLETA;DIPLOMATICO;Motociclista;38;MASCULINO;HERIDOS;0;0;0;;DIAGONAL 31C CON TRANSVERSAL 33ASUR;;LAS FLORES;6.174163, -75.580405;CHOQUE;VEHICULO;NO REPORTADO;RESIDENCIAL;Normal;Semaforo en rojo
2221549;2/07/2022;1:40:00 p. m.;Sábado;2022;Julio;BICICLETA;;Ciclista;34;MASCULINO;HERIDOS;0;0;0;;CARRERA 50 ENTRE CALLE 19SUR y 21SUR;;LAS VEGAS;6.187839, -75.583595;CHOQUE;VEHICULO;NO REPORTADO;RESIDENCIAL;Normal;Girar bruscamente  -  Transitar por vias prohibidas
2221551;1/07/2022;8:00:00 p. m.;Viernes;2022;Julio;MOTOCICLETA;OFICIAL;Motociclista;26;MASCULINO;HERIDOS;0;0;0;;CARRERA 48 CON CALLE 25AA SUR;;LAS VEGAS;6.183964, -75.584806;CHOQUE;VEHICULO;NO REPORTADO;RESIDENCIAL;Normal;Otra-Conductor
2221551;1/07/2022;8:00:00 p. m.;Viernes;2022;Julio;MOTOCICLETA;OFICIAL;Acompañante;31;MASCULINO;HERIDOS;0;0;0;;CARRERA 48 CON CALLE 25AA SUR;;LAS VEGAS;6.183964, -75.584806;CHOQUE;VEHICULO;NO REPORTADO;RESIDENCIAL;Normal;Otra-Conductor