NRO_RADICADO;FECHA_ACCIDENTE;HORA_ACCIDENTE;Día de la semana;AÑO;MES;CLASE_VEHICULO;TIPO_SERVICIO;TIPO_VICTIMA;EDAD;GENERO;GRAVEDAD;ESTADO_BEODEZ;ESTADO_DROGA;RESULTADO_BEODEZ;RESUL_BEODEZ_GRAMOS;DIRECCION_CARACT_VIA;TRAMO_VIA;LOCALIDAD_O_COMUNA;    GEORREFERENCIACIÓN;DESC_CLASE_ACCIDENTE;DESC_CHOQUE_ACCIDENTE;DESC_OBJETO_FIJO;DESC_SECTOR_ACCIDENTE;CONDICION_CLIMATICA;CAUSA_ACCIDENTE
2221553;1/07/2022;2:45:00 p. m.;Viernes;2022;Julio;MOTOCICLETA;PARTICULAR;Motociclista;36;MASCULINO;HERIDOS;0;0;0;;DIAGONAL 31C CON TRANSVERSAL 32C SUR;;LAS FLORES;6.17553282733969, -75.58047952096284;CHOQUE;VEHICULO;NO REPORTADO;RESIDENCIAL;Normal;Desobedecer señales
2221562;1/07/2022;8:30:00 p. m.;Viernes;2022;Julio;MOTOCICLETA;PARTICULAR;Motociclista;30;MASCULINO;HERIDOS;0;0;0;0;CARRERA 43A CON CALLE 48C SUR;;PRIMAVERA;6.162222305860492, -75.5976995886002;CHOQUE;VEHICULO;NO REPORTADO;RESIDENCIAL;Lluvia;Poner en marcha un vehiculo sin precauci
2221563;30/06/2022;11:40:00 a. m.;Jueves;2022;Junio;AUTOMOVIL;PUBLICO;Conductor;63;MASCULINO;HERIDOS;0;0;0;;CARRERA 48 FRENTE AL #28 SUR-70;;LAS VEGAS;6.181307, -75.586915;CHOQUE;OBJETO FIJO;OTRO TIPO;COMERCIAL;Normal;Impericia en el manejo
2221565;30/06/2022;9:45:00 p. m.;Jueves;2022;Junio;MOTOCICLETA;PARTICULAR;Motociclista;20;MASCULINO;HERIDOS;0;0;0;0;KILOMETRO 3+200;catedral;VEREDA EL VALLANO;6.131011672412044, -75.58602945269524;CHOQUE;VEHICULO;NO REPORTADO;NO REPORTADO;Normal;Desobedecer señales
2221565;30/06/2022;9:45:00 p. m.;Jueves;2022;Junio;MOTOCICLETA;PARTICULAR;Acompañante;19;MASCULINO;HERIDOS;0;0;0;0;KILOMETRO 3+200;catedral;VEREDA EL VALLANO;6.131011672412044, -75.58602945269524;CHOQUE;VEHICULO;NO REPORTADO;NO REPORTADO;Normal;Desobedecer señales
2221568;30/06/2022;8:30:00 a. m.;Jueves;2022;Junio;AUTOMOVIL;PARTICULAR;Conductor;42;MASCULINO;HERIDOS;0;0;0;0;CARRERA 27 FRENTE AL # 23SUR-69;;ZUÑIGA;6.175853, -75.567247;CHOQUE;VEHICULO;NO REPORTADO;RESIDENCIAL;Normal;No mantener distancia de seguridad
2221569;30/06/2022;11:40:00 a. m.;Jueves;2022;Junio;MOTOCICLETA;PARTICULAR;Motociclista;32;MASCULINO;HERIDOS;0;0;0;0;CARRERA 50 ENTRE CALLE 19SUR y 18CSUR;;LAS VEGAS;6.187839, -75.583595;CHOQUE;VEHICULO;NO REPORTADO;RESIDENCIAL;Normal;No mantener distancia de seguridad
2221570;1/07/2022;1:30:00 a. m.;Viernes;2022;Julio;AUTOMOVIL;PARTICULAR;Conductor;27;MASCULINO;HERIDOS;0;0;0;;CALLE 41 SUR CON CARRERA 44B;;EL DORADO;6.164319695555722, -75.59192684745466;CHOQUE;OBJETO FIJO;ARBOL;RESIDENCIAL;Lluvia;Impericia en el manejo
2221571;1/07/2022;4:30:00 p. m.;Viernes;2022;Julio;MOTOCICLETA;PARTICULAR;Peaton;60;FEMENINO;HERIDOS;0;0;0;0;CARRERA 48 FRENTE AL # 49BSUR-21;;LAS VEGAS;6.162651808982007, -75.60306149413384;ATROPELLO;NO REPORTADO;NO REPORTADO;RESIDENCIAL;Normal;Cruzar sin observar
2221581;5/07/2022;4:20:00 a. m.;Martes;2022;Julio;AUTOMOVIL;PUBLICO;Conductor;53;MASCULINO;HERIDOS;0;0;0;0;CARRERA 48 CON CALLE 30 SUR;;LAS VEGAS;6.179496718217783, -75.58819458527805;CHOQUE;VEHICULO;NO REPORTADO;RESIDENCIAL;Normal;Exceso de velocidad  -  Semaforo en rojo
2221582;4/07/2022;9:55:00 p. m.;Lunes;2022;Julio;MOTOCICLETA;PARTICULAR;Acompañante;20;FEMENINO;HERIDOS;0;0;0;;CALLE 39SUR CON CARRERA 40;;MESA;6.167348, -75.586768;CHOQUE;VEHICULO;NO REPORTADO;RESIDENCIAL;Normal;Desobedecer señales
2221582;4/07/2022;9:55:00 p. m.;Lunes;2022;Julio;MOTOCICLETA;PARTICULAR;Motociclista;23;MASCULINO;HERIDOS;0;0;0;;CALLE 39SUR CON CARRERA 40;;MESA;6.167348, -75.586768;CHOQUE;VEHICULO;NO REPORTADO;RESIDENCIAL;Normal;Desobedecer señales
2221582;4/07/2022;9:55:00 p. m.;Lunes;2022;Julio;MOTOCICLETA;PARTICULAR;Motociclista;21;MASCULINO;HERIDOS;0;0;0;;CALLE 39SUR CON CARRERA 40;;MESA;6.167348, -75.586768;CHOQUE;VEHICULO;NO REPORTADO;RESIDENCIAL;Normal;Desobedecer señales
2221582;4/07/2022;9:55:00 p. m.;Lunes;2022;Julio;MOTOCICLETA;PARTICULAR;Acompañante;20;FEMENINO;HERIDOS;0;0;0;;CALLE 39SUR CON CARRERA 40;;MESA;6.167348, -75.586768;CHOQUE;VEHICULO;NO REPORTADO;RESIDENCIAL;Normal;Desobedecer señales
2221583;6/07/2022;12:30:00 p. m.;Miércoles;2022;Julio;BICICLETA;;Ciclista;41;MASCULINO;HERIDOS;0;0;0;;CARRERA 48 CON CALLE 27A SUR;;LAS VEGAS;6.181309, -75.586875;CHOQUE;VEHICULO;NO REPORTADO;RESIDENCIAL;Normal;No respetar prelacion
2221611;6/07/2022;12:40:00 p. m.;Miércoles;2022;Julio;MOTOCICLETA;PARTICULAR;Motociclista;45;MASCULINO;HERIDOS;0;0;0;0;CARRERA 43A ENTRE CALLE 45BBSUR y 45BSUR;;MILAN VALLEJUELOS;6.164818017281662, -75.59497097083492;CHOQUE;VEHICULO;NO REPORTADO;RESIDENCIAL;Normal;No mantener distancia de seguridad
2221611;6/07/2022;12:40:00 p. m.;Miércoles;2022;Julio;MOTOCICLETA;PARTICULAR;Motociclista;24;MASCULINO;HERIDOS;0;0;0;0;CARRERA 43A ENTRE CALLE 45BBSUR y 45BSUR;;MILAN VALLEJUELOS;6.164818017281662, -75.59497097083492;CHOQUE;VEHICULO;NO REPORTADO;RESIDENCIAL;Normal;No mantener distancia de seguridad
2221613;6/07/2022;2:25:00 p. m.;Miércoles;2022;Julio;AUTOMOVIL;PARTICULAR;Acompañante;59;FEMENINO;HERIDOS;0;0;0;;CARRERA 48 FRENTE AL #49SUR-38;;LAS CASITAS;6.162889799313591, -75.6025566304442;CHOQUE;VEHICULO;NO REPORTADO;RESIDENCIAL;Normal;No mantener distancia de seguridad
2221615;6/07/2022;1:20:00 p. m.;Miércoles;2022;Julio;MOTOCICLETA;PARTICULAR;Motociclista;51;MASCULINO;HERIDOS;0;0;0;0;CALLE 36A SUR FRENTE AL #26D-31;;EL CHOCHO;6.165946, -75.569464;VOLCAMIENTO;NO REPORTADO;NO REPORTADO;RESIDENCIAL;Normal;No respetar prelacion
2221617;7/07/2022;8:00:00 a. m.;Jueves;2022;Julio;MOTOCICLETA;PARTICULAR;Acompañante;29;FEMENINO;HERIDOS;0;0;0;0;CARRERA 48 CON CALLE 46ASUR 151;;LAS VEGAS;6.18227498603506, -75.58646623355929;CHOQUE;VEHICULO;NO REPORTADO;RESIDENCIAL;Normal;Impericia en el manejo
2221620;8/07/2022;3:40:00 p. m.;Viernes;2022;Julio;MOTOCICLETA;PARTICULAR;Motociclista;33;MASCULINO;HERIDOS;0;0;0;;TRANSVERSAL 32C SUR CON DIAGONAL 31E;;LA MAGNOLIA;6.175289938877639, -75.58156565867138;CHOQUE;VEHICULO;NO REPORTADO;RESIDENCIAL;Normal;Desobedecer señales
2221623;9/07/2022;4:30:00 p. m.;Sábado;2022;Julio;MOTOCICLETA;PARTICULAR;Motociclista;33;MASCULINO;HERIDOS;0;0;0;0;KILOMETRO 16+450;medellín palmas envigado (km 12 - km 16+700);VEREDA PALMAS;6.1543166906610285, -75.53499143834985;CHOQUE;VEHICULO;NO REPORTADO;NO REPORTADO;Normal;Adelantar por la derecha
2221625;11/07/2022;8:30:00 a. m.;Lunes;2022;Julio;MOTOCICLETA;PARTICULAR;Motociclista;31;MASCULINO;HERIDOS;0;0;0;0;CALLE 36DSUR FRENTE AL #27A-105;;LA PRADERA;6.163480063395788, -75.57399909158791;CHOQUE;VEHICULO;NO REPORTADO;RESIDENCIAL;Normal;No mantener distancia de seguridad
2221633;10/07/2022;7:43:00 a. m.;Domingo;2022;Julio;MOTOCICLETA;PARTICULAR;Motociclista;24;MASCULINO;HERIDOS;0;0;0;;KILOMETRO 13;medellín palmas envigado (km 12 - km 16+700);VEREDA PALMAS;6.165592595898619, -75.54510949704054;CHOQUE;VEHICULO;NO REPORTADO;NO REPORTADO;Normal;Desobedecer señales
2221640;12/07/2022;2:20:00 p. m.;Martes;2022;Julio;MOTOCICLETA;PARTICULAR;Acompañante;11;MASCULINO;HERIDOS;0;0;0;0;CALLE 38 SUR CON CARRERA 43A;;ZONA CENTRO;6.1706926291467665, -75.58874098595419;OTRO;NO REPORTADO;NO REPORTADO;COMERCIAL;Normal;Desobedecer señales
2221640;12/07/2022;2:20:00 p. m.;Martes;2022;Julio;MOTOCICLETA;PARTICULAR;Motociclista;36;FEMENINO;HERIDOS;0;0;0;0;CALLE 38 SUR CON CARRERA 43A;;ZONA CENTRO;6.1706926291467665, -75.58874098595419;OTRO;NO REPORTADO;NO REPORTADO;COMERCIAL;Normal;Desobedecer señales
2221641;12/07/2022;11:40:00 a. m.;Martes;2022;Julio;MOTOCICLETA;PARTICULAR;Motociclista;33;MASCULINO;HERIDOS;0;0;0;0;CARRERA 48 FRENTE AL # 32SUR-29;;LAS VEGAS;6.177519506652587, -75.58980550312343;CHOQUE;VEHICULO;NO REPORTADO;RESIDENCIAL;Normal;Desobedecer señales
2221646;12/07/2022;11:20:00 a. m.;Martes;2022;Julio;MOTOCICLETA;PARTICULAR;Acompañante;53;MASCULINO;HERIDOS;0;0;0;;CALLE 36D SUR FRENTE AL #27-60;;LA PRADERA;6.162698, -75.570960;CHOQUE;OBJETO FIJO;POSTE;RESIDENCIAL;Normal;Impericia en el manejo
2221646;12/07/2022;11:20:00 a. m.;Martes;2022;Julio;MOTOCICLETA;PARTICULAR;Motociclista;34;MASCULINO;HERIDOS;0;0;0;;CALLE 36D SUR FRENTE AL #27-60;;LA PRADERA;6.162698, -75.570960;CHOQUE;OBJETO FIJO;POSTE;RESIDENCIAL;Normal;Impericia en el manejo
2221648;13/07/2022;5:53:00 p. m.;Miércoles;2022;Julio;MOTOCICLETA;PARTICULAR;Peaton;69;MASCULINO;HERIDOS;0;0;0;;DIAGONAL 31 FRENTE AL # 34BSUR-52;;LAS FLORES;6.172790752923244, -75.58014133095965;ATROPELLO;NO REPORTADO;NO REPORTADO;RESIDENCIAL;Normal;Cruzar en curva
2221649;10/07/2022;1:40:00 p. m.;Domingo;2022;Julio;MOTOCICLETA;PARTICULAR;Motociclista;20;MASCULINO;HERIDOS;0;0;0;0;CARRERA 28 CON CALLE 39SUR;;SAN JOSE;6.161097540357918, -75.57987925049841;CHOQUE;VEHICULO;NO REPORTADO;RESIDENCIAL;Normal;Adelantar cerrando
2221650;12/07/2022;10:10:00 p. m.;Martes;2022;Julio;MOTOCICLETA;PARTICULAR;Acompañante;28;FEMENINO;HERIDOS;0;0;0;0;KILOMETRO 13;medellín palmas envigado (km 12 - km 16+700);VEREDA PALMAS;6.165592595898619, -75.54510949704054;CHOQUE;VEHICULO;NO REPORTADO;NO REPORTADO;Normal;Otra-Conductor
2221650;12/07/2022;10:10:00 p. m.;Martes;2022;Julio;MOTOCICLETA;PARTICULAR;Motociclista;24;MASCULINO;HERIDOS;0;0;0;0;KILOMETRO 13;medellín palmas envigado (km 12 - km 16+700);VEREDA PALMAS;6.165592595898619, -75.54510949704054;CHOQUE;VEHICULO;NO REPORTADO;NO REPORTADO;Normal;Otra-Conductor
2221654;13/07/2022;5:30:00 p. m.;Miércoles;2022;Julio;AUTOMOVIL;PARTICULAR;Peaton;60;FEMENINO;HERIDOS;0;0;0;0;CARRERA 48 CON CALLE 48CSUR;;LAS VEGAS;6.163712, -75.601765;ATROPELLO;NO REPORTADO;NO REPORTADO;RESIDENCIAL;Normal;Cruzar sin observar  -  Poner en marcha un vehiculo sin precauci
2221662;17/07/2022;6:10:00 a. m.;Domingo;2022;Julio;MOTOCICLETA;PARTICULAR;Motociclista;22;MASCULINO;HERIDOS;0;0;0;;CALLE 38 SUR FRENTE AL #34-25;;MESA;6.166725, -75.582898;CHOQUE;OBJETO FIJO;INMUEBLE;RESIDENCIAL;Normal;Impericia en el manejo
2221665;16/07/2022;5:45:00 p. m.;Sábado;2022;Julio;MOTOCICLETA;PARTICULAR;Motociclista;56;MASCULINO;HERIDOS;0;0;0;;KILOMETRO 17;retiro varia palmas enviga (km 5+43 - km 14+ 550);VEREDA PALMAS;6.150879182758886, -75.53128370017697;CHOQUE;VEHICULO;NO REPORTADO;NO REPORTADO;Normal;Desobedecer señales
2221666;16/07/2022;8:45:00 a. m.;Sábado;2022;Julio;BICICLETA;;Ciclista;43;MASCULINO;HERIDOS;0;0;0;;CALLE 40 SUR CON CARRERA 24;;EL SALADO;6.1423323620951935, -75.57475705547657;CHOQUE;VEHICULO;NO REPORTADO;RESIDENCIAL;Normal;Otra-Via
2221667;16/07/2022;8:35:00 a. m.;Sábado;2022;Julio;MOTOCICLETA;PARTICULAR;Motociclista;38;MASCULINO;HERIDOS;0;0;0;;DIAGONAL 31C ENTRE TRANSVERSAL 32DSUR y TRANSVERSAL 32ASUR;;LAS FLORES;6.175240291821966, -75.58048212042357;CHOQUE;VEHICULO;NO REPORTADO;RESIDENCIAL;Normal;Desobedecer señales
2221672;17/07/2022;3:30:00 a. m.;Domingo;2022;Julio;MOTOCICLETA;PARTICULAR;Motociclista;35;MASCULINO;HERIDOS;1;0;3;180;CALLE 39 SUR CON CARRERA 41;;ZONA CENTRO;6.168027928581217, -75.58747163576697;CHOQUE;VEHICULO;NO REPORTADO;RESIDENCIAL;Normal;Embriaguez o droga
2221672;17/07/2022;3:30:00 a. m.;Domingo;2022;Julio;MOTOCICLETA;PARTICULAR;Acompañante;27;FEMENINO;HERIDOS;1;0;3;180;CALLE 39 SUR CON CARRERA 41;;ZONA CENTRO;6.168027928581217, -75.58747163576697;CHOQUE;VEHICULO;NO REPORTADO;RESIDENCIAL;Normal;Embriaguez o droga
2221679;15/07/2022;7:50:00 a. m.;Viernes;2022;Julio;MOTOCICLETA;PARTICULAR;Motociclista;20;MASCULINO;HERIDOS;1;0;2;140;CALLE 40 SUR CARRERA 24;;EL SALADO;6.142466, -75.574942;VOLCAMIENTO;NO REPORTADO;NO REPORTADO;RESIDENCIAL;Normal;Embriaguez o droga
2221679;15/07/2022;7:50:00 a. m.;Viernes;2022;Julio;MOTOCICLETA;PARTICULAR;Acompañante;21;MASCULINO;HERIDOS;1;0;2;140;CALLE 40 SUR CARRERA 24;;EL SALADO;6.142466, -75.574942;VOLCAMIENTO;NO REPORTADO;NO REPORTADO;RESIDENCIAL;Normal;Embriaguez o droga
2221680;15/07/2022;5:00:00 p. m.;Viernes;2022;Julio;MOTOCICLETA;PARTICULAR;Motociclista;25;MASCULINO;HERIDOS;0;0;0;;CARRERA 25 FRENTE AL #39 SUR-15;;EL CHINGUÍ;6.153463263134734, -75.57478416850881;CHOQUE;VEHICULO;NO REPORTADO;RESIDENCIAL;Normal;No respetar pelacion de interseccion o giros
2221681;15/07/2022;8:20:00 p. m.;Viernes;2022;Julio;MOTOCICLETA;PARTICULAR;Motociclista;29;MASCULINO;HERIDOS;0;0;0;;CARRERA 48 CON CALLE 43 SUR;;LAS VEGAS;6.168472, -75.597139;CHOQUE;VEHICULO;NO REPORTADO;RESIDENCIAL;Normal;Desobedecer señales
2221682;14/07/2022;6:00:00 p. m.;Jueves;2022;Julio;MOTOCICLETA;PARTICULAR;Acompañante;6;FEMENINO;HERIDOS;0;0;0;;CARRERA 32 CON CALLE 37 SUR;;MESA;6.166585, -75.581173;CHOQUE;VEHICULO;NO REPORTADO;RESIDENCIAL;Normal;Desobedecer señales
2221683;18/07/2022;8:20:00 a. m.;Lunes;2022;Julio;BICICLETA;;Ciclista;33;MASCULINO;HERIDOS;0;0;0;;CALLE 38 SUR CON CARRERA 46;;ALCALA;6.171848, -75.591401;CHOQUE;VEHICULO;NO REPORTADO;RESIDENCIAL;Normal;Poner en marcha un vehiculo sin precauci  -  Vehiculo mal estacionado
2221684;17/07/2022;8:15:00 p. m.;Domingo;2022;Julio;AUTOMOVIL;PUBLICO;Pasajero;28;FEMENINO;HERIDOS;0;0;0;;CARRERA 43A CON CALLE 33B SUR;;SAN MARCOS;6.173355, -75.586842;CHOQUE;VEHICULO;NO REPORTADO;RESIDENCIAL;Normal;Semaforo en rojo
2221684;17/07/2022;8:15:00 p. m.;Domingo;2022;Julio;MOTOCICLETA;PARTICULAR;Acompañante;21;FEMENINO;HERIDOS;0;0;0;;CARRERA 43A CON CALLE 33B SUR;;SAN MARCOS;6.173355, -75.586842;CHOQUE;VEHICULO;NO REPORTADO;RESIDENCIAL;Normal;Semaforo en rojo
2221684;17/07/2022;8:15:00 p. m.;Domingo;2022;Julio;MOTOCICLETA;PARTICULAR;Motociclista;25;MASCULINO;HERIDOS;0;0;0;;CARRERA 43A CON CALLE 33B SUR;;SAN MARCOS;6.173355, -75.586842;CHOQUE;VEHICULO;NO REPORTADO;RESIDENCIAL;Normal;Semaforo en rojo
2221693;19/07/2022;12:00:00 p. m.;Martes;2022;Julio;MOTOCICLETA;PARTICULAR;Motociclista;31;MASCULINO;HERIDOS;0;0;0;;CARRERA 50 ENTRE CALLES 36SUR Y 37SU;;LAS VEGAS;6.175018, -75.595474;CHOQUE;VEHICULO;NO REPORTADO;COMERCIAL;Normal;No mantener distancia de seguridad
2221700;18/07/2022;8:40:00 p. m.;Lunes;2022;Julio;MOTOCICLETA;;Peaton;58;FEMENINO;HERIDOS;0;0;0;;DIAGONAL 31C CON TRANSVERSAL 33ASUR 26;;LAS FLORES;6.173853, -75.580302;ATROPELLO;NO REPORTADO;NO REPORTADO;RESIDENCIAL;Normal;Otra-Conductor
2221701;18/07/2022;5:30:00 p. m.;Lunes;2022;Julio;AUTOMOVIL;PUBLICO;Pasajero;56;FEMENINO;HERIDOS;0;0;0;0;CALLE 36DSUR FRENTE AL #27-60;;LA PRADERA;6.162698, -75.570960;CHOQUE;VEHICULO;NO REPORTADO;RESIDENCIAL;Normal;Otra-Conductor
2221705;18/07/2022;5:05:00 p. m.;Lunes;2022;Julio;CAMIONETA;PARTICULAR;Peaton;32;FEMENINO;HERIDOS;0;0;0;0;CALLE 38 SUR CON CARRERA 41;;ZONA CENTRO;6.169164, -75.586595;ATROPELLO;NO REPORTADO;NO REPORTADO;RESIDENCIAL;Normal;Pasar semaforo en rojo
2221706;21/07/2022;8:15:00 a. m.;Jueves;2022;Julio;MOTOCICLETA;PARTICULAR;Motociclista;28;MASCULINO;HERIDOS;0;0;0;;CALLE 39SUR CON CARRERA 28;;SAN JOSE;6.161077, -75.579795;CHOQUE;VEHICULO;NO REPORTADO;RESIDENCIAL;Normal;Desobedecer señales  -  Poner en marcha un vehiculo sin precauci
2221707;20/07/2022;7:55:00 p. m.;Miércoles;2022;Julio;MOTOCICLETA;PARTICULAR;Acompañante;24;FEMENINO;HERIDOS;0;0;0;0;CARRERA 42 ENTRE CALLE 41BSUR y CALLE 41CSUR;;EL DORADO;6.1652669485588385, -75.59193809030543;CHOQUE;VEHICULO;NO REPORTADO;RESIDENCIAL;Normal;Impericia en el manejo
2221708;19/07/2022;6:40:00 a. m.;Martes;2022;Julio;MOTOCICLETA;PARTICULAR;Motociclista;42;MASCULINO;HERIDOS;0;0;0;0;KILOMETRO 2+200 TRANSVERSAL DE LA MONTAÑA;el escobero - km 0-13);VEREDA SANTA CATALINA;6.159939567498343, -75.55351876313857;CAIDA OCUPANTE;NO REPORTADO;NO REPORTADO;NO REPORTADO;Normal;Adelantar en curva
2221728;23/07/2022;3:15:00 p. m.;Sábado;2022;Julio;MOTOCICLETA;PARTICULAR;Motociclista;46;MASCULINO;HERIDOS;0;0;0;0;CARRERA 48 CON CALLE 32 SUR;;LAS VEGAS;6.177553494684281, -75.58959170100616;OTRO;NO REPORTADO;NO REPORTADO;RESIDENCIAL;Normal;Impericia en el manejo
2221729;21/07/2022;4:50:00 a. m.;Jueves;2022;Julio;MOTOCICLETA;PARTICULAR;Motociclista;30;MASCULINO;HERIDOS;0;0;0;0;TRANSVERSAL 34BSUR CON DIAGONAL 32;;OBRERO;6.172582545196681, -75.58140010827809;CHOQUE;VEHICULO;NO REPORTADO;RESIDENCIAL;Normal;No respetar pelacion de interseccion o giros
2221730;23/07/2022;3:20:00 p. m.;Sábado;2022;Julio;MOTOCICLETA;PARTICULAR;Motociclista;24;MASCULINO;HERIDOS;0;0;0;0;CARRERA 50 FRENTE AL #32B SUR-139;;LAS VEGAS;6.178263, -75.591897;CHOQUE;VEHICULO;NO REPORTADO;RESIDENCIAL;Lluvia;Impericia en el manejo
2221736;23/07/2022;11:20:00 a. m.;Sábado;2022;Julio;MOTOCICLETA;PARTICULAR;Motociclista;31;FEMENINO;HERIDOS;0;0;0;0;CARRERA 48 FRENTE AL # 19SUR-110;;LAS VEGAS;6.186434681935534, -75.58208003007762;OTRO;NO REPORTADO;NO REPORTADO;COMERCIAL;Normal;Adelantar cerrando  -  Impericia en el manejo
2221740;24/07/2022;9:00:00 p. m.;Domingo;2022;Julio;BICICLETA;;Ciclista;17;MASCULINO;HERIDOS;0;0;0;0;CALLE 36DSUR FRENTE AL #25-31;;VEREDA EL ESCOBERO;6.15756349871883, -75.56747082042384;CHOQUE;VEHICULO;NO REPORTADO;RESIDENCIAL;Normal;Adelantar invadiendo carril de sentido contrario
2221750;25/07/2022;6:55:00 p. m.;Lunes;2022;Julio;BUSETA;PUBLICO;Peaton;54;FEMENINO;HERIDOS;0;0;0;;CALLE 25AA SUR ENTRE CARRERA 48 Y CARRERA 49;;LAS VEGAS;6.185365, -75.586071;ATROPELLO;NO REPORTADO;NO REPORTADO;RESIDENCIAL;Lluvia;Cruzar sin observar
2221754;26/07/2022;10:45:00 a. m.;Martes;2022;Julio;BICICLETA;;Ciclista;33;MASCULINO;HERIDOS;0;0;0;;CARRERA 48  CALLE 32 SUR;;LAS VEGAS;6.177553494684281, -75.58959170100616;CHOQUE;VEHICULO;NO REPORTADO;RESIDENCIAL;Normal;No mantener distancia de seguridad
2221755;26/07/2022;11:08:00 a. m.;Martes;2022;Julio;AUTOMOVIL;PARTICULAR;Peaton;43;MASCULINO;HERIDOS;0;0;0;0;CALLE 46 SUR CON CARRERA 42B;;LA PAZ;6.162366, -75.594270;ATROPELLO;NO REPORTADO;NO REPORTADO;RESIDENCIAL;Normal;Otra-Conductor
2221759;26/07/2022;8:55:00 a. m.;Martes;2022;Julio;AUTOMOVIL;PARTICULAR;Acompañante;54;FEMENINO;HERIDOS;0;0;0;0;CALLE 38SUR FRENTE AL #44-70;;ALCALA;6.171127193786644, -75.58980372412522;CHOQUE;VEHICULO;NO REPORTADO;RESIDENCIAL;Normal;No mantener distancia de seguridad
2221759;26/07/2022;8:55:00 a. m.;Martes;2022;Julio;AUTOMOVIL;PARTICULAR;Conductor;32;FEMENINO;HERIDOS;0;0;0;0;CALLE 38SUR FRENTE AL #44-70;;ALCALA;6.171127193786644, -75.58980372412522;CHOQUE;VEHICULO;NO REPORTADO;RESIDENCIAL;Normal;No mantener distancia de seguridad
2221760;28/07/2022;12:12:00 p. m.;Jueves;2022;Julio;MOTOCICLETA;PARTICULAR;Motociclista;28;MASCULINO;HERIDOS;0;0;0;;CARRERA 43A CON CALLE 45 SUR;;LA PAZ;6.165114, -75.594604;ATROPELLO;NO REPORTADO;NO REPORTADO;RESIDENCIAL;Normal;Exceso de velocidad  -  Pasar semaforo en rojo
2221760;28/07/2022;12:12:00 p. m.;Jueves;2022;Julio;MOTOCICLETA;PARTICULAR;Peaton;75;FEMENINO;MUERTOS;0;0;0;;CARRERA 43A CON CALLE 45 SUR;;LA PAZ;6.165114, -75.594604;ATROPELLO;NO REPORTADO;NO REPORTADO;RESIDENCIAL;Normal;Exceso de velocidad  -  Pasar semaforo en rojo
2221762;27/07/2022;7:30:00 p. m.;Miércoles;2022;Julio;MOTOCICLETA;PARTICULAR;Motociclista;26;MASCULINO;HERIDOS;0;0;0;0;CARRERA 42B CON CALLE 45 SUR;;LA PAZ;6.163617360204344, -75.59318892278996;CHOQUE;VEHICULO;NO REPORTADO;RESIDENCIAL;Lluvia;Semaforo en rojo
2221763;28/07/2022;12:10:00 p. m.;Jueves;2022;Julio;MOTOCICLETA;PARTICULAR;Motociclista;53;MASCULINO;HERIDOS;0;0;0;;CALLE 36D SUR FRENTE AL #24-35;;VEREDA EL ESCOBERO;6.154693789952121, -75.56669690031742;CHOQUE;VEHICULO;NO REPORTADO;RESIDENCIAL;Normal;Impericia en el manejo
2221763;28/07/2022;12:10:00 p. m.;Jueves;2022;Julio;MOTOCICLETA;PARTICULAR;Motociclista;30;MASCULINO;HERIDOS;0;0;0;;CALLE 36D SUR FRENTE AL #24-35;;VEREDA EL ESCOBERO;6.154693789952121, -75.56669690031742;CHOQUE;VEHICULO;NO REPORTADO;RESIDENCIAL;Normal;Impericia en el manejo
2221769;29/07/2022;6:40:00 p. m.;Viernes;2022;Julio;MOTOCICLETA;PARTICULAR;Motociclista;24;MASCULINO;HERIDOS;0;0;0;;KILOMETRO 13+650;medellín palmas envigado (km 12 - km 16+700);VEREDA PALMAS;6.16002389223419, -75.54527284531669;CHOQUE;VEHICULO;NO REPORTADO;NO REPORTADO;Normal;Impericia en el manejo
2221772;28/07/2022;7:00:00 p. m.;Jueves;2022;Julio;MOTOCICLETA;PARTICULAR;Motociclista;52;MASCULINO;HERIDOS;0;0;0;;CALLE 40 SUR FRENTE AL #25AA88;;EL SALADO;6.155327138458115, -75.58024718120858;CHOQUE;VEHICULO;NO REPORTADO;RESIDENCIAL;Normal;Adelantar invadiendo carril de sentido contrario
2221772;28/07/2022;7:00:00 p. m.;Jueves;2022;Julio;MOTOCICLETA;PARTICULAR;Motociclista;23;MASCULINO;HERIDOS;0;0;0;;CALLE 40 SUR FRENTE AL #25AA88;;EL SALADO;6.155327138458115, -75.58024718120858;CHOQUE;VEHICULO;NO REPORTADO;RESIDENCIAL;Normal;Adelantar invadiendo carril de sentido contrario
2221776;29/07/2022;9:40:00 a. m.;Viernes;2022;Julio;BICICLETA;;Ciclista;19;MASCULINO;HERIDOS;0;0;0;;CARRERA 50 CON CALLE 40 SUR;;LAS VEGAS;6.173219, -75.597911;CHOQUE;VEHICULO;NO REPORTADO;RESIDENCIAL;Normal;Otra-Conductor
2221777;29/07/2022;6:55:00 a. m.;Viernes;2022;Julio;MOTOCICLETA;PARTICULAR;Motociclista;31;MASCULINO;HERIDOS;0;0;0;;KILOMETRO 7+200;retiro varia palmas enviga (km 5+43 - km 14+ 550);VEREDA PERICO;6.1719149801153215, -75.49057175683791;CHOQUE;VEHICULO;NO REPORTADO;NO REPORTADO;Normal;No mantener distancia de seguridad
2221783;30/07/2022;1:16:00 p. m.;Sábado;2022;Julio;MOTOCICLETA;PARTICULAR;Peaton;49;FEMENINO;HERIDOS;0;0;0;;CARRERA 43A CON CALLE 46 SUR;;PRIMAVERA;6.164068, -75.596107;ATROPELLO;NO REPORTADO;NO REPORTADO;RESIDENCIAL;Normal;Desobedecer señales