NRO_RADICADO;FECHA_ACCIDENTE;HORA_ACCIDENTE;Día de la semana;AÑO;MES;CLASE_VEHICULO;TIPO_SERVICIO;TIPO_VICTIMA;EDAD;GENERO;GRAVEDAD;ESTADO_BEODEZ;ESTADO_DROGA;RESULTADO_BEODEZ;RESUL_BEODEZ_GRAMOS;DIRECCION_CARACT_VIA;TRAMO_VIA;LOCALIDAD_O_COMUNA;    GEORREFERENCIACIÓN;DESC_CLASE_ACCIDENTE;DESC_CHOQUE_ACCIDENTE;DESC_OBJETO_FIJO;DESC_SECTOR_ACCIDENTE;CONDICION_CLIMATICA;CAUSA_ACCIDENTE
2221784;29/07/2022;9:40:00 a. m.;Viernes;2022;Julio;MOTOCICLETA;PARTICULAR;Acompañante;25;MASCULINO;HERIDOS;0;0;0;;CARRERA 50 CON CALLE 19 SUR;;LAS VEGAS;6.188167, -75.583364;CAIDA OCUPANTE;NO REPORTADO;NO REPORTADO;RESIDENCIAL;Normal;Huecos  -  Impericia en el manejo
2221784;29/07/2022;9:40:00 a. m.;Viernes;2022;Julio;MOTOCICLETA;PARTICULAR;Motociclista;25;FEMENINO;HERIDOS;0;0;0;;CARRERA 50 CON CALLE 19 SUR;;LAS VEGAS;6.188167, -75.583364;CAIDA OCUPANTE;NO REPORTADO;NO REPORTADO;RESIDENCIAL;Normal;Huecos  -  Impericia en el manejo
2221789;30/07/2022;6:30:00 p. m.;Sábado;2022;Julio;MOTOCICLETA;PARTICULAR;Motociclista;32;MASCULINO;HERIDOS;0;0;0;0;CALLE 36 SUR CON CARRERA 39;;ZONA CENTRO;6.169745460731253, -75.58429237624448;CHOQUE;VEHICULO;NO REPORTADO;RESIDENCIAL;Normal;Desobedecer señales
2221792;29/07/2022;6:00:00 p. m.;Viernes;2022;Julio;MOTOCICLETA;PARTICULAR;Motociclista;21;MASCULINO;HERIDOS;0;0;0;;CALLE 38 SUR CON CARRERA 46;;ALCALA;6.172060993457031, -75.59133707624441;CHOQUE;VEHICULO;NO REPORTADO;RESIDENCIAL;Normal;Desobedecer señales  -  No respetar pelacion de interseccion o giros
2221793;29/07/2022;5:50:00 a. m.;Viernes;2022;Julio;MOTOCICLETA;PARTICULAR;Acompañante;21;FEMENINO;HERIDOS;0;0;0;0;CALLE 39B SUR CON CARRERA 29A;;SAN JOSE;6.162964, -75.581592;CHOQUE;VEHICULO;NO REPORTADO;RESIDENCIAL;Normal;Otra-Conductor
2221793;29/07/2022;5:50:00 a. m.;Viernes;2022;Julio;MOTOCICLETA;PARTICULAR;Motociclista;23;MASCULINO;HERIDOS;0;0;0;0;CALLE 39B SUR CON CARRERA 29A;;SAN JOSE;6.162964, -75.581592;CHOQUE;VEHICULO;NO REPORTADO;RESIDENCIAL;Normal;Otra-Conductor
2221797;31/07/2022;4:45:00 p. m.;Domingo;2022;Julio;MOTOCICLETA;PARTICULAR;Motociclista;59;MASCULINO;HERIDOS;0;0;0;;CARRERA 48 CON CALLE 40 SUR;;LAS VEGAS;6.170223560750799, -75.59522313391614;CHOQUE;VEHICULO;NO REPORTADO;RESIDENCIAL;Normal;Semaforo en rojo
2221798;1/08/2022;5:40:00 p. m.;Lunes;2022;Agosto;CAMIONETA;PARTICULAR;Conductor;31;MASCULINO;HERIDOS;0;0;0;;CARRERA 50 CON CALLE 37 SUR;;LAS VEGAS;6.175135, -75.595369;CHOQUE;VEHICULO;NO REPORTADO;RESIDENCIAL;Lluvia;Otra-Conductor
2221800;1/08/2022;10:45:00 p. m.;Lunes;2022;Agosto;MOTOCICLETA;PARTICULAR;Motociclista;28;MASCULINO;HERIDOS;0;0;0;0;KILOMETRO 3;el escobero - km 0-13);VEREDA EL ESCOBERO;6.136405768942477, -75.55455028687997;CHOQUE;VEHICULO;NO REPORTADO;NO REPORTADO;Lluvia;Impericia en el manejo
2221804;2/08/2022;3:00:00 p. m.;Martes;2022;Agosto;MOTOCICLETA;PARTICULAR;Motociclista;25;MASCULINO;HERIDOS;0;0;0;0;CARRERA 43A FRENTE AL #27ASUR-11;;VILLA GRANDE;6.178895, -75.583933;CHOQUE;VEHICULO;NO REPORTADO;RESIDENCIAL;Lluvia;Otra-Conductor
2221809;3/08/2022;8:47:00 p. m.;Miércoles;2022;Agosto;MOTOCICLETA;PARTICULAR;Motociclista;16;MASCULINO;HERIDOS;0;0;0;;CARRERA 27 FRENTE AL # 36SUR-162;;LA INMACULADA;6.166283336827911, -75.56961487384952;CHOQUE;VEHICULO;NO REPORTADO;COMERCIAL;Normal;Impericia en el manejo
2221810;3/08/2022;5:35:00 p. m.;Miércoles;2022;Agosto;MOTOCICLETA;PARTICULAR;Motociclista;18;MASCULINO;HERIDOS;0;0;0;0;CARRERA 27 FRENTE AL #40SUR-11;;SAN JOSE;6.158126063865798, -75.58131639343878;CHOQUE;VEHICULO;NO REPORTADO;RESIDENCIAL;Normal;Desobedecer señales
2221814;3/08/2022;1:15:00 p. m.;Miércoles;2022;Agosto;MOTOCICLETA;PARTICULAR;Motociclista;53;MASCULINO;HERIDOS;0;0;0;0;CARRERA 42B CON CALLE 45BSUR;;LA PAZ;6.1630261251458105, -75.59373811934965;CHOQUE;VEHICULO;NO REPORTADO;COMERCIAL;Normal;Desobedecer señales
2221815;3/08/2022;9:45:00 a. m.;Miércoles;2022;Agosto;BUSETA;PUBLICO;Peaton;32;MASCULINO;HERIDOS;0;0;0;0;CALLE 45A SUR CON CARRERA 39DD;;LA PAZ;6.161798, -75.591508;ATROPELLO;NO REPORTADO;NO REPORTADO;RESIDENCIAL;Normal;Pararse sobre la calzada
2221817;4/08/2022;10:10:00 p. m.;Jueves;2022;Agosto;MOTOCICLETA;PARTICULAR;Acompañante;21;MASCULINO;HERIDOS;0;0;0;0;KILOMETRO 15+990;medellín palmas envigado (km 12 - km 16+700);VEREDA PALMAS;6.15336171792033, -75.53889941752196;CHOQUE;VEHICULO;NO REPORTADO;NO REPORTADO;Normal;Desobedecer señales
2221817;4/08/2022;10:10:00 p. m.;Jueves;2022;Agosto;MOTOCICLETA;PARTICULAR;Motociclista;27;MASCULINO;HERIDOS;0;0;0;0;KILOMETRO 15+990;medellín palmas envigado (km 12 - km 16+700);VEREDA PALMAS;6.15336171792033, -75.53889941752196;CHOQUE;VEHICULO;NO REPORTADO;NO REPORTADO;Normal;Desobedecer señales
2221818;4/08/2022;7:00:00 a. m.;Jueves;2022;Agosto;MOTOCICLETA;PARTICULAR;Peaton;9;FEMENINO;HERIDOS;0;0;0;0;CALLE 41BSUR FRENTE AL #25A-25;;SAN RAFAEL;6.155214, -75.584884;ATROPELLO;NO REPORTADO;NO REPORTADO;RESIDENCIAL;Normal;Cruzar sin observar
2221819;3/08/2022;5:45:00 p. m.;Miércoles;2022;Agosto;MOTOCICLETA;PARTICULAR;Acompañante;22;MASCULINO;HERIDOS;0;0;0;0;CALLE 36D SUR CON CARRERA 26D;;EL CHOCHO;6.161934, -75.569305;CHOQUE;VEHICULO;NO REPORTADO;RESIDENCIAL;Normal;Otra-Conductor
2221821;3/08/2022;3:35:00 p. m.;Miércoles;2022;Agosto;MOTOCICLETA;PARTICULAR;Motociclista;59;MASCULINO;HERIDOS;0;0;0;0;CARRERA 32 CON CALLE 38ASUR;;MESA;6.165918953117091, -75.58161680155952;CHOQUE;VEHICULO;NO REPORTADO;RESIDENCIAL;Normal;Desobedecer señales
2221821;3/08/2022;3:35:00 p. m.;Miércoles;2022;Agosto;MOTOCICLETA;PARTICULAR;Acompañante;54;FEMENINO;HERIDOS;0;0;0;0;CARRERA 32 CON CALLE 38ASUR;;MESA;6.165918953117091, -75.58161680155952;CHOQUE;VEHICULO;NO REPORTADO;RESIDENCIAL;Normal;Desobedecer señales
2221825;6/08/2022;11:30:00 a. m.;Sábado;2022;Agosto;MOTOCICLETA;PARTICULAR;Motociclista;26;MASCULINO;HERIDOS;0;0;0;0;KILOMETRO 8+24;retiro varia palmas enviga (km 5+43 - km 14+ 550);VEREDA PERICO;6.172306138780828, -75.49789615411972;CHOQUE;VEHICULO;NO REPORTADO;NO REPORTADO;Lluvia;Desobedecer señales
2221826;5/08/2022;1:10:00 p. m.;Viernes;2022;Agosto;MOTOCICLETA;PARTICULAR;Motociclista;24;MASCULINO;HERIDOS;0;0;0;0;CALLE 39 SUR CON CARRERA 28;;SAN JOSE;6.161322497955042, -75.57984913576708;CHOQUE;VEHICULO;NO REPORTADO;RESIDENCIAL;Normal;No mantener distancia de seguridad
2221826;5/08/2022;1:10:00 p. m.;Viernes;2022;Agosto;MOTOCICLETA;PARTICULAR;Acompañante;16;MASCULINO;HERIDOS;0;0;0;0;CALLE 39 SUR CON CARRERA 28;;SAN JOSE;6.161322497955042, -75.57984913576708;CHOQUE;VEHICULO;NO REPORTADO;RESIDENCIAL;Normal;No mantener distancia de seguridad
2221831;7/08/2022;9:00:00 a. m.;Domingo;2022;Agosto;MOTOCICLETA;PARTICULAR;Motociclista;54;MASCULINO;MUERTOS;0;0;0;;KILOMETRO 8+280;retiro varia palmas enviga (km 5+43 - km 14+ 550);VEREDA PERICO;6.171995, -75.497962;OTRO;NO REPORTADO;NO REPORTADO;NO REPORTADO;Normal;Exceso de velocidad  -  Impericia en el manejo
2221832;6/08/2022;5:20:00 a. m.;Sábado;2022;Agosto;MOTOCICLETA;PARTICULAR;Motociclista;28;FEMENINO;HERIDOS;0;0;0;;CARRERA 48 ENTRE CALLES 38SUR Y 39SUR;;LAS VEGAS;6.1726744895618655, -75.59329526707604;CHOQUE;VEHICULO;NO REPORTADO;COMERCIAL;Lluvia;No mantener distancia de seguridad
2221836;7/08/2022;7:45:00 p. m.;Domingo;2022;Agosto;MOTOCICLETA;PARTICULAR;Motociclista;24;MASCULINO;HERIDOS;1;0;2;140;CARRERA 48 FRENTE AL #49DSUR-36;;LAS VEGAS;6.162152658591817, -75.60326416146634;CHOQUE;VEHICULO;NO REPORTADO;RESIDENCIAL;Normal;Embriaguez o droga  -  No mantener distancia de seguridad
2221838;4/08/2022;12:20:00 p. m.;Jueves;2022;Agosto;MOTOCICLETA;PARTICULAR;Motociclista;42;MASCULINO;HERIDOS;0;0;0;0;KILOMETRO 5+140;retiro varia palmas enviga (km 5+43 - km 14+ 550);VEREDA PERICO;6.170881514836197, -75.47885234641186;CHOQUE;VEHICULO;NO REPORTADO;NO REPORTADO;Normal;Desobedecer señales
2221838;4/08/2022;12:20:00 p. m.;Jueves;2022;Agosto;MOTOCICLETA;PARTICULAR;Acompañante;41;MASCULINO;HERIDOS;0;0;0;0;KILOMETRO 5+140;retiro varia palmas enviga (km 5+43 - km 14+ 550);VEREDA PERICO;6.170881514836197, -75.47885234641186;CHOQUE;VEHICULO;NO REPORTADO;NO REPORTADO;Normal;Desobedecer señales
2221839;4/08/2022;5:40:00 p. m.;Jueves;2022;Agosto;MOTOCICLETA;PARTICULAR;Motociclista;28;FEMENINO;HERIDOS;0;0;0;;CARRERA 50 ENTRE CALLE 43SUR y 39SUR;;LAS VEGAS;6.171018, -75.600755;CHOQUE;VEHICULO;NO REPORTADO;RESIDENCIAL;Normal;No mantener distancia de seguridad
2221840;4/08/2022;11:40:00 a. m.;Jueves;2022;Agosto;MOTOCICLETA;PARTICULAR;Motociclista;22;MASCULINO;HERIDOS;0;0;0;0;KILOMETRO 13+620;medellín palmas envigado (km 12 - km 16+700);VEREDA PALMAS;6.160307397911236, -75.5450462583846;CHOQUE;VEHICULO;NO REPORTADO;NO REPORTADO;Normal;Adelantar cerrando
2221845;6/08/2022;1:15:00 p. m.;Sábado;2022;Agosto;MOTOCICLETA;PARTICULAR;Motociclista;39;MASCULINO;HERIDOS;0;0;0;;CARRERA 28 CON CALLE 27D SUR;;EL ESMERALDAL;6.174074683473899, -75.57494884422346;CHOQUE;VEHICULO;NO REPORTADO;RESIDENCIAL;Normal;Girar bruscamente  -  No respetar pelacion de interseccion o giros
2221851;8/08/2022;11:30:00 p. m.;Lunes;2022;Agosto;MOTOCICLETA;PARTICULAR;Motociclista;30;MASCULINO;HERIDOS;0;0;0;;CARRERA 50 CALLE 43 SUR;;LAS VEGAS;6.171018, -75.600755;CHOQUE;OBJETO FIJO;VEHICULO ESTACIONADO;RESIDENCIAL;Normal;Impericia en el manejo
2221857;8/08/2022;4:40:00 p. m.;Lunes;2022;Agosto;MOTOCICLETA;PARTICULAR;Acompañante;32;MASCULINO;HERIDOS;0;0;0;;CALLE 36D SUR FRENTE AL #25B-126;;VEREDA EL ESCOBERO;6.161047, -75.568167;OTRO;NO REPORTADO;NO REPORTADO;RESIDENCIAL;Normal;Impericia en el manejo
2221857;8/08/2022;4:40:00 p. m.;Lunes;2022;Agosto;MOTOCICLETA;PARTICULAR;Motociclista;34;FEMENINO;HERIDOS;0;0;0;;CALLE 36D SUR FRENTE AL #25B-126;;VEREDA EL ESCOBERO;6.161047, -75.568167;OTRO;NO REPORTADO;NO REPORTADO;RESIDENCIAL;Normal;Impericia en el manejo
2221859;9/08/2022;10:10:00 p. m.;Martes;2022;Agosto;AUTOMOVIL;;Peaton;20;MASCULINO;HERIDOS;0;0;0;;CALLE 37 SUR ENTRE CARRERA 49 y CARRERA 50;;LAS VEGAS;6.174457, -75.593920;ATROPELLO;NO REPORTADO;NO REPORTADO;RESIDENCIAL;Normal;Transitar por la calzada
2221867;10/08/2022;1:50:00 p. m.;Miércoles;2022;Agosto;MOTOCICLETA;PARTICULAR;Motociclista;45;MASCULINO;HERIDOS;0;0;0;;CARRERA 27G FRENTE AL #36E SUR 43;;LA PRADERA;6.1656012160822495, -75.57822582582868;CHOQUE;VEHICULO;NO REPORTADO;RESIDENCIAL;Normal;Impericia en el manejo
2221867;10/08/2022;1:50:00 p. m.;Miércoles;2022;Agosto;CAMIONETA;PUBLICO;Conductor;33;MASCULINO;HERIDOS;0;0;0;;CARRERA 27G FRENTE AL #36E SUR 43;;LA PRADERA;6.1656012160822495, -75.57822582582868;CHOQUE;VEHICULO;NO REPORTADO;RESIDENCIAL;Normal;Impericia en el manejo
2221869;10/08/2022;6:00:00 a. m.;Miércoles;2022;Agosto;MOTOCICLETA;PARTICULAR;Motociclista;19;MASCULINO;HERIDOS;0;0;0;;CARRERA 50 ENTRE CALLES 38SUR Y 37SUR;;LAS VEGAS;6.175018, -75.595474;VOLCAMIENTO;NO REPORTADO;NO REPORTADO;COMERCIAL;Normal;Impericia en el manejo
2221873;11/08/2022;6:45:00 a. m.;Jueves;2022;Agosto;MOTOCICLETA;;Peaton;40;FEMENINO;HERIDOS;0;0;0;;CARRERA 43 FRENTE AL #31SUR-20;;LA MAGNOLIA;6.176245, -75.585239;ATROPELLO;NO REPORTADO;NO REPORTADO;RESIDENCIAL;Normal;Desobedecer señales
2221874;11/08/2022;5:50:00 a. m.;Jueves;2022;Agosto;MOTOCICLETA;PARTICULAR;Motociclista;20;MASCULINO;HERIDOS;0;0;0;;CARRERA 50 ENTRE CALLE 28 SUR y 26 SUR;;LAS VEGAS;6.184493, -75.587579;CHOQUE;OBJETO FIJO;OTRO TIPO;RESIDENCIAL;Normal;Impericia en el manejo
2221875;12/08/2022;11:32:00 a. m.;Viernes;2022;Agosto;MOTOCICLETA;PARTICULAR;Acompañante;31;FEMENINO;HERIDOS;0;0;0;;CALLE 25A SUR ENTRE CARRERA 42B y CARRERA 42;;PONTE VEDRA;6.179169942922311, -75.58123914484678;CHOQUE;VEHICULO;NO REPORTADO;RESIDENCIAL;Normal;Desobedecer señales  -  Girar bruscamente
2221875;12/08/2022;11:32:00 a. m.;Viernes;2022;Agosto;MOTOCICLETA;PARTICULAR;Motociclista;26;FEMENINO;HERIDOS;0;0;0;;CALLE 25A SUR ENTRE CARRERA 42B y CARRERA 42;;PONTE VEDRA;6.179169942922311, -75.58123914484678;CHOQUE;VEHICULO;NO REPORTADO;RESIDENCIAL;Normal;Desobedecer señales  -  Girar bruscamente
2221876;11/08/2022;8:20:00 a. m.;Jueves;2022;Agosto;AUTOMOVIL;PARTICULAR;Peaton;61;FEMENINO;HERIDOS;0;0;0;;CARRERA 30A FRENTE AL #40C SUR 11;;SAN JOSE;6.1621581647710215, -75.60361562027039;ATROPELLO;NO REPORTADO;NO REPORTADO;RESIDENCIAL;Normal;Otra-Conductor
2221877;12/08/2022;9:50:00 a. m.;Viernes;2022;Agosto;BICICLETA;;Ciclista;41;MASCULINO;HERIDOS;0;0;0;;CARRERA 49 ENTRE CALLE 39 SUR y CALLE 40 SUR;;LAS VEGAS;6.173823, -75.597081;CHOQUE;VEHICULO;NO REPORTADO;RESIDENCIAL;Normal;Transitar por vias prohibidas
2221880;10/08/2022;3:40:00 p. m.;Miércoles;2022;Agosto;MOTOCICLETA;PARTICULAR;Motociclista;21;FEMENINO;HERIDOS;0;0;0;;CALLE 37 SUR ENTRE CARRERA 49 y CARRERA 50;;LAS VEGAS;6.174812725284801, -75.59441794932975;CHOQUE;VEHICULO;NO REPORTADO;RESIDENCIAL;Normal;No mantener distancia de seguridad
2221881;15/08/2022;6:00:00 a. m.;Lunes;2022;Agosto;MOTOCICLETA;PARTICULAR;Acompañante;29;FEMENINO;HERIDOS;0;0;0;;TRANSVERSAL 34C SUR FRENTE AL #32D-37;;OBRERO;6.171384, -75.583079;OTRO;NO REPORTADO;NO REPORTADO;RESIDENCIAL;Normal;Impericia en el manejo
2221882;11/08/2022;12:00:00 p. m.;Jueves;2022;Agosto;BUSETA;PUBLICO;Peaton;34;FEMENINO;HERIDOS;0;0;0;;CALLE 37 SUR CON CARRERA 42;;ZONA CENTRO;6.170254, -75.586981;ATROPELLO;NO REPORTADO;NO REPORTADO;RESIDENCIAL;Normal;Cruzar sin observar
2221883;12/08/2022;4:05:00 p. m.;Viernes;2022;Agosto;MOTOCICLETA;PARTICULAR;Peaton;27;MASCULINO;HERIDOS;0;0;0;;CALLE 46 SUR FRENTE AL #44-05;;PRIMAVERA;6.164266, -75.596419;ATROPELLO;NO REPORTADO;NO REPORTADO;RESIDENCIAL;Normal;Salir por delante de un vehiculo
2221884;12/08/2022;11:05:00 p. m.;Viernes;2022;Agosto;MOTOCICLETA;PARTICULAR;Acompañante;26;FEMENINO;HERIDOS;0;0;0;;CARRERA 27B FRENTE AL #27D SUR-60;;LA INMACULADA;6.169297, -75.572264;CAIDA OCUPANTE;NO REPORTADO;NO REPORTADO;RESIDENCIAL;Lluvia;Superficie humeda
2221885;14/08/2022;5:15:00 p. m.;Domingo;2022;Agosto;BICICLETA;;Ciclista;17;FEMENINO;HERIDOS;0;0;0;;CARRERA 48 CON CALLE 27A SUR;;LAS VEGAS;6.181335, -75.586874;CHOQUE;VEHICULO;NO REPORTADO;RESIDENCIAL;Normal;Otra-Conductor
2221886;13/08/2022;1:15:00 p. m.;Sábado;2022;Agosto;MOTOCICLETA;PARTICULAR;Peaton;80;MASCULINO;HERIDOS;0;0;0;;CARRERA 43A FRENTE AL #31A SUR-05;;SAN MARCOS;6.176235298462368, -75.5855666624619;ATROPELLO;NO REPORTADO;NO REPORTADO;RESIDENCIAL;Normal;Cruzar sin observar
2221887;13/08/2022;12:40:00 p. m.;Sábado;2022;Agosto;CAMIONETA;PARTICULAR;Conductor;51;MASCULINO;HERIDOS;0;0;0;0;CARRERA 27 FRENTE AL # 35SUR -162;;LOMA DEL ATRAVEZADO;6.16756344277619, -75.56903225295369;CHOQUE;VEHICULO;NO REPORTADO;RESIDENCIAL;Normal;No mantener distancia de seguridad
2221888;16/08/2022;9:00:00 a. m.;Martes;2022;Agosto;MOTOCICLETA;PARTICULAR;Motociclista;20;FEMENINO;HERIDOS;0;0;0;;CARRERA 48 CON CALLE 49 SUR;;LAS VEGAS;6.163039, -75.602446;VOLCAMIENTO;NO REPORTADO;NO REPORTADO;RESIDENCIAL;Normal;Impericia en el manejo
2221889;16/08/2022;12:50:00 p. m.;Martes;2022;Agosto;MOTOCICLETA;PARTICULAR;Motociclista;31;MASCULINO;HERIDOS;0;0;0;;CALLE 38 SUR FRENTE AL #43A-70;;ALCALA;6.17075039405631, -75.58897734965254;CHOQUE;VEHICULO;NO REPORTADO;RESIDENCIAL;Normal;Impericia en el manejo
2221908;17/08/2022;3:59:00 p. m.;Miércoles;2022;Agosto;MOTOCICLETA;PARTICULAR;Motociclista;27;MASCULINO;HERIDOS;0;0;0;0;KILOMETRO 14+00;medellín palmas envigado (km 12 - km 16+700);VEREDA PALMAS;6.158065354734575, -75.54655033162547;VOLCAMIENTO;NO REPORTADO;NO REPORTADO;NO REPORTADO;Normal;Impericia en el manejo
2221909;18/08/2022;12:50:00 a. m.;Jueves;2022;Agosto;MOTOCICLETA;PARTICULAR;Acompañante;18;MASCULINO;HERIDOS;0;0;0;0;DIAGONAL 32B FRENTE AL #34C SUR 22;;OBRERO;6.171776744542252, -75.58195685143484;CHOQUE;OBJETO FIJO;VEHICULO ESTACIONADO;RESIDENCIAL;Normal;Desobedecer señales
2221919;17/08/2022;6:00:00 p. m.;Miércoles;2022;Agosto;MOTOCICLETA;PARTICULAR;Motociclista;42;MASCULINO;HERIDOS;0;0;0;0;KILOMETRO 11;el escobero - km 0-13);VEREDA EL ESCOBERO;6.1207006234867025, -75.53873839975505;CHOQUE;OBJETO FIJO;BARANDA;NO REPORTADO;Normal;Impericia en el manejo
2221919;17/08/2022;6:00:00 p. m.;Miércoles;2022;Agosto;MOTOCICLETA;PARTICULAR;Acompañante;34;MASCULINO;HERIDOS;0;0;0;0;KILOMETRO 11;el escobero - km 0-13);VEREDA EL ESCOBERO;6.1207006234867025, -75.53873839975505;CHOQUE;OBJETO FIJO;BARANDA;NO REPORTADO;Normal;Impericia en el manejo
2221920;17/08/2022;6:20:00 p. m.;Miércoles;2022;Agosto;MOTOCICLETA;PARTICULAR;Motociclista;35;MASCULINO;HERIDOS;0;0;0;0;CARRERA 48 FRENTE AL #32B SUR -139;;LAS VEGAS;6.1762844337092, -75.5907449535185;CAIDA OCUPANTE;NO REPORTADO;NO REPORTADO;RESIDENCIAL;Normal;Impericia en el manejo
2221921;18/08/2022;1:00:00 p. m.;Jueves;2022;Agosto;MOTOCICLETA;PARTICULAR;Motociclista;23;MASCULINO;HERIDOS;0;0;0;0;CARRERA 31 CON CALLE 39 SUR;;MESA;6.16426376543721, -75.58197694741328;CHOQUE;VEHICULO;NO REPORTADO;RESIDENCIAL;Normal;No mantener distancia de seguridad
2221922;17/08/2022;4:00:00 p. m.;Miércoles;2022;Agosto;MOTOCICLETA;PARTICULAR;Motociclista;20;MASCULINO;HERIDOS;0;0;0;0;CARRERA 48 ENTRE CALLE 36A SUR y CALLE 35A SUR;;EL PORTAL;6.174245187415803, -75.59182247421892;CHOQUE;VEHICULO;NO REPORTADO;RESIDENCIAL;Normal;Desobedecer señales
2221937;19/08/2022;2:20:00 p. m.;Viernes;2022;Agosto;MOTOCICLETA;PARTICULAR;Acompañante;21;MASCULINO;HERIDOS;0;0;0;;KILOMETRO 15+450;medellín palmas envigado (km 12 - km 16+700);VEREDA PALMAS;6.154239723710321, -75.54320013008187;VOLCAMIENTO;NO REPORTADO;NO REPORTADO;NO REPORTADO;Normal;Impericia en el manejo
2221937;19/08/2022;2:20:00 p. m.;Viernes;2022;Agosto;MOTOCICLETA;PARTICULAR;Motociclista;20;MASCULINO;HERIDOS;0;0;0;;KILOMETRO 15+450;medellín palmas envigado (km 12 - km 16+700);VEREDA PALMAS;6.154239723710321, -75.54320013008187;VOLCAMIENTO;NO REPORTADO;NO REPORTADO;NO REPORTADO;Normal;Impericia en el manejo
2221939;18/08/2022;10:30:00 a. m.;Jueves;2022;Agosto;AUTOMOVIL;PARTICULAR;Peaton;86;MASCULINO;HERIDOS;0;0;0;;TRANSVERSAL 34 SUR  CON DIAGONAL 33;;OBRERO;6.172615, -75.583898;ATROPELLO;NO REPORTADO;NO REPORTADO;RESIDENCIAL;Normal;Cruzar sin observar
2221944;20/08/2022;1:50:00 p. m.;Sábado;2022;Agosto;MOTOCICLETA;PARTICULAR;Motociclista;25;FEMENINO;HERIDOS;0;0;0;0;CALLE 37 SUR  FRENTE AL #34-20;;MESA;6.167487315613575, -75.58254955324884;CHOQUE;VEHICULO;NO REPORTADO;RESIDENCIAL;Normal;Girar bruscamente
2221948;21/08/2022;7:00:00 a. m.;Domingo;2022;Agosto;MOTOCICLETA;PARTICULAR;Motociclista;20;MASCULINO;HERIDOS;0;0;0;0;CARRERA 43 A CON CALLE 32ASUR y CALLE 33SUR;;SAN MARCOS;6.174002296175919, -75.58672595709533;CHOQUE;VEHICULO;NO REPORTADO;RESIDENCIAL;Normal;Desobedecer señales  -  No mantener distancia de seguridad
2221950;21/08/2022;6:55:00 p. m.;Domingo;2022;Agosto;MOTOCICLETA;PARTICULAR;Acompañante;15;FEMENINO;HERIDOS;0;0;0;0;CALLE 36D SUR FRENTE AL #25-41;;VEREDA EL ESCOBERO;6.157205, -75.567413;CHOQUE;OBJETO FIJO;OTRO TIPO;RESIDENCIAL;Normal;Fallas en los frenos
2221953;22/08/2022;10:40:00 a. m.;Lunes;2022;Agosto;MOTOCICLETA;PARTICULAR;Motociclista;40;MASCULINO;HERIDOS;0;0;0;0;CARRERA 50 CON CALLE 25AA SUR;;LAS VEGAS;6.185690, -75.586150;CHOQUE;VEHICULO;NO REPORTADO;RESIDENCIAL;Normal;No mantener distancia de seguridad
2221967;23/08/2022;1:30:00 p. m.;Martes;2022;Agosto;MOTOCICLETA;PARTICULAR;Motociclista;44;MASCULINO;HERIDOS;0;0;0;;CARRERA 48 CON CALLE 46 SUR;;LAS VEGAS;6.166335140632765, -75.59933303769333;CHOQUE;VEHICULO;NO REPORTADO;RESIDENCIAL;Normal;No mantener distancia de seguridad
2221967;23/08/2022;1:30:00 p. m.;Martes;2022;Agosto;MOTOCICLETA;PARTICULAR;Motociclista;32;MASCULINO;HERIDOS;0;0;0;;CARRERA 48 CON CALLE 46 SUR;;LAS VEGAS;6.166335140632765, -75.59933303769333;CHOQUE;VEHICULO;NO REPORTADO;RESIDENCIAL;Normal;No mantener distancia de seguridad
2221967;23/08/2022;1:30:00 p. m.;Martes;2022;Agosto;MOTOCICLETA;PARTICULAR;Motociclista;21;FEMENINO;HERIDOS;0;0;0;;CARRERA 48 CON CALLE 46 SUR;;LAS VEGAS;6.166335140632765, -75.59933303769333;CHOQUE;VEHICULO;NO REPORTADO;RESIDENCIAL;Normal;No mantener distancia de seguridad
2221969;23/08/2022;7:00:00 p. m.;Martes;2022;Agosto;AUTOMOVIL;PUBLICO;Peaton;45;FEMENINO;HERIDOS;0;0;0;;CALLE 40C SUR FRENTE AL #29-26;;LA MINA;6.160601867605378, -75.58279152198489;ATROPELLO;NO REPORTADO;NO REPORTADO;RESIDENCIAL;Normal;Cruzar sin observar
2221975;24/08/2022;2:50:00 p. m.;Miércoles;2022;Agosto;MOTOCICLETA;PARTICULAR;Motociclista;20;FEMENINO;HERIDOS;0;0;0;;CARRERA 49 ENTRE CALLES 24SUR Y 25SUR;;LAS VEGAS;6.187174, -75.584146;OTRO;NO REPORTADO;NO REPORTADO;COMERCIAL;Normal;Ausencia parcial o total de se?ales  -  Huecos
2221977;24/08/2022;6:56:00 a. m.;Miércoles;2022;Agosto;MOTOCICLETA;PARTICULAR;Acompañante;20;MASCULINO;HERIDOS;0;0;0;;KILOMETRO 2;el escobero - km 0-13);VEREDA EL ESCOBERO;6.140368199952394, -75.55884976575692;CHOQUE;VEHICULO;NO REPORTADO;NO REPORTADO;Normal;Impericia en el manejo  -  Superficie humeda
2221977;24/08/2022;6:56:00 a. m.;Miércoles;2022;Agosto;MOTOCICLETA;PARTICULAR;Motociclista;34;MASCULINO;HERIDOS;0;0;0;;KILOMETRO 2;el escobero - km 0-13);VEREDA EL ESCOBERO;6.140368199952394, -75.55884976575692;CHOQUE;VEHICULO;NO REPORTADO;NO REPORTADO;Normal;Impericia en el manejo  -  Superficie humeda