NRO_RADICADO;FECHA_ACCIDENTE;HORA_ACCIDENTE;Día de la semana;AÑO;MES;CLASE_VEHICULO;TIPO_SERVICIO;TIPO_VICTIMA;EDAD;GENERO;GRAVEDAD;ESTADO_BEODEZ;ESTADO_DROGA;RESULTADO_BEODEZ;RESUL_BEODEZ_GRAMOS;DIRECCION_CARACT_VIA;TRAMO_VIA;LOCALIDAD_O_COMUNA;    GEORREFERENCIACIÓN;DESC_CLASE_ACCIDENTE;DESC_CHOQUE_ACCIDENTE;DESC_OBJETO_FIJO;DESC_SECTOR_ACCIDENTE;CONDICION_CLIMATICA;CAUSA_ACCIDENTE
2221977;24/08/2022;6:56:00 a. m.;Miércoles;2022;Agosto;MOTOCICLETA;PARTICULAR;Motociclista;24;MASCULINO;HERIDOS;0;0;0;;KILOMETRO 2;el escobero - km 0-13);VEREDA EL ESCOBERO;6.140368199952394, -75.55884976575692;CHOQUE;VEHICULO;NO REPORTADO;NO REPORTADO;Normal;Impericia en el manejo  -  Superficie humeda
2221978;24/08/2022;2:35:00 p. m.;Miércoles;2022;Agosto;MOTOCICLETA;OFICIAL;Motociclista;38;MASCULINO;HERIDOS;0;0;0;;CARRERA 43A CON CALLES 48CSUR Y 49SUR;;PRIMAVERA;6.1621710866978825, -75.59759152029139;CHOQUE;VEHICULO;NO REPORTADO;RESIDENCIAL;Normal;Desobedecer al agente
2221978;24/08/2022;2:35:00 p. m.;Miércoles;2022;Agosto;MOTOCICLETA;OFICIAL;Acompañante;51;MASCULINO;HERIDOS;0;0;0;;CARRERA 43A CON CALLES 48CSUR Y 49SUR;;PRIMAVERA;6.1621710866978825, -75.59759152029139;CHOQUE;VEHICULO;NO REPORTADO;RESIDENCIAL;Normal;Desobedecer al agente
2221979;23/08/2022;2:21:00 p. m.;Martes;2022;Agosto;CAMIONETA;PARTICULAR;Conductor;42;MASCULINO;HERIDOS;0;0;0;0;CARRERA 27 FRENTE AL #37SUR-45;;LA PRADERA;6.159802744137386, -75.57112176831613;CHOQUE;OBJETO FIJO;POSTE;RESIDENCIAL;Normal;Desobedecer señales
2221979;23/08/2022;2:21:00 p. m.;Martes;2022;Agosto;CAMIONETA;PARTICULAR;Acompañante;8;MASCULINO;HERIDOS;0;0;0;0;CARRERA 27 FRENTE AL #37SUR-45;;LA PRADERA;6.159802744137386, -75.57112176831613;CHOQUE;OBJETO FIJO;POSTE;RESIDENCIAL;Normal;Desobedecer señales
2221980;23/08/2022;9:50:00 p. m.;Martes;2022;Agosto;MOTOCICLETA;PARTICULAR;Motociclista;33;FEMENINO;HERIDOS;0;0;0;;DIAGONAL 29 FRENTE 28SUR-10;;ALTO DE MISAEL;6.174098856496891, -75.57678142047953;CHOQUE;VEHICULO;NO REPORTADO;RESIDENCIAL;Normal;Transitar en contravia
2221982;24/08/2022;3:15:00 p. m.;Miércoles;2022;Agosto;BUSETA;PUBLICO;Pasajero;68;FEMENINO;HERIDOS;0;0;0;;CALLE 40AA SUR FRENTE AL #32-70;;SAN JOSE;6.163576536532862, -75.5845440908614;CAIDA OCUPANTE;NO REPORTADO;NO REPORTADO;RESIDENCIAL;Normal;Arrancar sin precaucion
2221983;25/08/2022;9:50:00 p. m.;Jueves;2022;Agosto;MOTOCICLETA;PARTICULAR;Acompañante;16;FEMENINO;HERIDOS;0;0;0;;TRANSVERSAL 33 SUR CON DIAGONAL 32D;;LA MAGNOLIA;6.174222426246769, -75.58368102042358;CHOQUE;VEHICULO;NO REPORTADO;RESIDENCIAL;Normal;Desobedecer señales  -  Impericia en el manejo
2221983;25/08/2022;9:50:00 p. m.;Jueves;2022;Agosto;MOTOCICLETA;PARTICULAR;Motociclista;15;MASCULINO;HERIDOS;0;0;0;;TRANSVERSAL 33 SUR CON DIAGONAL 32D;;LA MAGNOLIA;6.174222426246769, -75.58368102042358;CHOQUE;VEHICULO;NO REPORTADO;RESIDENCIAL;Normal;Desobedecer señales  -  Impericia en el manejo
2221985;24/08/2022;6:15:00 a. m.;Miércoles;2022;Agosto;MOTOCICLETA;PARTICULAR;Peaton;9;MASCULINO;HERIDOS;0;0;0;;CALLE 37 SUR FRENTE AL #33-09;;MESA;6.166971830131939, -75.58172611602626;ATROPELLO;NO REPORTADO;NO REPORTADO;RESIDENCIAL;Normal;Desobedecer señales
2221998;25/08/2022;11:15:00 a. m.;Jueves;2022;Agosto;AUTOMOVIL;PUBLICO;Peaton;80;FEMENINO;HERIDOS;0;0;0;;DIAGONAL 30B FRENTE AL #32DSUR-20;;LAS FLORES;6.174046248990224, -75.57851497348251;ATROPELLO;NO REPORTADO;NO REPORTADO;RESIDENCIAL;Normal;Reverso imprudente
2221999;26/08/2022;2:30:00 p. m.;Viernes;2022;Agosto;MOTOCICLETA;PARTICULAR;Motociclista;41;MASCULINO;HERIDOS;0;0;0;;CARRERA 43 CON CALLE 36 SUR;;ZONA CENTRO;6.17131950325737, -75.58708686247851;CHOQUE;VEHICULO;NO REPORTADO;RESIDENCIAL;Normal;Desobedecer señales
2222001;26/08/2022;4:15:00 a. m.;Viernes;2022;Agosto;MOTOCICLETA;PARTICULAR;Motociclista;30;MASCULINO;HERIDOS;0;0;0;0;CARRERA 48 CON CALLE 25 SUR;;LAS VEGAS;6.185336, -75.583227;CHOQUE;VEHICULO;NO REPORTADO;RESIDENCIAL;Lluvia;No mantener distancia de seguridad
2222002;26/08/2022;11:45:00 a. m.;Viernes;2022;Agosto;MOTOCICLETA;PARTICULAR;Motociclista;51;MASCULINO;HERIDOS;0;0;0;0;KILOMETRO 12+890;medellín palmas envigado (km 12 - km 16+700);VEREDA PALMAS;6.1665416519864324, -75.54498551819039;CHOQUE;VEHICULO;NO REPORTADO;NO REPORTADO;Normal;No mantener distancia de seguridad
2222007;26/08/2022;6:50:00 p. m.;Viernes;2022;Agosto;MOTOCICLETA;PARTICULAR;Acompañante;37;MASCULINO;HERIDOS;0;0;0;0;CARRERA 50 ENTRE CALLLE 36SUR y CALLE 37SUR;;LAS VEGAS;6.176210, -75.593880;CHOQUE;VEHICULO;NO REPORTADO;RESIDENCIAL;Lluvia;Otra-Conductor
2222007;26/08/2022;6:50:00 p. m.;Viernes;2022;Agosto;MOTOCICLETA;PARTICULAR;Motociclista;38;MASCULINO;HERIDOS;0;0;0;0;CARRERA 50 ENTRE CALLLE 36SUR y CALLE 37SUR;;LAS VEGAS;6.176210, -75.593880;CHOQUE;VEHICULO;NO REPORTADO;RESIDENCIAL;Lluvia;Otra-Conductor
2222017;27/08/2022;9:45:00 p. m.;Sábado;2022;Agosto;MOTOCICLETA;PARTICULAR;Motociclista;43;MASCULINO;HERIDOS;0;0;0;0;DIAGONAL 31V FRENTE AL 32CCSUR-31;;LAS FLORES;6.175555735406317, -75.58047512770317;CHOQUE;VEHICULO;NO REPORTADO;RESIDENCIAL;Normal;Otra-Conductor
2222018;28/08/2022;7:40:00 p. m.;Domingo;2022;Agosto;MOTOCICLETA;PARTICULAR;Acompañante;51;FEMENINO;HERIDOS;0;0;0;0;CARRERA 50 ENTRE CALLES 48SUR Y 49SUR;;LAS VEGAS;6.166087, -75.602677;CHOQUE;OBJETO FIJO;VEHICULO ESTACIONADO;INDUSTRIAL;Normal;Impericia en el manejo
2222026;28/08/2022;2:45:00 p. m.;Domingo;2022;Agosto;MOTOCICLETA;PARTICULAR;Acompañante;31;MASCULINO;HERIDOS;0;0;0;0;CALLE 36D SUR CON CARRERA 25B;;VEREDA EL ESCOBERO;6.1595501146811715, -75.56639221426953;CHOQUE;VEHICULO;NO REPORTADO;RESIDENCIAL;Normal;Impericia en el manejo
2222029;27/08/2022;12:43:00 p. m.;Sábado;2022;Agosto;MOTOCICLETA;PARTICULAR;Motociclista;25;MASCULINO;HERIDOS;0;0;0;0;CARRERA 50 ENTRE CALLE 37SUR y CALLE 35 SUR;;LAS VEGAS;6.176210, -75.593880;CHOQUE;VEHICULO;NO REPORTADO;RESIDENCIAL;Normal;Adelantar cerrando  -  Adelantar en zona prohibida
2222031;29/08/2022;7:30:00 p. m.;Lunes;2022;Agosto;MOTOCICLETA;PARTICULAR;Motociclista;31;FEMENINO;HERIDOS;0;0;0;0;CARRERA 50 CON CALLE 37 SUR;;LAS VEGAS;6.175135, -75.595369;CHOQUE;VEHICULO;NO REPORTADO;RESIDENCIAL;Normal;Otra-Conductor
2222034;30/08/2022;4:02:00 a. m.;Martes;2022;Agosto;CAMION;OFICIAL;Peaton;30;MASCULINO;HERIDOS;0;0;0;;CARRERA 42 CON CALLE 40DDSUR;;EL DORADO;6.1662399891804816, -75.58981482324937;ATROPELLO;NO REPORTADO;NO REPORTADO;COMERCIAL;Normal;Otra-Conductor
2222035;30/08/2022;8:15:00 p. m.;Martes;2022;Agosto;BICICLETA;;Ciclista;27;FEMENINO;HERIDOS;0;0;0;0;CALLE 50SUR CON CARRERA 48;;LAS VEGAS;6.162072458716961, -75.60353659646475;CHOQUE;VEHICULO;NO REPORTADO;RESIDENCIAL;Normal;Otra-Conductor
2222048;1/09/2022;5:20:00 a. m.;Jueves;2022;Septiembre;MOTOCICLETA;PARTICULAR;Motociclista;34;MASCULINO;HERIDOS;0;0;0;;CARRERA 50 FRENTE AL #48SUR-127;;LAS VEGAS;6.166087, -75.602677;CHOQUE;VEHICULO;NO REPORTADO;RESIDENCIAL;Normal;Adelantar invadiendo carril del mismo sentido en zigzag
2222053;31/08/2022;12:50:00 p. m.;Miércoles;2022;Agosto;AUTOMOVIL;PARTICULAR;Peaton;57;FEMENINO;HERIDOS;0;0;0;;CALLE 37 SUR CON CARRERA 48;;LAS VEGAS;6.173643245908734, -75.59239554469394;ATROPELLO;NO REPORTADO;NO REPORTADO;RESIDENCIAL;Normal;Pasar semaforo en rojo
2222055;1/09/2022;3:45:00 p. m.;Jueves;2022;Septiembre;MOTOCICLETA;PARTICULAR;Motociclista;32;FEMENINO;HERIDOS;0;0;0;;CARRERA 48 FRENTE AL #32BSUR-30;;LAS VEGAS;6.186842, -75.581830;CHOQUE;VEHICULO;NO REPORTADO;RESIDENCIAL;Lluvia;Desobedecer señales
2222056;2/09/2022;5:45:00 a. m.;Viernes;2022;Septiembre;MOTOCICLETA;PARTICULAR;Motociclista;24;FEMENINO;HERIDOS;0;0;0;;CARRERA 41 CON CALLE 39 SUR;;ZONA CENTRO;6.167974594941419, -75.58735361857282;CHOQUE;VEHICULO;NO REPORTADO;RESIDENCIAL;Normal;Desobedecer señales
2222057;2/09/2022;10:30:00 p. m.;Viernes;2022;Septiembre;MOTOCICLETA;PARTICULAR;Peaton;59;FEMENINO;HERIDOS;0;0;0;;DIAGONAL 31C CON TRANSVERSAL 33A SUR;;LAS FLORES;6.174140659328929, -75.58044357708715;ATROPELLO;NO REPORTADO;NO REPORTADO;RESIDENCIAL;Normal;Pasar semaforo en rojo  -  Semaforo en rojo
2222057;2/09/2022;10:30:00 p. m.;Viernes;2022;Septiembre;MOTOCICLETA;PARTICULAR;Motociclista;59;MASCULINO;HERIDOS;0;0;0;;DIAGONAL 31C CON TRANSVERSAL 33A SUR;;LAS FLORES;6.174140659328929, -75.58044357708715;ATROPELLO;NO REPORTADO;NO REPORTADO;RESIDENCIAL;Normal;Pasar semaforo en rojo  -  Semaforo en rojo
2222059;3/09/2022;6:55:00 a. m.;Sábado;2022;Septiembre;MOTOCICLETA;PARTICULAR;Motociclista;35;MASCULINO;HERIDOS;0;0;0;0;DIAGONAL 31C FRENTE AL # 32SUR-07;;PONTE VEDRA;6.176895376678292, -75.58046689254859;CHOQUE;VEHICULO;NO REPORTADO;RESIDENCIAL;Normal;No mantener distancia de seguridad
2222061;4/08/2022;1:54:00 a. m.;Jueves;2022;Agosto;MOTOCICLETA;PARTICULAR;Motociclista;41;MASCULINO;HERIDOS;0;0;0;0;CALLE 40 SUR CON CARRERA 32;;SAN JOSE;6.163547334300193, -75.5831287004673;CHOQUE;VEHICULO;NO REPORTADO;RESIDENCIAL;Normal;Desobedecer señales
2222062;3/09/2022;4:30:00 p. m.;Sábado;2022;Septiembre;MOTOCICLETA;PARTICULAR;Motociclista;29;FEMENINO;HERIDOS;0;0;0;;CARRERA 42 FRENTE AL #33B SUR -15;;ZONA CENTRO;6.172422787850592, -75.58561918310598;CHOQUE;VEHICULO;NO REPORTADO;RESIDENCIAL;Normal;Arrancar sin precaucion
2222063;3/09/2022;9:00:00 p. m.;Sábado;2022;Septiembre;MOTOCICLETA;PARTICULAR;Acompañante;18;FEMENINO;HERIDOS;0;0;0;;CARRERA 48 ENTRE CALLE 38SUR y CALLE 37SUR;;LAS VEGAS;6.173145328091509, -75.59252268664082;OTRO;NO REPORTADO;NO REPORTADO;RESIDENCIAL;Normal;Transporte de carga sin seguridad
2222063;3/09/2022;9:00:00 p. m.;Sábado;2022;Septiembre;MOTOCICLETA;PARTICULAR;Motociclista;18;MASCULINO;HERIDOS;0;0;0;;CARRERA 48 ENTRE CALLE 38SUR y CALLE 37SUR;;LAS VEGAS;6.173145328091509, -75.59252268664082;OTRO;NO REPORTADO;NO REPORTADO;RESIDENCIAL;Normal;Transporte de carga sin seguridad
2222064;3/09/2022;3:10:00 p. m.;Sábado;2022;Septiembre;MOTOCICLETA;PARTICULAR;Peaton;65;FEMENINO;HERIDOS;0;0;0;;CARRERA 48 ENTRE CALLE 27ASUR y CALLE 30SUR;;LAS VEGAS;6.1814338943338365, -75.58685492423065;ATROPELLO;NO REPORTADO;NO REPORTADO;RESIDENCIAL;Lluvia;Adelantar por la derecha
2222067;2/09/2022;9:30:00 p. m.;Viernes;2022;Septiembre;MOTOCICLETA;PARTICULAR;Motociclista;28;MASCULINO;HERIDOS;0;0;0;;CARRERA 50 CON CALLE 50 SUR;;LAS VEGAS;6.162818, -75.604956;OTRO;NO REPORTADO;NO REPORTADO;RESIDENCIAL;Normal;Impericia en el manejo
2222068;2/09/2022;5:15:00 p. m.;Viernes;2022;Septiembre;CAMIONETA;PARTICULAR;Peaton;27;MASCULINO;HERIDOS;0;0;0;;CALLE 36 SUR CON CARRERA 27B;;LA INMACULADA;6.167424340437429, -75.57259768001342;ATROPELLO;NO REPORTADO;NO REPORTADO;RESIDENCIAL;Normal;Desobedecer señales
2222069;4/09/2022;10:10:00 a. m.;Domingo;2022;Septiembre;MOTOCICLETA;PARTICULAR;Motociclista;19;MASCULINO;HERIDOS;0;0;0;;CARRERA 27 CON CALLE 26D SUR;;EL ESMERALDAL;6.172971159446883, -75.56730289820797;CHOQUE;VEHICULO;NO REPORTADO;RESIDENCIAL;Normal;Desobedecer señales
2222070;4/09/2022;6:45:00 p. m.;Domingo;2022;Septiembre;MOTOCICLETA;PARTICULAR;Motociclista;28;FEMENINO;HERIDOS;0;0;0;0;CARRERA 48 FRENTE AL # 19SUR-29;;LAS VEGAS;6.187167587961082, -75.58217747624423;CHOQUE;VEHICULO;NO REPORTADO;RESIDENCIAL;Normal;No mantener distancia de seguridad
2222072;5/09/2022;10:10:00 p. m.;Lunes;2022;Septiembre;MOTOCICLETA;DIPLOMATICO;Motociclista;23;FEMENINO;HERIDOS;1;0;3;180;TRANSVERSAL 34C SUR FRENTE AL #31E-11;;OBRERO;6.172361626844525, -75.58052277809523;CHOQUE;VEHICULO;NO REPORTADO;RESIDENCIAL;Normal;Embriaguez o droga
2222078;5/09/2022;8:00:00 a. m.;Lunes;2022;Septiembre;MOTOCICLETA;PARTICULAR;Acompañante;51;FEMENINO;HERIDOS;0;0;0;0;CARRERA 39D CON CALLE 46DSUR;;EL TRIANON;6.159427674663378, -75.59242754168147;CHOQUE;VEHICULO;NO REPORTADO;RESIDENCIAL;Normal;Desobedecer señales
2222081;5/09/2022;9:25:00 p. m.;Lunes;2022;Septiembre;MOTOCICLETA;PARTICULAR;Motociclista;22;MASCULINO;HERIDOS;0;0;0;;CARRERA 48 FRENTE AL # 43SUR -02;;MILAN VALLEJUELOS;6.168225154432052, -75.59738191903396;OTRO;NO REPORTADO;NO REPORTADO;RESIDENCIAL;Normal;Otra-Conductor
2222083;5/09/2022;4:50:00 p. m.;Lunes;2022;Septiembre;MOTOCICLETA;PARTICULAR;Acompañante;14;FEMENINO;HERIDOS;0;0;0;;CALLE 40B SUR FRENTE AL #27-10;;LA MINA;6.157810124656005, -75.58165444460015;CHOQUE;VEHICULO;NO REPORTADO;RESIDENCIAL;Normal;No respetar pelacion de interseccion o giros
2222083;5/09/2022;4:50:00 p. m.;Lunes;2022;Septiembre;MOTOCICLETA;PARTICULAR;Motociclista;28;FEMENINO;HERIDOS;0;0;0;;CALLE 40B SUR FRENTE AL #27-10;;LA MINA;6.157810124656005, -75.58165444460015;CHOQUE;VEHICULO;NO REPORTADO;RESIDENCIAL;Normal;No respetar pelacion de interseccion o giros
2222085;5/09/2022;6:15:00 p. m.;Lunes;2022;Septiembre;MOTOCICLETA;PARTICULAR;Peaton;58;FEMENINO;HERIDOS;0;0;0;;CARRERA 48 CON CALLE 43SUR;;LAS VEGAS;6.168402883468847, -75.59725528516647;ATROPELLO;NO REPORTADO;NO REPORTADO;RESIDENCIAL;Normal;Otra-Conductor
2222085;5/09/2022;6:15:00 p. m.;Lunes;2022;Septiembre;MOTOCICLETA;PARTICULAR;Motociclista;26;MASCULINO;HERIDOS;0;0;0;;CARRERA 48 CON CALLE 43SUR;;LAS VEGAS;6.168402883468847, -75.59725528516647;ATROPELLO;NO REPORTADO;NO REPORTADO;RESIDENCIAL;Normal;Otra-Conductor
2222085;5/09/2022;6:15:00 p. m.;Lunes;2022;Septiembre;MOTOCICLETA;PARTICULAR;Acompañante;34;MASCULINO;HERIDOS;0;0;0;;CARRERA 48 CON CALLE 43SUR;;LAS VEGAS;6.168402883468847, -75.59725528516647;ATROPELLO;NO REPORTADO;NO REPORTADO;RESIDENCIAL;Normal;Otra-Conductor
2222106;7/09/2022;4:15:00 p. m.;Miércoles;2022;Septiembre;MOTOCICLETA;PARTICULAR;Peaton;29;FEMENINO;HERIDOS;0;0;0;;CARRERA 43A FRENTE AL #31ASUR-61;;SAN MARCOS;6.176072964962761, -75.58563960419607;ATROPELLO;NO REPORTADO;NO REPORTADO;COMERCIAL;Normal;Desobedecer al agente
2222107;8/09/2022;5:40:00 p. m.;Jueves;2022;Septiembre;MOTOCICLETA;PARTICULAR;Motociclista;31;MASCULINO;MUERTOS;0;0;0;0;CARRERA 50 ENTRE CALLE 46ASUR y CALLE 43SUR;;LAS VEGAS;6.169641, -75.601982;CHOQUE;VEHICULO;NO REPORTADO;RESIDENCIAL;Normal;No mantener distancia de seguridad  -  Transitar entre vehiculos
2222108;6/09/2022;1:44:00 p. m.;Martes;2022;Septiembre;MOTOCICLETA;PARTICULAR;Acompañante;23;FEMENINO;HERIDOS;0;0;0;;KILOMETRO 13 ;medellín palmas envigado (km 12 - km 16+700);VEREDA PALMAS;6.165592595898619, -75.54510949704054;VOLCAMIENTO;NO REPORTADO;NO REPORTADO;NO REPORTADO;Normal;Arrancar sin precaucion
2222108;6/09/2022;1:44:00 p. m.;Martes;2022;Septiembre;MOTOCICLETA;PARTICULAR;Motociclista;23;MASCULINO;HERIDOS;0;0;0;;KILOMETRO 13 ;medellín palmas envigado (km 12 - km 16+700);VEREDA PALMAS;6.165592595898619, -75.54510949704054;VOLCAMIENTO;NO REPORTADO;NO REPORTADO;NO REPORTADO;Normal;Arrancar sin precaucion
2222109;6/09/2022;1:40:00 p. m.;Martes;2022;Septiembre;MOTOCICLETA;PARTICULAR;Motociclista;30;MASCULINO;HERIDOS;0;0;0;;KILOMETRO 13;medellín palmas envigado (km 12 - km 16+700);VEREDA PALMAS;6.165592595898619, -75.54510949704054;VOLCAMIENTO;NO REPORTADO;NO REPORTADO;NO REPORTADO;Normal;Arrancar sin precaucion
2222110;7/09/2022;7:30:00 a. m.;Miércoles;2022;Septiembre;MOTOCICLETA;PARTICULAR;Motociclista;37;MASCULINO;HERIDOS;0;0;0;;KILOMETRO 14;medellín palmas envigado (km 12 - km 16+700);VEREDA PALMAS;6.158065354734575, -75.54655033162547;CHOQUE;VEHICULO;NO REPORTADO;NO REPORTADO;Normal;Desobedecer señales
2222111;7/09/2022;8:00:00 a. m.;Miércoles;2022;Septiembre;BICICLETA;;Peaton;15;FEMENINO;HERIDOS;0;0;0;0;CALLE 38A SUR FRENTE AL #41-60;;ZONA CENTRO;6.169021894561074, -75.58736041857277;ATROPELLO;NO REPORTADO;NO REPORTADO;RESIDENCIAL;Normal;Circular por calzadas o carriles destina  -  Dejar/recoger pasajeros sitio no demarca
2222112;5/09/2022;11:20:00 a. m.;Lunes;2022;Septiembre;AUTOMOVIL;PARTICULAR;Conductor;17;FEMENINO;HERIDOS;0;0;0;0;KILOMETRO 14+140;retiro varia palmas enviga (km 5+43 - km 14+ 550);VEREDA PALMAS;6.155873731543431, -75.53237755572034;CHOQUE;OBJETO FIJO;MURO;NO REPORTADO;Normal;Impericia en el manejo
2222113;5/09/2022;5:10:00 p. m.;Lunes;2022;Septiembre;MOTOCICLETA;PARTICULAR;Peaton;14;FEMENINO;HERIDOS;0;0;0;;CALLE 37 SUR CON CARRERA 45B;;EL PORTAL;6.172382526073593, -75.59025250207928;ATROPELLO;NO REPORTADO;NO REPORTADO;RESIDENCIAL;Normal;Desobedecer señales
2222113;5/09/2022;5:10:00 p. m.;Lunes;2022;Septiembre;MOTOCICLETA;PARTICULAR;Motociclista;33;MASCULINO;HERIDOS;0;0;0;;CALLE 37 SUR CON CARRERA 45B;;EL PORTAL;6.172382526073593, -75.59025250207928;ATROPELLO;NO REPORTADO;NO REPORTADO;RESIDENCIAL;Normal;Desobedecer señales
2222114;7/09/2022;3:20:00 p. m.;Miércoles;2022;Septiembre;AUTOMOVIL;PARTICULAR;Acompañante;89;FEMENINO;HERIDOS;0;0;0;0;CALLE 36D SUR FRENTE AL #27D-51;;LA PRADERA;6.164878302005244, -75.57438422050765;CHOQUE;OBJETO FIJO;POSTE;RESIDENCIAL;Normal;Fallas en los frenos  -  Impericia en el manejo
2222114;7/09/2022;3:20:00 p. m.;Miércoles;2022;Septiembre;AUTOMOVIL;PARTICULAR;Conductor;71;MASCULINO;HERIDOS;0;0;0;0;CALLE 36D SUR FRENTE AL #27D-51;;LA PRADERA;6.164878302005244, -75.57438422050765;CHOQUE;OBJETO FIJO;POSTE;RESIDENCIAL;Normal;Fallas en los frenos  -  Impericia en el manejo
2222114;7/09/2022;3:20:00 p. m.;Miércoles;2022;Septiembre;AUTOMOVIL;PARTICULAR;Acompañante;65;MASCULINO;HERIDOS;0;0;0;0;CALLE 36D SUR FRENTE AL #27D-51;;LA PRADERA;6.164878302005244, -75.57438422050765;CHOQUE;OBJETO FIJO;POSTE;RESIDENCIAL;Normal;Fallas en los frenos  -  Impericia en el manejo
2222114;7/09/2022;3:20:00 p. m.;Miércoles;2022;Septiembre;AUTOMOVIL;PARTICULAR;Acompañante;69;FEMENINO;HERIDOS;0;0;0;0;CALLE 36D SUR FRENTE AL #27D-51;;LA PRADERA;6.164878302005244, -75.57438422050765;CHOQUE;OBJETO FIJO;POSTE;RESIDENCIAL;Normal;Fallas en los frenos  -  Impericia en el manejo
2222115;6/09/2022;8:20:00 a. m.;Martes;2022;Septiembre;AUTOMOVIL;PARTICULAR;Conductor;35;MASCULINO;HERIDOS;0;0;0;;CALLE 26 SUR ENTRE CARRERA 42 y CARRERA 42B;;LAS ORQUIDEAS;6.17812210613852, -75.57979614921406;CHOQUE;VEHICULO;NO REPORTADO;RESIDENCIAL;Normal;No mantener distancia de seguridad
2222116;6/09/2022;8:10:00 a. m.;Martes;2022;Septiembre;MOTOCICLETA;PARTICULAR;Motociclista;43;FEMENINO;HERIDOS;0;0;0;;CARRERA 48 FRENTE AL #49BSUR-08;;LAS VEGAS;6.16266669312839, -75.60282407009063;OTRO;NO REPORTADO;NO REPORTADO;RESIDENCIAL;Normal;Impericia en el manejo
2222117;7/09/2022;7:40:00 a. m.;Miércoles;2022;Septiembre;CAMIONETA;PARTICULAR;Peaton;30;MASCULINO;HERIDOS;0;0;0;;CARRERA 27 CON CALLE 27 SUR;;EL ESMERALDAL;6.172350229107939, -75.56779625349293;ATROPELLO;NO REPORTADO;NO REPORTADO;RESIDENCIAL;Normal;Desobedecer al agente
2222125;8/09/2022;12:20:00 p. m.;Jueves;2022;Septiembre;MOTOCICLETA;PARTICULAR;Motociclista;26;MASCULINO;HERIDOS;0;0;0;;CARRERA 43A CON CALLE 50 SUR;;LAS CASITAS;6.16019284086064, -75.60220941032115;CHOQUE;VEHICULO;NO REPORTADO;RESIDENCIAL;Normal;No mantener distancia de seguridad
2222125;8/09/2022;12:20:00 p. m.;Jueves;2022;Septiembre;MOTOCICLETA;PARTICULAR;Motociclista;35;MASCULINO;HERIDOS;0;0;0;;CARRERA 43A CON CALLE 50 SUR;;LAS CASITAS;6.16019284086064, -75.60220941032115;CHOQUE;VEHICULO;NO REPORTADO;RESIDENCIAL;Normal;No mantener distancia de seguridad
2222127;9/09/2022;2:10:00 p. m.;Viernes;2022;Septiembre;MOTOCICLETA;PARTICULAR;Acompañante;20;MASCULINO;HERIDOS;0;0;0;;CARRERA 50 ENTRE CALLE 40 y CALLE 41SUR;;LAS VEGAS;6.173219, -75.597911;CHOQUE;VEHICULO;NO REPORTADO;RESIDENCIAL;Normal;Exceso de velocidad  -  No mantener distancia de seguridad
2222127;9/09/2022;2:10:00 p. m.;Viernes;2022;Septiembre;MOTOCICLETA;PARTICULAR;Motociclista;18;MASCULINO;HERIDOS;0;0;0;;CARRERA 50 ENTRE CALLE 40 y CALLE 41SUR;;LAS VEGAS;6.173219, -75.597911;CHOQUE;VEHICULO;NO REPORTADO;RESIDENCIAL;Normal;Exceso de velocidad  -  No mantener distancia de seguridad
2222128;10/09/2022;11:15:00 p. m.;Sábado;2022;Septiembre;MOTOCICLETA;PARTICULAR;Acompañante;25;FEMENINO;HERIDOS;0;0;0;0;TRANSVERSAL 34DSUR CON DIAGONAL 31C;;OBRERO;6.172008913562908, -75.5800490615975;CAIDA OCUPANTE;NO REPORTADO;NO REPORTADO;RESIDENCIAL;Normal;Desobedecer señales
2222128;10/09/2022;11:15:00 p. m.;Sábado;2022;Septiembre;MOTOCICLETA;PARTICULAR;Motociclista;25;MASCULINO;HERIDOS;0;0;0;0;TRANSVERSAL 34DSUR CON DIAGONAL 31C;;OBRERO;6.172008913562908, -75.5800490615975;CAIDA OCUPANTE;NO REPORTADO;NO REPORTADO;RESIDENCIAL;Normal;Desobedecer señales
2222131;9/09/2022;3:50:00 p. m.;Viernes;2022;Septiembre;MOTOCICLETA;PARTICULAR;Motociclista;23;MASCULINO;HERIDOS;0;0;0;;CARRERA 50 CON CALLE 43 SUR;;LAS VEGAS;6.171208, -75.600770;CHOQUE;VEHICULO;NO REPORTADO;RESIDENCIAL;Normal;Otra-Conductor
2222131;9/09/2022;3:50:00 p. m.;Viernes;2022;Septiembre;MOTOCICLETA;PARTICULAR;Motociclista;44;FEMENINO;MUERTOS;0;0;0;;CARRERA 50 CON CALLE 43 SUR;;LAS VEGAS;6.171208, -75.600770;CHOQUE;VEHICULO;NO REPORTADO;RESIDENCIAL;Normal;Otra-Conductor
2222134;10/09/2022;2:40:00 p. m.;Sábado;2022;Septiembre;MOTOCICLETA;PARTICULAR;Motociclista;33;MASCULINO;HERIDOS;0;0;0;;CARRERA 48  CON CALLE 48CSUR;;LAS VEGAS;6.163717001270938, -75.60180186049219;CHOQUE;VEHICULO;NO REPORTADO;RESIDENCIAL;Normal;Transitar en contravia
2222134;10/09/2022;2:40:00 p. m.;Sábado;2022;Septiembre;MOTOCICLETA;PARTICULAR;Motociclista;26;MASCULINO;HERIDOS;0;0;0;;CARRERA 48  CON CALLE 48CSUR;;LAS VEGAS;6.163717001270938, -75.60180186049219;CHOQUE;VEHICULO;NO REPORTADO;RESIDENCIAL;Normal;Transitar en contravia