NRO_RADICADO;FECHA_ACCIDENTE;HORA_ACCIDENTE;Día de la semana;AÑO;MES;CLASE_VEHICULO;TIPO_SERVICIO;TIPO_VICTIMA;EDAD;GENERO;GRAVEDAD;ESTADO_BEODEZ;ESTADO_DROGA;RESULTADO_BEODEZ;RESUL_BEODEZ_GRAMOS;DIRECCION_CARACT_VIA;TRAMO_VIA;LOCALIDAD_O_COMUNA;    GEORREFERENCIACIÓN;DESC_CLASE_ACCIDENTE;DESC_CHOQUE_ACCIDENTE;DESC_OBJETO_FIJO;DESC_SECTOR_ACCIDENTE;CONDICION_CLIMATICA;CAUSA_ACCIDENTE
2222135;11/09/2022;11:40:00 a. m.;Domingo;2022;Septiembre;MOTOCICLETA;PARTICULAR;Acompañante;21;FEMENINO;HERIDOS;0;0;0;;KILOMETRO 11+870;medellín palmas envigado (km 12 - km 16+700);VEREDA PALMAS;6.1594933527545495, -75.51628877833276;CHOQUE;VEHICULO;NO REPORTADO;NO REPORTADO;Normal;Girar bruscamente
2222135;11/09/2022;11:40:00 a. m.;Domingo;2022;Septiembre;MOTOCICLETA;PARTICULAR;Motociclista;22;MASCULINO;HERIDOS;0;0;0;;KILOMETRO 11+870;medellín palmas envigado (km 12 - km 16+700);VEREDA PALMAS;6.1594933527545495, -75.51628877833276;CHOQUE;VEHICULO;NO REPORTADO;NO REPORTADO;Normal;Girar bruscamente
2222136;9/09/2022;1:45:00 p. m.;Viernes;2022;Septiembre;MOTOCICLETA;PARTICULAR;Motociclista;58;MASCULINO;HERIDOS;0;0;0;;CALLE 36 SUR  ENTRE CARRERA 27 y CARRERA 25;;EL CHOCHO;6.167233092801383, -75.56804846331067;CHOQUE;VEHICULO;NO REPORTADO;RESIDENCIAL;Normal;Adelantar en zona prohibida
2222138;10/09/2022;3:00:00 p. m.;Sábado;2022;Septiembre;MOTOCICLETA;PARTICULAR;Peaton;32;FEMENINO;HERIDOS;0;0;0;;CARRERA 50 FRENTE AL #30SUR-66;;LAS VEGAS;6.180341, -75.590571;ATROPELLO;NO REPORTADO;NO REPORTADO;RESIDENCIAL;Normal;Transitar por la calzada
2222139;10/09/2022;10:20:00 a. m.;Sábado;2022;Septiembre;CAMION;PUBLICO;Peaton;60;MASCULINO;HERIDOS;0;0;0;;CARRERA 43A FRENTE AL #43 SUR-83;;MILAN VALLEJUELOS;6.1658373661757935, -75.59371678323093;ATROPELLO;NO REPORTADO;NO REPORTADO;RESIDENCIAL;Normal;Pasar semaforo en rojo
2222140;9/09/2022;12:30:00 p. m.;Viernes;2022;Septiembre;MOTOCICLETA;PARTICULAR;Motociclista;27;MASCULINO;HERIDOS;0;0;0;0;CALLE 40E SUR CON CARRERA 24B;;LA MINA;6.15177366471888, -75.58090546270323;CAIDA OCUPANTE;NO REPORTADO;NO REPORTADO;RESIDENCIAL;Normal;Impericia en el manejo
2222141;10/09/2022;10:32:00 a. m.;Sábado;2022;Septiembre;MOTOCICLETA;PARTICULAR;Motociclista;20;MASCULINO;MUERTOS;0;0;0;;CARRERA 50 CON CALLE 25ASUR y CALLE 25SUR;;LAS VEGAS;6.187003, -75.584583;CHOQUE;VEHICULO;NO REPORTADO;RESIDENCIAL;Normal;No mantener distancia de seguridad
2222146;9/09/2022;3:15:00 p. m.;Viernes;2022;Septiembre;MOTOCICLETA;PARTICULAR;Acompañante;42;FEMENINO;HERIDOS;0;0;0;;CARRERA 43A FRENTE AL # 48C SUR-45;;LA PAZ;6.161937866437799, -75.598272523814;CHOQUE;VEHICULO;NO REPORTADO;RESIDENCIAL;Normal;No respetar prelacion
2222155;9/09/2022;2:50:00 p. m.;Viernes;2022;Septiembre;MOTOCICLETA;PARTICULAR;Motociclista;38;MASCULINO;HERIDOS;0;0;0;;CARRERA 32 CON CALLE 38ASUR;;MESA;6.165206321123761, -75.5820802062891;CHOQUE;VEHICULO;NO REPORTADO;RESIDENCIAL;Normal;Desobedecer señales
2222155;9/09/2022;2:50:00 p. m.;Viernes;2022;Septiembre;MOTOCICLETA;PARTICULAR;Acompañante;18;MASCULINO;HERIDOS;0;0;0;;CARRERA 32 CON CALLE 38ASUR;;MESA;6.165206321123761, -75.5820802062891;CHOQUE;VEHICULO;NO REPORTADO;RESIDENCIAL;Normal;Desobedecer señales
2222156;9/09/2022;5:10:00 p. m.;Viernes;2022;Septiembre;MOTOCICLETA;PARTICULAR;Motociclista;19;MASCULINO;HERIDOS;0;0;0;;KILOMETRO 13+780;medellín palmas envigado (km 12 - km 16+700);VEREDA PALMAS;6.159869155727471, -75.54629316879888;CHOQUE;VEHICULO;NO REPORTADO;NO REPORTADO;Lluvia;Impericia en el manejo
2222156;9/09/2022;5:10:00 p. m.;Viernes;2022;Septiembre;MOTOCICLETA;PARTICULAR;Acompañante;19;FEMENINO;HERIDOS;0;0;0;;KILOMETRO 13+780;medellín palmas envigado (km 12 - km 16+700);VEREDA PALMAS;6.159869155727471, -75.54629316879888;CHOQUE;VEHICULO;NO REPORTADO;NO REPORTADO;Lluvia;Impericia en el manejo
2222157;10/09/2022;3:38:00 p. m.;Sábado;2022;Septiembre;MOTOCICLETA;PARTICULAR;Peaton;67;FEMENINO;HERIDOS;0;0;0;;CALLE 37SUR FRENTE AL #39-04;;ZONA CENTRO;6.169002060294382, -75.58484023479355;ATROPELLO;NO REPORTADO;NO REPORTADO;RESIDENCIAL;Normal;Salir por delante de un vehiculo
2222158;10/09/2022;10:50:00 a. m.;Sábado;2022;Septiembre;MOTOCICLETA;PARTICULAR;Motociclista;31;FEMENINO;HERIDOS;0;0;0;;CARRERA 50 CON CALLE 25 SUR;;LAS VEGAS;6.186957, -75.584471;CHOQUE;VEHICULO;NO REPORTADO;RESIDENCIAL;Normal;No mantener distancia de seguridad
2222159;12/09/2022;10:30:00 a. m.;Lunes;2022;Septiembre;MOTOCICLETA;PARTICULAR;Motociclista;38;MASCULINO;HERIDOS;0;0;0;;CALLE 37 SUR FRENTE AL # 43-58;;ZONA CENTRO;6.170958598885973, -75.58804630878338;CHOQUE;VEHICULO;NO REPORTADO;RESIDENCIAL;Normal;Adelantar cerrando
2222162;12/09/2022;7:10:00 a. m.;Lunes;2022;Septiembre;MOTOCICLETA;PARTICULAR;Motociclista;34;MASCULINO;HERIDOS;0;0;0;;CARRERA 48 CON CALLE 40 SUR;;LAS VEGAS;6.1701673932424805, -75.59553393262212;CHOQUE;VEHICULO;NO REPORTADO;RESIDENCIAL;Normal;No mantener distancia de seguridad
2222162;12/09/2022;7:10:00 a. m.;Lunes;2022;Septiembre;MOTOCICLETA;PARTICULAR;Motociclista;21;FEMENINO;HERIDOS;0;0;0;;CARRERA 48 CON CALLE 40 SUR;;LAS VEGAS;6.1701673932424805, -75.59553393262212;CHOQUE;VEHICULO;NO REPORTADO;RESIDENCIAL;Normal;No mantener distancia de seguridad
2222164;5/07/2022;8:00:00 p. m.;Martes;2022;Julio;AUTOMOVIL;PARTICULAR;Peaton;65;MASCULINO;HERIDOS;0;0;0;0;DIAGONAL 32B CON TRANSVERSAL 32C SUR;;LA MAGNOLIA;6.174788039815899, -75.58313824377363;ATROPELLO;NO REPORTADO;NO REPORTADO;RESIDENCIAL;Normal;Impericia en el manejo  -  Pararse sobre la calzada
2222167;10/09/2022;10:00:00 a. m.;Sábado;2022;Septiembre;MOTOCICLETA;PARTICULAR;Motociclista;56;FEMENINO;HERIDOS;0;0;0;;DIAGONAL 31C CON TRANSVERSAL 32C;;LAS FLORES;6.17553282733969, -75.58047952096284;CHOQUE;VEHICULO;NO REPORTADO;RESIDENCIAL;Normal;Impericia en el manejo
2222168;12/09/2022;2:10:00 p. m.;Lunes;2022;Septiembre;MOTOCICLETA;PARTICULAR;Motociclista;42;MASCULINO;HERIDOS;0;0;0;;CARRERA 49 FRENTE AL #39SUR-100;;LAS VEGAS;6.173773, -75.597180;CHOQUE;VEHICULO;NO REPORTADO;RESIDENCIAL;Normal;Desobedecer señales
2222173;13/09/2022;4:10:00 p. m.;Martes;2022;Septiembre;MOTOCICLETA;PARTICULAR;Motociclista;25;MASCULINO;HERIDOS;0;0;0;;KILOMETRO 9+40;medellín palmas envigado (km 12 - km 16+700);VEREDA PANTANILLO;6.168123821637415, -75.50103455231465;CHOQUE;VEHICULO;NO REPORTADO;;Lluvia;No mantener distancia de seguridad
2222174;13/09/2022;2:00:00 p. m.;Martes;2022;Septiembre;MOTOCICLETA;PARTICULAR;Motociclista;31;MASCULINO;HERIDOS;0;0;0;;CARRERA 48 CON CALLE 32 SUR;;LAS VEGAS;6.177553494684281, -75.58959170100616;CHOQUE;VEHICULO;NO REPORTADO;RESIDENCIAL;Normal;No mantener distancia de seguridad
2222179;17/09/2022;10:30:00 p. m.;Sábado;2022;Septiembre;CAMIONETA;PARTICULAR;Acompañante;31;MASCULINO;HERIDOS;0;0;0;;CALLE 25 SUR FRENTE AL #46-03;;BOSQUES DE ZUÑIGA;6.183041102609654, -75.5826565384537;CHOQUE;OBJETO FIJO;ARBOL;RESIDENCIAL;Normal;Embriaguez aparente  -  Exceso de velocidad  -  Fallas en los frenos
2222179;17/09/2022;10:30:00 p. m.;Sábado;2022;Septiembre;CAMIONETA;PARTICULAR;Acompañante;31;MASCULINO;HERIDOS;0;0;0;;CALLE 25 SUR FRENTE AL #46-03;;BOSQUES DE ZUÑIGA;6.183041102609654, -75.5826565384537;CHOQUE;OBJETO FIJO;ARBOL;RESIDENCIAL;Normal;Embriaguez aparente  -  Exceso de velocidad  -  Fallas en los frenos
2222179;17/09/2022;10:30:00 p. m.;Sábado;2022;Septiembre;CAMIONETA;PARTICULAR;Conductor;29;MASCULINO;HERIDOS;0;0;0;;CALLE 25 SUR FRENTE AL #46-03;;BOSQUES DE ZUÑIGA;6.183041102609654, -75.5826565384537;CHOQUE;OBJETO FIJO;ARBOL;RESIDENCIAL;Normal;Embriaguez aparente  -  Exceso de velocidad  -  Fallas en los frenos
2222181;17/09/2022;5:40:00 p. m.;Sábado;2022;Septiembre;MOTOCICLETA;PARTICULAR;Motociclista;37;MASCULINO;HERIDOS;0;0;0;;CARRERA 49A FRENTE AL #48 SUR-100;;LAS VEGAS;6.165748, -75.602615;CHOQUE;OBJETO FIJO;OTRO TIPO;RESIDENCIAL;Normal;Exceso de velocidad
2222185;14/09/2022;6:30:00 a. m.;Miércoles;2022;Septiembre;BUSETA;PUBLICO;Pasajero;58;FEMENINO;HERIDOS;0;0;0;;CARRERA 43A ENTRE CALLE 24SUR y CALLE 25SUR;;LAS ORQUIDEAS;6.18150158434511, -75.58092445689108;CAIDA OCUPANTE;NO REPORTADO;NO REPORTADO;RESIDENCIAL;Normal;Arrancar sin precaucion  -  Dejar/recoger pasajeros sitio no demarca  -  Descender o subir del vehiculo en marcha
2222188;15/09/2022;6:50:00 p. m.;Jueves;2022;Septiembre;MOTOCICLETA;PARTICULAR;Motociclista;18;MASCULINO;HERIDOS;0;0;0;;CALLE 45A SUR CON CARRERA 39D;;LAS ANTILLAS;6.16154719669032, -75.5909327474088;CHOQUE;VEHICULO;NO REPORTADO;RESIDENCIAL;Normal;Adelantar en curva  -  Adelantar en zona prohibida
2222191;15/09/2022;9:45:00 p. m.;Jueves;2022;Septiembre;MOTOCICLETA;PARTICULAR;Motociclista;21;MASCULINO;HERIDOS;0;0;0;;CALLE 36D SUR FRENTE AL #24-144;;VEREDA EL ESCOBERO;6.155013566636006, -75.56647921857301;CHOQUE;VEHICULO;NO REPORTADO;RESIDENCIAL;Normal;Adelantar en curva  -  Adelantar invadiendo carril de sentido contrario
2222192;14/09/2022;5:40:00 p. m.;Miércoles;2022;Septiembre;AUTOMOVIL;PUBLICO;Peaton;55;MASCULINO;HERIDOS;0;0;0;;CALLE 40B SUR FRENTE AL #27-03;;LA MINA;6.157902362320492, -75.58168041692976;ATROPELLO;NO REPORTADO;NO REPORTADO;RESIDENCIAL;Normal;Cruzar sin observar
2222194;14/09/2022;11:20:00 a. m.;Miércoles;2022;Septiembre;MOTOCICLETA;PARTICULAR;Motociclista;26;MASCULINO;HERIDOS;0;0;0;;CALLE 37 SUR  ENTRE CARRERA 50 y CARRERA 49;;LAS VEGAS;6.175108881342992, -75.59534100726526;CHOQUE;VEHICULO;NO REPORTADO;RESIDENCIAL;Normal;Transitar entre vehiculos
2222195;14/09/2022;4:20:00 p. m.;Miércoles;2022;Septiembre;MOTOCICLETA;PARTICULAR;Motociclista;29;MASCULINO;HERIDOS;0;0;0;;KILOMETRO 9+300;el escobero - km 0-13);VEREDA EL ESCOBERO;6.134406467525898, -75.53155689116257;CHOQUE;VEHICULO;NO REPORTADO;NO REPORTADO;Lluvia;Impericia en el manejo
2222196;14/09/2022;7:55:00 p. m.;Miércoles;2022;Septiembre;MOTOCICLETA;PARTICULAR;Motociclista;21;FEMENINO;HERIDOS;0;0;0;;CARRERA 48 CON CALLE 39 SUR;;LAS VEGAS;6.171911026818231, -75.59367672042359;CHOQUE;VEHICULO;NO REPORTADO;RESIDENCIAL;Normal;Adelantar cerrando  -  Transitar uno al lado del otro
2222197;15/09/2022;8:00:00 a. m.;Jueves;2022;Septiembre;MOTOCICLETA;PARTICULAR;Acompañante;52;FEMENINO;HERIDOS;0;0;0;;CARRERA 50 FRENTE AL # 26SUR-108;;LAS VEGAS;6.184941, -75.587077;VOLCAMIENTO;NO REPORTADO;NO REPORTADO;RESIDENCIAL;Normal;No mantener distancia de seguridad
2222198;16/09/2022;5:50:00 p. m.;Viernes;2022;Septiembre;MOTOCICLETA;PARTICULAR;Motociclista;26;MASCULINO;HERIDOS;0;0;0;;CARRERA 43A CON CALLE 39 SUR;;ALCALA;6.169272088886051, -75.58957172804259;CHOQUE;VEHICULO;NO REPORTADO;RESIDENCIAL;Normal;Adelantar cerrando  -  Girar bruscamente
2222199;16/09/2022;8:30:00 p. m.;Viernes;2022;Septiembre;MOTOCICLETA;PARTICULAR;Peaton;56;FEMENINO;HERIDOS;0;0;0;;CARRERA 48 CON CALLE 26 SUR;;LAS VEGAS;6.183238635869776, -75.58541474010087;ATROPELLO;NO REPORTADO;NO REPORTADO;RESIDENCIAL;Normal;Cruzar sin observar
2222200;16/09/2022;8:50:00 p. m.;Viernes;2022;Septiembre;MOTOCICLETA;PARTICULAR;Motociclista;23;MASCULINO;HERIDOS;0;0;0;;CALLE 38A SUR CON CARRERA 35;;MESA;6.166215403026969, -75.5836339806767;CHOQUE;VEHICULO;NO REPORTADO;RESIDENCIAL;Normal;Desobedecer señales
2222201;16/09/2022;7:45:00 a. m.;Viernes;2022;Septiembre;MOTOCICLETA;PARTICULAR;Motociclista;64;MASCULINO;HERIDOS;0;0;0;;KILOMETRO 3+200;el escobero - km 0-13);VEREDA EL ESCOBERO;6.134695220441028, -75.55429904857374;CHOQUE;VEHICULO;NO REPORTADO;NO REPORTADO;Normal;Impericia en el manejo  -  Superficie humeda
2222205;17/09/2022;4:15:00 p. m.;Sábado;2022;Septiembre;MOTOCICLETA;PARTICULAR;Motociclista;25;MASCULINO;HERIDOS;0;0;0;;KILOMETRO 7+150;medellín palmas envigado (km 12 - km 16+700);VEREDA PERICO;6.171540752079794, -75.49029011719227;CHOQUE;VEHICULO;NO REPORTADO;;Normal;Desobedecer señales
2222205;17/09/2022;4:15:00 p. m.;Sábado;2022;Septiembre;MOTOCICLETA;PARTICULAR;Motociclista;40;MASCULINO;HERIDOS;0;0;0;;KILOMETRO 7+150;medellín palmas envigado (km 12 - km 16+700);VEREDA PERICO;6.171540752079794, -75.49029011719227;CHOQUE;VEHICULO;NO REPORTADO;;Normal;Desobedecer señales
2222207;19/09/2022;8:20:00 a. m.;Lunes;2022;Septiembre;MOTOCICLETA;PARTICULAR;Motociclista;21;MASCULINO;HERIDOS;0;0;0;;KILOMETRO 18+00;retiro varia palmas enviga (km 5+43 - km 14+ 550);VEREDA PALMAS;6.144989400624123, -75.52645214853997;CHOQUE;VEHICULO;NO REPORTADO;;Normal;Impericia en el manejo
2222207;19/09/2022;8:20:00 a. m.;Lunes;2022;Septiembre;MOTOCICLETA;PARTICULAR;Acompañante;23;MASCULINO;HERIDOS;0;0;0;;KILOMETRO 18+00;retiro varia palmas enviga (km 5+43 - km 14+ 550);VEREDA PALMAS;6.144989400624123, -75.52645214853997;CHOQUE;VEHICULO;NO REPORTADO;;Normal;Impericia en el manejo
2222209;19/09/2022;8:05:00 a. m.;Lunes;2022;Septiembre;MOTOCICLETA;PARTICULAR;Motociclista;28;MASCULINO;HERIDOS;0;0;0;;KILOMETRO 17+100;medellín palmas envigado (km 12 - km 16+700);VEREDA PALMAS;6.153591570245191, -75.53282044519636;CHOQUE;VEHICULO;NO REPORTADO;;Normal;Desobedecer señales
2222210;19/09/2022;10:45:00 a. m.;Lunes;2022;Septiembre;MOTOCICLETA;PARTICULAR;Motociclista;26;MASCULINO;HERIDOS;0;0;0;;CALLE 25A SUR CON CARRERA 42B;;PONTE VEDRA;6.179701107355398, -75.5813764668419;CHOQUE;VEHICULO;NO REPORTADO;RESIDENCIAL;Normal;No mantener distancia de seguridad
2222210;19/09/2022;10:45:00 a. m.;Lunes;2022;Septiembre;MOTOCICLETA;PARTICULAR;Motociclista;26;MASCULINO;HERIDOS;0;0;0;;CALLE 25A SUR CON CARRERA 42B;;PONTE VEDRA;6.179701107355398, -75.5813764668419;CHOQUE;VEHICULO;NO REPORTADO;RESIDENCIAL;Normal;No mantener distancia de seguridad
2222222;19/09/2022;7:50:00 a. m.;Lunes;2022;Septiembre;MOTOCICLETA;PARTICULAR;Motociclista;38;MASCULINO;HERIDOS;0;0;0;;CALLE 37 B SUR CON CARRERA 27B;;LOMA DE LAS BRUJAS;6.16083463511994, -75.57525652876154;CHOQUE;VEHICULO;NO REPORTADO;RESIDENCIAL;Normal;Adelantar en zona prohibida
2222223;19/09/2022;6:15:00 p. m.;Lunes;2022;Septiembre;MOTOCICLETA;PARTICULAR;Motociclista;25;FEMENINO;HERIDOS;0;0;0;;CALLE 40 F SUR ENTRE CARRERA 36B y CARRERA 37;;EL DORADO;6.163880829729922, -75.58634169545658;CHOQUE;VEHICULO;NO REPORTADO;RESIDENCIAL;Normal;Otra-Conductor
2222223;19/09/2022;6:15:00 p. m.;Lunes;2022;Septiembre;MOTOCICLETA;PARTICULAR;Motociclista;16;MASCULINO;HERIDOS;0;0;0;;CALLE 40 F SUR ENTRE CARRERA 36B y CARRERA 37;;EL DORADO;6.163880829729922, -75.58634169545658;CHOQUE;VEHICULO;NO REPORTADO;RESIDENCIAL;Normal;Otra-Conductor
2222224;19/09/2022;7:15:00 p. m.;Lunes;2022;Septiembre;MOTOCICLETA;PARTICULAR;Motociclista;24;FEMENINO;HERIDOS;0;0;0;;CALLE 39B SUR CON CARRERA 30;;SAN JOSE;6.163219153626711, -75.5819568468717;CHOQUE;VEHICULO;NO REPORTADO;RESIDENCIAL;Normal;Desobedecer señales  -  No respetar prelacion
2222225;19/09/2022;12:40:00 p. m.;Lunes;2022;Septiembre;CAMPERO;PARTICULAR;Conductor;33;FEMENINO;HERIDOS;0;0;0;;CALLE 38A SUR CON CARRERA 33;;MESA;6.165780829623075, -75.58269230878196;CHOQUE;VEHICULO;NO REPORTADO;RESIDENCIAL;Normal;Desobedecer señales
2222226;19/09/2022;6:19:00 p. m.;Lunes;2022;Septiembre;AUTOMOVIL;PARTICULAR;Peaton;44;MASCULINO;HERIDOS;0;0;0;;CALLE 36D SUR CON CARRERA 27;;LA PRADERA;6.162273613069336, -75.57009688887901;ATROPELLO;NO REPORTADO;NO REPORTADO;RESIDENCIAL;Normal;Arrancar sin precaucion
2222230;21/09/2022;7:10:00 p. m.;Miércoles;2022;Septiembre;MOTOCICLETA;PARTICULAR;Peaton;80;MASCULINO;HERIDOS;0;0;0;;TRANSVERSAL 34DSUR CON DIAGONAL 33;;OBRERO;6.17081662914741, -75.58321185039647;ATROPELLO;NO REPORTADO;NO REPORTADO;RESIDENCIAL;Lluvia;Arrancar sin precaucion
2222236;22/09/2022;10:00:00 a. m.;Jueves;2022;Septiembre;MOTOCICLETA;PARTICULAR;Motociclista;35;FEMENINO;HERIDOS;0;0;0;;CARRERA 39 CON CALLE 38A SUR;;MESA;6.16777162807103, -75.58567367809529;CHOQUE;VEHICULO;NO REPORTADO;RESIDENCIAL;Normal;Desobedecer señales
2222238;22/09/2022;4:50:00 a. m.;Jueves;2022;Septiembre;MOTOCICLETA;PARTICULAR;Motociclista;22;MASCULINO;HERIDOS;0;0;0;;CARRERA 48 CON CALLE 26SUR;;LAS VEGAS;6.183233497525398, -75.58540016890451;CHOQUE;VEHICULO;NO REPORTADO;COMERCIAL;Lluvia;Semaforo en rojo
2222240;22/09/2022;10:20:00 a. m.;Jueves;2022;Septiembre;MOTOCICLETA;PARTICULAR;Motociclista;53;MASCULINO;HERIDOS;0;0;0;;KILOMETRO 10+220;retiro varia palmas enviga (km 5+43 - km 14+ 550);VEREDA PANTANILLO;6.159784, -75.505917;CHOQUE;VEHICULO;NO REPORTADO;;Normal;No mantener distancia de seguridad
2222241;22/09/2022;8:30:00 p. m.;Jueves;2022;Septiembre;AUTOMOVIL;PARTICULAR;Conductor;33;MASCULINO;HERIDOS;0;0;0;;KILOMETRO 3+600;el escobero - km 0-13);VEREDA EL ESCOBERO;6.131822682942017, -75.55280805903986;CHOQUE;VEHICULO;NO REPORTADO;;Normal;Adelantar invadiendo carril de sentido contrario
2222241;22/09/2022;8:30:00 p. m.;Jueves;2022;Septiembre;AUTOMOVIL;PARTICULAR;Acompañante;30;FEMENINO;HERIDOS;0;0;0;;KILOMETRO 3+600;el escobero - km 0-13);VEREDA EL ESCOBERO;6.131822682942017, -75.55280805903986;CHOQUE;VEHICULO;NO REPORTADO;;Normal;Adelantar invadiendo carril de sentido contrario
2222242;22/09/2022;8:00:00 a. m.;Jueves;2022;Septiembre;MOTOCICLETA;PARTICULAR;Motociclista;46;FEMENINO;HERIDOS;0;0;0;;CARRERA 40 CON CALLE 48B SUR;;EL TRIANON;6.1583250546494135, -75.59534972584316;CHOQUE;VEHICULO;NO REPORTADO;RESIDENCIAL;Normal;No respetar pelacion de interseccion o giros
2222244;22/09/2022;10:00:00 a. m.;Jueves;2022;Septiembre;MOTOCICLETA;PARTICULAR;Motociclista;33;FEMENINO;HERIDOS;0;0;0;;CARRERA 43A FRENTE AL #38SUR-67;;ALCALA;6.170410565309907, -75.58888070198422;CHOQUE;OBJETO FIJO;VEHICULO ESTACIONADO;RESIDENCIAL;Normal;Transitar entre vehiculos
2222246;23/09/2022;7:00:00 a. m.;Viernes;2022;Septiembre;MOTOCICLETA;PARTICULAR;Motociclista;22;MASCULINO;HERIDOS;0;0;0;;KILOMETRO 16+660;retiro varia palmas enviga (km 5+43 - km 14+ 550);VEREDA PALMAS;6.153855620540016, -75.53361822298659;OTRO;NO REPORTADO;NO REPORTADO;;Lluvia;Impericia en el manejo  -  Superficie humeda
2222247;23/09/2022;10:30:00 a. m.;Viernes;2022;Septiembre;MOTOCICLETA;PARTICULAR;Motociclista;18;MASCULINO;HERIDOS;0;0;0;;CARRERA 27 FRENTE AL #37SUR-45;;LOMA DE LAS BRUJAS;6.158311420985406, -75.57167512313133;VOLCAMIENTO;NO REPORTADO;NO REPORTADO;RESIDENCIAL;Normal;Exceso de velocidad  -  Otra-Via
2222251;23/09/2022;10:00:00 a. m.;Viernes;2022;Septiembre;MOTOCICLETA;PARTICULAR;Motociclista;28;MASCULINO;HERIDOS;0;0;0;;CARRERA 48 ENTRE CALLE 42SUR y CALLE 43SUR;;LAS VEGAS;6.168655870282491, -75.59706889071877;CHOQUE;VEHICULO;NO REPORTADO;RESIDENCIAL;Normal;Impericia en el manejo
2222254;23/09/2022;7:00:00 p. m.;Viernes;2022;Septiembre;MOTOCICLETA;PARTICULAR;Motociclista;25;FEMENINO;HERIDOS;0;0;0;;CARRERA 27 CON CALLE 37B SUR;;VEREDA EL ESCOBERO;6.158285400767852, -75.57168475142714;CHOQUE;VEHICULO;NO REPORTADO;RESIDENCIAL;Normal;Arrancar sin precaucion  -  Superficie humeda
2222256;23/09/2022;7:40:00 a. m.;Viernes;2022;Septiembre;MOTOCICLETA;PARTICULAR;Motociclista;43;MASCULINO;HERIDOS;0;0;0;;KILOMETRO 11+100;el escobero - km 0-13);VEREDA EL ESCOBERO;6.121564024637298, -75.5378294483562;CHOQUE;OBJETO FIJO;VEHICULO ESTACIONADO;;Normal;ABRIR LAS PUERTAS SIN PRECAUCION
2222259;24/09/2022;10:05:00 a. m.;Sábado;2022;Septiembre;MOTOCICLETA;PARTICULAR;Motociclista;45;MASCULINO;HERIDOS;0;0;0;;KILOMETRO 7+60;pantanill;VEREDA PANTANILLO;6.170852330343394, -75.4898233806605;CHOQUE;VEHICULO;NO REPORTADO;;Normal;Desobedecer señales  -  Salirse de la calzada
2222260;24/09/2022;1:20:00 p. m.;Sábado;2022;Septiembre;MOTOCICLETA;PARTICULAR;Motociclista;42;MASCULINO;HERIDOS;0;0;0;;CARRERA 48 ENTRE CALLE 41SUR y CALLE 43SUR;;LAS VEGAS;6.16878477810246, -75.5969638708953;CHOQUE;VEHICULO;NO REPORTADO;RESIDENCIAL;Normal;No mantener distancia de seguridad  -  Transitar entre vehiculos
2222261;24/09/2022;8:46:00 a. m.;Sábado;2022;Septiembre;MOTOCICLETA;PARTICULAR;Motociclista;26;FEMENINO;HERIDOS;0;0;0;;CALLE 24 SUR FRENTE AL #39-36;;ZUÑIGA;6.178883025393023, -75.57462706275189;CHOQUE;VEHICULO;NO REPORTADO;RESIDENCIAL;Normal;Desobedecer señales  -  Girar bruscamente
2222262;25/09/2022;10:30:00 p. m.;Domingo;2022;Septiembre;MOTOCICLETA;PARTICULAR;Motociclista;28;MASCULINO;HERIDOS;0;0;0;;CARRERA 40 CON CALLE 38A SUR;;ZONA CENTRO;6.168190428135106, -75.58635539343867;CHOQUE;VEHICULO;NO REPORTADO;RESIDENCIAL;Normal;Semaforo en rojo
2222264;25/09/2022;1:45:00 p. m.;Domingo;2022;Septiembre;MOTOCICLETA;PARTICULAR;Motociclista;41;MASCULINO;HERIDOS;0;0;0;;CARRERA 40A FRENTE AL #40DSUR31;;EL DORADO;6.165372098398709, -75.58875148720306;CHOQUE;VEHICULO;NO REPORTADO;RESIDENCIAL;Normal;No mantener distancia de seguridad
2222267;26/09/2022;2:45:00 p. m.;Lunes;2022;Septiembre;MOTOCICLETA;PARTICULAR;Motociclista;42;MASCULINO;HERIDOS;0;0;0;;CALLE 25A ENTRE CARRERA 42B y CARRERA 42;;PONTE VEDRA;6.178875018907461, -75.5811998666243;CHOQUE;VEHICULO;NO REPORTADO;RESIDENCIAL;Normal;Desobedecer señales
2222267;26/09/2022;2:45:00 p. m.;Lunes;2022;Septiembre;MOTOCICLETA;PARTICULAR;Motociclista;35;MASCULINO;HERIDOS;0;0;0;;CALLE 25A ENTRE CARRERA 42B y CARRERA 42;;PONTE VEDRA;6.178875018907461, -75.5811998666243;CHOQUE;VEHICULO;NO REPORTADO;RESIDENCIAL;Normal;Desobedecer señales
2222267;26/09/2022;2:45:00 p. m.;Lunes;2022;Septiembre;MOTOCICLETA;PARTICULAR;Motociclista;23;MASCULINO;HERIDOS;0;0;0;;CALLE 25A ENTRE CARRERA 42B y CARRERA 42;;PONTE VEDRA;6.178875018907461, -75.5811998666243;CHOQUE;VEHICULO;NO REPORTADO;RESIDENCIAL;Normal;Desobedecer señales