NRO_RADICADO;FECHA_ACCIDENTE;HORA_ACCIDENTE;Día de la semana;AÑO;MES;CLASE_VEHICULO;TIPO_SERVICIO;TIPO_VICTIMA;EDAD;GENERO;GRAVEDAD;ESTADO_BEODEZ;ESTADO_DROGA;RESULTADO_BEODEZ;RESUL_BEODEZ_GRAMOS;DIRECCION_CARACT_VIA;TRAMO_VIA;LOCALIDAD_O_COMUNA;    GEORREFERENCIACIÓN;DESC_CLASE_ACCIDENTE;DESC_CHOQUE_ACCIDENTE;DESC_OBJETO_FIJO;DESC_SECTOR_ACCIDENTE;CONDICION_CLIMATICA;CAUSA_ACCIDENTE
2222270;26/09/2022;7:45:00 a. m.;Lunes;2022;Septiembre;MOTOCICLETA;PARTICULAR;Motociclista;25;MASCULINO;HERIDOS;0;0;0;;CARRERA 50 FRENTE AL #30 SUR-66;;LAS VEGAS;6.180341, -75.590571;CHOQUE;VEHICULO;NO REPORTADO;RESIDENCIAL;Normal;No mantener distancia de seguridad
2222272;26/09/2022;7:30:00 a. m.;Lunes;2022;Septiembre;MOTOCICLETA;PARTICULAR;Motociclista;26;MASCULINO;HERIDOS;0;0;0;;KILOMETRO 16+500;medellín palmas envigado (km 12 - km 16+700);VEREDA PALMAS;6.15419808916125, -75.53446480018202;CHOQUE;VEHICULO;NO REPORTADO;;Normal;Adelantar invadiendo carril del mismo sentido en zigzag  -  Desobedecer señales
2222273;27/09/2022;5:10:00 a. m.;Martes;2022;Septiembre;MOTOCICLETA;PARTICULAR;Motociclista;51;MASCULINO;HERIDOS;0;0;0;;CARRERA 50 ENTRE CALLE 25AA SUR y CALLE 26 SUR;;LAS VEGAS;6.185386, -75.586570;CHOQUE;VEHICULO;NO REPORTADO;RESIDENCIAL;Normal;No respetar prelacion
2222273;27/09/2022;5:10:00 a. m.;Martes;2022;Septiembre;MOTOCICLETA;PARTICULAR;Motociclista;64;MASCULINO;HERIDOS;0;0;0;;CARRERA 50 ENTRE CALLE 25AA SUR y CALLE 26 SUR;;LAS VEGAS;6.185386, -75.586570;CHOQUE;VEHICULO;NO REPORTADO;RESIDENCIAL;Normal;No respetar prelacion
2222282;28/09/2022;8:00:00 a. m.;Miércoles;2022;Septiembre;MOTOCICLETA;PARTICULAR;Motociclista;45;FEMENINO;HERIDOS;0;0;0;;TRANSVERSAL 32C SUR CON DIAGONAL 33;;LA MAGNOLIA;6.174322518584315, -75.58451956117797;CHOQUE;VEHICULO;NO REPORTADO;RESIDENCIAL;Normal;Desobedecer señales
2222283;28/09/2022;4:40:00 p. m.;Miércoles;2022;Septiembre;MOTOCICLETA;PARTICULAR;Motociclista;24;FEMENINO;HERIDOS;0;0;0;;CARRERA 48 ENTRE CALLE 43SUR y CALLE 44SUR;;LAS VEGAS;6.1680173414623845, -75.59770824708362;CHOQUE;VEHICULO;NO REPORTADO;RESIDENCIAL;Normal;Transitar entre vehiculos
2222289;29/04/2022;4:25:00 p. m.;Viernes;2022;Abril;MICROBUS;PUBLICO;Conductor;52;MASCULINO;HERIDOS;0;0;0;;CALLE 40 SUR FRENTE AL #24D-86;;EL SALADO;6.147994065122537, -75.5762705897372;CHOQUE;VEHICULO;NO REPORTADO;RESIDENCIAL;Normal;Exceso de velocidad
2222290;28/09/2022;6:08:00 a. m.;Miércoles;2022;Septiembre;MOTOCICLETA;PARTICULAR;Motociclista;36;MASCULINO;HERIDOS;0;0;0;;CALLE 39 SUR CON CARRERA 41;;ZONA CENTRO;6.1677837596546565, -75.5874607432552;CHOQUE;VEHICULO;NO REPORTADO;RESIDENCIAL;Normal;Semaforo en rojo
2222291;29/09/2022;10:55:00 a. m.;Jueves;2022;Septiembre;MOTOCICLETA;PARTICULAR;Motociclista;42;FEMENINO;HERIDOS;0;0;0;;TRANSVERSAL 34C SUR  CON DIAGONAL 39;;OBRERO;6.171015482606609, -75.5840356254921;CHOQUE;VEHICULO;NO REPORTADO;RESIDENCIAL;Normal;Desobedecer señales  -  No respetar prelacion
2222304;2/10/2022;1:00:00 a. m.;Domingo;2022;Octubre;CAMIONETA;PARTICULAR;Acompañante;47;MASCULINO;HERIDOS;0;0;0;;CARRERA 29A FRENTE AL #37SUR-05;;MESA;6.1660346627330345, -75.58070008973701;CHOQUE;OBJETO FIJO;POSTE;RESIDENCIAL;Normal;Impericia en el manejo
2222304;2/10/2022;1:00:00 a. m.;Domingo;2022;Octubre;CAMIONETA;PARTICULAR;Acompañante;22;MASCULINO;HERIDOS;0;0;0;;CARRERA 29A FRENTE AL #37SUR-05;;MESA;6.1660346627330345, -75.58070008973701;CHOQUE;OBJETO FIJO;POSTE;RESIDENCIAL;Normal;Impericia en el manejo
2222304;2/10/2022;1:00:00 a. m.;Domingo;2022;Octubre;CAMIONETA;PARTICULAR;Conductor;55;MASCULINO;HERIDOS;0;0;0;;CARRERA 29A FRENTE AL #37SUR-05;;MESA;6.1660346627330345, -75.58070008973701;CHOQUE;OBJETO FIJO;POSTE;RESIDENCIAL;Normal;Impericia en el manejo
2222304;2/10/2022;1:00:00 a. m.;Domingo;2022;Octubre;CAMIONETA;PARTICULAR;Acompañante;55;FEMENINO;HERIDOS;0;0;0;;CARRERA 29A FRENTE AL #37SUR-05;;MESA;6.1660346627330345, -75.58070008973701;CHOQUE;OBJETO FIJO;POSTE;RESIDENCIAL;Normal;Impericia en el manejo
2222304;2/10/2022;1:00:00 a. m.;Domingo;2022;Octubre;CAMIONETA;PARTICULAR;Acompañante;45;FEMENINO;HERIDOS;0;0;0;;CARRERA 29A FRENTE AL #37SUR-05;;MESA;6.1660346627330345, -75.58070008973701;CHOQUE;OBJETO FIJO;POSTE;RESIDENCIAL;Normal;Impericia en el manejo
2222305;30/09/2022;1:55:00 p. m.;Viernes;2022;Septiembre;MOTOCICLETA;PARTICULAR;Motociclista;27;FEMENINO;HERIDOS;0;0;0;;CALLE 40B SUR CARRERA 39;;EL DORADO;6.165675128997759, -75.58726487809531;CHOQUE;VEHICULO;NO REPORTADO;RESIDENCIAL;Normal;Impericia en el manejo
2222310;1/10/2022;1:30:00 p. m.;Sábado;2022;Octubre;CAMPERO;PARTICULAR;Peaton;32;MASCULINO;HERIDOS;0;0;0;;KILOMETRO 14;medellín palmas envigado (km 12 - km 16+700);VEREDA PALMAS;6.158065354734575, -75.54655033162547;ATROPELLO;NO REPORTADO;NO REPORTADO;;Normal;Impericia en el manejo
2222310;1/10/2022;1:30:00 p. m.;Sábado;2022;Octubre;CAMPERO;PARTICULAR;Acompañante;86;FEMENINO;HERIDOS;0;0;0;;KILOMETRO 14;medellín palmas envigado (km 12 - km 16+700);VEREDA PALMAS;6.158065354734575, -75.54655033162547;ATROPELLO;NO REPORTADO;NO REPORTADO;;Normal;Impericia en el manejo
2222313;30/09/2022;3:15:00 p. m.;Viernes;2022;Septiembre;MOTOCICLETA;OFICIAL;Motociclista;48;MASCULINO;HERIDOS;0;0;0;;CARRERA 48 ENTRE CALLE 43SUR y CALLE 44SUR;;LAS VEGAS;6.1678127070336135, -75.59777156214976;CHOQUE;VEHICULO;NO REPORTADO;RESIDENCIAL;Normal;Adelantar invadiendo carril del mismo sentido en zigzag  -  No mantener distancia de seguridad
2222314;28/09/2022;7:00:00 p. m.;Miércoles;2022;Septiembre;MOTOCICLETA;PARTICULAR;Motociclista;21;FEMENINO;HERIDOS;0;0;0;;CALLE 40F SUR CON CARRERA 34;;EL DORADO;6.162401286360503, -75.58575965034598;OTRO;NO REPORTADO;NO REPORTADO;RESIDENCIAL;Normal;Otra-Conductor
2222314;28/09/2022;7:00:00 p. m.;Miércoles;2022;Septiembre;MOTOCICLETA;PARTICULAR;Acompañante;18;FEMENINO;HERIDOS;0;0;0;;CALLE 40F SUR CON CARRERA 34;;EL DORADO;6.162401286360503, -75.58575965034598;OTRO;NO REPORTADO;NO REPORTADO;RESIDENCIAL;Normal;Otra-Conductor
2222325;29/09/2022;11:40:00 a. m.;Jueves;2022;Septiembre;AUTOMOVIL;PARTICULAR;Peaton;79;FEMENINO;HERIDOS;0;0;0;;CALLE 38A SUR ENTRE CARRERA 39 y CARRERA 40;;ZONA CENTRO;6.167872197894326, -75.58608190536873;ATROPELLO;NO REPORTADO;NO REPORTADO;RESIDENCIAL;Normal;Desobedecer señales
2222327;29/09/2022;5:50:00 p. m.;Jueves;2022;Septiembre;MOTOCICLETA;PARTICULAR;Acompañante;43;FEMENINO;HERIDOS;0;0;0;;CALLE 27 SUR FRENTE AL #28-56;;ALTO DE MISAEL;6.176481892498161, -75.57551672239765;CHOQUE;VEHICULO;NO REPORTADO;RESIDENCIAL;Normal;Adelantar en curva  -  Adelantar en zona prohibida
2222328;29/09/2022;6:00:00 a. m.;Jueves;2022;Septiembre;MOTOCICLETA;PARTICULAR;Motociclista;20;FEMENINO;HERIDOS;0;0;0;;CARRERA 48 CON CALLE 39A SUR;;LAS VEGAS;6.171120064047528, -75.59422342576146;CHOQUE;VEHICULO;NO REPORTADO;RESIDENCIAL;Normal;Girar bruscamente
2222328;29/09/2022;6:00:00 a. m.;Jueves;2022;Septiembre;MOTOCICLETA;PARTICULAR;Motociclista;31;FEMENINO;HERIDOS;0;0;0;;CARRERA 48 CON CALLE 39A SUR;;LAS VEGAS;6.171120064047528, -75.59422342576146;CHOQUE;VEHICULO;NO REPORTADO;RESIDENCIAL;Normal;Girar bruscamente
2222330;29/09/2022;7:05:00 a. m.;Jueves;2022;Septiembre;MOTOCICLETA;PARTICULAR;Acompañante;25;FEMENINO;HERIDOS;0;0;0;;CARRERA 48 ENTRE CALLE 41SUR y CALLE 43SUR;;LAS VEGAS;6.16878477810246, -75.5969638708953;CHOQUE;VEHICULO;NO REPORTADO;RESIDENCIAL;Normal;Impericia en el manejo
2222332;30/09/2022;8:10:00 p. m.;Viernes;2022;Septiembre;AUTOMOVIL;PARTICULAR;Peaton;73;FEMENINO;HERIDOS;0;0;0;;CALLE 35 SUR FRENTE AL #39-54;;OBRERO;6.1705226352414755, -75.58430280013415;ATROPELLO;NO REPORTADO;NO REPORTADO;RESIDENCIAL;Normal;Reverso imprudente
2222333;30/09/2022;2:00:00 p. m.;Viernes;2022;Septiembre;MOTOCICLETA;PARTICULAR;Motociclista;21;FEMENINO;HERIDOS;0;0;0;;CARRERA 43 A CON CALLE 48CSUR ;;PRIMAVERA;6.162182, -75.597684;CHOQUE;VEHICULO;NO REPORTADO;RESIDENCIAL;Normal;Desobedecer señales
2222333;30/09/2022;2:00:00 p. m.;Viernes;2022;Septiembre;MOTOCICLETA;PARTICULAR;Acompañante;21;FEMENINO;HERIDOS;0;0;0;;CARRERA 43 A CON CALLE 48CSUR ;;PRIMAVERA;6.162182, -75.597684;CHOQUE;VEHICULO;NO REPORTADO;RESIDENCIAL;Normal;Desobedecer señales
2222336;30/09/2022;10:30:00 a. m.;Viernes;2022;Septiembre;AUTOMOVIL;PARTICULAR;Acompañante;63;FEMENINO;HERIDOS;0;0;0;;CALLE 26 SUR  FRENTE AL # 43A-41;;VILLA GRANDE;6.180898566493262, -75.58350363512825;CHOQUE;VEHICULO;NO REPORTADO;RESIDENCIAL;Normal;Reverso imprudente
2222337;30/09/2022;5:30:00 p. m.;Viernes;2022;Septiembre;AUTOMOVIL;PARTICULAR;Acompañante;17;FEMENINO;HERIDOS;0;0;0;;CARRERA 48 CON CALLE 37 SUR;;LAS VEGAS;6.173473352424915, -75.59256588595376;CHOQUE;VEHICULO;NO REPORTADO;RESIDENCIAL;Normal;Semaforo en rojo
2222339;1/10/2022;3:50:00 p. m.;Sábado;2022;Octubre;MOTOCICLETA;PARTICULAR;Peaton;76;FEMENINO;HERIDOS;0;0;0;;CARRERA 48 FRENTE AL #32B SUR-139;;LAS VEGAS;6.1762844337092, -75.5907449535185;ATROPELLO;NO REPORTADO;NO REPORTADO;RESIDENCIAL;Normal;Impericia en el manejo
2222340;1/10/2022;10:06:00 p. m.;Sábado;2022;Octubre;MOTOCICLETA;;Peaton;59;MASCULINO;HERIDOS;0;0;0;;CALLE 38 SUR FRENTE AL #38-42;;MESA;6.168053756414231, -75.5849178473218;ATROPELLO;NO REPORTADO;NO REPORTADO;RESIDENCIAL;Normal;Arrancar sin precaucion  -  Cruzar sin observar
2222341;1/10/2022;10:10:00 p. m.;Sábado;2022;Octubre;AUTOMOVIL;PARTICULAR;Peaton;57;FEMENINO;HERIDOS;1;0;3;180;CALLE 37B SUR FRENTE AL #27D-84;;LOMA DE LAS BRUJAS;6.1628088379445805, -75.57671003049587;ATROPELLO;NO REPORTADO;NO REPORTADO;RESIDENCIAL;Normal;Embriaguez o droga
2222342;1/10/2022;6:50:00 p. m.;Sábado;2022;Octubre;MOTOCICLETA;PARTICULAR;Motociclista;33;MASCULINO;HERIDOS;0;0;0;;CALLE 37 SUR ENTRE CARRERA 48 y CARRERA 49;;LAS VEGAS;6.173565897288251, -75.5922951534005;CHOQUE;VEHICULO;NO REPORTADO;RESIDENCIAL;Normal;Desobedecer señales
2222342;1/10/2022;6:50:00 p. m.;Sábado;2022;Octubre;MOTOCICLETA;PARTICULAR;Acompañante;24;FEMENINO;HERIDOS;0;0;0;;CALLE 37 SUR ENTRE CARRERA 48 y CARRERA 49;;LAS VEGAS;6.173565897288251, -75.5922951534005;CHOQUE;VEHICULO;NO REPORTADO;RESIDENCIAL;Normal;Desobedecer señales
2222349;2/10/2022;9:30:00 a. m.;Domingo;2022;Octubre;MOTOCICLETA;PARTICULAR;Motociclista;22;MASCULINO;HERIDOS;0;0;0;;CALLE 45B SUR CON CARRERA 42B;;LA PAZ;6.164710129328627, -75.59477147809537;CHOQUE;VEHICULO;NO REPORTADO;RESIDENCIAL;Normal;Exceso de velocidad  -  Semaforo en rojo
2222351;2/10/2022;4:00:00 p. m.;Domingo;2022;Octubre;MOTOCICLETA;PARTICULAR;Acompañante;24;FEMENINO;HERIDOS;0;0;0;;CARRERA 49 ENTRE CALLE 32B SUR y CALLE 36 SUR;;LAS VEGAS;6.177842, -75.592285;CHOQUE;VEHICULO;NO REPORTADO;RESIDENCIAL;Normal;Adelantar cerrando
2222351;2/10/2022;4:00:00 p. m.;Domingo;2022;Octubre;MOTOCICLETA;PARTICULAR;Motociclista;28;MASCULINO;HERIDOS;0;0;0;;CARRERA 49 ENTRE CALLE 32B SUR y CALLE 36 SUR;;LAS VEGAS;6.177842, -75.592285;CHOQUE;VEHICULO;NO REPORTADO;RESIDENCIAL;Normal;Adelantar cerrando
2222352;2/10/2022;10:40:00 a. m.;Domingo;2022;Octubre;MOTOCICLETA;PARTICULAR;Motociclista;28;FEMENINO;HERIDOS;0;0;0;;CARRERA 48 ENTRE CALLE 36SUR y CALLE 37SUR;;LAS VEGAS;6.173818061380639, -75.59212149159782;CHOQUE;VEHICULO;NO REPORTADO;RESIDENCIAL;Normal;Desobedecer señales  -  Girar bruscamente
2222354;2/10/2022;9:10:00 p. m.;Domingo;2022;Octubre;MOTOCICLETA;PARTICULAR;Motociclista;43;MASCULINO;HERIDOS;0;0;0;;CALLE 37 SUR CON CARRERA 48;;LAS VEGAS;6.173643245908734, -75.59239554469394;CHOQUE;VEHICULO;NO REPORTADO;RESIDENCIAL;Normal;Otra-Conductor
2222356;3/10/2022;6:55:00 a. m.;Lunes;2022;Octubre;MOTOCICLETA;PARTICULAR;Motociclista;48;FEMENINO;HERIDOS;0;0;0;;KILOMETRO 12+600;retiro varia palmas enviga (km 5+43 - km 14+ 550);VEREDA PALMAS;6.160201, -75.522330;CHOQUE;VEHICULO;NO REPORTADO;;Normal;Desobedecer señales
2222361;3/10/2022;12:40:00 p. m.;Lunes;2022;Octubre;AUTOMOVIL;PARTICULAR;Conductor;41;MASCULINO;HERIDOS;0;0;0;;CARRERA 48 FRENTE AL #49SUR-14;;LAS VEGAS;6.16299317820447, -75.60246295244414;CHOQUE;VEHICULO;NO REPORTADO;RESIDENCIAL;Normal;No mantener distancia de seguridad
2222362;4/10/2022;9:30:00 a. m.;Martes;2022;Octubre;MOTOCICLETA;PARTICULAR;Acompañante;42;FEMENINO;HERIDOS;0;0;0;;CARRERA 50 FRENTE AL # 26SUR-373;;LAS VEGAS;6.184941, -75.587077;VOLCAMIENTO;NO REPORTADO;NO REPORTADO;RESIDENCIAL;Normal;Fallas en las llantas
2222362;4/10/2022;9:30:00 a. m.;Martes;2022;Octubre;MOTOCICLETA;PARTICULAR;Motociclista;21;MASCULINO;HERIDOS;0;0;0;;CARRERA 50 FRENTE AL # 26SUR-373;;LAS VEGAS;6.184941, -75.587077;VOLCAMIENTO;NO REPORTADO;NO REPORTADO;RESIDENCIAL;Normal;Fallas en las llantas
2222363;4/10/2022;8:20:00 p. m.;Martes;2022;Octubre;CAMIONETA;PARTICULAR;Acompañante;22;FEMENINO;HERIDOS;0;0;0;0;KILOMETRO 13+130;medellín palmas envigado (km 12 - km 16+700);VEREDA PALMAS;6.1644677802668, -75.54520027680711;CHOQUE;OBJETO FIJO;POSTE;;Normal;Superficie humeda
2222363;4/10/2022;8:20:00 p. m.;Martes;2022;Octubre;CAMIONETA;PARTICULAR;Acompañante;25;FEMENINO;HERIDOS;0;0;0;0;KILOMETRO 13+130;medellín palmas envigado (km 12 - km 16+700);VEREDA PALMAS;6.1644677802668, -75.54520027680711;CHOQUE;OBJETO FIJO;POSTE;;Normal;Superficie humeda
2222363;4/10/2022;8:20:00 p. m.;Martes;2022;Octubre;CAMIONETA;PARTICULAR;Conductor;24;MASCULINO;HERIDOS;0;0;0;0;KILOMETRO 13+130;medellín palmas envigado (km 12 - km 16+700);VEREDA PALMAS;6.1644677802668, -75.54520027680711;CHOQUE;OBJETO FIJO;POSTE;;Normal;Superficie humeda
2222365;6/10/2022;8:05:00 a. m.;Jueves;2022;Octubre;MOTOCICLETA;PARTICULAR;Motociclista;28;MASCULINO;HERIDOS;0;0;0;;CALLE 39 SUR FRENTE AL #25B-202;;EL CHINGUÍ;6.170773627277278, -75.59268124740859;CHOQUE;VEHICULO;NO REPORTADO;RESIDENCIAL;Normal;Girar bruscamente  -  No respetar prelacion
2222366;6/10/2022;6:21:00 p. m.;Jueves;2022;Octubre;MOTOCICLETA;PARTICULAR;Motociclista;44;FEMENINO;HERIDOS;0;0;0;0;CALLE 25A SUR CON CARRERA 48;;LAS VEGAS;6.185012232472791, -75.58353638346043;CHOQUE;VEHICULO;NO REPORTADO;RESIDENCIAL;Normal;Semaforo en rojo
2222367;8/10/2022;2:39:00 p. m.;Sábado;2022;Octubre;CAMPERO;PARTICULAR;Conductor;23;MASCULINO;HERIDOS;0;0;0;;CARRERA 50 ENTRE CALLE 25A SUR y CALLE 25SUR;;LAS VEGAS;6.186010, -75.585699;CHOQUE;VEHICULO;NO REPORTADO;RESIDENCIAL;Normal;Impericia en el manejo
2222367;8/10/2022;2:39:00 p. m.;Sábado;2022;Octubre;MOTOCICLETA;PARTICULAR;Motociclista;48;MASCULINO;HERIDOS;0;0;0;;CARRERA 50 ENTRE CALLE 25A SUR y CALLE 25SUR;;LAS VEGAS;6.186010, -75.585699;CHOQUE;VEHICULO;NO REPORTADO;RESIDENCIAL;Normal;Impericia en el manejo
2222368;5/10/2022;10:00:00 a. m.;Miércoles;2022;Octubre;CAMPERO;PARTICULAR;Conductor;72;MASCULINO;HERIDOS;0;0;0;;KILOMETRO 15+560;medellín palmas envigado (km 12 - km 16+700);VEREDA PALMAS;6.154155185926059, -75.54221490608049;VOLCAMIENTO;NO REPORTADO;NO REPORTADO;;Normal;Otra-Conductor
2222369;5/10/2022;8:15:00 a. m.;Miércoles;2022;Octubre;MOTOCICLETA;PARTICULAR;Motociclista;41;FEMENINO;HERIDOS;0;0;0;;CARRERA 49 CON CALLE 25AA SUR ;;LAS VEGAS;6.185395, -75.586313;CHOQUE;VEHICULO;NO REPORTADO;RESIDENCIAL;Normal;Transitar entre vehiculos
2222370;6/10/2022;11:10:00 a. m.;Jueves;2022;Octubre;MOTOCICLETA;DIPLOMATICO;Motociclista;19;MASCULINO;HERIDOS;0;0;0;;TRANSVERSAL 34D SUR FRENTE AL #31E-16;;OBRERO;6.171884842079286, -75.58045197017869;ATROPELLO;NO REPORTADO;NO REPORTADO;RESIDENCIAL;Normal;Cruzar sin observar
2222370;6/10/2022;11:10:00 a. m.;Jueves;2022;Octubre;MOTOCICLETA;DIPLOMATICO;Peaton;10;FEMENINO;HERIDOS;0;0;0;;TRANSVERSAL 34D SUR FRENTE AL #31E-16;;OBRERO;6.171884842079286, -75.58045197017869;ATROPELLO;NO REPORTADO;NO REPORTADO;RESIDENCIAL;Normal;Cruzar sin observar
2222375;7/10/2022;12:00:00 p. m.;Viernes;2022;Octubre;MOTOCICLETA;PARTICULAR;Motociclista;29;MASCULINO;HERIDOS;0;0;0;;CARRERA 50 FRENTE AL #46A SUR-16;;LAS VEGAS;6.167889, -75.602347;CHOQUE;VEHICULO;NO REPORTADO;RESIDENCIAL;Normal;Desobedecer señales  -  Girar bruscamente
2222376;9/10/2022;5:35:00 p. m.;Domingo;2022;Octubre;MOTOCICLETA;PARTICULAR;Motociclista;54;MASCULINO;HERIDOS;0;0;0;;CALLE 36D SUR FRENTE AL #26A-86;;VEREDA EL ESCOBERO;6.161784985607947, -75.56918437628921;CHOQUE;OBJETO FIJO;POSTE;RESIDENCIAL;Normal;Embriaguez aparente
2222378;7/10/2022;9:15:00 p. m.;Viernes;2022;Octubre;MOTOCICLETA;PARTICULAR;Motociclista;25;MASCULINO;HERIDOS;0;0;0;;CALLE 39 SUR CON CARRERA 28;;SAN JOSE;6.161183828727574, -75.57974184740874;CHOQUE;VEHICULO;NO REPORTADO;RESIDENCIAL;Normal;Desobedecer señales
2222379;9/10/2022;11:20:00 a. m.;Domingo;2022;Octubre;MOTOCICLETA;PARTICULAR;Motociclista;40;MASCULINO;HERIDOS;0;0;0;;TRANSVERSAL 32C SUR CON DIAGONAL 33;;LA MAGNOLIA;6.174328902820725, -75.5845243256454;CHOQUE;VEHICULO;NO REPORTADO;RESIDENCIAL;Normal;Desobedecer señales
2222382;9/10/2022;12:20:00 a. m.;Domingo;2022;Octubre;MOTOCICLETA;PARTICULAR;Motociclista;22;MASCULINO;HERIDOS;0;0;0;;CALLE 37 SUR CON DIAGONAL 31;;LA PRADERA;6.1659299055643295, -75.58026839273028;CHOQUE;VEHICULO;NO REPORTADO;RESIDENCIAL;Normal;Otra-Conductor
2222382;9/10/2022;12:20:00 a. m.;Domingo;2022;Octubre;MOTOCICLETA;PARTICULAR;Peaton;17;FEMENINO;HERIDOS;0;0;0;;CALLE 37 SUR CON DIAGONAL 31;;LA PRADERA;6.1659299055643295, -75.58026839273028;CHOQUE;VEHICULO;NO REPORTADO;RESIDENCIAL;Normal;Otra-Conductor
2222387;7/10/2022;11:30:00 p. m.;Viernes;2022;Octubre;MOTOCICLETA;PARTICULAR;Motociclista;18;MASCULINO;HERIDOS;0;0;0;;CALLE 37 SUR CON CARRERA32;;MESA;6.166821395627808, -75.58111383391622;CHOQUE;VEHICULO;NO REPORTADO;RESIDENCIAL;Normal;Desobedecer señales
2222389;10/10/2022;2:40:00 p. m.;Lunes;2022;Octubre;MOTOCICLETA;PARTICULAR;Acompañante;21;FEMENINO;HERIDOS;0;0;0;;CALLE 25 SUR FRENTE AL #48-147;;LAS VEGAS;6.186594130968056, -75.58387679857032;CHOQUE;VEHICULO;NO REPORTADO;RESIDENCIAL;Normal;Adelantar cerrando
2222389;10/10/2022;2:40:00 p. m.;Lunes;2022;Octubre;MOTOCICLETA;PARTICULAR;Motociclista;37;MASCULINO;HERIDOS;0;0;0;;CALLE 25 SUR FRENTE AL #48-147;;LAS VEGAS;6.186594130968056, -75.58387679857032;CHOQUE;VEHICULO;NO REPORTADO;RESIDENCIAL;Normal;Adelantar cerrando
2222389;10/10/2022;2:40:00 p. m.;Lunes;2022;Octubre;MOTOCICLETA;PARTICULAR;Acompañante;24;FEMENINO;HERIDOS;0;0;0;;CALLE 25 SUR FRENTE AL #48-147;;LAS VEGAS;6.186594130968056, -75.58387679857032;CHOQUE;VEHICULO;NO REPORTADO;RESIDENCIAL;Normal;Adelantar cerrando
2222389;10/10/2022;2:40:00 p. m.;Lunes;2022;Octubre;MOTOCICLETA;PARTICULAR;Motociclista;33;MASCULINO;HERIDOS;0;0;0;;CALLE 25 SUR FRENTE AL #48-147;;LAS VEGAS;6.186594130968056, -75.58387679857032;CHOQUE;VEHICULO;NO REPORTADO;RESIDENCIAL;Normal;Adelantar cerrando
2222394;7/10/2022;5:10:00 p. m.;Viernes;2022;Octubre;CAMIONETA;PARTICULAR;Peaton;62;FEMENINO;HERIDOS;0;0;0;;CALLE 36D SUR FRENTE AL #27D-125;;LA PRADERA;6.1657266725430135, -75.57615606053271;ATROPELLO;NO REPORTADO;NO REPORTADO;RESIDENCIAL;Normal;Impericia en el manejo
2222394;7/10/2022;5:10:00 p. m.;Viernes;2022;Octubre;CAMIONETA;PARTICULAR;Peaton;33;FEMENINO;HERIDOS;0;0;0;;CALLE 36D SUR FRENTE AL #27D-125;;LA PRADERA;6.1657266725430135, -75.57615606053271;ATROPELLO;NO REPORTADO;NO REPORTADO;RESIDENCIAL;Normal;Impericia en el manejo
2222394;7/10/2022;5:10:00 p. m.;Viernes;2022;Octubre;CAMIONETA;PARTICULAR;Peaton;55;FEMENINO;HERIDOS;0;0;0;;CALLE 36D SUR FRENTE AL #27D-125;;LA PRADERA;6.1657266725430135, -75.57615606053271;ATROPELLO;NO REPORTADO;NO REPORTADO;RESIDENCIAL;Normal;Impericia en el manejo
2222394;7/10/2022;5:10:00 p. m.;Viernes;2022;Octubre;CAMIONETA;PARTICULAR;Peaton;27;MASCULINO;HERIDOS;0;0;0;;CALLE 36D SUR FRENTE AL #27D-125;;LA PRADERA;6.1657266725430135, -75.57615606053271;ATROPELLO;NO REPORTADO;NO REPORTADO;RESIDENCIAL;Normal;Impericia en el manejo
2222396;10/10/2022;5:30:00 p. m.;Lunes;2022;Octubre;AUTOMOVIL;PARTICULAR;Conductor;47;MASCULINO;HERIDOS;0;0;0;;CALLE 39DSUR FRENTE AL #24EE-200;;EL SALADO;6.153550294357833, -75.57731053480822;CHOQUE;VEHICULO;NO REPORTADO;RESIDENCIAL;Normal;No mantener distancia de seguridad
2222397;9/10/2022;7:35:00 p. m.;Domingo;2022;Octubre;MOTOCICLETA;PARTICULAR;Motociclista;42;MASCULINO;HERIDOS;0;0;0;;CARRERA 48 FRENTE AL #37SUR-56;;LAS VEGAS;6.173465143966672, -75.59207367479259;VOLCAMIENTO;NO REPORTADO;NO REPORTADO;COMERCIAL;Normal;Huecos  -  Impericia en el manejo
2222397;9/10/2022;7:35:00 p. m.;Domingo;2022;Octubre;MOTOCICLETA;PARTICULAR;Acompañante;43;FEMENINO;HERIDOS;0;0;0;;CARRERA 48 FRENTE AL #37SUR-56;;LAS VEGAS;6.173465143966672, -75.59207367479259;VOLCAMIENTO;NO REPORTADO;NO REPORTADO;COMERCIAL;Normal;Huecos  -  Impericia en el manejo
2222398;10/10/2022;2:30:00 p. m.;Lunes;2022;Octubre;MOTOCICLETA;PARTICULAR;Motociclista;22;MASCULINO;HERIDOS;0;0;0;;CARRERA 50 CALLE 32BSUR ;;LAS VEGAS;6.178263, -75.591897;CHOQUE;VEHICULO;NO REPORTADO;RESIDENCIAL;Normal;Otra-Conductor
2222400;12/10/2022;5:45:00 p. m.;Miércoles;2022;Octubre;MICROBUS;PUBLICO;Pasajero;28;FEMENINO;HERIDOS;0;0;0;;CALLE 36D SUR FRENTE AL #27D-166;;LA PRADERA;6.165924696121502, -75.57637769490916;CHOQUE;OBJETO FIJO;INMUEBLE;RESIDENCIAL;Normal;Impericia en el manejo
2222400;12/10/2022;5:45:00 p. m.;Miércoles;2022;Octubre;MICROBUS;PUBLICO;Pasajero;34;FEMENINO;HERIDOS;0;0;0;;CALLE 36D SUR FRENTE AL #27D-166;;LA PRADERA;6.165924696121502, -75.57637769490916;CHOQUE;OBJETO FIJO;INMUEBLE;RESIDENCIAL;Normal;Impericia en el manejo