NRO_RADICADO;FECHA_ACCIDENTE;HORA_ACCIDENTE;Día de la semana;AÑO;MES;CLASE_VEHICULO;TIPO_SERVICIO;TIPO_VICTIMA;EDAD;GENERO;GRAVEDAD;ESTADO_BEODEZ;ESTADO_DROGA;RESULTADO_BEODEZ;RESUL_BEODEZ_GRAMOS;DIRECCION_CARACT_VIA;TRAMO_VIA;LOCALIDAD_O_COMUNA;    GEORREFERENCIACIÓN;DESC_CLASE_ACCIDENTE;DESC_CHOQUE_ACCIDENTE;DESC_OBJETO_FIJO;DESC_SECTOR_ACCIDENTE;CONDICION_CLIMATICA;CAUSA_ACCIDENTE
2222400;12/10/2022;5:45:00 p. m.;Miércoles;2022;Octubre;MICROBUS;PUBLICO;Pasajero;57;FEMENINO;HERIDOS;0;0;0;;CALLE 36D SUR FRENTE AL #27D-166;;LA PRADERA;6.165924696121502, -75.57637769490916;CHOQUE;OBJETO FIJO;INMUEBLE;RESIDENCIAL;Normal;Impericia en el manejo
2222401;11/10/2022;2:00:00 p. m.;Martes;2022;Octubre;MOTOCICLETA;PARTICULAR;Motociclista;21;MASCULINO;HERIDOS;0;0;0;;CARRERA 50 CON CALLE 37 SUR;;LAS VEGAS;6.175135, -75.595369;CHOQUE;VEHICULO;NO REPORTADO;RESIDENCIAL;Normal;No mantener distancia de seguridad
2222402;12/10/2022;7:40:00 a. m.;Miércoles;2022;Octubre;MOTOCICLETA;PARTICULAR;Motociclista;36;MASCULINO;HERIDOS;0;0;0;;CARRERA 49 CON CALLE 26 SUR;;LAS VEGAS;6.184811, -75.586996;CHOQUE;VEHICULO;NO REPORTADO;RESIDENCIAL;Normal;Transitar en contravia
2222403;12/10/2022;5:30:00 p. m.;Miércoles;2022;Octubre;MOTOCICLETA;PARTICULAR;Motociclista;30;MASCULINO;HERIDOS;0;0;0;0;CARRERA 27 FRENTE AL #36SUR-199;;LA INMACULADA;6.164931863222049, -75.5698197339162;CHOQUE;VEHICULO;NO REPORTADO;RESIDENCIAL;Normal;Desobedecer señales
2222404;12/10/2022;5:15:00 a. m.;Miércoles;2022;Octubre;BUS;PUBLICO;Pasajero;31;FEMENINO;HERIDOS;0;0;0;0;CARRERA 48 FRENTE AL #25A SUR-37;;LAS VEGAS;6.185209838233083, -75.58341552430916;CAIDA OCUPANTE;NO REPORTADO;NO REPORTADO;RESIDENCIAL;Normal;Arrancar sin precaucion  -  Poner en marcha un vehiculo sin precauci
2222405;13/10/2022;4:40:00 p. m.;Jueves;2022;Octubre;AUTOMOVIL;PUBLICO;Pasajero;6;FEMENINO;HERIDOS;0;0;0;;CALLE 39D SUR FRENTE AL #25-79;;EL CHINGUÍ;6.154283438420012, -75.57811519541836;CHOQUE;OBJETO FIJO;POSTE;RESIDENCIAL;Normal;Impericia en el manejo
2222405;13/10/2022;4:40:00 p. m.;Jueves;2022;Octubre;AUTOMOVIL;PUBLICO;Pasajero;10;MASCULINO;HERIDOS;0;0;0;;CALLE 39D SUR FRENTE AL #25-79;;EL CHINGUÍ;6.154283438420012, -75.57811519541836;CHOQUE;OBJETO FIJO;POSTE;RESIDENCIAL;Normal;Impericia en el manejo
2222405;13/10/2022;4:40:00 p. m.;Jueves;2022;Octubre;AUTOMOVIL;PUBLICO;Conductor;49;MASCULINO;HERIDOS;0;0;0;;CALLE 39D SUR FRENTE AL #25-79;;EL CHINGUÍ;6.154283438420012, -75.57811519541836;CHOQUE;OBJETO FIJO;POSTE;RESIDENCIAL;Normal;Impericia en el manejo
2222405;13/10/2022;4:40:00 p. m.;Jueves;2022;Octubre;AUTOMOVIL;PUBLICO;Pasajero;10;MASCULINO;HERIDOS;0;0;0;;CALLE 39D SUR FRENTE AL #25-79;;EL CHINGUÍ;6.154283438420012, -75.57811519541836;CHOQUE;OBJETO FIJO;POSTE;RESIDENCIAL;Normal;Impericia en el manejo
2222406;13/10/2022;5:20:00 a. m.;Jueves;2022;Octubre;MOTOCICLETA;PARTICULAR;Motociclista;50;MASCULINO;HERIDOS;0;0;0;;CALLE 36D SUR FRENTE AL # 25A-71;;VEREDA EL ESCOBERO;6.158676094182119, -75.56659035190884;CHOQUE;VEHICULO;NO REPORTADO;RESIDENCIAL;Normal;Adelantar invadiendo carril de sentido contrario
2222406;13/10/2022;5:20:00 a. m.;Jueves;2022;Octubre;MOTOCICLETA;PARTICULAR;Motociclista;20;FEMENINO;HERIDOS;0;0;0;;CALLE 36D SUR FRENTE AL # 25A-71;;VEREDA EL ESCOBERO;6.158676094182119, -75.56659035190884;CHOQUE;VEHICULO;NO REPORTADO;RESIDENCIAL;Normal;Adelantar invadiendo carril de sentido contrario
2222407;13/10/2022;11:10:00 a. m.;Jueves;2022;Octubre;MOTOCICLETA;PARTICULAR;Motociclista;41;FEMENINO;HERIDOS;0;0;0;0;CALLE 39 SUR FRENTE AL #43-71;;ZONA CENTRO;6.168953, -75.589364;CHOQUE;VEHICULO;NO REPORTADO;RESIDENCIAL;Normal;Desobedecer señales
2222408;12/10/2022;5:30:00 a. m.;Miércoles;2022;Octubre;MOTOCICLETA;PARTICULAR;Motociclista;34;MASCULINO;HERIDOS;0;0;0;;CARRERA 48 CON CALLE 25SUR;;LAS VEGAS;6.185206693864234, -75.58328296461534;CHOQUE;VEHICULO;NO REPORTADO;RESIDENCIAL;Normal;Desobedecer señales
2222408;12/10/2022;5:30:00 a. m.;Miércoles;2022;Octubre;MOTOCICLETA;PARTICULAR;Motociclista;27;FEMENINO;HERIDOS;0;0;0;;CARRERA 48 CON CALLE 25SUR;;LAS VEGAS;6.185206693864234, -75.58328296461534;CHOQUE;VEHICULO;NO REPORTADO;RESIDENCIAL;Normal;Desobedecer señales
2222409;13/10/2022;4:45:00 p. m.;Jueves;2022;Octubre;AUTOMOVIL;PUBLICO;Peaton;44;FEMENINO;HERIDOS;0;0;0;0;CALLE 36 SUR FRENTE AL #42-45;;ZONA CENTRO;6.170974903982093, -75.58652859602105;ATROPELLO;NO REPORTADO;NO REPORTADO;RESIDENCIAL;Normal;Salir por delante de un vehiculo
2222410;14/10/2022;6:55:00 a. m.;Viernes;2022;Octubre;MOTOCICLETA;PARTICULAR;Motociclista;21;MASCULINO;HERIDOS;0;0;0;;CALLE 39 SUR FRENTE AL #43-78;;ZONA CENTRO;6.169017051879482, -75.58944213198494;CHOQUE;VEHICULO;NO REPORTADO;RESIDENCIAL;Normal;Impericia en el manejo
2222411;14/10/2022;12:00:00 p. m.;Viernes;2022;Octubre;MOTOCICLETA;PARTICULAR;Motociclista;35;MASCULINO;HERIDOS;0;0;0;0;CALLE 38 SUR FRENTE AL #37-11;;MESA;6.167707525194182, -75.58433816507214;CHOQUE;OBJETO FIJO;POSTE;RESIDENCIAL;Normal;Otra-Via
2222412;15/10/2022;5:00:00 p. m.;Sábado;2022;Octubre;MOTOCICLETA;PARTICULAR;Motociclista;33;MASCULINO;HERIDOS;0;0;0;0;CARRERA 27G FRENTE AL #36E SUR-5;;LA PRADERA;6.165714178243498, -75.57781862156774;CHOQUE;VEHICULO;NO REPORTADO;RESIDENCIAL;Lluvia;No mantener distancia de seguridad
2222413;16/10/2022;1:02:00 a. m.;Domingo;2022;Octubre;MOTOCICLETA;PARTICULAR;Motociclista;19;FEMENINO;HERIDOS;0;0;0;0;CARRERA 48 CON CALLE 40 SUR;;LAS VEGAS;6.1700385121076975, -75.5956444691994;CHOQUE;VEHICULO;NO REPORTADO;RESIDENCIAL;Normal;Semaforo en rojo
2222413;16/10/2022;1:02:00 a. m.;Domingo;2022;Octubre;MOTOCICLETA;PARTICULAR;Motociclista;22;MASCULINO;HERIDOS;0;0;0;0;CARRERA 48 CON CALLE 40 SUR;;LAS VEGAS;6.1700385121076975, -75.5956444691994;CHOQUE;VEHICULO;NO REPORTADO;RESIDENCIAL;Normal;Semaforo en rojo
2222414;16/10/2022;9:30:00 p. m.;Domingo;2022;Octubre;MOTOCICLETA;PARTICULAR;Motociclista;27;MASCULINO;HERIDOS;0;0;0;0;CALLE 25ASUR CON CARRERA 42B;;PONTE VEDRA;6.179918090600204, -75.58143113761761;CHOQUE;VEHICULO;NO REPORTADO;RESIDENCIAL;Normal;Desobedecer señales  -  Poner en marcha un vehiculo sin precauci
2222414;16/10/2022;9:30:00 p. m.;Domingo;2022;Octubre;MOTOCICLETA;PARTICULAR;Acompañante;32;MASCULINO;HERIDOS;0;0;0;0;CALLE 25ASUR CON CARRERA 42B;;PONTE VEDRA;6.179918090600204, -75.58143113761761;CHOQUE;VEHICULO;NO REPORTADO;RESIDENCIAL;Normal;Desobedecer señales  -  Poner en marcha un vehiculo sin precauci
2222415;16/10/2022;6:20:00 p. m.;Domingo;2022;Octubre;MOTOCICLETA;PARTICULAR;Motociclista;46;MASCULINO;HERIDOS;0;0;0;0;KILOMETRO 12;medellín palmas envigado (km 12 - km 16+700);VEREDA PALMAS;6.174136593152702, -75.54642454774739;CHOQUE;VEHICULO;NO REPORTADO;;Normal;Adelantar invadiendo carril del mismo sentido en zigzag  -  Desobedecer señales
2222416;17/10/2022;9:40:00 p. m.;Lunes;2022;Octubre;MOTOCICLETA;PARTICULAR;Acompañante;21;FEMENINO;HERIDOS;0;0;0;0;TRANSVERSAL 35CSUR CON DIAGONAL 31;;LA SEBASTIANA;6.168750555630643, -75.5801887349037;CHOQUE;VEHICULO;NO REPORTADO;RESIDENCIAL;Normal;Desobedecer señales
2222416;17/10/2022;9:40:00 p. m.;Lunes;2022;Octubre;MOTOCICLETA;PARTICULAR;Motociclista;0;MASCULINO;HERIDOS;0;0;0;0;TRANSVERSAL 35CSUR CON DIAGONAL 31;;LA SEBASTIANA;6.168750555630643, -75.5801887349037;CHOQUE;VEHICULO;NO REPORTADO;RESIDENCIAL;Normal;Desobedecer señales
2222417;17/10/2022;2:45:00 a. m.;Lunes;2022;Octubre;N.A.;;Peaton;51;MASCULINO;HERIDOS;0;0;0;;CALLE 40BSUR CON CARRERA 38;;EL DORADO;6.165165250979467, -75.58721463579136;ATROPELLO;NO REPORTADO;NO REPORTADO;RESIDENCIAL;Normal;Desobedecer señales
2222418;18/10/2022;8:20:00 p. m.;Martes;2022;Octubre;MOTOCICLETA;PARTICULAR;Motociclista;22;MASCULINO;HERIDOS;0;0;0;;CARRERA 40B FRENTE AL #52BSUR-53;;LOMA DEL BARRO;6.155878123743167, -75.60271232468286;VOLCAMIENTO;NO REPORTADO;NO REPORTADO;RESIDENCIAL;Lluvia;Superficie humeda
2222419;18/10/2022;3:35:00 p. m.;Martes;2022;Octubre;MOTOCICLETA;PARTICULAR;Motociclista;23;MASCULINO;HERIDOS;0;0;0;;CALLE 36DSUR FRENTE AL #27C-40;;LA PRADERA;6.164179040722788, -75.57375242851994;ATROPELLO;NO REPORTADO;NO REPORTADO;RESIDENCIAL;Normal;Desobedecer señales
2222420;18/10/2022;3:15:00 p. m.;Martes;2022;Octubre;MOTOCICLETA;PARTICULAR;Motociclista;29;MASCULINO;HERIDOS;0;0;0;;CALLE 38 SUR FRENTE AL #44-70;;ALCALA;6.170823, -75.589687;CHOQUE;VEHICULO;NO REPORTADO;COMERCIAL;Normal;Impericia en el manejo
2222421;18/10/2022;9:00:00 p. m.;Martes;2022;Octubre;BICICLETA;;Ciclista;36;FEMENINO;HERIDOS;0;0;0;;CALLE 39 SUR CON CARRERA 27;;EL CHINGUÍ;6.158290687909951, -75.57906277832944;CHOQUE;VEHICULO;NO REPORTADO;RESIDENCIAL;Lluvia;No respetar pelacion de interseccion o giros
2222422;18/10/2022;10:55:00 a. m.;Martes;2022;Octubre;MOTOCICLETA;PARTICULAR;Motociclista;17;MASCULINO;HERIDOS;0;0;0;;KILOMETRO 14+150;medellín palmas envigado (km 12 - km 16+700);VEREDA PALMAS;6.156749972190652, -75.54673516985433;CHOQUE;VEHICULO;NO REPORTADO;;Normal;Impericia en el manejo
2222423;18/10/2022;7:15:00 p. m.;Martes;2022;Octubre;CAMIONETA;PARTICULAR;Peaton;62;FEMENINO;HERIDOS;0;0;0;;CALLE 46 SUR CON CARRERA 46A;;PRIMAVERA;6.164539170592429, -75.59672241325015;ATROPELLO;NO REPORTADO;NO REPORTADO;RESIDENCIAL;Normal;Desobedecer señales
2222424;19/10/2022;9:10:00 p. m.;Miércoles;2022;Octubre;MOTOCICLETA;PARTICULAR;Motociclista;26;MASCULINO;HERIDOS;0;0;0;;KILOMETRO 15+460;medellín palmas envigado (km 12 - km 16+700);VEREDA PALMAS;6.153570964738829, -75.54334306640781;CAIDA OCUPANTE;NO REPORTADO;NO REPORTADO;;Normal;Impericia en el manejo
2222424;19/10/2022;9:10:00 p. m.;Miércoles;2022;Octubre;MOTOCICLETA;PARTICULAR;Acompañante;22;FEMENINO;HERIDOS;0;0;0;;KILOMETRO 15+460;medellín palmas envigado (km 12 - km 16+700);VEREDA PALMAS;6.153570964738829, -75.54334306640781;CAIDA OCUPANTE;NO REPORTADO;NO REPORTADO;;Normal;Impericia en el manejo
2222425;20/10/2022;3:25:00 p. m.;Jueves;2022;Octubre;MOTOCICLETA;PARTICULAR;Motociclista;23;MASCULINO;HERIDOS;0;0;0;;CARRERA 50 FRENTE AL #26SUR-60;;LAS VEGAS;6.184941, -75.587077;CHOQUE;OBJETO FIJO;MURO;RESIDENCIAL;Normal;Otra-Conductor
2222425;20/10/2022;3:25:00 p. m.;Jueves;2022;Octubre;MOTOCICLETA;PARTICULAR;Acompañante;21;FEMENINO;HERIDOS;0;0;0;;CARRERA 50 FRENTE AL #26SUR-60;;LAS VEGAS;6.184941, -75.587077;CHOQUE;OBJETO FIJO;MURO;RESIDENCIAL;Normal;Otra-Conductor
2222427;19/10/2022;9:15:00 a. m.;Miércoles;2022;Octubre;MOTOCICLETA;PARTICULAR;Motociclista;44;MASCULINO;HERIDOS;0;0;0;;DIAGONAL 31 CON CALLE 37 SUR;;LA PRADERA;6.1659299055643295, -75.58026839273028;CHOQUE;VEHICULO;NO REPORTADO;RESIDENCIAL;Normal;Adelantar por la derecha  -  Girar bruscamente
2222428;20/10/2022;1:00:00 p. m.;Jueves;2022;Octubre;MOTOCICLETA;PARTICULAR;Motociclista;64;MASCULINO;HERIDOS;0;0;0;;CALLE 38 SUR FRENTE AL #44-70;;ALCALA;6.171180527134989, -75.58965351896742;CHOQUE;VEHICULO;NO REPORTADO;RESIDENCIAL;Normal;Impericia en el manejo
2222429;20/10/2022;1:40:00 p. m.;Jueves;2022;Octubre;MOTOCICLETA;PARTICULAR;Motociclista;22;MASCULINO;HERIDOS;0;0;0;;CALLE 38 SUR CON CARRERA 32;;MESA;6.165933072966362, -75.58162455234202;CHOQUE;VEHICULO;NO REPORTADO;RESIDENCIAL;Normal;Desobedecer señales
2222431;23/10/2022;1:35:00 p. m.;Domingo;2022;Octubre;AUTOMOVIL;PARTICULAR;Conductor;56;MASCULINO;HERIDOS;0;0;0;;CARRERA 43A FRENTE A #34SUR-25;;ZONA CENTRO;6.1725791526247225, -75.58740494100148;CHOQUE;VEHICULO;NO REPORTADO;RESIDENCIAL;Normal;Otra-Conductor
2222431;23/10/2022;1:35:00 p. m.;Domingo;2022;Octubre;AUTOMOVIL;PARTICULAR;Acompañante;60;FEMENINO;HERIDOS;0;0;0;;CARRERA 43A FRENTE A #34SUR-25;;ZONA CENTRO;6.1725791526247225, -75.58740494100148;CHOQUE;VEHICULO;NO REPORTADO;RESIDENCIAL;Normal;Otra-Conductor
2222432;21/10/2022;10:20:00 a. m.;Viernes;2022;Octubre;MOTOCICLETA;PARTICULAR;Motociclista;24;MASCULINO;HERIDOS;0;0;0;;CARRERA 50 CON CALLE 19SUR;;LAS VEGAS;6.188167, -75.583364;CHOQUE;VEHICULO;NO REPORTADO;INDUSTRIAL;Normal;No mantener distancia de seguridad
2222433;20/10/2022;2:30:00 p. m.;Jueves;2022;Octubre;MOTOCICLETA;PARTICULAR;Motociclista;24;FEMENINO;HERIDOS;0;0;0;;CALLE 39 SUR CON CARRERA 45;;ALCALA;6.169510713953492, -75.59100848338363;CHOQUE;VEHICULO;NO REPORTADO;RESIDENCIAL;Normal;Desobedecer señales
2222434;23/10/2022;10:00:00 a. m.;Domingo;2022;Octubre;MOTOCICLETA;PARTICULAR;Peaton;63;FEMENINO;HERIDOS;1;0;3;180;CALLE 37 SUR CON CARRERA 37;;MESA;6.168256133072535, -75.5837861492094;ATROPELLO;NO REPORTADO;NO REPORTADO;RESIDENCIAL;Normal;Embriaguez o droga
2222435;23/10/2022;1:30:00 a. m.;Domingo;2022;Octubre;MOTOCICLETA;PARTICULAR;Acompañante;20;MASCULINO;HERIDOS;0;0;0;;CALLE 46DSUR FRENTE AL #42D-80;;LA PAZ;6.161991, -75.595538;CHOQUE;VEHICULO;NO REPORTADO;RESIDENCIAL;Lluvia;Impericia en el manejo
2222435;23/10/2022;1:30:00 a. m.;Domingo;2022;Octubre;MOTOCICLETA;PARTICULAR;Motociclista;19;MASCULINO;HERIDOS;0;0;0;;CALLE 46DSUR FRENTE AL #42D-80;;LA PAZ;6.161991, -75.595538;CHOQUE;VEHICULO;NO REPORTADO;RESIDENCIAL;Lluvia;Impericia en el manejo
2222437;20/10/2022;5:45:00 p. m.;Jueves;2022;Octubre;MOTOCICLETA;PARTICULAR;Peaton;23;FEMENINO;HERIDOS;0;0;0;;CARRERA 42 FRENTE AL #33B SUR-68;;ZONA CENTRO;6.172055107224059, -75.58592508520152;ATROPELLO;NO REPORTADO;NO REPORTADO;RESIDENCIAL;Normal;Cruzar sin observar
2222437;20/10/2022;5:45:00 p. m.;Jueves;2022;Octubre;MOTOCICLETA;PARTICULAR;Motociclista;25;FEMENINO;HERIDOS;0;0;0;;CARRERA 42 FRENTE AL #33B SUR-68;;ZONA CENTRO;6.172055107224059, -75.58592508520152;ATROPELLO;NO REPORTADO;NO REPORTADO;RESIDENCIAL;Normal;Cruzar sin observar
2222438;23/10/2022;5:41:00 p. m.;Domingo;2022;Octubre;MOTOCICLETA;PARTICULAR;Motociclista;38;MASCULINO;HERIDOS;0;0;0;;KILOMETRO 3;el escobero - km 0-13);VEREDA EL ESCOBERO;6.136405768942477, -75.55455028687997;CHOQUE;VEHICULO;NO REPORTADO;;Lluvia;Superficie humeda
2222439;24/10/2022;6:40:00 a. m.;Lunes;2022;Octubre;MOTOCICLETA;PARTICULAR;Acompañante;28;FEMENINO;HERIDOS;0;0;0;;CALLE 44SUR FRENTE AL #46B-11;;MILAN VALLEJUELOS;6.16596753163631, -75.59688846443603;CHOQUE;VEHICULO;NO REPORTADO;RESIDENCIAL;Normal;Impericia en el manejo
2222439;24/10/2022;6:40:00 a. m.;Lunes;2022;Octubre;MOTOCICLETA;PARTICULAR;Motociclista;29;MASCULINO;HERIDOS;0;0;0;;CALLE 44SUR FRENTE AL #46B-11;;MILAN VALLEJUELOS;6.16596753163631, -75.59688846443603;CHOQUE;VEHICULO;NO REPORTADO;RESIDENCIAL;Normal;Impericia en el manejo
2222441;24/10/2022;7:20:00 a. m.;Lunes;2022;Octubre;MOTOCICLETA;PARTICULAR;Motociclista;37;FEMENINO;HERIDOS;0;0;0;;CARRERA 40 CON CALLE 48 SUR;;EL TRIANON;6.158713799355703, -75.59467344873009;CHOQUE;VEHICULO;NO REPORTADO;RESIDENCIAL;Normal;Desobedecer señales  -  No respetar pelacion de interseccion o giros
2222442;24/10/2022;9:00:00 p. m.;Lunes;2022;Octubre;MOTOCICLETA;PARTICULAR;Motociclista;23;FEMENINO;HERIDOS;0;0;0;;CARRERA 48 CON CALLE 39SUR ;;LAS VEGAS;6.171655, -75.593752;CHOQUE;VEHICULO;NO REPORTADO;COMERCIAL;Normal;Desobedecer señales
2222443;24/10/2022;9:30:00 p. m.;Lunes;2022;Octubre;AUTOMOVIL;PARTICULAR;Peaton;26;MASCULINO;HERIDOS;0;0;0;;CARRERA 43A CON CALLE 37SUR;;SAN MARCOS;6.171156877675806, -75.58832689943017;ATROPELLO;NO REPORTADO;NO REPORTADO;RESIDENCIAL;Normal;Exceso de velocidad
2222445;25/10/2022;4:10:00 p. m.;Martes;2022;Octubre;BICICLETA;;Ciclista;62;MASCULINO;HERIDOS;0;0;0;;CARRERA 43A FRENTEL AL 45BSUR-118;;LA PAZ;6.164294362665094, -75.59561324740869;CHOQUE;VEHICULO;NO REPORTADO;COMERCIAL;Normal;No mantener distancia de seguridad
2222446;25/10/2022;9:30:00 a. m.;Martes;2022;Octubre;BICICLETA;;Ciclista;35;MASCULINO;HERIDOS;0;0;0;;KILOMETRO 2+900;catedral;VEREDA EL VALLANO;6.132156500129618, -75.58670382852513;CHOQUE;VEHICULO;NO REPORTADO;;Normal;Transitar distante de la acera u orilla 
2222447;26/10/2022;8:00:00 a. m.;Miércoles;2022;Octubre;MOTOCICLETA;PARTICULAR;Motociclista;29;FEMENINO;HERIDOS;0;0;0;;CARRERA 50 ENTRE CALLE 26 SUR y CALLE 28 SUR;;LAS VEGAS;6.183685, -75.588354;CHOQUE;VEHICULO;NO REPORTADO;RESIDENCIAL;Normal;No mantener distancia de seguridad
2222448;25/10/2022;7:30:00 p. m.;Martes;2022;Octubre;MOTOCICLETA;PARTICULAR;Peaton;76;FEMENINO;HERIDOS;0;0;0;;CALLE 40 SUR FRENTE AL #26-44;;LA MINA;6.1574168762732695, -75.58059537640901;ATROPELLO;NO REPORTADO;NO REPORTADO;RESIDENCIAL;Normal;Otra-Conductor
2222449;29/10/2022;10:15:00 p. m.;Sábado;2022;Octubre;MOTOCICLETA;;Motociclista;20;MASCULINO;HERIDOS;0;0;0;;CALLE 38SUR CON CARRERA 41;;ZONA CENTRO;6.169285494348317, -75.5864942185728;CHOQUE;VEHICULO;NO REPORTADO;COMERCIAL;Normal;Semaforo en rojo
2222450;26/10/2022;10:00:00 a. m.;Miércoles;2022;Octubre;AUTOMOVIL;PARTICULAR;Acompañante;56;FEMENINO;HERIDOS;0;0;0;;KILOMETRO 14;medellín palmas envigado (km 12 - km 16+700);VEREDA PALMAS;6.158065354734575, -75.54655033162547;CHOQUE;VEHICULO;NO REPORTADO;;Normal;No mantener distancia de seguridad
2222451;27/10/2022;4:50:00 p. m.;Jueves;2022;Octubre;MOTOCICLETA;PARTICULAR;Motociclista;28;MASCULINO;HERIDOS;0;0;0;;CALLE 25SUR CON CARRERA 42A;;LAS ORQUIDEAS;6.179575, -75.579853;CHOQUE;VEHICULO;NO REPORTADO;RESIDENCIAL;Normal;Adelantar en zona prohibida  -  Adelantar invadiendo carril de sentido contrario
2222451;27/10/2022;4:50:00 p. m.;Jueves;2022;Octubre;MOTOCICLETA;PARTICULAR;Acompañante;54;FEMENINO;HERIDOS;0;0;0;;CALLE 25SUR CON CARRERA 42A;;LAS ORQUIDEAS;6.179575, -75.579853;CHOQUE;VEHICULO;NO REPORTADO;RESIDENCIAL;Normal;Adelantar en zona prohibida  -  Adelantar invadiendo carril de sentido contrario
2222452;27/10/2022;8:30:00 a. m.;Jueves;2022;Octubre;MOTOCARRO;PUBLICO;Motociclista;25;MASCULINO;HERIDOS;0;0;0;;TRANSVERSAL 32CSUR COM DIAGONAL 33;;LA MAGNOLIA;6.174563825548729, -75.58452782042356;CHOQUE;VEHICULO;NO REPORTADO;RESIDENCIAL;Normal;Desobedecer señales
2222453;28/10/2022;7:55:00 a. m.;Viernes;2022;Octubre;MOTOCICLETA;PARTICULAR;Acompañante;21;MASCULINO;HERIDOS;0;0;0;;CALLE 39SUR FRENTE AL #34-20;;MESA;6.165336186903404, -75.58369844319643;VOLCAMIENTO;NO REPORTADO;NO REPORTADO;RESIDENCIAL;Lluvia;Falta de precaucion niebla, lluvia, humo
2222454;28/10/2022;7:50:00 a. m.;Viernes;2022;Octubre;MOTOCICLETA;PARTICULAR;Motociclista;43;MASCULINO;HERIDOS;0;0;0;;CALLE 36SUR CON CARRERA 40;;ZONA CENTRO;6.170060, -75.585035;CHOQUE;VEHICULO;NO REPORTADO;COMERCIAL;Lluvia;Adelantar cerrando
2222455;29/10/2022;10:05:00 p. m.;Sábado;2022;Octubre;MOTOCICLETA;PARTICULAR;Motociclista;17;MASCULINO;HERIDOS;0;0;0;;CALLE 38SUR FRENTE AL #40A-19;;ZONA CENTRO;6.168997, -75.586475;CHOQUE;VEHICULO;NO REPORTADO;COMERCIAL;Normal;No mantener distancia de seguridad
2222456;29/10/2022;5:50:00 a. m.;Sábado;2022;Octubre;MOTOCICLETA;PARTICULAR;Peaton;37;FEMENINO;HERIDOS;0;0;0;;CALLE 44SUR FRENTE AL #43A-131;;MILAN VALLEJUELOS;6.165532533732929, -75.59411104706165;ATROPELLO;NO REPORTADO;NO REPORTADO;RESIDENCIAL;Normal;Falta de precaucion niebla, lluvia, humo
2222457;29/10/2022;7:15:00 a. m.;Sábado;2022;Octubre;MOTOCICLETA;PARTICULAR;Motociclista;26;MASCULINO;HERIDOS;0;0;0;;CARRERA 43A CON TRANSVERSAL 27ASUR;;PONTE VEDRA;6.178987416648122, -75.58361620535887;CHOQUE;VEHICULO;NO REPORTADO;RESIDENCIAL;Normal;Semaforo en rojo
2222457;29/10/2022;7:15:00 a. m.;Sábado;2022;Octubre;MOTOCICLETA;PARTICULAR;Acompañante;41;MASCULINO;HERIDOS;0;0;0;;CARRERA 43A CON TRANSVERSAL 27ASUR;;PONTE VEDRA;6.178987416648122, -75.58361620535887;CHOQUE;VEHICULO;NO REPORTADO;RESIDENCIAL;Normal;Semaforo en rojo
2222458;29/10/2022;10:50:00 a. m.;Sábado;2022;Octubre;MOTOCICLETA;PARTICULAR;Motociclista;20;MASCULINO;HERIDOS;0;0;0;;CALLE 25SUR CON CARRERA 42A;;LAS ORQUIDEAS;6.179572, -75.579837;CHOQUE;VEHICULO;NO REPORTADO;RESIDENCIAL;Normal;Desobedecer señales
2222459;30/10/2022;7:38:00 p. m.;Domingo;2022;Octubre;MOTOCICLETA;PARTICULAR;Motociclista;35;MASCULINO;HERIDOS;0;0;0;;CALLE 25ASUR CON CARRERA 42B;;PONTE VEDRA;6.179698, -75.581361;CHOQUE;VEHICULO;NO REPORTADO;RESIDENCIAL;Normal;No mantener distancia de seguridad
2222460;30/10/2022;12:10:00 p. m.;Domingo;2022;Octubre;MOTOCICLETA;PARTICULAR;Motociclista;49;MASCULINO;HERIDOS;0;0;0;;CARRERA 50 CON CALLES 46SUR Y 46ASUR ;;LAS VEGAS;6.167889, -75.602347;CHOQUE;VEHICULO;NO REPORTADO;INDUSTRIAL;Normal;Embriaguez o droga
2222460;30/10/2022;12:10:00 p. m.;Domingo;2022;Octubre;MOTOCICLETA;PARTICULAR;Acompañante;13;MASCULINO;HERIDOS;0;0;0;;CARRERA 50 CON CALLES 46SUR Y 46ASUR ;;LAS VEGAS;6.167889, -75.602347;CHOQUE;VEHICULO;NO REPORTADO;INDUSTRIAL;Normal;Embriaguez o droga
2222461;31/10/2022;12:30:00 p. m.;Lunes;2022;Octubre;MOTOCICLETA;PARTICULAR;Acompañante;22;MASCULINO;HERIDOS;0;0;0;;CARRERA 50 ENTRE CALLES 39SUR-43SUR;;LAS VEGAS;6.171018, -75.600755;CHOQUE;VEHICULO;NO REPORTADO;INDUSTRIAL;Normal;Adelantar cerrando  -  Adelantar por la derecha
2222461;31/10/2022;12:30:00 p. m.;Lunes;2022;Octubre;MOTOCICLETA;PARTICULAR;Motociclista;20;MASCULINO;HERIDOS;0;0;0;;CARRERA 50 ENTRE CALLES 39SUR-43SUR;;LAS VEGAS;6.171018, -75.600755;CHOQUE;VEHICULO;NO REPORTADO;INDUSTRIAL;Normal;Adelantar cerrando  -  Adelantar por la derecha
2222462;31/10/2022;3:05:00 p. m.;Lunes;2022;Octubre;MOTOCICLETA;PARTICULAR;Motociclista;24;MASCULINO;HERIDOS;0;0;0;;CARRERA 50 ENTRE CALLES 32BSUR Y 30SUR ;;LAS VEGAS;6.178263, -75.591897;CHOQUE;VEHICULO;NO REPORTADO;INDUSTRIAL;Normal;Desobedecer señales