NRO_RADICADO;FECHA_ACCIDENTE;HORA_ACCIDENTE;Día de la semana;AÑO;MES;CLASE_VEHICULO;TIPO_SERVICIO;TIPO_VICTIMA;EDAD;GENERO;GRAVEDAD;ESTADO_BEODEZ;ESTADO_DROGA;RESULTADO_BEODEZ;RESUL_BEODEZ_GRAMOS;DIRECCION_CARACT_VIA;TRAMO_VIA;LOCALIDAD_O_COMUNA;    GEORREFERENCIACIÓN;DESC_CLASE_ACCIDENTE;DESC_CHOQUE_ACCIDENTE;DESC_OBJETO_FIJO;DESC_SECTOR_ACCIDENTE;CONDICION_CLIMATICA;CAUSA_ACCIDENTE
2222462;31/10/2022;3:05:00 p. m.;Lunes;2022;Octubre;MOTOCICLETA;PARTICULAR;Motociclista;22;MASCULINO;HERIDOS;0;0;0;;CARRERA 50 ENTRE CALLES 32BSUR Y 30SUR ;;LAS VEGAS;6.178263, -75.591897;CHOQUE;VEHICULO;NO REPORTADO;INDUSTRIAL;Normal;Desobedecer señales
2222463;1/11/2022;8:35:00 a. m.;Martes;2022;Noviembre;MOTOCICLETA;PARTICULAR;Motociclista;26;FEMENINO;HERIDOS;0;0;0;;CARRERA 43 FFRENTE AL #38ASUR-31;;ZONA CENTRO;6.170452541042609, -75.58798310577653;CHOQUE;VEHICULO;NO REPORTADO;COMERCIAL;Normal;Impericia en el manejo
2222463;1/11/2022;8:35:00 a. m.;Martes;2022;Noviembre;MOTOCICLETA;PARTICULAR;Acompañante;27;FEMENINO;HERIDOS;0;0;0;;CARRERA 43 FFRENTE AL #38ASUR-31;;ZONA CENTRO;6.170452541042609, -75.58798310577653;CHOQUE;VEHICULO;NO REPORTADO;COMERCIAL;Normal;Impericia en el manejo
2222464;2/11/2022;4:02:00 p. m.;Miércoles;2022;Noviembre;MOTOCICLETA;PARTICULAR;Motociclista;28;MASCULINO;HERIDOS;0;0;0;;KILOMETRO 12;medellín palmas envigado (km 12 - km 16+700);VEREDA PALMAS;6.174136593152702, -75.54642454774739;OTRO;NO REPORTADO;NO REPORTADO;;Normal;Impericia en el manejo
2222465;2/11/2022;10:30:00 a. m.;Miércoles;2022;Noviembre;AUTOMOVIL;PARTICULAR;Conductor;43;FEMENINO;HERIDOS;0;0;0;;CARRERA 48 FRENTE AL #30SUR-80;;LAS VEGAS;6.179127209595264, -75.58867014901446;CHOQUE;VEHICULO;NO REPORTADO;INDUSTRIAL;Normal;No mantener distancia de seguridad
2222466;2/11/2022;5:45:00 a. m.;Miércoles;2022;Noviembre;MOTOCICLETA;PARTICULAR;Acompañante;57;FEMENINO;HERIDOS;0;0;0;;CARRERA 41 CON CALLE 39SUR ;;ZONA CENTRO;6.167781170024949, -75.5874647583435;ATROPELLO;NO REPORTADO;NO REPORTADO;COMERCIAL;Normal;Desobedecer señales  -  Semaforo en rojo
2222467;2/11/2022;8:00:00 a. m.;Miércoles;2022;Noviembre;MOTOCICLETA;PARTICULAR;Motociclista;40;MASCULINO;HERIDOS;0;0;0;;CALLE 25SUR CON CARRERA 43A;;BOSQUES DE ZUÑIGA;6.18160206269531, -75.58129837914976;CHOQUE;VEHICULO;NO REPORTADO;RESIDENCIAL;Normal;No mantener distancia de seguridad
2222468;3/11/2022;12:50:00 p. m.;Jueves;2022;Noviembre;MICROBUS;PUBLICO;Pasajero;60;FEMENINO;HERIDOS;0;0;0;;CALLE 40SUR CON CARRERA 28;;SAN JOSE;6.16022466468301, -75.58136510136136;CAIDA OCUPANTE;NO REPORTADO;NO REPORTADO;RESIDENCIAL;Normal;Otra-Pasajero-Acompañante
2222470;3/11/2022;10:50:00 a. m.;Jueves;2022;Noviembre;MOTOCICLETA;PARTICULAR;Motociclista;64;MASCULINO;HERIDOS;0;0;0;;KILOMETRO 14;medellín palmas envigado (km 12 - km 16+700);VEREDA PALMAS;6.158065354734575, -75.54655033162547;CHOQUE;VEHICULO;NO REPORTADO;;Normal;Desobedecer señales
2222471;3/11/2022;7:20:00 p. m.;Jueves;2022;Noviembre;MOTOCICLETA;PARTICULAR;Motociclista;30;MASCULINO;HERIDOS;0;0;0;;CARRERA 23 FRENTE AL #25SUR-31;;LOMA DEL ATRAVEZADO;6.172014485568614, -75.56397843053512;CHOQUE;VEHICULO;NO REPORTADO;RESIDENCIAL;Normal;Desobedecer señales
2222472;3/11/2022;2:30:00 p. m.;Jueves;2022;Noviembre;BUSETA;PUBLICO;Pasajero;52;FEMENINO;HERIDOS;0;0;0;;CALLE 37UR FRENTE AL #27-90;;LOMA DE LAS BRUJAS;6.159838022413769, -75.57113860037774;CAIDA OCUPANTE;NO REPORTADO;NO REPORTADO;RESIDENCIAL;Normal;Desobedecer señales
2222473;7/11/2022;2:20:00 p. m.;Lunes;2022;Noviembre;AUTOMOVIL;PARTICULAR;Conductor;39;MASCULINO;HERIDOS;0;0;0;;KILOMETRO 15;medellín palmas envigado (km 12 - km 16+700);VEREDA PALMAS;6.152128363410714, -75.5458364089835;CHOQUE;OBJETO FIJO;POSTE;;Lluvia;Impericia en el manejo  -  Superficie humeda
2222473;7/11/2022;2:20:00 p. m.;Lunes;2022;Noviembre;AUTOMOVIL;PARTICULAR;Acompañante;19;FEMENINO;HERIDOS;0;0;0;;KILOMETRO 15;medellín palmas envigado (km 12 - km 16+700);VEREDA PALMAS;6.152128363410714, -75.5458364089835;CHOQUE;OBJETO FIJO;POSTE;;Lluvia;Impericia en el manejo  -  Superficie humeda
2222473;7/11/2022;2:20:00 p. m.;Lunes;2022;Noviembre;AUTOMOVIL;PARTICULAR;Acompañante;10;FEMENINO;HERIDOS;0;0;0;;KILOMETRO 15;medellín palmas envigado (km 12 - km 16+700);VEREDA PALMAS;6.152128363410714, -75.5458364089835;CHOQUE;OBJETO FIJO;POSTE;;Lluvia;Impericia en el manejo  -  Superficie humeda
2222473;7/11/2022;2:20:00 p. m.;Lunes;2022;Noviembre;AUTOMOVIL;PARTICULAR;Acompañante;16;MASCULINO;HERIDOS;0;0;0;;KILOMETRO 15;medellín palmas envigado (km 12 - km 16+700);VEREDA PALMAS;6.152128363410714, -75.5458364089835;CHOQUE;OBJETO FIJO;POSTE;;Lluvia;Impericia en el manejo  -  Superficie humeda
2222473;7/11/2022;2:20:00 p. m.;Lunes;2022;Noviembre;AUTOMOVIL;PARTICULAR;Acompañante;2;FEMENINO;HERIDOS;0;0;0;;KILOMETRO 15;medellín palmas envigado (km 12 - km 16+700);VEREDA PALMAS;6.152128363410714, -75.5458364089835;CHOQUE;OBJETO FIJO;POSTE;;Lluvia;Impericia en el manejo  -  Superficie humeda
2222473;7/11/2022;2:20:00 p. m.;Lunes;2022;Noviembre;AUTOMOVIL;PARTICULAR;Acompañante;39;FEMENINO;HERIDOS;0;0;0;;KILOMETRO 15;medellín palmas envigado (km 12 - km 16+700);VEREDA PALMAS;6.152128363410714, -75.5458364089835;CHOQUE;OBJETO FIJO;POSTE;;Lluvia;Impericia en el manejo  -  Superficie humeda
2222474;3/11/2022;11:00:00 p. m.;Jueves;2022;Noviembre;MOTOCICLETA;OFICIAL;Acompañante;27;FEMENINO;HERIDOS;0;0;0;;CARRERA 48 CON CALLE 32BSUR;;LAS VEGAS;6.1771312587881235, -75.59004749247258;CHOQUE;VEHICULO;NO REPORTADO;COMERCIAL;Normal;Girar bruscamente
2222475;7/11/2022;11:00:00 p. m.;Lunes;2022;Noviembre;MOTOCICLETA;PARTICULAR;Acompañante;19;FEMENINO;HERIDOS;0;0;0;;KILOMETRO 13;medellín palmas envigado (km 12 - km 16+700);VEREDA PALMAS;6.165588005118269, -75.54511353779336;CAIDA OCUPANTE;NO REPORTADO;NO REPORTADO;;Normal;Superficie humeda
2222475;7/11/2022;11:00:00 p. m.;Lunes;2022;Noviembre;MOTOCICLETA;PARTICULAR;Motociclista;24;MASCULINO;HERIDOS;0;0;0;;KILOMETRO 13;medellín palmas envigado (km 12 - km 16+700);VEREDA PALMAS;6.165588005118269, -75.54511353779336;CAIDA OCUPANTE;NO REPORTADO;NO REPORTADO;;Normal;Superficie humeda
2222479;4/11/2022;9:00:00 p. m.;Viernes;2022;Noviembre;MOTOCICLETA;PARTICULAR;Motociclista;49;MASCULINO;HERIDOS;0;0;0;;TRANSVERSAL 34DSUR CON DIAGONAL 32D63;;OBRERO;6.171135182759133, -75.58249666908668;CHOQUE;VEHICULO;NO REPORTADO;RESIDENCIAL;Normal;Poner en marcha un vehiculo sin precauci
2222479;4/11/2022;9:00:00 p. m.;Viernes;2022;Noviembre;MOTOCICLETA;PARTICULAR;Acompañante;42;FEMENINO;HERIDOS;0;0;0;;TRANSVERSAL 34DSUR CON DIAGONAL 32D63;;OBRERO;6.171135182759133, -75.58249666908668;CHOQUE;VEHICULO;NO REPORTADO;RESIDENCIAL;Normal;Poner en marcha un vehiculo sin precauci
2222480;4/11/2022;7:35:00 a. m.;Viernes;2022;Noviembre;AUTOMOVIL;PARTICULAR;Conductor;38;FEMENINO;HERIDOS;0;0;0;;CARRERA 32 CON CALLE 39BSUR ;;SAN JOSE;6.164765896497971, -75.58255835111039;CHOQUE;VEHICULO;NO REPORTADO;RESIDENCIAL;Normal;Desobedecer señales
2222481;4/11/2022;7:10:00 a. m.;Viernes;2022;Noviembre;MOTOCICLETA;PARTICULAR;Motociclista;32;MASCULINO;HERIDOS;0;0;0;;CALLE 25SUR FRENTE AL #47-24;;BOSQUES DE ZUÑIGA;6.185469160393942, -75.58274893069529;CHOQUE;VEHICULO;NO REPORTADO;COMERCIAL;Normal;Impericia en el manejo
2222482;4/11/2022;5:45:00 a. m.;Viernes;2022;Noviembre;MOTOCICLETA;PARTICULAR;Acompañante;39;FEMENINO;HERIDOS;0;0;0;;CARRERA 50 ENTRE CALLES 32BSUR Y 36SUR;;LAS VEGAS;6.178263, -75.591897;CHOQUE;VEHICULO;NO REPORTADO;COMERCIAL;Normal;No mantener distancia de seguridad
2222483;4/11/2022;5:55:00 a. m.;Viernes;2022;Noviembre;BICICLETA;;Ciclista;60;MASCULINO;HERIDOS;0;0;0;;CALLE 39DSUR CON CARRERA 25;;EL CHINGUÍ;6.153512502929795, -75.57731970369133;CHOQUE;VEHICULO;NO REPORTADO;RESIDENCIAL;Normal;Ausencia parcial o total de se?ales  -  No respetar pelacion de interseccion o giros
2222484;5/11/2022;2:50:00 p. m.;Sábado;2022;Noviembre;MOTOCICLETA;PARTICULAR;Motociclista;30;MASCULINO;HERIDOS;0;0;0;;TRANSVERSAL 32CSUR CON DIAGONAL 32B ;;LA MAGNOLIA;6.174781916192233, -75.58314110263655;CHOQUE;VEHICULO;NO REPORTADO;RESIDENCIAL;Normal;Desobedecer señales
2222485;5/11/2022;1:40:00 p. m.;Sábado;2022;Noviembre;MOTOCICLETA;PARTICULAR;Motociclista;23;MASCULINO;HERIDOS;0;0;0;;CALLE 36DSUR ENTRE CARRERA 20 Y 19;;VEREDA EL ESCOBERO;6.149673796698647, -75.56231098151625;CHOQUE;VEHICULO;NO REPORTADO;RESIDENCIAL;Normal;Desobedecer señales
2222486;5/11/2022;3:00:00 p. m.;Sábado;2022;Noviembre;MOTOCICLETA;PARTICULAR;Motociclista;24;FEMENINO;HERIDOS;0;0;0;;TRANSVERSAL 34ASUR CON DIAGONAL 39;;OBRERO;6.171914595271884, -75.58437972934553;CHOQUE;VEHICULO;NO REPORTADO;RESIDENCIAL;Normal;Desobedecer señales
2222487;6/11/2022;11:45:00 p. m.;Domingo;2022;Noviembre;MOTOCICLETA;PARTICULAR;Motociclista;16;MASCULINO;HERIDOS;0;0;0;;CARRERA 48 FFRENTE AL #19SUR-136;;LAS VEGAS;6.187393398441195, -75.581574591238;CHOQUE;VEHICULO;NO REPORTADO;COMERCIAL;Normal;No mantener distancia de seguridad
2222487;6/11/2022;11:45:00 p. m.;Domingo;2022;Noviembre;MOTOCICLETA;PARTICULAR;Acompañante;17;MASCULINO;HERIDOS;0;0;0;;CARRERA 48 FFRENTE AL #19SUR-136;;LAS VEGAS;6.187393398441195, -75.581574591238;CHOQUE;VEHICULO;NO REPORTADO;COMERCIAL;Normal;No mantener distancia de seguridad
2222488;6/11/2022;4:30:00 p. m.;Domingo;2022;Noviembre;MOTOCICLETA;PARTICULAR;Acompañante;24;FEMENINO;HERIDOS;0;0;0;;CARRERA 43A CON CALLE 40SUR;;ALCALA;6.167947, -75.590289;CHOQUE;VEHICULO;NO REPORTADO;RESIDENCIAL;Lluvia;Desobedecer señales
2222488;6/11/2022;4:30:00 p. m.;Domingo;2022;Noviembre;MOTOCICLETA;PARTICULAR;Motociclista;29;MASCULINO;HERIDOS;0;0;0;;CARRERA 43A CON CALLE 40SUR;;ALCALA;6.167947, -75.590289;CHOQUE;VEHICULO;NO REPORTADO;RESIDENCIAL;Lluvia;Desobedecer señales
2222489;7/11/2022;11:15:00 a. m.;Lunes;2022;Noviembre;MOTOCICLETA;OFICIAL;Motociclista;39;MASCULINO;HERIDOS;0;0;0;;CARRERA 40 FRENTE AL #35SUR-61;;ZONA CENTRO;6.170135847587694, -75.58501565385963;CHOQUE;VEHICULO;NO REPORTADO;COMERCIAL;Normal;Otra-Conductor
2222490;4/11/2022;4:01:00 a. m.;Viernes;2022;Noviembre;AUTOMOVIL;PUBLICO;Pasajero;38;MASCULINO;HERIDOS;0;0;0;;CARRERA 50 ENTRE CALLE 28 SUR y CALLE 30 SUR;;LAS VEGAS;6.182580, -75.589186;CHOQUE;OBJETO FIJO;VALLA - SEÑAL;RESIDENCIAL;Normal;Arrancar sin precaucion
2222491;8/11/2022;8:00:00 a. m.;Martes;2022;Noviembre;MOTOCICLETA;PARTICULAR;Motociclista;27;FEMENINO;HERIDOS;0;0;0;;CARRERA 43A FRENTE AL #28SUR-21;;VILLA GRANDE;6.1781484525386485, -75.5844718742822;OTRO;NO REPORTADO;NO REPORTADO;COMERCIAL;Lluvia;Superficie humeda
2222492;7/11/2022;6:40:00 p. m.;Lunes;2022;Noviembre;MOTOCICLETA;PARTICULAR;Motociclista;26;MASCULINO;HERIDOS;0;0;0;;CARRERA 50 CON CALLE 19 SUR;;LAS VEGAS;6.188167, -75.583364;CHOQUE;VEHICULO;NO REPORTADO;RESIDENCIAL;Lluvia;No mantener distancia de seguridad
2222493;4/11/2022;6:30:00 a. m.;Viernes;2022;Noviembre;MOTOCICLETA;PARTICULAR;Motociclista;36;FEMENINO;HERIDOS;0;0;0;;CARRERA 50 ENTRE CALLES 46SUR Y 46ASUR;;LAS VEGAS;6.167889, -75.602347;OTRO;NO REPORTADO;NO REPORTADO;INDUSTRIAL;Normal;Impericia en el manejo
2222494;8/11/2022;4:30:00 p. m.;Martes;2022;Noviembre;MOTOCICLETA;PARTICULAR;Motociclista;38;MASCULINO;HERIDOS;0;0;0;;CARRERA 50 ENTRE CALLE 30SUR y CALLE 32SUR;;LAS VEGAS;6.179731, -75.591054;CHOQUE;VEHICULO;NO REPORTADO;RESIDENCIAL;Normal;No mantener distancia de seguridad
2222495;9/11/2022;11:50:00 a. m.;Miércoles;2022;Noviembre;MOTOCICLETA;PARTICULAR;Motociclista;32;MASCULINO;HERIDOS;0;0;0;;CARRERA 27 CON CALLE 23SUR;;ZUÑIGA;6.176871191031865, -75.56753630693103;CHOQUE;VEHICULO;NO REPORTADO;COMERCIAL;Normal;Desobedecer señales
2222496;9/11/2022;6:15:00 p. m.;Miércoles;2022;Noviembre;MOTOCICLETA;PARTICULAR;Peaton;30;FEMENINO;HERIDOS;0;0;0;;CARRERA 43A ENTRE CALLE 21SUR y CALLE 23SUR;;BOSQUES DE ZUÑIGA;6.18338123495734, -75.57990682686516;ATROPELLO;NO REPORTADO;NO REPORTADO;RESIDENCIAL;Normal;Semaforo en rojo
2222497;9/11/2022;7:30:00 a. m.;Miércoles;2022;Noviembre;MOTOCICLETA;PARTICULAR;Motociclista;26;MASCULINO;HERIDOS;0;0;0;;CARRERA 43A CON TRANSVERSAL 29SUR;;VILLA GRANDE;6.1777931266239365, -75.58462336923151;CHOQUE;VEHICULO;NO REPORTADO;COMERCIAL;Normal;No mantener distancia de seguridad
2222498;9/11/2022;7:40:00 p. m.;Miércoles;2022;Noviembre;MOTOCICLETA;PARTICULAR;Motociclista;38;FEMENINO;HERIDOS;0;0;0;;CALLE 48CSUR FRENTE AL 42A-144;;LOMA DEL BARRO;6.1602784029884825, -75.59647008487087;CHOQUE;VEHICULO;NO REPORTADO;RESIDENCIAL;Normal;No mantener distancia de seguridad
2222499;10/11/2022;6:00:00 p. m.;Jueves;2022;Noviembre;MOTOCICLETA;PARTICULAR;Motociclista;25;MASCULINO;HERIDOS;0;0;0;;KILOMETRO 18+00;medellín palmas envigado (km 12 - km 16+700);VEREDA PALMAS;6.14895578774, -75.52935132422137;CHOQUE;VEHICULO;NO REPORTADO;;Lluvia;No mantener distancia de seguridad
2222500;12/11/2022;6:35:00 p. m.;Sábado;2022;Noviembre;MOTOCICLETA;PARTICULAR;Motociclista;22;MASCULINO;HERIDOS;0;0;0;;CALLE 39A SUR FRENTE AL #28-06;;SAN JOSE;6.161245129340994, -75.58053131998996;CHOQUE;VEHICULO;NO REPORTADO;RESIDENCIAL;Normal;Desobedecer señales
2222501;10/11/2022;12:45:00 p. m.;Jueves;2022;Noviembre;AUTOMOVIL;PUBLICO;Conductor;34;MASCULINO;HERIDOS;0;0;0;;CALLE 37SUR FRENTE AL #43A-38;;ZONA CENTRO;6.171609193599827, -75.58834526275193;CHOQUE;VEHICULO;NO REPORTADO;COMERCIAL;Normal;No mantener distancia de seguridad
2222503;10/11/2022;4:10:00 p. m.;Jueves;2022;Noviembre;MOTOCICLETA;PARTICULAR;Acompañante;40;FEMENINO;HERIDOS;0;0;0;;CARRERA 27 FRENTE AL #36SUR-199;;LA INMACULADA;6.166433478985152, -75.56955382858149;CHOQUE;VEHICULO;NO REPORTADO;RESIDENCIAL;Normal;Adelantar por la derecha  -  Desobedecer señales
2222504;10/11/2022;5:45:00 p. m.;Jueves;2022;Noviembre;AUTOMOVIL;PARTICULAR;Conductor;27;FEMENINO;HERIDOS;0;0;0;;CALLE 38 SUR ENTRE CARRERA 45A y CARRERA 46;;ALCALA;6.171070, -75.591210;CHOQUE;VEHICULO;NO REPORTADO;RESIDENCIAL;Lluvia;No mantener distancia de seguridad
2222505;11/11/2022;2:00:00 p. m.;Viernes;2022;Noviembre;MOTOCICLETA;PARTICULAR;Acompañante;5;MASCULINO;HERIDOS;0;0;0;;CARRERA 24E FRENTE AL #40 SUR-96;;EL SALADO;6.150303073503472, -75.57913359343888;CHOQUE;VEHICULO;NO REPORTADO;RESIDENCIAL;Normal;Impericia en el manejo
2222505;11/11/2022;2:00:00 p. m.;Viernes;2022;Noviembre;MOTOCICLETA;PARTICULAR;Motociclista;31;MASCULINO;HERIDOS;0;0;0;;CARRERA 24E FRENTE AL #40 SUR-96;;EL SALADO;6.150303073503472, -75.57913359343888;CHOQUE;VEHICULO;NO REPORTADO;RESIDENCIAL;Normal;Impericia en el manejo
2222506;11/11/2022;6:40:00 p. m.;Viernes;2022;Noviembre;AUTOMOVIL;PARTICULAR;Peaton;64;MASCULINO;HERIDOS;0;0;0;;CARRERA 42 CON CALLE 40SUR;;ZONA CENTRO;6.167433981406329, -75.58873216853286;ATROPELLO;NO REPORTADO;NO REPORTADO;RESIDENCIAL;Normal;Desobedecer señales
2222507;11/11/2022;6:30:00 a. m.;Viernes;2022;Noviembre;MOTOCICLETA;PARTICULAR;Motociclista;24;MASCULINO;HERIDOS;0;0;0;;CARRERA 49 ENTRE CALLES 21SUR Y 25SUR;;LAS VEGAS;6.187683, -75.583548;CHOQUE;VEHICULO;NO REPORTADO;INDUSTRIAL;Normal;Desobedecer señales
2222507;11/11/2022;6:30:00 a. m.;Viernes;2022;Noviembre;MOTOCICLETA;PARTICULAR;Acompañante;22;MASCULINO;HERIDOS;0;0;0;;CARRERA 49 ENTRE CALLES 21SUR Y 25SUR;;LAS VEGAS;6.187683, -75.583548;CHOQUE;VEHICULO;NO REPORTADO;INDUSTRIAL;Normal;Desobedecer señales
2222508;12/11/2022;9:50:00 a. m.;Sábado;2022;Noviembre;MOTOCICLETA;PARTICULAR;Motociclista;37;FEMENINO;HERIDOS;0;0;0;;CARRERA 48 FRENTE AL #46SUR-150;;PRIMAVERA;6.166252, -75.599314;CHOQUE;VEHICULO;NO REPORTADO;RESIDENCIAL;Normal;Desobedecer señales
2222509;11/11/2022;5:50:00 a. m.;Viernes;2022;Noviembre;MOTOCICLETA;OFICIAL;Motociclista;41;MASCULINO;HERIDOS;0;0;0;;TRANSVERSAL 32C SUR CON DIAGONAL 32D;;LA MAGNOLIA;6.174540052228675, -75.58387464027597;CHOQUE;VEHICULO;NO REPORTADO;RESIDENCIAL;Normal;Desobedecer señales
2222509;11/11/2022;5:50:00 a. m.;Viernes;2022;Noviembre;MOTOCICLETA;OFICIAL;Acompañante;31;MASCULINO;HERIDOS;0;0;0;;TRANSVERSAL 32C SUR CON DIAGONAL 32D;;LA MAGNOLIA;6.174540052228675, -75.58387464027597;CHOQUE;VEHICULO;NO REPORTADO;RESIDENCIAL;Normal;Desobedecer señales
2222509;11/11/2022;5:50:00 a. m.;Viernes;2022;Noviembre;MOTOCICLETA;PARTICULAR;Motociclista;20;MASCULINO;HERIDOS;0;0;0;;TRANSVERSAL 32C SUR CON DIAGONAL 32D;;LA MAGNOLIA;6.174540052228675, -75.58387464027597;CHOQUE;VEHICULO;NO REPORTADO;RESIDENCIAL;Normal;Desobedecer señales
2222510;14/11/2022;2:30:00 p. m.;Lunes;2022;Noviembre;CAMPERO;PARTICULAR;Acompañante;11;FEMENINO;HERIDOS;0;0;0;;CARRERA 40 CON CALLE 48 SUR;;EL TRIANON;6.158702, -75.594679;CHOQUE;VEHICULO;NO REPORTADO;RESIDENCIAL;Normal;Desobedecer señales
2222510;14/11/2022;2:30:00 p. m.;Lunes;2022;Noviembre;CAMPERO;PARTICULAR;Acompañante;27;FEMENINO;HERIDOS;0;0;0;;CARRERA 40 CON CALLE 48 SUR;;EL TRIANON;6.158702, -75.594679;CHOQUE;VEHICULO;NO REPORTADO;RESIDENCIAL;Normal;Desobedecer señales
2222511;13/11/2022;2:30:00 p. m.;Domingo;2022;Noviembre;MOTOCICLETA;PARTICULAR;Motociclista;29;MASCULINO;HERIDOS;0;0;0;;CARRERA 50 FRENTE AL #30SUR-66;;LAS VEGAS;6.180341, -75.590571;CHOQUE;VEHICULO;NO REPORTADO;RESIDENCIAL;Normal;No respetar prelacion
2222512;14/11/2022;1:40:00 p. m.;Lunes;2022;Noviembre;BUSETA;PUBLICO;Pasajero;52;FEMENINO;HERIDOS;0;0;0;;CALLE 38A SUR  ENTRE CARRERA 31 y CARRERA 32;;MESA;6.165102962669433, -75.58183156412856;CAIDA OCUPANTE;NO REPORTADO;NO REPORTADO;RESIDENCIAL;Normal;Otra-Conductor
2222513;16/11/2022;9:00:00 p. m.;Miércoles;2022;Noviembre;MOTOCICLETA;PARTICULAR;Motociclista;32;FEMENINO;HERIDOS;0;0;0;;CARRERA 43A CON CALLE 25 SUR;;BOSQUES DE ZUÑIGA;6.181527767015737, -75.58125395108142;CHOQUE;VEHICULO;NO REPORTADO;RESIDENCIAL;Normal;Desobedecer señales
2222514;16/11/2022;9:15:00 p. m.;Miércoles;2022;Noviembre;BICICLETA;;Ciclista;29;MASCULINO;HERIDOS;0;0;0;;KILOMETRO 17+990;medellín palmas envigado (km 12 - km 16+700);VEREDA PALMAS;6.14895578774, -75.52935132422137;CAIDA OCUPANTE;NO REPORTADO;NO REPORTADO;;Normal;Defectos fisicos y psiquicos
2222515;16/11/2022;10:45:00 a. m.;Miércoles;2022;Noviembre;AUTOMOVIL;DIPLOMATICO;Peaton;28;MASCULINO;HERIDOS;0;0;0;;TRANSVERSAL 34D SUR FRENTE AL #33-52;;OBRERO;6.170620580943001, -75.58376208977778;ATROPELLO;NO REPORTADO;NO REPORTADO;RESIDENCIAL;Normal;Viajar colgado o en los estribos
2222518;13/11/2022;9:15:00 a. m.;Domingo;2022;Noviembre;MOTOCICLETA;PARTICULAR;Motociclista;40;MASCULINO;HERIDOS;0;0;0;;CARRERA 50 ENTRE CALLE 31SUR y CALLE 32B SUR;;LAS VEGAS;6.178263, -75.591897;CHOQUE;VEHICULO;NO REPORTADO;RESIDENCIAL;Normal;No mantener distancia de seguridad
2222519;15/11/2022;4:40:00 p. m.;Martes;2022;Noviembre;MOTOCICLETA;PARTICULAR;Motociclista;26;MASCULINO;HERIDOS;0;0;0;;KILOMETRO 12+400;medellín palmas envigado (km 12 - km 16+700);VEREDA PALMAS;6.170551812777036, -75.54582185046056;CHOQUE;VEHICULO;NO REPORTADO;;Normal;Impericia en el manejo
2222521;16/11/2022;4:05:00 p. m.;Miércoles;2022;Noviembre;MOTOCICLETA;DIPLOMATICO;Motociclista;34;FEMENINO;HERIDOS;0;0;0;;CALLE 37B SUR CON CARRERA 28C-04;;LA PRADERA;6.164244850996053, -75.57884759018813;CHOQUE;VEHICULO;NO REPORTADO;RESIDENCIAL;Normal;No respetar pelacion de interseccion o giros
2222522;16/11/2022;8:06:00 a. m.;Miércoles;2022;Noviembre;MOTOCICLETA;PARTICULAR;Peaton;5;FEMENINO;HERIDOS;0;0;0;;CALLE 38 SUR FRENTE AL #45A-87;;ALCALA;6.1713927296565, -75.59076560985193;ATROPELLO;NO REPORTADO;NO REPORTADO;RESIDENCIAL;Normal;Desobedecer señales
2222522;16/11/2022;8:06:00 a. m.;Miércoles;2022;Noviembre;MOTOCICLETA;PARTICULAR;Peaton;53;FEMENINO;HERIDOS;0;0;0;;CALLE 38 SUR FRENTE AL #45A-87;;ALCALA;6.1713927296565, -75.59076560985193;ATROPELLO;NO REPORTADO;NO REPORTADO;RESIDENCIAL;Normal;Desobedecer señales
2222523;16/11/2022;1:50:00 p. m.;Miércoles;2022;Noviembre;TRICICLO;;Motociclista;16;MASCULINO;HERIDOS;0;0;0;;CALLE 40F SUR CON CARRERA 36B;;EL DORADO;6.163787, -75.586279;CHOQUE;VEHICULO;NO REPORTADO;RESIDENCIAL;Normal;Impericia en el manejo
2222524;16/11/2022;6:00:00 p. m.;Miércoles;2022;Noviembre;AUTOMOVIL;PARTICULAR;Acompañante;29;FEMENINO;HERIDOS;0;0;0;;CALLE 38ASUR FRENTE AL #37-40;;MESA;6.167395361895881, -75.5849023646028;CHOQUE;VEHICULO;NO REPORTADO;RESIDENCIAL;Normal;Transitar en contravia
2222525;16/11/2022;2:20:00 p. m.;Miércoles;2022;Noviembre;MOTOCICLETA;PARTICULAR;Motociclista;22;MASCULINO;HERIDOS;0;0;0;;CALLE 37 SUR CON CARRERA 48;;LAS VEGAS;6.173643245908734, -75.59239554469394;CHOQUE;VEHICULO;NO REPORTADO;RESIDENCIAL;Normal;Desobedecer señales
2222526;17/11/2022;8:00:00 a. m.;Jueves;2022;Noviembre;MOTOCICLETA;PARTICULAR;Motociclista;35;MASCULINO;HERIDOS;0;0;0;;KILOMETRO 13;medellín palmas envigado (km 12 - km 16+700);VEREDA PALMAS;6.165588005118269, -75.54511353779336;CHOQUE;VEHICULO;NO REPORTADO;;Normal;Superficie lisa
2222527;17/11/2022;3:27:00 p. m.;Jueves;2022;Noviembre;CAMIONETA;PARTICULAR;Peaton;80;FEMENINO;HERIDOS;0;0;0;;CARRERA 45A CON CALLE 36 SUR;;EL PORTAL;6.172760462091042, -75.58943873452911;ATROPELLO;NO REPORTADO;NO REPORTADO;RESIDENCIAL;Normal;Cruzar sin observar
2222528;17/11/2022;9:05:00 a. m.;Jueves;2022;Noviembre;MOTOCICLETA;OFICIAL;Motociclista;37;MASCULINO;HERIDOS;0;0;0;;CALLE 36DSUR CON CARRERA 27A;;LA PRADERA;6.163094693831331, -75.57198384586576;CAIDA OCUPANTE;NO REPORTADO;NO REPORTADO;COMERCIAL;Normal;Huecos