NRO_RADICADO;FECHA_ACCIDENTE;HORA_ACCIDENTE;Día de la semana;AÑO;MES;CLASE_VEHICULO;TIPO_SERVICIO;TIPO_VICTIMA;EDAD;GENERO;GRAVEDAD;ESTADO_BEODEZ;ESTADO_DROGA;RESULTADO_BEODEZ;RESUL_BEODEZ_GRAMOS;DIRECCION_CARACT_VIA;TRAMO_VIA;LOCALIDAD_O_COMUNA;    GEORREFERENCIACIÓN;DESC_CLASE_ACCIDENTE;DESC_CHOQUE_ACCIDENTE;DESC_OBJETO_FIJO;DESC_SECTOR_ACCIDENTE;CONDICION_CLIMATICA;CAUSA_ACCIDENTE
2222528;17/11/2022;9:05:00 a. m.;Jueves;2022;Noviembre;MOTOCICLETA;OFICIAL;Acompañante;36;FEMENINO;HERIDOS;0;0;0;;CALLE 36DSUR CON CARRERA 27A;;LA PRADERA;6.163094693831331, -75.57198384586576;CAIDA OCUPANTE;NO REPORTADO;NO REPORTADO;COMERCIAL;Normal;Huecos
2222529;17/11/2022;8:40:00 a. m.;Jueves;2022;Noviembre;MOTOCICLETA;PARTICULAR;Motociclista;44;MASCULINO;HERIDOS;0;0;0;;CALLE 26SUR FRENTE AL #22-40;;LOMA DEL ATRAVEZADO;6.170785527533095, -75.56407391334706;CHOQUE;VEHICULO;NO REPORTADO;RESIDENCIAL;Normal;Desobedecer señales
2222530;17/11/2022;6:30:00 a. m.;Jueves;2022;Noviembre;MOTOCICLETA;PARTICULAR;Motociclista;52;FEMENINO;HERIDOS;0;0;0;;CALLE 38SUR CON CARRERA 40;;ZONA CENTRO;6.168678139554431, -75.58590853369233;CHOQUE;VEHICULO;NO REPORTADO;COMERCIAL;Normal;Semaforo en rojo
2222532;17/11/2022;10:00:00 a. m.;Jueves;2022;Noviembre;AUTOMOVIL;PARTICULAR;Conductor;18;MASCULINO;HERIDOS;0;0;0;;CARRERA 43A ENTRE CALLES 49DSUR Y 48CSUR;;LOMA DEL BARRO;6.181245393832663, -75.58259655686011;CHOQUE;VEHICULO;NO REPORTADO;RESIDENCIAL;Normal;Exceso de velocidad
2222533;18/11/2022;10:50:00 p. m.;Viernes;2022;Noviembre;MOTOCICLETA;PARTICULAR;Motociclista;25;MASCULINO;HERIDOS;0;0;0;;CARRERA 43A CON CALLE 39SUR;;ALCALA;6.169058677212355, -75.58960634305124;CHOQUE;VEHICULO;NO REPORTADO;COMERCIAL;Normal;Semaforo en rojo
2222535;18/11/2022;7:50:00 p. m.;Viernes;2022;Noviembre;MOTOCICLETA;PARTICULAR;Acompañante;31;FEMENINO;HERIDOS;0;0;0;;CARRERA 47 ENTRE CALLES 32SUR Y 31SUR;;EL PORTAL;6.177083769137486, -75.58810149902213;VOLCAMIENTO;NO REPORTADO;NO REPORTADO;RESIDENCIAL;Normal;Impericia en el manejo
2222535;18/11/2022;7:50:00 p. m.;Viernes;2022;Noviembre;MOTOCICLETA;PARTICULAR;Motociclista;31;FEMENINO;HERIDOS;0;0;0;;CARRERA 47 ENTRE CALLES 32SUR Y 31SUR;;EL PORTAL;6.177083769137486, -75.58810149902213;VOLCAMIENTO;NO REPORTADO;NO REPORTADO;RESIDENCIAL;Normal;Impericia en el manejo
2222536;19/11/2022;12:21:00 p. m.;Sábado;2022;Noviembre;AUTOMOVIL;PARTICULAR;Conductor;26;FEMENINO;HERIDOS;0;0;0;;CARRERA 48 FRENTE AL #46 SUR 100;;LAS VEGAS;6.166209, -75.599347;CHOQUE;VEHICULO;NO REPORTADO;RESIDENCIAL;Normal;Otra-Conductor
2222538;19/11/2022;3:30:00 p. m.;Sábado;2022;Noviembre;MOTOCICLETA;PARTICULAR;Motociclista;29;MASCULINO;HERIDOS;0;0;0;;CALLE 41BSUR FRENTE AL #25-82;;SAN RAFAEL;6.154478, -75.585116;CHOQUE;VEHICULO;NO REPORTADO;RESIDENCIAL;Normal;Arrancar sin precaucion
2222539;19/11/2022;7:49:00 p. m.;Sábado;2022;Noviembre;MOTOCICLETA;PARTICULAR;Peaton;51;FEMENINO;HERIDOS;0;0;0;;TRANSVERSAL 34BSUR CON DIAGONAL 30A;;URIBE ANGEL;6.172613645968123, -75.57863966844269;ATROPELLO;NO REPORTADO;NO REPORTADO;RESIDENCIAL;Normal;Otra-Conductor
2222539;19/11/2022;7:49:00 p. m.;Sábado;2022;Noviembre;MOTOCICLETA;PARTICULAR;Motociclista;28;MASCULINO;HERIDOS;0;0;0;;TRANSVERSAL 34BSUR CON DIAGONAL 30A;;URIBE ANGEL;6.172613645968123, -75.57863966844269;ATROPELLO;NO REPORTADO;NO REPORTADO;RESIDENCIAL;Normal;Otra-Conductor
2222540;21/11/2022;9:50:00 a. m.;Lunes;2022;Noviembre;MOTOCICLETA;PARTICULAR;Acompañante;27;FEMENINO;HERIDOS;0;0;0;;CARRERA 50 FRENTE AL #26SUR-60;;LAS VEGAS;6.184941, -75.587077;CHOQUE;OBJETO FIJO;OTRO TIPO;RESIDENCIAL;Normal;Otra-Vehículo
2222540;21/11/2022;9:50:00 a. m.;Lunes;2022;Noviembre;MOTOCICLETA;PARTICULAR;Motociclista;26;MASCULINO;HERIDOS;0;0;0;;CARRERA 50 FRENTE AL #26SUR-60;;LAS VEGAS;6.184941, -75.587077;CHOQUE;OBJETO FIJO;OTRO TIPO;RESIDENCIAL;Normal;Otra-Vehículo
2222541;19/11/2022;1:10:00 p. m.;Sábado;2022;Noviembre;AUTOMOVIL;PARTICULAR;Acompañante;38;FEMENINO;HERIDOS;0;0;0;;CALLE 36D SUR FRENTE AL #16-79;;VEREDA EL ESCOBERO;6.14635985961325, -75.56155136285642;CHOQUE;OBJETO FIJO;OTRO TIPO;RESIDENCIAL;Normal;Impericia en el manejo
2222541;19/11/2022;1:10:00 p. m.;Sábado;2022;Noviembre;AUTOMOVIL;PARTICULAR;Conductor;74;FEMENINO;HERIDOS;0;0;0;;CALLE 36D SUR FRENTE AL #16-79;;VEREDA EL ESCOBERO;6.14635985961325, -75.56155136285642;CHOQUE;OBJETO FIJO;OTRO TIPO;RESIDENCIAL;Normal;Impericia en el manejo
2222541;19/11/2022;1:10:00 p. m.;Sábado;2022;Noviembre;AUTOMOVIL;PARTICULAR;Acompañante;14;FEMENINO;HERIDOS;0;0;0;;CALLE 36D SUR FRENTE AL #16-79;;VEREDA EL ESCOBERO;6.14635985961325, -75.56155136285642;CHOQUE;OBJETO FIJO;OTRO TIPO;RESIDENCIAL;Normal;Impericia en el manejo
2222542;20/11/2022;1:28:00 p. m.;Domingo;2022;Noviembre;MOTOCICLETA;PARTICULAR;Motociclista;34;MASCULINO;HERIDOS;0;0;0;;KILOMETRO 22;medellín palmas envigado (km 12 - km 16+700);VEREDA PALMAS;6.14895578774, -75.52935132422137;CHOQUE;VEHICULO;NO REPORTADO;;Normal;No mantener distancia de seguridad
2222543;18/11/2022;11:20:00 a. m.;Viernes;2022;Noviembre;MOTOCICLETA;PARTICULAR;Motociclista;35;MASCULINO;HERIDOS;0;0;0;;CALLE 38 SUR  CON CARRERA 43A;;ZONA CENTRO;6.170481187975302, -75.58870819505755;CHOQUE;VEHICULO;NO REPORTADO;RESIDENCIAL;Normal;Impericia en el manejo
2222543;18/11/2022;11:20:00 a. m.;Viernes;2022;Noviembre;MOTOCICLETA;PARTICULAR;Motociclista;24;MASCULINO;HERIDOS;0;0;0;;CALLE 38 SUR  CON CARRERA 43A;;ZONA CENTRO;6.170481187975302, -75.58870819505755;CHOQUE;VEHICULO;NO REPORTADO;RESIDENCIAL;Normal;Impericia en el manejo
2222544;21/11/2022;9:50:00 p. m.;Lunes;2022;Noviembre;MOTOCICLETA;PARTICULAR;Motociclista;31;MASCULINO;HERIDOS;0;0;0;;CALLE 39 SUR CON CARRERA 47;;ALCALA;6.171044, -75.593057;CHOQUE;VEHICULO;NO REPORTADO;RESIDENCIAL;Lluvia;Desobedecer señales  -  Girar bruscamente
2222544;21/11/2022;9:50:00 p. m.;Lunes;2022;Noviembre;MOTOCICLETA;PARTICULAR;Acompañante;26;MASCULINO;HERIDOS;0;0;0;;CALLE 39 SUR CON CARRERA 47;;ALCALA;6.171044, -75.593057;CHOQUE;VEHICULO;NO REPORTADO;RESIDENCIAL;Lluvia;Desobedecer señales  -  Girar bruscamente
2222545;22/11/2022;2:30:00 p. m.;Martes;2022;Noviembre;MOTOCICLETA;PARTICULAR;Motociclista;56;FEMENINO;HERIDOS;0;0;0;;CARRERA 43A ENTRE CALLE 25A SUR y CALLE 26SUR;;VILLA GRANDE;6.181326, -75.582486;CHOQUE;VEHICULO;NO REPORTADO;RESIDENCIAL;Normal;No mantener distancia de seguridad
2222546;21/11/2022;5:40:00 p. m.;Lunes;2022;Noviembre;MOTOCICLETA;PARTICULAR;Motociclista;32;FEMENINO;HERIDOS;0;0;0;;CARRERA 50 CON CALLE 30 SUR;;LAS VEGAS;6.180427, -75.590467;CHOQUE;VEHICULO;NO REPORTADO;RESIDENCIAL;Normal;Impericia en el manejo
2222546;21/11/2022;5:40:00 p. m.;Lunes;2022;Noviembre;MOTOCICLETA;PARTICULAR;Acompañante;43;MASCULINO;HERIDOS;0;0;0;;CARRERA 50 CON CALLE 30 SUR;;LAS VEGAS;6.180427, -75.590467;CHOQUE;VEHICULO;NO REPORTADO;RESIDENCIAL;Normal;Impericia en el manejo
2222547;23/11/2022;3:55:00 p. m.;Miércoles;2022;Noviembre;MOTOCICLETA;PARTICULAR;Motociclista;27;MASCULINO;HERIDOS;0;0;0;;CARRERA 50 FRENTE AL #39SUR-14;;LAS VEGAS;6.173843, -75.597078;CHOQUE;VEHICULO;NO REPORTADO;INDUSTRIAL;Normal;No mantener distancia de seguridad  -  Recoger o dejar pasajeros en calzada
2222547;23/11/2022;3:55:00 p. m.;Miércoles;2022;Noviembre;MOTOCICLETA;PARTICULAR;Acompañante;29;MASCULINO;HERIDOS;0;0;0;;CARRERA 50 FRENTE AL #39SUR-14;;LAS VEGAS;6.173843, -75.597078;CHOQUE;VEHICULO;NO REPORTADO;INDUSTRIAL;Normal;No mantener distancia de seguridad  -  Recoger o dejar pasajeros en calzada
2222548;22/11/2022;7:30:00 p. m.;Martes;2022;Noviembre;MOTOCICLETA;PARTICULAR;Motociclista;23;MASCULINO;HERIDOS;0;0;0;;CALLE 40 SUR ENTRE CARRERA 25 y CARRERA 25A;;EL SALADO;6.153959674074627, -75.57901209699303;CHOQUE;VEHICULO;NO REPORTADO;RESIDENCIAL;Normal;Desobedecer señales
2222548;22/11/2022;7:30:00 p. m.;Martes;2022;Noviembre;MOTOCICLETA;PARTICULAR;Motociclista;26;MASCULINO;HERIDOS;0;0;0;;CALLE 40 SUR ENTRE CARRERA 25 y CARRERA 25A;;EL SALADO;6.153959674074627, -75.57901209699303;CHOQUE;VEHICULO;NO REPORTADO;RESIDENCIAL;Normal;Desobedecer señales
2222549;22/09/2022;9:50:00 a. m.;Jueves;2022;Septiembre;MICROBUS;PUBLICO;Peaton;76;FEMENINO;HERIDOS;0;0;0;;CARRERA 49  CALLE 37 SUR;;LAS VEGAS;6.175555, -75.594665;ATROPELLO;NO REPORTADO;NO REPORTADO;RESIDENCIAL;Normal;Otra-Pasajero-Acompañante
2222550;23/11/2022;2:35:00 p. m.;Miércoles;2022;Noviembre;MOTOCICLETA;PARTICULAR;Motociclista;26;FEMENINO;HERIDOS;0;0;0;;CARRERA 50 CON CALLE 37 SUR;;LAS VEGAS;6.175135, -75.595369;CHOQUE;VEHICULO;NO REPORTADO;RESIDENCIAL;Normal;No mantener distancia de seguridad
2222551;26/11/2022;4:06:00 p. m.;Sábado;2022;Noviembre;AUTOMOVIL;PUBLICO;Conductor;21;MASCULINO;HERIDOS;0;0;0;;CALLE 39A SUR #28-06;;SAN JOSE;6.1613837985266695, -75.58047767809546;CHOQUE;VEHICULO;NO REPORTADO;RESIDENCIAL;Normal;Adelantar invadiendo carril de sentido contrario
2222553;27/11/2022;10:25:00 p. m.;Domingo;2022;Noviembre;MOTOCICLETA;PARTICULAR;Motociclista;32;MASCULINO;MUERTOS;0;0;0;;CARRERA 50 ENTRE CALLE 48SUR y CALLE 46ASUR;;LAS VEGAS;6.166749, -75.602577;CHOQUE;OBJETO FIJO;OTRO TIPO;RESIDENCIAL;Lluvia;Impericia en el manejo  -  Superficie humeda
2222554;24/11/2022;6:30:00 p. m.;Jueves;2022;Noviembre;MOTOCICLETA;PARTICULAR;Motociclista;40;MASCULINO;HERIDOS;0;0;0;;CALLE 36DSUR FRENTE AL #27-60;;LA PRADERA;6.16225024956136, -75.57011508972876;CHOQUE;VEHICULO;NO REPORTADO;RESIDENCIAL;Normal;Impericia en el manejo
2222556;25/11/2022;1:25:00 p. m.;Viernes;2022;Noviembre;AUTOMOVIL;PARTICULAR;Conductor;26;FEMENINO;HERIDOS;0;0;0;;CARRERA 43A FRENTE AL #49DSUR-82;;LAS CASITAS;6.160716012597241, -75.60103627104773;CHOQUE;VEHICULO;NO REPORTADO;RESIDENCIAL;Normal;Desobedecer señales
2222556;25/11/2022;1:25:00 p. m.;Viernes;2022;Noviembre;AUTOMOVIL;PARTICULAR;Acompañante;60;FEMENINO;HERIDOS;0;0;0;;CARRERA 43A FRENTE AL #49DSUR-82;;LAS CASITAS;6.160716012597241, -75.60103627104773;CHOQUE;VEHICULO;NO REPORTADO;RESIDENCIAL;Normal;Desobedecer señales
2222557;24/11/2022;5:40:00 p. m.;Jueves;2022;Noviembre;MOTOCICLETA;PARTICULAR;Motociclista;31;MASCULINO;HERIDOS;0;0;0;;KILOMETRO 1;medellín palmas envigado (km 12 - km 16+700);VEREDA PALMAS;6.172381853334728, -75.54676330231355;CHOQUE;VEHICULO;NO REPORTADO;;Normal;Desobedecer señales
2222558;28/11/2022;10:45:00 a. m.;Lunes;2022;Noviembre;MOTOCICLETA;PARTICULAR;Motociclista;26;MASCULINO;HERIDOS;0;0;0;;CARRERA 48 CON CALLE 46 SUR;;LAS VEGAS;6.166343122872451, -75.59932826066826;CHOQUE;VEHICULO;NO REPORTADO;RESIDENCIAL;Normal;No mantener distancia de seguridad
2222558;28/11/2022;10:45:00 a. m.;Lunes;2022;Noviembre;MOTOCICLETA;PARTICULAR;Acompañante;46;FEMENINO;HERIDOS;0;0;0;;CARRERA 48 CON CALLE 46 SUR;;LAS VEGAS;6.166343122872451, -75.59932826066826;CHOQUE;VEHICULO;NO REPORTADO;RESIDENCIAL;Normal;No mantener distancia de seguridad
2222559;27/11/2022;7:00:00 p. m.;Domingo;2022;Noviembre;MOTOCICLETA;PARTICULAR;Peaton;53;FEMENINO;HERIDOS;0;0;0;;CARRERA 43 CON CALLE 21SUR;;ZUÑIGA;6.183661801055986, -75.57945965359079;ATROPELLO;NO REPORTADO;NO REPORTADO;RESIDENCIAL;Normal;Desobedecer señales
2222559;27/11/2022;7:00:00 p. m.;Domingo;2022;Noviembre;MOTOCICLETA;PARTICULAR;Motociclista;23;MASCULINO;HERIDOS;0;0;0;;CARRERA 43 CON CALLE 21SUR;;ZUÑIGA;6.183661801055986, -75.57945965359079;ATROPELLO;NO REPORTADO;NO REPORTADO;RESIDENCIAL;Normal;Desobedecer señales
2222559;27/11/2022;7:00:00 p. m.;Domingo;2022;Noviembre;MOTOCICLETA;PARTICULAR;Peaton;74;FEMENINO;HERIDOS;0;0;0;;CARRERA 43 CON CALLE 21SUR;;ZUÑIGA;6.183661801055986, -75.57945965359079;ATROPELLO;NO REPORTADO;NO REPORTADO;RESIDENCIAL;Normal;Desobedecer señales
2222560;26/11/2022;6:28:00 a. m.;Sábado;2022;Noviembre;BICICLETA;;Ciclista;53;MASCULINO;HERIDOS;0;0;0;;CARRERA 48 CON CALLE 25 A SUR;;LAS VEGAS;6.185514830406333, -75.58324248475455;CHOQUE;VEHICULO;NO REPORTADO;RESIDENCIAL;Normal;Semaforo en rojo
2222561;25/11/2022;12:40:00 p. m.;Viernes;2022;Noviembre;MOTOCICLETA;PARTICULAR;Motociclista;31;FEMENINO;HERIDOS;0;0;0;;CARRERA 41 FRENTE AL #38 SUR-46;;ZONA CENTRO;6.169150917703287, -75.58664306842985;CHOQUE;VEHICULO;NO REPORTADO;RESIDENCIAL;Normal;ABRIR LAS PUERTAS SIN PRECAUCION  -  Transitar entre vehiculos
2222562;28/11/2022;8:00:00 p. m.;Lunes;2022;Noviembre;MOTOCICLETA;PARTICULAR;Acompañante;62;FEMENINO;HERIDOS;0;0;0;;CARRERA 43A FRENTE AL #49 SUR -39;;LAS CASITAS;6.160908238414635, -75.60040036023747;CHOQUE;VEHICULO;NO REPORTADO;RESIDENCIAL;Normal;Otra-Conductor
2222562;28/11/2022;8:00:00 p. m.;Lunes;2022;Noviembre;MOTOCICLETA;PARTICULAR;Motociclista;45;FEMENINO;HERIDOS;0;0;0;;CARRERA 43A FRENTE AL #49 SUR -39;;LAS CASITAS;6.160908238414635, -75.60040036023747;CHOQUE;VEHICULO;NO REPORTADO;RESIDENCIAL;Normal;Otra-Conductor
2222563;29/11/2022;4:22:00 p. m.;Martes;2022;Noviembre;CAMIONETA;PARTICULAR;Peaton;79;FEMENINO;HERIDOS;0;0;0;;CARRERA 43A CON CALLE 45 SUR;;LA PAZ;6.1651186037010905, -75.59451133958754;ATROPELLO;NO REPORTADO;NO REPORTADO;RESIDENCIAL;Normal;Pasar semaforo en rojo
2222565;28/11/2022;3:05:00 p. m.;Lunes;2022;Noviembre;MOTOCICLETA;PARTICULAR;Motociclista;36;MASCULINO;HERIDOS;0;0;0;;CALLE 39BSUR CON CARRERA 29A;;SAN JOSE;6.163006119773737, -75.58155851816892;VOLCAMIENTO;NO REPORTADO;NO REPORTADO;RESIDENCIAL;Lluvia;Impericia en el manejo
2222566;29/11/2022;9:34:00 a. m.;Martes;2022;Noviembre;MOTOCICLETA;PARTICULAR;Motociclista;52;MASCULINO;HERIDOS;0;0;0;;CALLE 21SUR ENTRE CARRERAS 41Y 42;;ZUÑIGA;6.182022157959491, -75.57658228551489;CHOQUE;VEHICULO;NO REPORTADO;RESIDENCIAL;Normal;Desobedecer señales
2222567;29/11/2022;8:30:00 p. m.;Martes;2022;Noviembre;CAMIONETA;PARTICULAR;Peaton;7;FEMENINO;HERIDOS;0;0;0;;CALLE 34DDSUR CON DIAGONAL 29;;LA SEBASTIANA;6.171131, -75.577818;ATROPELLO;NO REPORTADO;NO REPORTADO;RESIDENCIAL;Normal;Otra-Conductor
2222568;30/11/2022;9:00:00 a. m.;Miércoles;2022;Noviembre;BICICLETA;;Ciclista;75;MASCULINO;HERIDOS;0;0;0;;CARRERA 43A FRENTE AL #45SUR-37;;PRIMAVERA;6.171401, -75.588032;CHOQUE;VEHICULO;NO REPORTADO;RESIDENCIAL;Normal;No mantener distancia de seguridad
2222569;30/11/2022;4:10:00 p. m.;Miércoles;2022;Noviembre;MOTOCICLETA;PARTICULAR;Motociclista;18;FEMENINO;HERIDOS;0;0;0;;CARRERA 48 CON CALLE 27A SUR;;LAS VEGAS;6.1816396545559416, -75.58690696460262;CHOQUE;VEHICULO;NO REPORTADO;RESIDENCIAL;Normal;No mantener distancia de seguridad
2222570;30/11/2022;7:20:00 p. m.;Miércoles;2022;Noviembre;MOTOCICLETA;PARTICULAR;Acompañante;60;MASCULINO;HERIDOS;0;0;0;;CARRERA 42 CON CALLE 35SUR;;ZONA CENTRO;6.1716360005408255, -75.58608974836346;CHOQUE;VEHICULO;NO REPORTADO;COMERCIAL;Normal;Desobedecer señales
2222571;1/12/2022;5:45:00 a. m.;Jueves;2022;Diciembre;MOTOCICLETA;PARTICULAR;Motociclista;27;MASCULINO;HERIDOS;0;0;0;;CALLE 39BSUR FRENTE AL #25-77;;EL CHINGUÍ;6.153517, -75.577327;CHOQUE;VEHICULO;NO REPORTADO;RESIDENCIAL;Normal;Desobedecer señales
2222572;1/12/2022;12:57:00 a. m.;Jueves;2022;Diciembre;MOTOCICLETA;PARTICULAR;Motociclista;24;MASCULINO;HERIDOS;1;0;1;60;KILOMETRO 5;medellín palmas envigado (km 12 - km 16+700);VEREDA PERICO;6.170881514836197, -75.47885234641186;CHOQUE;VEHICULO;NO REPORTADO;;Normal;Embriaguez o droga  -  Girar bruscamente
2222573;1/12/2022;2:55:00 a. m.;Jueves;2022;Diciembre;AUTOMOVIL;PARTICULAR;Acompañante;18;MASCULINO;HERIDOS;0;0;0;;CARRERA 48 CON CALLE 37 SUR;;LAS VEGAS;6.173473352424915, -75.59256588595376;CHOQUE;VEHICULO;NO REPORTADO;RESIDENCIAL;Normal;Semaforo en rojo
2222574;4/12/2022;6:00:00 a. m.;Domingo;2022;Diciembre;AUTOMOVIL;PARTICULAR;Conductor;28;MASCULINO;HERIDOS;0;0;0;;CALLE 38 SUR CON CARRERA 31;;MESA;6.165417, -75.581189;CHOQUE;VEHICULO;NO REPORTADO;RESIDENCIAL;Normal;Embriaguez o droga
2222575;3/12/2022;8:36:00 p. m.;Sábado;2022;Diciembre;MOTOCICLETA;PARTICULAR;Motociclista;64;MASCULINO;HERIDOS;0;0;0;;CARRERA 50 CON CALLE 44SUR;;LAS VEGAS;6.170141, -75.601532;CHOQUE;VEHICULO;NO REPORTADO;INDUSTRIAL;Normal;Girar bruscamente
2222576;2/12/2022;5:50:00 p. m.;Viernes;2022;Diciembre;MOTOCICLETA;PARTICULAR;Motociclista;42;MASCULINO;MUERTOS;0;0;0;;CARRERA 50 ENTRE CALLE 46ASUR y CALLE 43SUR;;LAS VEGAS;6.169641, -75.601982;CHOQUE;VEHICULO;NO REPORTADO;RESIDENCIAL;Normal;Desobedecer señales  -  No mantener distancia de seguridad
2222577;3/12/2022;9:10:00 a. m.;Sábado;2022;Diciembre;MOTOCICLETA;PARTICULAR;Motociclista;29;FEMENINO;HERIDOS;1;0;1;60;DIAGONAL 31C CON TRANSVERSAL 32CSUR;;LAS FLORES;6.175584755240906, -75.58049011015427;CHOQUE;VEHICULO;NO REPORTADO;RESIDENCIAL;Normal;Embriaguez o droga
2222578;3/12/2022;9:00:00 a. m.;Sábado;2022;Diciembre;BICICLETA;;Ciclista;64;MASCULINO;MUERTOS;0;0;0;;KILOMETRO 13;medellín palmas envigado (km 12 - km 16+700);VEREDA PALMAS;6.165588, -75.545119;CHOQUE;VEHICULO;NO REPORTADO;;Normal;Otra-Conductor
2222579;1/12/2022;9:50:00 p. m.;Jueves;2022;Diciembre;MOTOCICLETA;PARTICULAR;Motociclista;41;FEMENINO;HERIDOS;0;0;0;;KILOMETRO 17;medellín palmas envigado (km 12 - km 16+700);VEREDA PALMAS;6.145379544795867, -75.53394953880691;VOLCAMIENTO;NO REPORTADO;NO REPORTADO;;Normal;Otra-Conductor
2222580;1/12/2022;6:40:00 p. m.;Jueves;2022;Diciembre;MOTOCICLETA;PARTICULAR;Motociclista;61;MASCULINO;HERIDOS;0;0;0;;CARRERA 27D CON CALLE 39SUR;;SAN JOSE;6.160575924282798, -75.57925072492195;CHOQUE;VEHICULO;NO REPORTADO;RESIDENCIAL;Normal;Otra-Conductor
2222581;2/12/2022;12:25:00 p. m.;Viernes;2022;Diciembre;BICICLETA;;Ciclista;29;MASCULINO;HERIDOS;0;0;0;;DIAGONAL 32 FRENTE AL #35SUR-65;;LOS NARANJOS;6.170301220405244, -75.58076029431858;VOLCAMIENTO;NO REPORTADO;NO REPORTADO;RESIDENCIAL;Normal;Fallas en las llantas
2222582;2/12/2022;8:30:00 p. m.;Viernes;2022;Diciembre;AUTOMOVIL;PUBLICO;Acompañante;59;FEMENINO;HERIDOS;0;0;0;;CARRERA 43A CON CALLE 34ASUR;;SAN MARCOS;6.173252126040224, -75.58705246275194;CHOQUE;VEHICULO;NO REPORTADO;COMERCIAL;Normal;Desobedecer señales
2222583;3/12/2022;2:20:00 p. m.;Sábado;2022;Diciembre;MOTOCICLETA;PARTICULAR;Motociclista;39;MASCULINO;HERIDOS;0;0;0;;CARRERA 43A FRENTE AL #45SUR-55;;PRIMAVERA;6.171411, -75.588064;CHOQUE;VEHICULO;NO REPORTADO;COMERCIAL;Normal;Desobedecer señales
2222584;3/12/2022;2:30:00 p. m.;Sábado;2022;Diciembre;MOTOCICLETA;PARTICULAR;Motociclista;27;MASCULINO;HERIDOS;0;0;0;;CALLE 36DSUR CON CARRERA 27A;;LA PRADERA;6.163072515147045, -75.57193977809735;CHOQUE;VEHICULO;NO REPORTADO;COMERCIAL;Normal;Otra-Conductor
2222585;4/12/2022;12:30:00 a. m.;Domingo;2022;Diciembre;MOTOCICLETA;PARTICULAR;Motociclista;33;MASCULINO;HERIDOS;0;0;0;;CARRERA 43A ENTRE CALLES 21SUR Y 22SUR;;BOSQUES DE ZUÑIGA;6.183546512419188, -75.57967646805996;VOLCAMIENTO;NO REPORTADO;NO REPORTADO;RESIDENCIAL;Normal;Impericia en el manejo
2222586;5/12/2022;11:30:00 a. m.;Lunes;2022;Diciembre;MOTOCICLETA;PARTICULAR;Motociclista;32;MASCULINO;HERIDOS;0;0;0;;CALLE 37SUR CON CARRERA 48;;LAS VEGAS;6.173643245908734, -75.59239554469394;CHOQUE;VEHICULO;NO REPORTADO;COMERCIAL;Normal;Desobedecer señales
2222587;5/12/2022;2:35:00 p. m.;Lunes;2022;Diciembre;MOTOCICLETA;PARTICULAR;Motociclista;24;MASCULINO;HERIDOS;0;0;0;;CALLE 37SUR FRENTE AL #45B-27;;EL PORTAL;6.172510, -75.590381;CHOQUE;VEHICULO;NO REPORTADO;RESIDENCIAL;Normal;Desobedecer señales
2222587;5/12/2022;2:35:00 p. m.;Lunes;2022;Diciembre;MOTOCICLETA;PARTICULAR;Acompañante;23;MASCULINO;HERIDOS;0;0;0;;CALLE 37SUR FRENTE AL #45B-27;;EL PORTAL;6.172510, -75.590381;CHOQUE;VEHICULO;NO REPORTADO;RESIDENCIAL;Normal;Desobedecer señales
2222588;6/12/2022;7:15:00 a. m.;Martes;2022;Diciembre;AUTOMOVIL;PARTICULAR;Peaton;56;MASCULINO;HERIDOS;0;0;0;;CARRERA 41 CON CALLE 40D SUR;;EL DORADO;6.165989692857212, -75.58881994969309;ATROPELLO;NO REPORTADO;NO REPORTADO;RESIDENCIAL;Normal;Arrancar sin precaucion  -  Pararse sobre la calzada
2222589;6/12/2022;4:00:00 p. m.;Martes;2022;Diciembre;AUTOMOVIL;PUBLICO;Peaton;25;MASCULINO;HERIDOS;0;0;0;;CARRERA 29A FRENTE AL #37 SUR-41;;MESA;6.165472376201091, -75.58061968202311;ATROPELLO;NO REPORTADO;NO REPORTADO;RESIDENCIAL;Normal;Otra-Conductor
2222590;6/12/2022;10:15:00 a. m.;Martes;2022;Diciembre;MOTOCICLETA;PARTICULAR;Motociclista;18;MASCULINO;HERIDOS;0;0;0;;CARRERA 48 FRENTE AL #19 SUR -150;;LAS VEGAS;6.187399465522858, -75.5815818921748;CHOQUE;VEHICULO;NO REPORTADO;RESIDENCIAL;Normal;Adelantar cerrando
2222591;3/12/2022;3:25:00 p. m.;Sábado;2022;Diciembre;AUTOMOVIL;PARTICULAR;Acompañante;6;MASCULINO;HERIDOS;0;0;0;;CALLE 38 SUR CON CARRERA 43A;;ZONA CENTRO;6.1706926291467665, -75.58874098595419;CHOQUE;VEHICULO;NO REPORTADO;RESIDENCIAL;Normal;Girar bruscamente  -  No mantener distancia de seguridad
2222591;3/12/2022;3:25:00 p. m.;Sábado;2022;Diciembre;AUTOMOVIL;PARTICULAR;Acompañante;33;FEMENINO;HERIDOS;0;0;0;;CALLE 38 SUR CON CARRERA 43A;;ZONA CENTRO;6.1706926291467665, -75.58874098595419;CHOQUE;VEHICULO;NO REPORTADO;RESIDENCIAL;Normal;Girar bruscamente  -  No mantener distancia de seguridad
2222591;3/12/2022;3:25:00 p. m.;Sábado;2022;Diciembre;AUTOMOVIL;PARTICULAR;Acompañante;58;FEMENINO;HERIDOS;0;0;0;;CALLE 38 SUR CON CARRERA 43A;;ZONA CENTRO;6.1706926291467665, -75.58874098595419;CHOQUE;VEHICULO;NO REPORTADO;RESIDENCIAL;Normal;Girar bruscamente  -  No mantener distancia de seguridad