NRO_RADICADO;FECHA_ACCIDENTE;HORA_ACCIDENTE;Día de la semana;AÑO;MES;CLASE_VEHICULO;TIPO_SERVICIO;TIPO_VICTIMA;EDAD;GENERO;GRAVEDAD;ESTADO_BEODEZ;ESTADO_DROGA;RESULTADO_BEODEZ;RESUL_BEODEZ_GRAMOS;DIRECCION_CARACT_VIA;TRAMO_VIA;LOCALIDAD_O_COMUNA;    GEORREFERENCIACIÓN;DESC_CLASE_ACCIDENTE;DESC_CHOQUE_ACCIDENTE;DESC_OBJETO_FIJO;DESC_SECTOR_ACCIDENTE;CONDICION_CLIMATICA;CAUSA_ACCIDENTE
2222591;3/12/2022;3:25:00 p. m.;Sábado;2022;Diciembre;MOTOCICLETA;PARTICULAR;Acompañante;26;FEMENINO;HERIDOS;0;0;0;;CALLE 38 SUR CON CARRERA 43A;;ZONA CENTRO;6.1706926291467665, -75.58874098595419;CHOQUE;VEHICULO;NO REPORTADO;RESIDENCIAL;Normal;Girar bruscamente  -  No mantener distancia de seguridad
2222591;3/12/2022;3:25:00 p. m.;Sábado;2022;Diciembre;MOTOCICLETA;PARTICULAR;Motociclista;29;FEMENINO;HERIDOS;0;0;0;;CALLE 38 SUR CON CARRERA 43A;;ZONA CENTRO;6.1706926291467665, -75.58874098595419;CHOQUE;VEHICULO;NO REPORTADO;RESIDENCIAL;Normal;Girar bruscamente  -  No mantener distancia de seguridad
2222592;6/12/2022;7:00:00 a. m.;Martes;2022;Diciembre;BUS;PUBLICO;Pasajero;43;FEMENINO;HERIDOS;0;0;0;;CARRERA 50 CON CALLE 43SUR;;LAS VEGAS;6.171018, -75.600755;CHOQUE;OBJETO FIJO;VEHICULO ESTACIONADO;RESIDENCIAL;Normal;Desobedecer señales
2222592;6/12/2022;7:00:00 a. m.;Martes;2022;Diciembre;BUS;PUBLICO;Pasajero;38;FEMENINO;HERIDOS;0;0;0;;CARRERA 50 CON CALLE 43SUR;;LAS VEGAS;6.171018, -75.600755;CHOQUE;OBJETO FIJO;VEHICULO ESTACIONADO;RESIDENCIAL;Normal;Desobedecer señales
2222592;6/12/2022;7:00:00 a. m.;Martes;2022;Diciembre;BUS;PUBLICO;Pasajero;23;MASCULINO;HERIDOS;0;0;0;;CARRERA 50 CON CALLE 43SUR;;LAS VEGAS;6.171018, -75.600755;CHOQUE;OBJETO FIJO;VEHICULO ESTACIONADO;RESIDENCIAL;Normal;Desobedecer señales
2222592;6/12/2022;7:00:00 a. m.;Martes;2022;Diciembre;BUS;PUBLICO;Pasajero;47;FEMENINO;HERIDOS;0;0;0;;CARRERA 50 CON CALLE 43SUR;;LAS VEGAS;6.171018, -75.600755;CHOQUE;OBJETO FIJO;VEHICULO ESTACIONADO;RESIDENCIAL;Normal;Desobedecer señales
2222592;6/12/2022;7:00:00 a. m.;Martes;2022;Diciembre;BUS;PUBLICO;Pasajero;25;MASCULINO;HERIDOS;0;0;0;;CARRERA 50 CON CALLE 43SUR;;LAS VEGAS;6.171018, -75.600755;CHOQUE;OBJETO FIJO;VEHICULO ESTACIONADO;RESIDENCIAL;Normal;Desobedecer señales
2222592;6/12/2022;7:00:00 a. m.;Martes;2022;Diciembre;BUS;PUBLICO;Pasajero;35;FEMENINO;HERIDOS;0;0;0;;CARRERA 50 CON CALLE 43SUR;;LAS VEGAS;6.171018, -75.600755;CHOQUE;OBJETO FIJO;VEHICULO ESTACIONADO;RESIDENCIAL;Normal;Desobedecer señales
2222593;6/12/2022;9:50:00 a. m.;Martes;2022;Diciembre;MOTOCICLETA;PARTICULAR;Motociclista;27;FEMENINO;HERIDOS;0;0;0;;CARRERA 50 CON CALLE 19 SUR;;LAS VEGAS;6.188167, -75.583364;CHOQUE;VEHICULO;NO REPORTADO;RESIDENCIAL;Normal;Transitar entre vehiculos
2222594;6/12/2022;8:10:00 a. m.;Martes;2022;Diciembre;MOTOCICLETA;PARTICULAR;Motociclista;41;FEMENINO;HERIDOS;0;0;0;;CARRERA 50 ENTRE CALLE 39SUR y CALLE 43SUR;;LAS VEGAS;6.172473, -75.598910;CHOQUE;VEHICULO;NO REPORTADO;RESIDENCIAL;Normal;Adelantar invadiendo carril del mismo sentido en zigzag
2222595;12/12/2022;6:00:00 a. m.;Lunes;2022;Diciembre;MOTOCICLETA;PARTICULAR;Acompañante;19;FEMENINO;HERIDOS;0;0;0;;CARRERA 48 ENTRE CALLE 39SUR y CALLE 43SUR;;LAS VEGAS;6.171651747445508, -75.5940273130776;VOLCAMIENTO;NO REPORTADO;NO REPORTADO;RESIDENCIAL;Normal;Impericia en el manejo
2222596;12/12/2022;10:00:00 a. m.;Lunes;2022;Diciembre;BUS;PUBLICO;Peaton;75;FEMENINO;HERIDOS;0;0;0;;TRANSVERSAL 35D SUR CON CALLE 37 SUR;;LOS NARANJOS;6.167627558820053, -75.58277646937671;ATROPELLO;NO REPORTADO;NO REPORTADO;RESIDENCIAL;Normal;Desobedecer señales
2222597;11/12/2022;10:25:00 a. m.;Domingo;2022;Diciembre;MOTOCICLETA;PARTICULAR;Acompañante;34;FEMENINO;HERIDOS;0;0;0;;CALLE 36DSUR  ENTRE CARRERA 21 y CARRERA 22;;VEREDA EL ESCOBERO;6.151375326154551, -75.56359695080256;VOLCAMIENTO;NO REPORTADO;NO REPORTADO;RESIDENCIAL;Normal;Superficie humeda
2222597;11/12/2022;10:25:00 a. m.;Domingo;2022;Diciembre;MOTOCICLETA;PARTICULAR;Motociclista;32;MASCULINO;HERIDOS;0;0;0;;CALLE 36DSUR  ENTRE CARRERA 21 y CARRERA 22;;VEREDA EL ESCOBERO;6.151375326154551, -75.56359695080256;VOLCAMIENTO;NO REPORTADO;NO REPORTADO;RESIDENCIAL;Normal;Superficie humeda
2222598;8/12/2022;5:30:00 p. m.;Jueves;2022;Diciembre;MOTOCICLETA;PARTICULAR;Motociclista;27;MASCULINO;HERIDOS;0;0;0;;CARRERA 50 ENTRE CALLE 24 y CALLE 26;;LAS VEGAS;6.186285, -75.585395;VOLCAMIENTO;NO REPORTADO;NO REPORTADO;RESIDENCIAL;Lluvia;Impericia en el manejo
2222599;6/12/2022;2:45:00 p. m.;Martes;2022;Diciembre;MOTOCICLETA;PARTICULAR;Motociclista;24;MASCULINO;HERIDOS;0;0;0;;CARRERA 43A CON CALLE 39 SUR;;ALCALA;6.169272088886051, -75.58957172804259;CHOQUE;VEHICULO;NO REPORTADO;RESIDENCIAL;Normal;Impericia en el manejo
2222600;7/12/2022;6:00:00 a. m.;Miércoles;2022;Diciembre;MOTOCICLETA;PARTICULAR;Motociclista;59;MASCULINO;HERIDOS;0;0;0;;CARRERA 42 CON CALLE 33BSUR;;ZONA CENTRO;6.172698193078973, -75.58557610547427;CHOQUE;VEHICULO;NO REPORTADO;COMERCIAL;Normal;Desobedecer señales
2222601;7/12/2022;6:20:00 a. m.;Miércoles;2022;Diciembre;MOTOCICLETA;PARTICULAR;Motociclista;38;FEMENINO;HERIDOS;0;0;0;;CARRERA 41 CON CALLE 39 SUR;;ZONA CENTRO;6.167781547223468, -75.58747439717186;CHOQUE;VEHICULO;NO REPORTADO;RESIDENCIAL;Normal;Desobedecer señales
2222602;6/12/2022;3:20:00 p. m.;Martes;2022;Diciembre;MOTOCICLETA;PARTICULAR;Acompañante;38;FEMENINO;HERIDOS;0;0;0;;CALLE 36DSUR CON CARRERA 27A;;LA PRADERA;6.163122355042052, -75.57195476580713;CAIDA OCUPANTE;NO REPORTADO;NO REPORTADO;RESIDENCIAL;Lluvia;Otra-Conductor
2222602;6/12/2022;3:20:00 p. m.;Martes;2022;Diciembre;MOTOCICLETA;PARTICULAR;Motociclista;23;FEMENINO;HERIDOS;0;0;0;;CALLE 36DSUR CON CARRERA 27A;;LA PRADERA;6.163122355042052, -75.57195476580713;CAIDA OCUPANTE;NO REPORTADO;NO REPORTADO;RESIDENCIAL;Lluvia;Otra-Conductor
2222603;6/12/2022;1:00:00 p. m.;Martes;2022;Diciembre;BUSETA;PUBLICO;Pasajero;72;MASCULINO;HERIDOS;0;0;0;;CALLE 37SUR CON CARRERA 39;;ZONA CENTRO;6.168865202674742, -75.58488041823568;ATROPELLO;NO REPORTADO;NO REPORTADO;COMERCIAL;Normal;Cruzar sin observar  -  Salir por delante de un vehiculo
2222604;7/12/2022;3:40:00 p. m.;Miércoles;2022;Diciembre;MOTOCICLETA;PARTICULAR;Motociclista;22;MASCULINO;HERIDOS;0;0;0;;CARRERA 45B CON CALLE 32CSUR;;EL PORTAL;6.17534631066305, -75.58851275849881;CHOQUE;VEHICULO;NO REPORTADO;RESIDENCIAL;Normal;Desobedecer señales
2222605;9/12/2022;8:00:00 p. m.;Viernes;2022;Diciembre;AUTOMOVIL;PARTICULAR;Peaton;45;MASCULINO;HERIDOS;0;0;0;;CARRERA 50 FRENTE AL #29SUR-140;;LAS VEGAS;6.182371, -75.589334;ATROPELLO;NO REPORTADO;NO REPORTADO;INDUSTRIAL;Normal;Salir por delante de un vehiculo
2222606;9/12/2022;5:00:00 p. m.;Viernes;2022;Diciembre;AUTOMOVIL;PARTICULAR;Acompañante;40;FEMENINO;HERIDOS;0;0;0;;TRANSVERSAL 33SUR CON DIAGONAL 32D;;LA MAGNOLIA;6.174254426054001, -75.5838204952894;CHOQUE;VEHICULO;NO REPORTADO;RESIDENCIAL;Normal;Desobedecer señales  -  No respetar pelacion de interseccion o giros
2222607;7/12/2022;1:45:00 p. m.;Miércoles;2022;Diciembre;MOTOCICLETA;PARTICULAR;Motociclista;34;MASCULINO;HERIDOS;0;0;0;;CARRERA 40 FRENTE AL #36SUR-25;;ZONA CENTRO;6.169718, -75.585254;CHOQUE;VEHICULO;NO REPORTADO;COMERCIAL;Normal;Impericia en el manejo
2222608;9/12/2022;3:15:00 p. m.;Viernes;2022;Diciembre;MOTOCICLETA;PARTICULAR;Peaton;40;FEMENINO;HERIDOS;0;0;0;;DIAGONAL 31A CON TRANSVERSAL 34ESUR;;LA SEBASTIANA;6.171165624421697, -75.57997815686731;ATROPELLO;NO REPORTADO;NO REPORTADO;RESIDENCIAL;Normal;Adelantar por la derecha
2222609;10/12/2022;1:40:00 p. m.;Sábado;2022;Diciembre;MOTOCICLETA;PARTICULAR;Motociclista;47;MASCULINO;HERIDOS;0;0;0;;CALLE 25SUR FRENTE AL #46-167;;BOSQUES DE ZUÑIGA;6.183278200600239, -75.5828744512916;CHOQUE;VEHICULO;NO REPORTADO;RESIDENCIAL;Normal;Frenar bruscamente  -  No mantener distancia de seguridad
2222610;10/12/2022;1:30:00 p. m.;Sábado;2022;Diciembre;CAMION;PUBLICO;Peaton;38;MASCULINO;HERIDOS;0;0;0;;TRANSVERSAL 34SUR CON DIAGONAL 33;;BUCAREST;6.172541025439853, -75.58389109979909;ATROPELLO;NO REPORTADO;NO REPORTADO;RESIDENCIAL;Normal;Otra-Peatón  -  Reverso imprudente
2222611;11/12/2022;4:45:00 p. m.;Domingo;2022;Diciembre;MOTOCICLETA;PARTICULAR;Motociclista;24;MASCULINO;HERIDOS;0;0;0;;CARRERA 50 FRENTE AL #30SUR-66 ;;LAS VEGAS;6.180341, -75.590571;CHOQUE;VEHICULO;NO REPORTADO;INDUSTRIAL;Normal;Desobedecer señales  -  Transitar entre vehiculos
2222611;11/12/2022;4:45:00 p. m.;Domingo;2022;Diciembre;MOTOCICLETA;PARTICULAR;Acompañante;25;FEMENINO;HERIDOS;0;0;0;;CARRERA 50 FRENTE AL #30SUR-66 ;;LAS VEGAS;6.180341, -75.590571;CHOQUE;VEHICULO;NO REPORTADO;INDUSTRIAL;Normal;Desobedecer señales  -  Transitar entre vehiculos
2222612;11/12/2022;3:10:00 p. m.;Domingo;2022;Diciembre;MOTOCICLETA;PARTICULAR;Acompañante;23;FEMENINO;HERIDOS;0;0;0;;CALLE 39BSUR CON CARRERA 32;;SAN JOSE;6.163878971407735, -75.58295802936195;CHOQUE;VEHICULO;NO REPORTADO;RESIDENCIAL;Normal;Desobedecer señales
2222612;11/12/2022;3:10:00 p. m.;Domingo;2022;Diciembre;MOTOCICLETA;PARTICULAR;Motociclista;23;FEMENINO;HERIDOS;0;0;0;;CALLE 39BSUR CON CARRERA 32;;SAN JOSE;6.163878971407735, -75.58295802936195;CHOQUE;VEHICULO;NO REPORTADO;RESIDENCIAL;Normal;Desobedecer señales
2222613;13/12/2022;12:00:00 p. m.;Martes;2022;Diciembre;CAMIONETA;PUBLICO;Pasajero;66;FEMENINO;HERIDOS;0;0;0;;CARRERA 43A FRENTE AL #31SUR-33;;JARDINES;6.176608626556348, -75.58540044896723;ATROPELLO;NO REPORTADO;NO REPORTADO;RESIDENCIAL;Normal;Otra-Conductor
2222614;13/12/2022;9:50:00 a. m.;Martes;2022;Diciembre;MOTOCICLETA;PARTICULAR;Motociclista;39;MASCULINO;HERIDOS;0;0;0;;KILOMETRO 9+350;retiro varia palmas enviga (km 5+43 - km 14+ 550);VEREDA PANTANILLO;6.166091903781096, -75.50144054080009;CHOQUE;VEHICULO;NO REPORTADO;;Lluvia;Girar bruscamente  -  Realizar giro en U
2222615;13/12/2022;1:45:00 p. m.;Martes;2022;Diciembre;MOTOCICLETA;PARTICULAR;Motociclista;35;MASCULINO;HERIDOS;0;0;0;;CALLE 38 SUR CON CARRERA 32;;MESA;6.16609559531409, -75.58162970693117;CHOQUE;VEHICULO;NO REPORTADO;RESIDENCIAL;Normal;Desobedecer señales
2222616;14/12/2022;6:50:00 a. m.;Miércoles;2022;Diciembre;MOTOCICLETA;PARTICULAR;Acompañante;40;MASCULINO;HERIDOS;0;0;0;;CARRERA 43A FRENTE AL # 49D SUR 82;;LOMA DEL BARRO;6.174251, -75.586197;CHOQUE;VEHICULO;NO REPORTADO;RESIDENCIAL;Lluvia;Girar bruscamente
2222616;14/12/2022;6:50:00 a. m.;Miércoles;2022;Diciembre;MOTOCICLETA;PARTICULAR;Motociclista;30;MASCULINO;HERIDOS;0;0;0;;CARRERA 43A FRENTE AL # 49D SUR 82;;LOMA DEL BARRO;6.174251, -75.586197;CHOQUE;VEHICULO;NO REPORTADO;RESIDENCIAL;Lluvia;Girar bruscamente
2222617;14/12/2022;3:30:00 p. m.;Miércoles;2022;Diciembre;MOTOCICLETA;PARTICULAR;Motociclista;19;MASCULINO;HERIDOS;0;0;0;;CALLE 38 SUR CON CARRERA 43A;;ZONA CENTRO;6.1706926291467665, -75.58874098595419;OTRO;NO REPORTADO;NO REPORTADO;RESIDENCIAL;Normal;Impericia en el manejo
2222619;14/12/2022;6:40:00 p. m.;Miércoles;2022;Diciembre;MOTOCICLETA;PARTICULAR;Motociclista;22;MASCULINO;HERIDOS;0;0;0;;CARRERA 43A FRENTE AL # 44SUR-38;;LA PAZ;6.165431197756303, -75.5942314241526;ATROPELLO;NO REPORTADO;NO REPORTADO;RESIDENCIAL;Normal;Otra-Conductor
2222619;14/12/2022;6:40:00 p. m.;Miércoles;2022;Diciembre;MOTOCICLETA;PARTICULAR;Peaton;51;FEMENINO;HERIDOS;0;0;0;;CARRERA 43A FRENTE AL # 44SUR-38;;LA PAZ;6.165431197756303, -75.5942314241526;ATROPELLO;NO REPORTADO;NO REPORTADO;RESIDENCIAL;Normal;Otra-Conductor
2222620;13/12/2022;6:20:00 a. m.;Martes;2022;Diciembre;CAMIONETA;PARTICULAR;Peaton;27;MASCULINO;HERIDOS;0;0;0;;CARRERA 49A FRENTE AL # 48SUR-60;;LAS VEGAS;6.165748, -75.602615;ATROPELLO;NO REPORTADO;NO REPORTADO;RESIDENCIAL;Normal;Reverso imprudente
2222621;15/12/2022;12:54:00 p. m.;Jueves;2022;Diciembre;CAMIONETA;PARTICULAR;Peaton;71;MASCULINO;HERIDOS;0;0;0;;CALLE 40C SUR FRENTE AL #29C-37;;LA MINA;6.16154057178701, -75.58347502064058;ATROPELLO;NO REPORTADO;NO REPORTADO;RESIDENCIAL;Normal;Desobedecer señales
2222622;15/12/2022;6:30:00 a. m.;Jueves;2022;Diciembre;MOTOCICLETA;PARTICULAR;Peaton;81;MASCULINO;HERIDOS;0;0;0;;DIAGONAL 32 FRENTE AL #35SUR-35;;LOS NARANJOS;6.170308553748839, -75.58075962376637;ATROPELLO;NO REPORTADO;NO REPORTADO;RESIDENCIAL;Normal;Cruzar sin observar
2222623;16/12/2022;8:30:00 a. m.;Viernes;2022;Diciembre;AUTOMOVIL;PARTICULAR;Conductor;63;MASCULINO;HERIDOS;0;0;0;;CARRERA 48 CON CALLE 50 SUR;;LAS VEGAS;6.162072458716961, -75.60353659646475;CHOQUE;VEHICULO;NO REPORTADO;RESIDENCIAL;Normal;Girar bruscamente  -  No mantener distancia de seguridad
2222624;17/12/2022;8:30:00 p. m.;Sábado;2022;Diciembre;MOTOCICLETA;PARTICULAR;Acompañante;50;FEMENINO;HERIDOS;0;0;0;;CARRERA 43A CON CALLE 21 SUR;;ZUÑIGA;6.183711956197152, -75.57955634068365;CHOQUE;VEHICULO;NO REPORTADO;RESIDENCIAL;Normal;Desobedecer señales
2222625;16/12/2022;10:45:00 p. m.;Viernes;2022;Diciembre;MOTOCICLETA;PARTICULAR;Peaton;41;MASCULINO;HERIDOS;0;0;0;;CARRERA 50 ENTRE CALLE 25ASUR y CALLE 25SUR;;LAS VEGAS;6.186010, -75.585699;ATROPELLO;NO REPORTADO;NO REPORTADO;RESIDENCIAL;Normal;Otra-Peatón
2222625;16/12/2022;10:45:00 p. m.;Viernes;2022;Diciembre;MOTOCICLETA;PARTICULAR;Motociclista;22;MASCULINO;HERIDOS;0;0;0;;CARRERA 50 ENTRE CALLE 25ASUR y CALLE 25SUR;;LAS VEGAS;6.186010, -75.585699;ATROPELLO;NO REPORTADO;NO REPORTADO;RESIDENCIAL;Normal;Otra-Peatón
2222627;16/12/2022;7:50:00 a. m.;Viernes;2022;Diciembre;MOTOCICLETA;PARTICULAR;Motociclista;47;MASCULINO;HERIDOS;1;0;1;80;CARRERA 42B FRENTE AL #27ASUR-75;;PONTE VEDRA;6.178005025212126, -75.58230964085834;CHOQUE;VEHICULO;NO REPORTADO;RESIDENCIAL;Normal;Embriaguez o droga
2222628;17/12/2022;19:00:00;Sábado;2022;Diciembre;MOTOCICLETA;PARTICULAR;Acompañante;51;FEMENINO;HERIDOS;0;0;0;;CALLE 41SUR FRENTE AL #25-68;;LA MINA;6.153916203154455, -75.58484880313274;VOLCAMIENTO;NO REPORTADO;NO REPORTADO;RESIDENCIAL;Normal;Impericia en el manejo
2222629;17/12/2022;10:58:00 a. m.;Sábado;2022;Diciembre;AUTOMOVIL;PARTICULAR;Conductor;37;MASCULINO;HERIDOS;0;0;0;;CARRERA 27A FRENTE AL #36DSUR-201;;LOMA DE LAS BRUJAS;6.162561, -75.572812;CHOQUE;VEHICULO;NO REPORTADO;RESIDENCIAL;Normal;No respetar pelacion de interseccion o giros  -  No respetar prelacion
2222630;17/12/2022;10:40:00 p. m.;Sábado;2022;Diciembre;MOTOCICLETA;PARTICULAR;Motociclista;20;MASCULINO;HERIDOS;0;0;0;;CARRERA 36 CON CALLE 38SUR;;MESA;6.167250030505185, -75.58369637885603;CHOQUE;VEHICULO;NO REPORTADO;RESIDENCIAL;Normal;Desobedecer señales
2222631;17/12/2022;9:40:00 a. m.;Sábado;2022;Diciembre;MOTOCICLETA;PARTICULAR;Motociclista;27;MASCULINO;HERIDOS;0;0;0;;CARRERA 50 ENTRE CALLES 48SUR Y 50SUR;;LAS VEGAS;6.166087, -75.602677;CHOQUE;VEHICULO;NO REPORTADO;INDUSTRIAL;Normal;Transitar entre vehiculos
2222631;17/12/2022;9:40:00 a. m.;Sábado;2022;Diciembre;MOTOCICLETA;PARTICULAR;Acompañante;38;FEMENINO;HERIDOS;0;0;0;;CARRERA 50 ENTRE CALLES 48SUR Y 50SUR;;LAS VEGAS;6.166087, -75.602677;CHOQUE;VEHICULO;NO REPORTADO;INDUSTRIAL;Normal;Transitar entre vehiculos
2222632;17/12/2022;8:15:00 a. m.;Sábado;2022;Diciembre;MOTOCICLETA;PARTICULAR;Acompañante;10;MASCULINO;HERIDOS;0;0;0;;CARRERA 29A ENTRE CALLE 37SUR Y 37BSUR;;LOS NARANJOS;6.165938436698624, -75.58033279422207;CHOQUE;VEHICULO;NO REPORTADO;RESIDENCIAL;Normal;Desobedecer señales
2222633;19/12/2022;7:50:00 a. m.;Lunes;2022;Diciembre;MOTOCICLETA;PARTICULAR;Motociclista;34;MASCULINO;HERIDOS;0;0;0;;CARRERA 48 ENTRE CALLE 35SUR Y 34SUR;;EL PORTAL;6.175117538528552, -75.59121264052716;CHOQUE;VEHICULO;NO REPORTADO;COMERCIAL;Normal;No mantener distancia de seguridad
2222635;18/12/2022;10:00:00 p. m.;Domingo;2022;Diciembre;MOTOCICLETA;PARTICULAR;Motociclista;24;FEMENINO;HERIDOS;0;0;0;;CALLE 25 SUR CON CARRERA 50;;LAS VEGAS;6.187118, -75.583941;VOLCAMIENTO;NO REPORTADO;NO REPORTADO;RESIDENCIAL;Normal;Impericia en el manejo
2222636;18/12/2022;11:10:00 a. m.;Domingo;2022;Diciembre;AUTOMOVIL;PARTICULAR;Peaton;69;FEMENINO;HERIDOS;0;0;0;;CALLE 39 SUR  FRENTE AL #38-06;;MESA;6.166626718635545, -75.5856333091355;ATROPELLO;NO REPORTADO;NO REPORTADO;RESIDENCIAL;Normal;Cruzar en diagonal  -  Reverso imprudente
2222636;18/12/2022;11:10:00 a. m.;Domingo;2022;Diciembre;AUTOMOVIL;PARTICULAR;Peaton;71;MASCULINO;HERIDOS;0;0;0;;CALLE 39 SUR  FRENTE AL #38-06;;MESA;6.166626718635545, -75.5856333091355;ATROPELLO;NO REPORTADO;NO REPORTADO;RESIDENCIAL;Normal;Cruzar en diagonal  -  Reverso imprudente
2222637;18/12/2022;6:45:00 a. m.;Domingo;2022;Diciembre;AUTOMOVIL;PARTICULAR;Conductor;28;MASCULINO;HERIDOS;0;0;0;;CALLE 38 SUR CON CARRERA 33;;MESA;6.166266495102538, -75.58213332939772;CHOQUE;VEHICULO;NO REPORTADO;RESIDENCIAL;Normal;Desobedecer señales  -  No respetar pelacion de interseccion o giros
2222638;15/12/2022;4:30:00 p. m.;Jueves;2022;Diciembre;AUTOMOVIL;PARTICULAR;Conductor;50;FEMENINO;HERIDOS;0;0;0;;CARRERA 43A FRENTE AL #31ASUR-61;;SAN MARCOS;6.17614382426816, -75.58560498053039;CHOQUE;VEHICULO;NO REPORTADO;RESIDENCIAL;Normal;Impericia en el manejo
2222638;15/12/2022;4:30:00 p. m.;Jueves;2022;Diciembre;AUTOMOVIL;PARTICULAR;Acompañante;47;FEMENINO;HERIDOS;0;0;0;;CARRERA 43A FRENTE AL #31ASUR-61;;SAN MARCOS;6.17614382426816, -75.58560498053039;CHOQUE;VEHICULO;NO REPORTADO;RESIDENCIAL;Normal;Impericia en el manejo
2222639;20/12/2022;9:20:00 p. m.;Martes;2022;Diciembre;MOTOCICLETA;PARTICULAR;Motociclista;22;MASCULINO;HERIDOS;0;0;0;;CARRERA 50 ENTRE CALLE 46ASUR y CALLE 43 SUR;;LAS VEGAS;6.168548, -75.602176;CHOQUE;VEHICULO;NO REPORTADO;RESIDENCIAL;Normal;Desobedecer señales
2222639;20/12/2022;9:20:00 p. m.;Martes;2022;Diciembre;MOTOCICLETA;PARTICULAR;Acompañante;21;FEMENINO;HERIDOS;0;0;0;;CARRERA 50 ENTRE CALLE 46ASUR y CALLE 43 SUR;;LAS VEGAS;6.168548, -75.602176;CHOQUE;VEHICULO;NO REPORTADO;RESIDENCIAL;Normal;Desobedecer señales
2222640;21/12/2022;6:15:00;Miércoles;2022;Diciembre;MOTOCICLETA;PARTICULAR;Motociclista;28;MASCULINO;HERIDOS;0;0;0;;CARRERA 48 CON CALLE 38 SUR;;LAS VEGAS;6.1728750073445156, -75.59282694398259;CHOQUE;VEHICULO;NO REPORTADO;RESIDENCIAL;Normal;Girar bruscamente  -  No respetar pelacion de interseccion o giros
2222640;21/12/2022;6:15:00;Miércoles;2022;Diciembre;MOTOCICLETA;PARTICULAR;Acompañante;23;FEMENINO;HERIDOS;0;0;0;;CARRERA 48 CON CALLE 38 SUR;;LAS VEGAS;6.1728750073445156, -75.59282694398259;CHOQUE;VEHICULO;NO REPORTADO;RESIDENCIAL;Normal;Girar bruscamente  -  No respetar pelacion de interseccion o giros
2222641;25/12/2022;11:40:00;Domingo;2022;Diciembre;MOTOCICLETA;PARTICULAR;Acompañante;23;FEMENINO;HERIDOS;1;0;1;60;KILOMETRO 16+500;medellín palmas envigado (km 12 - km 16+700);VEREDA PALMAS;6.15419808916125, -75.53446480018202;CHOQUE;VEHICULO;NO REPORTADO;NO REPORTADO;Normal;Embriaguez o droga  -  Girar bruscamente
2222641;25/12/2022;11:40:00;Domingo;2022;Diciembre;MOTOCICLETA;PARTICULAR;Motociclista;24;MASCULINO;HERIDOS;1;0;1;60;KILOMETRO 16+500;medellín palmas envigado (km 12 - km 16+700);VEREDA PALMAS;6.15419808916125, -75.53446480018202;CHOQUE;VEHICULO;NO REPORTADO;NO REPORTADO;Normal;Embriaguez o droga  -  Girar bruscamente
2222642;21/12/2022;13:30:00;Miércoles;2022;Diciembre;AUTOMOVIL;PARTICULAR;Conductor;32;MASCULINO;HERIDOS;0;0;0;;CARRERA 48 CON CALLE 43SUR;;LAS VEGAS;6.168470, -75.597191;CHOQUE;VEHICULO;NO REPORTADO;RESIDENCIAL;Normal;No mantener distancia de seguridad
2222643;22/12/2022;17:15:00;Jueves;2022;Diciembre;MOTOCICLETA;DIPLOMATICO;Motociclista;52;MASCULINO;HERIDOS;0;0;0;;CARRERA 48 CON CALLE 25SUR;;LAS VEGAS;6.18523089380953, -75.58315025935872;VOLCAMIENTO;NO REPORTADO;NO REPORTADO;RESIDENCIAL;Normal;Superficie lisa
2222644;22/12/2022;19:20:00;Jueves;2022;Diciembre;MOTOCICLETA;PARTICULAR;Motociclista;34;FEMENINO;HERIDOS;0;0;0;;KILOMETRO 15+400;medellín palmas envigado (km 12 - km 16+700);VEREDA PALMAS;6.153836168716407, -75.54340792477396;CHOQUE;OBJETO FIJO;BARANDA;NO REPORTADO;Normal;Impericia en el manejo
2222644;22/12/2022;19:20:00;Jueves;2022;Diciembre;MOTOCICLETA;PARTICULAR;Acompañante;28;MASCULINO;HERIDOS;0;0;0;;KILOMETRO 15+400;medellín palmas envigado (km 12 - km 16+700);VEREDA PALMAS;6.153836168716407, -75.54340792477396;CHOQUE;OBJETO FIJO;BARANDA;NO REPORTADO;Normal;Impericia en el manejo
2222645;23/12/2022;10:50:00;Viernes;2022;Diciembre;BUSETA;PUBLICO;Pasajero;69;FEMENINO;HERIDOS;0;0;0;;TRANSVERSAL 32A SUR CON 32B-17;;LA MAGNOLIA;6.175310366299446, -75.58342589714422;CAIDA OCUPANTE;NO REPORTADO;NO REPORTADO;RESIDENCIAL;Normal;Impericia en el manejo
2222646;22/12/2022;11:55:00;Jueves;2022;Diciembre;VOLQUETA;PUBLICO;Peaton;67;FEMENINO;MUERTOS;0;0;0;;carrera 39 con calle 37 sur-29;;ZONA CENTRO;6.168554, -75.585110;ATROPELLO;NO REPORTADO;NO REPORTADO;RESIDENCIAL;Normal;Impericia en el manejo
2222647;21/12/2022;10:53:00;Miércoles;2022;Diciembre;MOTOCICLETA;PARTICULAR;Motociclista;40;MASCULINO;HERIDOS;0;0;0;;carrera 49 con calle 26 sur ;;LAS VEGAS;6.184811, -75.586996;CHOQUE;VEHICULO;NO REPORTADO;RESIDENCIAL;Normal;Impericia en el manejo
2222648;23/12/2022;1:50:00;Viernes;2022;Diciembre;CAMPERO;PARTICULAR;Conductor;24;MASCULINO;HERIDOS;0;0;0;;KILOMETRO 7 +250;catedral;VEREDA EL VALLANO;6.111455706027762, -75.5864144124493;CHOQUE;VEHICULO;NO REPORTADO;;Normal;Impericia en el manejo