NRO_RADICADO;FECHA_ACCIDENTE;HORA_ACCIDENTE;Día de la semana;AÑO;MES;CLASE_VEHICULO;TIPO_SERVICIO;TIPO_VICTIMA;EDAD;GENERO;GRAVEDAD;ESTADO_BEODEZ;ESTADO_DROGA;RESULTADO_BEODEZ;RESUL_BEODEZ_GRAMOS;DIRECCION_CARACT_VIA;TRAMO_VIA;LOCALIDAD_O_COMUNA;    GEORREFERENCIACIÓN;DESC_CLASE_ACCIDENTE;DESC_CHOQUE_ACCIDENTE;DESC_OBJETO_FIJO;DESC_SECTOR_ACCIDENTE;CONDICION_CLIMATICA;CAUSA_ACCIDENTE
2222650;23/12/2022;22:30:00;Viernes;2022;Diciembre;MOTOCICLETA;PARTICULAR;Motociclista;19;MASCULINO;HERIDOS;0;0;0;;KILOMETRO 14 + 150;retiro varia palmas enviga (km 5+43 - km 14+ 550);VEREDA PALMAS;6.155868911494667, -75.53218906113683;CAIDA OCUPANTE;NO REPORTADO;NO REPORTADO;;Normal;Impericia en el manejo
2222651;23/12/2022;17:10:00;Viernes;2022;Diciembre;MOTOCICLETA;PARTICULAR;Motociclista;25;MASCULINO;HERIDOS;0;0;0;;TRANSVERSAL 36 SUR CON DG32 -24;;LOS NARANJOS;6.167963733110587, -75.58128475980878;CHOQUE;VEHICULO;NO REPORTADO;RESIDENCIAL;Normal;No mantener distancia de seguridad
2222652;23/12/2022;9:00:00;Viernes;2022;Diciembre;CAMIONETA;PUBLICO;Conductor;45;MASCULINO;HERIDOS;0;0;0;;CARRERA 50 CON CL 30 SUR -26;;LAS VEGAS;6.180341, -75.590571;VOLCAMIENTO;NO REPORTADO;NO REPORTADO;RESIDENCIAL;Normal;Impericia en el manejo
2222653;21/12/2022;7:42:00;Miércoles;2022;Diciembre;BICICLETA;;Ciclista;22;MASCULINO;HERIDOS;0;0;0;;DIAGONAL 31C CON TRANSVERSAL 33SUR;;LAS FLORES;6.1745546301704, -75.58044611309427;CHOQUE;VEHICULO;NO REPORTADO;RESIDENCIAL;Normal;Girar bruscamente
2222654;21/12/2022;13:00:00;Miércoles;2022;Diciembre;MOTOCICLETA;PARTICULAR;Motociclista;22;MASCULINO;HERIDOS;0;0;0;;KILOMETRO 3;medellín palmas envigado (km 12 - km 16+700);VEREDA PERICO;6.152059649916453, -75.54490395739323;CHOQUE;VEHICULO;NO REPORTADO;NO REPORTADO;Normal;Realizar giro en U
2222655;22/12/2022;17:40:00;Jueves;2022;Diciembre;MOTOCICLETA;PARTICULAR;Motociclista;39;MASCULINO;HERIDOS;0;0;0;;CALLE 36DSUR CON CARRERA 27D;;LA PRADERA;6.164915, -75.574472;CHOQUE;VEHICULO;NO REPORTADO;RESIDENCIAL;Normal;Impericia en el manejo
2222656;22/12/2022;14:00:00;Jueves;2022;Diciembre;BICICLETA;;Ciclista;50;MASCULINO;HERIDOS;0;0;0;;CALLE 37SUR FRENTE AL #34-20;;LOS NARANJOS;6.167337381309655, -75.58233192252227;CHOQUE;VEHICULO;NO REPORTADO;COMERCIAL;Normal;Adelantar por la derecha  -  Recoger o dejar pasajeros en calzada
2222657;22/12/2022;17:15:00;Jueves;2022;Diciembre;MOTOCICLETA;PARTICULAR;Motociclista;43;FEMENINO;HERIDOS;0;0;0;;CALLE 25SUR CON CARRERA 48;;LAS VEGAS;6.1855643490049115, -75.58313696302534;VOLCAMIENTO;NO REPORTADO;NO REPORTADO;RESIDENCIAL;Normal;Superficie lisa
2222658;23/12/2022;13:51:00;Viernes;2022;Diciembre;MOTOCICLETA;PARTICULAR;Peaton;55;FEMENINO;HERIDOS;0;0;0;;KILOMETRO 15;medellín palmas envigado (km 12 - km 16+700);VEREDA PALMAS;6.152128363410714, -75.5458364089835;ATROPELLO;NO REPORTADO;NO REPORTADO;;Normal;Adelantar por la derecha
2222659;23/12/2022;19:00:00;Viernes;2022;Diciembre;MOTOCICLETA;PARTICULAR;Motociclista;35;FEMENINO;HERIDOS;0;0;0;;CARRERA 42 FRENTE AL 40DD-42;;EL DORADO;6.166187, -75.589859;CHOQUE;VEHICULO;NO REPORTADO;RESIDENCIAL;Normal;Desobedecer señales
2222660;24/12/2022;4:25:00;Sábado;2022;Diciembre;MOTOCICLETA;PARTICULAR;Motociclista;38;MASCULINO;HERIDOS;0;0;0;;CALLE 38SUR FRENTE AL #43-32;;ZONA CENTRO;6.170299360726334, -75.58802603576692;CHOQUE;VEHICULO;NO REPORTADO;COMERCIAL;Normal;Desobedecer señales
2222661;24/12/2022;10:00:00;Sábado;2022;Diciembre;MOTOCICLETA;PARTICULAR;Motociclista;36;MASCULINO;HERIDOS;0;0;0;;CARRERA 43A FRENTE AL #35SUR-61;;SAN MARCOS;6.171990, -75.587733;CHOQUE;VEHICULO;NO REPORTADO;COMERCIAL;Normal;Desobedecer señales
2222662;25/12/2022;19:50:00;Domingo;2022;Diciembre;CAMPERO;PARTICULAR;Peaton;65;FEMENINO;HERIDOS;0;0;0;;DIAGONAL 31 ENTRE TRANSVERSALES 34DSUR Y 34ESUR;;LA SEBASTIANA;6.171722196601548, -75.57937958359328;ATROPELLO;NO REPORTADO;NO REPORTADO;RESIDENCIAL;Normal;Pararse sobre la calzada
2222663;26/12/2022;10:20:00;Lunes;2022;Diciembre;MOTOCICLETA;PARTICULAR;Motociclista;23;FEMENINO;HERIDOS;0;0;0;;CARRERA 48 CON CALLE 39SUR;;LAS VEGAS;6.171836360268062, -75.59371963576692;CHOQUE;VEHICULO;NO REPORTADO;RESIDENCIAL;Normal;No mantener distancia de seguridad
2222664;25/12/2022;22:50:00;Domingo;2022;Diciembre;MOTOCICLETA;PARTICULAR;Motociclista;22;FEMENINO;HERIDOS;0;0;0;;CALLE 25AASUR CON CARRERA 43A;;VILLA GRANDE;6.181281153715609, -75.58256246357033;CHOQUE;VEHICULO;NO REPORTADO;COMERCIAL;Normal;Desobedecer señales
2222665;26/12/2022;9:00:00;Lunes;2022;Diciembre;AUTOMOVIL;PARTICULAR;Conductor;34;FEMENINO;HERIDOS;0;0;0;;CARRERA 50 FRENTE AL #32BSUR-139;;LAS VEGAS;6.178263, -75.591897;CHOQUE;VEHICULO;NO REPORTADO;COMERCIAL;Normal;Girar bruscamente
2222666;27/12/2022;12:35:00;Martes;2022;Diciembre;MOTOCICLETA;PARTICULAR;Acompañante;48;MASCULINO;HERIDOS;0;0;0;;CALLE 38SUR FRENTE  AL #44-88;;ALCALA;6.170963674813407, -75.58976586675995;CHOQUE;VEHICULO;NO REPORTADO;RESIDENCIAL;Normal;Impericia en el manejo
2222667;28/12/2022;5:00:00;Miércoles;2022;Diciembre;AUTOMOVIL;PARTICULAR;Acompañante;22;MASCULINO;HERIDOS;1;0;3;160;KILOMETRO 11;medellín palmas envigado (km 12 - km 16+700);VEREDA PANTANILLO;6.14895578774, -75.52935132422137;CHOQUE;OBJETO FIJO;OTRO TIPO;;Normal;Embriaguez o droga
2222667;28/12/2022;5:00:00;Miércoles;2022;Diciembre;AUTOMOVIL;PARTICULAR;Conductor;18;MASCULINO;HERIDOS;1;0;3;160;KILOMETRO 11;medellín palmas envigado (km 12 - km 16+700);VEREDA PANTANILLO;6.14895578774, -75.52935132422137;CHOQUE;OBJETO FIJO;OTRO TIPO;;Normal;Embriaguez o droga
2222667;28/12/2022;5:00:00;Miércoles;2022;Diciembre;AUTOMOVIL;PARTICULAR;Acompañante;19;FEMENINO;HERIDOS;1;0;3;160;KILOMETRO 11;medellín palmas envigado (km 12 - km 16+700);VEREDA PANTANILLO;6.14895578774, -75.52935132422137;CHOQUE;OBJETO FIJO;OTRO TIPO;;Normal;Embriaguez o droga
2222668;29/12/2022;8:46:00;Jueves;2022;Diciembre;MOTOCICLETA;PARTICULAR;Motociclista;26;MASCULINO;HERIDOS;0;0;0;;CALLE 38SUR CON CARRERA 31;;MESA;6.165473, -75.581219;CHOQUE;VEHICULO;NO REPORTADO;RESIDENCIAL;Normal;Semaforo en rojo
2222668;29/12/2022;8:46:00;Jueves;2022;Diciembre;MOTOCICLETA;PARTICULAR;Motociclista;30;FEMENINO;HERIDOS;0;0;0;;CALLE 38SUR CON CARRERA 31;;MESA;6.165473, -75.581219;CHOQUE;VEHICULO;NO REPORTADO;RESIDENCIAL;Normal;Semaforo en rojo
2222669;29/12/2022;12:15:00;Jueves;2022;Diciembre;MOTOCICLETA;PARTICULAR;Motociclista;32;MASCULINO;HERIDOS;0;0;0;;CALLE 36DSUR FRENTE AL #24-35;;VEREDA EL ESCOBERO;6.154180021894787, -75.56599895179413;CHOQUE;VEHICULO;NO REPORTADO;RESIDENCIAL;Normal;Otra-Conductor
2222670;30/12/2022;16:00:00;Viernes;2022;Diciembre;MOTOCICLETA;PARTICULAR;Motociclista;41;FEMENINO;HERIDOS;0;0;0;;CARRERA 48 ENTRE CALLES 30SUYR Y 26SUR;;LAS VEGAS;6.182617843494452, -75.58605928233753;CHOQUE;VEHICULO;NO REPORTADO;COMERCIAL;Normal;Impericia en el manejo  -  Transitar entre vehiculos
2222671;31/12/2022;10:15:00;Sábado;2022;Diciembre;CAMIONETA;PUBLICO;Conductor;21;MASCULINO;HERIDOS;0;0;0;;CARRERA 42A FRENTE AL #46CSUR-38;;EL TRIANON;6.160462800070012, -75.59483391418567;CHOQUE;OBJETO FIJO;VEHICULO ESTACIONADO;RESIDENCIAL;Normal;Otra-Conductor
2222672;31/12/2022;12:00:00;Sábado;2022;Diciembre;MOTOCICLETA;PARTICULAR;Motociclista;39;MASCULINO;HERIDOS;0;0;0;;CALLE 38SUR FRENTE AL #43A-70;;ALCALA;6.170721486033142, -75.5894223180597;CHOQUE;VEHICULO;NO REPORTADO;COMERCIAL;Normal;Adelantar invadiendo carril del mismo sentido en zigzag
2222672;31/12/2022;12:00:00;Sábado;2022;Diciembre;MOTOCICLETA;PARTICULAR;Motociclista;30;MASCULINO;HERIDOS;0;0;0;;CALLE 38SUR FRENTE AL #43A-70;;ALCALA;6.170721486033142, -75.5894223180597;CHOQUE;VEHICULO;NO REPORTADO;COMERCIAL;Normal;Adelantar invadiendo carril del mismo sentido en zigzag
2222673;31/12/2022;14:10:00;Sábado;2022;Diciembre;AUTOMOVIL;PUBLICO;Acompañante;80;FEMENINO;HERIDOS;0;0;0;;CARRERA 39 CON CALLE 38ASUR;;MESA;6.168256455950526, -75.58527009737482;ATROPELLO;NO REPORTADO;NO REPORTADO;COMERCIAL;Normal;Desobedecer señales
2300000;1/01/2023;9:05:00 a. m.;Domingo;2023;Enero;MOTOCICLETA;PARTICULAR;Motociclista;27;MASCULINO;HERIDOS;0;0;0;;CARRERA 24B CON CALLE 40FSUR;;LA MINA;6.152918428931599, -75.5828989682515;VOLCAMIENTO;NO REPORTADO;NO REPORTADO;NO REPORTA;Normal;Impericia en el manejo
2300001;1/01/2023;10:00:00 p. m.;Domingo;2023;Enero;MOTOCICLETA;PARTICULAR;Motociclista;44;MASCULINO;HERIDOS;0;0;0;;CARRERA 28 FRENTE 27DSUR-138;;ALTO DE MISAEL;6.1742332666838635, -75.57578505308354;VOLCAMIENTO;NO REPORTADO;NO REPORTADO;NO REPORTA;Normal;Impericia en el manejo
2300002;2/01/2023;7:40:00 p. m.;Lunes;2023;Enero;MOTOCICLETA;PARTICULAR;Acompañante;34;FEMENINO;HERIDOS;0;0;0;;CARRERA 50 FRENTE AL #45BSUR-60;;LAS VEGAS;6.169371, -75.601913;CHOQUE;VEHICULO;NO REPORTADO;NO REPORTA;Lluvia;Impericia en el manejo
2300002;2/01/2023;7:40:00 p. m.;Lunes;2023;Enero;MOTOCICLETA;PARTICULAR;Acompañante;27;FEMENINO;HERIDOS;0;0;0;;CARRERA 50 FRENTE AL #45BSUR-60;;LAS VEGAS;6.169371, -75.601913;CHOQUE;VEHICULO;NO REPORTADO;NO REPORTA;Lluvia;Impericia en el manejo
2300003;4/01/2023;7:45:00 a. m.;Miércoles;2023;Enero;MOTOCICLETA;PARTICULAR;Acompañante;25;MASCULINO;HERIDOS;0;0;0;;CARRERA 48 CON CALLE 46SUR;;LAS VEGAS;6.166344, -75.599418;CHOQUE;VEHICULO;NO REPORTADO;COMERCIAL;Normal;Impericia en el manejo
2300004;4/01/2023;12:00:00 p. m.;Miércoles;2023;Enero;AUTOMOVIL;PUBLICO;Conductor;53;MASCULINO;HERIDOS;0;0;0;;CALLE 40SUR FRENTE AL #24D-86;;EL SALADO;6.147886, -75.576391;CHOQUE;VEHICULO;NO REPORTADO;NO REPORTA;Normal;Adelantar invadiendo carril de sentido contrario
2300005;4/01/2023;2:20:00 p. m.;Miércoles;2023;Enero;MOTOCICLETA;PARTICULAR;Motociclista;28;MASCULINO;HERIDOS;0;0;0;;CARRERA 30 CON CALLE 40FSUR;;SAN JOSE;6.160696, -75.584551;CHOQUE;VEHICULO;NO REPORTADO;NO REPORTA;Normal;Desobedecer señales
2300007;1/01/2023;8:00:00 p. m.;Domingo;2023;Enero;MOTOCICLETA;PARTICULAR;Motociclista;22;FEMENINO;HERIDOS;0;0;0;;CARRERA 48 ENTRE CALLES 46ASUR Y 43SUR;;LAS VEGAS;6.167353215130485, -75.59834287078903;CHOQUE;VEHICULO;NO REPORTADO;NO REPORTA;Normal;No mantener distancia de seguridad
2300008;8/01/2023;7:55:00 a. m.;Domingo;2023;Enero;AUTOMOVIL;PARTICULAR;Acompañante;22;MASCULINO;HERIDOS;0;0;0;;CARRERA 49 FRENTE AL #30SUR-66;;LAS VEGAS;6.179605, -75.591001;CHOQUE;VEHICULO;NO REPORTADO;NO REPORTA;Normal;No mantener distancia de seguridad
2300008;8/01/2023;7:55:00 a. m.;Domingo;2023;Enero;AUTOMOVIL;PARTICULAR;Conductor;36;MASCULINO;MUERTOS;0;0;0;;CARRERA 49 FRENTE AL #30SUR-66;;LAS VEGAS;6.179605, -75.591001;CHOQUE;VEHICULO;NO REPORTADO;INDUSTRIAL;Normal;No mantener distancia de seguridad
2300008;8/01/2023;7:55:00 a. m.;Domingo;2023;Enero;AUTOMOVIL;PARTICULAR;Acompañante;29;FEMENINO;HERIDOS;0;0;0;;CARRERA 49 FRENTE AL #30SUR-66;;LAS VEGAS;6.179605, -75.591001;CHOQUE;VEHICULO;NO REPORTADO;NO REPORTA;Normal;No mantener distancia de seguridad
2300009;6/01/2023;11:40:00 a. m.;Viernes;2023;Enero;MOTOCICLETA;PARTICULAR;Motociclista;32;MASCULINO;HERIDOS;0;0;0;;CALLE 39BSUR CON CARRERA 32;;SAN JOSE;6.163878971407735, -75.58295802936195;CHOQUE;VEHICULO;NO REPORTADO;NO REPORTA;Normal;Desobedecer señales
2300010;6/01/2023;11:00:00 a. m.;Viernes;2023;Enero;MOTOCICLETA;PARTICULAR;Motociclista;24;MASCULINO;HERIDOS;0;0;0;;KILOMETRO 11;medellín palmas envigado (km 12 - km 16+700);VEREDA PANTANILLO;6.162371911687626, -75.51147302300873;CHOQUE;VEHICULO;NO REPORTADO;NO REPORTA;Normal;Desobedecer al agente  -  No mantener distancia de seguridad
2300011;7/01/2023;3:15:00 p. m.;Sábado;2023;Enero;MOTOCICLETA;PARTICULAR;Motociclista;32;MASCULINO;HERIDOS;0;0;0;;CARRERA 50 ENTRE CALLES 18CSUR Y 19SUR;;LAS VEGAS;6.188657, -75.583090;CHOQUE;VEHICULO;NO REPORTADO;NO REPORTA;Normal;Transitar entre vehiculos
2300012;7/01/2023;1:30:00 p. m.;Sábado;2023;Enero;MOTOCICLETA;DIPLOMATICO;Motociclista;40;MASCULINO;HERIDOS;0;0;0;;CARRERA 40 FFRENTE AL #39SUR-17;;ZONA CENTRO;6.167310, -75.586791;ATROPELLO;NO REPORTADO;NO REPORTADO;NO REPORTA;Normal;Otra-Conductor
2300013;7/01/2023;2:07:00 p. m.;Sábado;2023;Enero;MOTOCICLETA;PARTICULAR;Motociclista;31;MASCULINO;HERIDOS;0;0;0;;"CALLE 37SUR FRENTE AL #""36-31";;MESA;6.168085, -75.583529;CHOQUE;VEHICULO;NO REPORTADO;NO REPORTA;Normal;Otra-Conductor
2300014;7/01/2023;3:15:00 p. m.;Sábado;2023;Enero;MOTOCICLETA;PARTICULAR;Acompañante;48;FEMENINO;HERIDOS;0;0;0;;CARRERA 48 ANTRE CALLES 36SUR Y 37SUR;;LAS VEGAS;6.173871183834176, -75.59276870628909;CHOQUE;VEHICULO;NO REPORTADO;NO REPORTA;Normal;Impericia en el manejo
2300015;8/01/2023;11:10:00 p. m.;Domingo;2023;Enero;BICICLETA;;Ciclista;28;FEMENINO;HERIDOS;0;0;0;;CALLE 40SUR FRENTE AL #30-67;;SAN JOSE;6.162963, -75.582671;CHOQUE;VEHICULO;NO REPORTADO;COMERCIAL;Normal;Impericia en el manejo
2300017;9/01/2023;3:00:00 p. m.;Lunes;2023;Enero;MOTOCICLETA;PARTICULAR;Acompañante;25;FEMENINO;HERIDOS;0;0;0;;CALLE 37SUR FRENTE AL #34-20;;MESA;6.167475, -75.582516;CHOQUE;VEHICULO;NO REPORTADO;COMERCIAL;Normal;Otra-Conductor
2300018;9/01/2023;12:00:00 p. m.;Lunes;2023;Enero;MOTOCICLETA;PARTICULAR;Motociclista;35;MASCULINO;HERIDOS;0;0;0;;CARRERA 48 CON CALLE 32SUR;;LAS VEGAS;6.177531, -75.589549;CHOQUE;VEHICULO;NO REPORTADO;RESIDENCIAL;Lluvia;No mantener distancia de seguridad
2300019;11/01/2023;10:25:00 a. m.;Miércoles;2023;Enero;MOTOCICLETA;PARTICULAR;Motociclista;22;FEMENINO;HERIDOS;0;0;0;;CARRERA 50 ENTRE CALLE 49SUR y CALLE 50SUR;;LAS VEGAS;6.164590, -75.603086;CHOQUE;VEHICULO;NO REPORTADO;RESIDENCIAL;Normal;No respetar prelacion
2300020;11/01/2023;7:05:00 a. m.;Miércoles;2023;Enero;MOTOCICLETA;PARTICULAR;Motociclista;25;MASCULINO;HERIDOS;0;0;0;;CALLE 25A SUR CARRERA 43A;;VILLA GRANDE;6.181892, -75.581956;CHOQUE;VEHICULO;NO REPORTADO;NO REPORTA;Normal;Girar bruscamente
2300021;11/01/2023;6:20:00 p. m.;Miércoles;2023;Enero;MOTOCICLETA;PARTICULAR;Motociclista;50;FEMENINO;HERIDOS;0;0;0;;TRANSVERSAL 32A SUR DIAGONAL 31C;;LA MAGNOLIA;6.175969, -75.581450;CHOQUE;VEHICULO;NO REPORTADO;NO REPORTA;Lluvia;Impericia en el manejo
2300021;11/01/2023;6:20:00 p. m.;Miércoles;2023;Enero;MOTOCICLETA;PARTICULAR;Acompañante;54;MASCULINO;HERIDOS;0;0;0;;TRANSVERSAL 32A SUR DIAGONAL 31C;;LA MAGNOLIA;6.175969, -75.581450;CHOQUE;VEHICULO;NO REPORTADO;NO REPORTA;Lluvia;Impericia en el manejo
2300022;12/01/2023;7:20:00 p. m.;Jueves;2023;Enero;MOTOCICLETA;PARTICULAR;Acompañante;25;FEMENINO;HERIDOS;0;0;0;;DIAGONAL 32 CON TRANSVERSAL 34B SUR;;OBRERO;6.172574401275035, -75.58139603812211;CHOQUE;VEHICULO;NO REPORTADO;NO REPORTA;Normal;Desobedecer señales
2300023;14/01/2023;7:00:00 a. m.;Sábado;2023;Enero;MOTOCICLETA;PARTICULAR;Motociclista;23;MASCULINO;HERIDOS;0;0;0;;CALLE 25ASUR FRENTE AL #45-35;;VILLA GRANDE;6.182350765099943, -75.58254339462451;CHOQUE;VEHICULO;NO REPORTADO;NO REPORTA;Normal;Adelantar en curva
2300024;14/01/2023;2:30:00 p. m.;Sábado;2023;Enero;MOTOCICLETA;PARTICULAR;Motociclista;47;FEMENINO;HERIDOS;0;0;0;;CARRERA 43A CON CALLE 31 SUR;;JARDINES;6.176658, -75.585367;CHOQUE;VEHICULO;NO REPORTADO;NO REPORTA;Normal;Desobedecer señales
2300025;14/01/2023;6:50:00 a. m.;Sábado;2023;Enero;AUTOMOVIL;PARTICULAR;Conductor;53;MASCULINO;HERIDOS;0;0;0;;KILOMETRO 11+170;retiro varia palmas enviga (km 5+43 - km 14+ 550);VEREDA PANTANILLO;6.163100426169999, -75.51312580007279;CHOQUE;VEHICULO;NO REPORTADO;NO REPORTA;Lluvia;Superficie humeda  -  Superficie lisa
2300025;14/01/2023;6:50:00 a. m.;Sábado;2023;Enero;MOTOCICLETA;PARTICULAR;Motociclista;30;MASCULINO;HERIDOS;0;0;0;;KILOMETRO 11+170;retiro varia palmas enviga (km 5+43 - km 14+ 550);VEREDA PANTANILLO;6.163100426169999, -75.51312580007279;CHOQUE;VEHICULO;NO REPORTADO;NO REPORTA;Lluvia;Superficie humeda  -  Superficie lisa
2300026;15/01/2023;1:30:00 a. m.;Domingo;2023;Enero;MOTOCICLETA;PARTICULAR;Acompañante;29;MASCULINO;HERIDOS;1;0;2;100;KILOMETRO 15;medellín palmas envigado (km 12 - km 16+700);VEREDA PALMAS;6.152128363410714, -75.5458364089835;CHOQUE;VEHICULO;NO REPORTADO;NO REPORTA;Normal;Desobedecer señales  -  Embriaguez o droga  -  Impericia en el manejo
2300026;15/01/2023;1:30:00 a. m.;Domingo;2023;Enero;MOTOCICLETA;PARTICULAR;Motociclista;18;MASCULINO;HERIDOS;1;0;2;100;KILOMETRO 15;medellín palmas envigado (km 12 - km 16+700);VEREDA PALMAS;6.152128363410714, -75.5458364089835;CHOQUE;VEHICULO;NO REPORTADO;NO REPORTA;Normal;Desobedecer señales  -  Embriaguez o droga  -  Impericia en el manejo
2300027;14/01/2023;8:50:00 a. m.;Sábado;2023;Enero;MOTOCICLETA;PARTICULAR;Motociclista;37;MASCULINO;HERIDOS;0;0;0;;CARRERA 48 CON CALLE 26SUR;;LAS VEGAS;6.183172, -75.585340;CHOQUE;VEHICULO;NO REPORTADO;NO REPORTA;Normal;Embriaguez o droga
2300028;13/01/2023;1:00:00 p. m.;Viernes;2023;Enero;AUTOMOVIL;PARTICULAR;Acompañante;24;MASCULINO;HERIDOS;0;0;0;;TRANSVERSAL 32CSUR POR DIAGONAL 31C;;LA MAGNOLIA;6.175573010342629, -75.58075844280964;ATROPELLO;NO REPORTADO;NO REPORTADO;NO REPORTA;Normal;Cruzar sin observar
2300029;13/01/2023;12:50:00 p. m.;Viernes;2023;Enero;MOTOCICLETA;PARTICULAR;Motociclista;28;FEMENINO;HERIDOS;0;0;0;;CARRERA 48 CON CALLE 37 SUR;;LAS VEGAS;6.173473352424915, -75.59256588595376;OTRO;NO REPORTADO;NO REPORTADO;NO REPORTA;Normal;Impericia en el manejo
2300030;13/01/2023;1:00:00 p. m.;Viernes;2023;Enero;AUTOMOVIL;PARTICULAR;Conductor;46;MASCULINO;HERIDOS;0;0;0;;CARRERA 43A CON CALLE 39SUR;;ALCALA;6.169038, -75.589568;CHOQUE;VEHICULO;NO REPORTADO;NO REPORTA;Normal;No mantener distancia de seguridad
2300031;14/01/2023;12:50:00 p. m.;Sábado;2023;Enero;CAMPERO;PARTICULAR;Acompañante;43;FEMENINO;HERIDOS;0;0;0;;CALLE 36DSUR FRENTE AL #27-160;;LA PRADERA;6.163250, -75.572106;CHOQUE;VEHICULO;NO REPORTADO;NO REPORTA;Normal;No mantener distancia de seguridad
2300032;14/01/2023;2:40:00 p. m.;Sábado;2023;Enero;MOTOCICLETA;PARTICULAR;Motociclista;31;MASCULINO;HERIDOS;0;0;0;;CARRERA 48 FRENTE AL #46SUR-150;;LAS VEGAS;6.166131268859569, -75.5994647773195;CHOQUE;VEHICULO;NO REPORTADO;NO REPORTA;Normal;Transitar entre vehiculos
2300033;15/01/2023;8:37:00 a. m.;Domingo;2023;Enero;MOTOCICLETA;OFICIAL;Acompañante;28;MASCULINO;HERIDOS;0;0;0;;CARRERA 25 CON CALLE 39DSUR;;EL CHINGUÍ;6.153209, -75.574512;CHOQUE;VEHICULO;NO REPORTADO;NO REPORTA;Normal;Desobedecer señales
2300033;15/01/2023;8:37:00 a. m.;Domingo;2023;Enero;MOTOCICLETA;OFICIAL;Motociclista;36;MASCULINO;HERIDOS;0;0;0;;CARRERA 25 CON CALLE 39DSUR;;EL CHINGUÍ;6.153209, -75.574512;CHOQUE;VEHICULO;NO REPORTADO;NO REPORTA;Normal;Desobedecer señales
2300034;15/01/2023;2:50:00 p. m.;Domingo;2023;Enero;MOTOCICLETA;PARTICULAR;Motociclista;41;MASCULINO;HERIDOS;0;0;0;;DIAGONAL 29 FRENTE AL # 32ASUR-25;;URIBE ANGEL;6.174746925183161, -75.57783941841663;VOLCAMIENTO;NO REPORTADO;NO REPORTADO;NO REPORTA;Normal;Vehiculo mal estacionado
2300035;15/01/2023;5:46:00 p. m.;Domingo;2023;Enero;MOTOCICLETA;PARTICULAR;Motociclista;23;MASCULINO;HERIDOS;0;0;0;;KILOMETRO 11+700;retiro varia palmas enviga (km 5+43 - km 14+ 550);VEREDA PALMAS;6.1603062997124365, -75.51560928638449;CHOQUE;VEHICULO;NO REPORTADO;NO REPORTA;Normal;Desobedecer señales
2300036;16/01/2023;1:00:00 p. m.;Lunes;2023;Enero;MICROBUS;PUBLICO;Pasajero;37;MASCULINO;HERIDOS;0;0;0;;CALLE 27 SUR FRENTE AL # 28-121;;ALTO DE MISAEL;6.177168453581073, -75.57632177510182;CHOQUE;VEHICULO;NO REPORTADO;NO REPORTA;Normal;Otra-Via
2300036;16/01/2023;1:00:00 p. m.;Lunes;2023;Enero;MICROBUS;PUBLICO;Pasajero;20;FEMENINO;HERIDOS;0;0;0;;CALLE 27 SUR FRENTE AL # 28-121;;ALTO DE MISAEL;6.177168453581073, -75.57632177510182;CHOQUE;VEHICULO;NO REPORTADO;NO REPORTA;Normal;Otra-Via
2300036;16/01/2023;1:00:00 p. m.;Lunes;2023;Enero;MICROBUS;PUBLICO;Pasajero;25;FEMENINO;HERIDOS;0;0;0;;CALLE 27 SUR FRENTE AL # 28-121;;ALTO DE MISAEL;6.177168453581073, -75.57632177510182;CHOQUE;VEHICULO;NO REPORTADO;NO REPORTA;Normal;Otra-Via
2300036;16/01/2023;1:00:00 p. m.;Lunes;2023;Enero;MICROBUS;PUBLICO;Pasajero;32;FEMENINO;HERIDOS;0;0;0;;CALLE 27 SUR FRENTE AL # 28-121;;ALTO DE MISAEL;6.177168453581073, -75.57632177510182;CHOQUE;VEHICULO;NO REPORTADO;NO REPORTA;Normal;Otra-Via
2300036;16/01/2023;1:00:00 p. m.;Lunes;2023;Enero;MICROBUS;PUBLICO;Pasajero;25;FEMENINO;HERIDOS;0;0;0;;CALLE 27 SUR FRENTE AL # 28-121;;ALTO DE MISAEL;6.177168453581073, -75.57632177510182;CHOQUE;VEHICULO;NO REPORTADO;NO REPORTA;Normal;Otra-Via
2300037;14/01/2023;4:50:00 p. m.;Sábado;2023;Enero;MOTOCICLETA;PARTICULAR;Motociclista;22;FEMENINO;HERIDOS;0;0;0;;CARRERA 48 FRENTE AL # 25ASUR-81;;LAS VEGAS;6.18500554562078, -75.58344667487933;CAIDA OCUPANTE;NO REPORTADO;NO REPORTADO;NO REPORTA;Normal;Superficie humeda
2300038;16/01/2023;11:30:00 p. m.;Lunes;2023;Enero;MOTOCICLETA;PARTICULAR;Motociclista;20;MASCULINO;HERIDOS;0;0;0;;CARRERA 43A FFRENTE AL #48CSUR-45;;PRIMAVERA;6.161987580295591, -75.59834565518032;CHOQUE;OBJETO FIJO;ARBOL;NO REPORTA;Normal;Impericia en el manejo
2300039;16/01/2023;6:35:00 a. m.;Lunes;2023;Enero;MOTOCICLETA;PARTICULAR;Motociclista;34;FEMENINO;HERIDOS;0;0;0;;CARRERA 50 ENTRE CALLES 49SUR Y 48SUR;;LAS VEGAS;6.164006, -75.603466;CHOQUE;VEHICULO;NO REPORTADO;NO REPORTA;Normal;Estacionar sin seguridad  -  Otra-Conductor
2300040;16/01/2023;6:10:00 p. m.;Lunes;2023;Enero;MOTOCICLETA;PARTICULAR;Motociclista;24;MASCULINO;HERIDOS;0;0;0;;KILOMETRO 8;el escobero - km 0-13);VEREDA EL ESCOBERO;6.1211236769006065, -75.54377158624928;CHOQUE;VEHICULO;NO REPORTADO;NO REPORTA;Normal;Impericia en el manejo