NRO_RADICADO;FECHA_ACCIDENTE;HORA_ACCIDENTE;Día de la semana;AÑO;MES;CLASE_VEHICULO;TIPO_SERVICIO;TIPO_VICTIMA;EDAD;GENERO;GRAVEDAD;ESTADO_BEODEZ;ESTADO_DROGA;RESULTADO_BEODEZ;RESUL_BEODEZ_GRAMOS;DIRECCION_CARACT_VIA;TRAMO_VIA;LOCALIDAD_O_COMUNA;    GEORREFERENCIACIÓN;DESC_CLASE_ACCIDENTE;DESC_CHOQUE_ACCIDENTE;DESC_OBJETO_FIJO;DESC_SECTOR_ACCIDENTE;CONDICION_CLIMATICA;CAUSA_ACCIDENTE
2300041;16/01/2023;3:10:00 p. m.;Lunes;2023;Enero;MOTOCICLETA;PARTICULAR;Motociclista;29;FEMENINO;HERIDOS;0;0;0;;KILOMETRO 13+330;medellín palmas envigado (km 12 - km 16+700);VEREDA PALMAS;6.162847234195072, -75.54555360441393;CHOQUE;VEHICULO;NO REPORTADO;NO REPORTA;Normal;Desobedecer señales
2300042;17/01/2023;11:35:00 a. m.;Martes;2023;Enero;BUS;PUBLICO;Pasajero;83;MASCULINO;HERIDOS;0;0;0;;CARRERA 43 FRENTE AL #32ASUR-40;;LA MAGNOLIA;6.174034, -75.585314;CAIDA OCUPANTE;NO REPORTADO;NO REPORTADO;NO REPORTA;Normal;Arrancar sin precaucion
2300043;16/01/2023;3:50:00 p. m.;Lunes;2023;Enero;MOTOCICLETA;PARTICULAR;Motociclista;64;MASCULINO;HERIDOS;0;0;0;;CARRERA 50 ENTRE CALLES 30SUR Y 29SUR ;;LAS VEGAS;6.181183, -75.590030;CHOQUE;VEHICULO;NO REPORTADO;NO REPORTA;Normal;Impericia en el manejo
2300043;16/01/2023;3:50:00 p. m.;Lunes;2023;Enero;MOTOCICLETA;PARTICULAR;Motociclista;65;MASCULINO;HERIDOS;0;0;0;;CARRERA 50 ENTRE CALLES 30SUR Y 29SUR ;;LAS VEGAS;6.181183, -75.590030;CHOQUE;VEHICULO;NO REPORTADO;INDUSTRIAL;Normal;Impericia en el manejo
2300044;17/01/2023;1:30:00 p. m.;Martes;2023;Enero;VOLQUETA;PUBLICO;Peaton;87;MASCULINO;HERIDOS;0;0;0;;CALLE 37 SUR FRENTE AL #40A-03;;ZONA CENTRO;6.169544, -75.585933;ATROPELLO;NO REPORTADO;NO REPORTADO;NO REPORTA;Normal;Salir por delante de un vehiculo
2300045;17/01/2023;1:03:00 p. m.;Martes;2023;Enero;MOTOCICLETA;PARTICULAR;Motociclista;26;MASCULINO;HERIDOS;0;0;0;;CARRERA 43A FRENTE AL # 36SUR-68;;ZONA CENTRO;6.171511, -75.587941;ATROPELLO;NO REPORTADO;NO REPORTADO;NO REPORTA;Normal;Pasar semaforo en rojo
2300045;17/01/2023;1:03:00 p. m.;Martes;2023;Enero;MOTOCICLETA;PARTICULAR;Peaton;28;MASCULINO;HERIDOS;0;0;0;;CARRERA 43A FRENTE AL # 36SUR-68;;ZONA CENTRO;6.171511, -75.587941;ATROPELLO;NO REPORTADO;NO REPORTADO;NO REPORTA;Normal;Pasar semaforo en rojo
2300046;17/01/2023;5:47:00 p. m.;Martes;2023;Enero;CAMIONETA;PARTICULAR;Peaton;39;FEMENINO;HERIDOS;0;0;0;;TRANSVERSAL 32ASUR CON DIAGONAL 31E;;LA MAGNOLIA;6.175843, -75.581829;ATROPELLO;NO REPORTADO;NO REPORTADO;NO REPORTA;Lluvia;Cruzar sin observar
2300046;17/01/2023;5:47:00 p. m.;Martes;2023;Enero;CAMIONETA;PARTICULAR;Peaton;8;FEMENINO;HERIDOS;0;0;0;;TRANSVERSAL 32ASUR CON DIAGONAL 31E;;LA MAGNOLIA;6.175843, -75.581829;ATROPELLO;NO REPORTADO;NO REPORTADO;NO REPORTA;Lluvia;Cruzar sin observar
2300047;19/01/2023;7:46:00 a. m.;Jueves;2023;Enero;MOTOCICLETA;PARTICULAR;Motociclista;33;MASCULINO;HERIDOS;0;0;0;;CARRERA 27 FRENTE AL #23SUR-68;;ZUÑIGA;6.175970, -75.567245;CHOQUE;VEHICULO;NO REPORTADO;NO REPORTA;Normal;No mantener distancia de seguridad
2300048;19/01/2023;7:10:00 a. m.;Jueves;2023;Enero;AUTOMOVIL;PARTICULAR;Acompañante;48;MASCULINO;HERIDOS;0;0;0;;KILOMETRO 13+50;retiro varia palmas enviga (km 5+43 - km 14+ 550);VEREDA PALMAS;6.159735915566761, -75.52642971318339;CHOQUE;VEHICULO;NO REPORTADO;NO REPORTA;Normal;No mantener distancia de seguridad
2300049;19/01/2023;12:00:00 p. m.;Jueves;2023;Enero;MOTOCICLETA;PARTICULAR;Motociclista;31;MASCULINO;HERIDOS;0;0;0;;CARRERA 43A FRENTE AL #48CSUR-45;;PRIMAVERA;6.162003136532466, -75.59826426768898;CHOQUE;VEHICULO;NO REPORTADO;NO REPORTA;Normal;Desobedecer señales
2300050;19/01/2023;7:00:00 a. m.;Jueves;2023;Enero;MOTOCICLETA;PARTICULAR;Motociclista;51;MASCULINO;HERIDOS;0;0;0;;CARRERA 50 ENTRE CALLE 27ASUR y CALLE 33SUR;;LAS VEGAS;6.179229, -75.591245;CHOQUE;VEHICULO;NO REPORTADO;NO REPORTA;Normal;Impericia en el manejo
2300050;19/01/2023;7:00:00 a. m.;Jueves;2023;Enero;MOTOCICLETA;PARTICULAR;Motociclista;32;MASCULINO;HERIDOS;0;0;0;;CARRERA 50 ENTRE CALLE 27ASUR y CALLE 33SUR;;LAS VEGAS;6.179229, -75.591245;CHOQUE;VEHICULO;NO REPORTADO;NO REPORTA;Normal;Impericia en el manejo
2300051;22/01/2023;1:52:00 a. m.;Domingo;2023;Enero;AUTOMOVIL;PARTICULAR;Acompañante;36;FEMENINO;HERIDOS;0;0;0;;CARRERA 48 CON CALLE 50 SUR;;LAS VEGAS;6.162072458716961, -75.60353659646475;CHOQUE;OBJETO FIJO;BARANDA;NO REPORTA;Normal;Embriaguez o droga
2300051;22/01/2023;1:52:00 a. m.;Domingo;2023;Enero;AUTOMOVIL;PARTICULAR;Acompañante;29;FEMENINO;HERIDOS;0;0;0;;CARRERA 48 CON CALLE 50 SUR;;LAS VEGAS;6.162072458716961, -75.60353659646475;CHOQUE;OBJETO FIJO;BARANDA;NO REPORTA;Normal;Embriaguez o droga
2300051;22/01/2023;1:52:00 a. m.;Domingo;2023;Enero;AUTOMOVIL;PARTICULAR;Conductor;29;FEMENINO;HERIDOS;0;0;0;;CARRERA 48 CON CALLE 50 SUR;;LAS VEGAS;6.162072458716961, -75.60353659646475;CHOQUE;OBJETO FIJO;BARANDA;NO REPORTA;Normal;Embriaguez o droga
2300051;22/01/2023;1:52:00 a. m.;Domingo;2023;Enero;AUTOMOVIL;PARTICULAR;Conductor;38;MASCULINO;HERIDOS;0;0;0;;CARRERA 48 CON CALLE 50 SUR;;LAS VEGAS;6.162072458716961, -75.60353659646475;CHOQUE;OBJETO FIJO;BARANDA;RESIDENCIAL;Normal;Embriaguez o droga
2300051;22/01/2023;1:52:00 a. m.;Domingo;2023;Enero;MOTOCICLETA;PARTICULAR;Motociclista;33;MASCULINO;HERIDOS;0;0;0;;CARRERA 48 CON CALLE 50 SUR;;LAS VEGAS;6.162072458716961, -75.60353659646475;CHOQUE;OBJETO FIJO;BARANDA;NO REPORTA;Normal;Embriaguez o droga
2300052;21/01/2023;8:47:00 p. m.;Sábado;2023;Enero;MOTOCICLETA;PARTICULAR;Motociclista;23;MASCULINO;HERIDOS;0;0;0;;CALLE 25SUR CON CARRERA 43A;;BOSQUES DE ZUÑIGA;6.181520, -75.581263;CHOQUE;VEHICULO;NO REPORTADO;NO REPORTA;Normal;Desobedecer señales
2300053;20/01/2023;2:55:00 p. m.;Viernes;2023;Enero;MOTOCICLETA;PARTICULAR;Motociclista;23;MASCULINO;HERIDOS;0;0;0;;KILOMETRO 16;medellín palmas envigado (km 12 - km 16+700);VEREDA PALMAS;6.153348297305752, -75.53845465548153;CHOQUE;VEHICULO;NO REPORTADO;NO REPORTA;Normal;Adelantar en curva
2300054;21/01/2023;1:30:00 p. m.;Sábado;2023;Enero;MICROBUS;PUBLICO;Pasajero;80;MASCULINO;HERIDOS;0;0;0;;CALLE 36DSUR FRENTE AL #27A-175;;LA PRADERA;6.163425938124568, -75.57262601912271;CAIDA OCUPANTE;NO REPORTADO;NO REPORTADO;NO REPORTA;Normal;Otra-Pasajero-Acompañante
2300055;23/01/2023;2:56:00 a. m.;Lunes;2023;Enero;AUTOMOVIL;PARTICULAR;Conductor;34;MASCULINO;HERIDOS;0;0;0;;KILOMETRO 13;medellín palmas envigado (km 12 - km 16+700);VEREDA PALMAS;6.165588005118269, -75.54511353779336;CHOQUE;OBJETO FIJO;OTRO TIPO;NO REPORTA;Normal;Impericia en el manejo
2300056;23/01/2023;4:40:00 p. m.;Lunes;2023;Enero;MOTOCICLETA;DIPLOMATICO;Motociclista;17;MASCULINO;HERIDOS;0;0;0;;CALLE 39SUR FRENTE AL #43A-61;;ALCALA;6.169133295065978, -75.58993508139437;CHOQUE;VEHICULO;NO REPORTADO;NO REPORTA;Normal;Otra-Conductor
2300057;22/01/2023;6:10:00 p. m.;Domingo;2023;Enero;AUTOMOVIL;PARTICULAR;Acompañante;45;FEMENINO;HERIDOS;0;0;0;;KILOMETRO 12+604;retiro varia palmas enviga (km 5+43 - km 14+ 550);VEREDA PALMAS;6.1602279548815675, -75.5223904912223;CHOQUE;VEHICULO;NO REPORTADO;NO REPORTA;Normal;No mantener distancia de seguridad
2300057;22/01/2023;6:10:00 p. m.;Domingo;2023;Enero;AUTOMOVIL;PARTICULAR;Acompañante;81;FEMENINO;HERIDOS;0;0;0;;KILOMETRO 12+604;retiro varia palmas enviga (km 5+43 - km 14+ 550);VEREDA PALMAS;6.1602279548815675, -75.5223904912223;CHOQUE;VEHICULO;NO REPORTADO;NO REPORTA;Normal;No mantener distancia de seguridad
2300057;22/01/2023;6:10:00 p. m.;Domingo;2023;Enero;AUTOMOVIL;PARTICULAR;Acompañante;12;FEMENINO;HERIDOS;0;0;0;;KILOMETRO 12+604;retiro varia palmas enviga (km 5+43 - km 14+ 550);VEREDA PALMAS;6.1602279548815675, -75.5223904912223;CHOQUE;VEHICULO;NO REPORTADO;NO REPORTA;Normal;No mantener distancia de seguridad
2300058;23/01/2023;4:25:00 p. m.;Lunes;2023;Enero;MOTOCICLETA;PARTICULAR;Motociclista;61;MASCULINO;HERIDOS;0;0;0;;CARRERA 34 CON CALLE 38 A SUR;;MESA;6.165888, -75.583075;CHOQUE;VEHICULO;NO REPORTADO;NO REPORTA;Normal;Desobedecer señales
2300059;20/01/2023;1:00:00 p. m.;Viernes;2023;Enero;MOTOCICLETA;PARTICULAR;Peaton;16;MASCULINO;HERIDOS;0;0;0;;CARRERA 43A FRENTE AL #31A SUR-09;;SAN MARCOS;6.176256337902813, -75.58555774058591;ATROPELLO;NO REPORTADO;NO REPORTADO;NO REPORTA;Normal;Cruzar sin observar
2300059;20/01/2023;1:00:00 p. m.;Viernes;2023;Enero;MOTOCICLETA;PARTICULAR;Motociclista;24;MASCULINO;HERIDOS;0;0;0;;CARRERA 43A FRENTE AL #31A SUR-09;;SAN MARCOS;6.176256337902813, -75.58555774058591;ATROPELLO;NO REPORTADO;NO REPORTADO;NO REPORTA;Normal;Cruzar sin observar
2300060;20/01/2023;12:10:00 p. m.;Viernes;2023;Enero;MOTOCICLETA;PARTICULAR;Motociclista;31;MASCULINO;HERIDOS;0;0;0;;CALLE 36DSUR FRENTE AL #27-105;;LA PRADERA;6.16292593069344, -75.57169193981991;CHOQUE;VEHICULO;NO REPORTADO;NO REPORTA;Normal;No mantener distancia de seguridad
2300061;20/01/2023;6:25:00 p. m.;Viernes;2023;Enero;MOTOCICLETA;PARTICULAR;Motociclista;29;FEMENINO;HERIDOS;0;0;0;;CALLE 37SUR CON CARRERA 50;;LAS VEGAS;6.175160548586797, -75.59545016040666;CHOQUE;VEHICULO;NO REPORTADO;NO REPORTA;Normal;Embriaguez aparente  -  No mantener distancia de seguridad
2300062;24/01/2023;2:50:00 p. m.;Martes;2023;Enero;MOTOCICLETA;PARTICULAR;Motociclista;38;MASCULINO;HERIDOS;0;0;0;;CARRERA 43A FRENTE AL #46ASUR-72;;PRIMAVERA;6.162375152742322, -75.5973951750342;VOLCAMIENTO;NO REPORTADO;NO REPORTADO;NO REPORTA;Normal;Impericia en el manejo
2300063;25/01/2023;8:00:00 a. m.;Miércoles;2023;Enero;MOTOCICLETA;PARTICULAR;Motociclista;28;MASCULINO;HERIDOS;0;0;0;;CARRERA 35 FRENTE AL #37 SUR-41;;MESA;6.167073, -75.582969;CHOQUE;VEHICULO;NO REPORTADO;NO REPORTA;Normal;Adelantar cerrando
2300064;25/01/2023;8:05:00 p. m.;Miércoles;2023;Enero;AUTOMOVIL;PARTICULAR;Acompañante;39;MASCULINO;HERIDOS;0;0;0;;CARRERA 43A CON CALLE 45BSUR;;LA PAZ;6.165090, -75.594499;CHOQUE;VEHICULO;NO REPORTADO;NO REPORTA;Normal;Desobedecer señales
2300064;25/01/2023;8:05:00 p. m.;Miércoles;2023;Enero;MOTOCICLETA;PARTICULAR;Motociclista;27;MASCULINO;HERIDOS;0;0;0;;CARRERA 43A CON CALLE 45BSUR;;LA PAZ;6.165090, -75.594499;CHOQUE;VEHICULO;NO REPORTADO;NO REPORTA;Normal;Desobedecer señales
2300065;26/01/2023;9:35:00 a. m.;Jueves;2023;Enero;BICICLETA;;Ciclista;34;MASCULINO;HERIDOS;0;0;0;;CALLE 39 SUR CARRERA 28;;SAN JOSE;6.161137368592233, -75.57986228520683;CHOQUE;VEHICULO;NO REPORTADO;NO REPORTA;Normal;Transitar uno al lado del otro
2300066;26/01/2023;4:10:00 p. m.;Jueves;2023;Enero;MOTOCICLETA;PARTICULAR;Motociclista;24;MASCULINO;HERIDOS;0;0;0;;CALLE 25 SUR FRENTE AL #46-122;;BOSQUES DE ZUÑIGA;6.183783, -75.582946;CHOQUE;VEHICULO;NO REPORTADO;NO REPORTA;Normal;Reverso imprudente
2300068;28/01/2023;6:45:00 p. m.;Sábado;2023;Enero;MOTOCICLETA;PARTICULAR;Motociclista;26;MASCULINO;HERIDOS;0;0;0;;CALLE 36DSUR FRENTRE AL #27C-40;;LA PRADERA;6.1643853519174305, -75.57386972603305;CHOQUE;OBJETO FIJO;OTRO TIPO;NO REPORTA;Normal;Impericia en el manejo
2300068;28/01/2023;6:45:00 p. m.;Sábado;2023;Enero;MOTOCICLETA;PARTICULAR;Acompañante;23;FEMENINO;HERIDOS;0;0;0;;CALLE 36DSUR FRENTRE AL #27C-40;;LA PRADERA;6.1643853519174305, -75.57386972603305;CHOQUE;OBJETO FIJO;OTRO TIPO;NO REPORTA;Normal;Impericia en el manejo
2300069;26/01/2023;3:30:00 p. m.;Jueves;2023;Enero;MOTOCICLETA;PARTICULAR;Motociclista;31;MASCULINO;HERIDOS;0;0;0;;CARRERA 43A FRENTE AL #33BSUR-21;;SAN MARCOS;6.173245458328802, -75.58694889219423;CHOQUE;VEHICULO;NO REPORTADO;NO REPORTA;Normal;Otra-Conductor
2300070;28/01/2023;2:30:00 p. m.;Sábado;2023;Enero;MOTOCICLETA;PARTICULAR;Peaton;76;FEMENINO;HERIDOS;0;0;0;;CARRERA 43A CALLE 35SUR;;SAN MARCOS;6.172438, -75.587473;ATROPELLO;NO REPORTADO;NO REPORTADO;NO REPORTA;Normal;Semaforo en rojo
2300070;28/01/2023;2:30:00 p. m.;Sábado;2023;Enero;MOTOCICLETA;PARTICULAR;Peaton;34;FEMENINO;HERIDOS;0;0;0;;CARRERA 43A CALLE 35SUR;;SAN MARCOS;6.172438, -75.587473;ATROPELLO;NO REPORTADO;NO REPORTADO;NO REPORTA;Normal;Semaforo en rojo
2300071;27/01/2023;10:35:00 a. m.;Viernes;2023;Enero;MOTOCICLETA;PARTICULAR;Motociclista;17;MASCULINO;HERIDOS;0;0;0;;CARRERA 43A CON CALLE 39SUR;;ALCALA;6.169043, -75.589561;CHOQUE;VEHICULO;NO REPORTADO;NO REPORTA;Normal;Desobedecer señales
2300071;27/01/2023;10:35:00 a. m.;Viernes;2023;Enero;MOTOCICLETA;PARTICULAR;Motociclista;30;MASCULINO;HERIDOS;0;0;0;;CARRERA 43A CON CALLE 39SUR;;ALCALA;6.169043, -75.589561;CHOQUE;VEHICULO;NO REPORTADO;NO REPORTA;Normal;Desobedecer señales
2300072;27/01/2023;7:50:00 a. m.;Viernes;2023;Enero;MOTOCICLETA;PARTICULAR;Motociclista;46;MASCULINO;HERIDOS;0;0;0;;CALLE 41B SUR FRENTE AL #25-26;;SAN RAFAEL;6.154073806435095, -75.58635881925312;CHOQUE;VEHICULO;NO REPORTADO;NO REPORTA;Normal;Impericia en el manejo
2300072;27/01/2023;7:50:00 a. m.;Viernes;2023;Enero;BICICLETA;;Ciclista;29;MASCULINO;HERIDOS;0;0;0;;CALLE 41B SUR FRENTE AL #25-26;;SAN RAFAEL;6.154073806435095, -75.58635881925312;CHOQUE;VEHICULO;NO REPORTADO;NO REPORTA;Normal;Impericia en el manejo
2300073;28/01/2023;2:00:00 p. m.;Sábado;2023;Enero;MOTOCICLETA;PARTICULAR;Motociclista;27;MASCULINO;HERIDOS;0;0;0;;KILOMETRO 13;medellín palmas envigado (km 12 - km 16+700);VEREDA PALMAS;6.165588005118269, -75.54511353779336;CHOQUE;VEHICULO;NO REPORTADO;NO REPORTA;Normal;Desobedecer señales  -  Transitar en contravia
2300073;28/01/2023;2:00:00 p. m.;Sábado;2023;Enero;MOTOCICLETA;PARTICULAR;Motociclista;18;MASCULINO;HERIDOS;0;0;0;;KILOMETRO 13;medellín palmas envigado (km 12 - km 16+700);VEREDA PALMAS;6.165588005118269, -75.54511353779336;CHOQUE;VEHICULO;NO REPORTADO;NO REPORTA;Normal;Desobedecer señales  -  Transitar en contravia
2300074;27/01/2023;1:00:00 p. m.;Viernes;2023;Enero;MOTOCICLETA;PARTICULAR;Motociclista;22;MASCULINO;HERIDOS;0;0;0;;CALLE 26B SUR FRENTE AL #42B-52;;LAS ORQUIDEAS;6.177473729406903, -75.58039903471725;CHOQUE;VEHICULO;NO REPORTADO;NO REPORTA;Normal;Otra-Conductor
2300075;29/01/2023;7:10:00 p. m.;Domingo;2023;Enero;MOTOCICLETA;PARTICULAR;Motociclista;22;MASCULINO;HERIDOS;0;0;0;;CARRERA 42B CALLE 45ASUR;;LA PAZ;6.1633856988367155, -75.59343123039943;CHOQUE;VEHICULO;NO REPORTADO;NO REPORTA;Normal;Desobedecer señales
2300075;29/01/2023;7:10:00 p. m.;Domingo;2023;Enero;MOTOCICLETA;PARTICULAR;Motociclista;17;MASCULINO;HERIDOS;0;0;0;;CARRERA 42B CALLE 45ASUR;;LA PAZ;6.1633856988367155, -75.59343123039943;CHOQUE;VEHICULO;NO REPORTADO;NO REPORTA;Normal;Desobedecer señales
2300076;29/01/2023;7:20:00 p. m.;Domingo;2023;Enero;MOTOCICLETA;PARTICULAR;Motociclista;26;MASCULINO;HERIDOS;0;0;0;;KILOMETRO 7+140;pantanill;VEREDA PANTANILLO;6.171477483052752, -75.4902725049993;CHOQUE;VEHICULO;NO REPORTADO;NO REPORTA;Normal;Adelantar por la derecha  -  Girar bruscamente
2300077;29/01/2023;3:35:00 p. m.;Domingo;2023;Enero;MOTOCICLETA;PARTICULAR;Motociclista;51;MASCULINO;HERIDOS;0;0;0;;CARRERA 50 ENTRE CALLE 37 SUR y CALLE 36 SUR;;LAS VEGAS;6.176135, -75.594156;CHOQUE;VEHICULO;NO REPORTADO;NO REPORTA;Normal;No mantener distancia de seguridad
2300079;29/01/2023;7:55:00 p. m.;Domingo;2023;Enero;MOTOCICLETA;PARTICULAR;Motociclista;20;MASCULINO;HERIDOS;0;0;0;;CARRERA 50 ENTRE CALLE 49SUR y CALLE 48SUR;;LAS VEGAS;6.165539, -75.602786;CHOQUE;VEHICULO;NO REPORTADO;NO REPORTA;Normal;Adelantar invadiendo carril del mismo sentido en zigzag  -  Desobedecer señales
2300080;29/01/2023;8:00:00 p. m.;Domingo;2023;Enero;MOTOCICLETA;PARTICULAR;Motociclista;21;MASCULINO;HERIDOS;0;0;0;;CALLE 36SUR FRENTE AL #39-54;;ZONA CENTRO;6.169880, -75.584720;CHOQUE;OBJETO FIJO;VEHICULO ESTACIONADO;NO REPORTA;Normal;Impericia en el manejo
2300080;29/01/2023;8:00:00 p. m.;Domingo;2023;Enero;MOTOCICLETA;PARTICULAR;Acompañante;14;FEMENINO;HERIDOS;0;0;0;;CALLE 36SUR FRENTE AL #39-54;;ZONA CENTRO;6.169880, -75.584720;CHOQUE;OBJETO FIJO;VEHICULO ESTACIONADO;NO REPORTA;Normal;Impericia en el manejo
2300081;30/01/2023;2:00:00 p. m.;Lunes;2023;Enero;AUTOMOVIL;PARTICULAR;Acompañante;32;FEMENINO;HERIDOS;0;0;0;;KILOMETRO 17;medellín palmas envigado (km 12 - km 16+700);VEREDA PALMAS;6.145379544795867, -75.53394953880691;ATROPELLO;NO REPORTADO;NO REPORTADO;NO REPORTA;Normal;Otra-Conductor
2300082;28/01/2023;6:30:00 p. m.;Sábado;2023;Enero;MOTOCICLETA;PARTICULAR;Motociclista;27;MASCULINO;HERIDOS;0;0;0;;CALLE 40 SUR FRENTE AL #27-149;;SAN JOSE;6.1600602788970455, -75.58135652583509;CHOQUE;VEHICULO;NO REPORTADO;RESIDENCIAL;Normal;Transitar en contravia
2300083;31/01/2023;7:30:00 a. m.;Martes;2023;Enero;BICICLETA;PARTICULAR;Peaton;23;FEMENINO;HERIDOS;0;0;0;;TRANSVERSAL 32CC FRENTE AL #31BB-11;;LAS FLORES;6.175874265012659, -75.580334634;ATROPELLO;NO REPORTADO;NO REPORTADO;NO REPORTA;Normal;Otra-Conductor
2300083;31/01/2023;7:30:00 a. m.;Martes;2023;Enero;BICICLETA;PARTICULAR;Ciclista;24;MASCULINO;HERIDOS;0;0;0;;TRANSVERSAL 32CC FRENTE AL #31BB-11;;LAS FLORES;6.175874265012659, -75.580334634;ATROPELLO;NO REPORTADO;NO REPORTADO;NO REPORTA;Normal;Otra-Conductor
2300084;30/01/2023;12:40:00 p. m.;Lunes;2023;Enero;BUS;PUBLICO;Peaton;69;MASCULINO;HERIDOS;0;0;0;;TRANSVERSAL 35DSUR FRENTE AL #33-121;;LOS NARANJOS;6.167803, -75.582472;ATROPELLO;NO REPORTADO;NO REPORTADO;COMERCIAL;Normal;Girar bruscamente
2300085;31/01/2023;10:00:00 p. m.;Martes;2023;Enero;MOTOCICLETA;PARTICULAR;Motociclista;40;MASCULINO;HERIDOS;1;0;0;20;CALLE 40SUR FRENTE AL #26A-16;;LA MINA;6.15795307380338, -75.58085743534416;CHOQUE;VEHICULO;NO REPORTADO;NO REPORTA;Normal;Embriaguez o droga  -  Girar bruscamente
2300086;31/01/2023;5:00:00 p. m.;Martes;2023;Enero;MOTOCICLETA;PARTICULAR;Motociclista;29;MASCULINO;HERIDOS;0;0;0;;CARRERA 50 FRENTE AL #39SUR-100;;LAS VEGAS;6.173303607160337, -75.59788796574267;CHOQUE;VEHICULO;NO REPORTADO;NO REPORTA;Normal;No mantener distancia de seguridad
2300087;31/01/2023;10:35:00 p. m.;Martes;2023;Enero;MOTOCICLETA;PARTICULAR;Motociclista;48;MASCULINO;HERIDOS;0;0;0;;CARRERA 48 CALLE 46 SUR;;LAS VEGAS;6.1663856356005, -75.59936123224769;CHOQUE;VEHICULO;NO REPORTADO;NO REPORTA;Normal;Impericia en el manejo
2300088;31/01/2023;5:40:00 p. m.;Martes;2023;Enero;BUS;PUBLICO;Pasajero;49;FEMENINO;HERIDOS;0;0;0;;CARRERA 48 ENTRE CALLES 25SUR Y 26SUR;;LAS VEGAS;6.174500, -75.591637;OTRO;NO REPORTADO;NO REPORTADO;NO REPORTA;Normal;Otra-Conductor
2300089;31/01/2023;5:00:00 p. m.;Martes;2023;Enero;MOTOCICLETA;PARTICULAR;Acompañante;38;MASCULINO;HERIDOS;0;0;0;;CARRERA 28 FRENTE AL #41ASUR-30;;SAN RAFAEL;6.158857718759019, -75.58311535444018;CAIDA OCUPANTE;NO REPORTADO;NO REPORTADO;NO REPORTA;Normal;Superficie lisa
2300089;31/01/2023;5:00:00 p. m.;Martes;2023;Enero;MOTOCICLETA;PARTICULAR;Motociclista;38;FEMENINO;HERIDOS;0;0;0;;CARRERA 28 FRENTE AL #41ASUR-30;;SAN RAFAEL;6.158857718759019, -75.58311535444018;CAIDA OCUPANTE;NO REPORTADO;NO REPORTADO;NO REPORTA;Normal;Superficie lisa
2300090;1/02/2023;11:10:00 p. m.;Miércoles;2023;Febrero;MOTOCICLETA;PARTICULAR;Motociclista;32;MASCULINO;HERIDOS;0;0;0;;KILOMETRO 13;medellín palmas envigado (km 12 - km 16+700);VEREDA PALMAS;6.164914589827073, -75.54508552999407;VOLCAMIENTO;NO REPORTADO;NO REPORTADO;NO REPORTA;Normal;Impericia en el manejo
2300091;31/01/2023;10:24:00 a. m.;Martes;2023;Enero;MOTOCICLETA;PARTICULAR;Peaton;71;MASCULINO;HERIDOS;0;0;0;;CARRERA 43A CALLE 38 SUR;;ALCALA;6.1705040782309535, -75.58875470447713;ATROPELLO;NO REPORTADO;NO REPORTADO;NO REPORTA;Normal;Cruzar sin observar
2300091;31/01/2023;10:24:00 a. m.;Martes;2023;Enero;MOTOCICLETA;PARTICULAR;Motociclista;30;MASCULINO;HERIDOS;0;0;0;;CARRERA 43A CALLE 38 SUR;;ALCALA;6.1705040782309535, -75.58875470447713;ATROPELLO;NO REPORTADO;NO REPORTADO;NO REPORTA;Normal;Cruzar sin observar
2300092;1/02/2023;11:50:00 a. m.;Miércoles;2023;Febrero;MOTOCICLETA;PARTICULAR;Acompañante;24;FEMENINO;HERIDOS;0;0;0;;CALLE 39SUR CON CARRERA 43;;ZONA CENTRO;6.168621, -75.588798;ATROPELLO;NO REPORTADO;NO REPORTADO;NO REPORTA;Normal;Otra-Conductor
2300093;3/02/2023;8:27:00 a. m.;Viernes;2023;Febrero;MOTOCICLETA;PARTICULAR;Motociclista;28;MASCULINO;HERIDOS;0;0;0;;CARRERA 43A ENTRE CALLE 33SUR y CALLE 32BSUR;;SAN MARCOS;6.173578, -75.586703;CHOQUE;VEHICULO;NO REPORTADO;NO REPORTA;Normal;Girar bruscamente
2300094;1/02/2023;9:05:00 p. m.;Miércoles;2023;Febrero;MOTOCICLETA;PARTICULAR;Motociclista;26;FEMENINO;HERIDOS;0;0;0;;CARRERA 43A CALLE 45BSUR;;LA PAZ;6.164795, -75.594915;CHOQUE;VEHICULO;NO REPORTADO;NO REPORTA;Normal;Semaforo en rojo
2300095;2/02/2023;2:00:00 p. m.;Jueves;2023;Febrero;MOTOCICLETA;PARTICULAR;Motociclista;35;FEMENINO;HERIDOS;0;0;0;;CARRERA 48 CALLE 36SUR;;LAS VEGAS;6.1742089374233755, -75.59193440102081;CAIDA OCUPANTE;NO REPORTADO;NO REPORTADO;NO REPORTA;Normal;Impericia en el manejo
2300096;2/02/2023;12:40:00 a. m.;Jueves;2023;Febrero;MOTOCICLETA;PARTICULAR;Acompañante;27;FEMENINO;HERIDOS;0;0;0;;CARRERA 41 CON CALLE 38A SUR;;ZONA CENTRO;6.168442, -75.587065;CHOQUE;VEHICULO;NO REPORTADO;NO REPORTA;Normal;Semaforo en rojo
2300096;2/02/2023;12:40:00 a. m.;Jueves;2023;Febrero;MOTOCICLETA;PARTICULAR;Motociclista;26;MASCULINO;HERIDOS;0;0;0;;CARRERA 41 CON CALLE 38A SUR;;ZONA CENTRO;6.168442, -75.587065;CHOQUE;VEHICULO;NO REPORTADO;NO REPORTA;Normal;Semaforo en rojo