NRO_RADICADO;FECHA_ACCIDENTE;HORA_ACCIDENTE;Día de la semana;AÑO;MES;CLASE_VEHICULO;TIPO_SERVICIO;TIPO_VICTIMA;EDAD;GENERO;GRAVEDAD;ESTADO_BEODEZ;ESTADO_DROGA;RESULTADO_BEODEZ;RESUL_BEODEZ_GRAMOS;DIRECCION_CARACT_VIA;TRAMO_VIA;LOCALIDAD_O_COMUNA;    GEORREFERENCIACIÓN;DESC_CLASE_ACCIDENTE;DESC_CHOQUE_ACCIDENTE;DESC_OBJETO_FIJO;DESC_SECTOR_ACCIDENTE;CONDICION_CLIMATICA;CAUSA_ACCIDENTE
2300097;4/02/2023;10:25:00 a. m.;Sábado;2023;Febrero;MOTOTRICICLO;;Motociclista;26;FEMENINO;HERIDOS;0;0;0;0;CARRERA 29B FRENTE AL #39SUR-77;;SAN JOSE;6.16277183987919, -75.58054358677195;CHOQUE;VEHICULO;NO REPORTADO;NO REPORTA;Normal;No mantener distancia de seguridad
2300098;3/02/2023;5:44:00 p. m.;Viernes;2023;Febrero;MOTOCICLETA;PARTICULAR;Motociclista;26;MASCULINO;HERIDOS;0;0;0;0;CALLE 37 SUR FRENTE AL #27-90;;VEREDA EL ESCOBERO;6.1600603435662205, -75.57141896105726;CHOQUE;VEHICULO;NO REPORTADO;NO REPORTA;Normal;Impericia en el manejo
2300099;3/02/2023;1:40:00 p. m.;Viernes;2023;Febrero;MOTOCICLETA;PARTICULAR;Motociclista;21;MASCULINO;HERIDOS;0;0;0;0;CARRERA 50 CALLE 39 SUR;;LAS VEGAS;6.173867, -75.597029;CHOQUE;VEHICULO;NO REPORTADO;NO REPORTA;Normal;Impericia en el manejo  -  Otra-Conductor
2300100;3/02/2023;2:55:00 p. m.;Viernes;2023;Febrero;MOTOCICLETA;PARTICULAR;Motociclista;21;MASCULINO;HERIDOS;0;0;0;0;CARRERA 43A CALLE 23SUR;;LAS ORQUIDEAS;6.182551786175265, -75.58021707870503;CHOQUE;VEHICULO;NO REPORTADO;NO REPORTA;Normal;Otra-Conductor
2300101;5/02/2023;7:05:00 p. m.;Domingo;2023;Febrero;MOTOCICLETA;PARTICULAR;Acompañante;46;FEMENINO;HERIDOS;0;0;0;;CALLE 39D SUR CARRERA 24EE;;EL CHINGUÍ;6.151790, -75.576215;CHOQUE;VEHICULO;NO REPORTADO;NO REPORTA;Normal;No respetar prelacion
2300101;5/02/2023;7:05:00 p. m.;Domingo;2023;Febrero;MOTOCICLETA;PARTICULAR;Motociclista;50;MASCULINO;HERIDOS;0;0;0;;CALLE 39D SUR CARRERA 24EE;;EL CHINGUÍ;6.151790, -75.576215;CHOQUE;VEHICULO;NO REPORTADO;NO REPORTA;Normal;No respetar prelacion
2300102;5/02/2023;6:25:00 p. m.;Domingo;2023;Febrero;BICICLETA;;Ciclista;65;MASCULINO;HERIDOS;0;0;0;;CALLE 39SUR CON CARRERA 41;;ZONA CENTRO;6.167778, -75.587461;CHOQUE;VEHICULO;NO REPORTADO;COMERCIAL;Normal;Desobedecer señales
2300103;3/02/2023;7:00:00 p. m.;Viernes;2023;Febrero;MOTOCICLETA;PARTICULAR;Motociclista;18;FEMENINO;HERIDOS;0;0;0;0;CARRERA 48 ENTRE CALLE 36SUR y CALLE 37SUR;;LAS VEGAS;6.173658, -75.592442;VOLCAMIENTO;NO REPORTADO;NO REPORTADO;NO REPORTA;Normal;Impericia en el manejo
2300104;4/02/2023;1:40:00 p. m.;Sábado;2023;Febrero;MOTOCICLETA;PARTICULAR;Motociclista;37;MASCULINO;HERIDOS;0;0;0;0;CARRERA 43A CON CALLE 39SUR;;ALCALA;6.169043, -75.589559;CHOQUE;VEHICULO;NO REPORTADO;NO REPORTA;Normal;Semaforo en rojo
2300104;4/02/2023;1:40:00 p. m.;Sábado;2023;Febrero;MOTOCICLETA;PARTICULAR;Motociclista;22;MASCULINO;HERIDOS;0;0;0;0;CARRERA 43A CON CALLE 39SUR;;ALCALA;6.169043, -75.589559;CHOQUE;VEHICULO;NO REPORTADO;NO REPORTA;Normal;Semaforo en rojo
2300105;6/02/2023;7:02:00 p. m.;Lunes;2023;Febrero;MICROBUS;PUBLICO;Pasajero;37;FEMENINO;HERIDOS;0;0;0;0;CALLE 40C SUR CARRERA 29B;;SAN JOSE;6.161003, -75.583275;CAIDA OCUPANTE;NO REPORTADO;NO REPORTADO;NO REPORTA;Normal;Arrancar sin precaucion
2300106;7/02/2023;3:30:00 p. m.;Martes;2023;Febrero;MOTOCICLETA;PARTICULAR;Acompañante;58;MASCULINO;HERIDOS;0;0;0;0;CALLE 36D SUR CARRERA 27;;LA PRADERA;6.162273253618032, -75.57027036905892;VOLCAMIENTO;NO REPORTADO;NO REPORTADO;NO REPORTA;Normal;Impericia en el manejo
2300106;7/02/2023;3:30:00 p. m.;Martes;2023;Febrero;MOTOCICLETA;PARTICULAR;Motociclista;65;MASCULINO;HERIDOS;0;0;0;0;CALLE 36D SUR CARRERA 27;;LA PRADERA;6.162273253618032, -75.57027036905892;VOLCAMIENTO;NO REPORTADO;NO REPORTADO;NO REPORTA;Normal;Impericia en el manejo
2300107;7/02/2023;8:30:00 a. m.;Martes;2023;Febrero;MOTOCICLETA;PARTICULAR;Peaton;61;FEMENINO;HERIDOS;0;0;0;0;CARRERA 29A FRENTE AL #39BSUR-21;;SAN JOSE;6.16280146884244, -75.58172692183045;ATROPELLO;NO REPORTADO;NO REPORTADO;NO REPORTA;Normal;Adelantar en zona prohibida
2300108;6/02/2023;4:15:00 p. m.;Lunes;2023;Febrero;MOTOCICLETA;PARTICULAR;Motociclista;29;MASCULINO;HERIDOS;0;0;0;;CARRERA 32B FRENTE AL #40FSUR-05;;EL DORADO;6.161909629461773, -75.58555723505557;CHOQUE;VEHICULO;NO REPORTADO;NO REPORTA;Normal;Adelantar cerrando
2300109;6/02/2023;7:30:00 p. m.;Lunes;2023;Febrero;MOTOCICLETA;PARTICULAR;Motociclista;20;MASCULINO;HERIDOS;0;0;0;0;TRANSVERSAL 34DSUR DIAGONAL 33;;OBRERO;6.170882, -75.583413;CHOQUE;VEHICULO;NO REPORTADO;NO REPORTA;Normal;Desobedecer señales
2300110;7/02/2023;1:35:00 p. m.;Martes;2023;Febrero;MOTOCICLETA;PARTICULAR;Motociclista;19;MASCULINO;HERIDOS;0;0;0;0;CARRERA 50 ENTRE CALLE 30SUR Y 28SUR;;LAS VEGAS;6.177707, -75.592528;CHOQUE;VEHICULO;NO REPORTADO;NO REPORTA;Normal;No mantener distancia de seguridad
2300112;8/02/2023;7:10:00 p. m.;Miércoles;2023;Febrero;MOTOCICLETA;PARTICULAR;Motociclista;22;MASCULINO;HERIDOS;0;0;0;;CARRERA 50 FRENTE AL #48SUR-60;;LAS VEGAS;6.164817, -75.603000;CHOQUE;OBJETO FIJO;MURO;NO REPORTA;Normal;Impericia en el manejo
2300113;7/02/2023;5:50:00 a. m.;Martes;2023;Febrero;MOTOCICLETA;PARTICULAR;Peaton;47;FEMENINO;HERIDOS;0;0;0;;CARRERA 43A CALLE 45SUR;;LA PAZ;6.165078718962504, -75.59449645648601;ATROPELLO;NO REPORTADO;NO REPORTADO;NO REPORTA;Normal;Desobedecer señales  -  Pasar semaforo en rojo
2300114;8/02/2023;8:24:00 a. m.;Miércoles;2023;Febrero;CAMIONETA;PUBLICO;Conductor;60;MASCULINO;HERIDOS;0;0;0;;CALLE 38ASUR FRENTE AL #40-75;;ZONA CENTRO;6.1692030276921885, -75.58615346499516;CHOQUE;VEHICULO;NO REPORTADO;NO REPORTA;Normal;No mantener distancia de seguridad
2300115;8/02/2023;7:45:00 a. m.;Miércoles;2023;Febrero;MOTOCICLETA;PARTICULAR;Motociclista;47;MASCULINO;HERIDOS;0;0;0;;CARRERA 50 ENTRE CALLE 30 SUR y CALLE 32BSUR;;LAS VEGAS;6.178343, -75.592046;CHOQUE;VEHICULO;NO REPORTADO;NO REPORTA;Normal;No mantener distancia de seguridad
2300116;8/02/2023;4:40:00 p. m.;Miércoles;2023;Febrero;CAMIONETA;PARTICULAR;Conductor;22;FEMENINO;HERIDOS;0;0;0;;KILOMETRO 3;el escobero - km 0-13);VEREDA EL ESCOBERO;6.136405768942477, -75.55455028687997;CHOQUE;VEHICULO;NO REPORTADO;NO REPORTA;Normal;Impericia en el manejo
2300117;8/02/2023;5:40:00 p. m.;Miércoles;2023;Febrero;MOTOCICLETA;PARTICULAR;Motociclista;53;MASCULINO;HERIDOS;0;0;0;;CALLE 39SUR FRENTE AL #38ASUR-05;;MESA;6.166669593021878, -75.58589045003114;CHOQUE;VEHICULO;NO REPORTADO;NO REPORTA;Normal;Desobedecer señales
2300118;8/02/2023;5:00:00 p. m.;Miércoles;2023;Febrero;MOTOCICLETA;PARTICULAR;Acompañante;24;MASCULINO;HERIDOS;0;0;0;;KILOMETRO 13;medellín palmas envigado (km 12 - km 16+700);VEREDA PALMAS;6.164914589827073, -75.54508552999407;CHOQUE;OBJETO FIJO;OTRO TIPO;NO REPORTA;Normal;Impericia en el manejo
2300119;9/02/2023;5:45:00 p. m.;Jueves;2023;Febrero;MOTOCICLETA;PARTICULAR;Motociclista;23;FEMENINO;HERIDOS;0;0;0;;CARRERA 46 FRENTE AL # 39ASUR-105;;ALCALA;6.170203, -75.592692;CHOQUE;VEHICULO;NO REPORTADO;NO REPORTA;Normal;No mantener distancia de seguridad
2300120;9/02/2023;5:10:00 a. m.;Jueves;2023;Febrero;MOTOCICLETA;PARTICULAR;Motociclista;26;MASCULINO;HERIDOS;0;0;0;0;CARRERA 48 CALLE 43SUR;;LAS VEGAS;6.168402612633941, -75.59721976638771;CHOQUE;VEHICULO;NO REPORTADO;NO REPORTA;Normal;No mantener distancia de seguridad
2300121;11/02/2023;7:30:00 a. m.;Sábado;2023;Febrero;MOTOCICLETA;PARTICULAR;Motociclista;56;MASCULINO;HERIDOS;0;0;0;0;CARRERA 43A CON CALLE 49DSUR;;LOMA DEL BARRO;6.160756755227707, -75.60063593267961;CHOQUE;VEHICULO;NO REPORTADO;NO REPORTA;Normal;Desobedecer señales
2300121;11/02/2023;7:30:00 a. m.;Sábado;2023;Febrero;MOTOCICLETA;PARTICULAR;Motociclista;28;MASCULINO;HERIDOS;0;0;0;0;CARRERA 43A CON CALLE 49DSUR;;LOMA DEL BARRO;6.160756755227707, -75.60063593267961;CHOQUE;VEHICULO;NO REPORTADO;NO REPORTA;Normal;Desobedecer señales
2300122;9/02/2023;9:20:00 a. m.;Jueves;2023;Febrero;MOTOCICLETA;PARTICULAR;Acompañante;31;FEMENINO;HERIDOS;0;0;0;0;CALLE 39 SUR CARRERA 42;;ZONA CENTRO;6.1682587245525875, -75.58821157722788;CHOQUE;VEHICULO;NO REPORTADO;NO REPORTA;Normal;Desobedecer señales
2300122;9/02/2023;9:20:00 a. m.;Jueves;2023;Febrero;MOTOCICLETA;PARTICULAR;Motociclista;33;MASCULINO;HERIDOS;0;0;0;0;CALLE 39 SUR CARRERA 42;;ZONA CENTRO;6.1682587245525875, -75.58821157722788;CHOQUE;VEHICULO;NO REPORTADO;NO REPORTA;Normal;Desobedecer señales
2300123;10/02/2023;7:50:00 a. m.;Viernes;2023;Febrero;MOTOCICLETA;PARTICULAR;Peaton;49;FEMENINO;HERIDOS;0;0;0;0;DIAGONAL 29 TRANSVERSAL 34DSUR;;URIBE ANGEL;6.171554020613719, -75.5775151645036;ATROPELLO;NO REPORTADO;NO REPORTADO;NO REPORTA;Normal;Cruzar sin observar
2300124;11/02/2023;4:10:00 a. m.;Sábado;2023;Febrero;MOTOCICLETA;PARTICULAR;Motociclista;55;MASCULINO;HERIDOS;0;0;0;0;CARRERA 48 CALLE 25SUR;;LAS VEGAS;6.185519, -75.582878;CHOQUE;VEHICULO;NO REPORTADO;NO REPORTA;Normal;Desobedecer señales
2300125;11/02/2023;8:50:00 a. m.;Sábado;2023;Febrero;MOTOCICLETA;PARTICULAR;Motociclista;30;FEMENINO;HERIDOS;0;0;0;0;CARRERA 50 FRENTE AL #26SUR-27;;LAS VEGAS;6.185260, -75.586900;VOLCAMIENTO;NO REPORTADO;NO REPORTADO;NO REPORTA;Normal;Superficie lisa
2300126;12/02/2023;10:38:00 p. m.;Domingo;2023;Febrero;AUTOMOVIL;PARTICULAR;Conductor;34;MASCULINO;HERIDOS;0;0;0;0;KILOMETRO 14;medellín palmas envigado (km 12 - km 16+700);VEREDA PALMAS;6.158065354734575, -75.54655033162547;CHOQUE;OBJETO FIJO;MURO;NO REPORTA;Normal;Embriaguez aparente
2300128;12/02/2023;11:48:00 a. m.;Domingo;2023;Febrero;MOTOCICLETA;PARTICULAR;Motociclista;17;MASCULINO;HERIDOS;0;0;0;0;TRANSVERSAL 34DSUR DIAGONAL 32;;OBRERO;6.171663827843585, -75.58109442072849;CHOQUE;VEHICULO;NO REPORTADO;NO REPORTA;Normal;Desobedecer señales
2300129;13/02/2023;11:30:00 a. m.;Lunes;2023;Febrero;MOTOCICLETA;OFICIAL;Motociclista;44;MASCULINO;HERIDOS;0;0;0;;CARRERA 45A CALLE 37SUR;;EL PORTAL;6.172145798022078, -75.5897976379442;CHOQUE;VEHICULO;NO REPORTADO;NO REPORTA;Normal;Adelantar por la derecha  -  Desobedecer señales
2300130;13/02/2023;8:30:00 p. m.;Lunes;2023;Febrero;MOTOCICLETA;PARTICULAR;Motociclista;30;MASCULINO;HERIDOS;0;0;0;0;CALLE 25AASUR FRENTE AL #48-75;;LAS VEGAS;6.184396, -75.585197;CAIDA OCUPANTE;NO REPORTADO;NO REPORTADO;NO REPORTA;Normal;Girar bruscamente
2300131;13/02/2023;7:40:00 a. m.;Lunes;2023;Febrero;MOTOCICLETA;PARTICULAR;Acompañante;31;FEMENINO;HERIDOS;0;0;0;0;CARRERA 48 ENTRE CALLES 46ASUR Y 46SUR;;PRIMAVERA;6.166199, -75.599481;CHOQUE;VEHICULO;NO REPORTADO;NO REPORTA;Normal;No mantener distancia de seguridad
2300132;13/02/2023;2:10:00 p. m.;Lunes;2023;Febrero;MOTOCICLETA;PARTICULAR;Motociclista;21;MASCULINO;HERIDOS;0;0;0;0;CARRERA 50 CON CALLE 37SUR;;LAS VEGAS;6.17529534924958, -75.59503801550844;CHOQUE;VEHICULO;NO REPORTADO;NO REPORTA;Normal;No respetar pelacion de interseccion o giros
2300132;13/02/2023;2:10:00 p. m.;Lunes;2023;Febrero;MOTOCICLETA;PARTICULAR;Acompañante;28;MASCULINO;HERIDOS;0;0;0;0;CARRERA 50 CON CALLE 37SUR;;LAS VEGAS;6.17529534924958, -75.59503801550844;CHOQUE;VEHICULO;NO REPORTADO;NO REPORTA;Normal;No respetar pelacion de interseccion o giros
2300133;14/02/2023;6:40:00 a. m.;Martes;2023;Febrero;BUSETA;PUBLICO;Pasajero;64;FEMENINO;HERIDOS;0;0;0;;CALLE 39DSUR FRENTE AL #25-15;;EL CHINGUÍ;6.1539747108622915, -75.57755254268922;CAIDA OCUPANTE;NO REPORTADO;NO REPORTADO;NO REPORTA;Normal;Arrancar sin precaucion
2300134;14/02/2023;10:15:00 a. m.;Martes;2023;Febrero;MOTOCICLETA;PARTICULAR;Motociclista;49;MASCULINO;HERIDOS;0;0;0;0;CARRERA 50 ENTRE CALLES 49SUR Y 48SUR;;LAS VEGAS;6.165089, -75.602879;CHOQUE;VEHICULO;NO REPORTADO;NO REPORTA;Normal;Desobedecer señales
2300135;14/02/2023;1:55:00 p. m.;Martes;2023;Febrero;MOTOCICLETA;PARTICULAR;Acompañante;15;MASCULINO;HERIDOS;0;0;0;;TRANSVERSAL 34DSUR DIAGONAL 32;;OBRERO;6.171663827843585, -75.58109442072849;CHOQUE;VEHICULO;NO REPORTADO;NO REPORTA;Normal;Adelantar en zona prohibida
2300135;14/02/2023;1:55:00 p. m.;Martes;2023;Febrero;MOTOCICLETA;PARTICULAR;Motociclista;18;MASCULINO;HERIDOS;0;0;0;;TRANSVERSAL 34DSUR DIAGONAL 32;;OBRERO;6.171663827843585, -75.58109442072849;CHOQUE;VEHICULO;NO REPORTADO;NO REPORTA;Normal;Adelantar en zona prohibida
2300136;15/02/2023;5:00:00 p. m.;Miércoles;2023;Febrero;MOTOCICLETA;PARTICULAR;Motociclista;35;MASCULINO;HERIDOS;0;0;0;;KILOMETRO 17;la esperanza;VEREDA PALMAS;6.145379544795867, -75.53394953880691;CHOQUE;VEHICULO;NO REPORTADO;NO REPORTA;Normal;Impericia en el manejo
2300137;15/02/2023;5:00:00 p. m.;Miércoles;2023;Febrero;MICROBUS;PUBLICO;Pasajero;57;FEMENINO;HERIDOS;0;0;0;;CARRERA 49 CALLE 37SUR;;LAS VEGAS;6.175555, -75.594665;CAIDA OCUPANTE;NO REPORTADO;NO REPORTADO;NO REPORTA;Normal;Otra-Pasajero-Acompañante
2300138;15/02/2023;5:20:00 p. m.;Miércoles;2023;Febrero;MOTOCICLETA;PARTICULAR;Motociclista;45;MASCULINO;HERIDOS;0;0;0;;CARRERA 48 CLL 39SUR;;ALCALA;6.171737751157002, -75.59375138814383;CHOQUE;VEHICULO;NO REPORTADO;NO REPORTA;Normal;Semaforo en rojo
2300138;15/02/2023;5:20:00 p. m.;Miércoles;2023;Febrero;MOTOCICLETA;PARTICULAR;Motociclista;33;MASCULINO;HERIDOS;0;0;0;;CARRERA 48 CLL 39SUR;;ALCALA;6.171737751157002, -75.59375138814383;CHOQUE;VEHICULO;NO REPORTADO;NO REPORTA;Normal;Semaforo en rojo
2300138;15/02/2023;5:20:00 p. m.;Miércoles;2023;Febrero;MOTOCICLETA;PARTICULAR;Motociclista;24;MASCULINO;HERIDOS;0;0;0;;CARRERA 48 CLL 39SUR;;ALCALA;6.171737751157002, -75.59375138814383;CHOQUE;VEHICULO;NO REPORTADO;NO REPORTA;Normal;Semaforo en rojo
2300139;16/02/2023;6:00:00 p. m.;Jueves;2023;Febrero;AUTOMOVIL;PARTICULAR;Acompañante;52;FEMENINO;HERIDOS;0;0;0;;KILOMETRO 10+900;retiro varia palmas enviga (km 5+43 - km 14+ 550);VEREDA PANTANILLO;6.1621811279075285, -75.5108893955257;CHOQUE;VEHICULO;NO REPORTADO;NO REPORTA;Normal;No mantener distancia de seguridad
2300139;16/02/2023;6:00:00 p. m.;Jueves;2023;Febrero;AUTOMOVIL;PARTICULAR;Conductor;23;FEMENINO;HERIDOS;0;0;0;;KILOMETRO 10+900;retiro varia palmas enviga (km 5+43 - km 14+ 550);VEREDA PANTANILLO;6.1621811279075285, -75.5108893955257;CHOQUE;VEHICULO;NO REPORTADO;NO REPORTA;Normal;No mantener distancia de seguridad
2300140;16/02/2023;8:08:00 a. m.;Jueves;2023;Febrero;MOTOCICLETA;PARTICULAR;Motociclista;29;MASCULINO;HERIDOS;0;0;0;;KILOMETRO 14+950;medellín palmas envigado (km 12 - km 16+700);VEREDA PALMAS;6.152254364177703, -75.54671207240533;CAIDA OCUPANTE;NO REPORTADO;NO REPORTADO;NO REPORTA;Lluvia;Impericia en el manejo  -  Superficie humeda
2300141;18/02/2023;1:45:00 p. m.;Sábado;2023;Febrero;MOTOCICLETA;PARTICULAR;Motociclista;19;MASCULINO;HERIDOS;0;0;0;;CARRERA 48 CALLE 40SUR;;LAS VEGAS;6.169921466611229, -75.5957077148932;CHOQUE;VEHICULO;NO REPORTADO;NO REPORTA;Normal;No mantener distancia de seguridad
2300142;18/02/2023;1:10:00 p. m.;Sábado;2023;Febrero;MOTOCICLETA;PARTICULAR;Motociclista;37;MASCULINO;HERIDOS;0;0;0;;CALLE 38ASUR FRENTE AL #42-73;;ZONA CENTRO;6.169235818538191, -75.58830778957073;CHOQUE;VEHICULO;NO REPORTADO;NO REPORTA;Normal;No mantener distancia de seguridad
2300143;18/02/2023;9:25:00 a. m.;Sábado;2023;Febrero;MOTOCICLETA;PARTICULAR;Motociclista;20;MASCULINO;HERIDOS;0;0;0;;CALLE 39SUR CARRERA 36;;MESA;6.165901285601747, -75.58459364593186;CHOQUE;VEHICULO;NO REPORTADO;NO REPORTA;Normal;Desobedecer señales  -  No respetar pelacion de interseccion o giros
2300143;18/02/2023;9:25:00 a. m.;Sábado;2023;Febrero;MOTOCICLETA;PARTICULAR;Acompañante;32;MASCULINO;HERIDOS;0;0;0;;CALLE 39SUR CARRERA 36;;MESA;6.165901285601747, -75.58459364593186;CHOQUE;VEHICULO;NO REPORTADO;NO REPORTA;Normal;Desobedecer señales  -  No respetar pelacion de interseccion o giros
2300144;17/02/2023;2:30:00 a. m.;Viernes;2023;Febrero;MOTOCICLETA;PARTICULAR;Motociclista;26;MASCULINO;HERIDOS;1;0;1;80;CARRERA 43A CALLE 38ASUR;;ALCALA;6.169789815265628, -75.58921875368479;CHOQUE;VEHICULO;NO REPORTADO;NO REPORTA;Normal;Otra-Conductor
2300145;17/02/2023;6:55:00 p. m.;Viernes;2023;Febrero;MOTOCICLETA;PARTICULAR;Motociclista;25;MASCULINO;HERIDOS;0;0;0;;CARRERA 27 CALLE 36SUR;;LA INMACULADA;6.167035616730892, -75.56934277398975;CHOQUE;VEHICULO;NO REPORTADO;NO REPORTA;Normal;Otra-Conductor
2300146;17/02/2023;7:20:00 a. m.;Viernes;2023;Febrero;MOTOCICLETA;PARTICULAR;Motociclista;29;MASCULINO;HERIDOS;0;0;0;;CARRERA 49 CALLE 37SUR;;LAS VEGAS;6.175555, -75.594665;CHOQUE;VEHICULO;NO REPORTADO;NO REPORTA;Normal;Desobedecer señales
2300148;18/02/2023;6:30:00 p. m.;Sábado;2023;Febrero;MOTOCICLETA;PARTICULAR;Peaton;61;FEMENINO;HERIDOS;0;0;0;;CARRERA 46 CALLE 37ASUR;;ALCALA;6.172314229247537, -75.59112405844385;OTRO;NO REPORTADO;NO REPORTADO;NO REPORTA;Normal;Otra-Conductor
2300148;18/02/2023;6:30:00 p. m.;Sábado;2023;Febrero;MOTOCICLETA;PARTICULAR;Motociclista;26;MASCULINO;HERIDOS;0;0;0;;CARRERA 46 CALLE 37ASUR;;ALCALA;6.172314229247537, -75.59112405844385;OTRO;NO REPORTADO;NO REPORTADO;NO REPORTA;Normal;Otra-Conductor
2300149;18/02/2023;2:05:00 p. m.;Sábado;2023;Febrero;MOTOCICLETA;PARTICULAR;Motociclista;27;FEMENINO;HERIDOS;0;0;0;;CALLE 25SUR FRENTE AL #46-220;;BOSQUES DE ZUÑIGA;6.1847096138037125, -75.58254199921444;VOLCAMIENTO;NO REPORTADO;NO REPORTADO;NO REPORTA;Normal;Impericia en el manejo
2300150;18/02/2023;12:30:00 p. m.;Sábado;2023;Febrero;MOTOCICLETA;PARTICULAR;Motociclista;26;FEMENINO;HERIDOS;0;0;0;;CARRERA 48 FRENTE AL # 25AASUR-70;;LAS VEGAS;6.183339666752661, -75.58512412509695;CHOQUE;VEHICULO;NO REPORTADO;NO REPORTA;Normal;Otra-Conductor
2300151;20/02/2023;8:15:00 a. m.;Lunes;2023;Febrero;MOTOCICLETA;PARTICULAR;Motociclista;19;MASCULINO;HERIDOS;0;0;0;;CARRERA 50 ENTRE CALLE 43SUR y CALLE 45SUR;;LAS VEGAS;6.170804879942292, -75.60096825856432;VOLCAMIENTO;NO REPORTADO;NO REPORTADO;NO REPORTA;Normal;Huecos
2300151;20/02/2023;8:15:00 a. m.;Lunes;2023;Febrero;MOTOCICLETA;PARTICULAR;Acompañante;19;FEMENINO;HERIDOS;0;0;0;;CARRERA 50 ENTRE CALLE 43SUR y CALLE 45SUR;;LAS VEGAS;6.170804879942292, -75.60096825856432;VOLCAMIENTO;NO REPORTADO;NO REPORTADO;NO REPORTA;Normal;Huecos
2300152;18/02/2023;12:50:00 a. m.;Sábado;2023;Febrero;MOTOCICLETA;PARTICULAR;Motociclista;24;MASCULINO;HERIDOS;0;0;0;;CARRERA 43A CALLE 21SUR;;BOSQUES DE ZUÑIGA;6.183621761867195, -75.57951366939128;CHOQUE;VEHICULO;NO REPORTADO;NO REPORTA;Normal;Semaforo en rojo
2300153;19/02/2023;1:20:00 p. m.;Domingo;2023;Febrero;MOTOCICLETA;PARTICULAR;Motociclista;36;MASCULINO;HERIDOS;0;0;0;;KILOMETRO 11+830;retiro varia palmas enviga (km 5+43 - km 14+ 550);VEREDA PALMAS;6.159588965807433, -75.51611921022764;CHOQUE;VEHICULO;NO REPORTADO;NO REPORTA;Normal;No respetar prelacion
2300154;20/02/2023;6:10:00 p. m.;Lunes;2023;Febrero;AUTOMOVIL;PARTICULAR;Conductor;50;MASCULINO;HERIDOS;0;0;0;;CALLE 25A SUR FRENTE AL #45-03;;VILLA GRANDE;6.182142, -75.582188;CHOQUE;VEHICULO;NO REPORTADO;NO REPORTA;Lluvia;No mantener distancia de seguridad
2300155;21/02/2023;2:10:00 p. m.;Martes;2023;Febrero;MOTOCICLETA;PARTICULAR;Motociclista;19;MASCULINO;HERIDOS;0;0;0;;CARRERA 43A FRENTE AL #31ASUR-17;;SAN MARCOS;6.176281450339266, -75.58552787089215;CHOQUE;VEHICULO;NO REPORTADO;NO REPORTA;Normal;Adelantar por la derecha
2300156;20/02/2023;11:45:00 p. m.;Lunes;2023;Febrero;AUTOMOVIL;PARTICULAR;Conductor;28;MASCULINO;HERIDOS;0;0;0;;CALLE 38SUR FRENTE AL #32-50;;MESA;6.166053394520826, -75.58184140699349;CHOQUE;VEHICULO;NO REPORTADO;NO REPORTA;Normal;Desobedecer señales  -  Embriaguez o droga
2300157;20/02/2023;7:15:00 p. m.;Lunes;2023;Febrero;MOTOCICLETA;PARTICULAR;Motociclista;17;FEMENINO;HERIDOS;0;0;0;;CARRERA 43A FRENTE AL #40HSUR-118;;EL DORADO;6.16703888262039, -75.59176098435437;CHOQUE;VEHICULO;NO REPORTADO;NO REPORTA;Lluvia;Impericia en el manejo
2300158;21/02/2023;7:50:00 a. m.;Martes;2023;Febrero;AUTOMOVIL;PARTICULAR;Conductor;35;MASCULINO;HERIDOS;0;0;0;;CALLE 37 SUR CARRERA 50;;LAS VEGAS;6.175439903073799, -75.59469438553647;CHOQUE;VEHICULO;NO REPORTADO;NO REPORTA;Normal;Desobedecer señales
2300158;21/02/2023;7:50:00 a. m.;Martes;2023;Febrero;AUTOMOVIL;PARTICULAR;Acompañante;32;FEMENINO;HERIDOS;0;0;0;;CALLE 37 SUR CARRERA 50;;LAS VEGAS;6.175439903073799, -75.59469438553647;CHOQUE;VEHICULO;NO REPORTADO;NO REPORTA;Normal;Desobedecer señales
2300159;21/02/2023;9:03:00 p. m.;Martes;2023;Febrero;MOTOCICLETA;PARTICULAR;Motociclista;31;MASCULINO;HERIDOS;0;0;0;;CARRERA 36 CON CALLE 40AASUR;;MESA;6.164252, -75.585333;CHOQUE;VEHICULO;NO REPORTADO;NO REPORTA;Normal;Desobedecer señales
2300160;23/02/2023;12:00:00 p. m.;Jueves;2023;Febrero;MOTOCICLETA;PARTICULAR;Acompañante;50;FEMENINO;HERIDOS;0;0;0;;CARRERA 48 CALLE 50SUR;;LAS VEGAS;6.162072458716961, -75.60353659646475;VOLCAMIENTO;NO REPORTADO;NO REPORTADO;NO REPORTA;Normal;Superficie lisa
2300160;23/02/2023;12:00:00 p. m.;Jueves;2023;Febrero;MOTOCICLETA;PARTICULAR;Motociclista;29;MASCULINO;HERIDOS;0;0;0;;CARRERA 48 CALLE 50SUR;;LAS VEGAS;6.162072458716961, -75.60353659646475;OTRO;NO REPORTADO;NO REPORTADO;NO REPORTA;Normal;Superficie lisa
2300161;22/02/2023;3:30:00 p. m.;Miércoles;2023;Febrero;CICLOMOTOR;;Motociclista;32;MASCULINO;HERIDOS;0;0;0;;CARRERA 48 FRENTE AL #32BSUR-139;;LAS VEGAS;6.1762844337092, -75.5907449535185;CHOQUE;VEHICULO;NO REPORTADO;NO REPORTA;Normal;Desobedecer señales  -  Transitar en contravia
2300162;24/02/2023;9:20:00 a. m.;Viernes;2023;Febrero;MOTOCICLETA;PARTICULAR;Motociclista;41;MASCULINO;HERIDOS;0;0;0;;CARRERA 48 FRENTE AL # 44SUR-95;;LAS VEGAS;6.167717174439522, -75.59810229989641;CHOQUE;VEHICULO;NO REPORTADO;RESIDENCIAL;Normal;No mantener distancia de seguridad