NRO_RADICADO;FECHA_ACCIDENTE;HORA_ACCIDENTE;Día de la semana;AÑO;MES;CLASE_VEHICULO;TIPO_SERVICIO;TIPO_VICTIMA;EDAD;GENERO;GRAVEDAD;ESTADO_BEODEZ;ESTADO_DROGA;RESULTADO_BEODEZ;RESUL_BEODEZ_GRAMOS;DIRECCION_CARACT_VIA;TRAMO_VIA;LOCALIDAD_O_COMUNA;    GEORREFERENCIACIÓN;DESC_CLASE_ACCIDENTE;DESC_CHOQUE_ACCIDENTE;DESC_OBJETO_FIJO;DESC_SECTOR_ACCIDENTE;CONDICION_CLIMATICA;CAUSA_ACCIDENTE
2300163;26/02/2023;10:00:00 p. m.;Domingo;2023;Febrero;MOTOCICLETA;PARTICULAR;Motociclista;23;MASCULINO;HERIDOS;0;0;0;;CARRERA 50 ENTRE CALLES 35SYR Y 32BSUR ;;LAS VEGAS;6.176771935528306, -75.59326212198037;CHOQUE;VEHICULO;NO REPORTADO;NO REPORTA;Normal;Otra-Conductor
2300163;26/02/2023;10:00:00 p. m.;Domingo;2023;Febrero;MOTOCICLETA;PARTICULAR;Acompañante;17;FEMENINO;HERIDOS;0;0;0;;CARRERA 50 ENTRE CALLES 35SYR Y 32BSUR ;;LAS VEGAS;6.176771935528306, -75.59326212198037;CHOQUE;VEHICULO;NO REPORTADO;NO REPORTA;Normal;Otra-Conductor
2300164;23/02/2023;6:45:00 p. m.;Jueves;2023;Febrero;BUS;PUBLICO;Pasajero;70;MASCULINO;HERIDOS;0;0;0;;CARRERA 42B CON CALLE 45BSUR;;LA PAZ;6.1630192162828346, -75.59374148893393;CAIDA OCUPANTE;NO REPORTADO;NO REPORTADO;NO REPORTA;Normal;Otra-Conductor
2300165;27/02/2023;8:40:00 a. m.;Lunes;2023;Febrero;MOTOCICLETA;PARTICULAR;Motociclista;42;MASCULINO;HERIDOS;0;0;0;;CARRERA 43A TRANSVERSAL 27ASUR;;PONTE VEDRA;6.179050453245473, -75.58359804914188;CHOQUE;VEHICULO;NO REPORTADO;NO REPORTA;Normal;Adelantar por la derecha
2300166;23/02/2023;8:40:00 p. m.;Jueves;2023;Febrero;MOTOCICLETA;PARTICULAR;Motociclista;35;MASCULINO;HERIDOS;0;0;0;;CARRERA 50 FRENTE AL #29SUR-220;;LAS VEGAS;6.180516814495236, -75.59053812277467;CHOQUE;VEHICULO;NO REPORTADO;NO REPORTA;Normal;Otra-Conductor
2300166;23/02/2023;8:40:00 p. m.;Jueves;2023;Febrero;MOTOCICLETA;PARTICULAR;Acompañante;30;FEMENINO;HERIDOS;0;0;0;;CARRERA 50 FRENTE AL #29SUR-220;;LAS VEGAS;6.180516814495236, -75.59053812277467;CHOQUE;VEHICULO;NO REPORTADO;NO REPORTA;Normal;Otra-Conductor
2300167;25/02/2023;7:29:00 p. m.;Sábado;2023;Febrero;AUTOMOVIL;PARTICULAR;Conductor;16;MASCULINO;HERIDOS;0;0;0;;CARRERA 50 ENTRE CALLE 43SUR y CALLE 46SUR;;LAS VEGAS;6.170110, -75.601605;CHOQUE;OBJETO FIJO;MURO;NO REPORTA;Normal;Exceso de velocidad  -  Reverso imprudente
2300167;25/02/2023;7:29:00 p. m.;Sábado;2023;Febrero;AUTOMOVIL;PARTICULAR;Acompañante;16;MASCULINO;MUERTOS;0;0;0;;CARRERA 50 ENTRE CALLE 43SUR y CALLE 46SUR;;LAS VEGAS;6.170110, -75.601605;CHOQUE;OBJETO FIJO;MURO;RESIDENCIAL;Normal;Exceso de velocidad  -  Reverso imprudente
2300168;24/02/2023;8:25:00 a. m.;Viernes;2023;Febrero;MOTOCICLETA;PARTICULAR;Motociclista;28;MASCULINO;HERIDOS;0;0;0;;CARRERA 48 ENTRE CALLES 25ASUR Y 25AASUR;;LAS VEGAS;6.184505333192185, -75.58420991324958;CHOQUE;VEHICULO;NO REPORTADO;NO REPORTA;Normal;Cruzar sin observar
2300169;24/02/2023;9:37:00 a. m.;Viernes;2023;Febrero;MOTOCICLETA;PARTICULAR;Motociclista;44;MASCULINO;HERIDOS;0;0;0;;KILOMETRO 16+100;medellín palmas envigado (km 12 - km 16+700);VEREDA PALMAS;6.1539433748636405, -75.53797654152471;CHOQUE;VEHICULO;NO REPORTADO;NO REPORTA;Normal;No mantener distancia de seguridad
2300170;24/02/2023;9:44:00 a. m.;Viernes;2023;Febrero;MOTOCICLETA;PARTICULAR;Motociclista;19;MASCULINO;HERIDOS;0;0;0;;CARRERA 50 CALLE 30SUR;;LAS VEGAS;6.181402979317868, -75.58979069129407;CHOQUE;VEHICULO;NO REPORTADO;NO REPORTA;Normal;No mantener distancia de seguridad
2300171;24/02/2023;5:00:00 p. m.;Viernes;2023;Febrero;MOTOCICLETA;PARTICULAR;Motociclista;25;MASCULINO;HERIDOS;0;0;0;;KILOMETRO 11+730;retiro varia palmas enviga (km 5+43 - km 14+ 550);VEREDA PALMAS;6.160054793046469, -75.51570871092513;CHOQUE;VEHICULO;NO REPORTADO;NO REPORTA;Normal;Adelantar en curva  -  Adelantar en zona prohibida
2300172;25/02/2023;5:50:00 a. m.;Sábado;2023;Febrero;BICICLETA;;Ciclista;55;MASCULINO;HERIDOS;0;0;0;;CALLE 37SUR CARRERA 48;;LAS VEGAS;6.173643245908734, -75.59239554469394;CHOQUE;VEHICULO;NO REPORTADO;NO REPORTA;Normal;Transitar distante de la acera u orilla 
2300172;25/02/2023;5:50:00 a. m.;Sábado;2023;Febrero;MOTOCICLETA;PARTICULAR;Acompañante;20;FEMENINO;HERIDOS;0;0;0;;CALLE 37SUR CARRERA 48;;LAS VEGAS;6.173643245908734, -75.59239554469394;CHOQUE;VEHICULO;NO REPORTADO;NO REPORTA;Normal;Transitar distante de la acera u orilla 
2300172;25/02/2023;5:50:00 a. m.;Sábado;2023;Febrero;MOTOCICLETA;PARTICULAR;Motociclista;28;MASCULINO;HERIDOS;0;0;0;;CALLE 37SUR CARRERA 48;;LAS VEGAS;6.173643245908734, -75.59239554469394;CHOQUE;VEHICULO;NO REPORTADO;NO REPORTA;Normal;Transitar distante de la acera u orilla 
2300173;26/02/2023;9:50:00 p. m.;Domingo;2023;Febrero;MOTOCICLETA;PARTICULAR;Motociclista;32;MASCULINO;HERIDOS;0;0;0;;CALLE 37SUR FRENTE AL #41-41;;ZONA CENTRO;6.169976603586691, -75.58659924422078;CHOQUE;VEHICULO;NO REPORTADO;NO REPORTA;Normal;Otra-Conductor
2300174;27/02/2023;10:30:00 p. m.;Lunes;2023;Febrero;AUTOMOVIL;PARTICULAR;Conductor;57;FEMENINO;HERIDOS;0;0;0;;CARRERA 30 CALLE 40CSUR;;SAN JOSE;6.161284, -75.583803;CHOQUE;OBJETO FIJO;MURO;NO REPORTA;Normal;Impericia en el manejo
2300174;27/02/2023;10:30:00 p. m.;Lunes;2023;Febrero;AUTOMOVIL;PARTICULAR;Acompañante;17;MASCULINO;HERIDOS;0;0;0;;CARRERA 30 CALLE 40CSUR;;SAN JOSE;6.161284, -75.583803;CHOQUE;OBJETO FIJO;MURO;NO REPORTA;Normal;Impericia en el manejo
2300175;27/02/2023;8:10:00 p. m.;Lunes;2023;Febrero;MICROBUS;PUBLICO;Conductor;26;MASCULINO;HERIDOS;0;0;0;;CALLE 40SUR ENTRE CARRERA  26 y CARRERA 27;;EL SALADO;6.158094072294523, -75.58081365667668;CHOQUE;VEHICULO;NO REPORTADO;NO REPORTA;Normal;No mantener distancia de seguridad
2300176;27/02/2023;4:00:00 p. m.;Lunes;2023;Febrero;BICICLETA;;Ciclista;27;MASCULINO;HERIDOS;0;0;0;;CARRERA 27 FRENTE AL #28SUR-51;;EL ESMERALDAL;6.170059, -75.568841;ATROPELLO;NO REPORTADO;NO REPORTADO;NO REPORTA;Normal;Transitar distante de la acera u orilla 
2300176;27/02/2023;4:00:00 p. m.;Lunes;2023;Febrero;BICICLETA;;Peaton;41;MASCULINO;HERIDOS;0;0;0;;CARRERA 27 FRENTE AL #28SUR-51;;EL ESMERALDAL;6.170059, -75.568841;ATROPELLO;NO REPORTADO;NO REPORTADO;NO REPORTA;Normal;Transitar distante de la acera u orilla 
2300177;28/02/2023;5:40:00 p. m.;Martes;2023;Febrero;MOTOCICLETA;PARTICULAR;Motociclista;32;MASCULINO;HERIDOS;0;0;0;;TRANSVERSAL 32CC SUR FRENTE AL #31BB-11;;LAS FLORES;6.175874265012659, -75.580334634;CHOQUE;OBJETO FIJO;OTRO TIPO;NO REPORTA;Normal;Impericia en el manejo
2300178;28/02/2023;7:25:00 a. m.;Martes;2023;Febrero;MOTOCICLETA;PARTICULAR;Motociclista;55;MASCULINO;HERIDOS;0;0;0;;CARRERA 43A FRENTE AL #48CSUR-45;;PRIMAVERA;6.162003136532466, -75.59826426768898;VOLCAMIENTO;NO REPORTADO;NO REPORTADO;NO REPORTA;Normal;Otra-Via
2300179;27/02/2023;7:45:00 p. m.;Lunes;2023;Febrero;MOTOCICLETA;PARTICULAR;Acompañante;24;FEMENINO;HERIDOS;0;0;0;;CALLE 39BSUR FRENTE AL #33-20;;SAN JOSE;6.164274, -75.583655;CAIDA OCUPANTE;NO REPORTADO;NO REPORTADO;NO REPORTA;Normal;Falta de precaucion niebla, lluvia, humo
2300180;28/02/2023;5:32:00 p. m.;Martes;2023;Febrero;MOTOCICLETA;PARTICULAR;Motociclista;38;MASCULINO;HERIDOS;0;0;0;;CARRERA 50 ENTRE CALLES 50SUR Y 49SUR;;LAS VEGAS;6.163309245865404, -75.60433240410406;CHOQUE;VEHICULO;NO REPORTADO;NO REPORTA;Normal;Otra-Conductor
2300181;1/03/2023;12:00:00 p. m.;Miércoles;2023;Marzo;MOTOCICLETA;PARTICULAR;Motociclista;50;MASCULINO;HERIDOS;0;0;0;0;CARRERA 50 FRENTE AL KM37+622;;LAS VEGAS;6.175911, -75.594444;CHOQUE;VEHICULO;NO REPORTADO;NO REPORTA;Normal;No mantener distancia de seguridad
2300181;1/03/2023;12:00:00 p. m.;Miércoles;2023;Marzo;MOTOCICLETA;PARTICULAR;Motociclista;28;MASCULINO;HERIDOS;0;0;0;0;CARRERA 50 FRENTE AL KM37+622;;LAS VEGAS;6.175911, -75.594444;CHOQUE;VEHICULO;NO REPORTADO;NO REPORTA;Normal;No mantener distancia de seguridad
2300182;1/03/2023;9:00:00 a. m.;Miércoles;2023;Marzo;CAMIONETA;PARTICULAR;Conductor;41;FEMENINO;HERIDOS;0;0;0;;CALLE 38SUR FRENTE AL #29A-29;;MESA;6.165062, -75.580910;CHOQUE;VEHICULO;NO REPORTADO;NO REPORTA;Normal;No mantener distancia de seguridad
2300183;1/03/2023;3:50:00 p. m.;Miércoles;2023;Marzo;MOTOCICLETA;PARTICULAR;Motociclista;34;MASCULINO;HERIDOS;0;0;0;0;CALLE 39SUR CON CARRERA 28;;SAN JOSE;6.161087794913776, -75.5798580328864;CHOQUE;VEHICULO;NO REPORTADO;NO REPORTA;Normal;Adelantar en zona prohibida
2300184;1/03/2023;2:45:00 p. m.;Miércoles;2023;Marzo;MOTOCICLETA;PARTICULAR;Acompañante;43;FEMENINO;HERIDOS;0;0;0;0;CALLE 38SUR FRENTE AL #44-88;;ALCALA;6.170926038149235, -75.58995430901867;ATROPELLO;NO REPORTADO;NO REPORTADO;NO REPORTA;Normal;Transitar entre vehiculos
2300185;1/03/2023;2:50:00 p. m.;Miércoles;2023;Marzo;MOTOCICLETA;PARTICULAR;Motociclista;43;FEMENINO;HERIDOS;0;0;0;0;CALLE 24SUR FRENTE AL #42B-90;;LAS ORQUIDEAS;6.181320, -75.580493;CHOQUE;VEHICULO;NO REPORTADO;NO REPORTA;Normal;Girar bruscamente
2300186;2/03/2023;8:05:00 a. m.;Jueves;2023;Marzo;MOTOCICLETA;PARTICULAR;Peaton;34;FEMENINO;HERIDOS;0;0;0;;CALLE 39SUR FRENTE AL #43A-49;;ALCALA;6.169160717155945, -75.58990672215563;ATROPELLO;NO REPORTADO;NO REPORTADO;NO REPORTA;Normal;Transitar entre vehiculos
2300186;2/03/2023;8:05:00 a. m.;Jueves;2023;Marzo;MOTOCICLETA;PARTICULAR;Peaton;4;MASCULINO;HERIDOS;0;0;0;;CALLE 39SUR FRENTE AL #43A-49;;ALCALA;6.169160717155945, -75.58990672215563;ATROPELLO;NO REPORTADO;NO REPORTADO;NO REPORTA;Normal;Transitar entre vehiculos
2300186;2/03/2023;8:05:00 a. m.;Jueves;2023;Marzo;MOTOCICLETA;PARTICULAR;Motociclista;21;MASCULINO;HERIDOS;0;0;0;;CALLE 39SUR FRENTE AL #43A-49;;ALCALA;6.169160717155945, -75.58990672215563;ATROPELLO;NO REPORTADO;NO REPORTADO;NO REPORTA;Normal;Transitar entre vehiculos
2300187;2/03/2023;8:15:00 a. m.;Jueves;2023;Marzo;MOTOCICLETA;PARTICULAR;Motociclista;19;MASCULINO;HERIDOS;0;0;0;;CALLE 36DSUR CON CARRERA 27G;;LA PRADERA;6.166182, -75.576816;CHOQUE;VEHICULO;NO REPORTADO;NO REPORTA;Normal;Impericia en el manejo  -  No mantener distancia de seguridad
2300187;2/03/2023;8:15:00 a. m.;Jueves;2023;Marzo;MOTOCICLETA;PARTICULAR;Acompañante;29;FEMENINO;HERIDOS;0;0;0;;CALLE 36DSUR CON CARRERA 27G;;LA PRADERA;6.166182, -75.576816;CHOQUE;VEHICULO;NO REPORTADO;NO REPORTA;Normal;Impericia en el manejo  -  No mantener distancia de seguridad
2300188;1/03/2023;3:00:00 p. m.;Miércoles;2023;Marzo;MOTOCICLETA;PARTICULAR;Motociclista;48;MASCULINO;HERIDOS;0;0;0;;KILOMETRO 14;medellín palmas envigado (km 12 - km 16+700);VEREDA PALMAS;6.155424483259797, -75.53131997327684;CHOQUE;VEHICULO;NO REPORTADO;NO REPORTA;Normal;Desobedecer señales
2300189;5/03/2023;7:58:00 a. m.;Domingo;2023;Marzo;BICICLETA;;Ciclista;28;FEMENINO;MUERTOS;0;0;0;;CALLE 40ASUR FRENTE AL #25AA-71;;EL SALADO;6.155012991417349, -75.58088589857041;CHOQUE;OBJETO FIJO;BARANDA;NO REPORTA;Normal;Impericia en el manejo
2300190;2/03/2023;8:00:00 p. m.;Jueves;2023;Marzo;MOTOCICLETA;PARTICULAR;Motociclista;30;FEMENINO;HERIDOS;0;0;0;;CARRERA 40 CALLE 37SUR;;ZONA CENTRO;6.16930295555628, -75.5855592502946;CAIDA OCUPANTE;NO REPORTADO;NO REPORTADO;NO REPORTA;Normal;Frenar bruscamente
2300191;3/03/2023;6:40:00 a. m.;Viernes;2023;Marzo;MOTOCICLETA;PARTICULAR;Motociclista;32;MASCULINO;HERIDOS;0;0;0;;KILOMETRO 11;medellín palmas envigado (km 12 - km 16+700);VEREDA PANTANILLO;6.162371911687626, -75.51147302300873;CHOQUE;VEHICULO;NO REPORTADO;NO REPORTA;Normal;Desobedecer señales  -  Impericia en el manejo  -  No mantener distancia de seguridad
2300191;3/03/2023;6:40:00 a. m.;Viernes;2023;Marzo;MOTOCICLETA;PARTICULAR;Motociclista;45;MASCULINO;HERIDOS;0;0;0;;KILOMETRO 11;medellín palmas envigado (km 12 - km 16+700);VEREDA PANTANILLO;6.162371911687626, -75.51147302300873;CHOQUE;VEHICULO;NO REPORTADO;NO REPORTA;Normal;Desobedecer señales  -  Impericia en el manejo  -  No mantener distancia de seguridad
2300192;3/03/2023;4:15:00 p. m.;Viernes;2023;Marzo;MOTOCICLETA;PARTICULAR;Motociclista;48;MASCULINO;HERIDOS;0;0;0;;KILOMETRO 15;medellín palmas envigado (km 12 - km 16+700);VEREDA PALMAS;6.152128363410714, -75.5458364089835;CHOQUE;VEHICULO;NO REPORTADO;NO REPORTA;Normal;Adelantar invadiendo carril del mismo sentido en zigzag
2300193;3/03/2023;11:30:00 p. m.;Viernes;2023;Marzo;MOTOCICLETA;PARTICULAR;Motociclista;33;MASCULINO;HERIDOS;0;0;0;;CALLE 40SUR FRENTE AL #25AA-84;;EL SALADO;6.1555288243941755, -75.58033838623253;CHOQUE;VEHICULO;NO REPORTADO;NO REPORTA;Normal;Adelantar invadiendo carril de sentido contrario
2300194;3/03/2023;6:58:00 a. m.;Viernes;2023;Marzo;MOTOCICLETA;PARTICULAR;Motociclista;60;MASCULINO;HERIDOS;0;0;0;;KILOMETRO 12;medellín palmas envigado (km 12 - km 16+700);VEREDA PALMAS;6.174136593152702, -75.54642454774739;CHOQUE;VEHICULO;NO REPORTADO;NO REPORTA;Normal;Desobedecer señales
2300194;3/03/2023;6:58:00 a. m.;Viernes;2023;Marzo;MOTOCICLETA;PARTICULAR;Acompañante;76;MASCULINO;HERIDOS;0;0;0;;KILOMETRO 12;medellín palmas envigado (km 12 - km 16+700);VEREDA PALMAS;6.174136593152702, -75.54642454774739;CHOQUE;VEHICULO;NO REPORTADO;NO REPORTA;Normal;Desobedecer señales
2300195;3/03/2023;4:30:00 p. m.;Viernes;2023;Marzo;MOTOCICLETA;PARTICULAR;Motociclista;17;MASCULINO;HERIDOS;0;0;0;;CARRERA 48 ENTRE CALLE 36SUR y CALLE 35SUR;;EL PORTAL;6.1742514227499425, -75.59182313931595;CHOQUE;VEHICULO;NO REPORTADO;NO REPORTA;Normal;Desobedecer señales
2300196;4/03/2023;3:00:00 a. m.;Sábado;2023;Marzo;MOTOCICLETA;PARTICULAR;Motociclista;21;MASCULINO;HERIDOS;1;0;3;160;CARRERA 49 CON CALLE 39SUR;;LAS VEGAS;6.173649, -75.597095;CHOQUE;OBJETO FIJO;OTRO TIPO;NO REPORTA;Lluvia;Embriaguez o droga
2300197;3/03/2023;11:13:00 a. m.;Viernes;2023;Marzo;MOTOCICLETA;PARTICULAR;Motociclista;33;MASCULINO;HERIDOS;0;0;0;;CARRERA 43A FRENTE AL #45SUR-51;;MILAN VALLEJUELOS;6.164990051287217, -75.59479418168614;CHOQUE;VEHICULO;NO REPORTADO;NO REPORTA;Normal;Embriaguez o droga
2300198;4/03/2023;5:45:00 a. m.;Sábado;2023;Marzo;BUS;PUBLICO;Pasajero;42;FEMENINO;HERIDOS;0;0;0;;CALLE 39SUR FRENTE AL #31-23;;MESA;6.164199594378075, -75.58202294591365;CAIDA OCUPANTE;NO REPORTADO;NO REPORTADO;NO REPORTA;Normal;Impericia en el manejo
2300199;4/03/2023;9:00:00 a. m.;Sábado;2023;Marzo;MOTOCICLETA;PARTICULAR;Motociclista;20;MASCULINO;HERIDOS;0;0;0;;CARRERA 50 CALLE 25SUR;;LAS VEGAS;6.177690, -75.592561;CHOQUE;VEHICULO;NO REPORTADO;NO REPORTA;Normal;Adelantar por la derecha
2300200;4/03/2023;3:30:00 p. m.;Sábado;2023;Marzo;BUSETA;PUBLICO;Pasajero;35;FEMENINO;HERIDOS;0;0;0;0;CALLE 40SUR FRENTE AL #24F-151;;EL SALADO;6.152429271078304, -75.57812364775103;CHOQUE;VEHICULO;NO REPORTADO;NO REPORTA;Normal;Impericia en el manejo
2300200;4/03/2023;3:30:00 p. m.;Sábado;2023;Marzo;BUSETA;PUBLICO;Pasajero;57;FEMENINO;HERIDOS;0;0;0;0;CALLE 40SUR FRENTE AL #24F-151;;EL SALADO;6.152429271078304, -75.57812364775103;CHOQUE;VEHICULO;NO REPORTADO;NO REPORTA;Normal;Impericia en el manejo
2300200;4/03/2023;3:30:00 p. m.;Sábado;2023;Marzo;BUSETA;PUBLICO;Pasajero;46;FEMENINO;HERIDOS;0;0;0;0;CALLE 40SUR FRENTE AL #24F-151;;EL SALADO;6.152429271078304, -75.57812364775103;CHOQUE;VEHICULO;NO REPORTADO;NO REPORTA;Normal;Impericia en el manejo
2300200;4/03/2023;3:30:00 p. m.;Sábado;2023;Marzo;BUSETA;PUBLICO;Pasajero;53;FEMENINO;HERIDOS;0;0;0;0;CALLE 40SUR FRENTE AL #24F-151;;EL SALADO;6.152429271078304, -75.57812364775103;CHOQUE;VEHICULO;NO REPORTADO;NO REPORTA;Normal;Impericia en el manejo
2300200;4/03/2023;3:30:00 p. m.;Sábado;2023;Marzo;BUSETA;PUBLICO;Pasajero;60;FEMENINO;HERIDOS;0;0;0;0;CALLE 40SUR FRENTE AL #24F-151;;EL SALADO;6.152429271078304, -75.57812364775103;CHOQUE;VEHICULO;NO REPORTADO;NO REPORTA;Normal;Impericia en el manejo
2300200;4/03/2023;3:30:00 p. m.;Sábado;2023;Marzo;BUSETA;PUBLICO;Pasajero;29;FEMENINO;HERIDOS;0;0;0;0;CALLE 40SUR FRENTE AL #24F-151;;EL SALADO;6.152429271078304, -75.57812364775103;CHOQUE;VEHICULO;NO REPORTADO;NO REPORTA;Normal;Impericia en el manejo
2300201;5/03/2023;9:10:00 p. m.;Domingo;2023;Marzo;MOTOCICLETA;PARTICULAR;Motociclista;21;MASCULINO;HERIDOS;0;0;0;;CARRERA 26 CON CALLE 40ESUR;;LA MINA;6.157304, -75.581612;CHOQUE;VEHICULO;NO REPORTADO;NO REPORTA;Normal;Desobedecer señales
2300201;5/03/2023;9:10:00 p. m.;Domingo;2023;Marzo;MOTOCICLETA;PARTICULAR;Acompañante;13;FEMENINO;HERIDOS;0;0;0;;CARRERA 26 CON CALLE 40ESUR;;LA MINA;6.157304, -75.581612;CHOQUE;VEHICULO;NO REPORTADO;NO REPORTA;Normal;Desobedecer señales
2300202;5/03/2023;12:10:00 p. m.;Domingo;2023;Marzo;MOTOCICLETA;PARTICULAR;Motociclista;21;MASCULINO;HERIDOS;0;0;0;0;CALLE 36DSUR CARRERA 27A;;LA PRADERA;6.163092920097102, -75.57198280029715;VOLCAMIENTO;NO REPORTADO;NO REPORTADO;NO REPORTA;Normal;Impericia en el manejo
2300202;5/03/2023;12:10:00 p. m.;Domingo;2023;Marzo;MOTOCICLETA;PARTICULAR;Acompañante;41;MASCULINO;HERIDOS;0;0;0;0;CALLE 36DSUR CARRERA 27A;;LA PRADERA;6.163092920097102, -75.57198280029715;VOLCAMIENTO;NO REPORTADO;NO REPORTADO;NO REPORTA;Normal;Impericia en el manejo
2300203;5/03/2023;7:45:00 p. m.;Domingo;2023;Marzo;MOTOCICLETA;PARTICULAR;Motociclista;35;MASCULINO;HERIDOS;0;0;0;;CARRERA 48 CALLE 44 SUR;;LAS VEGAS;6.167298976198362, -75.5983279112243;CHOQUE;VEHICULO;NO REPORTADO;NO REPORTA;Normal;Impericia en el manejo
2300204;7/03/2023;2:00:00 p. m.;Martes;2023;Marzo;BUSETA;PUBLICO;Pasajero;54;FEMENINO;HERIDOS;0;0;0;;CARRERA 48 FRENTE AL #46ASUR-107;;LAS VEGAS;6.1661605416067, -75.5996274817477;CAIDA OCUPANTE;NO REPORTADO;NO REPORTADO;NO REPORTA;Normal;Poner en marcha un vehiculo sin precauci
2300205;6/03/2023;6:50:00 p. m.;Lunes;2023;Marzo;AUTOMOVIL;PUBLICO;Peaton;29;FEMENINO;HERIDOS;0;0;0;;CARRERA 40 FRENTE AL #36SUR-19;;ZONA CENTRO;6.170063811756437, -75.58504747172653;ATROPELLO;NO REPORTADO;NO REPORTADO;NO REPORTA;Normal;Reverso imprudente
2300206;6/03/2023;9:30:00 p. m.;Lunes;2023;Marzo;MOTOCICLETA;PARTICULAR;Acompañante;25;FEMENINO;HERIDOS;0;0;0;;KILOMETRO 15+200;retiro varia palmas enviga (km 5+43 - km 14+ 550);VEREDA PALMAS;6.1522766088931, -75.54413407331688;CHOQUE;OBJETO FIJO;OTRO TIPO;NO REPORTA;Normal;Exceso de velocidad
2300206;6/03/2023;9:30:00 p. m.;Lunes;2023;Marzo;MOTOCICLETA;PARTICULAR;Motociclista;23;MASCULINO;HERIDOS;0;0;0;;KILOMETRO 15+200;retiro varia palmas enviga (km 5+43 - km 14+ 550);VEREDA PALMAS;6.1522766088931, -75.54413407331688;CHOQUE;OBJETO FIJO;OTRO TIPO;NO REPORTA;Normal;Exceso de velocidad
2300207;4/03/2023;8:50:00 p. m.;Sábado;2023;Marzo;AUTOMOVIL;PARTICULAR;Acompañante;38;FEMENINO;HERIDOS;0;0;0;;KILOMETRO 14+200;retiro varia palmas enviga (km 5+43 - km 14+ 550);VEREDA PALMAS;6.155822847697004, -75.53179679611827;VOLCAMIENTO;NO REPORTADO;NO REPORTADO;NO REPORTA;Normal;Impericia en el manejo
2300207;4/03/2023;8:50:00 p. m.;Sábado;2023;Marzo;AUTOMOVIL;PARTICULAR;Conductor;38;MASCULINO;HERIDOS;0;0;0;;KILOMETRO 14+200;retiro varia palmas enviga (km 5+43 - km 14+ 550);VEREDA PALMAS;6.155822847697004, -75.53179679611827;VOLCAMIENTO;NO REPORTADO;NO REPORTADO;NO REPORTA;Normal;Impericia en el manejo
2300208;6/03/2023;4:50:00 p. m.;Lunes;2023;Marzo;MOTOCICLETA;PARTICULAR;Acompañante;21;FEMENINO;HERIDOS;0;0;0;;CARRERA 48 CALLE 40SUR;;LAS VEGAS;6.169985393949473, -75.59559905833785;CHOQUE;VEHICULO;NO REPORTADO;NO REPORTA;Normal;Semaforo en rojo
2300208;6/03/2023;4:50:00 p. m.;Lunes;2023;Marzo;MOTOCICLETA;PARTICULAR;Motociclista;21;MASCULINO;HERIDOS;0;0;0;;CARRERA 48 CALLE 40SUR;;LAS VEGAS;6.169985393949473, -75.59559905833785;CHOQUE;VEHICULO;NO REPORTADO;NO REPORTA;Normal;Semaforo en rojo
2300209;6/03/2023;8:10:00 a. m.;Lunes;2023;Marzo;MOTOCICLETA;PARTICULAR;Acompañante;63;MASCULINO;HERIDOS;0;0;0;;CARRERA 50 ENTRE CALLE 30SUR y CALLE 26SUR;;LAS VEGAS;6.183891793053195, -75.58818048971615;CHOQUE;VEHICULO;NO REPORTADO;NO REPORTA;Normal;Transitar entre vehiculos
2300210;7/03/2023;9:00:00 p. m.;Martes;2023;Marzo;BICICLETA;;Ciclista;20;MASCULINO;HERIDOS;0;0;0;;DIAGONAL 40 TRANSVERSAL 33SUR;;ZONA CENTRO;6.173467882055003, -75.5855417465592;CHOQUE;VEHICULO;NO REPORTADO;NO REPORTA;Normal;Desobedecer señales
2300211;7/03/2023;9:00:00 p. m.;Martes;2023;Marzo;MOTOCICLETA;PARTICULAR;Motociclista;45;MASCULINO;HERIDOS;0;0;0;;KILOMETRO 16+700;medellín palmas envigado (km 12 - km 16+700);VEREDA PALMAS;6.153284991423429, -75.53273047611877;CHOQUE;VEHICULO;NO REPORTADO;NO REPORTA;Normal;No respetar pelacion de interseccion o giros  -  No respetar prelacion
2300212;7/03/2023;2:10:00 p. m.;Martes;2023;Marzo;CAMIONETA;PARTICULAR;Conductor;39;MASCULINO;HERIDOS;0;0;0;;KILOMETRO 7+140;pantanill;VEREDA PANTANILLO;6.171477483052752, -75.4902725049993;CHOQUE;VEHICULO;NO REPORTADO;NO REPORTA;Lluvia;Falta de precaucion niebla, lluvia, humo  -  Transitar en contravia
2300212;7/03/2023;2:10:00 p. m.;Martes;2023;Marzo;BUS;PUBLICO;Pasajero;19;FEMENINO;HERIDOS;0;0;0;;KILOMETRO 7+140;pantanill;VEREDA PANTANILLO;6.171477483052752, -75.4902725049993;CHOQUE;VEHICULO;NO REPORTADO;NO REPORTA;Lluvia;Falta de precaucion niebla, lluvia, humo  -  Transitar en contravia
2300213;8/03/2023;7:30:00 a. m.;Miércoles;2023;Marzo;MOTOCICLETA;PARTICULAR;Acompañante;18;FEMENINO;HERIDOS;0;0;0;;KILOMETRO 13+300;retiro varia palmas enviga (km 5+43 - km 14+ 550);VEREDA PALMAS;6.159421531186217, -75.5286586161267;VOLCAMIENTO;NO REPORTADO;NO REPORTADO;NO REPORTA;Normal;Falta de precaucion niebla, lluvia, humo