NRO_RADICADO;FECHA_ACCIDENTE;HORA_ACCIDENTE;Día de la semana;AÑO;MES;CLASE_VEHICULO;TIPO_SERVICIO;TIPO_VICTIMA;EDAD;GENERO;GRAVEDAD;ESTADO_BEODEZ;ESTADO_DROGA;RESULTADO_BEODEZ;RESUL_BEODEZ_GRAMOS;DIRECCION_CARACT_VIA;TRAMO_VIA;LOCALIDAD_O_COMUNA;    GEORREFERENCIACIÓN;DESC_CLASE_ACCIDENTE;DESC_CHOQUE_ACCIDENTE;DESC_OBJETO_FIJO;DESC_SECTOR_ACCIDENTE;CONDICION_CLIMATICA;CAUSA_ACCIDENTE
2300214;8/03/2023;8:40:00 a. m.;Miércoles;2023;Marzo;MOTOCICLETA;PARTICULAR;Motociclista;23;MASCULINO;HERIDOS;0;0;0;;CALLE 48CSUR FRENTE AL #43-252;;PRIMAVERA;6.163440565547774, -75.6013335983501;CHOQUE;VEHICULO;NO REPORTADO;NO REPORTA;Normal;No mantener distancia de seguridad
2300215;10/03/2023;2:00:00 p. m.;Viernes;2023;Marzo;AUTOMOVIL;PUBLICO;Peaton;14;MASCULINO;HERIDOS;0;0;0;;CALLE 40F SUR CARRERA 26;;LA MINA;6.156674494966827, -75.5828186808399;ATROPELLO;NO REPORTADO;NO REPORTADO;NO REPORTA;Normal;Cruzar sin observar
2300216;10/03/2023;10:30:00 a. m.;Viernes;2023;Marzo;MOTOCICLETA;PARTICULAR;Motociclista;20;MASCULINO;HERIDOS;0;0;0;;DIAGONAL 31C ENTRE TRANSVERSAL 32DSUR y TRANSVERSAL 32CSUR;;LAS FLORES;6.174958, -75.580504;CHOQUE;VEHICULO;NO REPORTADO;NO REPORTA;Normal;Impericia en el manejo
2300216;10/03/2023;10:30:00 a. m.;Viernes;2023;Marzo;MOTOCICLETA;PARTICULAR;Acompañante;21;MASCULINO;HERIDOS;0;0;0;;DIAGONAL 31C ENTRE TRANSVERSAL 32DSUR y TRANSVERSAL 32CSUR;;LAS FLORES;6.174958, -75.580504;CHOQUE;VEHICULO;NO REPORTADO;NO REPORTA;Normal;Impericia en el manejo
2300217;12/03/2023;9:10:00 p. m.;Domingo;2023;Marzo;MOTOCICLETA;PARTICULAR;Peaton;69;FEMENINO;HERIDOS;0;0;0;;CARRERA 43A FRENTE AL #35SUR-65;;SAN MARCOS;6.1719655696929525, -75.58787344208518;ATROPELLO;NO REPORTADO;NO REPORTADO;NO REPORTA;Lluvia;Obstaculos en la via  -  Pasar semaforo en rojo
2300217;12/03/2023;9:10:00 p. m.;Domingo;2023;Marzo;MOTOCICLETA;PARTICULAR;Motociclista;29;MASCULINO;HERIDOS;0;0;0;;CARRERA 43A FRENTE AL #35SUR-65;;SAN MARCOS;6.1719655696929525, -75.58787344208518;ATROPELLO;NO REPORTADO;NO REPORTADO;NO REPORTA;Lluvia;Obstaculos en la via  -  Pasar semaforo en rojo
2300218;11/03/2023;5:50:00 a. m.;Sábado;2023;Marzo;MOTOCICLETA;PARTICULAR;Motociclista;56;MASCULINO;HERIDOS;0;0;0;;CARRERA 27 FRENTE AL #39ASUR-57;;SAN JOSE;6.15914376663003, -75.57948486670509;ATROPELLO;NO REPORTADO;NO REPORTADO;NO REPORTA;Lluvia;Estacionar sin seguridad  -  Salir por delante de un vehiculo
2300219;11/03/2023;10:20:00 a. m.;Sábado;2023;Marzo;CAMIONETA;PARTICULAR;Acompañante;60;FEMENINO;HERIDOS;0;0;0;;CALLE 40SUR CARRERA 29;;SAN JOSE;6.161757, -75.582249;CHOQUE;VEHICULO;NO REPORTADO;NO REPORTA;Normal;Desobedecer señales
2300220;11/03/2023;1:40:00 p. m.;Sábado;2023;Marzo;MOTOCICLETA;PARTICULAR;Motociclista;49;MASCULINO;HERIDOS;0;0;0;;KILOMETRO 7+230;retiro varia palmas enviga (km 5+43 - km 14+ 550);VEREDA PANTANILLO;6.172097198278233, -75.49069743950646;CHOQUE;VEHICULO;NO REPORTADO;NO REPORTA;Normal;Impericia en el manejo  -  No mantener distancia de seguridad
2300220;11/03/2023;1:40:00 p. m.;Sábado;2023;Marzo;MOTOCICLETA;PARTICULAR;Acompañante;33;MASCULINO;HERIDOS;0;0;0;;KILOMETRO 7+230;retiro varia palmas enviga (km 5+43 - km 14+ 550);VEREDA PANTANILLO;6.172097198278233, -75.49069743950646;CHOQUE;VEHICULO;NO REPORTADO;NO REPORTA;Normal;Impericia en el manejo  -  No mantener distancia de seguridad
2300221;13/03/2023;6:20:00 a. m.;Lunes;2023;Marzo;MOTOCICLETA;PARTICULAR;Motociclista;46;FEMENINO;HERIDOS;0;0;0;;CARRERA 50 CALLE 37 SUR;;LAS VEGAS;6.17529534924958, -75.59503801550844;CHOQUE;VEHICULO;NO REPORTADO;NO REPORTA;Lluvia;No mantener distancia de seguridad
2300222;12/03/2023;10:40:00 p. m.;Domingo;2023;Marzo;MOTOCICLETA;DIPLOMATICO;Motociclista;27;MASCULINO;HERIDOS;0;0;0;;CALLE 37 SUR CARRERA 48;;LAS VEGAS;6.173643245908734, -75.59239554469394;CHOQUE;VEHICULO;NO REPORTADO;NO REPORTA;Lluvia;Desobedecer señales
2300222;12/03/2023;10:40:00 p. m.;Domingo;2023;Marzo;MOTOCICLETA;DIPLOMATICO;Acompañante;21;FEMENINO;HERIDOS;0;0;0;;CALLE 37 SUR CARRERA 48;;LAS VEGAS;6.173643245908734, -75.59239554469394;CHOQUE;VEHICULO;NO REPORTADO;NO REPORTA;Lluvia;Desobedecer señales
2300223;12/03/2023;10:50:00 a. m.;Domingo;2023;Marzo;MOTOCICLETA;PARTICULAR;Motociclista;27;MASCULINO;HERIDOS;0;0;0;;CALLE 25SUR CARRERA 43A;;BOSQUES DE ZUÑIGA;6.181534996940126, -75.581261947989;CHOQUE;VEHICULO;NO REPORTADO;NO REPORTA;Normal;Adelantar invadiendo carril del mismo sentido en zigzag  -  Desobedecer señales
2300224;9/03/2023;5:40:00 p. m.;Jueves;2023;Marzo;MOTOCICLETA;PARTICULAR;Acompañante;47;MASCULINO;HERIDOS;0;0;0;;KILOMETRO 16+300;medellín palmas envigado (km 12 - km 16+700);VEREDA PALMAS;6.1631764181033715, -75.53304205833476;CHOQUE;VEHICULO;NO REPORTADO;NO REPORTA;Lluvia;Adelantar invadiendo carril de sentido contrario
2300224;9/03/2023;5:40:00 p. m.;Jueves;2023;Marzo;MOTOCICLETA;PARTICULAR;Motociclista;66;MASCULINO;HERIDOS;0;0;0;;KILOMETRO 16+300;medellín palmas envigado (km 12 - km 16+700);VEREDA PALMAS;6.1631764181033715, -75.53304205833476;CHOQUE;VEHICULO;NO REPORTADO;NO REPORTA;Lluvia;Adelantar invadiendo carril de sentido contrario
2300225;11/03/2023;10:40:00 a. m.;Sábado;2023;Marzo;CAMIONETA;PARTICULAR;Conductor;29;FEMENINO;HERIDOS;0;0;0;;CARRERA 20 FRENTE AL #23SUR-140;;ZUÑIGA;6.174452, -75.561215;CHOQUE;VEHICULO;NO REPORTADO;NO REPORTA;Normal;No mantener distancia de seguridad
2300226;12/03/2023;12:30:00 p. m.;Domingo;2023;Marzo;MOTOCICLETA;PARTICULAR;Motociclista;57;MASCULINO;HERIDOS;0;0;0;;CALLE 50 SUR CARRERA 48;;LAS VEGAS;6.162072458716961, -75.60353659646475;CHOQUE;VEHICULO;NO REPORTADO;NO REPORTA;Normal;No mantener distancia de seguridad
2300227;13/03/2023;8:00:00 p. m.;Lunes;2023;Marzo;MOTOCICLETA;;Peaton;29;MASCULINO;HERIDOS;0;0;0;;CARRERA 43A FRENTE AL #40SUR-87;;MILAN VALLEJUELOS;6.167594, -75.591091;ATROPELLO;NO REPORTADO;NO REPORTADO;NO REPORTA;Lluvia;Otra-Conductor
2300228;13/03/2023;7:40:00 a. m.;Lunes;2023;Marzo;BUSETA;PUBLICO;Pasajero;57;FEMENINO;HERIDOS;0;0;0;;CALLE 43SUR FRENTE AL #48-127;;LAS VEGAS;6.169228169969668, -75.59850045143445;CHOQUE;OBJETO FIJO;VEHICULO ESTACIONADO;NO REPORTA;Lluvia;Desobedecer señales
2300228;13/03/2023;7:40:00 a. m.;Lunes;2023;Marzo;BUSETA;PUBLICO;Pasajero;31;FEMENINO;HERIDOS;0;0;0;;CALLE 43SUR FRENTE AL #48-127;;LAS VEGAS;6.169228169969668, -75.59850045143445;CHOQUE;OBJETO FIJO;VEHICULO ESTACIONADO;NO REPORTA;Lluvia;Desobedecer señales
2300228;13/03/2023;7:40:00 a. m.;Lunes;2023;Marzo;BUSETA;PUBLICO;Pasajero;38;FEMENINO;HERIDOS;0;0;0;;CALLE 43SUR FRENTE AL #48-127;;LAS VEGAS;6.169228169969668, -75.59850045143445;CHOQUE;OBJETO FIJO;VEHICULO ESTACIONADO;NO REPORTA;Lluvia;Desobedecer señales
2300228;13/03/2023;7:40:00 a. m.;Lunes;2023;Marzo;BUSETA;PUBLICO;Pasajero;41;MASCULINO;HERIDOS;0;0;0;;CALLE 43SUR FRENTE AL #48-127;;LAS VEGAS;6.169228169969668, -75.59850045143445;CHOQUE;OBJETO FIJO;VEHICULO ESTACIONADO;NO REPORTA;Lluvia;Desobedecer señales
2300228;13/03/2023;7:40:00 a. m.;Lunes;2023;Marzo;BUSETA;PUBLICO;Pasajero;21;FEMENINO;HERIDOS;0;0;0;;CALLE 43SUR FRENTE AL #48-127;;LAS VEGAS;6.169228169969668, -75.59850045143445;CHOQUE;OBJETO FIJO;VEHICULO ESTACIONADO;NO REPORTA;Lluvia;Desobedecer señales
2300228;13/03/2023;7:40:00 a. m.;Lunes;2023;Marzo;BUSETA;PUBLICO;Pasajero;39;MASCULINO;HERIDOS;0;0;0;;CALLE 43SUR FRENTE AL #48-127;;LAS VEGAS;6.169228169969668, -75.59850045143445;CHOQUE;OBJETO FIJO;VEHICULO ESTACIONADO;NO REPORTA;Lluvia;Desobedecer señales
2300228;13/03/2023;7:40:00 a. m.;Lunes;2023;Marzo;BUSETA;PUBLICO;Pasajero;57;FEMENINO;HERIDOS;0;0;0;;CALLE 43SUR FRENTE AL #48-127;;LAS VEGAS;6.169228169969668, -75.59850045143445;CHOQUE;OBJETO FIJO;VEHICULO ESTACIONADO;NO REPORTA;Lluvia;Desobedecer señales
2300228;13/03/2023;7:40:00 a. m.;Lunes;2023;Marzo;BUSETA;PUBLICO;Pasajero;25;MASCULINO;HERIDOS;0;0;0;;CALLE 43SUR FRENTE AL #48-127;;LAS VEGAS;6.169228169969668, -75.59850045143445;CHOQUE;OBJETO FIJO;VEHICULO ESTACIONADO;NO REPORTA;Lluvia;Desobedecer señales
2300228;13/03/2023;7:40:00 a. m.;Lunes;2023;Marzo;BUSETA;PUBLICO;Pasajero;38;FEMENINO;HERIDOS;0;0;0;;CALLE 43SUR FRENTE AL #48-127;;LAS VEGAS;6.169228169969668, -75.59850045143445;CHOQUE;OBJETO FIJO;VEHICULO ESTACIONADO;NO REPORTA;Lluvia;Desobedecer señales
2300228;13/03/2023;7:40:00 a. m.;Lunes;2023;Marzo;BUSETA;PUBLICO;Pasajero;32;FEMENINO;HERIDOS;0;0;0;;CALLE 43SUR FRENTE AL #48-127;;LAS VEGAS;6.169228169969668, -75.59850045143445;CHOQUE;OBJETO FIJO;VEHICULO ESTACIONADO;NO REPORTA;Lluvia;Desobedecer señales
2300228;13/03/2023;7:40:00 a. m.;Lunes;2023;Marzo;BUSETA;PUBLICO;Pasajero;31;FEMENINO;HERIDOS;0;0;0;;CALLE 43SUR FRENTE AL #48-127;;LAS VEGAS;6.169228169969668, -75.59850045143445;CHOQUE;OBJETO FIJO;VEHICULO ESTACIONADO;NO REPORTA;Lluvia;Desobedecer señales
2300228;13/03/2023;7:40:00 a. m.;Lunes;2023;Marzo;BUSETA;PUBLICO;Pasajero;43;FEMENINO;HERIDOS;0;0;0;;CALLE 43SUR FRENTE AL #48-127;;LAS VEGAS;6.169228169969668, -75.59850045143445;CHOQUE;OBJETO FIJO;VEHICULO ESTACIONADO;NO REPORTA;Lluvia;Desobedecer señales
2300229;13/03/2023;4:55:00 p. m.;Lunes;2023;Marzo;MOTOCICLETA;PARTICULAR;Acompañante;13;MASCULINO;HERIDOS;0;0;0;;CARRERA 48 CALLE 39SUR;;LAS VEGAS;6.171698095008137, -75.59370696323971;CHOQUE;VEHICULO;NO REPORTADO;NO REPORTA;Normal;No mantener distancia de seguridad
2300229;13/03/2023;4:55:00 p. m.;Lunes;2023;Marzo;MOTOCICLETA;PARTICULAR;Motociclista;18;MASCULINO;HERIDOS;0;0;0;;CARRERA 48 CALLE 39SUR;;LAS VEGAS;6.171698095008137, -75.59370696323971;CHOQUE;VEHICULO;NO REPORTADO;NO REPORTA;Normal;No mantener distancia de seguridad
2300230;13/03/2023;10:40:00 a. m.;Lunes;2023;Marzo;AUTOMOVIL;PARTICULAR;Acompañante;63;FEMENINO;HERIDOS;0;0;0;;CALLE 23SUR FRENTE AL #28-106;;ZUÑIGA;6.178442826939008, -75.57131305130267;CHOQUE;VEHICULO;NO REPORTADO;NO REPORTA;Lluvia;Estacionar sin seguridad  -  No mantener distancia de seguridad
2300231;13/03/2023;9:50:00 a. m.;Lunes;2023;Marzo;MOTOCICLETA;PARTICULAR;Motociclista;28;MASCULINO;HERIDOS;0;0;0;;KILOMETRO 14+910;medellín palmas envigado (km 12 - km 16+700);VEREDA PALMAS;6.152559897782476, -75.5466764657024;VOLCAMIENTO;NO REPORTADO;NO REPORTADO;NO REPORTA;Lluvia;Superficie humeda
2300232;14/03/2023;6:50:00 a. m.;Martes;2023;Marzo;MOTOCICLETA;PARTICULAR;Acompañante;53;MASCULINO;HERIDOS;0;0;0;;KILOMETRO 12+350;retiro varia palmas enviga (km 5+43 - km 14+ 550);VEREDA PALMAS;6.15872327907016, -75.5208614880034;CHOQUE;VEHICULO;NO REPORTADO;NO REPORTA;Normal;Desobedecer señales
2300233;15/03/2023;12:15:00 p. m.;Miércoles;2023;Marzo;MOTOCICLETA;PARTICULAR;Motociclista;33;MASCULINO;HERIDOS;0;0;0;;CARRERA 43A FRENTE AL #32SUR-06;;SAN MARCOS;6.175347914454631, -75.58578288140514;CHOQUE;VEHICULO;NO REPORTADO;NO REPORTA;Normal;No mantener distancia de seguridad
2300234;15/03/2023;1:30:00 p. m.;Miércoles;2023;Marzo;MOTOCICLETA;PARTICULAR;Motociclista;28;MASCULINO;HERIDOS;0;0;0;;TRANSVERSAL 32CSUR FRENTE AL #31D-45;;LA MAGNOLIA;6.175366434043905, -75.58131995052759;CHOQUE;VEHICULO;NO REPORTADO;NO REPORTA;Lluvia;Transitar en contravia
2300235;18/03/2023;6:50:00 p. m.;Sábado;2023;Marzo;MOTOCICLETA;PARTICULAR;Motociclista;44;MASCULINO;HERIDOS;0;0;0;;TRANSVERSAL 27ASUR CARRERA 42B;;PONTE VEDRA;6.178023674394221, -75.58227858248436;CHOQUE;VEHICULO;NO REPORTADO;NO REPORTA;Normal;Desobedecer señales  -  Embriaguez aparente
2300236;18/03/2023;5:20:00 p. m.;Sábado;2023;Marzo;MOTOCICLETA;PARTICULAR;Motociclista;24;MASCULINO;HERIDOS;0;0;0;;CALLE 36DSUR CARRERA 22;;VEREDA EL ESCOBERO;6.152043, -75.563921;CHOQUE;VEHICULO;NO REPORTADO;NO REPORTA;Normal;No respetar pelacion de interseccion o giros
2300237;18/03/2023;1:00:00 p. m.;Sábado;2023;Marzo;MOTOCICLETA;PARTICULAR;Motociclista;30;MASCULINO;HERIDOS;0;0;0;;CARRERA 50 FRENTE AL #26SUR-60;;LAS VEGAS;6.184653757504196, -75.58747569800214;CHOQUE;VEHICULO;NO REPORTADO;NO REPORTA;Normal;Otra-Conductor
2300237;18/03/2023;1:00:00 p. m.;Sábado;2023;Marzo;MOTOCICLETA;PARTICULAR;Motociclista;26;FEMENINO;HERIDOS;0;0;0;;CARRERA 50 FRENTE AL #26SUR-60;;LAS VEGAS;6.184653757504196, -75.58747569800214;CHOQUE;VEHICULO;NO REPORTADO;NO REPORTA;Normal;Otra-Conductor
2300238;15/03/2023;1:15:00 p. m.;Miércoles;2023;Marzo;CAMIONETA;PARTICULAR;Acompañante;62;FEMENINO;HERIDOS;0;0;0;;KILOMETRO 10+550;retiro varia palmas enviga (km 5+43 - km 14+ 550);VEREDA PANTANILLO;6.1604945606652155, -75.50830557610021;CHOQUE;VEHICULO;NO REPORTADO;NO REPORTA;Lluvia;Desobedecer señales
2300238;15/03/2023;1:15:00 p. m.;Miércoles;2023;Marzo;CAMIONETA;PARTICULAR;Conductor;66;MASCULINO;HERIDOS;0;0;0;;KILOMETRO 10+550;retiro varia palmas enviga (km 5+43 - km 14+ 550);VEREDA PANTANILLO;6.1604945606652155, -75.50830557610021;CHOQUE;VEHICULO;NO REPORTADO;NO REPORTA;Lluvia;Desobedecer señales
2300239;14/03/2023;7:47:00 a. m.;Martes;2023;Marzo;CAMPERO;PARTICULAR;Peaton;45;MASCULINO;HERIDOS;0;0;0;;CARRERA 48 CALLE 27A SUR;;LAS VEGAS;6.1813267390350966, -75.58685963248402;ATROPELLO;NO REPORTADO;NO REPORTADO;NO REPORTA;Normal;Cruzar en estado de embriaguez
2300240;15/03/2023;11:10:00 a. m.;Miércoles;2023;Marzo;MOTOCICLETA;PARTICULAR;Motociclista;70;FEMENINO;HERIDOS;0;0;0;;DIAGONAL 31C TRANSVERSAL 33SUR;;LAS FLORES;6.1745525673015775, -75.58045459499108;CHOQUE;VEHICULO;NO REPORTADO;NO REPORTA;Normal;Adelantar invadiendo carril del mismo sentido en zigzag
2300240;15/03/2023;11:10:00 a. m.;Miércoles;2023;Marzo;MOTOCICLETA;PARTICULAR;Acompañante;78;MASCULINO;HERIDOS;0;0;0;;DIAGONAL 31C TRANSVERSAL 33SUR;;LAS FLORES;6.1745525673015775, -75.58045459499108;CHOQUE;VEHICULO;NO REPORTADO;NO REPORTA;Normal;Adelantar invadiendo carril del mismo sentido en zigzag
2300241;15/03/2023;10:55:00 a. m.;Miércoles;2023;Marzo;AUTOMOVIL;PUBLICO;Peaton;65;MASCULINO;HERIDOS;0;0;0;;CARRERA 43A CALLE 41B SUR;;EL DORADO;6.166268210098014, -75.59276192728396;ATROPELLO;NO REPORTADO;NO REPORTADO;NO REPORTA;Normal;Otra-Conductor
2300242;16/03/2023;1:15:00 p. m.;Jueves;2023;Marzo;MOTOCICLETA;PARTICULAR;Motociclista;37;FEMENINO;HERIDOS;0;0;0;;CARRERA 43A CALLE 38SUR;;ALCALA;6.1705040782309535, -75.58875470447713;CHOQUE;VEHICULO;NO REPORTADO;NO REPORTA;Normal;Girar bruscamente
2300242;16/03/2023;1:15:00 p. m.;Jueves;2023;Marzo;MOTOCICLETA;PARTICULAR;Acompañante;11;FEMENINO;HERIDOS;0;0;0;;CARRERA 43A CALLE 38SUR;;ALCALA;6.1705040782309535, -75.58875470447713;CHOQUE;VEHICULO;NO REPORTADO;NO REPORTA;Normal;Girar bruscamente
2300243;16/03/2023;11:45:00 a. m.;Jueves;2023;Marzo;MOTOCICLETA;PARTICULAR;Motociclista;32;MASCULINO;HERIDOS;0;0;0;;CARRERA 48 FRENTE AL #30SUR-40;;LAS VEGAS;6.179338, -75.588118;CHOQUE;VEHICULO;NO REPORTADO;NO REPORTA;Normal;No mantener distancia de seguridad
2300244;17/03/2023;7:05:00 a. m.;Viernes;2023;Marzo;MOTOCICLETA;PARTICULAR;Motociclista;18;MASCULINO;HERIDOS;0;0;0;;KILOMETRO 12;retiro varia palmas enviga (km 5+43 - km 14+ 550);VEREDA PALMAS;6.139927777138745, -75.52072634578073;CHOQUE;VEHICULO;NO REPORTADO;NO REPORTA;Normal;Desobedecer señales
2300245;17/03/2023;7:30:00 a. m.;Viernes;2023;Marzo;MOTOCICLETA;PARTICULAR;Motociclista;20;MASCULINO;HERIDOS;0;0;0;;CARRERA 48 CON CALLE 50SUR;;LAS VEGAS;6.162072458716961, -75.60353659646475;CHOQUE;VEHICULO;NO REPORTADO;NO REPORTA;Normal;Desobedecer señales
2300245;17/03/2023;7:30:00 a. m.;Viernes;2023;Marzo;MOTOCICLETA;PARTICULAR;Acompañante;42;FEMENINO;HERIDOS;0;0;0;;CARRERA 48 CON CALLE 50SUR;;LAS VEGAS;6.162072458716961, -75.60353659646475;CHOQUE;VEHICULO;NO REPORTADO;NO REPORTA;Normal;Desobedecer señales
2300246;17/03/2023;3:00:00 p. m.;Viernes;2023;Marzo;MOTOCICLETA;PARTICULAR;Peaton;70;MASCULINO;HERIDOS;0;0;0;;CALLE 37SUR FRENTE AL #41-09;;ZONA CENTRO;6.169828286671744, -75.58630257936788;ATROPELLO;NO REPORTADO;NO REPORTADO;NO REPORTA;Normal;Cruzar sin observar
2300247;18/03/2023;12:30:00 p. m.;Sábado;2023;Marzo;MOTOCICLETA;PARTICULAR;Motociclista;45;MASCULINO;HERIDOS;0;0;0;;CARRERA 43A CON CALLE 37SUR ;;SAN MARCOS;6.171156877675806, -75.58832689943017;CHOQUE;VEHICULO;NO REPORTADO;NO REPORTA;Normal;Desobedecer señales
2300248;18/03/2023;12:30:00 a. m.;Sábado;2023;Marzo;MOTOCICLETA;PARTICULAR;Motociclista;38;MASCULINO;HERIDOS;0;0;0;;CALLE 37SUR CON DIAGONAL 31;;LA PRADERA;6.1659299055643295, -75.58026839273028;CHOQUE;VEHICULO;NO REPORTADO;NO REPORTA;Normal;Desobedecer señales
2300248;18/03/2023;12:30:00 a. m.;Sábado;2023;Marzo;MOTOCICLETA;PARTICULAR;Acompañante;25;FEMENINO;HERIDOS;0;0;0;;CALLE 37SUR CON DIAGONAL 31;;LA PRADERA;6.1659299055643295, -75.58026839273028;CHOQUE;VEHICULO;NO REPORTADO;NO REPORTA;Normal;Desobedecer señales
2300249;19/03/2023;8:40:00 a. m.;Domingo;2023;Marzo;MOTOCICLETA;PARTICULAR;Acompañante;45;MASCULINO;HERIDOS;0;0;0;;CARRERA 48 FRENTE AL #26SUR-181;;LAS VEGAS;6.183278271915868, -75.58547773259144;ATROPELLO;NO REPORTADO;NO REPORTADO;NO REPORTA;Normal;Cruzar sin observar
2300250;21/03/2023;6:10:00 a. m.;Martes;2023;Marzo;MOTOCICLETA;PARTICULAR;Motociclista;40;MASCULINO;HERIDOS;0;0;0;;CARRERA 48 FRENTE AL #30SUR-119;;LAS VEGAS;6.1782234674889125, -75.58934800584943;CHOQUE;VEHICULO;NO REPORTADO;NO REPORTA;Normal;No mantener distancia de seguridad
2300251;21/03/2023;7:05:00 a. m.;Martes;2023;Marzo;MOTOCICLETA;PARTICULAR;Motociclista;31;FEMENINO;HERIDOS;0;0;0;;CALLE 39SUR CARRERA 27D;;SAN JOSE;6.160590777843402, -75.5792440874374;CHOQUE;VEHICULO;NO REPORTADO;NO REPORTA;Normal;Adelantar en zona prohibida
2300252;20/03/2023;7:50:00 p. m.;Lunes;2023;Marzo;MOTOCICLETA;PARTICULAR;Acompañante;54;FEMENINO;HERIDOS;0;0;0;;CARRERA 43A CALLE 48CSUR;;PRIMAVERA;6.162205726869072, -75.59762786123542;CHOQUE;VEHICULO;NO REPORTADO;NO REPORTA;Normal;Desobedecer señales
2300254;22/03/2023;1:00:00 p. m.;Miércoles;2023;Marzo;CAMION;PARTICULAR;Conductor;33;MASCULINO;HERIDOS;0;0;0;;CALLE 37 SUR FRENTE AL #46A-86;;EL PORTAL;6.173373, -75.591874;CHOQUE;VEHICULO;NO REPORTADO;NO REPORTA;Normal;Otra-Conductor
2300254;22/03/2023;1:00:00 p. m.;Miércoles;2023;Marzo;MOTOCICLETA;PARTICULAR;Motociclista;59;MASCULINO;MUERTOS;0;0;0;;CALLE 37 SUR FRENTE AL #46A-86;;EL PORTAL;6.173373, -75.591874;CHOQUE;VEHICULO;NO REPORTADO;NO REPORTA;Normal;Otra-Conductor
2300254;22/03/2023;1:00:00 p. m.;Miércoles;2023;Marzo;MOTOCICLETA;PARTICULAR;Motociclista;34;FEMENINO;HERIDOS;0;0;0;;CALLE 37 SUR FRENTE AL #46A-86;;EL PORTAL;6.173373, -75.591874;CHOQUE;VEHICULO;NO REPORTADO;NO REPORTA;Normal;Otra-Conductor
2300255;21/03/2023;10:10:00 a. m.;Martes;2023;Marzo;MOTOCICLETA;PARTICULAR;Motociclista;38;MASCULINO;HERIDOS;0;0;0;;CARRERA 38 FRENTE AL # 37 SUR-21;;MESA;6.168242, -75.584503;CHOQUE;VEHICULO;NO REPORTADO;NO REPORTA;Normal;Desobedecer señales
2300256;21/03/2023;12:08:00 p. m.;Martes;2023;Marzo;MOTOCICLETA;PARTICULAR;Motociclista;20;MASCULINO;HERIDOS;0;0;0;;KILOMETRO 14+130;medellín palmas envigado (km 12 - km 16+700);VEREDA PALMAS;6.1570410146206696, -75.54681879845417;CHOQUE;OBJETO FIJO;OTRO TIPO;NO REPORTA;Normal;Fallas en los frenos
2300257;22/03/2023;8:00:00 p. m.;Miércoles;2023;Marzo;MOTOCICLETA;PARTICULAR;Motociclista;53;MASCULINO;HERIDOS;0;0;0;;CALLE 27 SUR CARRERA 41;;ZUÑIGA;6.1792785996344195, -75.57739422496688;CHOQUE;VEHICULO;NO REPORTADO;NO REPORTA;Lluvia;No mantener distancia de seguridad
2300258;22/03/2023;3:10:00 p. m.;Miércoles;2023;Marzo;MOTOCICLETA;PARTICULAR;Motociclista;20;FEMENINO;HERIDOS;0;0;0;;CALLE 40B SUR ENTRE CARRERA 38 y CARRERA 39A;;EL DORADO;6.165237, -75.587259;CHOQUE;VEHICULO;NO REPORTADO;NO REPORTA;Normal;Adelantar por la derecha  -  Impericia en el manejo
2300259;22/03/2023;9:30:00 p. m.;Miércoles;2023;Marzo;MOTOCICLETA;PARTICULAR;Motociclista;22;MASCULINO;HERIDOS;0;0;0;;CALLE 39 B SUR CARRERA 28;;SAN JOSE;6.161033133882458, -75.58062222444848;CHOQUE;VEHICULO;NO REPORTADO;NO REPORTA;Normal;Desobedecer señales
2300260;22/03/2023;4:05:00 p. m.;Miércoles;2023;Marzo;MOTOCICLETA;PARTICULAR;Motociclista;40;FEMENINO;HERIDOS;0;0;0;;KILOMETRO 14;medellín palmas envigado (km 12 - km 16+700);VEREDA PALMAS;6.158308868876167, -75.54652421166979;OTRO;NO REPORTADO;NO REPORTADO;NO REPORTA;Lluvia;Adelantar invadiendo carril del mismo sentido en zigzag  -  Superficie humeda
2300261;23/03/2023;6:40:00 a. m.;Jueves;2023;Marzo;MOTOCICLETA;PARTICULAR;Motociclista;21;MASCULINO;HERIDOS;0;0;0;;CARRERA 50 ENTRE CALLE 25ASUR y CALLE 25SUR;;LAS VEGAS;6.187013, -75.584543;CHOQUE;OBJETO FIJO;VEHICULO ESTACIONADO;NO REPORTA;Lluvia;Adelantar por la derecha  -  Impericia en el manejo
2300261;23/03/2023;6:40:00 a. m.;Jueves;2023;Marzo;MOTOCICLETA;PARTICULAR;Motociclista;26;MASCULINO;HERIDOS;0;0;0;;CARRERA 50 ENTRE CALLE 25ASUR y CALLE 25SUR;;LAS VEGAS;6.187013, -75.584543;CHOQUE;OBJETO FIJO;VEHICULO ESTACIONADO;NO REPORTA;Lluvia;Adelantar por la derecha  -  Impericia en el manejo
2300262;23/03/2023;2:44:00 p. m.;Jueves;2023;Marzo;MOTOCICLETA;PARTICULAR;Motociclista;19;MASCULINO;HERIDOS;0;0;0;;CARRERA 50 FRENTE AL # 32BSUR-139;;LAS VEGAS;6.177681, -75.592452;CHOQUE;VEHICULO;NO REPORTADO;NO REPORTA;Normal;No mantener distancia de seguridad
2300263;23/03/2023;10:20:00 a. m.;Jueves;2023;Marzo;AUTOMOVIL;PARTICULAR;Conductor;65;FEMENINO;HERIDOS;0;0;0;;KILOMETRO 15+360;medellín palmas envigado (km 12 - km 16+700);VEREDA PALMAS;6.153869542527204, -75.54325578122769;CHOQUE;OBJETO FIJO;OTRO TIPO;NO REPORTA;Lluvia;Impericia en el manejo