NRO_RADICADO;FECHA_ACCIDENTE;HORA_ACCIDENTE;Día de la semana;AÑO;MES;CLASE_VEHICULO;TIPO_SERVICIO;TIPO_VICTIMA;EDAD;GENERO;GRAVEDAD;ESTADO_BEODEZ;ESTADO_DROGA;RESULTADO_BEODEZ;RESUL_BEODEZ_GRAMOS;DIRECCION_CARACT_VIA;TRAMO_VIA;LOCALIDAD_O_COMUNA;    GEORREFERENCIACIÓN;DESC_CLASE_ACCIDENTE;DESC_CHOQUE_ACCIDENTE;DESC_OBJETO_FIJO;DESC_SECTOR_ACCIDENTE;CONDICION_CLIMATICA;CAUSA_ACCIDENTE
2300265;26/03/2023;4:10:00 a. m.;Domingo;2023;Marzo;MOTOCICLETA;PARTICULAR;Motociclista;30;MASCULINO;HERIDOS;0;0;0;;CARRERA 43A CON CALLE 38SUR;;ALCALA;6.170511462060077, -75.58881864598104;CHOQUE;VEHICULO;NO REPORTADO;NO REPORTA;Normal;Embriaguez aparente  -  Semaforo en rojo
2300265;26/03/2023;4:10:00 a. m.;Domingo;2023;Marzo;MOTOCICLETA;PARTICULAR;Acompañante;32;FEMENINO;HERIDOS;0;0;0;;CARRERA 43A CON CALLE 38SUR;;ALCALA;6.170511462060077, -75.58881864598104;CHOQUE;VEHICULO;NO REPORTADO;NO REPORTA;Normal;Embriaguez aparente  -  Semaforo en rojo
2300266;26/03/2023;4:50:00 p. m.;Domingo;2023;Marzo;MOTOCICLETA;PARTICULAR;Motociclista;26;FEMENINO;HERIDOS;0;0;0;;DIAGONAL 32B CON TRANSVERSAL 32CSUR;;LA MAGNOLIA;6.174792, -75.583096;CHOQUE;VEHICULO;NO REPORTADO;NO REPORTA;Normal;Desobedecer señales
2300267;25/03/2023;4:45:00 p. m.;Sábado;2023;Marzo;MOTOCICLETA;PARTICULAR;Motociclista;16;MASCULINO;HERIDOS;0;0;0;;CARRERA 24 E FRENTE AL # 40SUR-14;;EL SALADO;6.1495324176756885, -75.57692255577867;VOLCAMIENTO;NO REPORTADO;NO REPORTADO;NO REPORTA;Lluvia;Otra-Conductor
2300268;23/03/2023;5:30:00 p. m.;Jueves;2023;Marzo;MOTOCICLETA;PARTICULAR;Peaton;38;MASCULINO;HERIDOS;0;0;0;;CALLE 37SUR FRENTE AL #32-21;;MESA;6.166604263459102, -75.58117312073053;ATROPELLO;NO REPORTADO;NO REPORTADO;NO REPORTA;Normal;Desobedecer señales
2300269;23/03/2023;11:50:00 a. m.;Jueves;2023;Marzo;MOTOCICLETA;PARTICULAR;Peaton;65;FEMENINO;HERIDOS;0;0;0;;CALLE 40SUR FRENTE AL #25AA-20;;EL SALADO;6.156082, -75.580921;ATROPELLO;NO REPORTADO;NO REPORTADO;NO REPORTA;Normal;Desobedecer señales
2300270;24/03/2023;6:10:00 p. m.;Viernes;2023;Marzo;MOTOCICLETA;PARTICULAR;Motociclista;22;MASCULINO;HERIDOS;0;0;0;;CALLE 40FSUR #25A90;;LA MINA;6.155955670194965, -75.58253364150605;CHOQUE;VEHICULO;NO REPORTADO;NO REPORTA;Normal;Girar bruscamente
2300271;24/03/2023;9:40:00 a. m.;Viernes;2023;Marzo;CAMIONETA;PARTICULAR;Conductor;20;FEMENINO;HERIDOS;0;0;0;;CALLE 38ASUR CON CARRERA 34;;MESA;6.165906, -75.583065;CHOQUE;VEHICULO;NO REPORTADO;NO REPORTA;Normal;Desobedecer señales
2300272;23/03/2023;2:00:00 p. m.;Jueves;2023;Marzo;MOTOCICLETA;PARTICULAR;Motociclista;54;MASCULINO;HERIDOS;0;0;0;;CALLE 39SUR CON CARRERA 32;;MESA;6.164536, -75.582499;CHOQUE;VEHICULO;NO REPORTADO;NO REPORTA;Normal;No respetar pelacion de interseccion o giros
2300273;24/03/2023;6:30:00 a. m.;Viernes;2023;Marzo;MOTOCICLETA;PARTICULAR;Motociclista;53;MASCULINO;HERIDOS;0;0;0;;KILOMETRO 11+580;retiro varia palmas enviga (km 5+43 - km 14+ 550);VEREDA PALMAS;6.145522165175126, -75.52703917555327;CHOQUE;VEHICULO;NO REPORTADO;NO REPORTA;Normal;Adelantar invadiendo carril de sentido contrario
2300273;24/03/2023;6:30:00 a. m.;Viernes;2023;Marzo;MOTOCICLETA;PARTICULAR;Acompañante;53;FEMENINO;HERIDOS;0;0;0;;KILOMETRO 11+580;retiro varia palmas enviga (km 5+43 - km 14+ 550);VEREDA PALMAS;6.145522165175126, -75.52703917555327;CHOQUE;VEHICULO;NO REPORTADO;NO REPORTA;Normal;Adelantar invadiendo carril de sentido contrario
2300273;24/03/2023;6:30:00 a. m.;Viernes;2023;Marzo;MOTOCICLETA;PARTICULAR;Motociclista;18;MASCULINO;HERIDOS;0;0;0;;KILOMETRO 11+580;retiro varia palmas enviga (km 5+43 - km 14+ 550);VEREDA PALMAS;6.145522165175126, -75.52703917555327;CHOQUE;VEHICULO;NO REPORTADO;NO REPORTA;Normal;Adelantar invadiendo carril de sentido contrario
2300274;25/03/2023;10:54:00 a. m.;Sábado;2023;Marzo;MOTOCICLETA;PARTICULAR;Motociclista;30;FEMENINO;HERIDOS;0;0;0;;CARRERA 24D CON CALLE 40SUR;;EL SALADO;6.147172, -75.576481;CHOQUE;VEHICULO;NO REPORTADO;NO REPORTA;Normal;Desobedecer señales
2300275;25/03/2023;10:51:00 p. m.;Sábado;2023;Marzo;MOTOCICLETA;PARTICULAR;Motociclista;41;MASCULINO;HERIDOS;1;0;1;50;CALLE 37SUR CON CARRERA 32;;MESA;6.166565, -75.581146;CHOQUE;VEHICULO;NO REPORTADO;NO REPORTA;Normal;Embriaguez o droga  -  Semaforo en rojo
2300276;25/03/2023;4:06:00 p. m.;Sábado;2023;Marzo;AUTOMOVIL;PARTICULAR;Acompañante;69;FEMENINO;HERIDOS;0;0;0;;CARRERA 39E FRENTE AL #48FSUR-85;;LOMA DEL BARRO;6.1550194220667285, -75.59763906127463;ATROPELLO;NO REPORTADO;NO REPORTADO;NO REPORTA;Normal;Reverso imprudente
2300277;25/03/2023;12:25:00 p. m.;Sábado;2023;Marzo;MOTOCICLETA;PARTICULAR;Acompañante;22;FEMENINO;HERIDOS;0;0;0;;CARRERA 43A RENTE AL #31SUR-29;;JARDINES;6.176633999474811, -75.58539558590027;CAIDA OCUPANTE;NO REPORTADO;NO REPORTADO;NO REPORTA;Normal;Impericia en el manejo
2300278;23/03/2023;5:20:00 p. m.;Jueves;2023;Marzo;MOTOCICLETA;PARTICULAR;Motociclista;21;MASCULINO;HERIDOS;0;0;0;;CALLE 30 SUR CARRERA 46A;;JARDINES;6.178691, -75.587181;CHOQUE;VEHICULO;NO REPORTADO;NO REPORTA;Normal;No respetar pelacion de interseccion o giros
2300279;25/03/2023;1:00:00 p. m.;Sábado;2023;Marzo;CAMIONETA;PARTICULAR;Conductor;40;MASCULINO;HERIDOS;0;0;0;;CALLE 48ASUR FRENTE AL #39B-43;;EL TRIANON;6.157665, -75.594558;VOLCAMIENTO;NO REPORTADO;NO REPORTADO;NO REPORTA;Normal;Estacionar sin seguridad
2300280;27/03/2023;12:55:00 p. m.;Lunes;2023;Marzo;AUTOMOVIL;PUBLICO;Peaton;82;MASCULINO;HERIDOS;0;0;0;;CARRERA 42 CON CALLE 39SUR;;ZONA CENTRO;6.168256847195939, -75.58819520786226;ATROPELLO;NO REPORTADO;NO REPORTADO;NO REPORTA;Normal;Desobedecer señales
2300281;28/03/2023;10:30:00 a. m.;Martes;2023;Marzo;MOTOCICLETA;PARTICULAR;Motociclista;30;MASCULINO;HERIDOS;0;0;0;;CARRERA 50 ENTRE CALLES 33SUR Y 32BSUR;;LAS VEGAS;6.178081745882608, -75.59205341721417;CAIDA OCUPANTE;NO REPORTADO;NO REPORTADO;NO REPORTA;Normal;Impericia en el manejo
2300282;28/03/2023;8:30:00 p. m.;Martes;2023;Marzo;MOTOCICLETA;PARTICULAR;Motociclista;25;MASCULINO;HERIDOS;0;0;0;;CARRERA 50 FRENTE AL #27SUR-30;;LAS VEGAS;6.1831757276562, -75.58876103260076;CHOQUE;VEHICULO;NO REPORTADO;NO REPORTA;Normal;Otra-Conductor
2300282;28/03/2023;8:30:00 p. m.;Martes;2023;Marzo;MOTOCICLETA;PARTICULAR;Acompañante;25;FEMENINO;HERIDOS;0;0;0;;CARRERA 50 FRENTE AL #27SUR-30;;LAS VEGAS;6.1831757276562, -75.58876103260076;CHOQUE;VEHICULO;NO REPORTADO;NO REPORTA;Normal;Otra-Conductor
2300283;28/03/2023;2:05:00 p. m.;Martes;2023;Marzo;MOTOCICLETA;PARTICULAR;Motociclista;18;MASCULINO;HERIDOS;0;0;0;;DIAGONAL 33 CON TRANSVERSAL 35A;;LOS NARANJOS;6.169413, -75.582125;CHOQUE;VEHICULO;NO REPORTADO;NO REPORTA;Normal;Adelantar invadiendo carril del mismo sentido en zigzag
2300285;29/03/2023;6:20:00 a. m.;Miércoles;2023;Marzo;AUTOMOVIL;PARTICULAR;Peaton;57;FEMENINO;HERIDOS;0;0;0;;CARRERA 41 CALLE 35SUR;;ZONA CENTRO;6.171421, -75.585177;ATROPELLO;NO REPORTADO;NO REPORTADO;NO REPORTA;Normal;Cruzar sin observar
2300286;29/03/2023;4:45:00 p. m.;Miércoles;2023;Marzo;CAMIONETA;PUBLICO;Conductor;50;MASCULINO;HERIDOS;0;0;0;;KILOMETRO 4;el escobero - km 0-13);VEREDA EL ESCOBERO;6.129619438967578, -75.5508207733991;VOLCAMIENTO;NO REPORTADO;NO REPORTADO;NO REPORTA;Lluvia;Impericia en el manejo
2300286;29/03/2023;4:45:00 p. m.;Miércoles;2023;Marzo;CAMIONETA;PUBLICO;Acompañante;31;MASCULINO;HERIDOS;0;0;0;;KILOMETRO 4;el escobero - km 0-13);VEREDA EL ESCOBERO;6.129619438967578, -75.5508207733991;VOLCAMIENTO;NO REPORTADO;NO REPORTADO;NO REPORTA;Lluvia;Impericia en el manejo
2300287;29/03/2023;5:35:00 p. m.;Miércoles;2023;Marzo;MOTOCICLETA;PARTICULAR;Motociclista;42;MASCULINO;HERIDOS;0;0;0;;CALLE 27DSUR FRENTE AL #28-80;;ALTO DE MISAEL;6.175135, -75.575935;CHOQUE;VEHICULO;NO REPORTADO;NO REPORTA;Normal;No respetar prelacion
2300288;2/04/2023;3:45:00 p. m.;Domingo;2023;Abril;MOTOCICLETA;PARTICULAR;Motociclista;29;MASCULINO;HERIDOS;0;0;0;;CARRERA 50 ENTRE CALLE 25ASUR y CALLE 25SUR;;LAS VEGAS;6.186738, -75.584759;CHOQUE;VEHICULO;NO REPORTADO;NO REPORTA;Normal;Adelantar invadiendo carril del mismo sentido en zigzag  -  Transitar distante de la acera u orilla 
2300288;2/04/2023;3:45:00 p. m.;Domingo;2023;Abril;BICICLETA;;Ciclista;33;FEMENINO;HERIDOS;0;0;0;;CARRERA 50 ENTRE CALLE 25ASUR y CALLE 25SUR;;LAS VEGAS;6.186738, -75.584759;CHOQUE;VEHICULO;NO REPORTADO;NO REPORTA;Normal;Adelantar invadiendo carril del mismo sentido en zigzag  -  Transitar distante de la acera u orilla 
2300289;30/03/2023;2:10:00 p. m.;Jueves;2023;Marzo;MOTOCICLETA;PARTICULAR;Motociclista;39;MASCULINO;HERIDOS;0;0;0;;CARRERA 50 CALLE 39 SUR ;;LAS VEGAS;6.173828, -75.597096;CHOQUE;VEHICULO;NO REPORTADO;NO REPORTA;Normal;No mantener distancia de seguridad
2300290;2/04/2023;2:15:00 p. m.;Domingo;2023;Abril;MOTOCICLETA;PARTICULAR;Motociclista;34;MASCULINO;HERIDOS;0;0;0;;KILOMETRO 14+430;medellín palmas envigado (km 12 - km 16+700);VEREDA PALMAS;6.154774105556547, -75.54517008192177;CHOQUE;OBJETO FIJO;OTRO TIPO;NO REPORTA;Normal;Impericia en el manejo
2300291;31/03/2023;7:50:00 p. m.;Viernes;2023;Marzo;MOTOCICLETA;PARTICULAR;Motociclista;33;FEMENINO;HERIDOS;0;0;0;;CARRERA 50 CALLE 29SUR;;LAS VEGAS;6.182858, -75.588849;CHOQUE;OBJETO FIJO;OTRO TIPO;NO REPORTA;Normal;Impericia en el manejo
2300292;30/03/2023;12:25:00 p. m.;Jueves;2023;Marzo;AUTOMOVIL;PARTICULAR;Conductor;43;MASCULINO;HERIDOS;0;0;0;;CARRERA 43A ENTRE CALLE 39SUR y CALLE 40SUR;;ALCALA;6.168455358836727, -75.5900604950019;CHOQUE;VEHICULO;NO REPORTADO;NO REPORTA;Normal;No mantener distancia de seguridad
2300293;31/03/2023;5:20:00 p. m.;Viernes;2023;Marzo;MOTOCICLETA;PARTICULAR;Motociclista;20;MASCULINO;HERIDOS;0;0;0;;CALLE 25SUR CARRERA 42B;;LAS ORQUIDEAS;6.18041010359815, -75.58108180048005;CHOQUE;VEHICULO;NO REPORTADO;NO REPORTA;Normal;Desobedecer señales
2300294;2/04/2023;5:30:00 a. m.;Domingo;2023;Abril;MOTOCICLETA;PARTICULAR;Motociclista;17;MASCULINO;HERIDOS;0;0;0;;KILOMETRO 3+42;el escobero - km 0-13);VEREDA EL ESCOBERO;6.136033534898221, -75.5545896967867;CHOQUE;OBJETO FIJO;MURO;NO REPORTA;Normal;Impericia en el manejo
2300295;2/04/2023;5:50:00 p. m.;Domingo;2023;Abril;AUTOMOVIL;PARTICULAR;Acompañante;60;FEMENINO;HERIDOS;0;0;0;;CALLE 32B SUR ENTRE CARRERA 49 y CARRERA 48;;LAS VEGAS;6.175555, -75.594665;CHOQUE;VEHICULO;NO REPORTADO;NO REPORTA;Normal;No mantener distancia de seguridad
2300296;6/04/2023;7:52:00 p. m.;Jueves;2023;Abril;MOTOCICLETA;PARTICULAR;Motociclista;29;MASCULINO;HERIDOS;0;0;0;;CARRERA 48 ENTRE CALLE 35ASUR y CALLE 36SUR;;LAS VEGAS;6.174300599099181, -75.59191958760259;ATROPELLO;NO REPORTADO;NO REPORTADO;NO REPORTA;Normal;Cruzar sin observar  -  Pasar semaforo en rojo
2300296;6/04/2023;7:52:00 p. m.;Jueves;2023;Abril;MOTOCICLETA;PARTICULAR;Acompañante;27;MASCULINO;HERIDOS;0;0;0;;CARRERA 48 ENTRE CALLE 35ASUR y CALLE 36SUR;;LAS VEGAS;6.174300599099181, -75.59191958760259;ATROPELLO;NO REPORTADO;NO REPORTADO;NO REPORTA;Normal;Cruzar sin observar  -  Pasar semaforo en rojo
2300296;6/04/2023;7:52:00 p. m.;Jueves;2023;Abril;MOTOCICLETA;PARTICULAR;Peaton;88;FEMENINO;HERIDOS;0;0;0;;CARRERA 48 ENTRE CALLE 35ASUR y CALLE 36SUR;;LAS VEGAS;6.174300599099181, -75.59191958760259;ATROPELLO;NO REPORTADO;NO REPORTADO;NO REPORTA;Normal;Cruzar sin observar  -  Pasar semaforo en rojo
2300297;5/04/2023;6:40:00 a. m.;Miércoles;2023;Abril;MOTOCICLETA;PARTICULAR;Motociclista;19;FEMENINO;HERIDOS;0;0;0;;CARRERA 49A  CALLE 46ASUR;;LAS VEGAS;6.167929, -75.602248;CHOQUE;OBJETO FIJO;OTRO TIPO;NO REPORTA;Normal;Impericia en el manejo
2300298;5/04/2023;10:20:00 p. m.;Miércoles;2023;Abril;MOTOCICLETA;PARTICULAR;Acompañante;25;FEMENINO;HERIDOS;0;0;0;;KILOMETRO 8+650;retiro varia palmas enviga (km 5+43 - km 14+ 550);VEREDA PERICO;6.1704305314981225, -75.49948259362613;VOLCAMIENTO;NO REPORTADO;NO REPORTADO;NO REPORTA;Normal;Impericia en el manejo
2300299;4/04/2023;5:00:00 p. m.;Martes;2023;Abril;MOTOCICLETA;PARTICULAR;Peaton;52;MASCULINO;HERIDOS;0;0;0;;CARRERA 50 CALLE 26SUR;;LAS VEGAS;6.185020, -75.586962;ATROPELLO;NO REPORTADO;NO REPORTADO;NO REPORTA;Lluvia;Impericia en el manejo
2300299;4/04/2023;5:00:00 p. m.;Martes;2023;Abril;MOTOCICLETA;PARTICULAR;Acompañante;40;FEMENINO;HERIDOS;0;0;0;;CARRERA 50 CALLE 26SUR;;LAS VEGAS;6.185020, -75.586962;ATROPELLO;NO REPORTADO;NO REPORTADO;NO REPORTA;Lluvia;Impericia en el manejo
2300299;4/04/2023;5:00:00 p. m.;Martes;2023;Abril;MOTOCICLETA;PARTICULAR;Motociclista;38;FEMENINO;HERIDOS;0;0;0;;CARRERA 50 CALLE 26SUR;;LAS VEGAS;6.185020, -75.586962;ATROPELLO;NO REPORTADO;NO REPORTADO;NO REPORTA;Lluvia;Impericia en el manejo
2300300;7/04/2023;10:30:00 p. m.;Viernes;2023;Abril;MOTOCICLETA;PARTICULAR;Peaton;58;FEMENINO;HERIDOS;0;0;0;;DIAGONAL 31E TRANSVERSAL 34DSUR;;OBRERO;6.17192700805297, -75.58039431274938;ATROPELLO;NO REPORTADO;NO REPORTADO;NO REPORTA;Normal;Otra-Conductor
2300300;7/04/2023;10:30:00 p. m.;Viernes;2023;Abril;MOTOCICLETA;PARTICULAR;Peaton;41;MASCULINO;HERIDOS;0;0;0;;DIAGONAL 31E TRANSVERSAL 34DSUR;;OBRERO;6.17192700805297, -75.58039431274938;ATROPELLO;NO REPORTADO;NO REPORTADO;NO REPORTA;Normal;Otra-Conductor
2300300;7/04/2023;10:30:00 p. m.;Viernes;2023;Abril;MOTOCICLETA;PARTICULAR;Motociclista;30;MASCULINO;HERIDOS;0;0;0;;DIAGONAL 31E TRANSVERSAL 34DSUR;;OBRERO;6.17192700805297, -75.58039431274938;ATROPELLO;NO REPORTADO;NO REPORTADO;NO REPORTA;Normal;Otra-Conductor
2300301;4/04/2023;9:20:00 a. m.;Martes;2023;Abril;AUTOMOVIL;PARTICULAR;Acompañante;33;MASCULINO;HERIDOS;0;0;0;;CARRERA 50 ENTRE CALLE 46ASUR y CALLE 43SUR;;LAS VEGAS;6.171115, -75.600660;CHOQUE;VEHICULO;NO REPORTADO;NO REPORTA;Normal;No mantener distancia de seguridad
2300302;5/04/2023;9:35:00 p. m.;Miércoles;2023;Abril;MOTOCICLETA;PARTICULAR;Acompañante;27;MASCULINO;HERIDOS;0;0;0;;CALLE 39SUR CARRERA 28;;SAN JOSE;6.161091, -75.579853;CHOQUE;VEHICULO;NO REPORTADO;NO REPORTA;Normal;Desobedecer señales
2300302;5/04/2023;9:35:00 p. m.;Miércoles;2023;Abril;MOTOCICLETA;PARTICULAR;Motociclista;31;MASCULINO;HERIDOS;0;0;0;;CALLE 39SUR CARRERA 28;;SAN JOSE;6.161091, -75.579853;CHOQUE;VEHICULO;NO REPORTADO;NO REPORTA;Normal;Desobedecer señales
2300303;3/04/2023;12:00:00 p. m.;Lunes;2023;Abril;BICICLETA;;Ciclista;32;MASCULINO;HERIDOS;0;0;0;;CARRERA 43A FRENTE AL #25BSUR-106;;PONTE VEDRA;6.180095764430366, -75.5830471037214;CHOQUE;VEHICULO;NO REPORTADO;NO REPORTA;Normal;Otra-Conductor
2300304;7/04/2023;8:10:00 p. m.;Viernes;2023;Abril;MOTOCICLETA;PARTICULAR;Peaton;51;MASCULINO;HERIDOS;0;0;0;;CARRERA 26 ENTRE CALLE 40SUR y CALLE 40BSUR;;LA MINA;6.1579091597332445, -75.58166765719136;ATROPELLO;NO REPORTADO;NO REPORTADO;NO REPORTA;Normal;Cruzar sin observar
2300305;3/04/2023;6:50:00 p. m.;Lunes;2023;Abril;MOTOCICLETA;PARTICULAR;Motociclista;32;MASCULINO;HERIDOS;0;0;0;;CARRERA 50 ENTRE CALLE 36SUR y CALLE 37SUR;;LAS VEGAS;6.176349, -75.593831;CHOQUE;VEHICULO;NO REPORTADO;NO REPORTA;Normal;Adelantar cerrando
2300305;3/04/2023;6:50:00 p. m.;Lunes;2023;Abril;MOTOCICLETA;PARTICULAR;Motociclista;36;MASCULINO;HERIDOS;0;0;0;;CARRERA 50 ENTRE CALLE 36SUR y CALLE 37SUR;;LAS VEGAS;6.176349, -75.593831;CHOQUE;VEHICULO;NO REPORTADO;NO REPORTA;Normal;Adelantar cerrando
2300306;11/04/2023;5:10:00 p. m.;Martes;2023;Abril;MOTOCICLETA;PARTICULAR;Acompañante;25;FEMENINO;HERIDOS;0;0;0;;CALLE 36DSUR FRENTE AL #27A-105;;LA PRADERA;6.165727401921795, -75.57611998927163;CHOQUE;VEHICULO;NO REPORTADO;NO REPORTA;Normal;Impericia en el manejo
2300307;3/04/2023;10:30:00 a. m.;Lunes;2023;Abril;MOTOCICLETA;PARTICULAR;Motociclista;27;MASCULINO;HERIDOS;0;0;0;;CARRERA 39D CALLE 46ESUR;;EL TRIANON;6.159103, -75.593036;CHOQUE;VEHICULO;NO REPORTADO;NO REPORTA;Normal;Desobedecer señales
2300308;3/04/2023;10:20:00 a. m.;Lunes;2023;Abril;MOTOCICLETA;PARTICULAR;Motociclista;28;MASCULINO;HERIDOS;0;0;0;;CARRERA 48 FRENTE AL #19SUR-125;;LAS VEGAS;6.186907, -75.581837;CHOQUE;VEHICULO;NO REPORTADO;NO REPORTA;Normal;Reverso imprudente
2300309;3/04/2023;3:00:00 p. m.;Lunes;2023;Abril;MOTOCICLETA;OFICIAL;Acompañante;36;FEMENINO;HERIDOS;0;0;0;;TRANSVERSAL 33ASUR DIAGONAL 30A-29;;URIBE ANGEL;6.1736656141889235, -75.57838421844846;VOLCAMIENTO;NO REPORTADO;NO REPORTADO;NO REPORTA;Normal;Otra-Conductor
2300310;3/04/2023;8:40:00 p. m.;Lunes;2023;Abril;MOTOCICLETA;PARTICULAR;Motociclista;25;MASCULINO;HERIDOS;0;0;0;;CALLE 37 SUR CARRERA 50;;LAS VEGAS;6.175233, -75.595180;CHOQUE;VEHICULO;NO REPORTADO;NO REPORTA;Normal;Desobedecer señales
2300311;5/04/2023;3:40:00 p. m.;Miércoles;2023;Abril;MOTOCICLETA;PARTICULAR;Motociclista;27;FEMENINO;HERIDOS;0;0;0;;DIAGONAL 29 TRANSVERSAL 33SUR;;URIBE ANGEL;6.173992929026162, -75.5774820530965;CHOQUE;VEHICULO;NO REPORTADO;NO REPORTA;Normal;Poner en marcha un vehiculo sin precauci
2300312;5/04/2023;7:30:00 p. m.;Miércoles;2023;Abril;AUTOMOVIL;PARTICULAR;Acompañante;11;FEMENINO;HERIDOS;0;0;0;;DIAGONAL 31E TRANSVERSAL 33SUR;;LA MAGNOLIA;6.174765742203081, -75.58138893424373;CHOQUE;VEHICULO;NO REPORTADO;NO REPORTA;Normal;Desobedecer señales
2300313;8/04/2023;5:40:00 p. m.;Sábado;2023;Abril;MOTOCICLETA;PARTICULAR;Motociclista;38;MASCULINO;HERIDOS;0;0;0;;CARRERA 48 CALLE 40 SUR;;LAS VEGAS;6.170402518372473, -75.59525691222923;CHOQUE;VEHICULO;NO REPORTADO;NO REPORTA;Normal;Impericia en el manejo
2300314;9/04/2023;10:00:00 a. m.;Domingo;2023;Abril;BICICLETA;;Ciclista;24;MASCULINO;HERIDOS;0;0;0;;KILOMETRO 15+480;medellín palmas envigado (km 12 - km 16+700);VEREDA PALMAS;6.154272401215607, -75.54307907488248;CHOQUE;VEHICULO;NO REPORTADO;NO REPORTA;Normal;Adelantar cerrando  -  Girar bruscamente
2300314;9/04/2023;10:00:00 a. m.;Domingo;2023;Abril;MOTOCICLETA;PARTICULAR;Motociclista;38;MASCULINO;HERIDOS;0;0;0;;KILOMETRO 15+480;medellín palmas envigado (km 12 - km 16+700);VEREDA PALMAS;6.154272401215607, -75.54307907488248;CHOQUE;VEHICULO;NO REPORTADO;NO REPORTA;Normal;Adelantar cerrando  -  Girar bruscamente
2300315;9/04/2023;8:10:00 a. m.;Domingo;2023;Abril;MOTOCICLETA;PARTICULAR;Motociclista;56;MASCULINO;HERIDOS;0;0;0;;CARRERA 48 CALLE 39 SUR;;LAS VEGAS;6.171698208119806, -75.59369864242707;CHOQUE;VEHICULO;NO REPORTADO;NO REPORTA;Normal;Desobedecer señales
2300315;9/04/2023;8:10:00 a. m.;Domingo;2023;Abril;MOTOCICLETA;PARTICULAR;Acompañante;59;FEMENINO;HERIDOS;0;0;0;;CARRERA 48 CALLE 39 SUR;;LAS VEGAS;6.171698208119806, -75.59369864242707;CHOQUE;VEHICULO;NO REPORTADO;NO REPORTA;Normal;Desobedecer señales
2300316;13/04/2023;8:05:00 a. m.;Jueves;2023;Abril;MOTOCICLETA;PARTICULAR;Motociclista;32;MASCULINO;HERIDOS;0;0;0;;KILOMETRO 6+630;;VEREDA PANTANILLO;6.168194156358567, -75.48683414108893;CHOQUE;VEHICULO;NO REPORTADO;NO REPORTA;Normal;Girar bruscamente
2300317;11/04/2023;12:40:00 a. m.;Martes;2023;Abril;MICROBUS;PUBLICO;Pasajero;26;MASCULINO;HERIDOS;0;0;0;;CARRERA 50 ENTRE CALLE 39BSUR y CALLE 43SUR;;LAS VEGAS;6.172714, -75.598675;CHOQUE;VEHICULO;NO REPORTADO;NO REPORTA;Normal;No mantener distancia de seguridad
2300317;11/04/2023;12:40:00 a. m.;Martes;2023;Abril;MICROBUS;PUBLICO;Pasajero;19;FEMENINO;HERIDOS;0;0;0;;CARRERA 50 ENTRE CALLE 39BSUR y CALLE 43SUR;;LAS VEGAS;6.172714, -75.598675;CHOQUE;VEHICULO;NO REPORTADO;NO REPORTA;Normal;No mantener distancia de seguridad
2300317;11/04/2023;12:40:00 a. m.;Martes;2023;Abril;MICROBUS;PUBLICO;Pasajero;21;FEMENINO;HERIDOS;0;0;0;;CARRERA 50 ENTRE CALLE 39BSUR y CALLE 43SUR;;LAS VEGAS;6.172714, -75.598675;CHOQUE;VEHICULO;NO REPORTADO;NO REPORTA;Normal;No mantener distancia de seguridad
2300317;11/04/2023;12:40:00 a. m.;Martes;2023;Abril;MICROBUS;PUBLICO;Pasajero;21;MASCULINO;HERIDOS;0;0;0;;CARRERA 50 ENTRE CALLE 39BSUR y CALLE 43SUR;;LAS VEGAS;6.172714, -75.598675;CHOQUE;VEHICULO;NO REPORTADO;NO REPORTA;Normal;No mantener distancia de seguridad
2300317;11/04/2023;12:40:00 a. m.;Martes;2023;Abril;MICROBUS;PUBLICO;Pasajero;33;MASCULINO;HERIDOS;0;0;0;;CARRERA 50 ENTRE CALLE 39BSUR y CALLE 43SUR;;LAS VEGAS;6.172714, -75.598675;CHOQUE;VEHICULO;NO REPORTADO;NO REPORTA;Normal;No mantener distancia de seguridad
2300317;11/04/2023;12:40:00 a. m.;Martes;2023;Abril;MICROBUS;PUBLICO;Pasajero;25;FEMENINO;HERIDOS;0;0;0;;CARRERA 50 ENTRE CALLE 39BSUR y CALLE 43SUR;;LAS VEGAS;6.172714, -75.598675;CHOQUE;VEHICULO;NO REPORTADO;NO REPORTA;Normal;No mantener distancia de seguridad
2300317;11/04/2023;12:40:00 a. m.;Martes;2023;Abril;MICROBUS;PUBLICO;Pasajero;25;MASCULINO;HERIDOS;0;0;0;;CARRERA 50 ENTRE CALLE 39BSUR y CALLE 43SUR;;LAS VEGAS;6.172714, -75.598675;CHOQUE;VEHICULO;NO REPORTADO;NO REPORTA;Normal;No mantener distancia de seguridad
2300317;11/04/2023;12:40:00 a. m.;Martes;2023;Abril;MICROBUS;PUBLICO;Pasajero;23;MASCULINO;HERIDOS;0;0;0;;CARRERA 50 ENTRE CALLE 39BSUR y CALLE 43SUR;;LAS VEGAS;6.172714, -75.598675;CHOQUE;VEHICULO;NO REPORTADO;NO REPORTA;Normal;No mantener distancia de seguridad
2300317;11/04/2023;12:40:00 a. m.;Martes;2023;Abril;MICROBUS;PUBLICO;Pasajero;43;FEMENINO;HERIDOS;0;0;0;;CARRERA 50 ENTRE CALLE 39BSUR y CALLE 43SUR;;LAS VEGAS;6.172714, -75.598675;CHOQUE;VEHICULO;NO REPORTADO;NO REPORTA;Normal;No mantener distancia de seguridad