NRO_RADICADO;FECHA_ACCIDENTE;HORA_ACCIDENTE;Día de la semana;AÑO;MES;CLASE_VEHICULO;TIPO_SERVICIO;TIPO_VICTIMA;EDAD;GENERO;GRAVEDAD;ESTADO_BEODEZ;ESTADO_DROGA;RESULTADO_BEODEZ;RESUL_BEODEZ_GRAMOS;DIRECCION_CARACT_VIA;TRAMO_VIA;LOCALIDAD_O_COMUNA;    GEORREFERENCIACIÓN;DESC_CLASE_ACCIDENTE;DESC_CHOQUE_ACCIDENTE;DESC_OBJETO_FIJO;DESC_SECTOR_ACCIDENTE;CONDICION_CLIMATICA;CAUSA_ACCIDENTE
2300318;10/04/2023;3:45:00 p. m.;Lunes;2023;Abril;AUTOMOVIL;PUBLICO;Peaton;17;FEMENINO;HERIDOS;0;0;0;;CARRERA 48 CALLE 37SUR;;LAS VEGAS;6.173473352424915, -75.59256588595376;ATROPELLO;NO REPORTADO;NO REPORTADO;NO REPORTA;Normal;Arrancar sin precaucion
2300319;13/04/2023;11:20:00 p. m.;Jueves;2023;Abril;MOTOCICLETA;PARTICULAR;Acompañante;16;FEMENINO;HERIDOS;0;0;0;;KILOMETRO 2;el escobero - km 0-13);VEREDA EL ESCOBERO;6.140368199952394, -75.55884976575692;CHOQUE;VEHICULO;NO REPORTADO;NO REPORTA;Normal;Impericia en el manejo
2300319;13/04/2023;11:20:00 p. m.;Jueves;2023;Abril;MOTOCICLETA;PARTICULAR;Motociclista;18;MASCULINO;HERIDOS;0;0;0;;KILOMETRO 2;el escobero - km 0-13);VEREDA EL ESCOBERO;6.140368199952394, -75.55884976575692;CHOQUE;VEHICULO;NO REPORTADO;NO REPORTA;Normal;Impericia en el manejo
2300320;9/04/2023;12:20:00 p. m.;Domingo;2023;Abril;MOTOCICLETA;PARTICULAR;Motociclista;25;MASCULINO;HERIDOS;0;0;0;;CALLE 40ASUR FRENTE AL #24B-135;;LA MINA;6.152892097985062, -75.58291259622298;CHOQUE;VEHICULO;NO REPORTADO;NO REPORTA;Normal;Transitar en contravia
2300321;12/04/2023;3:25:00 p. m.;Miércoles;2023;Abril;MOTOCICLETA;PARTICULAR;Motociclista;27;MASCULINO;HERIDOS;0;0;0;;TRANSVERSAL 32ASUR DIAGONAL 31D;;LA MAGNOLIA;6.176153185527533, -75.58098285343333;CHOQUE;VEHICULO;NO REPORTADO;NO REPORTA;Normal;Desobedecer señales
2300321;12/04/2023;3:25:00 p. m.;Miércoles;2023;Abril;MOTOCICLETA;PARTICULAR;Motociclista;45;MASCULINO;HERIDOS;0;0;0;;TRANSVERSAL 32ASUR DIAGONAL 31D;;LA MAGNOLIA;6.176153185527533, -75.58098285343333;CHOQUE;VEHICULO;NO REPORTADO;NO REPORTA;Normal;Desobedecer señales
2300322;10/04/2023;4:20:00 p. m.;Lunes;2023;Abril;MOTOCICLETA;PARTICULAR;Motociclista;21;MASCULINO;HERIDOS;0;0;0;;CALLE 38ASUR CRR 34;;MESA;6.165891172212619, -75.5830612759537;CHOQUE;VEHICULO;NO REPORTADO;NO REPORTA;Normal;Desobedecer señales
2300323;12/04/2023;7:20:00 a. m.;Miércoles;2023;Abril;MOTOCICLETA;PARTICULAR;Motociclista;43;FEMENINO;HERIDOS;0;0;0;;CALLE 26BSUR FRENTE AL #42B-62;;LAS ORQUIDEAS;6.177588907377203, -75.58049101293807;VOLCAMIENTO;NO REPORTADO;NO REPORTADO;NO REPORTA;Normal;Impericia en el manejo
2300324;10/04/2023;6:50:00 a. m.;Lunes;2023;Abril;CAMIONETA;PUBLICO;Conductor;30;MASCULINO;HERIDOS;0;0;0;;KILOMETRO 15+30;medellín palmas envigado (km 12 - km 16+700);VEREDA PALMAS;6.152070605419567, -75.54566103421207;CHOQUE;OBJETO FIJO;OTRO TIPO;NO REPORTA;Normal;Impericia en el manejo
2300325;13/04/2023;9:00:00 a. m.;Jueves;2023;Abril;MOTOCICLETA;PARTICULAR;Motociclista;28;MASCULINO;HERIDOS;0;0;0;;CARRERA 50 ENTRE CALLE 46ASUR y CLL 43SUR;;LAS VEGAS;6.170310, -75.601432;VOLCAMIENTO;NO REPORTADO;NO REPORTADO;NO REPORTA;Normal;Impericia en el manejo
2300325;13/04/2023;9:00:00 a. m.;Jueves;2023;Abril;MOTOCICLETA;PARTICULAR;Acompañante;49;MASCULINO;HERIDOS;0;0;0;;CARRERA 50 ENTRE CALLE 46ASUR y CLL 43SUR;;LAS VEGAS;6.170310, -75.601432;VOLCAMIENTO;NO REPORTADO;NO REPORTADO;NO REPORTA;Normal;Impericia en el manejo
2300326;11/04/2023;12:15:00 p. m.;Martes;2023;Abril;MOTOCICLETA;PARTICULAR;Motociclista;28;FEMENINO;HERIDOS;0;0;0;;DIAGONAL 32B TRANSVERSAL 33ASUR;;LA MAGNOLIA;6.173815002723681, -75.58272254428451;CHOQUE;VEHICULO;NO REPORTADO;NO REPORTA;Normal;No respetar prelacion
2300327;11/04/2023;7:35:00 p. m.;Martes;2023;Abril;MOTOCICLETA;PARTICULAR;Motociclista;45;MASCULINO;HERIDOS;0;0;0;;CARRERA 48 FRENTE AL #39SUR-50;;LAS VEGAS;6.171241082773026, -75.59416688555906;CHOQUE;VEHICULO;NO REPORTADO;NO REPORTA;Lluvia;Desobedecer señales  -  Semaforo en rojo
2300328;13/04/2023;7:55:00 a. m.;Jueves;2023;Abril;BICICLETA;;Ciclista;44;MASCULINO;HERIDOS;0;0;0;;KILOMETRO 3+800;el escobero - km 0-13);VEREDA EL ESCOBERO;6.130120767588115, -75.55241071569607;CHOQUE;VEHICULO;NO REPORTADO;NO REPORTA;Normal;Desobedecer señales  -  No mantener distancia de seguridad
2300329;13/04/2023;8:00:00 a. m.;Jueves;2023;Abril;BICICLETA;;Ciclista;38;MASCULINO;HERIDOS;0;0;0;;KILOMETRO 10+490;retiro varia palmas enviga (km 5+43 - km 14+ 550);VEREDA PANTANILLO;6.16001286855766, -75.50795771829274;CHOQUE;VEHICULO;NO REPORTADO;NO REPORTA;Normal;Desobedecer señales
2300330;18/04/2023;10:54:00 p. m.;Martes;2023;Abril;MOTOCICLETA;PARTICULAR;Motociclista;24;FEMENINO;HERIDOS;0;0;0;;CARRERA 50 ENTRE CALLE 32BSUR y CALLE 33SUR;;LAS VEGAS;6.178098, -75.592022;CHOQUE;VEHICULO;NO REPORTADO;NO REPORTA;Normal;Desobedecer señales
2300330;18/04/2023;10:54:00 p. m.;Martes;2023;Abril;MOTOCICLETA;PARTICULAR;Motociclista;23;MASCULINO;HERIDOS;0;0;0;;CARRERA 50 ENTRE CALLE 32BSUR y CALLE 33SUR;;LAS VEGAS;6.178098, -75.592022;CHOQUE;VEHICULO;NO REPORTADO;NO REPORTA;Normal;Desobedecer señales
2300331;16/04/2023;8:30:00 p. m.;Domingo;2023;Abril;MOTOCICLETA;PARTICULAR;Acompañante;30;FEMENINO;HERIDOS;0;0;0;;CALLE 36DSUR CARRERA 19;;VEREDA EL ESCOBERO;6.146253808833343, -75.5615937239212;CAIDA OCUPANTE;NO REPORTADO;NO REPORTADO;NO REPORTA;Normal;Desobedecer señales
2300332;14/04/2023;3:35:00 p. m.;Viernes;2023;Abril;MOTOCICLETA;PARTICULAR;Motociclista;23;MASCULINO;HERIDOS;0;0;0;;CARRERA 50 CALLE 37SUR;;LAS VEGAS;6.175582, -75.594664;CAIDA OCUPANTE;NO REPORTADO;NO REPORTADO;NO REPORTA;Normal;Impericia en el manejo
2300333;15/04/2023;12:30:00 p. m.;Sábado;2023;Abril;MOTOCICLETA;PARTICULAR;Peaton;40;FEMENINO;HERIDOS;0;0;0;;CARRERA 48 FRENTE AL #27ASUR-89;;LAS VEGAS;6.181349548070486, -75.58686166583088;ATROPELLO;NO REPORTADO;NO REPORTADO;NO REPORTA;Normal;Cruzar sin observar
2300334;17/04/2023;6:45:00 a. m.;Lunes;2023;Abril;MOTOCICLETA;PARTICULAR;Motociclista;26;FEMENINO;HERIDOS;0;0;0;;CALLE 40 SUR CON CARRERA 25;;EL SALADO;6.153477406808777, -75.5787277194639;CAIDA OCUPANTE;NO REPORTADO;NO REPORTADO;NO REPORTA;Normal;Impericia en el manejo
2300335;16/04/2023;2:20:00 p. m.;Domingo;2023;Abril;MOTOCICLETA;PARTICULAR;Acompañante;26;FEMENINO;HERIDOS;0;0;0;;CARRERA 50 CALLE 37 SUR;;LAS VEGAS;6.175544, -75.594692;CAIDA OCUPANTE;NO REPORTADO;NO REPORTADO;NO REPORTA;Normal;Impericia en el manejo
2300336;14/04/2023;3:20:00 p. m.;Viernes;2023;Abril;MOTOCICLETA;PARTICULAR;Motociclista;24;MASCULINO;HERIDOS;0;0;0;;KILOMETRO 8+210;retiro varia palmas enviga (km 5+43 - km 14+ 550);VEREDA PERICO;6.172542307770087, -75.4977491106175;CHOQUE;VEHICULO;NO REPORTADO;NO REPORTA;Normal;Adelantar invadiendo carril de sentido contrario
2300336;14/04/2023;3:20:00 p. m.;Viernes;2023;Abril;MOTOCICLETA;PARTICULAR;Acompañante;20;MASCULINO;HERIDOS;0;0;0;;KILOMETRO 8+210;retiro varia palmas enviga (km 5+43 - km 14+ 550);VEREDA PERICO;6.172542307770087, -75.4977491106175;CHOQUE;VEHICULO;NO REPORTADO;NO REPORTA;Normal;Adelantar invadiendo carril de sentido contrario
2300337;14/04/2023;11:30:00 a. m.;Viernes;2023;Abril;MOTOCICLETA;PARTICULAR;Motociclista;25;MASCULINO;HERIDOS;0;0;0;;CARRERA 48 ENTRE CALLE 40SUR y CALLE 43SUR ;;LAS VEGAS;6.169089575607851, -75.5965060183835;CHOQUE;VEHICULO;NO REPORTADO;NO REPORTA;Normal;No mantener distancia de seguridad
2300338;17/04/2023;1:15:00 p. m.;Lunes;2023;Abril;BUS;PUBLICO;Pasajero;64;FEMENINO;HERIDOS;0;0;0;;CALLE 38SUR CARRERA 42;;ZONA CENTRO;6.169562689555803, -75.58733216207533;ATROPELLO;NO REPORTADO;NO REPORTADO;NO REPORTA;Normal;Pararse sobre la calzada
2300339;14/04/2023;10:15:00 a. m.;Viernes;2023;Abril;MOTOCICLETA;PARTICULAR;Motociclista;21;MASCULINO;HERIDOS;0;0;0;;CARRERA 49 FRENTE AL #39SUR-100;;LAS VEGAS;6.185258, -75.586430;CHOQUE;VEHICULO;NO REPORTADO;NO REPORTA;Normal;Adelantar por la derecha  -  Impericia en el manejo
2300340;15/04/2023;10:20:00 a. m.;Sábado;2023;Abril;MOTOCICLETA;PARTICULAR;Motociclista;24;MASCULINO;HERIDOS;0;0;0;;CALLE 39B SUR CARRERA 32;;SAN JOSE;6.163838576877809, -75.58297499547162;CHOQUE;VEHICULO;NO REPORTADO;NO REPORTA;Normal;No respetar prelacion
2300341;18/04/2023;8:30:00 a. m.;Martes;2023;Abril;MOTOCICLETA;PARTICULAR;Motociclista;24;MASCULINO;HERIDOS;0;0;0;;CARRERA 49 ENTRE CALLE 37SUR y CALLE 36SUR;;LAS VEGAS;6.176293, -75.593694;CHOQUE;OBJETO FIJO;MURO;NO REPORTA;Normal;Impericia en el manejo
2300342;15/04/2023;3:30:00 p. m.;Sábado;2023;Abril;MOTOCICLETA;PARTICULAR;Motociclista;28;MASCULINO;HERIDOS;0;0;0;;CALLE 37BSUR CARRERA 28;;LOMA DE LAS BRUJAS;6.164246044878651, -75.57881193466667;CHOQUE;VEHICULO;NO REPORTADO;NO REPORTA;Normal;Adelantar en curva  -  Impericia en el manejo
2300343;15/04/2023;7:30:00 a. m.;Sábado;2023;Abril;MOTOCICLETA;PARTICULAR;Motociclista;45;FEMENINO;HERIDOS;0;0;0;;CALLE 37SUR ENTRE CARRERA 48 y CARRERA 49;;LAS VEGAS;6.174147726427159, -75.59281330714967;CHOQUE;VEHICULO;NO REPORTADO;NO REPORTA;Normal;Desobedecer señales
2300344;16/04/2023;12:10:00 p. m.;Domingo;2023;Abril;MOTOCICLETA;PARTICULAR;Motociclista;24;MASCULINO;HERIDOS;0;0;0;;DIAGONAL 29 FRENTE AL # 32ASUR-17;;URIBE ANGEL;6.174694866803458, -75.57778714921774;CHOQUE;VEHICULO;NO REPORTADO;NO REPORTA;Normal;Transitar en contravia
2300345;15/04/2023;6:43:00 p. m.;Sábado;2023;Abril;MOTOCICLETA;PARTICULAR;Motociclista;32;MASCULINO;HERIDOS;0;0;0;;CARRERA 50 CALLE 43SUR;;LAS VEGAS;6.171024, -75.600719;CHOQUE;VEHICULO;NO REPORTADO;NO REPORTA;Normal;Adelantar invadiendo carril del mismo sentido en zigzag
2300346;20/04/2023;5:30:00 p. m.;Jueves;2023;Abril;MOTOCICLETA;PARTICULAR;Motociclista;27;FEMENINO;HERIDOS;0;0;0;;CALLE 37 SUR FRENTE AL #28-16;;LA PRADERA;6.165581157709756, -75.5784229909998;CHOQUE;VEHICULO;NO REPORTADO;NO REPORTA;Normal;Impericia en el manejo
2300346;20/04/2023;5:30:00 p. m.;Jueves;2023;Abril;MOTOCICLETA;PARTICULAR;Motociclista;41;MASCULINO;HERIDOS;0;0;0;;CALLE 37 SUR FRENTE AL #28-16;;LA PRADERA;6.165581157709756, -75.5784229909998;CHOQUE;VEHICULO;NO REPORTADO;NO REPORTA;Normal;Impericia en el manejo
2300346;20/04/2023;5:30:00 p. m.;Jueves;2023;Abril;MOTOCICLETA;PARTICULAR;Motociclista;25;MASCULINO;HERIDOS;0;0;0;;CALLE 37 SUR FRENTE AL #28-16;;LA PRADERA;6.165581157709756, -75.5784229909998;CHOQUE;VEHICULO;NO REPORTADO;NO REPORTA;Normal;Impericia en el manejo
2300346;20/04/2023;5:30:00 p. m.;Jueves;2023;Abril;MOTOCICLETA;PARTICULAR;Motociclista;30;MASCULINO;HERIDOS;0;0;0;;CALLE 37 SUR FRENTE AL #28-16;;LA PRADERA;6.165581157709756, -75.5784229909998;CHOQUE;VEHICULO;NO REPORTADO;NO REPORTA;Normal;Impericia en el manejo
2300347;18/04/2023;7:50:00 a. m.;Martes;2023;Abril;MOTOCICLETA;PARTICULAR;Motociclista;26;MASCULINO;HERIDOS;0;0;0;;TRANSVERSAL 34ASUR DIAGONAL 32B;;OBRERO;6.172710779076289, -75.58233690126521;CHOQUE;VEHICULO;NO REPORTADO;NO REPORTA;Normal;Desobedecer señales
2300348;15/04/2023;10:05:00 p. m.;Sábado;2023;Abril;MOTOCICLETA;PARTICULAR;Motociclista;46;MASCULINO;HERIDOS;0;0;0;;KILOMETRO 16+100;medellín palmas envigado (km 12 - km 16+700);VEREDA PALMAS;6.153954285402899, -75.53815350660125;CHOQUE;VEHICULO;NO REPORTADO;NO REPORTA;Normal;No respetar prelacion
2300349;18/04/2023;7:00:00 p. m.;Martes;2023;Abril;BUS;PUBLICO;Peaton;61;FEMENINO;HERIDOS;0;0;0;;CARRERA 42D CALLE 46DSUR;;LA PAZ;6.161191291435536, -75.59590377963717;ATROPELLO;NO REPORTADO;NO REPORTADO;NO REPORTA;Normal;Desobedecer señales
2300350;23/04/2023;2:00:00 p. m.;Domingo;2023;Abril;MOTOCICLETA;DIPLOMATICO;Motociclista;32;MASCULINO;HERIDOS;0;0;0;;CARRERA 27 FRENTE AL #27SUR-100;;EL ESMERALDAL;6.17188852985114, -75.56790752507094;CHOQUE;VEHICULO;NO REPORTADO;NO REPORTA;Normal;Desobedecer señales
2300351;19/04/2023;3:40:00 p. m.;Miércoles;2023;Abril;MOTOCICLETA;PARTICULAR;Acompañante;52;FEMENINO;HERIDOS;0;0;0;;CALLE 36DSUR FRENTE AL #24-134;;VEREDA EL ESCOBERO;6.156987944817755, -75.56731771172824;CHOQUE;VEHICULO;NO REPORTADO;NO REPORTA;Normal;Fallas en los frenos
2300351;19/04/2023;3:40:00 p. m.;Miércoles;2023;Abril;MOTOCICLETA;PARTICULAR;Motociclista;64;MASCULINO;HERIDOS;0;0;0;;CALLE 36DSUR FRENTE AL #24-134;;VEREDA EL ESCOBERO;6.156987944817755, -75.56731771172824;CHOQUE;VEHICULO;NO REPORTADO;NO REPORTA;Normal;Fallas en los frenos
2300352;19/04/2023;7:48:00 a. m.;Miércoles;2023;Abril;MOTOCICLETA;PARTICULAR;Motociclista;31;MASCULINO;HERIDOS;0;0;0;;CALLE 38SUR CARRERA 38;;MESA;6.167935122007172, -75.58473207183255;CHOQUE;VEHICULO;NO REPORTADO;NO REPORTA;Normal;No respetar prelacion
2300353;19/04/2023;4:40:00 a. m.;Miércoles;2023;Abril;MOTOCICLETA;PARTICULAR;Motociclista;36;MASCULINO;HERIDOS;0;0;0;;CARRERA 50 ENTRE CALLE 43SUR y CALLE 44SUR;;LAS VEGAS;6.171024, -75.600719;CHOQUE;OBJETO FIJO;MURO;NO REPORTA;Normal;Impericia en el manejo
2300354;19/04/2023;2:00:00 p. m.;Miércoles;2023;Abril;MOTOCICLETA;PARTICULAR;Motociclista;25;MASCULINO;HERIDOS;0;0;0;;CARRERA 43A FRENTE AL #40SUR-125;;MILAN VALLEJUELOS;6.171447, -75.587989;CHOQUE;VEHICULO;NO REPORTADO;NO REPORTA;Normal;Adelantar invadiendo carril del mismo sentido en zigzag
2300355;19/04/2023;5:50:00 p. m.;Miércoles;2023;Abril;BICICLETA;;Ciclista;18;MASCULINO;HERIDOS;0;0;0;;CALLE 40FSUR CARRERA 34;;SAN JOSE;6.162455364351263, -75.58579392682462;CHOQUE;VEHICULO;NO REPORTADO;NO REPORTA;Normal;Desobedecer señales
2300356;21/04/2023;11:00:00 p. m.;Viernes;2023;Abril;MOTOCICLETA;PARTICULAR;Acompañante;21;FEMENINO;HERIDOS;0;0;0;;CARRERA 50 ENTRE CALLE 26SUR y CALLE 27SUR ;;LAS VEGAS;6.184463, -75.587571;CHOQUE;VEHICULO;NO REPORTADO;NO REPORTA;Normal;Girar bruscamente  -  Impericia en el manejo
2300356;21/04/2023;11:00:00 p. m.;Viernes;2023;Abril;MOTOCICLETA;PARTICULAR;Motociclista;28;MASCULINO;HERIDOS;0;0;0;;CARRERA 50 ENTRE CALLE 26SUR y CALLE 27SUR ;;LAS VEGAS;6.184463, -75.587571;CHOQUE;VEHICULO;NO REPORTADO;NO REPORTA;Normal;Girar bruscamente  -  Impericia en el manejo
2300356;21/04/2023;11:00:00 p. m.;Viernes;2023;Abril;MOTOCICLETA;PARTICULAR;Motociclista;18;MASCULINO;HERIDOS;0;0;0;;CARRERA 50 ENTRE CALLE 26SUR y CALLE 27SUR ;;LAS VEGAS;6.184463, -75.587571;CHOQUE;VEHICULO;NO REPORTADO;NO REPORTA;Normal;Girar bruscamente  -  Impericia en el manejo
2300357;22/04/2023;9:40:00 a. m.;Sábado;2023;Abril;CAMIONETA;PARTICULAR;Conductor;24;FEMENINO;HERIDOS;0;0;0;;CARRERA 27 FRENTE AL #28SUR-32;;EL ESMERALDAL;6.170467715968303, -75.56895334388152;CHOQUE;VEHICULO;NO REPORTADO;NO REPORTA;Normal;Desobedecer señales
2300358;19/04/2023;1:10:00 p. m.;Miércoles;2023;Abril;MOTOCICLETA;PARTICULAR;Motociclista;47;MASCULINO;HERIDOS;0;0;0;;CALLE 37 SUR FRENTE AL #41-69;;ZONA CENTRO;6.17009155012199, -75.58681585514883;CHOQUE;VEHICULO;NO REPORTADO;NO REPORTA;Normal;Otra-Pasajero-Acompañante
2300358;19/04/2023;1:10:00 p. m.;Miércoles;2023;Abril;MOTOCICLETA;PARTICULAR;Acompañante;22;FEMENINO;HERIDOS;0;0;0;;CALLE 37 SUR FRENTE AL #41-69;;ZONA CENTRO;6.17009155012199, -75.58681585514883;CHOQUE;VEHICULO;NO REPORTADO;NO REPORTA;Normal;Otra-Pasajero-Acompañante
2300359;20/04/2023;7:20:00 p. m.;Jueves;2023;Abril;MOTOCICLETA;PARTICULAR;Motociclista;19;MASCULINO;HERIDOS;0;0;0;;DIAGONAL 31C  DIAGONAL 31;;LA SEBASTIANA;6.168723272010934, -75.58020198833391;ATROPELLO;NO REPORTADO;NO REPORTADO;NO REPORTA;Normal;Desobedecer señales
2300359;20/04/2023;7:20:00 p. m.;Jueves;2023;Abril;MOTOCICLETA;PARTICULAR;Peaton;20;MASCULINO;HERIDOS;0;0;0;;DIAGONAL 31C  DIAGONAL 31;;LA SEBASTIANA;6.168723272010934, -75.58020198833391;ATROPELLO;NO REPORTADO;NO REPORTADO;NO REPORTA;Normal;Desobedecer señales
2300359;20/04/2023;7:20:00 p. m.;Jueves;2023;Abril;MOTOCICLETA;PARTICULAR;Peaton;61;FEMENINO;HERIDOS;0;0;0;;DIAGONAL 31C  DIAGONAL 31;;LA SEBASTIANA;6.168723272010934, -75.58020198833391;ATROPELLO;NO REPORTADO;NO REPORTADO;NO REPORTA;Normal;Desobedecer señales
2300360;21/04/2023;5:17:00 p. m.;Viernes;2023;Abril;AUTOMOVIL;PARTICULAR;Peaton;72;MASCULINO;HERIDOS;0;0;0;;DIAGONAL 29 TRANSVERSAL 32ASUR;;ALTO DE MISAEL;6.174963651115551, -75.57778040848122;ATROPELLO;NO REPORTADO;NO REPORTADO;NO REPORTA;Normal;Cruzar en curva  -  Cruzar en estado de embriaguez
2300361;22/04/2023;4:30:00 p. m.;Sábado;2023;Abril;MOTOCICLETA;PARTICULAR;Motociclista;48;MASCULINO;HERIDOS;0;0;0;;CARRERA 50 CALLE 30SUR;;LAS VEGAS;6.181402979317868, -75.58979069129407;ATROPELLO;NO REPORTADO;NO REPORTADO;NO REPORTA;Normal;Cruzar sin observar
2300361;22/04/2023;4:30:00 p. m.;Sábado;2023;Abril;MOTOCICLETA;PARTICULAR;Peaton;55;MASCULINO;MUERTOS;0;0;0;;CARRERA 50 CALLE 30SUR;;LAS VEGAS;6.181402979317868, -75.58979069129407;ATROPELLO;NO REPORTADO;NO REPORTADO;NO REPORTA;Normal;Cruzar sin observar
2300362;20/04/2023;7:25:00 a. m.;Jueves;2023;Abril;MOTOCICLETA;PARTICULAR;Motociclista;42;MASCULINO;HERIDOS;0;0;0;;CALLE 40FSUR CARRERA 38;;EL DORADO;6.164591999176644, -75.58671242617143;CHOQUE;VEHICULO;NO REPORTADO;NO REPORTA;Normal;Desobedecer señales
2300363;20/04/2023;7:10:00 a. m.;Jueves;2023;Abril;MOTOCICLETA;PARTICULAR;Motociclista;19;MASCULINO;HERIDOS;0;0;0;;CARRERA 48 CALLE 43SUR;;LAS VEGAS;6.168427, -75.597432;CHOQUE;VEHICULO;NO REPORTADO;NO REPORTA;Normal;Otra-Conductor
2300363;20/04/2023;7:10:00 a. m.;Jueves;2023;Abril;MOTOCICLETA;PARTICULAR;Motociclista;19;FEMENINO;HERIDOS;0;0;0;;CARRERA 48 CALLE 43SUR;;LAS VEGAS;6.168427, -75.597432;CHOQUE;VEHICULO;NO REPORTADO;NO REPORTA;Normal;Otra-Conductor
2300364;23/04/2023;10:50:00 a. m.;Domingo;2023;Abril;BICICLETA;;Ciclista;27;FEMENINO;HERIDOS;0;0;0;;KILOMETRO 11+320;retiro varia palmas enviga (km 5+43 - km 14+ 550);VEREDA PALMAS;6.14770294064705, -75.52674802438618;CHOQUE;VEHICULO;NO REPORTADO;NO REPORTA;Normal;No respetar prelacion
2300365;22/04/2023;9:00:00 p. m.;Sábado;2023;Abril;MOTOCICLETA;PARTICULAR;Motociclista;51;MASCULINO;HERIDOS;0;0;0;;CALLE 38 SUR CARRERA 38;;MESA;6.167929377982858, -75.58473461337908;CHOQUE;VEHICULO;NO REPORTADO;NO REPORTA;Normal;Girar bruscamente
2300366;25/04/2023;12:38:00 p. m.;Martes;2023;Abril;MOTOCICLETA;PARTICULAR;Motociclista;15;MASCULINO;HERIDOS;0;0;0;;CALLE 48CSUR CARRERA N46;;PRIMAVERA;6.162836726920751, -75.59972737367484;CHOQUE;VEHICULO;NO REPORTADO;NO REPORTA;Normal;Girar bruscamente
2300366;25/04/2023;12:38:00 p. m.;Martes;2023;Abril;MOTOCICLETA;PARTICULAR;Motociclista;29;MASCULINO;HERIDOS;0;0;0;;CALLE 48CSUR CARRERA N46;;PRIMAVERA;6.162836726920751, -75.59972737367484;CHOQUE;VEHICULO;NO REPORTADO;NO REPORTA;Normal;Girar bruscamente
2300367;22/04/2023;12:00:00 p. m.;Sábado;2023;Abril;MOTOCICLETA;PARTICULAR;Acompañante;23;FEMENINO;HERIDOS;0;0;0;;CALLE 27DSUR FRENTE AL #27C-51;;URIBE ANGEL;6.171803521179598, -75.57425379644515;CHOQUE;VEHICULO;NO REPORTADO;NO REPORTA;Normal;Otra-Conductor
2300367;22/04/2023;12:00:00 p. m.;Sábado;2023;Abril;MOTOCICLETA;PARTICULAR;Motociclista;20;FEMENINO;HERIDOS;0;0;0;;CALLE 27DSUR FRENTE AL #27C-51;;URIBE ANGEL;6.171803521179598, -75.57425379644515;CHOQUE;VEHICULO;NO REPORTADO;NO REPORTA;Normal;Otra-Conductor
2300367;22/04/2023;12:00:00 p. m.;Sábado;2023;Abril;MOTOCICLETA;PARTICULAR;Motociclista;29;MASCULINO;HERIDOS;0;0;0;;CALLE 27DSUR FRENTE AL #27C-51;;URIBE ANGEL;6.171803521179598, -75.57425379644515;CHOQUE;VEHICULO;NO REPORTADO;NO REPORTA;Normal;Otra-Conductor
2300368;23/04/2023;2:30:00 p. m.;Domingo;2023;Abril;BICICLETA;;Ciclista;25;MASCULINO;HERIDOS;0;0;0;;CARRERA 50 FRENTE AL #39SUR-100;;LAS VEGAS;6.173303607160337, -75.59788796574267;CHOQUE;VEHICULO;NO REPORTADO;NO REPORTA;Normal;No respetar prelacion
2300369;26/04/2023;5:05:00 a. m.;Miércoles;2023;Abril;AUTOMOVIL;PARTICULAR;Acompañante;22;MASCULINO;HERIDOS;0;0;0;;KILOMETRO 16+790;medellín palmas envigado (km 12 - km 16+700);VEREDA PALMAS;6.153423915880078, -75.53892225223488;CHOQUE;OBJETO FIJO;MURO;NO REPORTA;Normal;Exceso de velocidad
2300369;26/04/2023;5:05:00 a. m.;Miércoles;2023;Abril;AUTOMOVIL;PARTICULAR;Acompañante;27;MASCULINO;HERIDOS;0;0;0;;KILOMETRO 16+790;medellín palmas envigado (km 12 - km 16+700);VEREDA PALMAS;6.153423915880078, -75.53892225223488;CHOQUE;OBJETO FIJO;MURO;NO REPORTA;Normal;Exceso de velocidad
2300369;26/04/2023;5:05:00 a. m.;Miércoles;2023;Abril;AUTOMOVIL;PARTICULAR;Conductor;23;MASCULINO;HERIDOS;0;0;0;;KILOMETRO 16+790;medellín palmas envigado (km 12 - km 16+700);VEREDA PALMAS;6.153423915880078, -75.53892225223488;CHOQUE;OBJETO FIJO;MURO;NO REPORTA;Normal;Exceso de velocidad
2300370;26/04/2023;3:00:00 p. m.;Miércoles;2023;Abril;MOTOCICLETA;PARTICULAR;Motociclista;22;MASCULINO;HERIDOS;0;0;0;;CALLE 43SUR FRENTE AL #48-113;;LAS VEGAS;6.169172, -75.598359;CHOQUE;VEHICULO;NO REPORTADO;NO REPORTA;Normal;No respetar pelacion de interseccion o giros
2300371;26/04/2023;5:00:00 p. m.;Miércoles;2023;Abril;MOTOCICLETA;DIPLOMATICO;Motociclista;30;FEMENINO;HERIDOS;0;0;0;;CARRERA 36 CALLE 40AASUR;;MESA;6.164275144003195, -75.58532464413427;CHOQUE;VEHICULO;NO REPORTADO;NO REPORTA;Normal;Adelantar en zona prohibida
2300372;26/04/2023;9:50:00 p. m.;Miércoles;2023;Abril;MOTOCICLETA;PARTICULAR;Peaton;56;FEMENINO;HERIDOS;0;0;0;;CALLE 38SUR CARRERA 41;;ZONA CENTRO;6.169125377639724, -75.58660096398701;ATROPELLO;NO REPORTADO;NO REPORTADO;NO REPORTA;Normal;Cruzar sin observar
2300372;26/04/2023;9:50:00 p. m.;Miércoles;2023;Abril;MOTOCICLETA;PARTICULAR;Motociclista;26;MASCULINO;HERIDOS;0;0;0;;CALLE 38SUR CARRERA 41;;ZONA CENTRO;6.169125377639724, -75.58660096398701;ATROPELLO;NO REPORTADO;NO REPORTADO;NO REPORTA;Normal;Cruzar sin observar