NRO_RADICADO;FECHA_ACCIDENTE;HORA_ACCIDENTE;Día de la semana;AÑO;MES;CLASE_VEHICULO;TIPO_SERVICIO;TIPO_VICTIMA;EDAD;GENERO;GRAVEDAD;ESTADO_BEODEZ;ESTADO_DROGA;RESULTADO_BEODEZ;RESUL_BEODEZ_GRAMOS;DIRECCION_CARACT_VIA;TRAMO_VIA;LOCALIDAD_O_COMUNA;    GEORREFERENCIACIÓN;DESC_CLASE_ACCIDENTE;DESC_CHOQUE_ACCIDENTE;DESC_OBJETO_FIJO;DESC_SECTOR_ACCIDENTE;CONDICION_CLIMATICA;CAUSA_ACCIDENTE
2300373;26/04/2023;9:15:00 a. m.;Miércoles;2023;Abril;MOTOCICLETA;PARTICULAR;Motociclista;26;MASCULINO;HERIDOS;0;0;0;;CALLE 39SUR CARRERA 38;;MESA;6.166528, -75.585601;CHOQUE;VEHICULO;NO REPORTADO;NO REPORTA;Normal;No respetar prelacion
2300374;26/04/2023;10:45:00 a. m.;Miércoles;2023;Abril;MOTOCICLETA;PARTICULAR;Motociclista;28;MASCULINO;HERIDOS;0;0;0;;CARRERA 43A FRENTE AL #25SUR-103;;VILLA GRANDE;6.181259, -75.582373;CHOQUE;VEHICULO;NO REPORTADO;NO REPORTA;Normal;No mantener distancia de seguridad
2300375;26/04/2023;10:30:00 a. m.;Miércoles;2023;Abril;MOTOCICLETA;PARTICULAR;Motociclista;28;MASCULINO;HERIDOS;0;0;0;;CALLE 33BSUR CARRERA 42;;ZONA CENTRO;6.170985, -75.586524;CHOQUE;VEHICULO;NO REPORTADO;NO REPORTA;Normal;Desobedecer señales
2300376;1/05/2023;5:30:00 p. m.;Lunes;2023;Mayo;AUTOMOVIL;PARTICULAR;Peaton;70;MASCULINO;MUERTOS;0;0;0;;CARRERA 43A FRENTE AL #39SUR-58;;ZONA CENTRO;6.168481, -75.589799;ATROPELLO;NO REPORTADO;NO REPORTADO;RESIDENCIAL;Normal;Cruzar sin observar
2300377;26/04/2023;8:00:00 a. m.;Miércoles;2023;Abril;MOTOCICLETA;PARTICULAR;Motociclista;21;MASCULINO;HERIDOS;0;0;0;;CARRERA 50 ENTRE CALLE 36SUR y CALLE 37SUR;;LAS VEGAS;6.176349, -75.593831;CHOQUE;VEHICULO;NO REPORTADO;RESIDENCIAL;Normal;No mantener distancia de seguridad
2300378;27/04/2023;12:45:00 p. m.;Jueves;2023;Abril;MOTOCICLETA;PARTICULAR;Acompañante;20;FEMENINO;HERIDOS;0;0;0;;CALLE 40ASUR CARRERA 25B;;EL SALADO;6.156689978609068, -75.58068233022611;VOLCAMIENTO;NO REPORTADO;NO REPORTADO;RESIDENCIAL;Normal;Otra-Conductor
2300378;27/04/2023;12:45:00 p. m.;Jueves;2023;Abril;MOTOCICLETA;PARTICULAR;Motociclista;34;MASCULINO;HERIDOS;0;0;0;;CALLE 40ASUR CARRERA 25B;;EL SALADO;6.156689978609068, -75.58068233022611;VOLCAMIENTO;NO REPORTADO;NO REPORTADO;RESIDENCIAL;Normal;Otra-Conductor
2300379;27/04/2023;5:40:00 p. m.;Jueves;2023;Abril;MICROBUS;PUBLICO;Pasajero;46;MASCULINO;HERIDOS;0;0;0;;KILOMETRO 8+600;peri;VEREDA PERICO;6.170102405331367, -75.49902085284835;OTRO;NO REPORTADO;NO REPORTADO;;Normal;Impericia en el manejo
2300380;27/04/2023;8:00:00 a. m.;Jueves;2023;Abril;MOTOCICLETA;PARTICULAR;Motociclista;28;MASCULINO;HERIDOS;0;0;0;;CARRERA 48 FRENTE AL #33BSUR-27;;LAS VEGAS;6.175968363040454, -75.59064265825322;CHOQUE;VEHICULO;NO REPORTADO;RESIDENCIAL;Normal;Girar bruscamente
2300381;27/04/2023;11:50:00 p. m.;Jueves;2023;Abril;MOTOCICLETA;PARTICULAR;Motociclista;18;MASCULINO;HERIDOS;0;0;0;;CARRERA 50 FRENTE AL #30SUR-66;;LAS VEGAS;6.180001, -75.590756;CHOQUE;VEHICULO;NO REPORTADO;RESIDENCIAL;Normal;Desobedecer señales
2300381;27/04/2023;11:50:00 p. m.;Jueves;2023;Abril;MOTOCICLETA;PARTICULAR;Acompañante;19;FEMENINO;HERIDOS;0;0;0;;CARRERA 50 FRENTE AL #30SUR-66;;LAS VEGAS;6.180001, -75.590756;CHOQUE;VEHICULO;NO REPORTADO;RESIDENCIAL;Normal;Desobedecer señales
2300382;28/04/2023;7:25:00 a. m.;Viernes;2023;Abril;MOTOCICLETA;PARTICULAR;Motociclista;34;FEMENINO;HERIDOS;0;0;0;;CALLE 32CSUR FRENTE AL #45B-18;;EL PORTAL;6.175397, -75.588612;VOLCAMIENTO;NO REPORTADO;NO REPORTADO;RESIDENCIAL;Normal;Superficie humeda
2300383;28/04/2023;10:50:00 a. m.;Viernes;2023;Abril;CAMION;PARTICULAR;Peaton;60;MASCULINO;HERIDOS;0;0;0;;CALLE 37SUR CARRERA 27A;;ZONA CENTRO;6.169260, -75.585491;ATROPELLO;NO REPORTADO;NO REPORTADO;RESIDENCIAL;Normal;Cruzar en estado de embriaguez  -  Cruzar sin observar
2300384;28/04/2023;4:05:00 p. m.;Viernes;2023;Abril;MOTOCICLETA;PARTICULAR;Motociclista;29;MASCULINO;HERIDOS;0;0;0;;CALLE 38 SUR FRENTE AL #44-70;;ALCALA;6.170885514052836, -75.58974815216688;CHOQUE;VEHICULO;NO REPORTADO;RESIDENCIAL;Normal;ABRIR LAS PUERTAS SIN PRECAUCION
2300385;28/04/2023;12:00:00 a. m.;Viernes;2023;Abril;MOTOCICLETA;PARTICULAR;Motociclista;38;MASCULINO;HERIDOS;1;0;1;40;KILOMETRO 16+150;medellín palmas envigado (km 12 - km 16+700);VEREDA PALMAS;6.154232297296739, -75.53761145493793;CHOQUE;VEHICULO;NO REPORTADO;;Normal;Exceso de velocidad
2300385;28/04/2023;12:00:00 a. m.;Viernes;2023;Abril;MOTOCICLETA;PARTICULAR;Acompañante;39;MASCULINO;HERIDOS;1;0;1;40;KILOMETRO 16+150;medellín palmas envigado (km 12 - km 16+700);VEREDA PALMAS;6.154232297296739, -75.53761145493793;CHOQUE;VEHICULO;NO REPORTADO;;Normal;Exceso de velocidad
2300386;1/05/2023;4:55:00 p. m.;Lunes;2023;Mayo;MOTOCICLETA;PARTICULAR;Motociclista;18;MASCULINO;HERIDOS;0;0;0;;KILOMETRO 6+600;retiro varia palmas enviga (km 5+43 - km 14+ 550);VEREDA PANTANILLO;6.168194156358567, -75.48683414108893;CHOQUE;VEHICULO;NO REPORTADO;;Normal;Desobedecer señales
2300386;1/05/2023;4:55:00 p. m.;Lunes;2023;Mayo;MOTOCICLETA;PARTICULAR;Acompañante;17;FEMENINO;HERIDOS;0;0;0;;KILOMETRO 6+600;retiro varia palmas enviga (km 5+43 - km 14+ 550);VEREDA PANTANILLO;6.168194156358567, -75.48683414108893;CHOQUE;VEHICULO;NO REPORTADO;;Normal;Desobedecer señales
2300387;2/05/2023;7:45:00 p. m.;Martes;2023;Mayo;MOTOCICLETA;PARTICULAR;Motociclista;41;MASCULINO;HERIDOS;0;0;0;;CALLE 40SUR CARRERA 41;;EL DORADO;6.167184, -75.588389;CHOQUE;VEHICULO;NO REPORTADO;RESIDENCIAL;Normal;No mantener distancia de seguridad
2300388;1/05/2023;10:11:00 p. m.;Lunes;2023;Mayo;MOTOCICLETA;PARTICULAR;Acompañante;19;FEMENINO;HERIDOS;0;0;0;;CALLE 37 SUR FRENTE AL #32-28;;MESA;6.166746, -75.581405;CAIDA OCUPANTE;NO REPORTADO;NO REPORTADO;RESIDENCIAL;Normal;Impericia en el manejo
2300388;1/05/2023;10:11:00 p. m.;Lunes;2023;Mayo;MOTOCICLETA;PARTICULAR;Motociclista;19;MASCULINO;HERIDOS;0;0;0;;CALLE 37 SUR FRENTE AL #32-28;;MESA;6.166746, -75.581405;CAIDA OCUPANTE;NO REPORTADO;NO REPORTADO;RESIDENCIAL;Normal;Impericia en el manejo
2300389;4/05/2023;6:30:00 a. m.;Jueves;2023;Mayo;AUTOMOVIL;PARTICULAR;Conductor;24;MASCULINO;HERIDOS;0;0;0;;CALLE 27DSUR FRENTE AL #27C-150;;URIBE ANGEL;6.172195, -75.574474;CHOQUE;OBJETO FIJO;ARBOL;RESIDENCIAL;Normal;Impericia en el manejo
2300389;4/05/2023;6:30:00 a. m.;Jueves;2023;Mayo;AUTOMOVIL;PARTICULAR;Acompañante;23;FEMENINO;HERIDOS;0;0;0;;CALLE 27DSUR FRENTE AL #27C-150;;URIBE ANGEL;6.172195, -75.574474;CHOQUE;OBJETO FIJO;ARBOL;RESIDENCIAL;Normal;Impericia en el manejo
2300390;3/05/2023;10:05:00 p. m.;Miércoles;2023;Mayo;AUTOMOVIL;PARTICULAR;Conductor;27;MASCULINO;HERIDOS;0;0;0;;CARRERA 50 ENTRE CALLE 25ASUR y CLL 25AASUR;;LAS VEGAS;6.186738, -75.584759;CHOQUE;VEHICULO;NO REPORTADO;RESIDENCIAL;Normal;Impericia en el manejo
2300390;3/05/2023;10:05:00 p. m.;Miércoles;2023;Mayo;AUTOMOVIL;PARTICULAR;Acompañante;28;MASCULINO;HERIDOS;0;0;0;;CARRERA 50 ENTRE CALLE 25ASUR y CLL 25AASUR;;LAS VEGAS;6.186738, -75.584759;CHOQUE;VEHICULO;NO REPORTADO;RESIDENCIAL;Normal;Impericia en el manejo
2300391;2/05/2023;8:45:00 a. m.;Martes;2023;Mayo;MOTOCICLETA;PARTICULAR;Peaton;65;FEMENINO;HERIDOS;0;0;0;;DIAGONAL 32C TRANSVERSAL 32CSUR;;LA MAGNOLIA;6.174562, -75.583843;ATROPELLO;NO REPORTADO;NO REPORTADO;RESIDENCIAL;Normal;Desobedecer señales
2300391;2/05/2023;8:45:00 a. m.;Martes;2023;Mayo;MOTOCICLETA;PARTICULAR;Motociclista;22;FEMENINO;HERIDOS;0;0;0;;DIAGONAL 32C TRANSVERSAL 32CSUR;;LA MAGNOLIA;6.174562, -75.583843;ATROPELLO;NO REPORTADO;NO REPORTADO;RESIDENCIAL;Normal;Desobedecer señales
2300392;2/05/2023;4:05:00 p. m.;Martes;2023;Mayo;MOTOCICLETA;PARTICULAR;Acompañante;17;FEMENINO;HERIDOS;0;0;0;;CARRERA 39 CALLE 36SUR;;ZONA CENTRO;6.169634, -75.584368;CHOQUE;VEHICULO;NO REPORTADO;RESIDENCIAL;Normal;Desobedecer señales
2300392;2/05/2023;4:05:00 p. m.;Martes;2023;Mayo;MOTOCICLETA;PARTICULAR;Motociclista;40;FEMENINO;HERIDOS;0;0;0;;CARRERA 39 CALLE 36SUR;;ZONA CENTRO;6.169634, -75.584368;CHOQUE;VEHICULO;NO REPORTADO;RESIDENCIAL;Normal;Desobedecer señales
2300392;2/05/2023;4:05:00 p. m.;Martes;2023;Mayo;MOTOCICLETA;PARTICULAR;Motociclista;22;MASCULINO;HERIDOS;0;0;0;;CARRERA 39 CALLE 36SUR;;ZONA CENTRO;6.169634, -75.584368;CHOQUE;VEHICULO;NO REPORTADO;RESIDENCIAL;Normal;Desobedecer señales
2300393;2/05/2023;10:15:00 a. m.;Martes;2023;Mayo;MOTOCICLETA;PARTICULAR;Motociclista;27;MASCULINO;HERIDOS;0;0;0;;CARRERA 43A CLL 38SUR;;ALCALA;6.168213428520972, -75.59027852081695;CHOQUE;VEHICULO;NO REPORTADO;RESIDENCIAL;Normal;Desobedecer señales
2300394;2/05/2023;4:55:00 p. m.;Martes;2023;Mayo;AUTOMOVIL;PUBLICO;Peaton;50;MASCULINO;HERIDOS;0;0;0;;CALLE 40BSUR FRENTE #27A-41;;LA MINA;6.1582247970161, -75.58176658783154;ATROPELLO;NO REPORTADO;NO REPORTADO;RESIDENCIAL;Normal;Cruzar en estado de embriaguez  -  Transitar por la calzada
2300395;2/05/2023;6:20:00 a. m.;Martes;2023;Mayo;AUTOMOVIL;PARTICULAR;Conductor;20;FEMENINO;HERIDOS;0;0;0;;CALLE 37SUR CARRERA 50;;LAS VEGAS;6.175219752238037, -75.59513708712149;CHOQUE;VEHICULO;NO REPORTADO;RESIDENCIAL;Normal;No mantener distancia de seguridad
2300396;3/05/2023;1:05:00 p. m.;Miércoles;2023;Mayo;MOTOCICLETA;PARTICULAR;Acompañante;41;FEMENINO;HERIDOS;0;0;0;;CARRERA 43 FRENTE AL #33BSUR-54;;ZONA CENTRO;6.1732166134751365, -75.58597986919527;CHOQUE;VEHICULO;NO REPORTADO;RESIDENCIAL;Normal;No mantener distancia de seguridad
2300397;3/05/2023;7:00:00 a. m.;Miércoles;2023;Mayo;MOTOCICLETA;PARTICULAR;Motociclista;33;MASCULINO;HERIDOS;0;0;0;;CARRERA 50 ENTRE CALLES 27ASUR Y 26SUR;;LAS VEGAS;6.184273, -75.587732;CHOQUE;VEHICULO;NO REPORTADO;INDUSTRIAL;Normal;No mantener distancia de seguridad
2300398;3/05/2023;5:25:00 p. m.;Miércoles;2023;Mayo;MOTOCICLETA;PARTICULAR;Motociclista;30;MASCULINO;HERIDOS;0;0;0;;CARRERA 43A CALLE 45SUR;;LA PAZ;6.1651135022864265, -75.59452149934526;CHOQUE;VEHICULO;NO REPORTADO;RESIDENCIAL;Normal;No mantener distancia de seguridad
2300399;3/05/2023;12:30:00 p. m.;Miércoles;2023;Mayo;MOTOCICLETA;PARTICULAR;Peaton;5;MASCULINO;HERIDOS;0;0;0;;CARRERA 47 FRENTE AL #34SUR-45;;EL PORTAL;6.175031461887405, -75.59026241531917;ATROPELLO;NO REPORTADO;NO REPORTADO;RESIDENCIAL;Normal;Subirse al anden o vias peatonales
2300400;4/05/2023;10:37:00 p. m.;Jueves;2023;Mayo;MOTOCICLETA;PARTICULAR;Peaton;28;MASCULINO;HERIDOS;0;0;0;;KILOMETRO 14;medellín palmas envigado (km 12 - km 16+700);VEREDA PALMAS;6.158237300731482, -75.54647265099169;ATROPELLO;NO REPORTADO;NO REPORTADO;;Normal;Impericia en el manejo
2300400;4/05/2023;10:37:00 p. m.;Jueves;2023;Mayo;MOTOCICLETA;PARTICULAR;Motociclista;38;MASCULINO;HERIDOS;0;0;0;;KILOMETRO 14;medellín palmas envigado (km 12 - km 16+700);VEREDA PALMAS;6.158237300731482, -75.54647265099169;ATROPELLO;NO REPORTADO;NO REPORTADO;;Normal;Impericia en el manejo
2300400;4/05/2023;10:37:00 p. m.;Jueves;2023;Mayo;MOTOCICLETA;PARTICULAR;Motociclista;29;MASCULINO;HERIDOS;0;0;0;;KILOMETRO 14;medellín palmas envigado (km 12 - km 16+700);VEREDA PALMAS;6.158237300731482, -75.54647265099169;ATROPELLO;NO REPORTADO;NO REPORTADO;;Normal;Impericia en el manejo
2300401;4/05/2023;10:48:00 p. m.;Jueves;2023;Mayo;MOTOCICLETA;PARTICULAR;Motociclista;27;MASCULINO;HERIDOS;0;0;0;;KILOMETRO 14+300;retiro varia palmas enviga (km 5+43 - km 14+ 550);VEREDA PALMAS;6.154933152437427, -75.53119095072377;CHOQUE;VEHICULO;NO REPORTADO;;Normal;Exceso de velocidad  -  No mantener distancia de seguridad
2300402;4/05/2023;11:00:00 p. m.;Jueves;2023;Mayo;MOTOCICLETA;PARTICULAR;Acompañante;27;FEMENINO;HERIDOS;0;0;0;;KILOMETRO 15+400;medellín palmas envigado (km 12 - km 16+700);VEREDA PALMAS;6.153836168716407, -75.54340792477396;VOLCAMIENTO;NO REPORTADO;NO REPORTADO;;Normal;Impericia en el manejo
2300402;4/05/2023;11:00:00 p. m.;Jueves;2023;Mayo;MOTOCICLETA;PARTICULAR;Motociclista;42;MASCULINO;HERIDOS;0;0;0;;KILOMETRO 15+400;medellín palmas envigado (km 12 - km 16+700);VEREDA PALMAS;6.153836168716407, -75.54340792477396;VOLCAMIENTO;NO REPORTADO;NO REPORTADO;;Normal;Impericia en el manejo
2300403;7/05/2023;11:30:00 p. m.;Domingo;2023;Mayo;MOTOCICLETA;PARTICULAR;Motociclista;21;MASCULINO;HERIDOS;0;0;0;;KILOMETRO 14+850;medellín palmas envigado (km 12 - km 16+700);VEREDA PALMAS;6.152795619284831, -75.54609551631417;CHOQUE;OBJETO FIJO;BARANDA;;Normal;Impericia en el manejo
2300403;7/05/2023;11:30:00 p. m.;Domingo;2023;Mayo;MOTOCICLETA;PARTICULAR;Acompañante;19;FEMENINO;HERIDOS;0;0;0;;KILOMETRO 14+850;medellín palmas envigado (km 12 - km 16+700);VEREDA PALMAS;6.152795619284831, -75.54609551631417;CHOQUE;OBJETO FIJO;BARANDA;;Normal;Impericia en el manejo
2300404;4/05/2023;7:35:00 a. m.;Jueves;2023;Mayo;AUTOMOVIL;PUBLICO;Peaton;37;MASCULINO;HERIDOS;0;0;0;;CALLE 39SUR CARRERA 39;;ZONA CENTRO;6.1668865136521385, -75.58612280658258;ATROPELLO;NO REPORTADO;NO REPORTADO;RESIDENCIAL;Normal;Otra-Conductor
2300405;4/05/2023;5:00:00 p. m.;Jueves;2023;Mayo;BUS;PUBLICO;Pasajero;71;FEMENINO;HERIDOS;0;0;0;;CALLE 40SUR FRENTE AL #46-22;;ALCALA;6.168600, -75.592683;CAIDA OCUPANTE;NO REPORTADO;NO REPORTADO;RESIDENCIAL;Normal;Otra-Pasajero-Acompañante
2300406;4/05/2023;8:50:00 a. m.;Jueves;2023;Mayo;MOTOCICLETA;PARTICULAR;Motociclista;19;MASCULINO;HERIDOS;0;0;0;;CALLE 37SUR CARRERA 43A;;SAN MARCOS;6.1711408604758144, -75.5882552698921;CHOQUE;VEHICULO;NO REPORTADO;RESIDENCIAL;Normal;Impericia en el manejo
2300407;5/05/2023;6:05:00 p. m.;Viernes;2023;Mayo;MOTOCICLETA;PARTICULAR;Motociclista;36;FEMENINO;HERIDOS;0;0;0;;CALLE 40SUR CARRERA 29;;SAN JOSE;6.161606, -75.581955;CHOQUE;VEHICULO;NO REPORTADO;RESIDENCIAL;Normal;Desobedecer señales
2300408;8/05/2023;3:55:00 p. m.;Lunes;2023;Mayo;MICROBUS;PUBLICO;Pasajero;77;MASCULINO;HERIDOS;0;0;0;;CARRERA 27 FRENTE AL #23SUR-68;;ZUÑIGA;6.175983247932511, -75.5672816583782;CHOQUE;VEHICULO;NO REPORTADO;RESIDENCIAL;Normal;Adelantar en zona prohibida
2300408;8/05/2023;3:55:00 p. m.;Lunes;2023;Mayo;MICROBUS;PUBLICO;Pasajero;46;FEMENINO;HERIDOS;0;0;0;;CARRERA 27 FRENTE AL #23SUR-68;;ZUÑIGA;6.175983247932511, -75.5672816583782;CHOQUE;VEHICULO;NO REPORTADO;RESIDENCIAL;Normal;Adelantar en zona prohibida
2300408;8/05/2023;3:55:00 p. m.;Lunes;2023;Mayo;MICROBUS;PUBLICO;Pasajero;71;MASCULINO;HERIDOS;0;0;0;;CARRERA 27 FRENTE AL #23SUR-68;;ZUÑIGA;6.175983247932511, -75.5672816583782;CHOQUE;VEHICULO;NO REPORTADO;RESIDENCIAL;Normal;Adelantar en zona prohibida
2300408;8/05/2023;3:55:00 p. m.;Lunes;2023;Mayo;MICROBUS;PUBLICO;Pasajero;12;FEMENINO;HERIDOS;0;0;0;;CARRERA 27 FRENTE AL #23SUR-68;;ZUÑIGA;6.175983247932511, -75.5672816583782;CHOQUE;VEHICULO;NO REPORTADO;RESIDENCIAL;Normal;Adelantar en zona prohibida
2300408;8/05/2023;3:55:00 p. m.;Lunes;2023;Mayo;MICROBUS;PUBLICO;Pasajero;10;MASCULINO;HERIDOS;0;0;0;;CARRERA 27 FRENTE AL #23SUR-68;;ZUÑIGA;6.175983247932511, -75.5672816583782;CHOQUE;VEHICULO;NO REPORTADO;RESIDENCIAL;Normal;Adelantar en zona prohibida
2300408;8/05/2023;3:55:00 p. m.;Lunes;2023;Mayo;MICROBUS;PUBLICO;Conductor;42;MASCULINO;HERIDOS;0;0;0;;CARRERA 27 FRENTE AL #23SUR-68;;ZUÑIGA;6.175983247932511, -75.5672816583782;CHOQUE;VEHICULO;NO REPORTADO;RESIDENCIAL;Normal;Adelantar en zona prohibida
2300408;8/05/2023;3:55:00 p. m.;Lunes;2023;Mayo;MICROBUS;PUBLICO;Pasajero;27;FEMENINO;HERIDOS;0;0;0;;CARRERA 27 FRENTE AL #23SUR-68;;ZUÑIGA;6.175983247932511, -75.5672816583782;CHOQUE;VEHICULO;NO REPORTADO;RESIDENCIAL;Normal;Adelantar en zona prohibida
2300409;5/05/2023;9:45:00 p. m.;Viernes;2023;Mayo;MOTOCICLETA;PARTICULAR;Motociclista;24;MASCULINO;HERIDOS;0;0;0;;CALLE 39BSUR  CARRERA 39;;MESA;6.166182535046294, -75.58656358028607;CHOQUE;VEHICULO;NO REPORTADO;RESIDENCIAL;Normal;No mantener distancia de seguridad
2300410;5/05/2023;1:55:00 a. m.;Viernes;2023;Mayo;BICICLETA;;Ciclista;26;MASCULINO;HERIDOS;0;0;0;;CALLE 37 SUR CARRERA 41;;ZONA CENTRO;6.169774097619462, -75.58621230519113;CHOQUE;VEHICULO;NO REPORTADO;RESIDENCIAL;Normal;Semaforo en rojo
2300411;6/05/2023;1:15:00 p. m.;Sábado;2023;Mayo;CAMPERO;PUBLICO;Acompañante;49;MASCULINO;HERIDOS;0;0;0;;KILOMETRO 12;medellín palmas envigado (km 12 - km 16+700);VEREDA PALMAS;6.174136593152702, -75.54642454774739;CHOQUE;VEHICULO;NO REPORTADO;;Normal;No mantener distancia de seguridad
2300412;6/05/2023;12:25:00 a. m.;Sábado;2023;Mayo;MOTOCICLETA;PARTICULAR;Motociclista;22;FEMENINO;HERIDOS;0;0;0;;KILOMETRO 15+480;;VEREDA PALMAS;6.154232963704034, -75.54286647160949;CHOQUE;OBJETO FIJO;BARANDA;;Normal;Superficie lisa
2300413;7/05/2023;8:00:00 a. m.;Domingo;2023;Mayo;MOTOCICLETA;PARTICULAR;Motociclista;24;MASCULINO;HERIDOS;0;0;0;;KILOMETRO 5+690;retiro varia palmas enviga (km 5+43 - km 14+ 550);VEREDA PANTANILLO;6.169440721343032, -75.47972959999349;CHOQUE;OBJETO FIJO;VALLA - SEÑAL;;Normal;Impericia en el manejo
2300414;7/05/2023;12:00:00 p. m.;Domingo;2023;Mayo;CAMION;PARTICULAR;Conductor;32;MASCULINO;HERIDOS;0;0;0;;CARRERA 48 CALLE 40SUR;;LAS VEGAS;6.170389, -75.595319;CHOQUE;VEHICULO;NO REPORTADO;RESIDENCIAL;Normal;No mantener distancia de seguridad
2300415;8/05/2023;3:20:00 p. m.;Lunes;2023;Mayo;MOTOCICLETA;PARTICULAR;Motociclista;37;MASCULINO;HERIDOS;0;0;0;;CARRERA 33 CALLE 38ASUR;;MESA;6.165520, -75.582620;CHOQUE;VEHICULO;NO REPORTADO;RESIDENCIAL;Normal;Desobedecer señales
2300416;9/05/2023;2:20:00 p. m.;Martes;2023;Mayo;MOTOCICLETA;PARTICULAR;Motociclista;21;MASCULINO;HERIDOS;0;0;0;;CARRERA 3 CON CALLE 40FSUR;;SAN JOSE;6.160714, -75.584553;CHOQUE;VEHICULO;NO REPORTADO;RESIDENCIAL;Lluvia;Desobedecer señales  -  No respetar pelacion de interseccion o giros
2300416;9/05/2023;2:20:00 p. m.;Martes;2023;Mayo;MOTOCICLETA;PARTICULAR;Acompañante;34;MASCULINO;HERIDOS;0;0;0;;CARRERA 3 CON CALLE 40FSUR;;SAN JOSE;6.160714, -75.584553;CHOQUE;VEHICULO;NO REPORTADO;RESIDENCIAL;Lluvia;Desobedecer señales  -  No respetar pelacion de interseccion o giros
2300416;9/05/2023;2:20:00 p. m.;Martes;2023;Mayo;MOTOCICLETA;PARTICULAR;Motociclista;22;MASCULINO;HERIDOS;0;0;0;;CARRERA 3 CON CALLE 40FSUR;;SAN JOSE;6.160714, -75.584553;CHOQUE;VEHICULO;NO REPORTADO;RESIDENCIAL;Lluvia;Desobedecer señales  -  No respetar pelacion de interseccion o giros
2300417;10/05/2023;10:20:00 a. m.;Miércoles;2023;Mayo;MOTOCICLETA;PARTICULAR;Motociclista;46;MASCULINO;HERIDOS;0;0;0;;CARRERA 50 FRENTE AL #39SUR-100;;LAS VEGAS;6.173303607160337, -75.59788796574267;VOLCAMIENTO;NO REPORTADO;NO REPORTADO;INDUSTRIAL;Normal;Otra-Via
2300417;10/05/2023;10:20:00 a. m.;Miércoles;2023;Mayo;MOTOCICLETA;PARTICULAR;Acompañante;39;FEMENINO;HERIDOS;0;0;0;;CARRERA 50 FRENTE AL #39SUR-100;;LAS VEGAS;6.173303607160337, -75.59788796574267;VOLCAMIENTO;NO REPORTADO;NO REPORTADO;INDUSTRIAL;Normal;Otra-Via
2300418;9/05/2023;7:40:00 a. m.;Martes;2023;Mayo;BICICLETA;;Ciclista;39;MASCULINO;HERIDOS;0;0;0;;CARRERA 48 CALLE 25AASUR 100;;LAS VEGAS;6.18332183548085, -75.58514624239784;CHOQUE;VEHICULO;NO REPORTADO;RESIDENCIAL;Normal;Otra-Conductor
2300419;10/05/2023;12:38:00 p. m.;Miércoles;2023;Mayo;MOTOCICLETA;PARTICULAR;Motociclista;25;MASCULINO;HERIDOS;0;0;0;;KILOMETRO 12;retiro varia palmas enviga (km 5+43 - km 14+ 550);VEREDA PALMAS;6.158890830384023, -75.51828595907199;CHOQUE;VEHICULO;NO REPORTADO;;Normal;No mantener distancia de seguridad
2300420;10/05/2023;9:00:00 p. m.;Miércoles;2023;Mayo;MOTOCICLETA;PARTICULAR;Acompañante;23;MASCULINO;HERIDOS;0;0;0;;KILOMETRO 13;medellín palmas envigado (km 12 - km 16+700);VEREDA PALMAS;6.165650175410898, -75.5451973255405;CHOQUE;OBJETO FIJO;BARANDA;;Normal;Impericia en el manejo
2300420;10/05/2023;9:00:00 p. m.;Miércoles;2023;Mayo;MOTOCICLETA;PARTICULAR;Motociclista;26;MASCULINO;HERIDOS;0;0;0;;KILOMETRO 13;medellín palmas envigado (km 12 - km 16+700);VEREDA PALMAS;6.165650175410898, -75.5451973255405;CHOQUE;OBJETO FIJO;BARANDA;;Normal;Impericia en el manejo
2300421;10/05/2023;8:40:00 p. m.;Miércoles;2023;Mayo;MOTOCICLETA;PARTICULAR;Acompañante;4;MASCULINO;MUERTOS;0;0;0;;CALLE 45B SUR FRENTE AL #38-10;;LAS ANTILLAS;6.158719, -75.589230;CAIDA OCUPANTE;NO REPORTADO;NO REPORTADO;RESIDENCIAL;Normal;Impericia en el manejo
2300422;11/05/2023;12:45:00 a. m.;Jueves;2023;Mayo;MOTOCICLETA;PARTICULAR;Peaton;15;MASCULINO;HERIDOS;0;0;0;;CALLE 41BSUR FRENTE AL #25A-24;;SAN RAFAEL;6.155063, -75.584907;ATROPELLO;NO REPORTADO;NO REPORTADO;RESIDENCIAL;Normal;Cruzar sin observar
2300422;11/05/2023;12:45:00 a. m.;Jueves;2023;Mayo;MOTOCICLETA;PARTICULAR;Motociclista;21;MASCULINO;HERIDOS;0;0;0;;CALLE 41BSUR FRENTE AL #25A-24;;SAN RAFAEL;6.155063, -75.584907;ATROPELLO;NO REPORTADO;NO REPORTADO;RESIDENCIAL;Normal;Cruzar sin observar
2300423;13/05/2023;4:11:00 p. m.;Sábado;2023;Mayo;MOTOCICLETA;PARTICULAR;Motociclista;28;MASCULINO;HERIDOS;0;0;0;;CARRERA 48 CALLE 26SUR;;LAS VEGAS;6.1832320427738585, -75.58538152856934;ATROPELLO;NO REPORTADO;NO REPORTADO;RESIDENCIAL;Normal;Otra-Conductor
2300423;13/05/2023;4:11:00 p. m.;Sábado;2023;Mayo;MOTOCICLETA;PARTICULAR;Peaton;68;FEMENINO;HERIDOS;0;0;0;;CARRERA 48 CALLE 26SUR;;LAS VEGAS;6.1832320427738585, -75.58538152856934;ATROPELLO;NO REPORTADO;NO REPORTADO;RESIDENCIAL;Normal;Otra-Conductor
2300424;13/05/2023;3:55:00 p. m.;Sábado;2023;Mayo;MOTOCICLETA;PARTICULAR;Peaton;60;FEMENINO;HERIDOS;0;0;0;;CALLE 40CSUR FRENTE AL #29A-11;;SAN JOSE;6.160865306616091, -75.5830752913949;ATROPELLO;NO REPORTADO;NO REPORTADO;RESIDENCIAL;Normal;Cruzar sin observar