NRO_RADICADO;FECHA_ACCIDENTE;HORA_ACCIDENTE;Día de la semana;AÑO;MES;CLASE_VEHICULO;TIPO_SERVICIO;TIPO_VICTIMA;EDAD;GENERO;GRAVEDAD;ESTADO_BEODEZ;ESTADO_DROGA;RESULTADO_BEODEZ;RESUL_BEODEZ_GRAMOS;DIRECCION_CARACT_VIA;TRAMO_VIA;LOCALIDAD_O_COMUNA;    GEORREFERENCIACIÓN;DESC_CLASE_ACCIDENTE;DESC_CHOQUE_ACCIDENTE;DESC_OBJETO_FIJO;DESC_SECTOR_ACCIDENTE;CONDICION_CLIMATICA;CAUSA_ACCIDENTE
2300425;14/05/2023;3:43:00 a. m.;Domingo;2023;Mayo;MOTOCICLETA;PARTICULAR;Motociclista;23;MASCULINO;HERIDOS;0;0;0;;CARRERA 48 CALLE 38SUR;;LAS VEGAS;6.172847402069956, -75.5927826303911;CHOQUE;VEHICULO;NO REPORTADO;RESIDENCIAL;Normal;Desobedecer señales
2300425;14/05/2023;3:43:00 a. m.;Domingo;2023;Mayo;MOTOCICLETA;PARTICULAR;Acompañante;24;MASCULINO;HERIDOS;0;0;0;;CARRERA 48 CALLE 38SUR;;LAS VEGAS;6.172847402069956, -75.5927826303911;CHOQUE;VEHICULO;NO REPORTADO;RESIDENCIAL;Normal;Desobedecer señales
2300426;10/05/2023;1:25:00 p. m.;Miércoles;2023;Mayo;MOTOCICLETA;PARTICULAR;Motociclista;33;MASCULINO;HERIDOS;0;0;0;;CALLE 37SUR FRENTE AL #32-07;;MESA;6.166623, -75.581324;CHOQUE;VEHICULO;NO REPORTADO;RESIDENCIAL;Normal;No mantener distancia de seguridad
2300427;11/05/2023;7:20:00 p. m.;Jueves;2023;Mayo;MOTOCICLETA;PARTICULAR;Acompañante;23;FEMENINO;HERIDOS;0;0;0;;KILOMETRO 10+500;el escobero - km 0-13);VEREDA EL ESCOBERO;6.142149620987453, -75.52637662403139;VOLCAMIENTO;NO REPORTADO;NO REPORTADO;;Normal;Impericia en el manejo
2300428;12/05/2023;10:49:00 p. m.;Viernes;2023;Mayo;MOTOCICLETA;PARTICULAR;Peaton;23;MASCULINO;HERIDOS;1;0;1;80;CARRERA 43A FRENTE AL #45SUR-33;;MILAN VALLEJUELOS;6.165130948910198, -75.59451897183887;ATROPELLO;NO REPORTADO;NO REPORTADO;RESIDENCIAL;Normal;Cruzar sin observar
2300429;15/05/2023;9:13:00 a. m.;Lunes;2023;Mayo;AUTOMOVIL;PARTICULAR;Peaton;46;MASCULINO;HERIDOS;0;0;0;;DIAGONAL 31 TRANSVERSAL 34DSUR;;LA SEBASTIANA;6.171984862873536, -75.57932728051946;ATROPELLO;NO REPORTADO;NO REPORTADO;RESIDENCIAL;Normal;Arrancar sin precaucion
2300430;11/05/2023;8:20:00 p. m.;Jueves;2023;Mayo;BICICLETA;;Ciclista;53;MASCULINO;HERIDOS;0;0;0;;TRANSVERSAL 34ASUR DIAGONAL 32;;OBRERO;6.172118777433147, -75.58124784217976;CHOQUE;VEHICULO;NO REPORTADO;RESIDENCIAL;Normal;Desobedecer señales
2300431;12/05/2023;3:52:00 p. m.;Viernes;2023;Mayo;MOTOCICLETA;PARTICULAR;Motociclista;72;MASCULINO;HERIDOS;0;0;0;;CARRERA 40 FRENTE AL #38SUR-44;;ZONA CENTRO;6.168285, -75.586122;CHOQUE;VEHICULO;NO REPORTADO;RESIDENCIAL;Normal;Impericia en el manejo
2300432;12/05/2023;3:00:00 p. m.;Viernes;2023;Mayo;MOTOCICLETA;PARTICULAR;Motociclista;31;MASCULINO;HERIDOS;0;0;0;;CARRERA 50 CALLE 37SUR;;LAS VEGAS;6.175582, -75.594664;CHOQUE;VEHICULO;NO REPORTADO;RESIDENCIAL;Normal;No mantener distancia de seguridad
2300433;24/02/2023;12:48:00 p. m.;Viernes;2023;Febrero;AUTOMOVIL;PARTICULAR;Peaton;32;FEMENINO;HERIDOS;0;0;0;;CALLE 23 SUR FRENTE AL #28-62;;ZUÑIGA;6.178469807562692, -75.57144027909125;ATROPELLO;NO REPORTADO;NO REPORTADO;NO REPORTA;NO REPORTA;Arrancar sin precaucion
2300434;13/05/2023;9:40:00 p. m.;Sábado;2023;Mayo;MOTOCICLETA;PARTICULAR;Motociclista;30;FEMENINO;HERIDOS;0;0;0;;CALLE 33BSUR CARRERA 43A;;SAN MARCOS;6.173363, -75.586853;CHOQUE;VEHICULO;NO REPORTADO;RESIDENCIAL;Normal;Desobedecer señales
2300434;13/05/2023;9:40:00 p. m.;Sábado;2023;Mayo;MOTOCICLETA;PARTICULAR;Motociclista;22;MASCULINO;HERIDOS;0;0;0;;CALLE 33BSUR CARRERA 43A;;SAN MARCOS;6.173363, -75.586853;CHOQUE;VEHICULO;NO REPORTADO;RESIDENCIAL;Normal;Desobedecer señales
2300435;13/05/2023;8:35:00 a. m.;Sábado;2023;Mayo;BICICLETA;;Ciclista;54;MASCULINO;HERIDOS;0;0;0;;CALLE 37SUR CARRERA 41;;ZONA CENTRO;6.169785, -75.586295;CHOQUE;VEHICULO;NO REPORTADO;RESIDENCIAL;Normal;Desobedecer señales
2300435;13/05/2023;8:35:00 a. m.;Sábado;2023;Mayo;MOTOCICLETA;PARTICULAR;Motociclista;24;FEMENINO;HERIDOS;0;0;0;;CALLE 37SUR CARRERA 41;;ZONA CENTRO;6.169785, -75.586295;CHOQUE;VEHICULO;NO REPORTADO;RESIDENCIAL;Normal;Desobedecer señales
2300436;14/05/2023;10:45:00 a. m.;Domingo;2023;Mayo;AUTOMOVIL;PARTICULAR;Acompañante;26;FEMENINO;HERIDOS;0;0;0;;CALLE 36DSUR FRENTE AL #27D-29;;LA PRADERA;6.164846, -75.574600;CHOQUE;VEHICULO;NO REPORTADO;RESIDENCIAL;Normal;No mantener distancia de seguridad
2300437;14/05/2023;6:00:00 p. m.;Domingo;2023;Mayo;MOTOCICLETA;PARTICULAR;Motociclista;33;MASCULINO;HERIDOS;0;0;0;;CARRERA 27 FRENTE AL #23SUR-101;;ZUÑIGA;6.174311037464704, -75.56681504281042;CHOQUE;VEHICULO;NO REPORTADO;RESIDENCIAL;Normal;Adelantar invadiendo carril de sentido contrario
2300437;14/05/2023;6:00:00 p. m.;Domingo;2023;Mayo;AUTOMOVIL;PARTICULAR;Conductor;48;FEMENINO;HERIDOS;0;0;0;;CARRERA 27 FRENTE AL #23SUR-101;;ZUÑIGA;6.174311037464704, -75.56681504281042;CHOQUE;VEHICULO;NO REPORTADO;RESIDENCIAL;Normal;Adelantar invadiendo carril de sentido contrario
2300438;15/05/2023;10:35:00 a. m.;Lunes;2023;Mayo;MOTOCICLETA;PARTICULAR;Acompañante;57;FEMENINO;HERIDOS;0;0;0;;CARRERA 48 ENTRE CALLE 32CSUR y CALLE 33SUR;;LAS VEGAS;6.176403, -75.590335;VOLCAMIENTO;NO REPORTADO;NO REPORTADO;RESIDENCIAL;Lluvia;Superficie humeda
2300438;15/05/2023;10:35:00 a. m.;Lunes;2023;Mayo;MOTOCICLETA;PARTICULAR;Motociclista;67;MASCULINO;HERIDOS;0;0;0;;CARRERA 48 ENTRE CALLE 32CSUR y CALLE 33SUR;;LAS VEGAS;6.176403, -75.590335;VOLCAMIENTO;NO REPORTADO;NO REPORTADO;RESIDENCIAL;Lluvia;Superficie humeda
2300439;16/05/2023;9:20:00 a. m.;Martes;2023;Mayo;AUTOMOVIL;PARTICULAR;Peaton;80;MASCULINO;HERIDOS;0;0;0;;CARRERA 43 FRENTE AL #31SUR-46;;LA MAGNOLIA;6.175763, -75.585205;ATROPELLO;NO REPORTADO;NO REPORTADO;RESIDENCIAL;Normal;Reverso imprudente
2300440;15/05/2023;6:50:00 p. m.;Lunes;2023;Mayo;BICICLETA;;Ciclista;38;MASCULINO;HERIDOS;0;0;0;;DIAGONAL 31CC FRENTE AL #32SUR-26;;LA MAGNOLIA;6.176662867378715, -75.58078601731764;CHOQUE;VEHICULO;NO REPORTADO;RESIDENCIAL;Normal;ABRIR LAS PUERTAS SIN PRECAUCION
2300441;15/05/2023;5:07:00 p. m.;Lunes;2023;Mayo;MOTOCICLETA;PARTICULAR;Motociclista;20;MASCULINO;HERIDOS;0;0;0;;CARRERA 50 FRENTE AL #30SUR-66;;LAS VEGAS;6.180001, -75.590756;CHOQUE;OBJETO FIJO;OTRO TIPO;RESIDENCIAL;Normal;Exceso de velocidad
2300442;16/05/2023;3:10:00 p. m.;Martes;2023;Mayo;MOTOCICLETA;PARTICULAR;Motociclista;20;MASCULINO;HERIDOS;0;0;0;;DIAGONAL 31 TRANSVERSAL 37SUR;;LA PRADERA;6.165954209135852, -75.58027528577428;VOLCAMIENTO;NO REPORTADO;NO REPORTADO;RESIDENCIAL;Normal;Otra-Conductor
2300443;16/05/2023;4:40:00 p. m.;Martes;2023;Mayo;MOTOCICLETA;PARTICULAR;Motociclista;27;MASCULINO;HERIDOS;0;0;0;;CALLE 25ASUR CARRERA 42B;;PONTE VEDRA;6.179343576076499, -75.58131034612241;CHOQUE;VEHICULO;NO REPORTADO;RESIDENCIAL;Normal;Impericia en el manejo
2300443;16/05/2023;4:40:00 p. m.;Martes;2023;Mayo;MOTOCICLETA;PARTICULAR;Acompañante;24;FEMENINO;HERIDOS;0;0;0;;CALLE 25ASUR CARRERA 42B;;PONTE VEDRA;6.179343576076499, -75.58131034612241;CHOQUE;VEHICULO;NO REPORTADO;RESIDENCIAL;Normal;Impericia en el manejo
2300444;16/05/2023;9:00:00 a. m.;Martes;2023;Mayo;MOTOCICLETA;PARTICULAR;Motociclista;33;MASCULINO;HERIDOS;0;0;0;;CARRERA 50 ENTRE CALLE 46ASUR y CALLE 46SUR;;LAS VEGAS;6.170310, -75.601432;CHOQUE;VEHICULO;NO REPORTADO;RESIDENCIAL;Normal;Desobedecer señales
2300445;17/05/2023;7:40:00 a. m.;Miércoles;2023;Mayo;MOTOCICLETA;PARTICULAR;Acompañante;39;MASCULINO;HERIDOS;0;0;0;;CARRERA 50 FRENTE AL #26SUR-157;;LAS VEGAS;6.184674, -75.587354;CHOQUE;VEHICULO;NO REPORTADO;RESIDENCIAL;Normal;Desobedecer señales
2300446;16/05/2023;9:55:00 a. m.;Martes;2023;Mayo;AUTOMOVIL;PARTICULAR;Peaton;63;FEMENINO;HERIDOS;0;0;0;;CALLE 37BSUR FRENTE AL #27E-90;;LOMA DE LAS BRUJAS;6.164325982705879, -75.5788003366446;ATROPELLO;NO REPORTADO;NO REPORTADO;RESIDENCIAL;Normal;Cruzar sin observar
2300447;17/05/2023;5:30:00 p. m.;Miércoles;2023;Mayo;MOTOCICLETA;PARTICULAR;Acompañante;45;MASCULINO;HERIDOS;0;0;0;;KILOMETRO 1+700;peri;VEREDA PERICO;6.181918932584174, -75.50312154472836;CAIDA OCUPANTE;NO REPORTADO;NO REPORTADO;;Normal;Impericia en el manejo
2300447;17/05/2023;5:30:00 p. m.;Miércoles;2023;Mayo;MOTOCICLETA;PARTICULAR;Motociclista;46;MASCULINO;HERIDOS;0;0;0;;KILOMETRO 1+700;peri;VEREDA PERICO;6.181918932584174, -75.50312154472836;CAIDA OCUPANTE;NO REPORTADO;NO REPORTADO;;Normal;Impericia en el manejo
2300448;17/05/2023;5:30:00 p. m.;Miércoles;2023;Mayo;MOTOCICLETA;PARTICULAR;Peaton;22;FEMENINO;HERIDOS;0;0;0;;CARRERA 24 FRENTE AL # 36DSUR-100;;VEREDA EL ESCOBERO;6.1538089278518875, -75.56614788675456;ATROPELLO;NO REPORTADO;NO REPORTADO;RESIDENCIAL;Normal;Otra-Conductor
2300449;17/05/2023;8:30:00 a. m.;Miércoles;2023;Mayo;AUTOMOVIL;PARTICULAR;Conductor;24;MASCULINO;HERIDOS;0;0;0;;KILOMETRO 3+800;el escobero - km 0-13);VEREDA EL ESCOBERO;6.130120767588115, -75.55241071569607;VOLCAMIENTO;NO REPORTADO;NO REPORTADO;;Normal;Falta de precaucion niebla, lluvia, humo
2300450;17/05/2023;12:00:00 p. m.;Miércoles;2023;Mayo;MOTOCICLETA;PARTICULAR;Motociclista;20;MASCULINO;HERIDOS;0;0;0;;KILOMETRO 14 + 800;medellín palmas envigado (km 12 - km 16+700);VEREDA PALMAS;6.152810622704241, -75.54634851972483;CHOQUE;OBJETO FIJO;BARANDA;;Normal;Impericia en el manejo
2300450;17/05/2023;12:00:00 p. m.;Miércoles;2023;Mayo;MOTOCICLETA;PARTICULAR;Acompañante;59;MASCULINO;HERIDOS;0;0;0;;KILOMETRO 14 + 800;medellín palmas envigado (km 12 - km 16+700);VEREDA PALMAS;6.152810622704241, -75.54634851972483;CHOQUE;OBJETO FIJO;BARANDA;;Normal;Impericia en el manejo
2300452;18/05/2023;6:00:00 p. m.;Jueves;2023;Mayo;MOTOCICLETA;PARTICULAR;Motociclista;32;MASCULINO;HERIDOS;0;0;0;;KILOMETRO 14 + 600;medellín palmas envigado (km 12 - km 16+700);VEREDA PALMAS;6.153730355691597, -75.54459397047846;CAIDA OCUPANTE;NO REPORTADO;NO REPORTADO;;Normal;Impericia en el manejo
2300452;18/05/2023;6:00:00 p. m.;Jueves;2023;Mayo;MOTOCICLETA;PARTICULAR;Acompañante;30;FEMENINO;HERIDOS;0;0;0;;KILOMETRO 14 + 600;medellín palmas envigado (km 12 - km 16+700);VEREDA PALMAS;6.153730355691597, -75.54459397047846;CAIDA OCUPANTE;NO REPORTADO;NO REPORTADO;;Normal;Impericia en el manejo
2300453;18/05/2023;8:45:00 a. m.;Jueves;2023;Mayo;MOTOCICLETA;PARTICULAR;Peaton;80;MASCULINO;HERIDOS;0;0;0;0;CALLE 39 SUR CARRERA  40 - 85;;ZONA CENTRO;6.1677186377796165, -75.58740692061579;ATROPELLO;NO REPORTADO;NO REPORTADO;COMERCIAL;Normal;Otra-Conductor
2300454;18/05/2023;10:50:00 a. m.;Jueves;2023;Mayo;MOTOCICLETA;PARTICULAR;Motociclista;30;MASCULINO;HERIDOS;0;0;0;;TRANSVERSAL 32 A SUR CON DIAGONAL 32B;;LA MAGNOLIA;6.175371988016719, -75.58327567424857;CHOQUE;VEHICULO;NO REPORTADO;RESIDENCIAL;Normal;Desobedecer señales  -  No respetar pelacion de interseccion o giros
2300455;18/05/2023;8:09:00 p. m.;Jueves;2023;Mayo;AUTOMOVIL;;Peaton;11;MASCULINO;HERIDOS;0;0;0;;DIAGONAL 31 C CON TRANSVERSAL 32C SUR;;LAS FLORES;6.176415357421722, -75.58007122197093;ATROPELLO;NO REPORTADO;NO REPORTADO;RESIDENCIAL;Normal;Desobedecer señales
2300456;18/05/2023;7:50:00 p. m.;Jueves;2023;Mayo;MOTOCICLETA;PARTICULAR;Peaton;44;FEMENINO;HERIDOS;0;0;0;0;DIAGONAL 29 CON TRANSVERSAL 34DD SUR;;LA SEBASTIANA;6.171138444775924, -75.57783127290553;ATROPELLO;NO REPORTADO;NO REPORTADO;RESIDENCIAL;Normal;Girar bruscamente
2300457;19/05/2023;5:55:00 a. m.;Viernes;2023;Mayo;MOTOCICLETA;PARTICULAR;Motociclista;21;MASCULINO;MUERTOS;0;0;0;;KILOMETRO 15 + 250;medellín palmas envigado (km 12 - km 16+700);VEREDA PALMAS;6.152696726450017, -75.54379421429185;CHOQUE;OBJETO FIJO;POSTE;;Normal;Desobedecer señales
2300458;19/05/2023;2:30:00 p. m.;Viernes;2023;Mayo;MOTOCICLETA;PARTICULAR;Motociclista;18;MASCULINO;HERIDOS;0;0;0;;CARRERA 28 CON CALLE 41A SUR 44;;SAN RAFAEL;6.158151, -75.584401;CHOQUE;VEHICULO;NO REPORTADO;RESIDENCIAL;Normal;Adelantar invadiendo carril de sentido contrario
2300459;19/05/2023;8:25:00 a. m.;Viernes;2023;Mayo;MOTOCICLETA;PARTICULAR;Motociclista;21;MASCULINO;HERIDOS;0;0;0;;CARRERA 48 CON CALLE 50 SUR;;LAS VEGAS;6.162072458716961, -75.60353659646475;CHOQUE;VEHICULO;NO REPORTADO;RESIDENCIAL;Normal;Transitar entre vehiculos
2300460;20/05/2023;7:00:00 p. m.;Sábado;2023;Mayo;BICICLETA;;Ciclista;49;MASCULINO;HERIDOS;0;0;0;;CARRERA 50 CON CALLE 25 SUR ;;LAS VEGAS;6.187202, -75.584293;CHOQUE;VEHICULO;NO REPORTADO;RESIDENCIAL;Normal;Otra-Conductor
2300461;22/05/2023;2:00:00 p. m.;Lunes;2023;Mayo;MOTOCICLETA;PARTICULAR;Motociclista;41;MASCULINO;HERIDOS;0;0;0;;KILOMETRO 12 + 270;medellín palmas envigado (km 12 - km 16+700);VEREDA PALMAS;6.172414747246859, -75.54661355797593;CHOQUE;VEHICULO;NO REPORTADO;;Normal;Girar bruscamente
2300461;22/05/2023;2:00:00 p. m.;Lunes;2023;Mayo;MOTOCICLETA;PARTICULAR;Acompañante;30;FEMENINO;HERIDOS;0;0;0;;KILOMETRO 12 + 270;medellín palmas envigado (km 12 - km 16+700);VEREDA PALMAS;6.172414747246859, -75.54661355797593;CHOQUE;VEHICULO;NO REPORTADO;;Normal;Girar bruscamente
2300462;17/05/2023;10:39:00 p. m.;Miércoles;2023;Mayo;MOTOCICLETA;PARTICULAR;Motociclista;53;MASCULINO;HERIDOS;0;0;0;;KILOMETRO 16 + 1;medellín palmas envigado (km 12 - km 16+700);VEREDA PALMAS;6.1533495622092325, -75.53893646574424;CAIDA OCUPANTE;NO REPORTADO;NO REPORTADO;;Normal;Impericia en el manejo
2300463;21/05/2023;4:46:00 p. m.;Domingo;2023;Mayo;MOTOCICLETA;PARTICULAR;Motociclista;21;MASCULINO;HERIDOS;0;0;0;;CARRERA 50 CON CALLE 39 SUR ;;LAS VEGAS;6.173839, -75.597076;CHOQUE;VEHICULO;NO REPORTADO;RESIDENCIAL;Normal;Desobedecer señales
2300463;21/05/2023;4:46:00 p. m.;Domingo;2023;Mayo;MOTOCICLETA;PARTICULAR;Motociclista;31;MASCULINO;HERIDOS;0;0;0;;CARRERA 50 CON CALLE 39 SUR ;;LAS VEGAS;6.173839, -75.597076;CHOQUE;VEHICULO;NO REPORTADO;RESIDENCIAL;Normal;Desobedecer señales
2300464;19/05/2023;7:45:00 a. m.;Viernes;2023;Mayo;MOTOCICLETA;PARTICULAR;Acompañante;19;MASCULINO;HERIDOS;0;0;0;;DIAGONAL 31 CON TRANSVERSAL 34D SUR SUR;;LA SEBASTIANA;6.171984862873536, -75.57932728051946;CHOQUE;VEHICULO;NO REPORTADO;RESIDENCIAL;Normal;Desobedecer señales
2300464;19/05/2023;7:45:00 a. m.;Viernes;2023;Mayo;MOTOCICLETA;PARTICULAR;Motociclista;37;MASCULINO;HERIDOS;0;0;0;;DIAGONAL 31 CON TRANSVERSAL 34D SUR SUR;;LA SEBASTIANA;6.171984862873536, -75.57932728051946;CHOQUE;VEHICULO;NO REPORTADO;RESIDENCIAL;Normal;Desobedecer señales
2300465;20/05/2023;11:55:00 a. m.;Sábado;2023;Mayo;MICROBUS;PUBLICO;Pasajero;57;FEMENINO;HERIDOS;0;0;0;;CALLE 46D SUR CON CARRERA 39D - 03;;EL TRIANON;6.159466283961483, -75.59245935871725;CHOQUE;OBJETO FIJO;OTRO TIPO;RESIDENCIAL;Normal;Impericia en el manejo
2300465;20/05/2023;11:55:00 a. m.;Sábado;2023;Mayo;MICROBUS;PUBLICO;Pasajero;41;FEMENINO;HERIDOS;0;0;0;;CALLE 46D SUR CON CARRERA 39D - 03;;EL TRIANON;6.159466283961483, -75.59245935871725;CHOQUE;OBJETO FIJO;OTRO TIPO;RESIDENCIAL;Normal;Impericia en el manejo
2300465;20/05/2023;11:55:00 a. m.;Sábado;2023;Mayo;MICROBUS;PUBLICO;Pasajero;59;FEMENINO;HERIDOS;0;0;0;;CALLE 46D SUR CON CARRERA 39D - 03;;EL TRIANON;6.159466283961483, -75.59245935871725;CHOQUE;OBJETO FIJO;OTRO TIPO;RESIDENCIAL;Normal;Impericia en el manejo
2300466;20/05/2023;6:20:00 a. m.;Sábado;2023;Mayo;MOTOCICLETA;PARTICULAR;Motociclista;24;FEMENINO;HERIDOS;0;0;0;;CALLE 37 SUR CON CARRERA 49;;LAS VEGAS;6.174383, -75.593680;CAIDA OCUPANTE;NO REPORTADO;NO REPORTADO;RESIDENCIAL;Lluvia;Impericia en el manejo
2300467;20/05/2023;9:00:00 p. m.;Sábado;2023;Mayo;MOTOCICLETA;OFICIAL;Acompañante;49;MASCULINO;HERIDOS;0;0;0;;CALLE 48C  SUR 39A 98;;LOMA DEL BARRO;6.157249565518855, -75.59545234621723;CHOQUE;OBJETO FIJO;OTRO TIPO;RESIDENCIAL;Normal;Impericia en el manejo
2300468;21/05/2023;6:45:00 p. m.;Domingo;2023;Mayo;MOTOCICLETA;PARTICULAR;Acompañante;23;MASCULINO;HERIDOS;0;0;0;;KILOMETRO 3 + 800;el escobero - km 0-13);VEREDA EL ESCOBERO;6.130120767588115, -75.55241071569607;CAIDA OCUPANTE;NO REPORTADO;NO REPORTADO;;Normal;Impericia en el manejo
2300468;21/05/2023;6:45:00 p. m.;Domingo;2023;Mayo;MOTOCICLETA;PARTICULAR;Motociclista;50;MASCULINO;HERIDOS;0;0;0;;KILOMETRO 3 + 800;el escobero - km 0-13);VEREDA EL ESCOBERO;6.130120767588115, -75.55241071569607;CAIDA OCUPANTE;NO REPORTADO;NO REPORTADO;;Normal;Impericia en el manejo
2300469;20/05/2023;4:30:00 p. m.;Sábado;2023;Mayo;MOTOCICLETA;PARTICULAR;Motociclista;48;FEMENINO;HERIDOS;0;0;0;;CARRERA 32 CON CALLE 40 SUR;;SAN JOSE;6.1635615604982315, -75.58313772233532;CHOQUE;VEHICULO;NO REPORTADO;RESIDENCIAL;Normal;No mantener distancia de seguridad
2300470;21/05/2023;3:55:00 p. m.;Domingo;2023;Mayo;CAMIONETA;PARTICULAR;Peaton;84;MASCULINO;HERIDOS;0;0;0;0;CALLE 38 SUR CON CARRERA 40;;ZONA CENTRO;6.1689237281915705, -75.58590757663869;ATROPELLO;NO REPORTADO;NO REPORTADO;RESIDENCIAL;Normal;Pasar semaforo en rojo
2300471;21/05/2023;4:05:00 p. m.;Domingo;2023;Mayo;MOTOCICLETA;PARTICULAR;Motociclista;37;MASCULINO;HERIDOS;0;0;0;;KILOMETRO 15 + 850;medellín palmas envigado (km 12 - km 16+700);VEREDA PALMAS;6.1529229723859205, -75.53976067805786;VOLCAMIENTO;NO REPORTADO;NO REPORTADO;;Lluvia;Superficie humeda
2300471;21/05/2023;4:05:00 p. m.;Domingo;2023;Mayo;MOTOCICLETA;PARTICULAR;Acompañante;37;FEMENINO;HERIDOS;0;0;0;;KILOMETRO 15 + 850;medellín palmas envigado (km 12 - km 16+700);VEREDA PALMAS;6.1529229723859205, -75.53976067805786;VOLCAMIENTO;NO REPORTADO;NO REPORTADO;;Lluvia;Superficie humeda
2300472;21/05/2023;6:40:00 p. m.;Domingo;2023;Mayo;MOTOCICLETA;PARTICULAR;Acompañante;25;MASCULINO;HERIDOS;0;0;0;;KILOMETRO 14 + 870;medellín palmas envigado (km 12 - km 16+700);VEREDA PALMAS;6.152736324914516, -75.5465147519703;CAIDA OCUPANTE;NO REPORTADO;NO REPORTADO;;Lluvia;Superficie humeda
2300472;21/05/2023;6:40:00 p. m.;Domingo;2023;Mayo;MOTOCICLETA;PARTICULAR;Motociclista;24;MASCULINO;HERIDOS;0;0;0;;KILOMETRO 14 + 870;medellín palmas envigado (km 12 - km 16+700);VEREDA PALMAS;6.152736324914516, -75.5465147519703;CAIDA OCUPANTE;NO REPORTADO;NO REPORTADO;;Lluvia;Superficie humeda
2300473;23/05/2023;3:40:00 p. m.;Martes;2023;Mayo;MOTOCICLETA;PARTICULAR;Motociclista;22;MASCULINO;HERIDOS;0;0;0;;CARRERA 50 CON CALLE 25A SUR ;;LAS VEGAS;6.186551, -75.585006;CHOQUE;VEHICULO;NO REPORTADO;RESIDENCIAL;Normal;No mantener distancia de seguridad
2300474;23/05/2023;7:40:00 p. m.;Martes;2023;Mayo;MOTOCICLETA;PARTICULAR;Acompañante;31;MASCULINO;HERIDOS;0;0;0;;CARRERA 27 CON CALLE 23 SUR;;ZUÑIGA;6.176732075489436, -75.56763647316772;CAIDA OCUPANTE;NO REPORTADO;NO REPORTADO;RESIDENCIAL;Normal;Impericia en el manejo
2300475;24/05/2023;7:25:00 a. m.;Miércoles;2023;Mayo;MOTOCICLETA;PARTICULAR;Motociclista;26;MASCULINO;HERIDOS;0;0;0;;CARRERA 50 CON CALLE 37 SUR;;LAS VEGAS;6.175582, -75.594664;CHOQUE;VEHICULO;NO REPORTADO;RESIDENCIAL;Normal;No mantener distancia de seguridad
2300476;23/05/2023;2:00:00 p. m.;Martes;2023;Mayo;AUTOMOVIL;PARTICULAR;Acompañante;57;FEMENINO;HERIDOS;0;0;0;;CARRERA 42b CON TRANSVERSAL 27A SUR;;PONTE VEDRA;6.178019, -75.582263;CHOQUE;VEHICULO;NO REPORTADO;RESIDENCIAL;Normal;Desobedecer señales
2300476;23/05/2023;2:00:00 p. m.;Martes;2023;Mayo;AUTOMOVIL;PARTICULAR;Conductor;26;MASCULINO;HERIDOS;0;0;0;;CARRERA 42b CON TRANSVERSAL 27A SUR;;PONTE VEDRA;6.178019, -75.582263;CHOQUE;VEHICULO;NO REPORTADO;RESIDENCIAL;Normal;Desobedecer señales
2300476;23/05/2023;2:00:00 p. m.;Martes;2023;Mayo;CAMIONETA;PARTICULAR;Conductor;51;FEMENINO;HERIDOS;0;0;0;;CARRERA 42b CON TRANSVERSAL 27A SUR;;PONTE VEDRA;6.178019, -75.582263;CHOQUE;VEHICULO;NO REPORTADO;RESIDENCIAL;Normal;Desobedecer señales
2300477;23/05/2023;6:34:00 a. m.;Martes;2023;Mayo;AUTOMOVIL;PARTICULAR;Conductor;29;FEMENINO;HERIDOS;0;0;0;;CALLE 25 SUR CON CARRERA 47 - 18;;BOSQUES DE ZUÑIGA;6.185014, -75.582581;CHOQUE;VEHICULO;NO REPORTADO;RESIDENCIAL;Normal;No mantener distancia de seguridad
2300478;24/05/2023;11:30:00 a. m.;Miércoles;2023;Mayo;AUTOMOVIL;PUBLICO;Conductor;51;MASCULINO;HERIDOS;0;0;0;;CARRERA 40 CON CALLE 48 SUR;;EL TRIANON;6.158706, -75.594673;CHOQUE;VEHICULO;NO REPORTADO;RESIDENCIAL;Normal;No respetar pelacion de interseccion o giros
2300479;24/05/2023;5:50:00 p. m.;Miércoles;2023;Mayo;MOTOCICLETA;PARTICULAR;Acompañante;33;FEMENINO;HERIDOS;0;0;0;;KILOMETRO 8 + 700;pantanill;VEREDA PERICO;6.170752, -75.500305;VOLCAMIENTO;NO REPORTADO;NO REPORTADO;;Normal;Impericia en el manejo
2300480;25/05/2023;10:30:00 a. m.;Jueves;2023;Mayo;MOTOCICLETA;PARTICULAR;Motociclista;47;MASCULINO;HERIDOS;0;0;0;;KILOMETRO 13 + 666;medellín palmas envigado (km 12 - km 16+700);VEREDA PALMAS;6.159205981007461, -75.53197771330787;CAIDA OCUPANTE;NO REPORTADO;NO REPORTADO;;Normal;Impericia en el manejo
2300481;28/05/2023;11:30:00 p. m.;Domingo;2023;Mayo;AUTOMOVIL;PARTICULAR;Acompañante;38;FEMENINO;HERIDOS;0;0;0;;CALLE 38SUR CARRERA 38;;MESA;6.167935122007172, -75.58473207183255;CHOQUE;VEHICULO;NO REPORTADO;RESIDENCIAL;Normal;Desobedecer señales
2300481;28/05/2023;11:30:00 p. m.;Domingo;2023;Mayo;AUTOMOVIL;PARTICULAR;Conductor;42;MASCULINO;HERIDOS;0;0;0;;CALLE 38SUR CARRERA 38;;MESA;6.167935122007172, -75.58473207183255;CHOQUE;VEHICULO;NO REPORTADO;RESIDENCIAL;Normal;Desobedecer señales
2300481;28/05/2023;11:30:00 p. m.;Domingo;2023;Mayo;AUTOMOVIL;PARTICULAR;Conductor;21;MASCULINO;HERIDOS;0;0;0;;CALLE 38SUR CARRERA 38;;MESA;6.167935122007172, -75.58473207183255;CHOQUE;VEHICULO;NO REPORTADO;RESIDENCIAL;Normal;Desobedecer señales