NRO_RADICADO;FECHA_ACCIDENTE;HORA_ACCIDENTE;Día de la semana;AÑO;MES;CLASE_VEHICULO;TIPO_SERVICIO;TIPO_VICTIMA;EDAD;GENERO;GRAVEDAD;ESTADO_BEODEZ;ESTADO_DROGA;RESULTADO_BEODEZ;RESUL_BEODEZ_GRAMOS;DIRECCION_CARACT_VIA;TRAMO_VIA;LOCALIDAD_O_COMUNA;    GEORREFERENCIACIÓN;DESC_CLASE_ACCIDENTE;DESC_CHOQUE_ACCIDENTE;DESC_OBJETO_FIJO;DESC_SECTOR_ACCIDENTE;CONDICION_CLIMATICA;CAUSA_ACCIDENTE
2300482;26/05/2023;10:58:00 p. m.;Viernes;2023;Mayo;MOTOCICLETA;PARTICULAR;Motociclista;35;FEMENINO;HERIDOS;0;0;0;;CALLE 37SUR CARRERA 48;;LAS VEGAS;6.173643245908734, -75.59239554469394;CHOQUE;VEHICULO;NO REPORTADO;RESIDENCIAL;Normal;Frenar bruscamente
2300483;26/05/2023;10:58:00 p. m.;Viernes;2023;Mayo;AUTOMOVIL;PARTICULAR;Peaton;18;FEMENINO;HERIDOS;0;0;0;;CALLE 37SUR CARRERA 48;;LAS VEGAS;6.173643245908734, -75.59239554469394;ATROPELLO;NO REPORTADO;NO REPORTADO;RESIDENCIAL;Normal;Otra-Conductor
2300484;26/05/2023;10:56:00 a. m.;Viernes;2023;Mayo;MOTOCICLETA;;Peaton;65;FEMENINO;HERIDOS;0;0;0;;DIAGONAL 31C TRANSVERSAL 32C SUR;;LAS FLORES;6.174542630249714, -75.58044745419872;ATROPELLO;NO REPORTADO;NO REPORTADO;RESIDENCIAL;Normal;Otra-Conductor
2300485;27/05/2023;1:20:00 p. m.;Sábado;2023;Mayo;MOTOCICLETA;PARTICULAR;Motociclista;34;FEMENINO;HERIDOS;0;0;0;;CARRERA 41 FRENTE AL #38SUR-43;;ZONA CENTRO;6.168747, -75.586852;CHOQUE;VEHICULO;NO REPORTADO;RESIDENCIAL;Normal;Impericia en el manejo
2300486;28/05/2023;10:35:00 p. m.;Domingo;2023;Mayo;MOTOCICLETA;PARTICULAR;Acompañante;57;MASCULINO;HERIDOS;0;0;0;;CARRERA 29C FRENTE AL #40FSUR-10;;SAN RAFAEL;6.160302, -75.584405;CHOQUE;VEHICULO;NO REPORTADO;RESIDENCIAL;Normal;Embriaguez o droga
2300487;25/05/2023;7:20:00 a. m.;Jueves;2023;Mayo;MOTOCICLETA;PARTICULAR;Motociclista;54;MASCULINO;HERIDOS;0;0;0;;CALLE 40SUR FRENTE AL #41-44;;EL DORADO;6.167285264783417, -75.58853325898635;CHOQUE;VEHICULO;NO REPORTADO;RESIDENCIAL;Normal;Adelantar invadiendo carril de sentido contrario
2300488;25/05/2023;7:20:00 a. m.;Jueves;2023;Mayo;MOTOCICLETA;PARTICULAR;Motociclista;48;MASCULINO;HERIDOS;0;0;0;;CARRERA 43A CALLE 39SUR;;ALCALA;6.169054, -75.589557;CHOQUE;VEHICULO;NO REPORTADO;RESIDENCIAL;Normal;Semaforo en rojo
2300488;25/05/2023;7:20:00 a. m.;Jueves;2023;Mayo;MOTOCICLETA;PARTICULAR;Motociclista;21;FEMENINO;HERIDOS;0;0;0;;CARRERA 43A CALLE 39SUR;;ALCALA;6.169054, -75.589557;CHOQUE;VEHICULO;NO REPORTADO;RESIDENCIAL;Normal;Semaforo en rojo
2300489;27/05/2023;4:15:00 p. m.;Sábado;2023;Mayo;AUTOMOVIL;PARTICULAR;Peaton;73;MASCULINO;HERIDOS;0;0;0;;CARRERA 27G TRANSVERSAL 36SUR;;LA PRADERA;6.167298471414627, -75.57703740188013;ATROPELLO;NO REPORTADO;NO REPORTADO;RESIDENCIAL;Normal;Otra-Conductor
2300490;26/05/2023;6:40:00 p. m.;Viernes;2023;Mayo;MOTOCICLETA;PARTICULAR;Motociclista;19;MASCULINO;HERIDOS;0;0;0;;CARRERA 50 ENTRE CALLE 32BSUR y CALLE 36SUR;;LAS VEGAS;6.177635, -75.592515;CAIDA OCUPANTE;NO REPORTADO;NO REPORTADO;RESIDENCIAL;Normal;Impericia en el manejo
2300491;28/05/2023;5:15:00 p. m.;Domingo;2023;Mayo;MOTOCICLETA;PARTICULAR;Motociclista;36;MASCULINO;HERIDOS;0;0;0;;CARRERA 50 FRENTE AL #39SUR-100;;LAS VEGAS;6.173303607160337, -75.59788796574267;CHOQUE;VEHICULO;NO REPORTADO;RESIDENCIAL;Normal;Impericia en el manejo
2300492;26/05/2023;7:20:00 a. m.;Viernes;2023;Mayo;CAMPERO;PARTICULAR;Acompañante;35;MASCULINO;HERIDOS;0;0;0;;KILOMETRO 13+50;medellín palmas envigado (km 12 - km 16+700);VEREDA PALMAS;6.164894293991454, -75.54506243808542;CHOQUE;OBJETO FIJO;BARANDA;;Normal;Fallas en las llantas
2300492;26/05/2023;7:20:00 a. m.;Viernes;2023;Mayo;CAMPERO;PARTICULAR;Conductor;56;MASCULINO;HERIDOS;0;0;0;;KILOMETRO 13+50;medellín palmas envigado (km 12 - km 16+700);VEREDA PALMAS;6.164894293991454, -75.54506243808542;CHOQUE;OBJETO FIJO;BARANDA;;Normal;Fallas en las llantas
2300493;27/05/2023;8:20:00 a. m.;Sábado;2023;Mayo;BICICLETA;;Ciclista;29;MASCULINO;HERIDOS;0;0;0;;CALLE 25 SUR CARRERA 45;;BOSQUES DE ZUÑIGA;6.1825703133410155, -75.58199000017717;CHOQUE;VEHICULO;NO REPORTADO;RESIDENCIAL;Normal;Desobedecer señales
2300494;27/05/2023;11:40:00 a. m.;Sábado;2023;Mayo;MOTOCICLETA;PARTICULAR;Acompañante;43;FEMENINO;HERIDOS;0;0;0;;CARRERA 43A CALLE 33BSUR ;;SAN MARCOS;6.173410349851668, -75.5868779082691;CHOQUE;VEHICULO;NO REPORTADO;RESIDENCIAL;Normal;Semaforo en rojo
2300494;27/05/2023;11:40:00 a. m.;Sábado;2023;Mayo;MOTOCICLETA;PARTICULAR;Motociclista;48;FEMENINO;HERIDOS;0;0;0;;CARRERA 43A CALLE 33BSUR ;;SAN MARCOS;6.173410349851668, -75.5868779082691;CHOQUE;VEHICULO;NO REPORTADO;RESIDENCIAL;Normal;Semaforo en rojo
2300495;26/05/2023;7:00:00 a. m.;Viernes;2023;Mayo;MOTOCICLETA;PARTICULAR;Motociclista;45;FEMENINO;HERIDOS;0;0;0;;CARRERA 27 CALLE 36SUR 199;;LA INMACULADA;6.164828, -75.569909;CAIDA OCUPANTE;NO REPORTADO;NO REPORTADO;RESIDENCIAL;Lluvia;Impericia en el manejo
2300495;26/05/2023;7:00:00 a. m.;Viernes;2023;Mayo;MOTOCICLETA;PARTICULAR;Acompañante;23;FEMENINO;HERIDOS;0;0;0;;CARRERA 27 CALLE 36SUR 199;;LA INMACULADA;6.164828, -75.569909;CAIDA OCUPANTE;NO REPORTADO;NO REPORTADO;RESIDENCIAL;Lluvia;Impericia en el manejo
2300496;26/05/2023;7:00:00 a. m.;Viernes;2023;Mayo;MOTOCICLETA;PARTICULAR;Motociclista;36;FEMENINO;HERIDOS;0;0;0;;CARRERA 48 CALLE 38BSUR 14;;LAS VEGAS;6.171980, -75.593422;CHOQUE;VEHICULO;NO REPORTADO;RESIDENCIAL;Normal;No mantener distancia de seguridad
2300497;26/05/2023;2:00:00 p. m.;Viernes;2023;Mayo;CAMIONETA;PARTICULAR;Conductor;29;FEMENINO;HERIDOS;0;0;0;;CARRERA 50 CALLE 31SUR ;;LAS VEGAS;6.179755, -75.591044;CHOQUE;VEHICULO;NO REPORTADO;INDUSTRIAL;Normal;No mantener distancia de seguridad
2300498;27/05/2023;7:40:00 a. m.;Sábado;2023;Mayo;MOTOCICLETA;PARTICULAR;Motociclista;22;MASCULINO;HERIDOS;0;0;0;;CARRERA 48 FRENTE AL # 25ASUR 70;;LAS VEGAS;6.185111820648033, -75.58322120508006;CHOQUE;VEHICULO;NO REPORTADO;NO REPORTA;Normal;Adelantar cerrando
2300499;26/05/2023;6:35:00 p. m.;Viernes;2023;Mayo;MOTOCICLETA;PARTICULAR;Acompañante;30;MASCULINO;HERIDOS;0;0;0;;CALLE 36DSUR CARRERA 27;;LA PRADERA;6.162273253618032, -75.57027036905892;CHOQUE;VEHICULO;NO REPORTADO;NO REPORTA;Normal;No mantener distancia de seguridad
2300499;26/05/2023;6:35:00 p. m.;Viernes;2023;Mayo;MOTOCICLETA;PARTICULAR;Motociclista;57;MASCULINO;HERIDOS;0;0;0;;CALLE 36DSUR CARRERA 27;;LA PRADERA;6.162273253618032, -75.57027036905892;CHOQUE;VEHICULO;NO REPORTADO;NO REPORTA;Normal;No mantener distancia de seguridad
2300500;25/05/2023;3:40:00 p. m.;Jueves;2023;Mayo;MOTOCICLETA;PARTICULAR;Motociclista;27;MASCULINO;HERIDOS;0;0;0;;CALLE 39 SUR CARRERA 33;;MESA;6.164896049003437, -75.58302396980704;CHOQUE;VEHICULO;NO REPORTADO;NO REPORTA;Lluvia;Desobedecer señales
2300501;29/05/2023;4:06:00 p. m.;Lunes;2023;Mayo;MOTOCICLETA;PARTICULAR;Motociclista;30;MASCULINO;HERIDOS;0;0;0;;CARRERA 48 CALLE 37SUR;;LAS VEGAS;6.173473352424915, -75.59256588595376;CHOQUE;VEHICULO;NO REPORTADO;NO REPORTA;Normal;Desobedecer señales
2300502;28/05/2023;6:15:00 p. m.;Domingo;2023;Mayo;BICICLETA;;Ciclista;32;MASCULINO;HERIDOS;0;0;0;;CARRERA 24D FRENTE A  #40SUR-65;;EL SALADO;6.146703, -75.577175;CHOQUE;OBJETO FIJO;VEHICULO ESTACIONADO;NO REPORTA;Normal;Otra-Conductor
2300503;29/05/2023;7:10:00 a. m.;Lunes;2023;Mayo;MOTOCICLETA;PARTICULAR;Acompañante;26;FEMENINO;HERIDOS;0;0;0;;KILOMETRO 8+730;retiro varia palmas enviga (km 5+43 - km 14+ 550);VEREDA PERICO;6.1707569923450745, -75.50017778026591;CHOQUE;VEHICULO;NO REPORTADO;NO REPORTA;Normal;Girar bruscamente
2300503;29/05/2023;7:10:00 a. m.;Lunes;2023;Mayo;MOTOCICLETA;PARTICULAR;Motociclista;40;MASCULINO;HERIDOS;0;0;0;;KILOMETRO 8+730;retiro varia palmas enviga (km 5+43 - km 14+ 550);VEREDA PERICO;6.1707569923450745, -75.50017778026591;CHOQUE;VEHICULO;NO REPORTADO;NO REPORTA;Normal;Girar bruscamente
2300504;30/05/2023;9:25:00 a. m.;Martes;2023;Mayo;MOTOCICLETA;PARTICULAR;Acompañante;51;FEMENINO;HERIDOS;0;0;0;;CARRERA 48 FRENTE #32BSUR-139;;LAS VEGAS;6.1762844337092, -75.5907449535185;CHOQUE;VEHICULO;NO REPORTADO;NO REPORTA;Normal;No mantener distancia de seguridad
2300505;30/05/2023;7:40:00 a. m.;Martes;2023;Mayo;MOTOCICLETA;PARTICULAR;Motociclista;21;MASCULINO;HERIDOS;0;0;0;;CARRERA 50 ENTRE CALLES 39SURy CALLE 43SUR;;LAS VEGAS;6.173050162315114, -75.59837352917177;ATROPELLO;NO REPORTADO;NO REPORTADO;NO REPORTA;Normal;Impericia en el manejo
2300505;30/05/2023;7:40:00 a. m.;Martes;2023;Mayo;MOTOCICLETA;PARTICULAR;Acompañante;27;FEMENINO;HERIDOS;0;0;0;;CARRERA 50 ENTRE CALLES 39SURy CALLE 43SUR;;LAS VEGAS;6.173050162315114, -75.59837352917177;ATROPELLO;NO REPORTADO;NO REPORTADO;NO REPORTA;Normal;Impericia en el manejo
2300506;30/05/2023;7:04:00 a. m.;Martes;2023;Mayo;MOTOCICLETA;PARTICULAR;Motociclista;24;MASCULINO;HERIDOS;0;0;0;;CARRERA 50 ENTRE CALLE 35SUR y CALLE 32BSUR;;LAS VEGAS;6.177469609367536, -75.59241231610416;CHOQUE;VEHICULO;NO REPORTADO;NO REPORTA;Normal;No mantener distancia de seguridad
2300506;30/05/2023;7:04:00 a. m.;Martes;2023;Mayo;MOTOCICLETA;PARTICULAR;Acompañante;29;FEMENINO;HERIDOS;0;0;0;;CARRERA 50 ENTRE CALLE 35SUR y CALLE 32BSUR;;LAS VEGAS;6.177469609367536, -75.59241231610416;CHOQUE;VEHICULO;NO REPORTADO;NO REPORTA;Normal;No mantener distancia de seguridad
2300506;30/05/2023;7:04:00 a. m.;Martes;2023;Mayo;MOTOCICLETA;PARTICULAR;Motociclista;27;FEMENINO;HERIDOS;0;0;0;;CARRERA 50 ENTRE CALLE 35SUR y CALLE 32BSUR;;LAS VEGAS;6.177469609367536, -75.59241231610416;CHOQUE;VEHICULO;NO REPORTADO;NO REPORTA;Normal;No mantener distancia de seguridad
2300507;31/05/2023;10:05:00 p. m.;Miércoles;2023;Mayo;AUTOMOVIL;PARTICULAR;Acompañante;37;FEMENINO;HERIDOS;0;0;0;;TRANSVERSAL 32 FRENTE AL #32BSUR-38;;LA MAGNOLIA;6.175824346729595, -75.58379443894474;CHOQUE;OBJETO FIJO;MURO;NO REPORTA;Normal;Impericia en el manejo
2300508;31/05/2023;1:42:00 p. m.;Miércoles;2023;Mayo;CAMION;OFICIAL;Acompañante;43;MASCULINO;HERIDOS;0;0;0;;CALLE 48FSUR FRENTE AL #39B-224;;LOMA DEL BARRO;6.156455933787587, -75.59793095067182;CHOQUE;OBJETO FIJO;POSTE;NO REPORTA;Normal;Fallas en los frenos
2300509;2/06/2023;12:10:00 p. m.;Viernes;2023;Junio;MOTOCICLETA;PARTICULAR;Motociclista;45;MASCULINO;HERIDOS;0;0;0;;KILOMETRO 11+400;retiro varia palmas enviga (km 5+43 - km 14+ 550);VEREDA PALMAS;6.163103200365872, -75.51499563015662;CHOQUE;VEHICULO;NO REPORTADO;NO REPORTA;Normal;Adelantar por la derecha
2300510;31/05/2023;7:10:00 p. m.;Miércoles;2023;Mayo;MOTOCICLETA;PARTICULAR;Motociclista;27;MASCULINO;HERIDOS;0;0;0;;CALLE 38SUR CARRERA 29A;;MESA;6.164960071708817, -75.58081201149544;CHOQUE;VEHICULO;NO REPORTADO;NO REPORTA;Normal;Otra-Conductor
2300511;31/05/2023;8:25:00 a. m.;Miércoles;2023;Mayo;AUTOMOVIL;PARTICULAR;Conductor;36;FEMENINO;HERIDOS;0;0;0;;KILOMETRO 11+950;medellín palmas envigado (km 12 - km 16+700);VEREDA PALMAS;6.174476139520909, -75.54645397439269;CHOQUE;VEHICULO;NO REPORTADO;NO REPORTA;Normal;No mantener distancia de seguridad
2300512;1/06/2023;4:52:00 p. m.;Jueves;2023;Junio;BICICLETA;;Ciclista;29;MASCULINO;HERIDOS;0;0;0;;KILOMETRO 16+440;medellín palmas envigado (km 12 - km 16+700);VEREDA PALMAS;6.154259897574789, -75.53580679103496;CHOQUE;VEHICULO;NO REPORTADO;NO REPORTA;Normal;Desobedecer señales
2300513;31/05/2023;9:10:00 a. m.;Miércoles;2023;Mayo;AUTOMOVIL;PARTICULAR;Conductor;58;MASCULINO;HERIDOS;0;0;0;;CALLE 37SUR CARRERA 50;;LAS VEGAS;6.175400819875135, -75.59516490304988;CHOQUE;VEHICULO;NO REPORTADO;NO REPORTA;Normal;No mantener distancia de seguridad
2300514;1/06/2023;7:15:00 p. m.;Jueves;2023;Junio;MOTOCICLETA;PARTICULAR;Motociclista;19;MASCULINO;HERIDOS;0;0;0;;CALLE 40FSUR CARRERA 40A;;EL DORADO;6.165043529964812, -75.58987575111036;CHOQUE;VEHICULO;NO REPORTADO;NO REPORTA;Normal;Desobedecer señales
2300515;1/06/2023;7:45:00 a. m.;Jueves;2023;Junio;MOTOCICLETA;PARTICULAR;Acompañante;59;MASCULINO;HERIDOS;0;0;0;;CARRERA 48 FRENTE A # 46SUR-150;;LAS VEGAS;6.1654304594401115, -75.60014866920241;CAIDA OCUPANTE;NO REPORTADO;NO REPORTADO;NO REPORTA;Normal;Impericia en el manejo
2300516;2/06/2023;3:30:00 p. m.;Viernes;2023;Junio;BICICLETA;;Ciclista;15;MASCULINO;HERIDOS;0;0;0;;CALLE 45 SUR CARRERA 42D;;LA PAZ;6.164383695421324, -75.59376947809535;CHOQUE;VEHICULO;NO REPORTADO;NO REPORTA;Normal;No mantener distancia de seguridad
2300517;1/06/2023;7:15:00 p. m.;Jueves;2023;Junio;MOTOCICLETA;PARTICULAR;Motociclista;33;MASCULINO;HERIDOS;0;0;0;;CALLE 40FSUR FRENTE AL #25A-66;;LA MINA;6.154965064694162, -75.58240757809547;CHOQUE;VEHICULO;NO REPORTADO;NO REPORTA;Normal;No respetar prelacion
2300518;2/06/2023;6:30:00 a. m.;Viernes;2023;Junio;MOTOCICLETA;PARTICULAR;Motociclista;37;MASCULINO;HERIDOS;0;0;0;;CARRERA 50 CALLE 37SUR;;LAS VEGAS;6.175260392639204, -75.59516614686959;CHOQUE;VEHICULO;NO REPORTADO;NO REPORTA;Normal;Otra-Conductor
2300519;2/06/2023;8:00:00 p. m.;Viernes;2023;Junio;MOTOCICLETA;PARTICULAR;Motociclista;27;MASCULINO;HERIDOS;0;0;0;;KILOMETRO 13+70;retiro varia palmas enviga (km 5+43 - km 14+ 550);VEREDA PALMAS;6.159703368342074, -75.52660582478092;CAIDA OCUPANTE;NO REPORTADO;NO REPORTADO;NO REPORTA;Normal;Impericia en el manejo
2300519;2/06/2023;8:00:00 p. m.;Viernes;2023;Junio;MOTOCICLETA;PARTICULAR;Acompañante;24;FEMENINO;HERIDOS;0;0;0;;KILOMETRO 13+70;retiro varia palmas enviga (km 5+43 - km 14+ 550);VEREDA PALMAS;6.159703368342074, -75.52660582478092;CAIDA OCUPANTE;NO REPORTADO;NO REPORTADO;NO REPORTA;Normal;Impericia en el manejo
2300520;2/06/2023;6:55:00 a. m.;Viernes;2023;Junio;MOTOCICLETA;PARTICULAR;Acompañante;21;MASCULINO;HERIDOS;0;0;0;;CARRERA 50 FRENTE # 39SUR 100;;LAS VEGAS;6.177946357445537, -75.59258827994603;CHOQUE;VEHICULO;NO REPORTADO;NO REPORTA;Normal;No mantener distancia de seguridad
2300521;3/06/2023;10:40:00 a. m.;Sábado;2023;Junio;MOTOCICLETA;PARTICULAR;Motociclista;25;MASCULINO;HERIDOS;0;0;0;;KILOMETRO 16+480 MEDELLIN-ENVIGADO;medellín palmas envigado (km 12 - km 16+700);VEREDA PALMAS;6.154058863314664, -75.53388149993117;CHOQUE;VEHICULO;NO REPORTADO;NO REPORTA;Normal;No mantener distancia de seguridad
2300522;3/06/2023;8:10:00 p. m.;Sábado;2023;Junio;MOTOCICLETA;PARTICULAR;Peaton;40;FEMENINO;HERIDOS;0;0;0;;CARRERA 43 CALLE 32SUR;;ZONA CENTRO;6.1752757913073015, -75.58528462561307;ATROPELLO;NO REPORTADO;NO REPORTADO;NO REPORTA;Normal;Cruzar sin observar
2300523;4/06/2023;9:20:00 p. m.;Domingo;2023;Junio;MOTOCICLETA;PARTICULAR;Motociclista;17;MASCULINO;HERIDOS;0;0;0;;TRANSVERSAL 36SUR DIAGONAL31;;LA SEBASTIANA;6.168206482271365, -75.58032601533802;CHOQUE;VEHICULO;NO REPORTADO;NO REPORTA;Normal;Adelantar por la derecha
2300524;5/06/2023;12:45:00 p. m.;Lunes;2023;Junio;MOTOCICLETA;PARTICULAR;Motociclista;53;MASCULINO;HERIDOS;0;0;0;;KILOMETRO 12+400 ;medellín palmas envigado (km 12 - km 16+700);VEREDA PALMAS;6.141237574896154, -75.52194411606237;CHOQUE;VEHICULO;NO REPORTADO;NO REPORTA;Normal;No mantener distancia de seguridad
2300525;5/06/2023;9:30:00 a. m.;Lunes;2023;Junio;CAMIONETA;PARTICULAR;Conductor;53;FEMENINO;HERIDOS;0;0;0;;CARRERA 43 #40CSUR 86;;EL DORADO;6.167141, -75.590565;CHOQUE;OBJETO FIJO;POSTE;NO REPORTA;Normal;Impericia en el manejo
2300526;2/06/2023;9:30:00 p. m.;Viernes;2023;Junio;MOTOCICLETA;PARTICULAR;Motociclista;23;MASCULINO;HERIDOS;0;0;0;;KILOMETRO 12+900;medellín palmas envigado (km 12 - km 16+700);VEREDA PALMAS;6.166713137199221, -75.54499364563978;CHOQUE;VEHICULO;NO REPORTADO;NO REPORTA;Normal;Adelantar en curva  -  Vehiculo mal estacionado
2300526;2/06/2023;9:30:00 p. m.;Viernes;2023;Junio;MOTOCICLETA;PARTICULAR;Acompañante;25;FEMENINO;HERIDOS;0;0;0;;KILOMETRO 12+900;medellín palmas envigado (km 12 - km 16+700);VEREDA PALMAS;6.166713137199221, -75.54499364563978;CHOQUE;VEHICULO;NO REPORTADO;NO REPORTA;Normal;Adelantar en curva  -  Vehiculo mal estacionado
2300527;6/06/2023;6:20:00 a. m.;Martes;2023;Junio;MOTOCICLETA;PARTICULAR;Peaton;58;MASCULINO;HERIDOS;0;0;0;;CALLE 38ASUR CARRERA 36;;MESA;6.166566181171374, -75.5841435975677;ATROPELLO;NO REPORTADO;NO REPORTADO;NO REPORTA;Normal;Desobedecer señales
2300528;6/06/2023;10:05:00 a. m.;Martes;2023;Junio;MICROBUS;PUBLICO;Pasajero;62;FEMENINO;HERIDOS;0;0;0;;CARRERA 43A FRENTE AL #45B-81;;PRIMAVERA;6.164469, -75.595670;CAIDA OCUPANTE;NO REPORTADO;NO REPORTADO;NO REPORTA;Normal;Otra-Pasajero-Acompañante
2300529;6/06/2023;9:00:00 p. m.;Martes;2023;Junio;MOTOCICLETA;OFICIAL;Motociclista;54;MASCULINO;HERIDOS;0;0;0;;DIAGONAL 32 ENTRE TRANSVERSAL 35ASUR y TRANSVERSAL 34ESUR;;LOS NARANJOS;6.170255662301037, -75.58080050347229;CAIDA OCUPANTE;NO REPORTADO;NO REPORTADO;NO REPORTA;Normal;Obstaculos en la via
2300530;5/06/2023;4:00:00 p. m.;Lunes;2023;Junio;MOTOCICLETA;PARTICULAR;Acompañante;41;MASCULINO;HERIDOS;0;0;0;;CALLE 36DSUR FRENTE AL #26A-30;;VEREDA EL ESCOBERO;6.161658016540858, -75.56908507923133;CHOQUE;VEHICULO;NO REPORTADO;NO REPORTA;Normal;Adelantar invadiendo carril de sentido contrario
2300530;5/06/2023;4:00:00 p. m.;Lunes;2023;Junio;MOTOCICLETA;PARTICULAR;Motociclista;36;MASCULINO;HERIDOS;0;0;0;;CALLE 36DSUR FRENTE AL #26A-30;;VEREDA EL ESCOBERO;6.161658016540858, -75.56908507923133;CHOQUE;VEHICULO;NO REPORTADO;NO REPORTA;Normal;Adelantar invadiendo carril de sentido contrario
2300531;6/06/2023;8:02:00 a. m.;Martes;2023;Junio;MOTOCICLETA;PARTICULAR;Motociclista;37;MASCULINO;HERIDOS;0;0;0;;CARRERA 48 FRENTE AL #44SUR-95;;LAS VEGAS;6.166771941644055, -75.59901618217762;CHOQUE;VEHICULO;NO REPORTADO;NO REPORTA;Normal;Girar bruscamente
2300532;6/06/2023;12:30:00 p. m.;Martes;2023;Junio;MOTOCICLETA;PARTICULAR;Acompañante;29;FEMENINO;HERIDOS;0;0;0;;CALLE 26BSUR CARRERA 42B;;LAS ORQUIDEAS;6.1768816465437, -75.58010123676172;CHOQUE;VEHICULO;NO REPORTADO;NO REPORTA;Normal;Desobedecer señales  -  No respetar prelacion
2300533;8/06/2023;11:08:00 p. m.;Jueves;2023;Junio;AUTOMOVIL;PARTICULAR;Acompañante;23;MASCULINO;HERIDOS;0;0;0;;KILOMETRO 12+820;medellín palmas envigado (km 12 - km 16+700);VEREDA PALMAS;6.167214, -75.545287;ATROPELLO;NO REPORTADO;NO REPORTADO;NO REPORTA;Normal;Exceso de velocidad  -  Impericia en el manejo
2300533;8/06/2023;11:08:00 p. m.;Jueves;2023;Junio;AUTOMOVIL;PARTICULAR;Peaton;37;MASCULINO;MUERTOS;0;0;0;;KILOMETRO 12+820;medellín palmas envigado (km 12 - km 16+700);VEREDA PALMAS;6.167214, -75.545287;ATROPELLO;NO REPORTADO;NO REPORTADO;NO REPORTA;Normal;Exceso de velocidad  -  Impericia en el manejo
2300533;8/06/2023;11:08:00 p. m.;Jueves;2023;Junio;AUTOMOVIL;PARTICULAR;Peaton;22;MASCULINO;HERIDOS;0;0;0;;KILOMETRO 12+820;medellín palmas envigado (km 12 - km 16+700);VEREDA PALMAS;6.167214, -75.545287;ATROPELLO;NO REPORTADO;NO REPORTADO;NO REPORTA;Normal;Exceso de velocidad  -  Impericia en el manejo
2300533;8/06/2023;11:08:00 p. m.;Jueves;2023;Junio;AUTOMOVIL;PARTICULAR;Peaton;37;MASCULINO;MUERTOS;0;0;0;;KILOMETRO 12+820;medellín palmas envigado (km 12 - km 16+700);VEREDA PALMAS;6.167214, -75.545287;ATROPELLO;NO REPORTADO;NO REPORTADO;NO REPORTA;Normal;Exceso de velocidad  -  Impericia en el manejo
2300533;8/06/2023;11:08:00 p. m.;Jueves;2023;Junio;MOTOCICLETA;PARTICULAR;Motociclista;22;MASCULINO;HERIDOS;0;0;0;;KILOMETRO 12+820;medellín palmas envigado (km 12 - km 16+700);VEREDA PALMAS;6.167214, -75.545287;ATROPELLO;NO REPORTADO;NO REPORTADO;NO REPORTA;Normal;Exceso de velocidad  -  Impericia en el manejo
2300534;6/06/2023;4:55:00 p. m.;Martes;2023;Junio;BICICLETA;;Ciclista;55;MASCULINO;HERIDOS;0;0;0;;CALLE 25SUR CARRERA 45;;BOSQUES DE ZUÑIGA;6.182592303911902, -75.58198375936666;CHOQUE;VEHICULO;NO REPORTADO;NO REPORTA;Normal;Desobedecer señales
2300535;7/06/2023;12:40:00 p. m.;Miércoles;2023;Junio;MOTOCICLETA;PARTICULAR;Motociclista;24;MASCULINO;HERIDOS;0;0;0;;CARRERA 43A CALLE 52SUR;;LOMA DEL BARRO;6.15885181305704, -75.60377997269569;CHOQUE;VEHICULO;NO REPORTADO;NO REPORTA;Normal;No mantener distancia de seguridad
2300536;7/06/2023;7:30:00 p. m.;Miércoles;2023;Junio;MOTOCICLETA;PARTICULAR;Motociclista;25;MASCULINO;HERIDOS;0;0;0;;CARRERA 48 ENTRE CALLE 40 SUR y CALLE 39SUR;;LAS VEGAS;6.1713911132882675, -75.59434354330273;CAIDA OCUPANTE;NO REPORTADO;NO REPORTADO;NO REPORTA;Normal;Impericia en el manejo
2300537;10/06/2023;7:30:00 p. m.;Sábado;2023;Junio;MOTOCICLETA;PARTICULAR;Motociclista;24;MASCULINO;MUERTOS;0;0;0;;KILOMETRO 14+330;retiro varia palmas enviga (km 5+43 - km 14+ 550);VEREDA PALMAS;6.154905, -75.531139;CHOQUE;VEHICULO;NO REPORTADO;NO REPORTA;Normal;Desobedecer señales
2300538;9/06/2023;10:50:00 a. m.;Viernes;2023;Junio;MOTOCICLETA;PARTICULAR;Motociclista;37;MASCULINO;HERIDOS;0;0;0;;CARRERA 40 CALLE 36SUR;;ZONA CENTRO;6.170074292152672, -75.58504363652088;CHOQUE;VEHICULO;NO REPORTADO;NO REPORTA;Normal;Embriaguez aparente  -  Impericia en el manejo
2300539;11/06/2023;12:10:00 a. m.;Domingo;2023;Junio;AUTOMOVIL;PARTICULAR;Acompañante;20;MASCULINO;HERIDOS;0;0;0;;KILOMETRO 12+960;medellín palmas envigado (km 12 - km 16+700);VEREDA PALMAS;6.165955797133497, -75.54530478187485;CHOQUE;OBJETO FIJO;VEHICULO ESTACIONADO;NO REPORTA;Lluvia;Embriaguez o droga
2300539;11/06/2023;12:10:00 a. m.;Domingo;2023;Junio;AUTOMOVIL;PARTICULAR;Conductor;33;MASCULINO;HERIDOS;0;0;0;;KILOMETRO 12+960;medellín palmas envigado (km 12 - km 16+700);VEREDA PALMAS;6.165955797133497, -75.54530478187485;CHOQUE;OBJETO FIJO;VEHICULO ESTACIONADO;NO REPORTA;Lluvia;Embriaguez o droga