NRO_RADICADO;FECHA_ACCIDENTE;HORA_ACCIDENTE;Día de la semana;AÑO;MES;CLASE_VEHICULO;TIPO_SERVICIO;TIPO_VICTIMA;EDAD;GENERO;GRAVEDAD;ESTADO_BEODEZ;ESTADO_DROGA;RESULTADO_BEODEZ;RESUL_BEODEZ_GRAMOS;DIRECCION_CARACT_VIA;TRAMO_VIA;LOCALIDAD_O_COMUNA;    GEORREFERENCIACIÓN;DESC_CLASE_ACCIDENTE;DESC_CHOQUE_ACCIDENTE;DESC_OBJETO_FIJO;DESC_SECTOR_ACCIDENTE;CONDICION_CLIMATICA;CAUSA_ACCIDENTE
2300539;11/06/2023;12:10:00 a. m.;Domingo;2023;Junio;AUTOMOVIL;PARTICULAR;Acompañante;22;FEMENINO;HERIDOS;0;0;0;;KILOMETRO 12+960;medellín palmas envigado (km 12 - km 16+700);VEREDA PALMAS;6.165955797133497, -75.54530478187485;CHOQUE;OBJETO FIJO;VEHICULO ESTACIONADO;NO REPORTA;Lluvia;Embriaguez o droga
2300539;11/06/2023;12:10:00 a. m.;Domingo;2023;Junio;AUTOMOVIL;PARTICULAR;Acompañante;26;FEMENINO;HERIDOS;0;0;0;;KILOMETRO 12+960;medellín palmas envigado (km 12 - km 16+700);VEREDA PALMAS;6.165955797133497, -75.54530478187485;CHOQUE;OBJETO FIJO;VEHICULO ESTACIONADO;NO REPORTA;Lluvia;Embriaguez o droga
2300539;11/06/2023;12:10:00 a. m.;Domingo;2023;Junio;AUTOMOVIL;PARTICULAR;Acompañante;21;FEMENINO;HERIDOS;0;0;0;;KILOMETRO 12+960;medellín palmas envigado (km 12 - km 16+700);VEREDA PALMAS;6.165955797133497, -75.54530478187485;CHOQUE;OBJETO FIJO;VEHICULO ESTACIONADO;NO REPORTA;Lluvia;Embriaguez o droga
2300539;11/06/2023;12:10:00 a. m.;Domingo;2023;Junio;CAMPERO;PARTICULAR;Conductor;24;FEMENINO;HERIDOS;1;0;2;140;KILOMETRO 12+960;medellín palmas envigado (km 12 - km 16+700);VEREDA PALMAS;6.165955797133497, -75.54530478187485;CHOQUE;OBJETO FIJO;VEHICULO ESTACIONADO;NO REPORTA;Lluvia;Embriaguez o droga
2300540;8/06/2023;3:13:00 p. m.;Jueves;2023;Junio;CAMIONETA;PARTICULAR;Acompañante;37;MASCULINO;HERIDOS;0;0;0;;CALLE 36DSUR FRENTE AL #27-160;;LA PRADERA;6.163082913394018, -75.57171950426468;CHOQUE;VEHICULO;NO REPORTADO;NO REPORTA;Normal;Fallas en los frenos
2300540;8/06/2023;3:13:00 p. m.;Jueves;2023;Junio;CAMIONETA;PUBLICO;Acompañante;60;MASCULINO;HERIDOS;0;0;0;;CALLE 36DSUR FRENTE AL #27-160;;LA PRADERA;6.163082913394018, -75.57171950426468;CHOQUE;VEHICULO;NO REPORTADO;NO REPORTA;Normal;Fallas en los frenos
2300541;10/06/2023;1:25:00 a. m.;Sábado;2023;Junio;MOTOCICLETA;PARTICULAR;Motociclista;23;MASCULINO;MUERTOS;0;0;0;;CARRERA 50 CALLE 25SUR;;LAS VEGAS;6.187689, -75.583712;CHOQUE;OBJETO FIJO;OTRO TIPO;NO REPORTA;Normal;Exceso de velocidad
2300542;9/06/2023;10:40:00 p. m.;Viernes;2023;Junio;MOTOCICLETA;PARTICULAR;Acompañante;18;FEMENINO;HERIDOS;0;0;0;;KILOMETRO 11+280;retiro varia palmas enviga (km 5+43 - km 14+ 550);VEREDA PANTANILLO;6.163371636200343, -75.51412175529742;CHOQUE;OBJETO FIJO;BARANDA;NO REPORTA;Normal;Impericia en el manejo
2300542;9/06/2023;10:40:00 p. m.;Viernes;2023;Junio;MOTOCICLETA;PARTICULAR;Motociclista;21;MASCULINO;HERIDOS;0;0;0;;KILOMETRO 11+280;retiro varia palmas enviga (km 5+43 - km 14+ 550);VEREDA PANTANILLO;6.163371636200343, -75.51412175529742;CHOQUE;OBJETO FIJO;BARANDA;NO REPORTA;Normal;Impericia en el manejo
2300544;8/06/2023;11:50:00 a. m.;Jueves;2023;Junio;MOTOCICLETA;PARTICULAR;Motociclista;22;MASCULINO;HERIDOS;0;0;0;;TRANSVERSAL 34SUR DIAGONAL 32D;;OBRERO;6.172358427119941, -75.5831510115968;CHOQUE;VEHICULO;NO REPORTADO;NO REPORTA;Normal;Desobedecer señales  -  No respetar pelacion de interseccion o giros
2300545;9/06/2023;8:15:00 a. m.;Viernes;2023;Junio;MOTOCICLETA;PARTICULAR;Motociclista;26;MASCULINO;HERIDOS;0;0;0;;CARRERA 50 FRENTE AL #39SUR-100;;LAS VEGAS;6.173303607160337, -75.59788796574267;CHOQUE;VEHICULO;NO REPORTADO;NO REPORTA;Normal;Desobedecer señales
2300545;9/06/2023;8:15:00 a. m.;Viernes;2023;Junio;MOTOCICLETA;PARTICULAR;Motociclista;33;FEMENINO;HERIDOS;0;0;0;;CARRERA 50 FRENTE AL #39SUR-100;;LAS VEGAS;6.173303607160337, -75.59788796574267;CHOQUE;VEHICULO;NO REPORTADO;NO REPORTA;Normal;Desobedecer señales
2300546;9/06/2023;2:40:00 p. m.;Viernes;2023;Junio;MOTOCICLETA;PARTICULAR;Motociclista;59;MASCULINO;HERIDOS;0;0;0;;CARRERA 40 FRENTE AL #37SUR-12;;ZONA CENTRO;6.169134213885924, -75.58562865174727;OTRO;NO REPORTADO;NO REPORTADO;NO REPORTA;Normal;Obstaculos en la via
2300547;9/06/2023;8:00:00 a. m.;Viernes;2023;Junio;MOTOCICLETA;PARTICULAR;Motociclista;32;MASCULINO;HERIDOS;0;0;0;;KILOMETRO 7+100;pantanill;VEREDA PANTANILLO;6.171218343967402, -75.49008715109834;CHOQUE;VEHICULO;NO REPORTADO;NO REPORTA;Normal;Adelantar cerrando
2300548;12/06/2023;5:05:00 p. m.;Lunes;2023;Junio;BUS;PUBLICO;Pasajero;33;MASCULINO;HERIDOS;0;0;0;;CARRERA 26 FRENTE AL #40ESUR-24;;LA MINA;6.156799742747772, -75.58250750696278;CAIDA OCUPANTE;NO REPORTADO;NO REPORTADO;NO REPORTA;Normal;Transitar con las puertas abiertas
2300549;10/06/2023;2:15:00 p. m.;Sábado;2023;Junio;MOTOCICLETA;PARTICULAR;Motociclista;18;MASCULINO;HERIDOS;0;0;0;;CALLE 40FSUR CARRERA 34;;SAN JOSE;6.162453944198409, -75.5857634137465;CHOQUE;VEHICULO;NO REPORTADO;NO REPORTA;Normal;No respetar pelacion de interseccion o giros
2300549;10/06/2023;2:15:00 p. m.;Sábado;2023;Junio;MOTOCICLETA;PARTICULAR;Acompañante;46;FEMENINO;HERIDOS;0;0;0;;CALLE 40FSUR CARRERA 34;;SAN JOSE;6.162453944198409, -75.5857634137465;CHOQUE;VEHICULO;NO REPORTADO;NO REPORTA;Normal;No respetar pelacion de interseccion o giros
2300550;11/06/2023;11:20:00 a. m.;Domingo;2023;Junio;MOTOCICLETA;PARTICULAR;Acompañante;41;FEMENINO;HERIDOS;0;0;0;;KILOMETRO 8;Vía a la catedral ;VEREDA EL VALLANO;6.127705192737043, -75.58625458370034;CAIDA OCUPANTE;NO REPORTADO;NO REPORTADO;NO REPORTA;Normal;Impericia en el manejo
2300551;11/06/2023;6:20:00 a. m.;Domingo;2023;Junio;BICICLETA;;Ciclista;58;MASCULINO;HERIDOS;0;0;0;;CARRERA 50 ENTRE CALLE 25AASUR Y CALLE 25ASUR;;LAS VEGAS;6.18538592533173, -75.58655180051775;CHOQUE;OBJETO FIJO;VEHICULO ESTACIONADO;NO REPORTA;Normal;Impericia en el manejo
2300552;13/06/2023;3:00:00 p. m.;Martes;2023;Junio;BUSETA;PUBLICO;Pasajero;66;FEMENINO;HERIDOS;0;0;0;;CALLE 40SUR FRENTE AL #24F-106;;EL SALADO;6.152087730045382, -75.57764115695616;CAIDA OCUPANTE;NO REPORTADO;NO REPORTADO;NO REPORTA;Normal;Arrancar sin precaucion
2300553;13/06/2023;3:40:00 p. m.;Martes;2023;Junio;MOTOCICLETA;PARTICULAR;Motociclista;20;MASCULINO;HERIDOS;0;0;0;;CALLE 36SUR FRENTE AL #23A-12;;VEREDA SANTA CATALINA;6.16739785884631, -75.56248605306669;CAIDA OCUPANTE;NO REPORTADO;NO REPORTADO;NO REPORTA;Normal;Impericia en el manejo
2300554;11/06/2023;1:30:00 p. m.;Domingo;2023;Junio;MOTOCICLETA;PARTICULAR;Acompañante;32;FEMENINO;HERIDOS;0;0;0;;CARRERA 40 CALLE 39SUR;;ZONA CENTRO;6.167224661719275, -75.58694596275201;CHOQUE;VEHICULO;NO REPORTADO;NO REPORTA;Normal;Impericia en el manejo
2300554;11/06/2023;1:30:00 p. m.;Domingo;2023;Junio;MOTOCICLETA;PARTICULAR;Motociclista;31;MASCULINO;HERIDOS;0;0;0;;CARRERA 40 CALLE 39SUR;;ZONA CENTRO;6.167224661719275, -75.58694596275201;CHOQUE;VEHICULO;NO REPORTADO;NO REPORTA;Normal;Impericia en el manejo
2300555;12/06/2023;9:30:00 p. m.;Lunes;2023;Junio;AUTOMOVIL;PARTICULAR;Conductor;31;FEMENINO;HERIDOS;0;0;0;;CALLE 39SUR ENTRE CARRERA 28 y CARRERA 29A;;SAN JOSE;6.161108626133845, -75.57984681066183;CHOQUE;VEHICULO;NO REPORTADO;NO REPORTA;Normal;Otra-Conductor
2300556;12/06/2023;5:10:00 p. m.;Lunes;2023;Junio;MOTOCICLETA;PARTICULAR;Motociclista;27;MASCULINO;HERIDOS;0;0;0;;CARRERA 48 CALLE 37SUR;;LAS VEGAS;6.173473352424915, -75.59256588595376;CHOQUE;VEHICULO;NO REPORTADO;NO REPORTA;Normal;No mantener distancia de seguridad
2300556;12/06/2023;5:10:00 p. m.;Lunes;2023;Junio;MOTOCICLETA;PARTICULAR;Acompañante;27;FEMENINO;HERIDOS;0;0;0;;CARRERA 48 CALLE 37SUR;;LAS VEGAS;6.173473352424915, -75.59256588595376;CHOQUE;VEHICULO;NO REPORTADO;NO REPORTA;Normal;No mantener distancia de seguridad
2300557;13/06/2023;11:31:00 p. m.;Martes;2023;Junio;MOTOCICLETA;PARTICULAR;Motociclista;18;MASCULINO;HERIDOS;0;0;0;;CARRERA 48 CALLE 30SUR;;LAS VEGAS;6.179496718217783, -75.58819458527805;CHOQUE;VEHICULO;NO REPORTADO;NO REPORTA;Normal;Desobedecer señales
2300557;13/06/2023;11:31:00 p. m.;Martes;2023;Junio;CAMIONETA;OFICIAL;Conductor;20;MASCULINO;HERIDOS;0;0;0;;CARRERA 48 CALLE 30SUR;;LAS VEGAS;6.179496718217783, -75.58819458527805;CHOQUE;VEHICULO;NO REPORTADO;NO REPORTA;Normal;Desobedecer señales
2300558;13/06/2023;8:40:00 a. m.;Martes;2023;Junio;MOTOCICLETA;PARTICULAR;Motociclista;38;MASCULINO;HERIDOS;0;0;0;;CARRERA 50 FRENTE AL #26SUR-60;;LAS VEGAS;6.184712412649557, -75.58738850395943;CHOQUE;OBJETO FIJO;OTRO TIPO;RESIDENCIAL;Normal;Impericia en el manejo
2300559;13/06/2023;6:55:00 a. m.;Martes;2023;Junio;BUS;PUBLICO;Pasajero;55;FEMENINO;HERIDOS;0;0;0;;DIAGONAL 40 FRENTE AL #33SUR-02;;BUCAREST;6.173416425485073, -75.58547910865825;CAIDA OCUPANTE;NO REPORTADO;NO REPORTADO;RESIDENCIAL;Normal;Frenar bruscamente
2300560;15/06/2023;3:00:00 p. m.;Jueves;2023;Junio;CAMIONETA;PARTICULAR;Peaton;24;FEMENINO;HERIDOS;0;0;0;;CALLE 25SUR FRENTE AL #42-70;;LAS ORQUIDEAS;6.179448345201709, -75.57931396956387;ATROPELLO;NO REPORTADO;NO REPORTADO;RESIDENCIAL;Normal;Otra-Conductor
2300561;14/06/2023;8:33:00 p. m.;Miércoles;2023;Junio;MOTOCICLETA;PARTICULAR;Motociclista;49;MASCULINO;HERIDOS;0;0;0;;CARRERA 43A CON CALLE 45BSUR;;LA PAZ;6.164836235830648, -75.59494411588204;CHOQUE;VEHICULO;NO REPORTADO;RESIDENCIAL;Normal;Desobedecer señales
2300561;14/06/2023;8:33:00 p. m.;Miércoles;2023;Junio;MOTOCICLETA;PARTICULAR;Motociclista;60;MASCULINO;HERIDOS;0;0;0;;CARRERA 43A CON CALLE 45BSUR;;LA PAZ;6.164836235830648, -75.59494411588204;CHOQUE;VEHICULO;NO REPORTADO;RESIDENCIAL;Normal;Desobedecer señales
2300562;15/06/2023;10:05:00 p. m.;Jueves;2023;Junio;AUTOMOVIL;PARTICULAR;Conductor;39;MASCULINO;HERIDOS;0;0;0;;KILOMETRO 12+920;retiro varia palmas enviga (km 5+43 - km 14+ 550);VEREDA PALMAS;6.159889447057277, -75.52529201260728;CHOQUE;VEHICULO;NO REPORTADO;;Normal;No mantener distancia de seguridad
2300563;13/06/2023;3:10:00 p. m.;Martes;2023;Junio;MOTOCICLETA;PARTICULAR;Motociclista;35;MASCULINO;HERIDOS;0;0;0;;CARRERA 43A CALLE 40SUR;;ALCALA;6.168213428520972, -75.59027852081695;CHOQUE;VEHICULO;NO REPORTADO;RESIDENCIAL;Normal;Desobedecer señales
2300564;19/06/2023;10:30:00 p. m.;Lunes;2023;Junio;MOTOCICLETA;PARTICULAR;Acompañante;28;FEMENINO;HERIDOS;1;0;2;140;CALLE 39SUR CARRERA 43A;;ALCALA;6.169060260797504, -75.58960265791028;CHOQUE;VEHICULO;NO REPORTADO;RESIDENCIAL;Normal;Embriaguez o droga  -  Semaforo en rojo
2300564;19/06/2023;10:30:00 p. m.;Lunes;2023;Junio;MOTOCICLETA;PARTICULAR;Motociclista;21;MASCULINO;HERIDOS;1;0;2;140;CALLE 39SUR CARRERA 43A;;ALCALA;6.169060260797504, -75.58960265791028;CHOQUE;VEHICULO;NO REPORTADO;RESIDENCIAL;Normal;Embriaguez o droga  -  Semaforo en rojo
2300564;19/06/2023;10:30:00 p. m.;Lunes;2023;Junio;MOTOCICLETA;PARTICULAR;Acompañante;18;FEMENINO;HERIDOS;0;0;0;;CALLE 39SUR CARRERA 43A;;ALCALA;6.169060260797504, -75.58960265791028;CHOQUE;VEHICULO;NO REPORTADO;RESIDENCIAL;Normal;Embriaguez o droga  -  Semaforo en rojo
2300564;19/06/2023;10:30:00 p. m.;Lunes;2023;Junio;MOTOCICLETA;PARTICULAR;Motociclista;23;MASCULINO;HERIDOS;0;0;0;;CALLE 39SUR CARRERA 43A;;ALCALA;6.169060260797504, -75.58960265791028;CHOQUE;VEHICULO;NO REPORTADO;RESIDENCIAL;Normal;Embriaguez o droga  -  Semaforo en rojo
2300565;15/06/2023;1:30:00 p. m.;Jueves;2023;Junio;MOTOCICLETA;PARTICULAR;Motociclista;44;MASCULINO;HERIDOS;0;0;0;;CALLE 25SUR ENTRE CARRERA 49 y CARRERA 50;;LAS VEGAS;6.186213352317876, -75.58372363226735;CHOQUE;VEHICULO;NO REPORTADO;RESIDENCIAL;Normal;No mantener distancia de seguridad
2300566;19/06/2023;11:50:00 a. m.;Lunes;2023;Junio;MOTOCICLETA;PARTICULAR;Motociclista;36;MASCULINO;HERIDOS;0;0;0;;CARRERA 50 ENTRE CALLE 46SUR y CALLE 43SUR;;LAS VEGAS;6.168173490438084, -75.60226584300804;CHOQUE;VEHICULO;NO REPORTADO;RESIDENCIAL;Normal;No mantener distancia de seguridad
2300566;19/06/2023;11:50:00 a. m.;Lunes;2023;Junio;MOTOCICLETA;PARTICULAR;Acompañante;23;MASCULINO;HERIDOS;0;0;0;;CARRERA 50 ENTRE CALLE 46SUR y CALLE 43SUR;;LAS VEGAS;6.168173490438084, -75.60226584300804;CHOQUE;VEHICULO;NO REPORTADO;RESIDENCIAL;Normal;No mantener distancia de seguridad
2300567;19/06/2023;9:00:00 p. m.;Lunes;2023;Junio;MOTOCICLETA;PARTICULAR;Acompañante;19;FEMENINO;HERIDOS;0;0;0;;CALLE 37SUR ENTRE CARRERA 49 y CARRERA 48;;LAS VEGAS;6.174655625303941, -75.59364666275188;CHOQUE;VEHICULO;NO REPORTADO;RESIDENCIAL;Normal;No mantener distancia de seguridad
2300568;15/06/2023;4:15:00 p. m.;Jueves;2023;Junio;MOTOCICLETA;PARTICULAR;Motociclista;60;MASCULINO;HERIDOS;0;0;0;;CALLE 40SUR CARRERA 29A;;SAN JOSE;6.162013293743022, -75.58217672995342;CHOQUE;VEHICULO;NO REPORTADO;RESIDENCIAL;Normal;No respetar pelacion de interseccion o giros
2300568;15/06/2023;4:15:00 p. m.;Jueves;2023;Junio;MOTOCICLETA;PARTICULAR;Motociclista;35;MASCULINO;HERIDOS;0;0;0;;CALLE 40SUR CARRERA 29A;;SAN JOSE;6.162013293743022, -75.58217672995342;CHOQUE;VEHICULO;NO REPORTADO;RESIDENCIAL;Normal;No respetar pelacion de interseccion o giros
2300569;16/06/2023;6:30:00 p. m.;Viernes;2023;Junio;MOTOCICLETA;PARTICULAR;Motociclista;21;MASCULINO;HERIDOS;0;0;0;;CALLE 40FSUR CARRERA 37;;EL DORADO;6.164232657356662, -75.58647941394932;CHOQUE;VEHICULO;NO REPORTADO;RESIDENCIAL;Normal;Adelantar en zona prohibida  -  Desobedecer señales
2300570;16/06/2023;6:10:00 p. m.;Viernes;2023;Junio;MOTOCICLETA;PARTICULAR;Motociclista;27;MASCULINO;HERIDOS;0;0;0;;KILOMETRO 12+360;medellín palmas envigado (km 12 - km 16+700);VEREDA PALMAS;6.1709248543201936, -75.54648173432255;CHOQUE;VEHICULO;NO REPORTADO;;Normal;Desobedecer señales
2300570;16/06/2023;6:10:00 p. m.;Viernes;2023;Junio;MOTOCICLETA;PARTICULAR;Motociclista;24;MASCULINO;HERIDOS;0;0;0;;KILOMETRO 12+360;medellín palmas envigado (km 12 - km 16+700);VEREDA PALMAS;6.1709248543201936, -75.54648173432255;CHOQUE;VEHICULO;NO REPORTADO;;Normal;Desobedecer señales
2300571;16/06/2023;5:15:00 p. m.;Viernes;2023;Junio;MOTOCICLETA;PARTICULAR;Motociclista;58;MASCULINO;HERIDOS;0;0;0;;CARRERA 50 ENTRE CALLE 39SUR y CALLE 43SUR;;LAS VEGAS;6.173083314928767, -75.59830284455242;CHOQUE;OBJETO FIJO;OTRO TIPO;RESIDENCIAL;Normal;Impericia en el manejo
2300572;17/06/2023;12:30:00 p. m.;Sábado;2023;Junio;MOTOCICLETA;PARTICULAR;Motociclista;26;MASCULINO;HERIDOS;0;0;0;;CARRERA 50 FRENTE AL #39SUR-100;;LAS VEGAS;6.173303607160337, -75.59788796574267;CHOQUE;VEHICULO;NO REPORTADO;RESIDENCIAL;Normal;Impericia en el manejo
2300573;17/06/2023;6:15:00 p. m.;Sábado;2023;Junio;AUTOMOVIL;PARTICULAR;Acompañante;40;FEMENINO;HERIDOS;0;0;0;;CALLE 37SUR FRENTE AL #39-36;;ZONA CENTRO;6.169445327704626, -75.5851134915878;CHOQUE;VEHICULO;NO REPORTADO;RESIDENCIAL;Normal;No mantener distancia de seguridad
2300573;17/06/2023;6:15:00 p. m.;Sábado;2023;Junio;AUTOMOVIL;PARTICULAR;Acompañante;40;FEMENINO;HERIDOS;0;0;0;;CALLE 37SUR FRENTE AL #39-36;;ZONA CENTRO;6.169445327704626, -75.5851134915878;CHOQUE;VEHICULO;NO REPORTADO;RESIDENCIAL;Normal;No mantener distancia de seguridad
2300574;17/06/2023;4:30:00 p. m.;Sábado;2023;Junio;MOTOCICLETA;PARTICULAR;Motociclista;25;FEMENINO;HERIDOS;0;0;0;;TRANSVERSAL 34SUR DIAGONAL 32D;;OBRERO;6.172863689240424, -75.58327665321059;CHOQUE;VEHICULO;NO REPORTADO;RESIDENCIAL;Normal;Desobedecer señales  -  No mantener distancia de seguridad
2300575;17/06/2023;8:00:00 a. m.;Sábado;2023;Junio;MOTOCICLETA;PARTICULAR;Motociclista;29;MASCULINO;HERIDOS;0;0;0;;KILOMETRO 8+980;peri;VEREDA PANTANILLO;6.169213049105033, -75.50119687364375;CHOQUE;VEHICULO;NO REPORTADO;;Normal;Desobedecer señales
2300576;17/06/2023;8:40:00 a. m.;Sábado;2023;Junio;MOTOCICLETA;PARTICULAR;Acompañante;37;FEMENINO;HERIDOS;0;0;0;;CALLE 36DSUR FRENTE AL #16-79;;VEREDA EL ESCOBERO;6.147966, -75.561468;CAIDA OCUPANTE;NO REPORTADO;NO REPORTADO;RESIDENCIAL;Normal;Impericia en el manejo
2300577;18/06/2023;1:00:00 p. m.;Domingo;2023;Junio;MOTOCICLETA;PARTICULAR;Motociclista;27;MASCULINO;HERIDOS;0;0;0;;KILOMETRO 8+750;retiro varia palmas enviga (km 5+43 - km 14+ 550);VEREDA PERICO;6.170751543971343, -75.50034012843396;CHOQUE;VEHICULO;NO REPORTADO;;Normal;Desobedecer señales
2300578;18/06/2023;8:30:00 a. m.;Domingo;2023;Junio;MOTOCICLETA;PARTICULAR;Acompañante;32;FEMENINO;HERIDOS;0;0;0;;KILOMETRO 12+380;medellín palmas envigado (km 12 - km 16+700);VEREDA PALMAS;6.170796854275235, -75.54623497110163;CHOQUE;VEHICULO;NO REPORTADO;;Normal;Adelantar por la derecha  -  Transitar uno al lado del otro
2300578;18/06/2023;8:30:00 a. m.;Domingo;2023;Junio;MOTOCICLETA;PARTICULAR;Motociclista;31;MASCULINO;HERIDOS;0;0;0;;KILOMETRO 12+380;medellín palmas envigado (km 12 - km 16+700);VEREDA PALMAS;6.170796854275235, -75.54623497110163;CHOQUE;VEHICULO;NO REPORTADO;;Normal;Adelantar por la derecha  -  Transitar uno al lado del otro
2300578;18/06/2023;8:30:00 a. m.;Domingo;2023;Junio;BICICLETA;;Ciclista;51;MASCULINO;HERIDOS;0;0;0;;KILOMETRO 12+380;medellín palmas envigado (km 12 - km 16+700);VEREDA PALMAS;6.170796854275235, -75.54623497110163;CHOQUE;VEHICULO;NO REPORTADO;;Normal;Adelantar por la derecha  -  Transitar uno al lado del otro
2300579;20/06/2023;3:40:00 p. m.;Martes;2023;Junio;MOTOCICLETA;DIPLOMATICO;Motociclista;22;MASCULINO;HERIDOS;0;0;0;;TRANSVERSAL 34DSUR DIAGONAL 32;;OBRERO;6.171676053856389, -75.58110714266394;CHOQUE;VEHICULO;NO REPORTADO;RESIDENCIAL;Normal;Impericia en el manejo  -  Vehiculo mal estacionado
2300580;21/06/2023;6:30:00 a. m.;Miércoles;2023;Junio;MOTOCICLETA;PARTICULAR;Motociclista;43;MASCULINO;HERIDOS;0;0;0;;CARRERA 50 CALLE 46ASUR;;LAS VEGAS;6.167500960972688, -75.60237622797503;CHOQUE;VEHICULO;NO REPORTADO;RESIDENCIAL;Normal;Adelantar invadiendo carril del mismo sentido en zigzag
2300581;20/06/2023;7:20:00 a. m.;Martes;2023;Junio;MOTOCICLETA;PARTICULAR;Motociclista;45;FEMENINO;HERIDOS;0;0;0;;CALLE 36CSUR ENTRE CARRERA 22 y CARRERA 23;;VEREDA EL ESCOBERO;6.151472607030317, -75.56327668635947;CHOQUE;VEHICULO;NO REPORTADO;RESIDENCIAL;Normal;Frenar bruscamente  -  No mantener distancia de seguridad
2300582;20/06/2023;4:20:00 p. m.;Martes;2023;Junio;AUTOMOVIL;PARTICULAR;Conductor;52;FEMENINO;HERIDOS;0;0;0;;CARRERA 41 CALLE 24SUR -05;;ZUÑIGA;6.180006388464395, -75.57717951672186;CHOQUE;VEHICULO;NO REPORTADO;RESIDENCIAL;Normal;No mantener distancia de seguridad
2300583;21/06/2023;6:50:00 a. m.;Miércoles;2023;Junio;MOTOCICLETA;PARTICULAR;Motociclista;36;MASCULINO;HERIDOS;0;0;0;;CARRERA 50 #48SUR-39;;LAS VEGAS;6.166045065160211, -75.60272927365098;CAIDA OCUPANTE;NO REPORTADO;NO REPORTADO;RESIDENCIAL;Normal;Impericia en el manejo
2300584;20/06/2023;1:00:00 p. m.;Martes;2023;Junio;MOTOCICLETA;PARTICULAR;Motociclista;58;MASCULINO;HERIDOS;0;0;0;;CARRERA 48 CALLE 44SUR;;LAS VEGAS;6.167695192893777, -75.59810456093707;CHOQUE;VEHICULO;NO REPORTADO;RESIDENCIAL;Normal;Otra-Conductor
2300585;21/06/2023;6:40:00 a. m.;Miércoles;2023;Junio;MOTOCICLETA;PARTICULAR;Motociclista;31;MASCULINO;HERIDOS;0;0;0;;CARRERA 50 ENTRE CALLE 49SUR y CALLE 48 SUR;;LAS VEGAS;6.164549658408236, -75.60311294356592;CHOQUE;VEHICULO;NO REPORTADO;RESIDENCIAL;Normal;No mantener distancia de seguridad
2300586;21/06/2023;5:15:00 p. m.;Miércoles;2023;Junio;MOTOCICLETA;PARTICULAR;Motociclista;48;MASCULINO;HERIDOS;0;0;0;;CALLE 37B SUR CARRERA 29A;;LOMA DE LAS BRUJAS;6.165827602162025, -75.58004835606563;CHOQUE;VEHICULO;NO REPORTADO;RESIDENCIAL;Normal;Desobedecer señales
2300587;22/06/2023;8:40:00 p. m.;Jueves;2023;Junio;AUTOMOVIL;PARTICULAR;Conductor;32;MASCULINO;HERIDOS;0;0;0;;DIAGONAL 31C FRENTE AL #33ASUR-130;;LAS FLORES;6.173022058974063, -75.58010498206785;CHOQUE;VEHICULO;NO REPORTADO;RESIDENCIAL;Normal;No mantener distancia de seguridad
2300588;22/06/2023;11:27:00 a. m.;Jueves;2023;Junio;MOTOCICLETA;PARTICULAR;Motociclista;24;MASCULINO;HERIDOS;0;0;0;;CARRERA 48 CALLE 25SUR;;LAS VEGAS;6.17764599065641, -75.59029135905024;CHOQUE;VEHICULO;NO REPORTADO;RESIDENCIAL;Normal;Semaforo en rojo
2300589;23/06/2023;6:11:00 a. m.;Viernes;2023;Junio;MOTOCICLETA;PARTICULAR;Motociclista;19;MASCULINO;HERIDOS;0;0;0;;CALLE 39SUR ENTRE CARRERA 28 y CARRERA 29A;;SAN JOSE;6.161095238795144, -75.57983761167168;CAIDA OCUPANTE;NO REPORTADO;NO REPORTADO;RESIDENCIAL;Normal;Superficie humeda
2300590;23/06/2023;1:00:00 p. m.;Viernes;2023;Junio;MOTOCICLETA;PARTICULAR;Peaton;39;MASCULINO;HERIDOS;0;0;0;;CALLE 38SUR FRENTE AL #44-120;;ALCALA;6.171137233591389, -75.59030134756703;ATROPELLO;NO REPORTADO;NO REPORTADO;RESIDENCIAL;Normal;Desobedecer señales  -  Transitar por la calzada
2300591;23/06/2023;6:11:00 a. m.;Viernes;2023;Junio;MOTOCICLETA;PARTICULAR;Motociclista;24;MASCULINO;HERIDOS;0;0;0;;CALLE 39SUR ENTRE CARRERA 28 y CARRERA 29A;;SAN JOSE;6.161125160966607, -75.57981158484166;CHOQUE;VEHICULO;NO REPORTADO;RESIDENCIAL;Lluvia;Adelantar invadiendo carril de sentido contrario
2300592;23/06/2023;6:40:00 a. m.;Viernes;2023;Junio;MOTOCICLETA;PARTICULAR;Motociclista;41;MASCULINO;HERIDOS;0;0;0;;KILOMETRO 13+270;medellín palmas envigado (km 12 - km 16+700);VEREDA PALMAS;6.163067809162195, -75.54563908126104;CAIDA OCUPANTE;NO REPORTADO;NO REPORTADO;;Normal;Impericia en el manejo  -  Superficie humeda
2300593;24/06/2023;7:20:00 p. m.;Sábado;2023;Junio;MOTOCICLETA;PARTICULAR;Peaton;15;MASCULINO;HERIDOS;1;0;1;80;DIAGONAL 31 FRENTE AL #34EESUR-07;;LA SEBASTIANA;6.1705921032783335, -75.57961502360057;ATROPELLO;NO REPORTADO;NO REPORTADO;RESIDENCIAL;Normal;Cruzar sin observar