NRO_RADICADO;FECHA_ACCIDENTE;HORA_ACCIDENTE;Día de la semana;AÑO;MES;CLASE_VEHICULO;TIPO_SERVICIO;TIPO_VICTIMA;EDAD;GENERO;GRAVEDAD;ESTADO_BEODEZ;ESTADO_DROGA;RESULTADO_BEODEZ;RESUL_BEODEZ_GRAMOS;DIRECCION_CARACT_VIA;TRAMO_VIA;LOCALIDAD_O_COMUNA;    GEORREFERENCIACIÓN;DESC_CLASE_ACCIDENTE;DESC_CHOQUE_ACCIDENTE;DESC_OBJETO_FIJO;DESC_SECTOR_ACCIDENTE;CONDICION_CLIMATICA;CAUSA_ACCIDENTE
2300593;24/06/2023;7:20:00 p. m.;Sábado;2023;Junio;MOTOCICLETA;PARTICULAR;Motociclista;32;MASCULINO;HERIDOS;1;0;1;80;DIAGONAL 31 FRENTE AL #34EESUR-07;;LA SEBASTIANA;6.1705921032783335, -75.57961502360057;ATROPELLO;NO REPORTADO;NO REPORTADO;RESIDENCIAL;Normal;Cruzar sin observar
2300594;24/06/2023;3:00:00 p. m.;Sábado;2023;Junio;MOTOCICLETA;PARTICULAR;Motociclista;27;MASCULINO;HERIDOS;0;0;0;;CALLE 25ASUR FRENTE AL #42B-61;;PONTE VEDRA;6.179186441111075, -75.58125565102023;CHOQUE;VEHICULO;NO REPORTADO;RESIDENCIAL;Normal;Impericia en el manejo
2300594;24/06/2023;3:00:00 p. m.;Sábado;2023;Junio;MOTOCICLETA;PARTICULAR;Motociclista;30;MASCULINO;HERIDOS;0;0;0;;CALLE 25ASUR FRENTE AL #42B-61;;PONTE VEDRA;6.179186441111075, -75.58125565102023;CHOQUE;VEHICULO;NO REPORTADO;RESIDENCIAL;Normal;Impericia en el manejo
2300595;25/06/2023;9:20:00 p. m.;Domingo;2023;Junio;MOTOCICLETA;PARTICULAR;Motociclista;22;FEMENINO;HERIDOS;0;0;0;;CARRERA 40B ENTRE CALLE 53BSUR y CALLE 53CSUR;;LOMA DEL BARRO;6.155683221674817, -75.60299287239637;CHOQUE;OBJETO FIJO;MURO;RESIDENCIAL;Normal;Impericia en el manejo  -  Superficie humeda
2300596;25/06/2023;2:40:00 p. m.;Domingo;2023;Junio;MOTOCICLETA;PARTICULAR;Acompañante;40;FEMENINO;HERIDOS;0;0;0;;CALLE 41ASUR CARRERA 29;;SAN RAFAEL;6.159467, -75.585405;CAIDA OCUPANTE;NO REPORTADO;NO REPORTADO;RESIDENCIAL;Lluvia;Impericia en el manejo
2300597;25/06/2023;12:30:00 a. m.;Domingo;2023;Junio;AUTOMOVIL;PARTICULAR;Acompañante;15;FEMENINO;HERIDOS;1;0;2;140;CARRERA 48 CALLE 37SUR;;LAS VEGAS;6.173473352424915, -75.59256588595376;CHOQUE;OBJETO FIJO;OTRO TIPO;COMERCIAL;Lluvia;Embriaguez o droga
2300597;25/06/2023;12:30:00 a. m.;Domingo;2023;Junio;AUTOMOVIL;PARTICULAR;Acompañante;31;FEMENINO;HERIDOS;1;0;2;140;CARRERA 48 CALLE 37SUR;;LAS VEGAS;6.173473352424915, -75.59256588595376;CHOQUE;OBJETO FIJO;OTRO TIPO;COMERCIAL;Lluvia;Embriaguez o droga
2300598;25/06/2023;1:25:00 p. m.;Domingo;2023;Junio;AUTOMOVIL;PARTICULAR;Conductor;53;MASCULINO;HERIDOS;0;0;0;;CALLE 39DSUR CARRERA 24EE;;EL CHINGUÍ;6.149293249224933, -75.57613825986685;CHOQUE;OBJETO FIJO;VEHICULO ESTACIONADO;RESIDENCIAL;Normal;Fallas en los frenos
2300599;26/06/2023;3:30:00 p. m.;Lunes;2023;Junio;MOTOCICLETA;PARTICULAR;Motociclista;57;MASCULINO;HERIDOS;0;0;0;;CARRERA 50 ENTRE CALLE 32BSUR y 37SUR;;LAS VEGAS;6.176845074685445, -75.59322011471;CHOQUE;VEHICULO;NO REPORTADO;COMERCIAL;Normal;Desobedecer señales
2300599;26/06/2023;3:30:00 p. m.;Lunes;2023;Junio;MOTOCICLETA;PARTICULAR;Acompañante;55;MASCULINO;HERIDOS;0;0;0;;CARRERA 50 ENTRE CALLE 32BSUR y 37SUR;;LAS VEGAS;6.176845074685445, -75.59322011471;CHOQUE;VEHICULO;NO REPORTADO;COMERCIAL;Normal;Desobedecer señales
2300600;26/06/2023;11:00:00 a. m.;Lunes;2023;Junio;BUSETA;PUBLICO;Pasajero;77;MASCULINO;HERIDOS;0;0;0;;CALLE 45BSUR CARRERA 42B;;LA PAZ;6.1630176573016815, -75.59374318320398;CAIDA OCUPANTE;NO REPORTADO;NO REPORTADO;RESIDENCIAL;Normal;Otra-Conductor
2300601;26/06/2023;8:15:00 p. m.;Lunes;2023;Junio;MOTOCICLETA;PARTICULAR;Motociclista;31;MASCULINO;HERIDOS;0;0;0;;DIAGONAL 32 TRANSVERSAL 32CSUR;;LA MAGNOLIA;6.1750262422205395, -75.58232021684168;CHOQUE;VEHICULO;NO REPORTADO;RESIDENCIAL;Normal;Desobedecer señales
2300602;27/06/2023;8:50:00 a. m.;Martes;2023;Junio;MOTOCICLETA;PARTICULAR;Motociclista;33;MASCULINO;HERIDOS;0;0;0;;CARRERA 27D ENTRE CALLE 36SUR y CALLE 36DSUR;;LA INMACULADA;6.1679843284026425, -75.57396017994618;CHOQUE;VEHICULO;NO REPORTADO;RESIDENCIAL;Normal;Desobedecer señales
2300602;27/06/2023;8:50:00 a. m.;Martes;2023;Junio;MOTOCICLETA;PARTICULAR;Motociclista;38;MASCULINO;HERIDOS;0;0;0;;CARRERA 27D ENTRE CALLE 36SUR y CALLE 36DSUR;;LA INMACULADA;6.1679843284026425, -75.57396017994618;CHOQUE;VEHICULO;NO REPORTADO;RESIDENCIAL;Normal;Desobedecer señales
2300603;27/06/2023;2:15:00 p. m.;Martes;2023;Junio;MOTOCICLETA;PARTICULAR;Motociclista;22;MASCULINO;HERIDOS;0;0;0;;CARRERA 29B FRENTE AL # 39SUR-77;;SAN JOSE;6.16277183987919, -75.58054358677195;CHOQUE;VEHICULO;NO REPORTADO;RESIDENCIAL;Normal;Impericia en el manejo
2300604;27/06/2023;3:00:00 p. m.;Martes;2023;Junio;MOTOCICLETA;PARTICULAR;Motociclista;26;FEMENINO;HERIDOS;0;0;0;;DIAGONAL 31C FRENTE AL # 33ASUR- 35;;LAS FLORES;6.1730802597163486, -75.58010736275189;ATROPELLO;NO REPORTADO;NO REPORTADO;RESIDENCIAL;Normal;Impericia en el manejo
2300605;27/06/2023;11:40:00 a. m.;Martes;2023;Junio;BICICLETA;;Ciclista;57;MASCULINO;HERIDOS;0;0;0;;CALLE 37SUR CARRERA 29A;;LA PRADERA;6.165932416159633, -75.58027672054729;CHOQUE;VEHICULO;NO REPORTADO;RESIDENCIAL;Normal;Impericia en el manejo
2300606;27/06/2023;7:10:00 a. m.;Martes;2023;Junio;MOTOCICLETA;PARTICULAR;Motociclista;53;MASCULINO;HERIDOS;0;0;0;;KILOMETRO 14+350;medellín palmas envigado (km 12 - km 16+700);VEREDA PALMAS;6.155208884634876, -75.5459270488597;CHOQUE;VEHICULO;NO REPORTADO;;Normal;Salirse de la calzada
2300607;28/06/2023;10:15:00 a. m.;Miércoles;2023;Junio;AUTOMOVIL;PARTICULAR;Acompañante;60;FEMENINO;HERIDOS;0;0;0;;CARRERA 50 ENTRE CALLE 43SUR y CALLE 46ASUR;;LAS VEGAS;6.169978372785881, -75.60163045155619;CHOQUE;VEHICULO;NO REPORTADO;RESIDENCIAL;Normal;Reverso imprudente
2300608;29/06/2023;8:10:00 a. m.;Jueves;2023;Junio;MOTOCICLETA;OFICIAL;Motociclista;31;MASCULINO;HERIDOS;0;0;0;;CARRERA 48 CALLE 49SUR;;LAS VEGAS;6.16252000378476, -75.6029615839993;CHOQUE;VEHICULO;NO REPORTADO;RESIDENCIAL;Normal;Otra-Conductor
2300609;29/06/2023;8:20:00 a. m.;Jueves;2023;Junio;AUTOMOVIL;PARTICULAR;Peaton;53;MASCULINO;HERIDOS;0;0;0;;CARRERA 43A CALLE 48CSUR;;PRIMAVERA;6.162158746437477, -75.59776544873326;ATROPELLO;NO REPORTADO;NO REPORTADO;RESIDENCIAL;Normal;Otra-Conductor
2300610;29/06/2023;8:00:00 a. m.;Jueves;2023;Junio;BICICLETA;;Peaton;21;FEMENINO;HERIDOS;0;0;0;;CARRERA 48 ENTRE CALLE 25BSUR y CALLE 25SUR;;VILLA GRANDE;6.184738386231762, -75.58374185133435;ATROPELLO;NO REPORTADO;NO REPORTADO;RESIDENCIAL;Normal;Semaforo en rojo
2300611;29/06/2023;2:25:00 p. m.;Jueves;2023;Junio;MOTOCICLETA;PARTICULAR;Motociclista;31;MASCULINO;HERIDOS;0;0;0;;KILOMETRO 8+700;peri;VEREDA PERICO;6.170651254411809, -75.4998245352423;CHOQUE;VEHICULO;NO REPORTADO;;Normal;Desobedecer señales
2300612;30/06/2023;10:20:00 p. m.;Viernes;2023;Junio;MOTOCICLETA;PARTICULAR;Motociclista;19;MASCULINO;HERIDOS;0;0;0;;CALLE 47SUR  CARRERA 40A;;EL TRIANON;6.159435842025088, -75.59398720084205;CHOQUE;VEHICULO;NO REPORTADO;RESIDENCIAL;Normal;Desobedecer señales
2300613;30/06/2023;10:25:00 a. m.;Viernes;2023;Junio;MOTOCICLETA;PARTICULAR;Motociclista;19;MASCULINO;HERIDOS;0;0;0;;CARRERA 37 CALLE 46FSUR;;EL TRIANON;6.155551766661749, -75.59158094849391;CHOQUE;OBJETO FIJO;VEHICULO ESTACIONADO;RESIDENCIAL;Normal;Impericia en el manejo
2300614;30/06/2023;11:10:00 a. m.;Viernes;2023;Junio;MOTOCICLETA;PARTICULAR;Motociclista;23;MASCULINO;HERIDOS;0;0;0;;TRANSVERSAL 34CSUR CALLE 35SUR;;OBRERO;6.1707629536227415, -75.58464823000507;CHOQUE;VEHICULO;NO REPORTADO;RESIDENCIAL;Normal;Desobedecer señales
2300614;30/06/2023;11:10:00 a. m.;Viernes;2023;Junio;MOTOCICLETA;PARTICULAR;Motociclista;35;MASCULINO;HERIDOS;0;0;0;;TRANSVERSAL 34CSUR CALLE 35SUR;;OBRERO;6.1707629536227415, -75.58464823000507;CHOQUE;VEHICULO;NO REPORTADO;RESIDENCIAL;Normal;Desobedecer señales
2300615;30/06/2023;6:50:00 p. m.;Viernes;2023;Junio;AUTOMOVIL;PARTICULAR;Conductor;78;FEMENINO;HERIDOS;0;0;0;;CALLE 27SUR FRENTE AL #27-92;;EL ESMERALDAL;6.173672068396442, -75.56922001550298;CHOQUE;OBJETO FIJO;MURO;RESIDENCIAL;Normal;Fallas en los frenos
2300616;1/07/2023;1:40:00 p. m.;Sábado;2023;Julio;MOTOCICLETA;PARTICULAR;Motociclista;67;MASCULINO;HERIDOS;0;0;0;;CARRERA 50 FRENTE AL #26SUR-511;;LAS VEGAS;6.177967690500532, -75.59255609343853;CHOQUE;VEHICULO;NO REPORTADO;RESIDENCIAL;Normal;No mantener distancia de seguridad
2300616;1/07/2023;1:40:00 p. m.;Sábado;2023;Julio;MOTOCICLETA;PARTICULAR;Acompañante;52;FEMENINO;HERIDOS;0;0;0;;CARRERA 50 FRENTE AL #26SUR-511;;LAS VEGAS;6.177967690500532, -75.59255609343853;CHOQUE;VEHICULO;NO REPORTADO;RESIDENCIAL;Normal;No mantener distancia de seguridad
2300616;1/07/2023;1:40:00 p. m.;Sábado;2023;Julio;MOTOCICLETA;PARTICULAR;Motociclista;19;MASCULINO;HERIDOS;0;0;0;;CARRERA 50 FRENTE AL #26SUR-511;;LAS VEGAS;6.177967690500532, -75.59255609343853;CHOQUE;VEHICULO;NO REPORTADO;RESIDENCIAL;Normal;No mantener distancia de seguridad
2300616;1/07/2023;1:40:00 p. m.;Sábado;2023;Julio;MOTOCICLETA;PARTICULAR;Acompañante;18;MASCULINO;HERIDOS;0;0;0;;CARRERA 50 FRENTE AL #26SUR-511;;LAS VEGAS;6.177967690500532, -75.59255609343853;CHOQUE;VEHICULO;NO REPORTADO;RESIDENCIAL;Normal;No mantener distancia de seguridad
2300617;4/07/2023;3:00:00 p. m.;Martes;2023;Julio;AUTOMOVIL;PARTICULAR;Peaton;57;FEMENINO;HERIDOS;0;0;0;;CALLE 37SUR ENTRE CARRERA 43 y CARRERA 46;;SAN MARCOS;6.171772732973657, -75.58920059925543;ATROPELLO;NO REPORTADO;NO REPORTADO;RESIDENCIAL;Normal;Defectos fisicos y psiquicos
2300617;4/07/2023;3:00:00 p. m.;Martes;2023;Julio;AUTOMOVIL;PARTICULAR;Conductor;47;MASCULINO;MUERTOS;0;0;0;;CALLE 37SUR ENTRE CARRERA 43 y CARRERA 46;;SAN MARCOS;6.171772732973657, -75.58920059925543;ATROPELLO;NO REPORTADO;NO REPORTADO;RESIDENCIAL;Normal;Defectos fisicos y psiquicos
2300618;1/07/2023;1:45:00 p. m.;Sábado;2023;Julio;CAMIONETA;PUBLICO;Acompañante;23;MASCULINO;HERIDOS;0;0;0;;CARRERA 50 FRENTE AL # 27SUR-230;;LAS VEGAS;6.183358, -75.588461;VOLCAMIENTO;NO REPORTADO;NO REPORTADO;RESIDENCIAL;Normal;Impericia en el manejo
2300619;1/07/2023;2:28:00 p. m.;Sábado;2023;Julio;MOTOCICLETA;OFICIAL;Motociclista;31;MASCULINO;HERIDOS;0;0;0;;DIAGONAL 40 CON TRAANSVERSLA 33 SUR 14;;ZONA CENTRO;6.1728304102348375, -75.58549896046908;CHOQUE;VEHICULO;NO REPORTADO;RESIDENCIAL;Normal;Desobedecer al agente
2300621;1/07/2023;7:15:00 a. m.;Sábado;2023;Julio;AUTOMOVIL;PUBLICO;Conductor;36;MASCULINO;HERIDOS;0;0;0;;CALLE 38A SUR CON CARRERA 32;;MESA;6.165201417056687, -75.58206407934388;CHOQUE;VEHICULO;NO REPORTADO;RESIDENCIAL;Normal;Desobedecer señales
2300621;1/07/2023;7:15:00 a. m.;Sábado;2023;Julio;CAMIONETA;PARTICULAR;Conductor;32;MASCULINO;HERIDOS;0;0;0;;CALLE 38A SUR CON CARRERA 32;;MESA;6.165201417056687, -75.58206407934388;CHOQUE;VEHICULO;NO REPORTADO;RESIDENCIAL;Normal;Desobedecer señales
2300622;1/07/2023;12:15:00 p. m.;Sábado;2023;Julio;MOTOCICLETA;PARTICULAR;Motociclista;39;MASCULINO;HERIDOS;0;0;0;;CALLE 36D SUR CON CARRERA 24-35;;VEREDA EL ESCOBERO;6.154124632954575, -75.56628224740881;CHOQUE;VEHICULO;NO REPORTADO;RESIDENCIAL;Normal;Impericia en el manejo
2300623;2/07/2023;3:00:00 p. m.;Domingo;2023;Julio;MOTOCICLETA;PARTICULAR;Motociclista;27;MASCULINO;HERIDOS;0;0;0;;KILOMETRO 15 + 440;medellín palmas envigado (km 12 - km 16+700);VEREDA PALMAS;6.1542157277845595, -75.54297918307073;CHOQUE;VEHICULO;NO REPORTADO;;Normal;Impericia en el manejo
2300623;2/07/2023;3:00:00 p. m.;Domingo;2023;Julio;MOTOCICLETA;PARTICULAR;Acompañante;24;MASCULINO;HERIDOS;0;0;0;;KILOMETRO 15 + 440;medellín palmas envigado (km 12 - km 16+700);VEREDA PALMAS;6.1542157277845595, -75.54297918307073;CHOQUE;VEHICULO;NO REPORTADO;;Normal;Impericia en el manejo
2300623;2/07/2023;3:00:00 p. m.;Domingo;2023;Julio;BICICLETA;;Motociclista;50;MASCULINO;HERIDOS;0;0;0;;KILOMETRO 15 + 440;medellín palmas envigado (km 12 - km 16+700);VEREDA PALMAS;6.1542157277845595, -75.54297918307073;CHOQUE;VEHICULO;NO REPORTADO;;Normal;Impericia en el manejo
2300624;2/07/2023;5:30:00 p. m.;Domingo;2023;Julio;MOTOCICLETA;PARTICULAR;Acompañante;26;FEMENINO;HERIDOS;0;0;0;;CALLE 37 SUR CON CARRERA 32;;MESA;6.166800062123984, -75.58111383391622;CHOQUE;VEHICULO;NO REPORTADO;RESIDENCIAL;Normal;Desobedecer señales
2300625;2/07/2023;9:30:00 a. m.;Domingo;2023;Julio;MOTOCICLETA;PARTICULAR;Motociclista;29;FEMENINO;HERIDOS;0;0;0;;CALLE 25AA SUR CON CARRERA 49;;LAS VEGAS;6.185476368460284, -75.58615727840815;CAIDA OCUPANTE;NO REPORTADO;NO REPORTADO;RESIDENCIAL;Normal;Impericia en el manejo
2300626;29/06/2023;10:10:00 a. m.;Jueves;2023;Junio;BUS;PUBLICO;Pasajero;79;FEMENINO;HERIDOS;0;0;0;;CARRERA 43A CALLE 48CSUR;;PRIMAVERA;6.162160357974956, -75.59780078651447;OTRO;NO REPORTADO;NO REPORTADO;RESIDENCIAL;Normal;Otra-Conductor
2300627;2/07/2023;4:30:00 p. m.;Domingo;2023;Julio;MOTOCICLETA;PARTICULAR;Motociclista;33;MASCULINO;HERIDOS;0;0;0;;CARRERA 3 CON CALLE 20B SUR 57;;VEREDA PERICO;6.1890601,-75.5046109;CAIDA OCUPANTE;NO REPORTADO;NO REPORTADO;RESIDENCIAL;Normal;Impericia en el manejo
2300628;6/07/2023;7:10:00 a. m.;Jueves;2023;Julio;MOTOCICLETA;PARTICULAR;Motociclista;64;MASCULINO;HERIDOS;0;0;0;;KILOMETRO 15;medellín palmas envigado (km 12 - km 16+700);VEREDA PALMAS;6.152128363410714, -75.5458364089835;CHOQUE;VEHICULO;NO REPORTADO;;Normal;Desobedecer señales
2300629;2/07/2023;9:05:00 p. m.;Domingo;2023;Julio;MOTOCICLETA;PARTICULAR;Motociclista;21;MASCULINO;HERIDOS;0;0;0;;CARRERA 50 CON CALLE 32B SUR;;LAS VEGAS;6.178473185864562, -75.59192895978204;CHOQUE;VEHICULO;NO REPORTADO;RESIDENCIAL;Normal;No mantener distancia de seguridad
2300629;2/07/2023;9:05:00 p. m.;Domingo;2023;Julio;MOTOCICLETA;PARTICULAR;Acompañante;20;MASCULINO;HERIDOS;0;0;0;;CARRERA 50 CON CALLE 32B SUR;;LAS VEGAS;6.178473185864562, -75.59192895978204;CHOQUE;VEHICULO;NO REPORTADO;RESIDENCIAL;Normal;No mantener distancia de seguridad
2300630;5/07/2023;9:30:00 a. m.;Miércoles;2023;Julio;AUTOMOVIL;PUBLICO;Pasajero;27;FEMENINO;HERIDOS;0;0;0;;CARRERA 43A FRENTE AL #48GSUR-45;;PRIMAVERA;6.162003136532466, -75.59826426768898;CHOQUE;VEHICULO;NO REPORTADO;RESIDENCIAL;Normal;No mantener distancia de seguridad
2300631;2/07/2023;2:00:00 p. m.;Domingo;2023;Julio;MOTOCICLETA;PARTICULAR;Motociclista;32;FEMENINO;HERIDOS;0;0;0;;CARRERA 25 CON CALLE 41B SUR 37;;SAN RAFAEL;6.154090804908102, -75.58680135195488;CAIDA OCUPANTE;NO REPORTADO;NO REPORTADO;RESIDENCIAL;Normal;Impericia en el manejo
2300632;5/07/2023;6:30:00 a. m.;Miércoles;2023;Julio;MOTOCICLETA;PARTICULAR;Motociclista;27;MASCULINO;HERIDOS;0;0;0;;TRANSVERSAL 32ASUR CON DIAGONAL 31E;;LA MAGNOLIA;6.176005792312063, -75.58184966460267;CHOQUE;VEHICULO;NO REPORTADO;RESIDENCIAL;Normal;Desobedecer señales
2300633;3/07/2023;12:30:00 p. m.;Lunes;2023;Julio;MOTOCICLETA;PARTICULAR;Motociclista;32;MASCULINO;HERIDOS;0;0;0;;CARRERA 50 CON CALLE 29 SUR 84;;LAS VEGAS;6.182471, -75.589124;CAIDA OCUPANTE;NO REPORTADO;NO REPORTADO;RESIDENCIAL;Normal;Fallas en las llantas
2300633;3/07/2023;12:30:00 p. m.;Lunes;2023;Julio;MOTOCICLETA;PARTICULAR;Acompañante;25;FEMENINO;HERIDOS;0;0;0;;CARRERA 50 CON CALLE 29 SUR 84;;LAS VEGAS;6.182471, -75.589124;CAIDA OCUPANTE;NO REPORTADO;NO REPORTADO;RESIDENCIAL;Normal;Fallas en las llantas
2300634;5/07/2023;9:50:00 a. m.;Miércoles;2023;Julio;MOTOCICLETA;PARTICULAR;Motociclista;60;MASCULINO;HERIDOS;0;0;0;;CALLE 39SUR  CARRERA 42;;ZONA CENTRO;6.1683665272348245, -75.58843196275198;CHOQUE;VEHICULO;NO REPORTADO;RESIDENCIAL;Normal;No mantener distancia de seguridad
2300635;6/07/2023;5:15:00 a. m.;Jueves;2023;Julio;MOTOCICLETA;PARTICULAR;Motociclista;52;MASCULINO;HERIDOS;0;0;0;;CARRERA 48 CON CALLE 39A SUR;;ALCALA;6.17111869345713, -75.59423728534718;ATROPELLO;NO REPORTADO;NO REPORTADO;RESIDENCIAL;Normal;Semaforo en rojo
2300635;6/07/2023;5:15:00 a. m.;Jueves;2023;Julio;MOTOCICLETA;PARTICULAR;Peaton;54;MASCULINO;HERIDOS;0;0;0;;CARRERA 48 CON CALLE 39A SUR;;ALCALA;6.17111869345713, -75.59423728534718;ATROPELLO;NO REPORTADO;NO REPORTADO;RESIDENCIAL;Normal;Semaforo en rojo
2300636;6/07/2023;6:06:00 a. m.;Jueves;2023;Julio;BICICLETA;;Ciclista;38;MASCULINO;HERIDOS;0;0;0;;CALLE 40 SUR CON CARRERA 25;;EL SALADO;6.1536813671454595, -75.57868406275215;CHOQUE;VEHICULO;NO REPORTADO;RESIDENCIAL;Normal;Girar bruscamente
2300637;6/07/2023;4:20:00 p. m.;Jueves;2023;Julio;MOTOCICLETA;PARTICULAR;Acompañante;26;FEMENINO;HERIDOS;0;0;0;;CARRERA 27 CON CALLE 36D SUR 201;;LA PRADERA;6.162264727327025, -75.57011548457344;CAIDA OCUPANTE;NO REPORTADO;NO REPORTADO;RESIDENCIAL;Normal;Impericia en el manejo
2300639;6/07/2023;11:55:00 a. m.;Jueves;2023;Julio;MOTOCICLETA;PARTICULAR;Motociclista;35;MASCULINO;HERIDOS;0;0;0;;KILOMETRO 14 + 440;medellín palmas envigado (km 12 - km 16+700);VEREDA PALMAS;6.155990899760721, -75.54648605434816;CHOQUE;VEHICULO;NO REPORTADO;;Normal;Impericia en el manejo
2300639;6/07/2023;11:55:00 a. m.;Jueves;2023;Julio;MOTOCICLETA;PARTICULAR;Acompañante;35;FEMENINO;HERIDOS;0;0;0;;KILOMETRO 14 + 440;medellín palmas envigado (km 12 - km 16+700);VEREDA PALMAS;6.155990899760721, -75.54648605434816;CHOQUE;VEHICULO;NO REPORTADO;;Normal;Impericia en el manejo
2300640;4/07/2023;3:15:00 p. m.;Martes;2023;Julio;CAMIONETA;PARTICULAR;Peaton;40;FEMENINO;HERIDOS;0;0;0;;CARRERA 27D CON TRANSVERSAL 27 SUR 123;;EL ESMERALDAL;6.174847517489558, -75.57239773097814;ATROPELLO;NO REPORTADO;NO REPORTADO;RESIDENCIAL;Normal;Arrancar sin precaucion
2300641;3/07/2023;2:40:00 p. m.;Lunes;2023;Julio;CAMIONETA;PARTICULAR;Conductor;49;FEMENINO;HERIDOS;0;0;0;;CALLE 39B SUR CON CARRERA 32;;SAN JOSE;6.163878971407735, -75.58295802936195;CHOQUE;VEHICULO;NO REPORTADO;RESIDENCIAL;Normal;Desobedecer señales
2300642;4/07/2023;12:40:00 p. m.;Martes;2023;Julio;AUTOMOVIL;PARTICULAR;Conductor;67;FEMENINO;HERIDOS;0;0;0;;CALLE 36D SUR CON CARRERA 27;;LA PRADERA;6.162371, -75.570052;CHOQUE;OBJETO FIJO;NO REPORTADO;RESIDENCIAL;Normal;Impericia en el manejo
2300643;4/07/2023;9:30:00 a. m.;Martes;2023;Julio;MOTOCICLETA;PARTICULAR;Acompañante;37;FEMENINO;HERIDOS;0;0;0;;KILOMETRO 11 SAN LUIS;el escobero - km 0-13);VEREDA EL ESCOBERO;6.120797089627922, -75.53853169893189;CAIDA OCUPANTE;NO REPORTADO;NO REPORTADO;;Normal;Superficie humeda
2300643;4/07/2023;9:30:00 a. m.;Martes;2023;Julio;MOTOCICLETA;PARTICULAR;Motociclista;44;MASCULINO;HERIDOS;0;0;0;;KILOMETRO 11 SAN LUIS;el escobero - km 0-13);VEREDA EL ESCOBERO;6.120797089627922, -75.53853169893189;CAIDA OCUPANTE;NO REPORTADO;NO REPORTADO;;Normal;Superficie humeda
2300644;5/07/2023;1:10:00 a. m.;Miércoles;2023;Julio;MOTOCICLETA;PARTICULAR;Motociclista;25;MASCULINO;MUERTOS;0;0;0;;CARRERA 40A CON CALLE 40 SUR 43;;EL DORADO;6.166245, -75.587592;CAIDA OCUPANTE;NO REPORTADO;NO REPORTADO;RESIDENCIAL;Normal;Impericia en el manejo
2300645;1/07/2023;10:36:00 a. m.;Sábado;2023;Julio;AUTOMOVIL;PARTICULAR;Acompañante;47;FEMENINO;HERIDOS;0;0;0;;CARRERA 48 CON CALLE 19 SUR 29;;LAS VEGAS;6.187475986736289, -75.58153425462154;CHOQUE;VEHICULO;NO REPORTADO;RESIDENCIAL;Normal;Arrancar sin precaucion
2300646;7/07/2023;3:30:00 p. m.;Viernes;2023;Julio;MOTOCICLETA;PARTICULAR;Motociclista;48;FEMENINO;HERIDOS;0;0;0;;CARRERA 36D FRENTE AL #42SUR-50;;LAS ANTILLAS;6.156153881282483, -75.58724995434497;CAIDA OCUPANTE;NO REPORTADO;NO REPORTADO;RESIDENCIAL;Normal;Superficie humeda
2300647;7/07/2023;11:24:00 a. m.;Viernes;2023;Julio;CAMIONETA;PARTICULAR;Peaton;57;FEMENINO;HERIDOS;0;0;0;;CARRERA 43A CALLE 32ASUR;;SAN MARCOS;6.175008431242203, -75.5860237849002;ATROPELLO;NO REPORTADO;NO REPORTADO;RESIDENCIAL;Normal;Cruzar en diagonal  -  Reverso imprudente
2300648;7/07/2023;9:00:00 a. m.;Viernes;2023;Julio;MOTOCICLETA;PARTICULAR;Motociclista;28;MASCULINO;HERIDOS;0;0;0;;KILOMETRO 11+800;retiro varia palmas enviga (km 5+43 - km 14+ 550);VEREDA PALMAS;6.159616221619788, -75.5160771186653;CHOQUE;VEHICULO;NO REPORTADO;;Normal;Impericia en el manejo
2300649;7/07/2023;7:10:00 a. m.;Viernes;2023;Julio;MOTOCICLETA;PARTICULAR;Motociclista;30;MASCULINO;HERIDOS;0;0;0;;CARRERA 50 FRENTE AL #26SUR-249;;LAS VEGAS;6.177999690081399, -75.59247026275186;CHOQUE;VEHICULO;NO REPORTADO;RESIDENCIAL;Normal;No mantener distancia de seguridad
2300650;7/07/2023;8:00:00 a. m.;Viernes;2023;Julio;MOTOCICLETA;PARTICULAR;Motociclista;38;MASCULINO;HERIDOS;0;0;0;;CALLE 37SUR FRENTE AL #39-54;;ZONA CENTRO;6.169535661075534, -75.5852964934386;CHOQUE;VEHICULO;NO REPORTADO;RESIDENCIAL;Normal;No mantener distancia de seguridad
2300651;7/07/2023;4:00:00 p. m.;Viernes;2023;Julio;MOTOCICLETA;PARTICULAR;Peaton;16;MASCULINO;HERIDOS;0;0;0;;CALLE 37SUR FRENTE AL #45A-14;;EL PORTAL;6.172263474581723, -75.59000554501215;ATROPELLO;NO REPORTADO;NO REPORTADO;RESIDENCIAL;Normal;Cruzar sin observar
2300652;7/07/2023;7:45:00 a. m.;Viernes;2023;Julio;MOTOCICLETA;PARTICULAR;Motociclista;25;FEMENINO;HERIDOS;0;0;0;;CARRERA 48 CALLE 48SUR 75;;LAS VEGAS;6.16576523063994, -75.5994380646028;CHOQUE;VEHICULO;NO REPORTADO;RESIDENCIAL;Normal;No respetar pelacion de interseccion o giros
2300653;8/07/2023;3:50:00 p. m.;Sábado;2023;Julio;MOTOCICLETA;PARTICULAR;Motociclista;19;MASCULINO;HERIDOS;0;0;0;;CALLE 36SUR FRENTE AL #25-178;;LOMA DEL ATRAVEZADO;6.167115980917365, -75.56510236195881;CHOQUE;VEHICULO;NO REPORTADO;RESIDENCIAL;Normal;Desobedecer señales