NRO_RADICADO;FECHA_ACCIDENTE;HORA_ACCIDENTE;Día de la semana;AÑO;MES;CLASE_VEHICULO;TIPO_SERVICIO;TIPO_VICTIMA;EDAD;GENERO;GRAVEDAD;ESTADO_BEODEZ;ESTADO_DROGA;RESULTADO_BEODEZ;RESUL_BEODEZ_GRAMOS;DIRECCION_CARACT_VIA;TRAMO_VIA;LOCALIDAD_O_COMUNA;    GEORREFERENCIACIÓN;DESC_CLASE_ACCIDENTE;DESC_CHOQUE_ACCIDENTE;DESC_OBJETO_FIJO;DESC_SECTOR_ACCIDENTE;CONDICION_CLIMATICA;CAUSA_ACCIDENTE
2300654;8/07/2023;4:35:00 p. m.;Sábado;2023;Julio;MOTOCICLETA;PARTICULAR;Motociclista;22;MASCULINO;HERIDOS;0;0;0;;CALLE 36SUR FRENTE AL #25-20;;LOMA DEL ATRAVEZADO;6.1671046474998645, -75.56497495703834;CHOQUE;VEHICULO;NO REPORTADO;RESIDENCIAL;Normal;Adelantar invadiendo carril de sentido contrario
2300655;8/07/2023;10:35:00 p. m.;Sábado;2023;Julio;MOTOCICLETA;PARTICULAR;Motociclista;28;MASCULINO;HERIDOS;1;0;2;140;CARRERA 43A CALLE 38SUR;;ALCALA;6.1705040782309535, -75.58875470447713;CHOQUE;VEHICULO;NO REPORTADO;RESIDENCIAL;Normal;Embriaguez o droga
2300656;9/07/2023;2:30:00 a. m.;Domingo;2023;Julio;MOTOCICLETA;OFICIAL;Motociclista;37;MASCULINO;HERIDOS;0;0;0;;TRANSVERSAL 34DSUR DIAGONAL 31A;;LAS FLORES;6.172088706724527, -75.57980979697466;CHOQUE;VEHICULO;NO REPORTADO;RESIDENCIAL;Normal;Embriaguez o droga
2300656;9/07/2023;2:30:00 a. m.;Domingo;2023;Julio;MOTOCICLETA;OFICIAL;Acompañante;28;MASCULINO;HERIDOS;0;0;0;;TRANSVERSAL 34DSUR DIAGONAL 31A;;LAS FLORES;6.172088706724527, -75.57980979697466;CHOQUE;VEHICULO;NO REPORTADO;RESIDENCIAL;Normal;Embriaguez o droga
2300656;9/07/2023;2:30:00 a. m.;Domingo;2023;Julio;MOTOCICLETA;PARTICULAR;Motociclista;22;MASCULINO;HERIDOS;1;0;1;80;TRANSVERSAL 34DSUR DIAGONAL 31A;;LAS FLORES;6.172088706724527, -75.57980979697466;CHOQUE;VEHICULO;NO REPORTADO;RESIDENCIAL;Normal;Embriaguez o droga
2300657;9/07/2023;7:45:00 p. m.;Domingo;2023;Julio;AUTOMOVIL;PARTICULAR;Acompañante;7;FEMENINO;HERIDOS;0;0;0;;CARRERA 50 ENTRE CALLE 43SUR y CALLE 39SUR;;LAS VEGAS;6.172398352510952, -75.59908761168427;CHOQUE;VEHICULO;NO REPORTADO;RESIDENCIAL;Normal;Girar bruscamente
2300658;10/07/2023;6:40:00 a. m.;Lunes;2023;Julio;MOTOCICLETA;PARTICULAR;Motociclista;31;MASCULINO;HERIDOS;0;0;0;;KILOMETRO 12+50;medellín palmas envigado (km 12 - km 16+700);VEREDA PALMAS;6.174114645296371, -75.54639686552123;CHOQUE;VEHICULO;NO REPORTADO;;Normal;No mantener distancia de seguridad
2300659;10/07/2023;12:05:00 p. m.;Lunes;2023;Julio;CAMIONETA;PARTICULAR;Conductor;38;FEMENINO;HERIDOS;0;0;0;;CALLE 21 SUR FRENTE AL #41B-55;;ZUÑIGA;6.182986541058148, -75.57846939050964;CHOQUE;VEHICULO;NO REPORTADO;RESIDENCIAL;Normal;Otra-Conductor
2300660;11/07/2023;4:22:00 p. m.;Martes;2023;Julio;MOTOCICLETA;PARTICULAR;Motociclista;21;MASCULINO;HERIDOS;0;0;0;;KILOMETRO 4 ;el escobero - km 0-13);VEREDA EL ESCOBERO;6.129619438967578, -75.5508207733991;CHOQUE;OBJETO FIJO;BARANDA;;Normal;Impericia en el manejo
2300660;11/07/2023;4:22:00 p. m.;Martes;2023;Julio;MOTOCICLETA;PARTICULAR;Acompañante;22;MASCULINO;HERIDOS;0;0;0;;KILOMETRO 4 ;el escobero - km 0-13);VEREDA EL ESCOBERO;6.129619438967578, -75.5508207733991;CHOQUE;OBJETO FIJO;BARANDA;;Normal;Impericia en el manejo
2300661;11/07/2023;5:28:00 p. m.;Martes;2023;Julio;MOTOCICLETA;PARTICULAR;Motociclista;45;MASCULINO;HERIDOS;0;0;0;;KILOMETRO 10+400;retiro varia palmas enviga (km 5+43 - km 14+ 550);VEREDA PANTANILLO;6.159441012942756, -75.50728246116039;CHOQUE;VEHICULO;NO REPORTADO;;Normal;Impericia en el manejo
2300661;11/07/2023;5:28:00 p. m.;Martes;2023;Julio;MOTOCICLETA;PARTICULAR;Motociclista;47;MASCULINO;HERIDOS;0;0;0;;KILOMETRO 10+400;retiro varia palmas enviga (km 5+43 - km 14+ 550);VEREDA PANTANILLO;6.159441012942756, -75.50728246116039;CHOQUE;VEHICULO;NO REPORTADO;;Normal;Impericia en el manejo
2300662;12/07/2023;6:25:00 p. m.;Miércoles;2023;Julio;BICICLETA;;Ciclista;27;MASCULINO;HERIDOS;0;0;0;;CARRERA 48 CALLE 48SUR-181;;LAS VEGAS;6.16413226620038, -75.6023378799462;CHOQUE;VEHICULO;NO REPORTADO;RESIDENCIAL;Normal;Recoger o dejar pasajeros en calzada
2300663;12/07/2023;5:30:00 p. m.;Miércoles;2023;Julio;MOTOCICLETA;PARTICULAR;Motociclista;59;MASCULINO;HERIDOS;0;0;0;;CARRERA 43A FRENTE AL #25ASUR-13;;VILLA GRANDE;6.181493955868787, -75.58226016090101;CHOQUE;VEHICULO;NO REPORTADO;RESIDENCIAL;Normal;No mantener distancia de seguridad
2300664;12/07/2023;8:45:00 a. m.;Miércoles;2023;Julio;MOTOCICLETA;PARTICULAR;Acompañante;18;FEMENINO;HERIDOS;0;0;0;;CARRERA 50 FRENTE AL #26SUR-75;;LAS VEGAS;6.1782023540486595, -75.59212694000524;CHOQUE;VEHICULO;NO REPORTADO;RESIDENCIAL;Normal;Impericia en el manejo
2300664;12/07/2023;8:45:00 a. m.;Miércoles;2023;Julio;MOTOCICLETA;PARTICULAR;Motociclista;22;MASCULINO;HERIDOS;0;0;0;;CARRERA 50 FRENTE AL #26SUR-75;;LAS VEGAS;6.1782023540486595, -75.59212694000524;CHOQUE;VEHICULO;NO REPORTADO;RESIDENCIAL;Normal;Impericia en el manejo
2300665;14/07/2023;9:00:00 p. m.;Viernes;2023;Julio;MOTOCICLETA;PARTICULAR;Motociclista;24;FEMENINO;HERIDOS;0;0;0;;CALLE 36DSUR FRENTE AL #22-200;;VEREDA EL ESCOBERO;6.151560249826016, -75.5640189299921;CAIDA OCUPANTE;NO REPORTADO;NO REPORTADO;RESIDENCIAL;Normal;Falta de precaucion niebla, lluvia, humo
2300666;14/07/2023;9:25:00 p. m.;Viernes;2023;Julio;MOTOCICLETA;PARTICULAR;Acompañante;20;FEMENINO;HERIDOS;0;0;0;;CARRERA 29A FRENTE AL #38SUR-45;;MESA;6.164525289161048, -75.5808561069031;CAIDA OCUPANTE;NO REPORTADO;NO REPORTADO;RESIDENCIAL;Normal;No mantener distancia de seguridad
2300666;14/07/2023;9:25:00 p. m.;Viernes;2023;Julio;MOTOCICLETA;PARTICULAR;Motociclista;59;MASCULINO;HERIDOS;0;0;0;;CARRERA 29A FRENTE AL #38SUR-45;;MESA;6.164525289161048, -75.5808561069031;CAIDA OCUPANTE;NO REPORTADO;NO REPORTADO;RESIDENCIAL;Normal;No mantener distancia de seguridad
2300667;13/07/2023;3:20:00 p. m.;Jueves;2023;Julio;MOTOCICLETA;PARTICULAR;Motociclista;44;MASCULINO;HERIDOS;0;0;0;;CALLE 27SUR CARRERA 28;;ALTO DE MISAEL;6.1771991580421215, -75.57633302870259;CHOQUE;VEHICULO;NO REPORTADO;RESIDENCIAL;Normal;Desobedecer señales
2300668;13/07/2023;11:24:00 p. m.;Jueves;2023;Julio;AUTOMOVIL;PARTICULAR;Acompañante;55;MASCULINO;HERIDOS;0;0;0;;TRANSVERSAL 33 SUR DIAGONAL 31E;;LA MAGNOLIA;6.174756096620928, -75.58139448862565;CHOQUE;VEHICULO;NO REPORTADO;RESIDENCIAL;Normal;Desobedecer señales
2300669;14/07/2023;10:40:00 p. m.;Viernes;2023;Julio;MOTOCICLETA;PARTICULAR;Acompañante;25;FEMENINO;HERIDOS;0;0;0;;CARRERA 42C ENTRE CALLE 48BSUR y CALLE 48CSUR;;LOMA DEL BARRO;6.159084623861694, -75.59642568613744;CHOQUE;VEHICULO;NO REPORTADO;RESIDENCIAL;Normal;Transitar en contravia
2300669;14/07/2023;10:40:00 p. m.;Viernes;2023;Julio;MOTOCICLETA;PARTICULAR;Motociclista;25;MASCULINO;HERIDOS;0;0;0;;CARRERA 42C ENTRE CALLE 48BSUR y CALLE 48CSUR;;LOMA DEL BARRO;6.159084623861694, -75.59642568613744;CHOQUE;VEHICULO;NO REPORTADO;RESIDENCIAL;Normal;Transitar en contravia
2300670;15/07/2023;5:20:00 p. m.;Sábado;2023;Julio;MOTOCICLETA;PARTICULAR;Motociclista;32;FEMENINO;HERIDOS;0;0;0;;CARRERA 50 ENTRE CALLE 32BSUR y CALLE 33SUR;;LAS VEGAS;6.176889338478712, -75.59320197329978;CHOQUE;VEHICULO;NO REPORTADO;RESIDENCIAL;Normal;Adelantar cerrando
2300671;15/07/2023;9:20:00 a. m.;Sábado;2023;Julio;MOTOCICLETA;PARTICULAR;Motociclista;28;MASCULINO;HERIDOS;0;0;0;;KILOMETRO 16+340;medellín palmas envigado (km 12 - km 16+700);VEREDA PALMAS;6.154292706239494, -75.5357862032766;CHOQUE;VEHICULO;NO REPORTADO;;Normal;Desobedecer señales
2300671;15/07/2023;9:20:00 a. m.;Sábado;2023;Julio;MOTOCICLETA;PARTICULAR;Acompañante;22;FEMENINO;HERIDOS;0;0;0;;KILOMETRO 16+340;medellín palmas envigado (km 12 - km 16+700);VEREDA PALMAS;6.154292706239494, -75.5357862032766;CHOQUE;VEHICULO;NO REPORTADO;;Normal;Desobedecer señales
2300672;16/07/2023;10:55:00 a. m.;Domingo;2023;Julio;BICICLETA;;Peaton;62;FEMENINO;HERIDOS;0;0;0;;CARRERA 42 FRENTE AL # 33BSUR-32;;ZONA CENTRO;6.172306722413115, -75.58577182145446;ATROPELLO;NO REPORTADO;NO REPORTADO;RESIDENCIAL;Normal;Cruzar sin observar  -  Salir por delante de un vehiculo
2300672;16/07/2023;10:55:00 a. m.;Domingo;2023;Julio;BICICLETA;;Ciclista;18;MASCULINO;HERIDOS;0;0;0;;CARRERA 42 FRENTE AL # 33BSUR-32;;ZONA CENTRO;6.172306722413115, -75.58577182145446;ATROPELLO;NO REPORTADO;NO REPORTADO;RESIDENCIAL;Normal;Cruzar sin observar  -  Salir por delante de un vehiculo
2300673;16/07/2023;1:20:00 p. m.;Domingo;2023;Julio;MOTOCICLETA;PARTICULAR;Motociclista;34;MASCULINO;HERIDOS;0;0;0;;KILOMETRO 15+200;medellín palmas envigado (km 12 - km 16+700);VEREDA PALMAS;6.1525519446854995, -75.54389834232487;CHOQUE;VEHICULO;NO REPORTADO;;Normal;Desobedecer señales
2300674;17/07/2023;5:40:00 p. m.;Lunes;2023;Julio;MOTOCICLETA;PARTICULAR;Motociclista;24;MASCULINO;HERIDOS;0;0;0;;CARRERA 50 ENTRE CALLE 43SUR y CALLE 44SUR;;LAS VEGAS;6.170882870382019, -75.6009518759338;CHOQUE;VEHICULO;NO REPORTADO;RESIDENCIAL;Normal;Desobedecer señales
2300675;17/07/2023;2:30:00 p. m.;Lunes;2023;Julio;CAMIONETA;PARTICULAR;Conductor;63;FEMENINO;HERIDOS;0;0;0;;KILOMETRO 12;retiro varia palmas enviga (km 5+43 - km 14+ 550);VEREDA PALMAS;6.159136333904211, -75.51759278008379;CHOQUE;VEHICULO;NO REPORTADO;;Normal;No mantener distancia de seguridad
2300676;17/07/2023;4:30:00 p. m.;Lunes;2023;Julio;MOTOCICLETA;PARTICULAR;Motociclista;39;MASCULINO;HERIDOS;0;0;0;;CALLE 38SUR CARRERA 38;;MESA;6.167935122007172, -75.58473207183255;CHOQUE;VEHICULO;NO REPORTADO;RESIDENCIAL;Normal;Desobedecer señales
2300677;17/07/2023;3:50:00 p. m.;Lunes;2023;Julio;CAMIONETA;PARTICULAR;Acompañante;53;FEMENINO;HERIDOS;0;0;0;;CALLE 37SUR FRENTE AL #28C-78;;LA PRADERA;6.165760507954811, -75.57913397495487;CHOQUE;VEHICULO;NO REPORTADO;RESIDENCIAL;Normal;No mantener distancia de seguridad
2300677;17/07/2023;3:50:00 p. m.;Lunes;2023;Julio;CAMIONETA;PARTICULAR;Acompañante;69;FEMENINO;HERIDOS;0;0;0;;CALLE 37SUR FRENTE AL #28C-78;;LA PRADERA;6.165760507954811, -75.57913397495487;CHOQUE;VEHICULO;NO REPORTADO;RESIDENCIAL;Normal;No mantener distancia de seguridad
2300678;18/07/2023;11:50:00 a. m.;Martes;2023;Julio;MOTOCICLETA;PARTICULAR;Motociclista;21;MASCULINO;HERIDOS;0;0;0;;CARRERA 43A FRENTE AL #23SUR-79;;BOSQUES DE ZUÑIGA;6.18195417645935, -75.58070346639055;CHOQUE;VEHICULO;NO REPORTADO;RESIDENCIAL;Normal;Impericia en el manejo
2300679;18/07/2023;11:15:00 a. m.;Martes;2023;Julio;MOTOCICLETA;PARTICULAR;Motociclista;22;MASCULINO;HERIDOS;0;0;0;;CARRERA 43 FRENTE AL #36SUR-59;;ZONA CENTRO;6.171325927051433, -75.58728392042362;CHOQUE;VEHICULO;NO REPORTADO;RESIDENCIAL;Normal;Recoger o dejar pasajeros en calzada
2300680;19/07/2023;11:29:00 a. m.;Miércoles;2023;Julio;MOTOCICLETA;PARTICULAR;Motociclista;30;MASCULINO;HERIDOS;0;0;0;;CALLE 36DSUR FRENTE AL # 27A-105;;LA PRADERA;6.162400173831661, -75.57013376464197;OTRO;NO REPORTADO;NO REPORTADO;RESIDENCIAL;Normal;Otra-Via
2300681;18/07/2023;5:28:00 a. m.;Martes;2023;Julio;MOTOCICLETA;PARTICULAR;Motociclista;35;MASCULINO;HERIDOS;0;0;0;;CALLE 40BSUR CARRERA 40A;;EL DORADO;6.165912299715325, -75.58792046657389;CHOQUE;VEHICULO;NO REPORTADO;RESIDENCIAL;Normal;Semaforo en rojo
2300681;18/07/2023;5:28:00 a. m.;Martes;2023;Julio;BICICLETA;;Ciclista;33;MASCULINO;HERIDOS;0;0;0;;CALLE 40BSUR CARRERA 40A;;EL DORADO;6.165912299715325, -75.58792046657389;CHOQUE;VEHICULO;NO REPORTADO;RESIDENCIAL;Normal;Semaforo en rojo
2300682;19/07/2023;6:10:00 p. m.;Miércoles;2023;Julio;MOTOCICLETA;PARTICULAR;Acompañante;19;FEMENINO;HERIDOS;0;0;0;;CARRERA 48 ENTRE CALLE 38SUR y CALLE 39SUR;;LAS VEGAS;6.172426694229375, -75.59311668614859;CHOQUE;VEHICULO;NO REPORTADO;RESIDENCIAL;Normal;Impericia en el manejo
2300682;19/07/2023;6:10:00 p. m.;Miércoles;2023;Julio;MOTOCICLETA;PARTICULAR;Motociclista;26;MASCULINO;HERIDOS;0;0;0;;CARRERA 48 ENTRE CALLE 38SUR y CALLE 39SUR;;LAS VEGAS;6.172426694229375, -75.59311668614859;CHOQUE;VEHICULO;NO REPORTADO;RESIDENCIAL;Normal;Impericia en el manejo
2300682;19/07/2023;6:10:00 p. m.;Miércoles;2023;Julio;MOTOCICLETA;PARTICULAR;Motociclista;20;MASCULINO;HERIDOS;0;0;0;;CARRERA 48 ENTRE CALLE 38SUR y CALLE 39SUR;;LAS VEGAS;6.172426694229375, -75.59311668614859;CHOQUE;VEHICULO;NO REPORTADO;RESIDENCIAL;Normal;Impericia en el manejo
2300683;19/07/2023;7:20:00 a. m.;Miércoles;2023;Julio;MOTOCICLETA;OFICIAL;Acompañante;25;FEMENINO;HERIDOS;0;0;0;;CALLE 39SUR CARRERA 45C;;ALCALA;6.170148036035389, -75.59213666969306;CHOQUE;VEHICULO;NO REPORTADO;RESIDENCIAL;Normal;Desobedecer señales
2300683;19/07/2023;7:20:00 a. m.;Miércoles;2023;Julio;MOTOCICLETA;OFICIAL;Motociclista;22;MASCULINO;HERIDOS;0;0;0;;CALLE 39SUR CARRERA 45C;;ALCALA;6.170148036035389, -75.59213666969306;CHOQUE;VEHICULO;NO REPORTADO;RESIDENCIAL;Normal;Desobedecer señales
2300684;19/07/2023;11:00:00 a. m.;Miércoles;2023;Julio;MOTOCICLETA;PARTICULAR;Motociclista;41;MASCULINO;HERIDOS;0;0;0;;TRANSVERSAL 32ASUR DIAGONAL 31E;;LA MAGNOLIA;6.175841890945633, -75.5818312125879;CHOQUE;VEHICULO;NO REPORTADO;RESIDENCIAL;Normal;Desobedecer señales
2300685;19/07/2023;7:40:00 p. m.;Miércoles;2023;Julio;MOTOCICLETA;PARTICULAR;Motociclista;30;FEMENINO;HERIDOS;0;0;0;;CARRERA 48 CALLE 32SUR;;LAS VEGAS;6.177553494684281, -75.58959170100616;CHOQUE;VEHICULO;NO REPORTADO;RESIDENCIAL;Normal;No mantener distancia de seguridad
2300686;20/07/2023;4:40:00 p. m.;Jueves;2023;Julio;MOTOCICLETA;PARTICULAR;Motociclista;30;MASCULINO;HERIDOS;0;0;0;;CARRERA 49  FRENTE AL #30SUR-66;;LAS VEGAS;6.180116428646749, -75.59057809676438;CHOQUE;VEHICULO;NO REPORTADO;RESIDENCIAL;Normal;Otra-Vehículo
2300687;21/07/2023;12:10:00 a. m.;Viernes;2023;Julio;MOTOCICLETA;PARTICULAR;Acompañante;18;MASCULINO;HERIDOS;0;0;0;;KILOMETRO 14+200;medellín palmas envigado (km 12 - km 16+700);VEREDA PALMAS;6.15628980770367, -75.54670148334715;CAIDA OCUPANTE;NO REPORTADO;NO REPORTADO;;Normal;Impericia en el manejo
2300688;23/07/2023;7:50:00 p. m.;Domingo;2023;Julio;MOTOCICLETA;PARTICULAR;Acompañante;14;MASCULINO;HERIDOS;0;0;0;;CARRERA 50 FRENTE AL # 46ASUR-16;;LAS VEGAS;6.167685, -75.602338;CHOQUE;VEHICULO;NO REPORTADO;RESIDENCIAL;Normal;Impericia en el manejo
2300688;23/07/2023;7:50:00 p. m.;Domingo;2023;Julio;MOTOCICLETA;PARTICULAR;Motociclista;19;MASCULINO;HERIDOS;0;0;0;;CARRERA 50 FRENTE AL # 46ASUR-16;;LAS VEGAS;6.167685, -75.602338;CHOQUE;VEHICULO;NO REPORTADO;RESIDENCIAL;Normal;Impericia en el manejo
2300688;23/07/2023;7:50:00 p. m.;Domingo;2023;Julio;MOTOCICLETA;PARTICULAR;Acompañante;16;FEMENINO;HERIDOS;0;0;0;;CARRERA 50 FRENTE AL # 46ASUR-16;;LAS VEGAS;6.167685, -75.602338;CHOQUE;VEHICULO;NO REPORTADO;RESIDENCIAL;Normal;Impericia en el manejo
2300688;23/07/2023;7:50:00 p. m.;Domingo;2023;Julio;MOTOCICLETA;PARTICULAR;Acompañante;0;MASCULINO;HERIDOS;0;0;0;;CARRERA 50 FRENTE AL # 46ASUR-16;;LAS VEGAS;6.167685, -75.602338;CHOQUE;VEHICULO;NO REPORTADO;RESIDENCIAL;Normal;Impericia en el manejo
2300689;20/07/2023;7:30:00 p. m.;Jueves;2023;Julio;MOTOCICLETA;PARTICULAR;Acompañante;42;MASCULINO;HERIDOS;0;0;0;;CALLE 36DSUR FRENTE AL #16-86;;VEREDA EL ESCOBERO;6.153130298145307, -75.56421827809548;CHOQUE;VEHICULO;NO REPORTADO;RESIDENCIAL;Normal;Adelantar invadiendo carril de sentido contrario
2300690;21/07/2023;12:00:00 p. m.;Viernes;2023;Julio;MOTOCICLETA;PARTICULAR;Motociclista;30;MASCULINO;HERIDOS;0;0;0;;CARRERA 50 ENTRE CALLE 26SUR y CALLE 27SUR;;LAS VEGAS;6.184601, -75.587497;CHOQUE;OBJETO FIJO;OTRO TIPO;RESIDENCIAL;Normal;Impericia en el manejo
2300691;22/07/2023;8:05:00 a. m.;Sábado;2023;Julio;MOTOCICLETA;PARTICULAR;Motociclista;24;MASCULINO;HERIDOS;0;0;0;;CARRERA 27B FRENTE AL #27SUR-52;;EL ESMERALDAL;6.172794060552407, -75.57041497779205;CAIDA OCUPANTE;NO REPORTADO;NO REPORTADO;RESIDENCIAL;Normal;Impericia en el manejo
2300692;23/07/2023;8:19:00 p. m.;Domingo;2023;Julio;CAMIONETA;PARTICULAR;Peaton;53;MASCULINO;MUERTOS;0;0;0;;CALLE 39SUR FRENTE AL #46-20;;ALCALA;6.17054408346844, -75.59233946577298;ATROPELLO;NO REPORTADO;NO REPORTADO;RESIDENCIAL;Normal;Cruzar sin observar
2300693;23/07/2023;4:20:00 p. m.;Domingo;2023;Julio;MOTOCICLETA;PARTICULAR;Motociclista;23;FEMENINO;HERIDOS;0;0;0;;KILOMETRO 10+550;retiro varia palmas enviga (km 5+43 - km 14+ 550);VEREDA PANTANILLO;6.1604945606652155, -75.50830557610021;CHOQUE;VEHICULO;NO REPORTADO;;Normal;No mantener distancia de seguridad
2300693;23/07/2023;4:20:00 p. m.;Domingo;2023;Julio;AUTOMOVIL;PARTICULAR;Acompañante;20;FEMENINO;HERIDOS;0;0;0;;KILOMETRO 10+550;retiro varia palmas enviga (km 5+43 - km 14+ 550);VEREDA PANTANILLO;6.1604945606652155, -75.50830557610021;CHOQUE;VEHICULO;NO REPORTADO;;Normal;No mantener distancia de seguridad
2300693;23/07/2023;4:20:00 p. m.;Domingo;2023;Julio;AUTOMOVIL;PARTICULAR;Conductor;24;MASCULINO;HERIDOS;0;0;0;;KILOMETRO 10+550;retiro varia palmas enviga (km 5+43 - km 14+ 550);VEREDA PANTANILLO;6.1604945606652155, -75.50830557610021;CHOQUE;VEHICULO;NO REPORTADO;;Normal;No mantener distancia de seguridad
2300694;24/07/2023;7:00:00 a. m.;Lunes;2023;Julio;AUTOMOVIL;PARTICULAR;Peaton;55;MASCULINO;HERIDOS;0;0;0;;CARRERA 43 FRENTE AL #40HSUR-100;;EL DORADO;6.166628, -75.591728;ATROPELLO;NO REPORTADO;NO REPORTADO;RESIDENCIAL;Normal;Otra-Conductor
2300695;25/07/2023;8:15:00 a. m.;Martes;2023;Julio;MOTOCICLETA;PARTICULAR;Motociclista;47;MASCULINO;HERIDOS;0;0;0;;CARRERA 43A CALLE 48CSUR ;;PRIMAVERA;6.162212128830637, -75.59785222042373;CHOQUE;VEHICULO;NO REPORTADO;RESIDENCIAL;Normal;Reverso imprudente
2300696;24/07/2023;12:20:00 p. m.;Lunes;2023;Julio;MOTOCICLETA;PARTICULAR;Motociclista;45;MASCULINO;HERIDOS;0;0;0;;CALLE 25SUR CARRERA 44;;BOSQUES DE ZUÑIGA;6.182105297612097, -75.58152252371806;CHOQUE;VEHICULO;NO REPORTADO;RESIDENCIAL;Normal;Desobedecer señales
2300697;25/07/2023;7:30:00 a. m.;Martes;2023;Julio;BICICLETA;;Ciclista;51;FEMENINO;HERIDOS;0;0;0;;CARRERA 49 CALLE 32BSUR;;LAS VEGAS;6.178375113961909, -75.59179093105251;CHOQUE;VEHICULO;NO REPORTADO;RESIDENCIAL;Normal;Desobedecer señales
2300698;25/07/2023;7:15:00 a. m.;Martes;2023;Julio;CAMION;PUBLICO;Peaton;14;MASCULINO;HERIDOS;0;0;0;;CALLE 40SUR CARRERA 24EE;;EL SALADO;6.149827616016588, -75.57696531997615;ATROPELLO;NO REPORTADO;NO REPORTADO;RESIDENCIAL;Normal;Otra-Via
2300699;24/07/2023;5:05:00 p. m.;Lunes;2023;Julio;BICICLETA;;Ciclista;16;MASCULINO;HERIDOS;0;0;0;;CARRERA 43A FRENTE AL #46SUR-90;;PRIMAVERA;6.163363679603433, -75.5965264316027;CHOQUE;VEHICULO;NO REPORTADO;RESIDENCIAL;Normal;Otra-Conductor
2300700;25/07/2023;6:30:00 a. m.;Martes;2023;Julio;MOTOCICLETA;PARTICULAR;Motociclista;42;FEMENINO;HERIDOS;0;0;0;;CARRERA 48 FRENTE AL #26SUR-181;;LAS VEGAS;6.183243650787539, -75.58671553206514;CHOQUE;VEHICULO;NO REPORTADO;RESIDENCIAL;Normal;Impericia en el manejo
2300701;25/07/2023;2:50:00 p. m.;Martes;2023;Julio;MOTOCICLETA;PARTICULAR;Motociclista;20;FEMENINO;HERIDOS;0;0;0;;KILOMETRO 12+200;retiro varia palmas enviga (km 5+43 - km 14+ 550);VEREDA PALMAS;6.158672500384351, -75.51924929200327;CHOQUE;VEHICULO;NO REPORTADO;;Normal;Desobedecer señales
2300702;26/07/2023;10:00:00 p. m.;Miércoles;2023;Julio;MOTOCICLETA;PARTICULAR;Motociclista;24;MASCULINO;HERIDOS;0;0;0;;DIAGONAL 31C TRANSVERSAL 34DSUR;;LA SEBASTIANA;6.172023531462375, -75.5800820256999;CHOQUE;VEHICULO;NO REPORTADO;RESIDENCIAL;Normal;Desobedecer señales
2300703;27/07/2023;6:35:00 p. m.;Jueves;2023;Julio;BICICLETA;;Ciclista;74;MASCULINO;HERIDOS;0;0;0;;TRANSVERSAL 32ASUR DIAGONAL 31D;;LA MAGNOLIA;6.176141888154747, -75.58098765785554;CHOQUE;VEHICULO;NO REPORTADO;RESIDENCIAL;Normal;Embriaguez aparente  -  Girar bruscamente
2300704;27/07/2023;10:55:00 a. m.;Jueves;2023;Julio;MOTOCICLETA;PARTICULAR;Motociclista;21;FEMENINO;HERIDOS;0;0;0;;TRANSVERSAL 32SUR DIAGONAL 32D;;LA MAGNOLIA;6.17578372580496, -75.5842771780952;CHOQUE;VEHICULO;NO REPORTADO;RESIDENCIAL;Normal;Desobedecer señales
2300705;27/07/2023;7:40:00 a. m.;Jueves;2023;Julio;MOTOCICLETA;PARTICULAR;Motociclista;26;MASCULINO;HERIDOS;0;0;0;;KILOMETRO 9+800;retiro varia palmas enviga (km 5+43 - km 14+ 550);VEREDA PANTANILLO;6.162430689099063, -75.50315170379702;CHOQUE;VEHICULO;NO REPORTADO;;Normal;No mantener distancia de seguridad
2300706;30/07/2023;4:15:00 a. m.;Domingo;2023;Julio;AUTOMOVIL;PARTICULAR;Conductor;29;MASCULINO;HERIDOS;1;0;2;140;KILOMETRO 15+920;medellín palmas envigado (km 12 - km 16+700);VEREDA PALMAS;6.1531979795083975, -75.53923756723024;VOLCAMIENTO;NO REPORTADO;NO REPORTADO;;Normal;Embriaguez aparente
2300707;28/07/2023;8:00:00 a. m.;Viernes;2023;Julio;MOTOCICLETA;PARTICULAR;Motociclista;34;MASCULINO;HERIDOS;0;0;0;;CARRERA 50 ENTRE CALLE 25AASUR y 25 SUR;;LAS VEGAS;6.186228179458732, -75.58567335231466;CHOQUE;VEHICULO;NO REPORTADO;RESIDENCIAL;Normal;Desobedecer señales
2300708;28/07/2023;10:50:00 a. m.;Viernes;2023;Julio;CAMIONETA;PARTICULAR;Acompañante;41;MASCULINO;HERIDOS;0;0;0;;KILOMETRO 7+140;retiro varia palmas enviga (km 5+43 - km 14+ 550);VEREDA PANTANILLO;6.171477483052752, -75.4902725049993;CHOQUE;OBJETO FIJO;BARANDA;;Normal;Otra-Conductor
2300708;28/07/2023;10:50:00 a. m.;Viernes;2023;Julio;CAMIONETA;PARTICULAR;Acompañante;41;FEMENINO;HERIDOS;0;0;0;;KILOMETRO 7+140;retiro varia palmas enviga (km 5+43 - km 14+ 550);VEREDA PANTANILLO;6.171477483052752, -75.4902725049993;CHOQUE;OBJETO FIJO;BARANDA;;Normal;Otra-Conductor