NRO_RADICADO;FECHA_ACCIDENTE;HORA_ACCIDENTE;Día de la semana;AÑO;MES;CLASE_VEHICULO;TIPO_SERVICIO;TIPO_VICTIMA;EDAD;GENERO;GRAVEDAD;ESTADO_BEODEZ;ESTADO_DROGA;RESULTADO_BEODEZ;RESUL_BEODEZ_GRAMOS;DIRECCION_CARACT_VIA;TRAMO_VIA;LOCALIDAD_O_COMUNA;    GEORREFERENCIACIÓN;DESC_CLASE_ACCIDENTE;DESC_CHOQUE_ACCIDENTE;DESC_OBJETO_FIJO;DESC_SECTOR_ACCIDENTE;CONDICION_CLIMATICA;CAUSA_ACCIDENTE
2300708;28/07/2023;10:50:00 a. m.;Viernes;2023;Julio;CAMIONETA;PARTICULAR;Acompañante;27;MASCULINO;HERIDOS;0;0;0;;KILOMETRO 7+140;retiro varia palmas enviga (km 5+43 - km 14+ 550);VEREDA PANTANILLO;6.171477483052752, -75.4902725049993;CHOQUE;OBJETO FIJO;BARANDA;;Normal;Otra-Conductor
2300709;28/07/2023;5:45:00 a. m.;Viernes;2023;Julio;MOTOCICLETA;PARTICULAR;Motociclista;50;MASCULINO;HERIDOS;0;0;0;;CARRERA 50 CALLE 27 SUR;;LAS VEGAS;6.183860, -75.588200;CHOQUE;OBJETO FIJO;OTRO TIPO;RESIDENCIAL;Lluvia;Impericia en el manejo  -  Superficie humeda
2300710;28/07/2023;3:57:00 p. m.;Viernes;2023;Julio;MOTOCICLETA;PARTICULAR;Motociclista;30;MASCULINO;HERIDOS;0;0;0;;CARRERA 25A FRENTE AL #36DSUR-138;;VEREDA EL ESCOBERO;6.158649706625411, -75.56742114292734;CAIDA OCUPANTE;NO REPORTADO;NO REPORTADO;RESIDENCIAL;Normal;Otra-Conductor
2300711;28/07/2023;8:15:00 a. m.;Viernes;2023;Julio;CAMIONETA;PARTICULAR;Acompañante;22;MASCULINO;HERIDOS;0;0;0;;DIAGONAL 31 TRANSVERSAL 36SUR;;LOS NARANJOS;6.168230532978483, -75.58040654380929;CAIDA OCUPANTE;NO REPORTADO;NO REPORTADO;RESIDENCIAL;Normal;Fallas en las puertas  -  Otra-Pasajero-Acompañante
2300712;30/07/2023;4:30:00 p. m.;Domingo;2023;Julio;MOTOCICLETA;PARTICULAR;Acompañante;29;FEMENINO;HERIDOS;0;0;0;;CALLE 36DSUR FRENTE AL # 24-35;;VEREDA EL ESCOBERO;6.154232189532514, -75.56610066926501;CAIDA OCUPANTE;NO REPORTADO;NO REPORTADO;RESIDENCIAL;Normal;Impericia en el manejo
2300713;26/07/2023;5:40:00 p. m.;Miércoles;2023;Julio;AUTOMOVIL;PARTICULAR;Acompañante;62;FEMENINO;HERIDOS;0;0;0;;KILOMETRO 13+470;retiro varia palmas enviga (km 5+43 - km 14+ 550);VEREDA PALMAS;6.159310296852489, -75.53018676322239;CHOQUE;VEHICULO;NO REPORTADO;;Normal;No mantener distancia de seguridad
2300713;26/07/2023;5:40:00 p. m.;Miércoles;2023;Julio;CAMIONETA;PARTICULAR;Acompañante;45;MASCULINO;HERIDOS;0;0;0;;KILOMETRO 13+470;retiro varia palmas enviga (km 5+43 - km 14+ 550);VEREDA PALMAS;6.159310296852489, -75.53018676322239;CHOQUE;VEHICULO;NO REPORTADO;;Normal;No mantener distancia de seguridad
2300714;27/07/2023;12:20:00 a. m.;Jueves;2023;Julio;MOTOCICLETA;PARTICULAR;Motociclista;26;MASCULINO;HERIDOS;1;0;3;180;CARRERA 43A CALLE 36SUR 55;;SAN MARCOS;6.171465659459817, -75.58822384790227;CHOQUE;VEHICULO;NO REPORTADO;RESIDENCIAL;Normal;Embriaguez aparente  -  No mantener distancia de seguridad
2300715;28/07/2023;1:40:00 p. m.;Viernes;2023;Julio;MOTOCICLETA;PARTICULAR;Motociclista;31;FEMENINO;HERIDOS;0;0;0;;TRANSVERSAL 32ASUR DIAGONAL 32B;;LA MAGNOLIA;6.175356302820044, -75.5833125250188;CHOQUE;VEHICULO;NO REPORTADO;RESIDENCIAL;Normal;Ausencia parcial o total de se?ales  -  Desobedecer señales
2300716;29/07/2023;3:35:00 p. m.;Sábado;2023;Julio;MOTOCICLETA;PARTICULAR;Motociclista;49;FEMENINO;HERIDOS;0;0;0;;CARRERA 24D FRENTE AL #40SUR-961;;VEREDA EL VALLANO;6.141726197115927, -75.58199277119998;CHOQUE;VEHICULO;NO REPORTADO;RESIDENCIAL;Normal;Impericia en el manejo
2300716;29/07/2023;3:35:00 p. m.;Sábado;2023;Julio;MOTOCICLETA;PARTICULAR;Acompañante;21;FEMENINO;HERIDOS;0;0;0;;CARRERA 24D FRENTE AL #40SUR-961;;VEREDA EL VALLANO;6.141726197115927, -75.58199277119998;CHOQUE;VEHICULO;NO REPORTADO;RESIDENCIAL;Normal;Impericia en el manejo
2300716;29/07/2023;3:35:00 p. m.;Sábado;2023;Julio;MOTOCICLETA;PARTICULAR;Motociclista;19;FEMENINO;HERIDOS;0;0;0;;CARRERA 24D FRENTE AL #40SUR-961;;VEREDA EL VALLANO;6.141726197115927, -75.58199277119998;CHOQUE;VEHICULO;NO REPORTADO;RESIDENCIAL;Normal;Impericia en el manejo
2300717;27/07/2023;7:09:00 p. m.;Jueves;2023;Julio;MOTOCICLETA;PARTICULAR;Motociclista;24;FEMENINO;HERIDOS;0;0;0;;CALLE 36SUR FRENTE AL #27A-02;;LA INMACULADA;6.167176184898431, -75.5699343595507;CHOQUE;VEHICULO;NO REPORTADO;RESIDENCIAL;Normal;No mantener distancia de seguridad
2300718;29/07/2023;12:20:00 p. m.;Sábado;2023;Julio;MOTOCICLETA;PARTICULAR;Motociclista;26;MASCULINO;HERIDOS;0;0;0;;CARRERA 43 FRENTE AL #27ASUR-69;;VILLA GRANDE;6.17873986856779, -75.58407250624988;CHOQUE;VEHICULO;NO REPORTADO;RESIDENCIAL;Normal;No mantener distancia de seguridad
2300719;31/07/2023;8:40:00 a. m.;Lunes;2023;Julio;MOTOCICLETA;PARTICULAR;Acompañante;22;MASCULINO;HERIDOS;0;0;0;;KILOMETRO 17+00;medellín palmas envigado (km 12 - km 16+700);VEREDA PALMAS;6.165339071833196, -75.5317497794572;CHOQUE;VEHICULO;NO REPORTADO;;Normal;Desobedecer señales  -  Trasportar otras personas o cosas
2300720;31/07/2023;6:45:00 a. m.;Lunes;2023;Julio;MOTOCICLETA;PARTICULAR;Motociclista;43;MASCULINO;HERIDOS;0;0;0;;CARRERA 50 FRENTE AL # 27ASUR-89;;LAS VEGAS;6.18289227532685, -75.58892573855664;CHOQUE;VEHICULO;NO REPORTADO;RESIDENCIAL;Normal;No mantener distancia de seguridad
2300721;31/07/2023;5:17:00 p. m.;Lunes;2023;Julio;MOTOCICLETA;PARTICULAR;Motociclista;28;MASCULINO;HERIDOS;0;0;0;;KILOMETRO 12+700;retiro varia palmas enviga (km 5+43 - km 14+ 550);VEREDA PALMAS;6.160149, -75.523298;CHOQUE;VEHICULO;NO REPORTADO;;Normal;No mantener distancia de seguridad
2300722;31/07/2023;4:54:00 p. m.;Lunes;2023;Julio;BICICLETA;;Ciclista;57;MASCULINO;HERIDOS;0;0;0;;CARRERA 49 FRENTE AL #39SUR-182;;LAS VEGAS;6.174497082734109, -75.59585864260534;CHOQUE;VEHICULO;NO REPORTADO;RESIDENCIAL;Normal;Desobedecer señales
2300723;31/07/2023;12:20:00 p. m.;Lunes;2023;Julio;MOTOCICLETA;PARTICULAR;Motociclista;23;MASCULINO;HERIDOS;0;0;0;;CARRERA 49 FRENTE AL #26SUR-60;;LAS VEGAS;6.18354047077237, -75.588572863331;CHOQUE;VEHICULO;NO REPORTADO;RESIDENCIAL;Normal;Desobedecer señales
2300724;1/08/2023;9:55:00 p. m.;Martes;2023;Agosto;MOTOCICLETA;PARTICULAR;Peaton;29;MASCULINO;HERIDOS;0;0;0;;CALLE 36DSUR FRENTE AL #27D-101;;LA PRADERA;6.165332800528006, -75.5756980892848;ATROPELLO;NO REPORTADO;NO REPORTADO;RESIDENCIAL;Normal;Pasar semaforo en rojo
2300725;1/08/2023;12:30:00 p. m.;Martes;2023;Agosto;MOTOCICLETA;PARTICULAR;Motociclista;21;MASCULINO;HERIDOS;0;0;0;;CARRERA 48 FRENTE AL #46SUR-150;;LAS VEGAS;6.165370623642842, -75.60024578036784;CHOQUE;VEHICULO;NO REPORTADO;COMERCIAL;Normal;No mantener distancia de seguridad
2300726;1/08/2023;9:07:00 a. m.;Martes;2023;Agosto;MOTOCICLETA;PARTICULAR;Motociclista;26;MASCULINO;HERIDOS;0;0;0;;CALLE 40HSUR CARRERA 42A;;EL DORADO;6.1664161160421935, -75.59075355042106;CHOQUE;VEHICULO;NO REPORTADO;RESIDENCIAL;Normal;Desobedecer señales
2300727;1/08/2023;11:25:00 a. m.;Martes;2023;Agosto;MOTOCICLETA;PARTICULAR;Motociclista;32;MASCULINO;HERIDOS;0;0;0;;CALLE 36DSUR FRENTE AL #24-57;;VEREDA EL ESCOBERO;6.155956198021195, -75.56659606472464;CAIDA OCUPANTE;NO REPORTADO;NO REPORTADO;RESIDENCIAL;Normal;Impericia en el manejo
2300728;1/08/2023;7:20:00 a. m.;Martes;2023;Agosto;BUS;PUBLICO;Pasajero;35;FEMENINO;HERIDOS;0;0;0;;CARRERA 50 CALLE 37SUR;;LAS VEGAS;6.175112791314557, -75.59533881695017;CAIDA OCUPANTE;NO REPORTADO;NO REPORTADO;RESIDENCIAL;Normal;Descender o subir del vehiculo en marcha  -  Transitar con las puertas abiertas
2300729;2/08/2023;11:40:00 p. m.;Miércoles;2023;Agosto;MOTOCICLETA;PARTICULAR;Motociclista;23;FEMENINO;HERIDOS;0;0;0;;CARRERA 43A CALLE 39SUR;;ALCALA;6.169072587245623, -75.58965540069894;CHOQUE;VEHICULO;NO REPORTADO;RESIDENCIAL;Normal;Semaforo en rojo
2300730;3/08/2023;7:13:00 a. m.;Jueves;2023;Agosto;AUTOMOVIL;PARTICULAR;Conductor;25;MASCULINO;HERIDOS;0;0;0;;KILOMETRO 12+600;retiro varia palmas enviga (km 5+43 - km 14+ 550);VEREDA PALMAS;6.160201, -75.522330;CHOQUE;VEHICULO;NO REPORTADO;;Normal;Desobedecer señales
2300730;3/08/2023;7:13:00 a. m.;Jueves;2023;Agosto;MOTOCICLETA;PARTICULAR;Motociclista;31;MASCULINO;MUERTOS;0;0;0;;KILOMETRO 12+600;retiro varia palmas enviga (km 5+43 - km 14+ 550);VEREDA PALMAS;6.160201, -75.522330;CHOQUE;VEHICULO;NO REPORTADO;;Normal;Desobedecer señales
2300731;2/08/2023;10:10:00 a. m.;Miércoles;2023;Agosto;MOTOCICLETA;PARTICULAR;Motociclista;38;MASCULINO;HERIDOS;0;0;0;;KILOMETRO 12+070;retiro varia palmas enviga (km 5+43 - km 14+ 550);VEREDA PALMAS;6.15904032583154, -75.51804687324682;CAIDA OCUPANTE;NO REPORTADO;NO REPORTADO;;Normal;Impericia en el manejo
2300732;1/08/2023;4:20:00 p. m.;Martes;2023;Agosto;MOTOCICLETA;PARTICULAR;Motociclista;26;FEMENINO;HERIDOS;0;0;0;;CALLE 39SUR CARRERA 28;;SAN JOSE;6.161110248731449, -75.57985732109951;CHOQUE;VEHICULO;NO REPORTADO;RESIDENCIAL;Normal;Desobedecer señales
2300733;2/08/2023;7:20:00 p. m.;Miércoles;2023;Agosto;MOTOCICLETA;PARTICULAR;Acompañante;42;FEMENINO;HERIDOS;0;0;0;;CALLE 40SUR CARRERA 32;;SAN JOSE;6.163556419991165, -75.58313913495405;CHOQUE;VEHICULO;NO REPORTADO;RESIDENCIAL;Normal;Desobedecer señales
2300734;3/08/2023;11:51:00 p. m.;Jueves;2023;Agosto;MOTOCICLETA;PARTICULAR;Motociclista;21;MASCULINO;HERIDOS;0;0;0;;CALLE 37SUR CARRERA 28C;;LA PRADERA;6.165636664791175, -75.57876263558713;CHOQUE;VEHICULO;NO REPORTADO;RESIDENCIAL;Normal;Desobedecer señales
2300735;4/08/2023;4:15:00 p. m.;Viernes;2023;Agosto;MOTOCICLETA;PARTICULAR;Motociclista;28;MASCULINO;HERIDOS;0;0;0;;CALLE 34DDSUR CARRERA 27F;;URIBE ANGEL;6.170664178246175, -75.57635371756753;CHOQUE;VEHICULO;NO REPORTADO;RESIDENCIAL;Normal;No respetar prelacion
2300736;4/08/2023;6:40:00 p. m.;Viernes;2023;Agosto;MOTOCICLETA;PARTICULAR;Motociclista;22;MASCULINO;HERIDOS;0;0;0;;CALLE 38SUR CARRERA 46;;ALCALA;6.171867116317237, -75.59141971776994;CHOQUE;VEHICULO;NO REPORTADO;RESIDENCIAL;Normal;Otra-Conductor
2300736;4/08/2023;6:40:00 p. m.;Viernes;2023;Agosto;MOTOCICLETA;PARTICULAR;Motociclista;20;MASCULINO;HERIDOS;0;0;0;;CALLE 38SUR CARRERA 46;;ALCALA;6.171867116317237, -75.59141971776994;CHOQUE;VEHICULO;NO REPORTADO;RESIDENCIAL;Normal;Otra-Conductor
2300736;4/08/2023;6:40:00 p. m.;Viernes;2023;Agosto;MOTOCICLETA;PARTICULAR;Acompañante;20;MASCULINO;HERIDOS;0;0;0;;CALLE 38SUR CARRERA 46;;ALCALA;6.171867116317237, -75.59141971776994;CHOQUE;VEHICULO;NO REPORTADO;RESIDENCIAL;Normal;Otra-Conductor
2300737;6/08/2023;10:45:00 a. m.;Domingo;2023;Agosto;MOTOCICLETA;PARTICULAR;Motociclista;28;MASCULINO;HERIDOS;0;0;0;;KILOMETRO 14+900;medellín palmas envigado (km 12 - km 16+700);VEREDA PALMAS;6.152306555563881, -75.54664964361316;CAIDA OCUPANTE;NO REPORTADO;NO REPORTADO;;Normal;Impericia en el manejo
2300738;4/08/2023;1:20:00 p. m.;Viernes;2023;Agosto;MOTOCICLETA;PARTICULAR;Motociclista;26;MASCULINO;HERIDOS;0;0;0;;TRANSVERSAL 34DSUR DIAGONAL 33;;OBRERO;6.17082757964871, -75.58321135985267;CHOQUE;VEHICULO;NO REPORTADO;RESIDENCIAL;Normal;Otra-Conductor
2300739;5/08/2023;11:20:00 p. m.;Sábado;2023;Agosto;MOTOCICLETA;PARTICULAR;Acompañante;17;FEMENINO;HERIDOS;0;0;0;;CARRERA 43A FRENTE AL #48CSUR-271;;PRIMAVERA;6.1611676397016195, -75.59965532136282;CHOQUE;VEHICULO;NO REPORTADO;RESIDENCIAL;Normal;No mantener distancia de seguridad
2300740;5/08/2023;12:40:00 p. m.;Sábado;2023;Agosto;MOTOCICLETA;PARTICULAR;Peaton;5;MASCULINO;HERIDOS;0;0;0;;TRANSVERSAL 34ASUR FRENTE AL #32-14;;OBRERO;6.173002045807721, -75.58168558466457;ATROPELLO;NO REPORTADO;NO REPORTADO;RESIDENCIAL;Normal;Cruzar sin observar
2300741;6/08/2023;3:00:00 p. m.;Domingo;2023;Agosto;MOTOCICLETA;PARTICULAR;Motociclista;27;MASCULINO;HERIDOS;0;0;0;;CARRERA 27 FRENTE AL #36SUR-159;;EL CHOCHO;6.164523432999603, -75.56989193109234;CHOQUE;VEHICULO;NO REPORTADO;RESIDENCIAL;Normal;Desobedecer señales
2300741;6/08/2023;3:00:00 p. m.;Domingo;2023;Agosto;CAMIONETA;PARTICULAR;Conductor;29;MASCULINO;HERIDOS;0;0;0;;CARRERA 27 FRENTE AL #36SUR-159;;EL CHOCHO;6.164523432999603, -75.56989193109234;CHOQUE;VEHICULO;NO REPORTADO;RESIDENCIAL;Normal;Desobedecer señales
2300742;6/08/2023;7:30:00 p. m.;Domingo;2023;Agosto;MOTOCICLETA;PARTICULAR;Acompañante;24;FEMENINO;HERIDOS;0;0;0;;CARRERA 50 FRENTE AL # 46ASUR-04;;LAS VEGAS;6.167801794389922, -75.60227659697193;CHOQUE;VEHICULO;NO REPORTADO;RESIDENCIAL;Normal;No mantener distancia de seguridad
2300742;6/08/2023;7:30:00 p. m.;Domingo;2023;Agosto;MOTOCICLETA;PARTICULAR;Motociclista;24;MASCULINO;HERIDOS;0;0;0;;CARRERA 50 FRENTE AL # 46ASUR-04;;LAS VEGAS;6.167801794389922, -75.60227659697193;CHOQUE;VEHICULO;NO REPORTADO;RESIDENCIAL;Normal;No mantener distancia de seguridad
2300743;7/08/2023;6:45:00 a. m.;Lunes;2023;Agosto;BICICLETA;;Ciclista;41;MASCULINO;HERIDOS;0;0;0;;CARRERA 43A FRENTE AL # 32SUR-34;;SAN MARCOS;6.175158247310045, -75.58586362599212;CHOQUE;VEHICULO;NO REPORTADO;RESIDENCIAL;Normal;ABRIR LAS PUERTAS SIN PRECAUCION
2300744;3/08/2023;8:25:00 p. m.;Jueves;2023;Agosto;MOTOCICLETA;PARTICULAR;Motociclista;23;MASCULINO;HERIDOS;0;0;0;;CARRERA 41 CALLE 40D SUR;;EL DORADO;6.165989325415847, -75.58881857730181;CHOQUE;VEHICULO;NO REPORTADO;RESIDENCIAL;Normal;Falla en luces delanteras  -  Impericia en el manejo
2300745;5/08/2023;8:40:00 p. m.;Sábado;2023;Agosto;MOTOCICLETA;PARTICULAR;Motociclista;16;MASCULINO;HERIDOS;0;0;0;;KILOMETRO 12+150;retiro varia palmas enviga (km 5+43 - km 14+ 550);VEREDA PALMAS;6.158805632526598, -75.51886263983036;CHOQUE;VEHICULO;NO REPORTADO;;Normal;Desobedecer señales
2300746;8/08/2023;7:45:00 a. m.;Martes;2023;Agosto;MOTOCICLETA;PARTICULAR;Motociclista;30;MASCULINO;HERIDOS;0;0;0;;TRANSVERSAL 32SUR DIAGONAL 32D;;LA MAGNOLIA;6.17564975218904, -75.58425229656267;CHOQUE;VEHICULO;NO REPORTADO;RESIDENCIAL;Normal;Desobedecer señales
2300747;8/08/2023;3:50:00 p. m.;Martes;2023;Agosto;MOTOCICLETA;OFICIAL;Acompañante;26;MASCULINO;HERIDOS;0;0;0;;CARRERA 48 CALLE 40SUR;;LAS VEGAS;6.169985393957041, -75.59565270185556;CHOQUE;VEHICULO;NO REPORTADO;RESIDENCIAL;Normal;No mantener distancia de seguridad
2300748;8/08/2023;10:17:00 a. m.;Martes;2023;Agosto;MOTOCICLETA;PARTICULAR;Acompañante;19;MASCULINO;HERIDOS;0;0;0;;TRANSVERSAL 32SUR DIAGONAL 32D;;LA MAGNOLIA;6.175652208739631, -75.58425881015567;CHOQUE;VEHICULO;NO REPORTADO;RESIDENCIAL;Normal;Desobedecer señales
2300748;8/08/2023;10:17:00 a. m.;Martes;2023;Agosto;MOTOCICLETA;PARTICULAR;Motociclista;28;MASCULINO;HERIDOS;0;0;0;;TRANSVERSAL 32SUR DIAGONAL 32D;;LA MAGNOLIA;6.175652208739631, -75.58425881015567;CHOQUE;VEHICULO;NO REPORTADO;RESIDENCIAL;Normal;Desobedecer señales
2300749;8/08/2023;10:15:00 a. m.;Martes;2023;Agosto;VOLQUETA;PUBLICO;Peaton;72;MASCULINO;HERIDOS;0;0;0;;KILOMETRO 14+400;retiro varia palmas enviga (km 5+43 - km 14+ 550);VEREDA PALMAS;6.154385837522195, -75.53143299788464;ATROPELLO;NO REPORTADO;NO REPORTADO;;Normal;Otra-Conductor
2300750;9/08/2023;9:30:00 a. m.;Miércoles;2023;Agosto;MOTOCICLETA;PARTICULAR;Motociclista;27;FEMENINO;HERIDOS;0;0;0;;CARRERA 43 CALLE 33B SUR;;ZONA CENTRO;6.172892565301996, -75.58614136433205;CHOQUE;VEHICULO;NO REPORTADO;RESIDENCIAL;Normal;Otra-Conductor
2300751;9/08/2023;5:50:00 a. m.;Miércoles;2023;Agosto;BICICLETA;;Ciclista;57;MASCULINO;HERIDOS;0;0;0;;CALLE 40FSUR CARRERA 36;;SAN JOSE;6.163326762332733, -75.58611744502069;CHOQUE;VEHICULO;NO REPORTADO;RESIDENCIAL;Normal;Desobedecer señales
2300752;9/08/2023;5:45:00 p. m.;Miércoles;2023;Agosto;MOTOCICLETA;PARTICULAR;Motociclista;28;MASCULINO;HERIDOS;0;0;0;;CARRERA 43A CALLE 37 SUR;;ZONA CENTRO;6.171131798040275, -75.5883133298985;CHOQUE;VEHICULO;NO REPORTADO;RESIDENCIAL;Normal;Desobedecer al agente  -  No mantener distancia de seguridad
2300753;11/08/2023;10:29:00 a. m.;Viernes;2023;Agosto;MOTOCICLETA;PARTICULAR;Motociclista;50;MASCULINO;MUERTOS;0;0;0;;CALLE 26BSUR FRENTE AL # 42B-100;;LAS ORQUIDEAS;6.177852, -75.580588;CHOQUE;VEHICULO;NO REPORTADO;RESIDENCIAL;Normal;Transitar entre vehiculos
2300754;10/08/2023;11:20:00 p. m.;Jueves;2023;Agosto;MOTOCICLETA;PARTICULAR;Acompañante;15;FEMENINO;HERIDOS;0;0;0;;CARRERA 43A CALLE 49D SUR;;LAS CASITAS;6.160777317435077, -75.60061501832753;CHOQUE;VEHICULO;NO REPORTADO;RESIDENCIAL;Normal;Desobedecer señales
2300755;10/08/2023;7:00:00 a. m.;Jueves;2023;Agosto;MOTOCICLETA;PARTICULAR;Motociclista;34;MASCULINO;HERIDOS;0;0;0;;CARRERA 36D FRENTE AL # 42SUR-50;;LAS ANTILLAS;6.156194036175285, -75.58734628127371;CHOQUE;VEHICULO;NO REPORTADO;RESIDENCIAL;Normal;Desobedecer señales
2300755;10/08/2023;7:00:00 a. m.;Jueves;2023;Agosto;MOTOCICLETA;PARTICULAR;Acompañante;29;FEMENINO;HERIDOS;0;0;0;;CARRERA 36D FRENTE AL # 42SUR-50;;LAS ANTILLAS;6.156194036175285, -75.58734628127371;CHOQUE;VEHICULO;NO REPORTADO;RESIDENCIAL;Normal;Desobedecer señales
2300756;10/08/2023;9:35:00 p. m.;Jueves;2023;Agosto;MOTOCICLETA;PARTICULAR;Motociclista;26;FEMENINO;HERIDOS;0;0;0;;TRANSVERSAL 34ASUR DIAGONAL 39;;OBRERO;6.172259447762766, -75.5845471714599;CHOQUE;VEHICULO;NO REPORTADO;RESIDENCIAL;Lluvia;Desobedecer señales
2300756;10/08/2023;9:35:00 p. m.;Jueves;2023;Agosto;MOTOCICLETA;PARTICULAR;Motociclista;39;MASCULINO;HERIDOS;0;0;0;;TRANSVERSAL 34ASUR DIAGONAL 39;;OBRERO;6.172259447762766, -75.5845471714599;CHOQUE;VEHICULO;NO REPORTADO;RESIDENCIAL;Lluvia;Desobedecer señales
2300757;10/08/2023;3:05:00 p. m.;Jueves;2023;Agosto;MOTOCICLETA;PARTICULAR;Motociclista;41;MASCULINO;HERIDOS;0;0;0;;CARRERA 48 FRENTE AL # 46ASUR-107;;LAS VEGAS;6.165641750863938, -75.6001856098198;CHOQUE;VEHICULO;NO REPORTADO;RESIDENCIAL;Normal;No mantener distancia de seguridad
2300758;10/08/2023;8:00:00 a. m.;Jueves;2023;Agosto;CAMIONETA;PARTICULAR;Conductor;28;FEMENINO;HERIDOS;0;0;0;;KILOMETRO 15+720;medellín palmas envigado (km 12 - km 16+700);VEREDA PALMAS;6.153511920266616, -75.54098155200218;CHOQUE;VEHICULO;NO REPORTADO;;Normal;No mantener distancia de seguridad
2300758;10/08/2023;8:00:00 a. m.;Jueves;2023;Agosto;CAMIONETA;PARTICULAR;Conductor;61;MASCULINO;HERIDOS;0;0;0;;KILOMETRO 15+720;medellín palmas envigado (km 12 - km 16+700);VEREDA PALMAS;6.153511920266616, -75.54098155200218;CHOQUE;VEHICULO;NO REPORTADO;;Normal;No mantener distancia de seguridad
2300759;10/08/2023;9:20:00 a. m.;Jueves;2023;Agosto;MOTOCICLETA;PARTICULAR;Motociclista;25;FEMENINO;HERIDOS;0;0;0;;CARRERA 50 ENTRE CALLE 30 SUR y  CALLE 26SUR;;LAS VEGAS;6.184829958439692, -75.58725526213536;CHOQUE;VEHICULO;NO REPORTADO;RESIDENCIAL;Normal;Adelantar cerrando
2300760;13/08/2023;6:30:00 a. m.;Domingo;2023;Agosto;BUS;PUBLICO;Pasajero;62;FEMENINO;HERIDOS;0;0;0;;CARRERA 29B CALLE 39SUR;;SAN JOSE;6.163926235998323, -75.58125849122229;OTRO;NO REPORTADO;NO REPORTADO;RESIDENCIAL;Normal;ABRIR LAS PUERTAS SIN PRECAUCION
2300761;11/08/2023;12:50:00 a. m.;Viernes;2023;Agosto;MOTOCICLETA;PARTICULAR;Acompañante;26;FEMENINO;HERIDOS;0;0;0;;CALLE 27SUR FRENTE AL # 28-181;;ALTO DE MISAEL;6.178279358091946, -75.5771771559461;CHOQUE;VEHICULO;NO REPORTADO;RESIDENCIAL;Normal;Adelantar invadiendo carril de sentido contrario
2300761;11/08/2023;12:50:00 a. m.;Viernes;2023;Agosto;MOTOCICLETA;PARTICULAR;Motociclista;20;MASCULINO;HERIDOS;0;0;0;;CALLE 27SUR FRENTE AL # 28-181;;ALTO DE MISAEL;6.178279358091946, -75.5771771559461;CHOQUE;VEHICULO;NO REPORTADO;RESIDENCIAL;Normal;Adelantar invadiendo carril de sentido contrario
2300762;11/08/2023;5:10:00 p. m.;Viernes;2023;Agosto;MOTOCICLETA;PARTICULAR;Motociclista;24;FEMENINO;HERIDOS;0;0;0;;CALLE 39B SUR CARRERA 31;;SAN JOSE;6.163518881154728, -75.58246537338663;CHOQUE;VEHICULO;NO REPORTADO;RESIDENCIAL;Normal;Desobedecer señales  -  Transitar en contravia
2300762;11/08/2023;5:10:00 p. m.;Viernes;2023;Agosto;MOTOCICLETA;PARTICULAR;Acompañante;37;FEMENINO;HERIDOS;0;0;0;;CALLE 39B SUR CARRERA 31;;SAN JOSE;6.163518881154728, -75.58246537338663;CHOQUE;VEHICULO;NO REPORTADO;RESIDENCIAL;Normal;Desobedecer señales  -  Transitar en contravia
2300763;11/08/2023;3:11:00 p. m.;Viernes;2023;Agosto;MOTOCICLETA;PARTICULAR;Motociclista;28;MASCULINO;HERIDOS;0;0;0;;CALLE 39SUR CARRERA 40;;ZONA CENTRO;6.167354844740869, -75.58677342432192;CHOQUE;VEHICULO;NO REPORTADO;RESIDENCIAL;Normal;Desobedecer señales
2300764;12/08/2023;12:51:00 a. m.;Sábado;2023;Agosto;AUTOMOVIL;PARTICULAR;Conductor;40;MASCULINO;HERIDOS;1;0;2;140;CARRERA 43A CALLE 45BSUR;;LA PAZ;6.164795244694668, -75.5949170337684;CHOQUE;VEHICULO;NO REPORTADO;RESIDENCIAL;Normal;Desobedecer señales  -  Embriaguez o droga
2300765;13/08/2023;11:40:00 a. m.;Domingo;2023;Agosto;MOTOCICLETA;PARTICULAR;Acompañante;35;FEMENINO;HERIDOS;0;0;0;;CALLE 36DSUR CARRERA 27;;LA PRADERA;6.16225321133412, -75.57010272667729;CAIDA OCUPANTE;NO REPORTADO;NO REPORTADO;RESIDENCIAL;Normal;Impericia en el manejo
2300766;14/08/2023;4:00:00 a. m.;Lunes;2023;Agosto;MOTOCICLETA;PARTICULAR;Motociclista;33;MASCULINO;HERIDOS;0;0;0;;KILOMETRO 15+830;medellín palmas envigado (km 12 - km 16+700);VEREDA PALMAS;6.152979412749249, -75.53990979371535;CAIDA OCUPANTE;NO REPORTADO;NO REPORTADO;;Normal;Exceso de velocidad  -  Reverso imprudente
2300767;13/08/2023;6:40:00 p. m.;Domingo;2023;Agosto;MOTOCICLETA;PARTICULAR;Acompañante;43;MASCULINO;HERIDOS;0;0;0;;CARRERA 50 FRENTE AL #26SUR- 63;;LAS VEGAS;6.1845802420591065, -75.58741294242039;CHOQUE;VEHICULO;NO REPORTADO;RESIDENCIAL;Normal;Desobedecer señales
2300767;13/08/2023;6:40:00 p. m.;Domingo;2023;Agosto;MOTOCICLETA;PARTICULAR;Motociclista;30;MASCULINO;HERIDOS;0;0;0;;CARRERA 50 FRENTE AL #26SUR- 63;;LAS VEGAS;6.1845802420591065, -75.58741294242039;CHOQUE;VEHICULO;NO REPORTADO;RESIDENCIAL;Normal;Desobedecer señales