NRO_RADICADO;FECHA_ACCIDENTE;HORA_ACCIDENTE;Día de la semana;AÑO;MES;CLASE_VEHICULO;TIPO_SERVICIO;TIPO_VICTIMA;EDAD;GENERO;GRAVEDAD;ESTADO_BEODEZ;ESTADO_DROGA;RESULTADO_BEODEZ;RESUL_BEODEZ_GRAMOS;DIRECCION_CARACT_VIA;TRAMO_VIA;LOCALIDAD_O_COMUNA;    GEORREFERENCIACIÓN;DESC_CLASE_ACCIDENTE;DESC_CHOQUE_ACCIDENTE;DESC_OBJETO_FIJO;DESC_SECTOR_ACCIDENTE;CONDICION_CLIMATICA;CAUSA_ACCIDENTE
2300768;14/08/2023;11:45:00 a. m.;Lunes;2023;Agosto;MOTOCICLETA;PARTICULAR;Motociclista;23;MASCULINO;HERIDOS;0;0;0;;CALLE 30SUR CARRERA 50;;LAS VEGAS;6.180383537137175, -75.59036317521287;CHOQUE;VEHICULO;NO REPORTADO;INDUSTRIAL;Normal;Arrancar sin precaucion  -  Vehiculo mal estacionado
2300769;14/08/2023;6:40:00 a. m.;Lunes;2023;Agosto;MOTOCICLETA;PARTICULAR;Peaton;9;MASCULINO;HERIDOS;0;0;0;;KILOMETRO 11+760;retiro varia palmas enviga (km 5+43 - km 14+ 550);VEREDA PALMAS;6.15984375485984, -75.51586263835613;ATROPELLO;NO REPORTADO;NO REPORTADO;;Normal;Cruzar sin observar
2300769;14/08/2023;6:40:00 a. m.;Lunes;2023;Agosto;MOTOCICLETA;PARTICULAR;Motociclista;59;MASCULINO;HERIDOS;0;0;0;;KILOMETRO 11+760;retiro varia palmas enviga (km 5+43 - km 14+ 550);VEREDA PALMAS;6.15984375485984, -75.51586263835613;ATROPELLO;NO REPORTADO;NO REPORTADO;;Normal;Cruzar sin observar
2300770;14/08/2023;7:00:00 a. m.;Lunes;2023;Agosto;MOTOCICLETA;PARTICULAR;Motociclista;25;MASCULINO;HERIDOS;0;0;0;;KILOMETRO 1;el escobero - km 0-13);VEREDA EL ESCOBERO;6.14660615160235, -75.56145197638465;CHOQUE;VEHICULO;NO REPORTADO;;Normal;Adelantar en curva  -  Desobedecer señales
2300771;14/08/2023;12:20:00 p. m.;Lunes;2023;Agosto;MOTOCICLETA;PARTICULAR;Motociclista;48;MASCULINO;HERIDOS;0;0;0;;CARRERA 50 ENTRE CALLE 49SUR y CALLE 50SUR;;LAS VEGAS;6.163623381673584, -75.60388331653309;CHOQUE;VEHICULO;NO REPORTADO;RESIDENCIAL;Normal;No mantener distancia de seguridad
2300772;14/08/2023;1:20:00 p. m.;Lunes;2023;Agosto;MOTOCICLETA;PARTICULAR;Motociclista;22;MASCULINO;HERIDOS;0;0;0;;CARRERA 40 CALLE 48SUR;;EL TRIANON;6.158718289838215, -75.59467515855671;CHOQUE;VEHICULO;NO REPORTADO;RESIDENCIAL;Normal;No respetar pelacion de interseccion o giros
2300773;14/08/2023;6:00:00 p. m.;Lunes;2023;Agosto;MOTOCICLETA;PARTICULAR;Motociclista;16;MASCULINO;HERIDOS;0;0;0;;CALLE 39BSUR CARRERA 29;;SAN JOSE;6.1621218628604275, -75.58104316583173;CHOQUE;VEHICULO;NO REPORTADO;RESIDENCIAL;Normal;Desobedecer señales  -  No mantener distancia de seguridad
2300774;14/08/2023;6:45:00 a. m.;Lunes;2023;Agosto;MOTOCICLETA;PARTICULAR;Motociclista;37;MASCULINO;HERIDOS;0;0;0;;KILOMETRO 2+300;el escobero - km 0-13);VEREDA EL ESCOBERO;6.138949754205623, -75.55822227977936;CAIDA OCUPANTE;NO REPORTADO;NO REPORTADO;;Normal;Impericia en el manejo
2300775;15/08/2023;12:15:00 a. m.;Martes;2023;Agosto;MOTOCICLETA;PARTICULAR;Motociclista;29;MASCULINO;HERIDOS;0;0;0;;CARRERA 36 ENTRE CALLE 39BSUR y CALLE 40AASUR;;MESA;6.165048082448708, -75.58524144632936;CAIDA OCUPANTE;NO REPORTADO;NO REPORTADO;RESIDENCIAL;Normal;Superficie humeda
2300775;15/08/2023;12:15:00 a. m.;Martes;2023;Agosto;MOTOCICLETA;PARTICULAR;Acompañante;30;FEMENINO;HERIDOS;0;0;0;;CARRERA 36 ENTRE CALLE 39BSUR y CALLE 40AASUR;;MESA;6.165048082448708, -75.58524144632936;CAIDA OCUPANTE;NO REPORTADO;NO REPORTADO;RESIDENCIAL;Normal;Superficie humeda
2300776;14/08/2023;2:00:00 p. m.;Lunes;2023;Agosto;MOTOCICLETA;PARTICULAR;Acompañante;24;MASCULINO;HERIDOS;0;0;0;;CARRERA 42B CALLE 46CSUR;;LA PAZ;6.161289823367451, -75.59495015066321;CHOQUE;VEHICULO;NO REPORTADO;RESIDENCIAL;Normal;Desobedecer señales
2300776;14/08/2023;2:00:00 p. m.;Lunes;2023;Agosto;MOTOCICLETA;PARTICULAR;Motociclista;28;MASCULINO;HERIDOS;0;0;0;;CARRERA 42B CALLE 46CSUR;;LA PAZ;6.161289823367451, -75.59495015066321;CHOQUE;VEHICULO;NO REPORTADO;RESIDENCIAL;Normal;Desobedecer señales
2300777;14/08/2023;4:15:00 p. m.;Lunes;2023;Agosto;MOTOCICLETA;PARTICULAR;Motociclista;27;FEMENINO;HERIDOS;0;0;0;;CALLE 37SUR CARRERA 50;;LAS VEGAS;6.175250820441782, -75.59511768712767;CHOQUE;VEHICULO;NO REPORTADO;RESIDENCIAL;Normal;Otra-Conductor
2300778;15/08/2023;6:50:00 a. m.;Martes;2023;Agosto;MOTOCICLETA;PARTICULAR;Motociclista;33;MASCULINO;HERIDOS;0;0;0;;TRANSVERSAL 34A SUR DIAGONAL 32B;;OBRERO;6.172727115702006, -75.58232507250068;CHOQUE;VEHICULO;NO REPORTADO;RESIDENCIAL;Normal;Desobedecer señales
2300778;15/08/2023;6:50:00 a. m.;Martes;2023;Agosto;MOTOCICLETA;PARTICULAR;Acompañante;15;FEMENINO;HERIDOS;0;0;0;;TRANSVERSAL 34A SUR DIAGONAL 32B;;OBRERO;6.172727115702006, -75.58232507250068;CHOQUE;VEHICULO;NO REPORTADO;RESIDENCIAL;Normal;Desobedecer señales
2300779;15/08/2023;8:10:00 p. m.;Martes;2023;Agosto;MOTOCICLETA;PARTICULAR;Motociclista;29;FEMENINO;HERIDOS;0;0;0;;CALLE 39DSUR CARRERA 25;;EL CHINGUÍ;6.1539718592261865, -75.57752978109686;CHOQUE;VEHICULO;NO REPORTADO;RESIDENCIAL;Normal;Ausencia o deficencia en demarcacion  -  Desobedecer señales
2300780;16/08/2023;7:30:00 p. m.;Miércoles;2023;Agosto;MOTOCICLETA;PARTICULAR;Acompañante;21;FEMENINO;HERIDOS;0;0;0;;CALLE 39SUR CARRERA 27B;;SAN JOSE;6.158992852616835, -75.57889153689932;VOLCAMIENTO;NO REPORTADO;NO REPORTADO;RESIDENCIAL;Normal;Adelantar en zona prohibida
2300781;16/08/2023;9:30:00 a. m.;Miércoles;2023;Agosto;MOTOCICLETA;OFICIAL;Motociclista;29;MASCULINO;HERIDOS;0;0;0;;CARRERA 48 FRENTE AL # 30SUR-48;;LAS VEGAS;6.179246955043772, -75.58832801151257;CAIDA OCUPANTE;NO REPORTADO;NO REPORTADO;RESIDENCIAL;Normal;Impericia en el manejo
2300782;16/08/2023;6:30:00 a. m.;Miércoles;2023;Agosto;MOTOCICLETA;PARTICULAR;Acompañante;30;MASCULINO;HERIDOS;0;0;0;;CARRERA 42 CALLE 33BSUR;;ZONA CENTRO;6.172612860004692, -75.58555464780304;CHOQUE;VEHICULO;NO REPORTADO;RESIDENCIAL;Normal;Desobedecer señales
2300782;16/08/2023;6:30:00 a. m.;Miércoles;2023;Agosto;MOTOCICLETA;PARTICULAR;Motociclista;27;MASCULINO;HERIDOS;0;0;0;;CARRERA 42 CALLE 33BSUR;;ZONA CENTRO;6.172612860004692, -75.58555464780304;CHOQUE;VEHICULO;NO REPORTADO;RESIDENCIAL;Normal;Desobedecer señales
2300783;16/08/2023;2:40:00 p. m.;Miércoles;2023;Agosto;BICICLETA;;Ciclista;32;MASCULINO;HERIDOS;0;0;0;;CARRERA 48 CALLE 50SUR;;LAS VEGAS;6.162072458716961, -75.60353659646475;CHOQUE;VEHICULO;NO REPORTADO;RESIDENCIAL;Normal;Adelantar cerrando
2300784;16/08/2023;8:15:00 p. m.;Miércoles;2023;Agosto;MOTOCICLETA;PARTICULAR;Motociclista;20;MASCULINO;HERIDOS;0;0;0;;CALLE 41AASUR CARRERA 24DD;;SAN RAFAEL;6.153331674673829, -75.58470943147586;CHOQUE;VEHICULO;NO REPORTADO;RESIDENCIAL;Normal;Adelantar en curva
2300785;17/08/2023;11:30:00 a. m.;Jueves;2023;Agosto;MOTOCICLETA;PARTICULAR;Motociclista;31;MASCULINO;HERIDOS;0;0;0;;KILOMETRO 2;pantanill;VEREDA PANTANILLO;6.188193272058501, -75.49072434862627;CHOQUE;VEHICULO;NO REPORTADO;;Normal;Desobedecer señales
2300786;17/08/2023;5:00:00 a. m.;Jueves;2023;Agosto;MOTOCICLETA;PARTICULAR;Acompañante;54;MASCULINO;HERIDOS;0;0;0;;CALLE 25SUR ENTRE CARRERA 42A y CARRERA 42B;;LAS ORQUIDEAS;6.179583048048794, -75.58014370887645;CHOQUE;VEHICULO;NO REPORTADO;RESIDENCIAL;Normal;Desobedecer señales
2300786;17/08/2023;5:00:00 a. m.;Jueves;2023;Agosto;MOTOCICLETA;PARTICULAR;Motociclista;27;MASCULINO;HERIDOS;0;0;0;;CALLE 25SUR ENTRE CARRERA 42A y CARRERA 42B;;LAS ORQUIDEAS;6.179583048048794, -75.58014370887645;CHOQUE;VEHICULO;NO REPORTADO;RESIDENCIAL;Normal;Desobedecer señales
2300786;17/08/2023;5:00:00 a. m.;Jueves;2023;Agosto;MOTOCICLETA;PARTICULAR;Motociclista;29;MASCULINO;HERIDOS;0;0;0;;CALLE 25SUR ENTRE CARRERA 42A y CARRERA 42B;;LAS ORQUIDEAS;6.179583048048794, -75.58014370887645;CHOQUE;VEHICULO;NO REPORTADO;RESIDENCIAL;Normal;Desobedecer señales
2300787;16/08/2023;3:40:00 p. m.;Miércoles;2023;Agosto;MOTOCICLETA;PARTICULAR;Motociclista;28;FEMENINO;HERIDOS;0;0;0;;CARRERA 42 CALLE 40SUR;;EL DORADO;6.167434096169036, -75.58873222945071;CHOQUE;VEHICULO;NO REPORTADO;RESIDENCIAL;Normal;Girar bruscamente  -  Transitar sin luces
2300788;17/08/2023;12:15:00 p. m.;Jueves;2023;Agosto;MOTOCICLETA;PARTICULAR;Acompañante;27;FEMENINO;HERIDOS;0;0;0;;CARRERA 41 FRENTE AL # 38SUR- 50;;ZONA CENTRO;6.168784249169271, -75.58678612060396;CHOQUE;VEHICULO;NO REPORTADO;RESIDENCIAL;Normal;Adelantar por la derecha
2300789;18/08/2023;7:35:00 a. m.;Viernes;2023;Agosto;MOTOCICLETA;PARTICULAR;Motociclista;37;MASCULINO;HERIDOS;0;0;0;;KILOMETRO 13+490;retiro varia palmas enviga (km 5+43 - km 14+ 550);VEREDA PALMAS;6.159311356624872, -75.53027973757908;CAIDA OCUPANTE;NO REPORTADO;NO REPORTADO;;Normal;Otra-Conductor
2300789;18/08/2023;7:35:00 a. m.;Viernes;2023;Agosto;MOTOCICLETA;PARTICULAR;Acompañante;37;FEMENINO;HERIDOS;0;0;0;;KILOMETRO 13+490;retiro varia palmas enviga (km 5+43 - km 14+ 550);VEREDA PALMAS;6.159311356624872, -75.53027973757908;CAIDA OCUPANTE;NO REPORTADO;NO REPORTADO;;Normal;Otra-Conductor
2300790;19/08/2023;3:28:00 p. m.;Sábado;2023;Agosto;MOTOCICLETA;PARTICULAR;Motociclista;44;MASCULINO;HERIDOS;0;0;0;;CARRERA 48 CALLE 27ASUR;;LAS VEGAS;6.181381580025086, -75.58697067575113;ATROPELLO;NO REPORTADO;NO REPORTADO;RESIDENCIAL;Normal;Transitar entre vehiculos
2300790;19/08/2023;3:28:00 p. m.;Sábado;2023;Agosto;MOTOCICLETA;PARTICULAR;Peaton;48;FEMENINO;HERIDOS;0;0;0;;CARRERA 48 CALLE 27ASUR;;LAS VEGAS;6.181381580025086, -75.58697067575113;ATROPELLO;NO REPORTADO;NO REPORTADO;RESIDENCIAL;Normal;Transitar entre vehiculos
2300791;19/08/2023;12:50:00 p. m.;Sábado;2023;Agosto;CAMIONETA;PUBLICO;Conductor;56;MASCULINO;HERIDOS;0;0;0;;KILOMETRO 15+350;medellín palmas envigado (km 12 - km 16+700);VEREDA PALMAS;6.1533940342977305, -75.5433647418302;CHOQUE;OBJETO FIJO;OTRO TIPO;;Normal;Impericia en el manejo
2300791;19/08/2023;12:50:00 p. m.;Sábado;2023;Agosto;CAMIONETA;PUBLICO;Acompañante;39;FEMENINO;HERIDOS;0;0;0;;KILOMETRO 15+350;medellín palmas envigado (km 12 - km 16+700);VEREDA PALMAS;6.1533940342977305, -75.5433647418302;CHOQUE;OBJETO FIJO;OTRO TIPO;;Normal;Impericia en el manejo
2300792;17/08/2023;7:10:00 p. m.;Jueves;2023;Agosto;AUTOMOVIL;PARTICULAR;Acompañante;55;FEMENINO;HERIDOS;0;0;0;;CARRERA 27 CALLE 23SUR;;ZUÑIGA;6.176695954699753, -75.56760556840894;CHOQUE;VEHICULO;NO REPORTADO;RESIDENCIAL;Normal;No mantener distancia de seguridad
2300793;17/08/2023;12:40:00 p. m.;Jueves;2023;Agosto;MOTOCICLETA;PARTICULAR;Motociclista;29;MASCULINO;HERIDOS;0;0;0;;CALLE 27DSUR FRENTE AL #28-71;;ALTO DE MISAEL;6.1745697943304005, -75.57559034692527;CHOQUE;VEHICULO;NO REPORTADO;RESIDENCIAL;Normal;Otra-Conductor
2300794;17/08/2023;7:40:00 a. m.;Jueves;2023;Agosto;MOTOCICLETA;PARTICULAR;Motociclista;30;MASCULINO;HERIDOS;0;0;0;;KILOMETRO 13+840;retiro varia palmas enviga (km 5+43 - km 14+ 550);VEREDA PALMAS;6.158091669239099, -75.53307254468766;CHOQUE;VEHICULO;NO REPORTADO;;Normal;Desobedecer señales  -  No mantener distancia de seguridad
2300795;18/08/2023;9:10:00 p. m.;Viernes;2023;Agosto;MOTOCICLETA;PARTICULAR;Peaton;32;FEMENINO;HERIDOS;0;0;0;;CARRERA 43A CALLE 33BSUR;;SAN MARCOS;6.173356250177624, -75.58684694419422;ATROPELLO;NO REPORTADO;NO REPORTADO;RESIDENCIAL;Normal;Desobedecer señales
2300795;18/08/2023;9:10:00 p. m.;Viernes;2023;Agosto;MOTOCICLETA;PARTICULAR;Peaton;31;MASCULINO;HERIDOS;0;0;0;;CARRERA 43A CALLE 33BSUR;;SAN MARCOS;6.173356250177624, -75.58684694419422;ATROPELLO;NO REPORTADO;NO REPORTADO;RESIDENCIAL;Normal;Desobedecer señales
2300795;18/08/2023;9:10:00 p. m.;Viernes;2023;Agosto;MOTOCICLETA;PARTICULAR;Motociclista;17;MASCULINO;HERIDOS;0;0;0;;CARRERA 43A CALLE 33BSUR;;SAN MARCOS;6.173356250177624, -75.58684694419422;ATROPELLO;NO REPORTADO;NO REPORTADO;RESIDENCIAL;Normal;Desobedecer señales
2300796;21/08/2023;6:05:00 p. m.;Lunes;2023;Agosto;AUTOMOVIL;PARTICULAR;Acompañante;70;FEMENINO;HERIDOS;0;0;0;;CARRERA 41 FRENTE A # 21SUR-42;;ZUÑIGA;6.180817532777221, -75.57697895210895;CHOQUE;VEHICULO;NO REPORTADO;RESIDENCIAL;Normal;Adelantar en zona prohibida  -  Desobedecer señales
2300797;21/08/2023;7:20:00 p. m.;Lunes;2023;Agosto;MOTOCICLETA;PARTICULAR;Acompañante;33;FEMENINO;HERIDOS;0;0;0;;CALLE 37SUR ENTRE CARRERA 48 y CARRERA 49;;LAS VEGAS;6.1741847760864506, -75.5932155820535;CAIDA OCUPANTE;NO REPORTADO;NO REPORTADO;RESIDENCIAL;Normal;Ausencia parcial o total de se?ales  -  Huecos
2300797;21/08/2023;7:20:00 p. m.;Lunes;2023;Agosto;MOTOCICLETA;PARTICULAR;Motociclista;27;FEMENINO;HERIDOS;0;0;0;;CALLE 37SUR ENTRE CARRERA 48 y CARRERA 49;;LAS VEGAS;6.1741847760864506, -75.5932155820535;CAIDA OCUPANTE;NO REPORTADO;NO REPORTADO;RESIDENCIAL;Normal;Ausencia parcial o total de se?ales  -  Huecos
2300798;22/08/2023;8:30:00 p. m.;Martes;2023;Agosto;MOTOCICLETA;PARTICULAR;Motociclista;37;MASCULINO;HERIDOS;0;0;0;;CALLE 26SUR CARRERA 42B;;LAS ORQUIDEAS;6.178094980598677, -75.57997188837868;CHOQUE;VEHICULO;NO REPORTADO;RESIDENCIAL;Normal;Falta de precaucion niebla, lluvia, humo  -  No mantener distancia de seguridad
2300798;22/08/2023;8:30:00 p. m.;Martes;2023;Agosto;MOTOCICLETA;PARTICULAR;Motociclista;32;MASCULINO;HERIDOS;0;0;0;;CALLE 26SUR CARRERA 42B;;LAS ORQUIDEAS;6.178094980598677, -75.57997188837868;CHOQUE;VEHICULO;NO REPORTADO;RESIDENCIAL;Normal;Falta de precaucion niebla, lluvia, humo  -  No mantener distancia de seguridad
2300799;22/08/2023;11:40:00 a. m.;Martes;2023;Agosto;MOTOCICLETA;PARTICULAR;Motociclista;23;MASCULINO;HERIDOS;0;0;0;;CARRERA 27 CALLE 23SUR;;ZUÑIGA;6.176695954699753, -75.56760556840894;CHOQUE;VEHICULO;NO REPORTADO;RESIDENCIAL;Normal;No respetar pelacion de interseccion o giros
2300800;22/08/2023;7:55:00 a. m.;Martes;2023;Agosto;MOTOCICLETA;PARTICULAR;Motociclista;19;MASCULINO;HERIDOS;0;0;0;;CARRERA 48 FRENTE AL #49SUR-40;;LAS CASITAS;6.162784539615555, -75.6028049671505;CHOQUE;VEHICULO;NO REPORTADO;RESIDENCIAL;Normal;No mantener distancia de seguridad
2300801;24/08/2023;12:11:00 a. m.;Jueves;2023;Agosto;AUTOMOVIL;PARTICULAR;Acompañante;48;MASCULINO;HERIDOS;0;0;0;;CARRERA 30 FRENTE AL #41SUR-16;;SAN RAFAEL;6.160181395786801, -75.5852446768812;CHOQUE;VEHICULO;NO REPORTADO;RESIDENCIAL;Normal;Arrancar sin precaucion
2300802;23/08/2023;9:10:00 a. m.;Miércoles;2023;Agosto;MOTOCICLETA;PARTICULAR;Acompañante;32;FEMENINO;HERIDOS;0;0;0;;CARRERA 43A CALLE 48DSUR;;PRIMAVERA;6.161361674799087, -75.59926942146495;CHOQUE;VEHICULO;NO REPORTADO;RESIDENCIAL;Normal;No respetar pelacion de interseccion o giros
2300802;23/08/2023;9:10:00 a. m.;Miércoles;2023;Agosto;MOTOCICLETA;PARTICULAR;Motociclista;29;FEMENINO;HERIDOS;0;0;0;;CARRERA 43A CALLE 48DSUR;;PRIMAVERA;6.161361674799087, -75.59926942146495;CHOQUE;VEHICULO;NO REPORTADO;RESIDENCIAL;Normal;No respetar pelacion de interseccion o giros
2300803;23/08/2023;3:10:00 p. m.;Miércoles;2023;Agosto;MOTOCICLETA;PARTICULAR;Motociclista;27;MASCULINO;HERIDOS;0;0;0;;CARRERA 40 B FRENTE AL # 53BSUR-30;;LOMA DEL BARRO;6.155627128231768, -75.60331343942228;CHOQUE;VEHICULO;NO REPORTADO;RESIDENCIAL;Normal;Otra-Conductor
2300804;23/08/2023;8:10:00 p. m.;Miércoles;2023;Agosto;MOTOCICLETA;PARTICULAR;Motociclista;27;MASCULINO;HERIDOS;0;0;0;;CALLE 45BSUR FRENTE AL #37-75;;LAS ANTILLAS;6.1581009974326655, -75.58920084305679;CHOQUE;VEHICULO;NO REPORTADO;RESIDENCIAL;Normal;Otra-Conductor
2300805;24/08/2023;8:05:00 a. m.;Jueves;2023;Agosto;MOTOCICLETA;PARTICULAR;Peaton;50;MASCULINO;HERIDOS;0;0;0;;CARRERA 41A FRENTE AL # 40BSUR-04;;EL DORADO;6.166642516185618, -75.58860184881392;ATROPELLO;NO REPORTADO;NO REPORTADO;RESIDENCIAL;Normal;Desobedecer señales
2300806;24/08/2023;8:00:00 a. m.;Jueves;2023;Agosto;MOTOCICLETA;PARTICULAR;Acompañante;37;FEMENINO;HERIDOS;0;0;0;;CARRERA 43A ENTRE CALLE 24SUR y CALLE 25SUR;;LAS ORQUIDEAS;6.18158798686585, -75.58112552236318;CAIDA OCUPANTE;NO REPORTADO;NO REPORTADO;RESIDENCIAL;Normal;Impericia en el manejo
2300806;24/08/2023;8:00:00 a. m.;Jueves;2023;Agosto;MOTOCICLETA;PARTICULAR;Motociclista;35;MASCULINO;HERIDOS;0;0;0;;CARRERA 43A ENTRE CALLE 24SUR y CALLE 25SUR;;LAS ORQUIDEAS;6.18158798686585, -75.58112552236318;CAIDA OCUPANTE;NO REPORTADO;NO REPORTADO;RESIDENCIAL;Normal;Impericia en el manejo
2300807;24/08/2023;11:00:00 p. m.;Jueves;2023;Agosto;AUTOMOVIL;PARTICULAR;Conductor;36;MASCULINO;HERIDOS;0;0;0;;CALLE 37SUR CARRERA 32;;LOS NARANJOS;6.166597393794897, -75.58117642122882;CHOQUE;VEHICULO;NO REPORTADO;RESIDENCIAL;Normal;Desobedecer señales
2300808;23/08/2023;7:30:00 a. m.;Miércoles;2023;Agosto;CUADRICICLO;PARTICULAR;Conductor;29;FEMENINO;HERIDOS;0;0;0;;KILOMETRO 9+070;;VEREDA PANTANILLO;6.168123821637415, -75.50103455231465;CHOQUE;VEHICULO;NO REPORTADO;;Normal;No mantener distancia de seguridad
2300808;23/08/2023;7:30:00 a. m.;Miércoles;2023;Agosto;AUTOMOVIL;PARTICULAR;Acompañante;35;MASCULINO;HERIDOS;0;0;0;;KILOMETRO 9+070;;VEREDA PANTANILLO;6.168123821637415, -75.50103455231465;CHOQUE;VEHICULO;NO REPORTADO;;Normal;No mantener distancia de seguridad
2300809;26/08/2023;9:20:00 p. m.;Sábado;2023;Agosto;CAMIONETA;PARTICULAR;Acompañante;11;MASCULINO;HERIDOS;0;0;0;;CALLE 39SUR FRENTE AL #31-50;;MESA;6.164475167414662, -75.58232238300425;CHOQUE;VEHICULO;NO REPORTADO;RESIDENCIAL;Normal;Frenar bruscamente  -  No mantener distancia de seguridad
2300810;26/08/2023;8:10:00 a. m.;Sábado;2023;Agosto;MOTOCICLETA;PARTICULAR;Motociclista;24;MASCULINO;HERIDOS;0;0;0;;CARRERA 43A FRENTE AL #48CSUR-237;;PRIMAVERA;6.1611676397016195, -75.59965532136282;CHOQUE;VEHICULO;NO REPORTADO;RESIDENCIAL;Normal;Estacionar sin seguridad  -  Vehiculo mal estacionado
2300811;24/08/2023;9:50:00 p. m.;Jueves;2023;Agosto;MOTOCICLETA;PARTICULAR;Motociclista;25;MASCULINO;HERIDOS;0;0;0;;CALLE 36A SUR CARRERA 27A;;LA PRADERA;6.16304288379793, -75.57183932706977;CHOQUE;VEHICULO;NO REPORTADO;RESIDENCIAL;Normal;Desobedecer señales
2300812;23/08/2023;5:30:00 p. m.;Miércoles;2023;Agosto;MOTOCICLETA;PARTICULAR;Motociclista;27;MASCULINO;HERIDOS;0;0;0;;KILOMETRO 12+400;retiro varia palmas enviga (km 5+43 - km 14+ 550);VEREDA PALMAS;6.159083880585785, -75.52112720288686;CAIDA OCUPANTE;NO REPORTADO;NO REPORTADO;;Normal;Impericia en el manejo
2300812;23/08/2023;5:30:00 p. m.;Miércoles;2023;Agosto;MOTOCICLETA;PARTICULAR;Acompañante;25;FEMENINO;HERIDOS;0;0;0;;KILOMETRO 12+400;retiro varia palmas enviga (km 5+43 - km 14+ 550);VEREDA PALMAS;6.159083880585785, -75.52112720288686;CAIDA OCUPANTE;NO REPORTADO;NO REPORTADO;;Normal;Impericia en el manejo
2300813;25/08/2023;11:28:00 p. m.;Viernes;2023;Agosto;CAMIONETA;PARTICULAR;Acompañante;17;MASCULINO;HERIDOS;0;0;0;;KILOMETRO 12+410;medellín palmas envigado (km 12 - km 16+700);VEREDA PALMAS;6.170551812777036, -75.54582185046056;CHOQUE;OBJETO FIJO;OTRO TIPO;;Normal;Impericia en el manejo
2300814;25/08/2023;8:35:00 p. m.;Viernes;2023;Agosto;AUTOMOVIL;;Peaton;50;FEMENINO;HERIDOS;0;0;0;;CALLE 48BSUR CARRERA 40;;EL TRIANON;6.1583205836769315, -75.5953406956965;ATROPELLO;NO REPORTADO;NO REPORTADO;RESIDENCIAL;Normal;Reverso imprudente
2300815;25/08/2023;11:00:00 a. m.;Viernes;2023;Agosto;MOTOCICLETA;PARTICULAR;Motociclista;53;MASCULINO;HERIDOS;0;0;0;;CALLE 37SUR FRENTE AL #47-45;;EL PORTAL;6.17332718285683, -75.59184004233305;CHOQUE;VEHICULO;NO REPORTADO;RESIDENCIAL;Normal;No mantener distancia de seguridad
2300816;25/08/2023;6:45:00 a. m.;Viernes;2023;Agosto;MOTOCICLETA;PARTICULAR;Motociclista;65;MASCULINO;HERIDOS;0;0;0;;CARRERA 48 CALLE 40SUR;;LAS VEGAS;6.169985393957041, -75.59565270185556;CHOQUE;VEHICULO;NO REPORTADO;RESIDENCIAL;Normal;No mantener distancia de seguridad
2300817;28/08/2023;9:35:00 p. m.;Lunes;2023;Agosto;MOTOCICLETA;PARTICULAR;Motociclista;25;MASCULINO;HERIDOS;0;0;0;;CARRERA 48 CALLE 32BSUR;;LAS VEGAS;6.1771312587881235, -75.59004749247258;CHOQUE;VEHICULO;NO REPORTADO;RESIDENCIAL;Normal;Adelantar por la derecha
2300818;26/08/2023;10:50:00 a. m.;Sábado;2023;Agosto;MOTOCICLETA;PARTICULAR;Motociclista;21;MASCULINO;HERIDOS;0;0;0;;CARRERA 30 FRENTE AL #40SUR-117;;SAN JOSE;6.162137207618252, -75.58267553847564;CHOQUE;VEHICULO;NO REPORTADO;RESIDENCIAL;Normal;Desobedecer señales
2300822;26/08/2023;8:00:00 p. m.;Sábado;2023;Agosto;MOTOCICLETA;PARTICULAR;Motociclista;31;MASCULINO;HERIDOS;0;0;0;;CALLE 33BSUR CARRERA 45;;SAN MARCOS;6.174066616358769, -75.58802356375936;CHOQUE;VEHICULO;NO REPORTADO;RESIDENCIAL;Normal;Desobedecer señales
2300823;26/08/2023;7:00:00 p. m.;Sábado;2023;Agosto;MOTOCICLETA;PARTICULAR;Motociclista;31;MASCULINO;HERIDOS;0;0;0;;CARRERA 40 CALLE 48SUR;;EL TRIANON;6.158718289838215, -75.59467515855671;CHOQUE;VEHICULO;NO REPORTADO;RESIDENCIAL;Normal;Desobedecer señales
2300824;26/08/2023;9:20:00 a. m.;Sábado;2023;Agosto;MOTOCICLETA;PARTICULAR;Motociclista;21;MASCULINO;HERIDOS;0;0;0;;CALLE 38SUR FRENTE AL #45A-09;;ALCALA;6.171215043820365, -75.59048336598843;CHOQUE;VEHICULO;NO REPORTADO;RESIDENCIAL;Normal;Adelantar por la derecha
2300825;27/08/2023;5:50:00 p. m.;Domingo;2023;Agosto;MOTOCICLETA;PARTICULAR;Motociclista;21;FEMENINO;HERIDOS;0;0;0;;CARRERA 50 FRENTE AL #39SUR-100;;LAS VEGAS;6.173303607160337, -75.59788796574267;CAIDA OCUPANTE;NO REPORTADO;NO REPORTADO;RESIDENCIAL;Normal;Impericia en el manejo
2300826;27/08/2023;7:00:00 p. m.;Domingo;2023;Agosto;AUTOMOVIL;PARTICULAR;Conductor;34;FEMENINO;HERIDOS;0;0;0;;CALLE 38SUR ENTRE CARRERA 49 Y CARRERA 48;;LAS VEGAS;6.174604, -75.594263;CHOQUE;VEHICULO;NO REPORTADO;RESIDENCIAL;Normal;Impericia en el manejo