NRO_RADICADO;FECHA_ACCIDENTE;HORA_ACCIDENTE;Día de la semana;AÑO;MES;CLASE_VEHICULO;TIPO_SERVICIO;TIPO_VICTIMA;EDAD;GENERO;GRAVEDAD;ESTADO_BEODEZ;ESTADO_DROGA;RESULTADO_BEODEZ;RESUL_BEODEZ_GRAMOS;DIRECCION_CARACT_VIA;TRAMO_VIA;LOCALIDAD_O_COMUNA;    GEORREFERENCIACIÓN;DESC_CLASE_ACCIDENTE;DESC_CHOQUE_ACCIDENTE;DESC_OBJETO_FIJO;DESC_SECTOR_ACCIDENTE;CONDICION_CLIMATICA;CAUSA_ACCIDENTE
2300826;27/08/2023;7:00:00 p. m.;Domingo;2023;Agosto;AUTOMOVIL;PARTICULAR;Acompañante;8;MASCULINO;HERIDOS;0;0;0;;CALLE 38SUR ENTRE CARRERA 49 Y CARRERA 48;;LAS VEGAS;6.174604, -75.594263;CHOQUE;VEHICULO;NO REPORTADO;RESIDENCIAL;Normal;Impericia en el manejo
2300827;27/08/2023;8:30:00 a. m.;Domingo;2023;Agosto;MOTOCICLETA;DIPLOMATICO;Acompañante;18;FEMENINO;HERIDOS;0;0;0;;CARRERA 48 CALLE 40SUR;;LAS VEGAS;6.169985393957041, -75.59565270185556;CHOQUE;VEHICULO;NO REPORTADO;RESIDENCIAL;Normal;Semaforo en rojo
2300828;28/08/2023;7:15:00 a. m.;Lunes;2023;Agosto;MICROBUS;PUBLICO;Pasajero;33;FEMENINO;HERIDOS;0;0;0;;CALLE 38SUR CARRERA 36;;MESA;6.167532029064937, -75.5836922766387;CAIDA OCUPANTE;NO REPORTADO;NO REPORTADO;RESIDENCIAL;Normal;Arrancar sin precaucion
2300829;28/08/2023;12:30:00 p. m.;Lunes;2023;Agosto;MOTOCICLETA;PARTICULAR;Peaton;74;FEMENINO;HERIDOS;0;0;0;;CALLE 36SUR FRENTE AL #39-71;;ZONA CENTRO;6.170007190888572, -75.58496600327106;ATROPELLO;NO REPORTADO;NO REPORTADO;RESIDENCIAL;Normal;Otra-Conductor
2300830;28/08/2023;7:05:00 a. m.;Lunes;2023;Agosto;MOTOCICLETA;PARTICULAR;Motociclista;23;MASCULINO;HERIDOS;0;0;0;;CALLE 26SUR FRENTE AL #48-41;;LAS VEGAS;6.183585132049837, -75.5857436239367;CHOQUE;VEHICULO;NO REPORTADO;RESIDENCIAL;Normal;Adelantar por la derecha
2300831;28/08/2023;9:50:00 p. m.;Lunes;2023;Agosto;MOTOCICLETA;PARTICULAR;Motociclista;22;MASCULINO;HERIDOS;0;0;0;;CALLE 30SUR CARRERA 46A;;JARDINES;6.178685188840665, -75.5871884362745;CHOQUE;VEHICULO;NO REPORTADO;RESIDENCIAL;Normal;Desobedecer señales
2300832;29/08/2023;9:50:00 a. m.;Martes;2023;Agosto;MOTOCICLETA;PARTICULAR;Peaton;67;MASCULINO;HERIDOS;0;0;0;;CALLE 37SUR FRENTE AL #41-69;;ZONA CENTRO;6.170110541736425, -75.58679733386299;ATROPELLO;NO REPORTADO;NO REPORTADO;RESIDENCIAL;Normal;Otra-Peatón
2300833;30/08/2023;5:00:00 a. m.;Miércoles;2023;Agosto;MOTOCICLETA;PARTICULAR;Motociclista;20;MASCULINO;HERIDOS;0;0;0;;CARRERA 49 CALLE 46ASUR;;LAS VEGAS;6.166926438445295, -75.60082020356481;CHOQUE;VEHICULO;NO REPORTADO;RESIDENCIAL;Normal;Desobedecer señales
2300833;30/08/2023;5:00:00 a. m.;Miércoles;2023;Agosto;MOTOCICLETA;PARTICULAR;Motociclista;46;MASCULINO;HERIDOS;0;0;0;;CARRERA 49 CALLE 46ASUR;;LAS VEGAS;6.166926438445295, -75.60082020356481;CHOQUE;VEHICULO;NO REPORTADO;RESIDENCIAL;Normal;Desobedecer señales
2300834;29/08/2023;4:20:00 p. m.;Martes;2023;Agosto;AUTOMOVIL;PARTICULAR;Acompañante;48;FEMENINO;HERIDOS;0;0;0;;CALLE 40DD SUR ENTRE CARRERA 41A y CARRERA 42;;EL DORADO;6.166073739752203, -75.58969534744061;CHOQUE;VEHICULO;NO REPORTADO;RESIDENCIAL;Normal;No mantener distancia de seguridad
2300835;29/08/2023;9:00:00 a. m.;Martes;2023;Agosto;CAMIONETA;PUBLICO;Acompañante;65;MASCULINO;HERIDOS;0;0;0;;CARRERA 50 CALLE 43SUR;;LAS VEGAS;6.171105943932872, -75.60065373432997;VOLCAMIENTO;NO REPORTADO;NO REPORTADO;RESIDENCIAL;Normal;Impericia en el manejo
2300836;30/08/2023;4:30:00 p. m.;Miércoles;2023;Agosto;MOTOCICLETA;PARTICULAR;Motociclista;41;MASCULINO;HERIDOS;0;0;0;;CARRERA 48 FRENTE AL #48SUR-75;;LAS VEGAS;6.164103431005948, -75.60170127245891;CHOQUE;VEHICULO;NO REPORTADO;RESIDENCIAL;Normal;Impericia en el manejo
2300837;30/08/2023;9:20:00 a. m.;Miércoles;2023;Agosto;BICICLETA;;Ciclista;73;MASCULINO;HERIDOS;0;0;0;;CALLE 40SUR FRENTE AL #44-09;;ALCALA;6.168161899983268, -75.59093808978949;VOLCAMIENTO;NO REPORTADO;NO REPORTADO;RESIDENCIAL;Normal;Impericia en el manejo
2300838;30/08/2023;6:35:00 p. m.;Miércoles;2023;Agosto;MOTOCICLETA;PARTICULAR;Motociclista;25;FEMENINO;HERIDOS;0;0;0;;CARRERA 49 FRENTE AL # 39SUR-100;;LAS VEGAS;6.173110809929604, -75.59785143873859;CAIDA OCUPANTE;NO REPORTADO;NO REPORTADO;RESIDENCIAL;Normal;No mantener distancia de seguridad
2300839;31/08/2023;6:00:00 a. m.;Jueves;2023;Agosto;MOTOCICLETA;PARTICULAR;Motociclista;54;MASCULINO;HERIDOS;0;0;0;;CALLE 50SUR CARRERA 48;;LAS VEGAS;6.162072458716961, -75.60353659646475;CHOQUE;VEHICULO;NO REPORTADO;RESIDENCIAL;Normal;Desobedecer señales
2300840;1/09/2023;12:50:00 a. m.;Viernes;2023;Septiembre;MOTOCICLETA;PARTICULAR;Motociclista;19;FEMENINO;HERIDOS;0;0;0;;KILOMETRO 14+00;medellín palmas envigado (km 12 - km 16+700);VEREDA PALMAS;6.157875008815868, -75.5464730269396;CAIDA OCUPANTE;NO REPORTADO;NO REPORTADO;;Normal;Impericia en el manejo
2300841;1/09/2023;12:40:00 a. m.;Viernes;2023;Septiembre;AUTOMOVIL;PARTICULAR;Conductor;25;MASCULINO;HERIDOS;0;0;0;;CARRERA 50 ENTRE CALLE 26SUR y CALLE 27SUR;;LAS VEGAS;6.184531299471551, -75.58757176281715;CHOQUE;OBJETO FIJO;OTRO TIPO;RESIDENCIAL;Normal;Impericia en el manejo
2300841;1/09/2023;12:40:00 a. m.;Viernes;2023;Septiembre;AUTOMOVIL;PARTICULAR;Acompañante;22;FEMENINO;HERIDOS;0;0;0;;CARRERA 50 ENTRE CALLE 26SUR y CALLE 27SUR;;LAS VEGAS;6.184531299471551, -75.58757176281715;CHOQUE;OBJETO FIJO;OTRO TIPO;RESIDENCIAL;Normal;Impericia en el manejo
2300842;31/08/2023;1:30:00 p. m.;Jueves;2023;Agosto;MOTOCICLETA;PARTICULAR;Motociclista;36;MASCULINO;HERIDOS;0;0;0;;CARRERA 48 CALLE 41SUR;;LAS VEGAS;6.16913233868106, -75.59637267731519;CAIDA OCUPANTE;NO REPORTADO;NO REPORTADO;RESIDENCIAL;Normal;Impericia en el manejo
2300843;31/08/2023;5:30:00 p. m.;Jueves;2023;Agosto;BICICLETA;;Ciclista;45;MASCULINO;HERIDOS;0;0;0;;CARRERA 48 CALLE 39SUR;;LAS VEGAS;6.1718470269521335, -75.59386983624077;CHOQUE;VEHICULO;NO REPORTADO;RESIDENCIAL;Normal;ABRIR LAS PUERTAS SIN PRECAUCION  -  Adelantar por la derecha
2300844;1/09/2023;2:00:00 p. m.;Viernes;2023;Septiembre;MOTOCICLETA;PARTICULAR;Motociclista;45;MASCULINO;HERIDOS;0;0;0;;CARRERA 36 FRENTE AL #39SUR-71;;MESA;6.165271825919011, -75.58508599507616;CHOQUE;VEHICULO;NO REPORTADO;RESIDENCIAL;Normal;Impericia en el manejo
2300845;1/09/2023;7:55:00 p. m.;Viernes;2023;Septiembre;MOTOCICLETA;PARTICULAR;Motociclista;36;MASCULINO;HERIDOS;0;0;0;;TRANSVERSAL 34CSUR DIAGONAL 39;;OBRERO;6.171022039889149, -75.58404126672397;CHOQUE;VEHICULO;NO REPORTADO;RESIDENCIAL;Normal;Desobedecer señales
2300846;1/09/2023;9:40:00 a. m.;Viernes;2023;Septiembre;MOTOCICLETA;PARTICULAR;Motociclista;16;MASCULINO;HERIDOS;0;0;0;;CALLE 39ASUR CRR 27D;;SAN JOSE;6.160162412561926, -75.58037419605633;CHOQUE;VEHICULO;NO REPORTADO;RESIDENCIAL;Normal;Adelantar en zona prohibida
2300846;1/09/2023;9:40:00 a. m.;Viernes;2023;Septiembre;MOTOCICLETA;PARTICULAR;Motociclista;19;MASCULINO;HERIDOS;0;0;0;;CALLE 39ASUR CRR 27D;;SAN JOSE;6.160162412561926, -75.58037419605633;CHOQUE;VEHICULO;NO REPORTADO;RESIDENCIAL;Normal;Adelantar en zona prohibida
2300847;1/09/2023;1:50:00 p. m.;Viernes;2023;Septiembre;MOTOCICLETA;PARTICULAR;Motociclista;17;MASCULINO;HERIDOS;0;0;0;;CARRERA 30 CALLE 39BSUR;;SAN JOSE;6.163203392812248, -75.58197277882329;CHOQUE;VEHICULO;NO REPORTADO;RESIDENCIAL;Normal;Desobedecer señales
2300848;2/09/2023;2:50:00 a. m.;Sábado;2023;Septiembre;AUTOMOVIL;PARTICULAR;Conductor;33;MASCULINO;HERIDOS;0;0;0;;CALLE 37SUR CARRERA 32;;LOS NARANJOS;6.166614422310558, -75.58119135382061;CHOQUE;VEHICULO;NO REPORTADO;RESIDENCIAL;Normal;Desobedecer señales
2300849;2/09/2023;8:00:00 p. m.;Sábado;2023;Septiembre;MOTOCICLETA;PARTICULAR;Peaton;63;MASCULINO;HERIDOS;0;0;0;;DIAGONAL 33 TRANSVERSAL 35ASUR;;LOS NARANJOS;6.169421960139243, -75.58212473259266;ATROPELLO;NO REPORTADO;NO REPORTADO;RESIDENCIAL;Normal;Desobedecer señales
2300850;2/09/2023;12:05:00 a. m.;Sábado;2023;Septiembre;MOTOCICLETA;PARTICULAR;Motociclista;22;MASCULINO;HERIDOS;0;0;0;;CALLE 50SUR FRENTE AL #43A-121;;LAS CASITAS;6.161148342738228, -75.60316070727126;CHOQUE;VEHICULO;NO REPORTADO;RESIDENCIAL;Normal;Transitar en contravia
2300851;2/09/2023;11:40:00 p. m.;Sábado;2023;Septiembre;MOTOCICLETA;PARTICULAR;Acompañante;24;FEMENINO;HERIDOS;0;0;0;;KILOMETRO 10+380;retiro varia palmas enviga (km 5+43 - km 14+ 550);VEREDA PANTANILLO;6.1596803311843935, -75.50766981363942;CAIDA OCUPANTE;NO REPORTADO;NO REPORTADO;;Normal;Impericia en el manejo
2300852;3/09/2023;5:30:00 p. m.;Domingo;2023;Septiembre;MOTOCICLETA;PARTICULAR;Peaton;14;FEMENINO;HERIDOS;1;0;1;40;CALLE 37SUR ENTRE CARRERA 48 y CARRERA 49 ;;LAS VEGAS;6.174202263380941, -75.59333020294916;ATROPELLO;NO REPORTADO;NO REPORTADO;RESIDENCIAL;Normal;Transitar por la calzada
2300853;3/09/2023;2:30:00 p. m.;Domingo;2023;Septiembre;CAMIONETA;PARTICULAR;Acompañante;3;FEMENINO;HERIDOS;0;0;0;;CALLE 36DSUR CARRERA 23;;VEREDA EL ESCOBERO;6.153168747071985, -75.56378980495441;CHOQUE;VEHICULO;NO REPORTADO;RESIDENCIAL;Normal;No mantener distancia de seguridad
2300854;1/09/2023;5:10:00 p. m.;Viernes;2023;Septiembre;MOTOCICLETA;PARTICULAR;Motociclista;36;FEMENINO;HERIDOS;0;0;0;;CARRERA 50 ENTRE CALLE 46SUR y CALLE 40SUR;;LAS VEGAS;6.172152784248765, -75.5997283328826;CAIDA OCUPANTE;NO REPORTADO;NO REPORTADO;RESIDENCIAL;Normal;Adelantar cerrando
2300855;2/09/2023;7:30:00 p. m.;Sábado;2023;Septiembre;MOTOCICLETA;PARTICULAR;Motociclista;29;MASCULINO;HERIDOS;0;0;0;;KILOMETRO 9 ;el escobero - km 0-13);VEREDA EL ESCOBERO;6.132693917581086, -75.53345940197592;CHOQUE;OBJETO FIJO;POSTE;;Normal;No sujetar los manubrios
2300857;3/09/2023;3:20:00 p. m.;Domingo;2023;Septiembre;MOTOCICLETA;PARTICULAR;Acompañante;44;MASCULINO;HERIDOS;0;0;0;;KILOMETRO 2+700;el escobero - km 0-13);VEREDA EL ESCOBERO;6.1377796822135435, -75.55531543575925;CAIDA OCUPANTE;NO REPORTADO;NO REPORTADO;;Normal;Impericia en el manejo  -  Superficie humeda
2300857;3/09/2023;3:20:00 p. m.;Domingo;2023;Septiembre;MOTOCICLETA;PARTICULAR;Motociclista;25;MASCULINO;HERIDOS;0;0;0;;KILOMETRO 2+700;el escobero - km 0-13);VEREDA EL ESCOBERO;6.1377796822135435, -75.55531543575925;CAIDA OCUPANTE;NO REPORTADO;NO REPORTADO;;Normal;Impericia en el manejo  -  Superficie humeda
2300858;3/09/2023;7:39:00 p. m.;Domingo;2023;Septiembre;MOTOCICLETA;PARTICULAR;Motociclista;22;MASCULINO;HERIDOS;0;0;0;;CALLE 27DSUR FRENTE AL #28-80;;ALTO DE MISAEL;6.175135, -75.575935;CHOQUE;VEHICULO;NO REPORTADO;RESIDENCIAL;Normal;Poner en marcha un vehiculo sin precauci
2300859;3/09/2023;4:45:00 p. m.;Domingo;2023;Septiembre;MOTOCICLETA;PARTICULAR;Acompañante;27;MASCULINO;HERIDOS;0;0;0;;DIAGONAL 40 FRENTE AL #33BSUR-15;;ZONA CENTRO;6.172268759867717, -75.58532526521142;CAIDA OCUPANTE;NO REPORTADO;NO REPORTADO;RESIDENCIAL;Normal;Superficie humeda
2300859;3/09/2023;4:45:00 p. m.;Domingo;2023;Septiembre;MOTOCICLETA;PARTICULAR;Motociclista;23;FEMENINO;HERIDOS;0;0;0;;DIAGONAL 40 FRENTE AL #33BSUR-15;;ZONA CENTRO;6.172268759867717, -75.58532526521142;CAIDA OCUPANTE;NO REPORTADO;NO REPORTADO;RESIDENCIAL;Normal;Superficie humeda
2300860;4/09/2023;3:35:00 p. m.;Lunes;2023;Septiembre;MOTOCICLETA;PARTICULAR;Motociclista;45;MASCULINO;HERIDOS;0;0;0;;CARRERA 42 FRENTE AL #40DSUR-102;;EL DORADO;6.166405495483625, -75.58961425677293;CHOQUE;VEHICULO;NO REPORTADO;RESIDENCIAL;Normal;No mantener distancia de seguridad
2300861;4/09/2023;8:00:00 p. m.;Lunes;2023;Septiembre;MOTOCICLETA;PARTICULAR;Motociclista;34;MASCULINO;HERIDOS;0;0;0;;CALLE 39SUR CARRERA 28;;SAN JOSE;6.161099191877869, -75.57984188879807;CHOQUE;VEHICULO;NO REPORTADO;RESIDENCIAL;Normal;Circular por calzadas o carriles destina
2300862;3/09/2023;6:15:00 a. m.;Domingo;2023;Septiembre;MOTOCICLETA;PARTICULAR;Acompañante;27;FEMENINO;HERIDOS;0;0;0;;CARRERA 43A CON CALLE 45B SUR;;LA PAZ;6.164618696342772, -75.59516577386071;CHOQUE;VEHICULO;NO REPORTADO;RESIDENCIAL;Normal;Desobedecer señales
2300863;5/09/2023;6:40:00 a. m.;Martes;2023;Septiembre;MOTOCICLETA;PARTICULAR;Motociclista;39;MASCULINO;HERIDOS;0;0;0;;CALLE 21 SUR CON CARRERA 44;;BOSQUES DE ZUÑIGA;6.184469865402222, -75.58012941581737;CAIDA OCUPANTE;NO REPORTADO;NO REPORTADO;RESIDENCIAL;Normal;Superficie lisa
2300863;5/09/2023;6:40:00 a. m.;Martes;2023;Septiembre;MOTOCICLETA;PARTICULAR;Acompañante;44;FEMENINO;HERIDOS;0;0;0;;CALLE 21 SUR CON CARRERA 44;;BOSQUES DE ZUÑIGA;6.184469865402222, -75.58012941581737;CAIDA OCUPANTE;NO REPORTADO;NO REPORTADO;RESIDENCIAL;Normal;Superficie lisa
2300864;5/09/2023;11:10:00 a. m.;Martes;2023;Septiembre;MOTOCICLETA;PARTICULAR;Acompañante;17;FEMENINO;HERIDOS;0;0;0;;KILOMETRO 0+600 VEREDA PERICO;VEREDA PERICO;VEREDA PERICO;6.1711921906129605, -75.5006441471734;CHOQUE;VEHICULO;NO REPORTADO;;Normal;Otra-Via
2300864;5/09/2023;11:10:00 a. m.;Martes;2023;Septiembre;MOTOCICLETA;PARTICULAR;Motociclista;19;MASCULINO;HERIDOS;0;0;0;;KILOMETRO 0+600 VEREDA PERICO;VEREDA PERICO;VEREDA PERICO;6.1711921906129605, -75.5006441471734;CHOQUE;VEHICULO;NO REPORTADO;;Normal;Otra-Via
2300865;5/09/2023;1:50:00 p. m.;Martes;2023;Septiembre;MOTOCICLETA;PARTICULAR;Motociclista;62;MASCULINO;HERIDOS;0;0;0;;CARRERA 48 CON CALLE 43 SUR;;LAS VEGAS;6.168502160544391, -75.59719124788388;CHOQUE;VEHICULO;NO REPORTADO;RESIDENCIAL;Normal;No mantener distancia de seguridad
2300866;5/09/2023;1:58:00 p. m.;Martes;2023;Septiembre;MOTOCICLETA;PARTICULAR;Motociclista;30;MASCULINO;HERIDOS;0;0;0;;CARRERA 48 CON CALLE 25A SUR 111;;LAS VEGAS;6.185005378442069, -75.58356125473229;CHOQUE;VEHICULO;NO REPORTADO;RESIDENCIAL;Normal;Desobedecer señales  -  No mantener distancia de seguridad
2300867;6/09/2023;9:13:00 a. m.;Miércoles;2023;Septiembre;AUTOMOVIL;PARTICULAR;Peaton;72;FEMENINO;HERIDOS;0;0;0;0;CARRERA 27D CON CALLE 34DD SUR 69;;LA INMACULADA;6.170232781330101, -75.57581245509375;ATROPELLO;NO REPORTADO;NO REPORTADO;RESIDENCIAL;Normal;Desobedecer señales
2300868;6/09/2023;8:50:00 p. m.;Miércoles;2023;Septiembre;CAMIONETA;PARTICULAR;Conductor;58;MASCULINO;HERIDOS;0;0;0;;TRANSVERSAL 34B SUR CON DIAGONAL 39;;OBRERO;6.171463836682052, -75.58421925092141;CHOQUE;VEHICULO;NO REPORTADO;RESIDENCIAL;Normal;Desobedecer señales  -  Exceso de velocidad
2300868;6/09/2023;8:50:00 p. m.;Miércoles;2023;Septiembre;CAMIONETA;PARTICULAR;Acompañante;62;FEMENINO;HERIDOS;0;0;0;;TRANSVERSAL 34B SUR CON DIAGONAL 39;;OBRERO;6.171463836682052, -75.58421925092141;CHOQUE;VEHICULO;NO REPORTADO;RESIDENCIAL;Normal;Desobedecer señales  -  Exceso de velocidad
2300868;6/09/2023;8:50:00 p. m.;Miércoles;2023;Septiembre;CAMIONETA;PARTICULAR;Acompañante;89;FEMENINO;HERIDOS;0;0;0;;TRANSVERSAL 34B SUR CON DIAGONAL 39;;OBRERO;6.171463836682052, -75.58421925092141;CHOQUE;VEHICULO;NO REPORTADO;RESIDENCIAL;Normal;Desobedecer señales  -  Exceso de velocidad
2300869;5/09/2023;4:20:00 p. m.;Martes;2023;Septiembre;BUSETA;PUBLICO;Pasajero;53;FEMENINO;HERIDOS;0;0;0;;CARRERA 40 CON CALLE 38 SUR 07;;ZONA CENTRO;6.168640, -75.585961;CAIDA OCUPANTE;NO REPORTADO;NO REPORTADO;RESIDENCIAL;Normal;Descender o subir del vehiculo en marcha
2300870;5/09/2023;7:10:00 a. m.;Martes;2023;Septiembre;MOTOCICLETA;PARTICULAR;Motociclista;23;MASCULINO;HERIDOS;0;0;0;;CALLE 25 SUR CON CARRERA 42A;;LAS ORQUIDEAS;6.1795831724026815, -75.57985746774925;CHOQUE;VEHICULO;NO REPORTADO;RESIDENCIAL;Normal;Desobedecer señales
2300871;6/09/2023;10:25:00 a. m.;Miércoles;2023;Septiembre;MOTOCICLETA;PARTICULAR;Motociclista;37;MASCULINO;HERIDOS;0;0;0;;CARRERA 48 CON CALLE 48 SUR 75;;LAS VEGAS;6.165853103820593, -75.59992369742066;CHOQUE;VEHICULO;NO REPORTADO;RESIDENCIAL;Normal;Desobedecer señales
2300872;6/09/2023;7:50:00 a. m.;Miércoles;2023;Septiembre;MOTOCICLETA;PARTICULAR;Motociclista;37;MASCULINO;HERIDOS;0;0;0;;CARRERA 43A CON CALLE 45B SUR;;LA PAZ;6.164811465996757, -75.59492679959833;CHOQUE;VEHICULO;NO REPORTADO;RESIDENCIAL;Normal;Desobedecer señales
2300873;9/09/2023;8:15:00 p. m.;Sábado;2023;Septiembre;MOTOCICLETA;PARTICULAR;Peaton;72;MASCULINO;HERIDOS;0;0;0;;CALLE 41 SUR CON CARRERA 25A - 63;;SAN RAFAEL;6.155019591727412, -75.58409107338532;ATROPELLO;NO REPORTADO;NO REPORTADO;RESIDENCIAL;Normal;Desobedecer señales
2300874;7/09/2023;8:53:00 a. m.;Jueves;2023;Septiembre;MOTOCICLETA;PARTICULAR;Motociclista;61;MASCULINO;HERIDOS;0;0;0;;CARRERA 48 CON CALLE 30 SUR;;LAS VEGAS;6.179496718217783, -75.58819458527805;CHOQUE;VEHICULO;NO REPORTADO;RESIDENCIAL;Normal;Semaforo en rojo
2300875;8/09/2023;3:15:00 p. m.;Viernes;2023;Septiembre;MOTOCICLETA;PARTICULAR;Motociclista;22;FEMENINO;HERIDOS;0;0;0;;CARRERA 41 CON CALLE 40 SUR;;EL DORADO;6.1668965814717565, -75.58803690886418;CHOQUE;VEHICULO;NO REPORTADO;RESIDENCIAL;Normal;Desobedecer señales
2300876;9/09/2023;1:15:00 p. m.;Sábado;2023;Septiembre;MOTOCICLETA;PARTICULAR;Motociclista;38;MASCULINO;HERIDOS;0;0;0;;CARRERA 42B CON CALLE 41C SUR;;EL DORADO;6.165021680207045, -75.59210574003723;VOLCAMIENTO;NO REPORTADO;NO REPORTADO;RESIDENCIAL;Normal;Otra-Conductor
2300877;8/09/2023;8:30:00 a. m.;Viernes;2023;Septiembre;CAMIONETA;PARTICULAR;Peaton;50;MASCULINO;HERIDOS;0;0;0;0;CALLE 38A SUR CON CARRERA 31-03;;MESA;6.164904049968347, -75.58167995017405;ATROPELLO;NO REPORTADO;NO REPORTADO;RESIDENCIAL;Normal;Otra-Conductor
2300878;9/09/2023;1:00:00 a. m.;Sábado;2023;Septiembre;MOTOCICLETA;PARTICULAR;Motociclista;22;MASCULINO;HERIDOS;0;0;0;;DIAGONAL 39 CON TRANSVERSAL 33 SUR;;BUCAREST;6.1735724282624815, -75.58503011652515;CHOQUE;VEHICULO;NO REPORTADO;RESIDENCIAL;Normal;Desobedecer señales
2300879;8/09/2023;12:51:00 a. m.;Viernes;2023;Septiembre;AUTOMOVIL;PARTICULAR;Conductor;25;MASCULINO;HERIDOS;0;0;0;;CARRERA 48 CON CALLE 30 SUR;;LAS VEGAS;6.179496718217783, -75.58819458527805;CHOQUE;VEHICULO;NO REPORTADO;RESIDENCIAL;Normal;Semaforo en rojo
2300880;9/09/2023;7:15:00 p. m.;Sábado;2023;Septiembre;AUTOMOVIL;PARTICULAR;Peaton;62;FEMENINO;HERIDOS;0;0;0;0;DIAGONAL 31A CON TRANSVERSAL 35 SUR ;;LA SEBASTIANA;6.170140545222099, -75.58018009946979;ATROPELLO;NO REPORTADO;NO REPORTADO;RESIDENCIAL;Normal;Impericia en el manejo
2300881;10/09/2023;1:30:00 p. m.;Domingo;2023;Septiembre;MOTOCICLETA;PARTICULAR;Motociclista;36;MASCULINO;HERIDOS;0;0;0;;CARRERA 26D CON CALLE 36A SUR 30;;EL CHOCHO;6.165796612145125, -75.56920698725773;CHOQUE;VEHICULO;NO REPORTADO;RESIDENCIAL;Normal;Adelantar en curva
2300882;7/09/2023;11:30:00 a. m.;Jueves;2023;Septiembre;CAMIONETA;PUBLICO;Acompañante;60;MASCULINO;HERIDOS;0;0;0;;CARRERA 49 CON CALLE 32B SUR 42;;LAS VEGAS;6.177780395421352, -75.59210368557893;CHOQUE;VEHICULO;NO REPORTADO;RESIDENCIAL;Normal;Desobedecer señales
2300883;9/09/2023;10:00:00 a. m.;Sábado;2023;Septiembre;MOTOCICLETA;PARTICULAR;Motociclista;21;MASCULINO;HERIDOS;0;0;0;;CALLE 36 SUR CON CARRERA 27AA;;LA INMACULADA;6.167410340616884, -75.57124966839967;CHOQUE;VEHICULO;NO REPORTADO;RESIDENCIAL;Normal;Impericia en el manejo
2300884;11/09/2023;7:00:00 a. m.;Lunes;2023;Septiembre;MOTOCICLETA;PARTICULAR;Acompañante;6;FEMENINO;HERIDOS;0;0;0;;CALLE 39 A SUR CON CARRERA 28-06;;SAN JOSE;6.1610838070972695, -75.58056671855734;CHOQUE;VEHICULO;NO REPORTADO;RESIDENCIAL;Normal;Desobedecer señales
2300884;11/09/2023;7:00:00 a. m.;Lunes;2023;Septiembre;MOTOCICLETA;PARTICULAR;Motociclista;18;MASCULINO;HERIDOS;0;0;0;;CALLE 39 A SUR CON CARRERA 28-06;;SAN JOSE;6.1610838070972695, -75.58056671855734;CHOQUE;VEHICULO;NO REPORTADO;RESIDENCIAL;Normal;Desobedecer señales
2300885;11/09/2023;5:33:00 a. m.;Lunes;2023;Septiembre;MOTOCICLETA;PARTICULAR;Acompañante;31;FEMENINO;HERIDOS;0;0;0;;CARRERA 50 CON CALLE 29 SUR 140;;LAS VEGAS;6.18165430782955, -75.58975377878647;CHOQUE;VEHICULO;NO REPORTADO;RESIDENCIAL;Normal;No mantener distancia de seguridad
2300885;11/09/2023;5:33:00 a. m.;Lunes;2023;Septiembre;MOTOCICLETA;PARTICULAR;Motociclista;26;MASCULINO;HERIDOS;0;0;0;;CARRERA 50 CON CALLE 29 SUR 140;;LAS VEGAS;6.18165430782955, -75.58975377878647;CHOQUE;VEHICULO;NO REPORTADO;RESIDENCIAL;Normal;No mantener distancia de seguridad
2300886;11/09/2023;4:39:00 p. m.;Lunes;2023;Septiembre;BICICLETA;;Ciclista;58;MASCULINO;HERIDOS;0;0;0;;CARRERA 43A CON CALLE 33B SUR;;SAN MARCOS;6.173355, -75.586842;CHOQUE;VEHICULO;NO REPORTADO;RESIDENCIAL;Normal;Semaforo en rojo
2300887;11/09/2023;8:40:00 p. m.;Lunes;2023;Septiembre;MOTOCICLETA;PARTICULAR;Motociclista;33;MASCULINO;HERIDOS;0;0;0;;CALLE 39 SUR CON CARRERA 44A;;ALCALA;6.169372992459553, -75.59063953484399;CHOQUE;VEHICULO;NO REPORTADO;RESIDENCIAL;Normal;Desobedecer señales
2300887;11/09/2023;8:40:00 p. m.;Lunes;2023;Septiembre;MOTOCICLETA;PARTICULAR;Acompañante;37;FEMENINO;HERIDOS;0;0;0;;CALLE 39 SUR CON CARRERA 44A;;ALCALA;6.169372992459553, -75.59063953484399;CHOQUE;VEHICULO;NO REPORTADO;RESIDENCIAL;Normal;Desobedecer señales
2300888;11/09/2023;5:30:00 p. m.;Lunes;2023;Septiembre;MOTOCICLETA;PARTICULAR;Motociclista;32;MASCULINO;HERIDOS;0;0;0;;CARRERA 50 CON CALLE 48 SUR ;;LAS VEGAS;6.164424751235767, -75.60314395546833;CHOQUE;VEHICULO;NO REPORTADO;RESIDENCIAL;Normal;Adelantar cerrando
2300888;11/09/2023;5:30:00 p. m.;Lunes;2023;Septiembre;MOTOCICLETA;PARTICULAR;Acompañante;32;FEMENINO;HERIDOS;0;0;0;;CARRERA 50 CON CALLE 48 SUR ;;LAS VEGAS;6.164424751235767, -75.60314395546833;CHOQUE;VEHICULO;NO REPORTADO;RESIDENCIAL;Normal;Adelantar cerrando