NRO_RADICADO;FECHA_ACCIDENTE;HORA_ACCIDENTE;Día de la semana;AÑO;MES;CLASE_VEHICULO;TIPO_SERVICIO;TIPO_VICTIMA;EDAD;GENERO;GRAVEDAD;ESTADO_BEODEZ;ESTADO_DROGA;RESULTADO_BEODEZ;RESUL_BEODEZ_GRAMOS;DIRECCION_CARACT_VIA;TRAMO_VIA;LOCALIDAD_O_COMUNA;    GEORREFERENCIACIÓN;DESC_CLASE_ACCIDENTE;DESC_CHOQUE_ACCIDENTE;DESC_OBJETO_FIJO;DESC_SECTOR_ACCIDENTE;CONDICION_CLIMATICA;CAUSA_ACCIDENTE
2300889;12/09/2023;8:15:00 a. m.;Martes;2023;Septiembre;MOTOCICLETA;PARTICULAR;Acompañante;60;MASCULINO;HERIDOS;0;0;0;;CALLE 36SUR FRENTE AL #21-25;;VEREDA SANTA CATALINA;6.1667457487628905, -75.55497238172921;CAIDA OCUPANTE;NO REPORTADO;NO REPORTADO;RESIDENCIAL;Normal;Impericia en el manejo
2300890;11/09/2023;7:30:00 p. m.;Lunes;2023;Septiembre;MOTOCICLETA;PARTICULAR;Motociclista;49;MASCULINO;HERIDOS;0;0;0;;KILOMETRO 9+330;retiro varia palmas enviga (km 5+43 - km 14+ 550);VEREDA PANTANILLO;6.1662075595122285, -75.50137212813472;CHOQUE;VEHICULO;NO REPORTADO;;Normal;Transitar en contravia
2300890;11/09/2023;7:30:00 p. m.;Lunes;2023;Septiembre;MOTOCICLETA;PARTICULAR;Motociclista;59;MASCULINO;HERIDOS;0;0;0;;KILOMETRO 9+330;retiro varia palmas enviga (km 5+43 - km 14+ 550);VEREDA PANTANILLO;6.1662075595122285, -75.50137212813472;CHOQUE;VEHICULO;NO REPORTADO;;Normal;Transitar en contravia
2300891;12/09/2023;8:50:00 a. m.;Martes;2023;Septiembre;MOTOCICLETA;PARTICULAR;Motociclista;33;MASCULINO;HERIDOS;0;0;0;;KILOMETRO 13+820;medellín palmas envigado (km 12 - km 16+700);VEREDA PALMAS;6.15964500259067, -75.54669013287538;CAIDA OCUPANTE;NO REPORTADO;NO REPORTADO;;Normal;Impericia en el manejo
2300892;12/09/2023;8:50:00 a. m.;Martes;2023;Septiembre;AUTOMOVIL;PARTICULAR;Peaton;36;MASCULINO;HERIDOS;0;0;0;;KILOMETRO 6;pantanill;VEREDA PANTANILLO;6.178165493390462, -75.492566619275;ATROPELLO;NO REPORTADO;NO REPORTADO;;Normal;Cruzar sin observar
2300893;12/09/2023;3:00:00 p. m.;Martes;2023;Septiembre;MOTOCICLETA;PARTICULAR;Motociclista;28;FEMENINO;HERIDOS;0;0;0;;CARRERA 43A FRENTE AL #38BSUR-17;;ALCALA;6.169277832859122, -75.58957509839821;CHOQUE;VEHICULO;NO REPORTADO;RESIDENCIAL;Normal;Impericia en el manejo
2300894;11/09/2023;7:40:00 a. m.;Lunes;2023;Septiembre;AUTOMOVIL;PARTICULAR;Conductor;31;MASCULINO;HERIDOS;0;0;0;;CARRERA 48 CALLE 50SUR;;LAS VEGAS;6.162072458716961, -75.60353659646475;CHOQUE;VEHICULO;NO REPORTADO;RESIDENCIAL;Normal;No mantener distancia de seguridad
2300895;12/09/2023;5:45:00 p. m.;Martes;2023;Septiembre;MOTOCICLETA;PARTICULAR;Acompañante;34;FEMENINO;HERIDOS;0;0;0;;CALLE 37SUR CARRERA28C;;LA PRADERA;6.16501406747687, -75.57934758879563;CHOQUE;VEHICULO;NO REPORTADO;RESIDENCIAL;Normal;No mantener distancia de seguridad
2300896;13/09/2023;9:10:00 a. m.;Miércoles;2023;Septiembre;MOTOCICLETA;PARTICULAR;Acompañante;30;MASCULINO;HERIDOS;0;0;0;;CARRERA 50 ENTRE CALLE 25ASUR y CALLE 25AASUR;;LAS VEGAS;6.18538592533173, -75.58655180051775;CHOQUE;VEHICULO;NO REPORTADO;RESIDENCIAL;Normal;Desobedecer señales
2300896;13/09/2023;9:10:00 a. m.;Miércoles;2023;Septiembre;MOTOCICLETA;PARTICULAR;Motociclista;34;MASCULINO;HERIDOS;0;0;0;;CARRERA 50 ENTRE CALLE 25ASUR y CALLE 25AASUR;;LAS VEGAS;6.18538592533173, -75.58655180051775;CHOQUE;VEHICULO;NO REPORTADO;RESIDENCIAL;Normal;Desobedecer señales
2300897;14/09/2023;12:45:00 p. m.;Jueves;2023;Septiembre;MOTOCICLETA;PARTICULAR;Acompañante;46;MASCULINO;HERIDOS;0;0;0;;CARRERA 24D FRENTE AL #40SUR-801;;EL SALADO;6.1467137887355445, -75.5771728876757;CHOQUE;VEHICULO;NO REPORTADO;RESIDENCIAL;Normal;Impericia en el manejo
2300897;14/09/2023;12:45:00 p. m.;Jueves;2023;Septiembre;MOTOCICLETA;PARTICULAR;Motociclista;48;MASCULINO;HERIDOS;0;0;0;;CARRERA 24D FRENTE AL #40SUR-801;;EL SALADO;6.1467137887355445, -75.5771728876757;CHOQUE;VEHICULO;NO REPORTADO;RESIDENCIAL;Normal;Impericia en el manejo
2300898;14/09/2023;10:05:00 p. m.;Jueves;2023;Septiembre;MOTOCICLETA;PARTICULAR;Motociclista;19;MASCULINO;HERIDOS;0;0;0;;CALLE 46CSUR CARRERA 42B;;LA PAZ;6.161292493413677, -75.5949441964025;CHOQUE;VEHICULO;NO REPORTADO;RESIDENCIAL;Normal;Desobedecer señales
2300898;14/09/2023;10:05:00 p. m.;Jueves;2023;Septiembre;MOTOCICLETA;PARTICULAR;Acompañante;24;FEMENINO;HERIDOS;0;0;0;;CALLE 46CSUR CARRERA 42B;;LA PAZ;6.161292493413677, -75.5949441964025;CHOQUE;VEHICULO;NO REPORTADO;RESIDENCIAL;Normal;Desobedecer señales
2300899;14/09/2023;4:20:00 p. m.;Jueves;2023;Septiembre;MOTOCICLETA;PARTICULAR;Motociclista;30;MASCULINO;HERIDOS;0;0;0;;KILOMETRO 7+090;pantanill;VEREDA PANTANILLO;6.171218343967402, -75.49008715109834;CHOQUE;VEHICULO;NO REPORTADO;;Normal;Desobedecer señales
2300900;13/09/2023;2:44:00 p. m.;Miércoles;2023;Septiembre;MOTOCICLETA;PARTICULAR;Motociclista;28;MASCULINO;HERIDOS;0;0;0;;TRANSVERSAL 34CSUR DIAGONAL 39;;OBRERO;6.171022039889149, -75.58404126672397;CHOQUE;VEHICULO;NO REPORTADO;RESIDENCIAL;Normal;Desobedecer señales
2300900;13/09/2023;2:44:00 p. m.;Miércoles;2023;Septiembre;MOTOCICLETA;PARTICULAR;Motociclista;24;MASCULINO;HERIDOS;0;0;0;;TRANSVERSAL 34CSUR DIAGONAL 39;;OBRERO;6.171022039889149, -75.58404126672397;CHOQUE;VEHICULO;NO REPORTADO;RESIDENCIAL;Normal;Desobedecer señales
2300901;14/09/2023;5:40:00 p. m.;Jueves;2023;Septiembre;MOTOCICLETA;PARTICULAR;Motociclista;59;MASCULINO;HERIDOS;0;0;0;;CALLE 37SUR CARRERA 49;;LAS VEGAS;6.175505980724911, -75.59479058563933;ATROPELLO;NO REPORTADO;NO REPORTADO;RESIDENCIAL;Normal;Desobedecer señales
2300901;14/09/2023;5:40:00 p. m.;Jueves;2023;Septiembre;MOTOCICLETA;PARTICULAR;Peaton;67;FEMENINO;HERIDOS;0;0;0;;CALLE 37SUR CARRERA 49;;LAS VEGAS;6.175505980724911, -75.59479058563933;ATROPELLO;NO REPORTADO;NO REPORTADO;RESIDENCIAL;Normal;Desobedecer señales
2300901;14/09/2023;5:40:00 p. m.;Jueves;2023;Septiembre;MOTOCICLETA;PARTICULAR;Acompañante;45;FEMENINO;HERIDOS;0;0;0;;CALLE 37SUR CARRERA 49;;LAS VEGAS;6.175505980724911, -75.59479058563933;ATROPELLO;NO REPORTADO;NO REPORTADO;RESIDENCIAL;Normal;Desobedecer señales
2300902;15/09/2023;9:30:00 a. m.;Viernes;2023;Septiembre;MOTOCICLETA;PARTICULAR;Peaton;2;MASCULINO;HERIDOS;0;0;0;;CALLE 38SUR FRENTE AL #43A-70;;ALCALA;6.170721486033142, -75.5894223180597;ATROPELLO;NO REPORTADO;NO REPORTADO;RESIDENCIAL;Normal;Transitar entre vehiculos  -  Transitar por la calzada
2300902;15/09/2023;9:30:00 a. m.;Viernes;2023;Septiembre;MOTOCICLETA;PARTICULAR;Peaton;21;FEMENINO;HERIDOS;0;0;0;;CALLE 38SUR FRENTE AL #43A-70;;ALCALA;6.170721486033142, -75.5894223180597;ATROPELLO;NO REPORTADO;NO REPORTADO;RESIDENCIAL;Normal;Transitar entre vehiculos  -  Transitar por la calzada
2300903;13/09/2023;11:20:00 a. m.;Miércoles;2023;Septiembre;MOTOCICLETA;PARTICULAR;Motociclista;26;MASCULINO;HERIDOS;0;0;0;;KILOMETRO 11+800;medellín palmas envigado (km 12 - km 16+700);VEREDA PALMAS;6.1749130801984595, -75.5463166523142;CHOQUE;VEHICULO;NO REPORTADO;;Normal;No mantener distancia de seguridad
2300904;14/09/2023;7:30:00 a. m.;Jueves;2023;Septiembre;MOTOCICLETA;PARTICULAR;Motociclista;33;FEMENINO;HERIDOS;0;0;0;;CARRERA 48 FRENTE AL # 26SUR-211;;LAS VEGAS;6.181772315638088, -75.58668850930219;CHOQUE;VEHICULO;NO REPORTADO;RESIDENCIAL;Normal;No mantener distancia de seguridad
2300905;15/09/2023;5:50:00 p. m.;Viernes;2023;Septiembre;MOTOCICLETA;PARTICULAR;Motociclista;20;MASCULINO;HERIDOS;0;0;0;;KILOMETRO 8+530;retiro varia palmas enviga (km 5+43 - km 14+ 550);VEREDA PERICO;6.170023437893488, -75.49843519374593;CHOQUE;OBJETO FIJO;OTRO TIPO;;Normal;Impericia en el manejo
2300905;15/09/2023;5:50:00 p. m.;Viernes;2023;Septiembre;MOTOCICLETA;PARTICULAR;Acompañante;19;FEMENINO;HERIDOS;0;0;0;;KILOMETRO 8+530;retiro varia palmas enviga (km 5+43 - km 14+ 550);VEREDA PERICO;6.170023437893488, -75.49843519374593;CHOQUE;OBJETO FIJO;OTRO TIPO;;Normal;Impericia en el manejo
2300906;16/09/2023;10:40:00 a. m.;Sábado;2023;Septiembre;MOTOCICLETA;PARTICULAR;Acompañante;21;MASCULINO;HERIDOS;1;0;3;180;CARRERA 50 ENTRE CALLE 32BSUR y CALLE 30SUR;;LAS VEGAS;6.180393739191453, -75.59074815106045;CHOQUE;VEHICULO;NO REPORTADO;RESIDENCIAL;Normal;Adelantar en zona prohibida  -  Embriaguez o droga
2300906;16/09/2023;10:40:00 a. m.;Sábado;2023;Septiembre;MOTOCICLETA;PARTICULAR;Motociclista;47;MASCULINO;HERIDOS;1;0;3;180;CARRERA 50 ENTRE CALLE 32BSUR y CALLE 30SUR;;LAS VEGAS;6.180393739191453, -75.59074815106045;CHOQUE;VEHICULO;NO REPORTADO;RESIDENCIAL;Normal;Adelantar en zona prohibida  -  Embriaguez o droga
2300907;15/09/2023;5:00:00 p. m.;Viernes;2023;Septiembre;CAMION;PUBLICO;Peaton;65;MASCULINO;HERIDOS;0;0;0;;CALLE 25 FRENTE AL #46-15;;BOSQUES DE ZUÑIGA;6.183075079121288, -75.58270091534712;ATROPELLO;NO REPORTADO;NO REPORTADO;RESIDENCIAL;Normal;Otra-Peatón
2300908;15/09/2023;5:05:00 p. m.;Viernes;2023;Septiembre;MOTOCICLETA;PARTICULAR;Motociclista;33;MASCULINO;HERIDOS;0;0;0;;CARRERA 27 FRENTE AL #23SUR-145;;ZUÑIGA;6.1732218302450725, -75.56636830601984;CHOQUE;VEHICULO;NO REPORTADO;RESIDENCIAL;Normal;Adelantar por la derecha
2300909;15/09/2023;11:06:00 a. m.;Viernes;2023;Septiembre;MOTOCICLETA;PARTICULAR;Motociclista;26;MASCULINO;HERIDOS;0;0;0;;KILOMETRO 3+700;el escobero - km 0-13);VEREDA EL ESCOBERO;6.130865016162364, -75.55271021250616;CHOQUE;VEHICULO;NO REPORTADO;;Normal;Realizar giro en U
2300910;16/09/2023;11:15:00 a. m.;Sábado;2023;Septiembre;CAMION;PUBLICO;Peaton;33;MASCULINO;HERIDOS;0;0;0;;CALLE 46SUR CARRERA 44;;PRIMAVERA;6.164292644535714, -75.59635353127518;ATROPELLO;NO REPORTADO;NO REPORTADO;RESIDENCIAL;Normal;Reverso imprudente
2300911;16/09/2023;12:30:00 a. m.;Sábado;2023;Septiembre;MOTOCICLETA;PARTICULAR;Peaton;47;MASCULINO;HERIDOS;0;0;0;;CARRERA 43A ENTRE CALLE 37SUR y CALLE 38SUR;;ALCALA;6.170836908118584, -75.58853298740891;ATROPELLO;NO REPORTADO;NO REPORTADO;RESIDENCIAL;Normal;Cruzar sin observar
2300911;16/09/2023;12:30:00 a. m.;Sábado;2023;Septiembre;MOTOCICLETA;PARTICULAR;Motociclista;23;MASCULINO;HERIDOS;0;0;0;;CARRERA 43A ENTRE CALLE 37SUR y CALLE 38SUR;;ALCALA;6.170836908118584, -75.58853298740891;ATROPELLO;NO REPORTADO;NO REPORTADO;RESIDENCIAL;Normal;Cruzar sin observar
2300912;16/09/2023;9:50:00 p. m.;Sábado;2023;Septiembre;MOTOCICLETA;OFICIAL;Peaton;53;FEMENINO;HERIDOS;0;0;0;;CARRERA 43A CALLE 46SUR;;PRIMAVERA;6.164099827444045, -75.59608564603406;ATROPELLO;NO REPORTADO;NO REPORTADO;RESIDENCIAL;Normal;Desobedecer señales
2300913;15/09/2023;3:35:00 p. m.;Viernes;2023;Septiembre;CAMION;PUBLICO;Peaton;37;MASCULINO;HERIDOS;0;0;0;;CALLE 43SUR FRENTE AL #48-127;;LAS VEGAS;6.169183405187017, -75.59844996967811;ATROPELLO;NO REPORTADO;NO REPORTADO;RESIDENCIAL;Normal;Pararse sobre la calzada  -  Transitar con las puertas abiertas
2300914;16/09/2023;7:35:00 a. m.;Sábado;2023;Septiembre;MOTOCICLETA;PARTICULAR;Motociclista;24;MASCULINO;HERIDOS;0;0;0;;KILOMETRO 13+530;medellín palmas envigado (km 12 - km 16+700);VEREDA PALMAS;6.1610936288280085, -75.54505587999057;CHOQUE;VEHICULO;NO REPORTADO;;Normal;Impericia en el manejo
2300914;16/09/2023;7:35:00 a. m.;Sábado;2023;Septiembre;BICICLETA;;Ciclista;51;FEMENINO;HERIDOS;0;0;0;;KILOMETRO 13+530;medellín palmas envigado (km 12 - km 16+700);VEREDA PALMAS;6.1610936288280085, -75.54505587999057;CHOQUE;VEHICULO;NO REPORTADO;;Normal;Impericia en el manejo
2300914;16/09/2023;7:35:00 a. m.;Sábado;2023;Septiembre;MOTOCICLETA;PARTICULAR;Motociclista;35;FEMENINO;HERIDOS;0;0;0;;KILOMETRO 13+530;medellín palmas envigado (km 12 - km 16+700);VEREDA PALMAS;6.1610936288280085, -75.54505587999057;CHOQUE;VEHICULO;NO REPORTADO;;Normal;Impericia en el manejo
2300915;18/09/2023;7:30:00 a. m.;Lunes;2023;Septiembre;MOTOCICLETA;PARTICULAR;Motociclista;28;MASCULINO;HERIDOS;0;0;0;;KILOMETRO 17+00;retiro varia palmas enviga (km 5+43 - km 14+ 550);VEREDA PALMAS;6.150879182758886, -75.53128370017697;CHOQUE;VEHICULO;NO REPORTADO;;Normal;Desobedecer señales
2300916;18/09/2023;11:50:00 a. m.;Lunes;2023;Septiembre;MOTOCICLETA;PARTICULAR;Motociclista;46;MASCULINO;HERIDOS;0;0;0;;CALLE 39SUR CARRERA 47A;;ALCALA;6.17134788057868, -75.5933807491793;CAIDA OCUPANTE;NO REPORTADO;NO REPORTADO;RESIDENCIAL;Normal;Impericia en el manejo
2300917;18/09/2023;8:20:00 a. m.;Lunes;2023;Septiembre;MOTOCICLETA;PARTICULAR;Motociclista;30;FEMENINO;HERIDOS;0;0;0;;CARRERA 50 ENTRE CALLE 25AASUR y CALLE 25ASUR;;LAS VEGAS;6.185510243368466, -75.58661432352153;CHOQUE;VEHICULO;NO REPORTADO;RESIDENCIAL;Normal;No mantener distancia de seguridad
2300918;18/09/2023;8:00:00 a. m.;Lunes;2023;Septiembre;MOTOCICLETA;PARTICULAR;Motociclista;55;MASCULINO;HERIDOS;0;0;0;;KILOMETRO 6+760;retiro varia palmas enviga (km 5+43 - km 14+ 550);VEREDA PANTANILLO;6.168702463229672, -75.48806421720091;CHOQUE;VEHICULO;NO REPORTADO;;Normal;Desobedecer señales
2300919;18/09/2023;5:57:00 a. m.;Lunes;2023;Septiembre;MOTOCICLETA;PARTICULAR;Motociclista;20;MASCULINO;HERIDOS;0;0;0;;CALLE 36DSUR ENTRE CARRERA 29A y CARRERA 29;;LA PRADERA;6.165873309082006, -75.57987012272655;CHOQUE;VEHICULO;NO REPORTADO;RESIDENCIAL;Normal;Desobedecer señales
2300920;19/09/2023;5:45:00 a. m.;Martes;2023;Septiembre;MOTOCICLETA;PARTICULAR;Motociclista;19;MASCULINO;HERIDOS;0;0;0;;CARRERA 43A CLL 36SUR;;SAN MARCOS;6.1718000411469545, -75.58783746903117;CHOQUE;VEHICULO;NO REPORTADO;RESIDENCIAL;Normal;Adelantar cerrando
2300921;19/09/2023;8:00:00 a. m.;Martes;2023;Septiembre;MOTOCICLETA;PARTICULAR;Motociclista;33;MASCULINO;HERIDOS;0;0;0;;CALLE 36DSUR FRENTE AL # 25A-31;;VEREDA EL ESCOBERO;6.158493701104636, -75.56648942482758;CHOQUE;VEHICULO;NO REPORTADO;RESIDENCIAL;Normal;Adelantar en curva
2300922;20/09/2023;12:50:00 a. m.;Miércoles;2023;Septiembre;MOTOCICLETA;PARTICULAR;Motociclista;46;MASCULINO;HERIDOS;0;0;0;;CARRERA 43A CALLE 38ASUR;;ALCALA;6.169747597723719, -75.58928361206847;CHOQUE;VEHICULO;NO REPORTADO;RESIDENCIAL;Normal;Conducir vehiculo sin adaptaciones
2300923;19/09/2023;8:00:00 a. m.;Martes;2023;Septiembre;MOTOCICLETA;PARTICULAR;Acompañante;18;FEMENINO;HERIDOS;0;0;0;;CARRERA 46 FRENTE AL #38SUR-29;;ALCALA;6.1716612895402445, -75.59148949814747;CHOQUE;VEHICULO;NO REPORTADO;RESIDENCIAL;Normal;Arrancar sin precaucion
2300924;19/09/2023;4:50:00 p. m.;Martes;2023;Septiembre;MOTOCICLETA;PARTICULAR;Motociclista;25;MASCULINO;HERIDOS;0;0;0;;DIAGONAL 31 TRANSVERSAL 32CSUR;;URIBE ANGEL;6.174895058219331, -75.5786814578561;CHOQUE;VEHICULO;NO REPORTADO;RESIDENCIAL;Normal;No mantener distancia de seguridad
2300924;19/09/2023;4:50:00 p. m.;Martes;2023;Septiembre;MOTOCICLETA;PARTICULAR;Acompañante;23;FEMENINO;HERIDOS;0;0;0;;DIAGONAL 31 TRANSVERSAL 32CSUR;;URIBE ANGEL;6.174895058219331, -75.5786814578561;CHOQUE;VEHICULO;NO REPORTADO;RESIDENCIAL;Normal;No mantener distancia de seguridad
2300925;20/09/2023;10:13:00 a. m.;Miércoles;2023;Septiembre;MOTOCICLETA;PARTICULAR;Motociclista;58;MASCULINO;HERIDOS;0;0;0;;CARRERA 43A CALLE 40SUR;;ALCALA;6.168213428520972, -75.59027852081695;CHOQUE;VEHICULO;NO REPORTADO;RESIDENCIAL;Normal;Desobedecer señales
2300926;20/09/2023;8:18:00 a. m.;Miércoles;2023;Septiembre;MOTOCICLETA;PARTICULAR;Motociclista;32;MASCULINO;HERIDOS;0;0;0;;CARRERA 50 FRENTE AL #26SUR-336;;LAS VEGAS;6.184614363965386, -75.58739422151538;CHOQUE;VEHICULO;NO REPORTADO;RESIDENCIAL;Normal;No mantener distancia de seguridad
2300927;20/09/2023;9:30:00 p. m.;Miércoles;2023;Septiembre;MOTOCICLETA;PARTICULAR;Motociclista;25;FEMENINO;HERIDOS;0;0;0;;CARRERA 48 CALLE 39SUR;;LAS VEGAS;6.1718470269521335, -75.59386983624077;CHOQUE;VEHICULO;NO REPORTADO;RESIDENCIAL;Normal;Desobedecer señales
2300928;21/09/2023;6:26:00 a. m.;Jueves;2023;Septiembre;MOTOCICLETA;PARTICULAR;Motociclista;57;MASCULINO;HERIDOS;0;0;0;;CARRERA 32 CALLE 39BSUR;;SAN JOSE;6.163854123770047, -75.58296588455006;CHOQUE;VEHICULO;NO REPORTADO;RESIDENCIAL;Normal;Desobedecer señales
2300929;21/09/2023;6:30:00 p. m.;Jueves;2023;Septiembre;MOTOCICLETA;PARTICULAR;Peaton;70;MASCULINO;HERIDOS;0;0;0;;TRANSVERSAL 34DSUR FRENTE AL #32D-20;;OBRERO;6.171037579699272, -75.5827151511843;ATROPELLO;NO REPORTADO;NO REPORTADO;RESIDENCIAL;Normal;Cruzar sin observar
2300930;21/09/2023;3:00:00 p. m.;Jueves;2023;Septiembre;MICROBUS;PUBLICO;Pasajero;58;FEMENINO;HERIDOS;0;0;0;;CARRERA 48 CALLE 48CSUR;;LAS VEGAS;6.163752014289914, -75.60186040840237;CAIDA OCUPANTE;NO REPORTADO;NO REPORTADO;RESIDENCIAL;Normal;Frenar bruscamente
2300931;21/09/2023;10:10:00 p. m.;Jueves;2023;Septiembre;MOTOCICLETA;PARTICULAR;Motociclista;21;MASCULINO;HERIDOS;0;0;0;;CALLE 40SUR CARRERA 29;;SAN JOSE;6.161159917632087, -75.58174634980104;CHOQUE;VEHICULO;NO REPORTADO;RESIDENCIAL;Normal;Desobedecer señales
2300932;21/09/2023;4:00:00 p. m.;Jueves;2023;Septiembre;MOTOCICLETA;PARTICULAR;Motociclista;34;MASCULINO;HERIDOS;0;0;0;;KILOMETRO 11+750;retiro varia palmas enviga (km 5+43 - km 14+ 550);VEREDA PALMAS;6.1599137751170785, -75.5157996967777;CHOQUE;VEHICULO;NO REPORTADO;;Normal;Girar bruscamente
2300933;21/09/2023;7:00:00 a. m.;Jueves;2023;Septiembre;MOTOCICLETA;PARTICULAR;Motociclista;22;MASCULINO;HERIDOS;0;0;0;;CARRERA 50 ENTRE CALLE 27SUR y CALLE 26SUR;;LAS VEGAS;6.184531299471551, -75.58757176281715;CHOQUE;VEHICULO;NO REPORTADO;RESIDENCIAL;Normal;Desobedecer señales
2300934;24/09/2023;1:27:00 a. m.;Domingo;2023;Septiembre;MOTOCICLETA;PARTICULAR;Motociclista;35;MASCULINO;HERIDOS;0;0;0;;CARRERA 50 ENTRE CALLE 32BSUR y CALLE 34SUR;;LAS VEGAS;6.177670997350865, -75.59245008231787;CHOQUE;OBJETO FIJO;OTRO TIPO;RESIDENCIAL;Normal;Otra-Conductor
2300935;22/09/2023;8:13:00 a. m.;Viernes;2023;Septiembre;MOTOCICLETA;PARTICULAR;Motociclista;26;MASCULINO;HERIDOS;1;0;3;180;CARRERA 50 FRENTE AL #43SUR-30;;LAS VEGAS;6.170825202432945, -75.6011626238245;CHOQUE;VEHICULO;NO REPORTADO;RESIDENCIAL;Normal;Embriaguez o droga
2300936;21/09/2023;12:20:00 p. m.;Jueves;2023;Septiembre;MOTOCICLETA;PARTICULAR;Motociclista;36;FEMENINO;HERIDOS;0;0;0;;CALLE 38 SUR FRENTE AL #43A-19;;ALCALA;6.170491168955675, -75.5889309503328;CHOQUE;VEHICULO;NO REPORTADO;RESIDENCIAL;Normal;No mantener distancia de seguridad
2300937;21/09/2023;2:15:00 p. m.;Jueves;2023;Septiembre;MOTOCICLETA;PARTICULAR;Motociclista;51;MASCULINO;HERIDOS;0;0;0;;CALLE 40SUR CARRERA 43A-27;;ALCALA;6.168057075368789, -75.5906209387106;CAIDA OCUPANTE;NO REPORTADO;NO REPORTADO;RESIDENCIAL;Normal;Impericia en el manejo
2300938;22/09/2023;8:00:00 a. m.;Viernes;2023;Septiembre;BICICLETA;;Ciclista;37;MASCULINO;HERIDOS;0;0;0;;CALLE 45BSUR FRENTE AL #38-73;;LAS ANTILLAS;6.159145821791809, -75.58970985554792;CAIDA OCUPANTE;NO REPORTADO;NO REPORTADO;RESIDENCIAL;Normal;Fallas en los frenos
2300939;22/09/2023;8:05:00 a. m.;Viernes;2023;Septiembre;MOTOCICLETA;PARTICULAR;Acompañante;45;MASCULINO;HERIDOS;0;0;0;;CALLE 46SUR CARRERA 46AA;;PRIMAVERA;6.164811385340524, -75.5971210732662;CAIDA OCUPANTE;NO REPORTADO;NO REPORTADO;RESIDENCIAL;Normal;Superficie lisa
2300939;22/09/2023;8:05:00 a. m.;Viernes;2023;Septiembre;MOTOCICLETA;PARTICULAR;Motociclista;45;MASCULINO;HERIDOS;0;0;0;;CALLE 46SUR CARRERA 46AA;;PRIMAVERA;6.164811385340524, -75.5971210732662;CAIDA OCUPANTE;NO REPORTADO;NO REPORTADO;RESIDENCIAL;Normal;Superficie lisa
2300940;22/09/2023;9:53:00 a. m.;Viernes;2023;Septiembre;MOTOCICLETA;PARTICULAR;Motociclista;32;MASCULINO;HERIDOS;0;0;0;;CALLE 39SUR CARRERA 35;;MESA;6.165570589050483, -75.58405344518182;CHOQUE;VEHICULO;NO REPORTADO;RESIDENCIAL;Normal;Desobedecer señales
2300941;22/09/2023;7:55:00 a. m.;Viernes;2023;Septiembre;MOTOCICLETA;PARTICULAR;Motociclista;25;FEMENINO;HERIDOS;0;0;0;;CARRERA 48 CALLE 32BSUR;;LAS VEGAS;6.1771312587881235, -75.59004749247258;CHOQUE;VEHICULO;NO REPORTADO;RESIDENCIAL;Normal;No mantener distancia de seguridad
2300942;22/09/2023;4:00:00 p. m.;Viernes;2023;Septiembre;MOTOCICLETA;PARTICULAR;Acompañante;11;MASCULINO;HERIDOS;0;0;0;;TRANSVERSAL 34SUR DIAGONAL 32D;;OBRERO;6.17284725398149, -75.5832545166071;CHOQUE;VEHICULO;NO REPORTADO;RESIDENCIAL;Normal;Desobedecer señales
2300942;22/09/2023;4:00:00 p. m.;Viernes;2023;Septiembre;MOTOCICLETA;PARTICULAR;Motociclista;47;FEMENINO;HERIDOS;0;0;0;;TRANSVERSAL 34SUR DIAGONAL 32D;;OBRERO;6.17284725398149, -75.5832545166071;CHOQUE;VEHICULO;NO REPORTADO;RESIDENCIAL;Normal;Desobedecer señales
2300943;25/09/2023;4:10:00 p. m.;Lunes;2023;Septiembre;CAMIONETA;PUBLICO;Conductor;32;MASCULINO;HERIDOS;0;0;0;;KILOMETRO 2+200;el escobero - km 0-13);VEREDA EL ESCOBERO;6.139484550656628, -75.55867859166337;CHOQUE;OBJETO FIJO;OTRO TIPO;;Normal;Impericia en el manejo
2300944;23/09/2023;1:09:00 p. m.;Sábado;2023;Septiembre;MOTOCICLETA;PARTICULAR;Motociclista;38;MASCULINO;HERIDOS;0;0;0;;CARRERA 50 ENTRE CALLE 48SUR y CALLE 49SUR;;LAS VEGAS;6.164855603672749, -75.60313204373037;CHOQUE;OBJETO FIJO;VEHICULO ESTACIONADO;RESIDENCIAL;Normal;Impericia en el manejo
2300945;24/09/2023;6:46:00 p. m.;Domingo;2023;Septiembre;MOTOCICLETA;PARTICULAR;Motociclista;50;MASCULINO;HERIDOS;0;0;0;;KILOMETRO 13+020;retiro varia palmas enviga (km 5+43 - km 14+ 550);VEREDA PALMAS;6.159768282339421, -75.52616577937805;CHOQUE;VEHICULO;NO REPORTADO;;Normal;No mantener distancia de seguridad
2300946;25/09/2023;12:00:00 p. m.;Lunes;2023;Septiembre;AUTOMOVIL;PARTICULAR;Peaton;65;MASCULINO;HERIDOS;0;0;0;;DIAGONAL 32 FRENTE AL #35ASUR-05;;LOS NARANJOS;6.169743219313811, -75.58087629984854;ATROPELLO;NO REPORTADO;NO REPORTADO;RESIDENCIAL;Normal;Cruzar sin observar