NRO_RADICADO;FECHA_ACCIDENTE;HORA_ACCIDENTE;Día de la semana;AÑO;MES;CLASE_VEHICULO;TIPO_SERVICIO;TIPO_VICTIMA;EDAD;GENERO;GRAVEDAD;ESTADO_BEODEZ;ESTADO_DROGA;RESULTADO_BEODEZ;RESUL_BEODEZ_GRAMOS;DIRECCION_CARACT_VIA;TRAMO_VIA;LOCALIDAD_O_COMUNA;    GEORREFERENCIACIÓN;DESC_CLASE_ACCIDENTE;DESC_CHOQUE_ACCIDENTE;DESC_OBJETO_FIJO;DESC_SECTOR_ACCIDENTE;CONDICION_CLIMATICA;CAUSA_ACCIDENTE
2300947;25/09/2023;9:05:00 a. m.;Lunes;2023;Septiembre;MOTOCICLETA;PARTICULAR;Motociclista;25;MASCULINO;HERIDOS;0;0;0;;CARRERA 48 FRENTE AL # 46SUR-184;;LAS VEGAS;6.165370623642842, -75.60024578036784;CHOQUE;VEHICULO;NO REPORTADO;RESIDENCIAL;Normal;No mantener distancia de seguridad
2300948;26/09/2023;4:35:00 p. m.;Martes;2023;Septiembre;MOTOCICLETA;PARTICULAR;Peaton;58;FEMENINO;HERIDOS;0;0;0;;CARRERA 36 FRENTE AL #36SUR-17;;MESA;6.168248399488015, -75.58309839594995;ATROPELLO;NO REPORTADO;NO REPORTADO;RESIDENCIAL;Normal;Cruzar sin observar
2300949;26/09/2023;7:00:00 a. m.;Martes;2023;Septiembre;MOTOCICLETA;PARTICULAR;Motociclista;21;MASCULINO;HERIDOS;0;0;0;;CALLE 38A SUR CARRERA 34;;MESA;6.1658818782383795, -75.58310880757769;CHOQUE;VEHICULO;NO REPORTADO;RESIDENCIAL;Normal;Desobedecer señales
2300950;26/09/2023;7:25:00 a. m.;Martes;2023;Septiembre;MOTOCICLETA;PARTICULAR;Peaton;67;FEMENINO;HERIDOS;0;0;0;;CARRERA 48 CALLE 25AA SUR;;LAS VEGAS;6.183900107704127, -75.58475148029898;ATROPELLO;NO REPORTADO;NO REPORTADO;RESIDENCIAL;Normal;Cruzar sin observar
2300951;26/09/2023;8:00:00 p. m.;Martes;2023;Septiembre;MOTOCICLETA;PARTICULAR;Acompañante;18;FEMENINO;HERIDOS;0;0;0;;CARRERA 48 CALLE 39SUR;;LAS VEGAS;6.1718470269521335, -75.59386983624077;CHOQUE;VEHICULO;NO REPORTADO;RESIDENCIAL;Normal;Desobedecer señales
2300951;26/09/2023;8:00:00 p. m.;Martes;2023;Septiembre;MOTOCICLETA;PARTICULAR;Motociclista;19;MASCULINO;HERIDOS;0;0;0;;CARRERA 48 CALLE 39SUR;;LAS VEGAS;6.1718470269521335, -75.59386983624077;CHOQUE;VEHICULO;NO REPORTADO;RESIDENCIAL;Normal;Desobedecer señales
2300951;26/09/2023;8:00:00 p. m.;Martes;2023;Septiembre;MOTOCICLETA;PARTICULAR;Motociclista;27;MASCULINO;HERIDOS;0;0;0;;CARRERA 48 CALLE 39SUR;;LAS VEGAS;6.1718470269521335, -75.59386983624077;CHOQUE;VEHICULO;NO REPORTADO;RESIDENCIAL;Normal;Desobedecer señales
2300952;27/09/2023;6:55:00 a. m.;Miércoles;2023;Septiembre;MOTOCICLETA;PARTICULAR;Motociclista;24;MASCULINO;HERIDOS;0;0;0;;KILOMETRO 12+604;retiro varia palmas enviga (km 5+43 - km 14+ 550);VEREDA PALMAS;6.1602279548815675, -75.5223904912223;CHOQUE;VEHICULO;NO REPORTADO;;Normal;Desobedecer señales
2300953;27/09/2023;10:10:00 a. m.;Miércoles;2023;Septiembre;MOTOCICLETA;PARTICULAR;Motociclista;34;MASCULINO;HERIDOS;0;0;0;;CALLE 24SUR FRENTE AL #38-81;;ZUÑIGA;6.178482326689697, -75.57432396969575;CHOQUE;VEHICULO;NO REPORTADO;RESIDENCIAL;Normal;Adelantar en curva
2300954;27/09/2023;8:33:00 a. m.;Miércoles;2023;Septiembre;AUTOMOVIL;PUBLICO;Pasajero;62;FEMENINO;HERIDOS;0;0;0;;CALLE 33BSUR CARRERA 43A;;SAN MARCOS;6.1733649604416945, -75.58684077486964;CHOQUE;VEHICULO;NO REPORTADO;RESIDENCIAL;Normal;No mantener distancia de seguridad
2300955;27/09/2023;9:30:00 p. m.;Miércoles;2023;Septiembre;MOTOCICLETA;PARTICULAR;Motociclista;18;MASCULINO;HERIDOS;0;0;0;;CARRERA 48 CALLE 39SUR;;LAS VEGAS;6.1718470269521335, -75.59386983624077;CHOQUE;VEHICULO;NO REPORTADO;RESIDENCIAL;Normal;Desobedecer señales
2300955;27/09/2023;9:30:00 p. m.;Miércoles;2023;Septiembre;MOTOCICLETA;PARTICULAR;Acompañante;27;FEMENINO;HERIDOS;0;0;0;;CARRERA 48 CALLE 39SUR;;LAS VEGAS;6.1718470269521335, -75.59386983624077;CHOQUE;VEHICULO;NO REPORTADO;RESIDENCIAL;Normal;Desobedecer señales
2300956;27/09/2023;6:40:00 p. m.;Miércoles;2023;Septiembre;MOTOCICLETA;PARTICULAR;Motociclista;29;MASCULINO;HERIDOS;0;0;0;;DIAGONAL 33 TRANSVERSAL 32CSUR;;LA MAGNOLIA;6.174343301479061, -75.5845191319085;CHOQUE;VEHICULO;NO REPORTADO;RESIDENCIAL;Normal;Desobedecer señales
2300957;28/09/2023;8:10:00 p. m.;Jueves;2023;Septiembre;BICICLETA;;Ciclista;20;MASCULINO;MUERTOS;0;0;0;;KILOMETRO 13+770;medellín palmas envigado (km 12 - km 16+700);VEREDA PALMAS;6.159957982421677, -75.54622532051351;CHOQUE;OBJETO FIJO;POSTE;;Normal;Impericia en el manejo
2300957;28/09/2023;8:10:00 p. m.;Jueves;2023;Septiembre;BICICLETA;;Acompañante;27;MASCULINO;MUERTOS;0;0;0;;KILOMETRO 13+770;medellín palmas envigado (km 12 - km 16+700);VEREDA PALMAS;6.159957982421677, -75.54622532051351;CHOQUE;OBJETO FIJO;POSTE;;Normal;Impericia en el manejo
2300958;28/09/2023;11:20:00 a. m.;Jueves;2023;Septiembre;MOTOCICLETA;PARTICULAR;Motociclista;17;MASCULINO;HERIDOS;0;0;0;;CARRERA 50 CALLE 43SUR;;LAS VEGAS;6.17143701472479, -75.60017011610145;CHOQUE;VEHICULO;NO REPORTADO;RESIDENCIAL;Normal;Adelantar cerrando
2300958;28/09/2023;11:20:00 a. m.;Jueves;2023;Septiembre;MOTOCICLETA;PARTICULAR;Motociclista;37;MASCULINO;HERIDOS;0;0;0;;CARRERA 50 CALLE 43SUR;;LAS VEGAS;6.17143701472479, -75.60017011610145;CHOQUE;VEHICULO;NO REPORTADO;RESIDENCIAL;Normal;Adelantar cerrando
2300959;28/09/2023;12:30:00 p. m.;Jueves;2023;Septiembre;MOTOCICLETA;PARTICULAR;Motociclista;58;FEMENINO;HERIDOS;0;0;0;;CARRERA 42A CALLE 40HSUR;;EL DORADO;6.166412687811371, -75.59076114503215;CAIDA OCUPANTE;NO REPORTADO;NO REPORTADO;RESIDENCIAL;Normal;Impericia en el manejo
2300960;30/09/2023;9:20:00 p. m.;Sábado;2023;Septiembre;MOTOCICLETA;PARTICULAR;Peaton;68;MASCULINO;HERIDOS;0;0;0;;DIAGONAL 31E TRANSVERSAL 34DSUR;;OBRERO;6.17192700805297, -75.58039431274938;ATROPELLO;NO REPORTADO;NO REPORTADO;RESIDENCIAL;Normal;Pasar semaforo en rojo
2300961;1/10/2023;2:50:00 p. m.;Domingo;2023;Octubre;MOTOCICLETA;PARTICULAR;Motociclista;19;MASCULINO;MUERTOS;0;0;0;;CARRERA 50 FRENTE AL # 43SUR- 127;;LAS VEGAS;6.169456403904259, -75.60195835108964;CHOQUE;OBJETO FIJO;ARBOL;RESIDENCIAL;Normal;Exceso de velocidad
2300961;1/10/2023;2:50:00 p. m.;Domingo;2023;Octubre;MOTOCICLETA;PARTICULAR;Acompañante;19;MASCULINO;MUERTOS;0;0;0;;CARRERA 50 FRENTE AL # 43SUR- 127;;LAS VEGAS;6.169456403904259, -75.60195835108964;CHOQUE;OBJETO FIJO;ARBOL;RESIDENCIAL;Normal;Exceso de velocidad
2300962;1/10/2023;6:05:00 p. m.;Domingo;2023;Octubre;BUS;PUBLICO;Pasajero;36;FEMENINO;HERIDOS;0;0;0;;KILOMETRO 16;la esperanza;VEREDA PALMAS;6.154257089772258, -75.53621183215357;CAIDA OCUPANTE;NO REPORTADO;NO REPORTADO;;Normal;Otra-Conductor
2300963;29/09/2023;2:30:00 p. m.;Viernes;2023;Septiembre;AUTOMOVIL;PARTICULAR;Conductor;30;MASCULINO;HERIDOS;0;0;0;;CALLE 38A SUR FRENTE AL #41-58;;ZONA CENTRO;6.169018594588078, -75.58755814965257;CHOQUE;VEHICULO;NO REPORTADO;RESIDENCIAL;Normal;No mantener distancia de seguridad
2300964;29/09/2023;7:45:00 p. m.;Viernes;2023;Septiembre;MOTOCICLETA;PARTICULAR;Motociclista;27;MASCULINO;HERIDOS;0;0;0;;CARRERA 36 CALLE 36SUR;;LOS NARANJOS;6.168389390994253, -75.58298058401535;CHOQUE;VEHICULO;NO REPORTADO;RESIDENCIAL;Normal;Desobedecer señales
2300965;30/09/2023;5:30:00 p. m.;Sábado;2023;Septiembre;MOTOCICLETA;PARTICULAR;Motociclista;24;FEMENINO;HERIDOS;0;0;0;;CARRERA 43A CALLE 25ASUR;;VILLA GRANDE;6.181434642120473, -75.58181103094918;CHOQUE;VEHICULO;NO REPORTADO;RESIDENCIAL;Normal;Desobedecer señales
2300966;30/09/2023;9:45:00 p. m.;Sábado;2023;Septiembre;MOTOCICLETA;PARTICULAR;Motociclista;35;MASCULINO;HERIDOS;0;0;0;;CALLE 38ASUR FRENTE AL # 41-73;;ZONA CENTRO;6.168929794620316, -75.58756391896738;CHOQUE;VEHICULO;NO REPORTADO;RESIDENCIAL;Normal;Adelantar por la derecha
2300967;30/09/2023;8:35:00 p. m.;Sábado;2023;Septiembre;MOTOCICLETA;PARTICULAR;Motociclista;30;MASCULINO;HERIDOS;0;0;0;;CALLE 37SUR FRENTE AL #27-90;;VEREDA EL ESCOBERO;6.1602634785710855, -75.57186664899277;CHOQUE;VEHICULO;NO REPORTADO;RESIDENCIAL;Normal;No mantener distancia de seguridad
2300968;30/09/2023;12:05:00 a. m.;Sábado;2023;Septiembre;MOTOCICLETA;PARTICULAR;Motociclista;22;MASCULINO;HERIDOS;0;0;0;;CARRERA 26 FRENTE AL #41SUR-22;;SAN RAFAEL;6.156190123665625, -75.5833714295024;CHOQUE;OBJETO FIJO;BARANDA;RESIDENCIAL;Normal;Impericia en el manejo
2300968;30/09/2023;12:05:00 a. m.;Sábado;2023;Septiembre;MOTOCICLETA;PARTICULAR;Acompañante;19;MASCULINO;HERIDOS;0;0;0;;CARRERA 26 FRENTE AL #41SUR-22;;SAN RAFAEL;6.156190123665625, -75.5833714295024;CHOQUE;OBJETO FIJO;BARANDA;RESIDENCIAL;Normal;Impericia en el manejo
2300969;30/09/2023;9:10:00 a. m.;Sábado;2023;Septiembre;MOTOCICLETA;PARTICULAR;Motociclista;47;MASCULINO;HERIDOS;0;0;0;;CARRERA 27 FRENTE AL # 22SUR-51;;ZUÑIGA;6.177092979768953, -75.56752137667418;CHOQUE;VEHICULO;NO REPORTADO;RESIDENCIAL;Normal;Desobedecer señales
2300971;2/10/2023;8:40:00 p. m.;Lunes;2023;Octubre;MOTOCICLETA;PARTICULAR;Acompañante;41;FEMENINO;HERIDOS;0;0;0;;CALLE 38ASUR FRENTE AL #34-60;;MESA;6.166178921311949, -75.58350727192354;CAIDA OCUPANTE;NO REPORTADO;NO REPORTADO;RESIDENCIAL;Lluvia;Impericia en el manejo
2300972;30/09/2023;7:20:00 p. m.;Sábado;2023;Septiembre;AUTOMOVIL;PARTICULAR;Conductor;19;MASCULINO;HERIDOS;0;0;0;;CALLE 38SUR CARRERA 32;;MESA;6.165915044097109, -75.58162466731062;CHOQUE;VEHICULO;NO REPORTADO;RESIDENCIAL;Normal;Desobedecer señales
2300972;30/09/2023;7:20:00 p. m.;Sábado;2023;Septiembre;AUTOMOVIL;PARTICULAR;Acompañante;20;FEMENINO;HERIDOS;0;0;0;;CALLE 38SUR CARRERA 32;;MESA;6.165915044097109, -75.58162466731062;CHOQUE;VEHICULO;NO REPORTADO;RESIDENCIAL;Normal;Desobedecer señales
2300972;30/09/2023;7:20:00 p. m.;Sábado;2023;Septiembre;AUTOMOVIL;PARTICULAR;Acompañante;21;FEMENINO;HERIDOS;0;0;0;;CALLE 38SUR CARRERA 32;;MESA;6.165915044097109, -75.58162466731062;CHOQUE;VEHICULO;NO REPORTADO;RESIDENCIAL;Normal;Desobedecer señales
2300973;30/09/2023;11:30:00 a. m.;Sábado;2023;Septiembre;MOTOCICLETA;PARTICULAR;Acompañante;25;FEMENINO;HERIDOS;0;0;0;;KILOMETRO 14+100;medellín palmas envigado (km 12 - km 16+700);VEREDA PALMAS;6.1570684241846445, -75.54669388123231;CHOQUE;VEHICULO;NO REPORTADO;NO REPORTADO;Normal;Impericia en el manejo
2300974;2/10/2023;10:27:00 a. m.;Lunes;2023;Octubre;AUTOMOVIL;PARTICULAR;Conductor;45;FEMENINO;HERIDOS;0;0;0;;CARRERA 48 FRENTE AL #49SUR-03;;PRIMAVERA;6.163166108492573, -75.60253958088506;CHOQUE;VEHICULO;NO REPORTADO;RESIDENCIAL;Normal;No mantener distancia de seguridad
2300975;3/10/2023;1:20:00 p. m.;Martes;2023;Octubre;MOTOCICLETA;PARTICULAR;Motociclista;29;MASCULINO;HERIDOS;0;0;0;;CARRERA 29A FRENTE AL #38SUR-45;;MESA;6.164426348135596, -75.58090660328692;CHOQUE;VEHICULO;NO REPORTADO;RESIDENCIAL;Lluvia;No mantener distancia de seguridad
2300976;3/10/2023;2:30:00 p. m.;Martes;2023;Octubre;MOTOCICLETA;PARTICULAR;Motociclista;22;FEMENINO;HERIDOS;0;0;0;;CARRERA 50 FRENTE AL #29SUR-140;;LAS VEGAS;6.181669874582253, -75.58971580620188;CAIDA OCUPANTE;NO REPORTADO;NO REPORTADO;RESIDENCIAL;Normal;Superficie humeda
2300977;3/10/2023;10:30:00 a. m.;Martes;2023;Octubre;MOTOCICLETA;PARTICULAR;Motociclista;40;MASCULINO;HERIDOS;0;0;0;;KILOMETRO 0;peri;VEREDA PERICO;6.172526821065343, -75.50268296839877;CAIDA OCUPANTE;NO REPORTADO;NO REPORTADO;NO REPORTADO;Normal;Impericia en el manejo
2300978;4/10/2023;6:50:00 a. m.;Miércoles;2023;Octubre;MOTOCICLETA;PARTICULAR;Motociclista;46;MASCULINO;HERIDOS;0;0;0;;CARRERA 42B ENTRE CALLE 44SUR y CALLE 44BSUR;;EL DORADO;6.164350419903621, -75.59255065227632;CAIDA OCUPANTE;NO REPORTADO;NO REPORTADO;RESIDENCIAL;Lluvia;Superficie humeda
2300979;4/10/2023;2:48:00 p. m.;Miércoles;2023;Octubre;MOTOCICLETA;PARTICULAR;Motociclista;26;MASCULINO;HERIDOS;0;0;0;;KILOMETRO 7+810;retiro varia palmas enviga (km 5+43 - km 14+ 550);VEREDA PERICO;6.174712268110682, -75.49484759266204;CHOQUE;VEHICULO;NO REPORTADO;NO REPORTADO;Normal;No mantener distancia de seguridad
2300980;3/10/2023;7:30:00 p. m.;Martes;2023;Octubre;MOTOCICLETA;PARTICULAR;Acompañante;51;FEMENINO;HERIDOS;0;0;0;;KILOMETRO 15+990;medellín palmas envigado (km 12 - km 16+700);VEREDA PALMAS;6.15336171792033, -75.53889941752196;CHOQUE;VEHICULO;NO REPORTADO;NO REPORTADO;Normal;No mantener distancia de seguridad
2300980;3/10/2023;7:30:00 p. m.;Martes;2023;Octubre;MOTOCICLETA;PARTICULAR;Motociclista;33;MASCULINO;HERIDOS;0;0;0;;KILOMETRO 15+990;medellín palmas envigado (km 12 - km 16+700);VEREDA PALMAS;6.15336171792033, -75.53889941752196;CHOQUE;VEHICULO;NO REPORTADO;NO REPORTADO;Normal;No mantener distancia de seguridad
2300981;4/10/2023;8:50:00 a. m.;Miércoles;2023;Octubre;MOTOCICLETA;PARTICULAR;Motociclista;24;MASCULINO;HERIDOS;0;0;0;;KILOMETRO 2+700;el escobero - km 0-13);VEREDA EL ESCOBERO;6.1377796822135435, -75.55531543575925;CHOQUE;VEHICULO;NO REPORTADO;NO REPORTADO;Lluvia;Superficie humeda
2300982;5/10/2023;3:00:00 p. m.;Jueves;2023;Octubre;BUS;PUBLICO;Pasajero;13;FEMENINO;HERIDOS;0;0;0;;KILOMETRO 1+900;peri;VEREDA PERICO;6.181692441455513, -75.50428911613787;CAIDA OCUPANTE;NO REPORTADO;NO REPORTADO;NO REPORTADO;Lluvia;Superficie humeda
2300983;5/10/2023;12:00:00 p. m.;Jueves;2023;Octubre;MOTOCICLETA;PARTICULAR;Motociclista;21;MASCULINO;HERIDOS;0;0;0;;CARRERA 42 FRENTE AL #44SUR-26;;EL DORADO;6.164633863970426, -75.59229755855591;CAIDA OCUPANTE;NO REPORTADO;NO REPORTADO;RESIDENCIAL;Normal;Desobedecer señales
2300984;5/10/2023;7:30:00 a. m.;Jueves;2023;Octubre;MOTOCICLETA;PARTICULAR;Motociclista;41;MASCULINO;HERIDOS;0;0;0;;CALLE 25ASUR FRENTE AL 42B-61;;PONTE VEDRA;6.179186441111075, -75.58125565102023;CHOQUE;VEHICULO;NO REPORTADO;RESIDENCIAL;Normal;No mantener distancia de seguridad
2300985;5/10/2023;2:10:00 p. m.;Jueves;2023;Octubre;MOTOCICLETA;PARTICULAR;Acompañante;47;FEMENINO;HERIDOS;0;0;0;;CALLE 39SUR CARRERA 28;;SAN JOSE;6.161126249031005, -75.57984055729419;CHOQUE;VEHICULO;NO REPORTADO;RESIDENCIAL;Normal;Adelantar invadiendo carril de sentido contrario
2300985;5/10/2023;2:10:00 p. m.;Jueves;2023;Octubre;MOTOCICLETA;PARTICULAR;Motociclista;65;MASCULINO;HERIDOS;0;0;0;;CALLE 39SUR CARRERA 28;;SAN JOSE;6.161126249031005, -75.57984055729419;CHOQUE;VEHICULO;NO REPORTADO;RESIDENCIAL;Normal;Adelantar invadiendo carril de sentido contrario
2300986;5/10/2023;7:15:00 a. m.;Jueves;2023;Octubre;MOTOCICLETA;PARTICULAR;Acompañante;7;FEMENINO;HERIDOS;0;0;0;;CALLE 40SUR CARRERA 24D;;EL SALADO;6.147190507797546, -75.57649287267894;CHOQUE;VEHICULO;NO REPORTADO;RESIDENCIAL;Normal;Desobedecer señales
2300987;5/10/2023;4:10:00 p. m.;Jueves;2023;Octubre;MOTOCICLETA;PARTICULAR;Motociclista;53;MASCULINO;HERIDOS;0;0;0;;CALLE 39ASUR FRENTE AL #28-06;;SAN JOSE;6.161116527882636, -75.58060711629574;CHOQUE;VEHICULO;NO REPORTADO;RESIDENCIAL;Lluvia;No mantener distancia de seguridad
2300988;7/10/2023;8:00:00 a. m.;Sábado;2023;Octubre;AUTOMOVIL;PARTICULAR;Conductor;61;MASCULINO;HERIDOS;0;0;0;;KILOMETRO 12+570;retiro varia palmas enviga (km 5+43 - km 14+ 550);VEREDA PALMAS;6.1601620132109955, -75.52214359373393;CHOQUE;VEHICULO;NO REPORTADO;NO REPORTADO;Normal;Embriaguez o droga
2300988;7/10/2023;8:00:00 a. m.;Sábado;2023;Octubre;AUTOMOVIL;PARTICULAR;Conductor;22;MASCULINO;HERIDOS;1;0;0;30;KILOMETRO 12+570;retiro varia palmas enviga (km 5+43 - km 14+ 550);VEREDA PALMAS;6.1601620132109955, -75.52214359373393;CHOQUE;VEHICULO;NO REPORTADO;NO REPORTADO;Normal;Embriaguez o droga
2300989;6/10/2023;6:00:00 p. m.;Viernes;2023;Octubre;MOTOCICLETA;PARTICULAR;Acompañante;58;FEMENINO;HERIDOS;0;0;0;;TRANSVERSAL 33ASUR FRENTE AL #31-71;;LAS FLORES;6.173939003512593, -75.57972426079715;CAIDA OCUPANTE;NO REPORTADO;NO REPORTADO;RESIDENCIAL;Normal;Obstaculos en la via
2300989;6/10/2023;6:00:00 p. m.;Viernes;2023;Octubre;MOTOCICLETA;PARTICULAR;Motociclista;31;FEMENINO;HERIDOS;0;0;0;;TRANSVERSAL 33ASUR FRENTE AL #31-71;;LAS FLORES;6.173939003512593, -75.57972426079715;CAIDA OCUPANTE;NO REPORTADO;NO REPORTADO;RESIDENCIAL;Normal;Obstaculos en la via
2300990;6/10/2023;2:10:00 p. m.;Viernes;2023;Octubre;MOTOCICLETA;PARTICULAR;Motociclista;23;MASCULINO;HERIDOS;0;0;0;;CARRERA 48 FRENTE AL # 44SUR-45;;LAS VEGAS;6.167372449763969, -75.59840065401858;CHOQUE;VEHICULO;NO REPORTADO;RESIDENCIAL;Normal;No mantener distancia de seguridad
2300991;6/10/2023;4:15:00 p. m.;Viernes;2023;Octubre;MOTOCICLETA;PARTICULAR;Motociclista;25;MASCULINO;HERIDOS;0;0;0;;CARRERA 29D FRENTE AL #40FSUR-59;;SAN RAFAEL;6.160225698962752, -75.58458402478561;CHOQUE;VEHICULO;NO REPORTADO;RESIDENCIAL;Lluvia;Adelantar en curva
2300991;6/10/2023;4:15:00 p. m.;Viernes;2023;Octubre;MOTOCICLETA;PARTICULAR;Acompañante;22;FEMENINO;HERIDOS;0;0;0;;CARRERA 29D FRENTE AL #40FSUR-59;;SAN RAFAEL;6.160225698962752, -75.58458402478561;CHOQUE;VEHICULO;NO REPORTADO;RESIDENCIAL;Lluvia;Adelantar en curva
2300992;6/10/2023;5:00:00 p. m.;Viernes;2023;Octubre;MOTOCICLETA;PARTICULAR;Motociclista;43;MASCULINO;HERIDOS;0;0;0;;KILOMETRO 9+520;retiro varia palmas enviga (km 5+43 - km 14+ 550);VEREDA PANTANILLO;6.164627726754143, -75.50212820500558;CHOQUE;VEHICULO;NO REPORTADO;NO REPORTADO;Normal;Desobedecer señales
2300993;6/10/2023;10:14:00 p. m.;Viernes;2023;Octubre;MOTOCICLETA;PARTICULAR;Peaton;52;MASCULINO;HERIDOS;0;0;0;;CALLE 40BSUR FRENTE AL #27B-086;;LA MINA;6.159392901555525, -75.58178079830684;ATROPELLO;NO REPORTADO;NO REPORTADO;RESIDENCIAL;Normal;Transitar por la calzada
2300993;6/10/2023;10:14:00 p. m.;Viernes;2023;Octubre;MOTOCICLETA;PARTICULAR;Motociclista;35;MASCULINO;HERIDOS;0;0;0;;CALLE 40BSUR FRENTE AL #27B-086;;LA MINA;6.159392901555525, -75.58178079830684;ATROPELLO;NO REPORTADO;NO REPORTADO;RESIDENCIAL;Normal;Transitar por la calzada
2300994;7/10/2023;2:30:00 p. m.;Sábado;2023;Octubre;CAMIONETA;PARTICULAR;Conductor;54;FEMENINO;HERIDOS;0;0;0;;KILOMETRO 11;el escobero - km 0-13);VEREDA EL ESCOBERO;6.1207006234867025, -75.53873839975505;CHOQUE;VEHICULO;NO REPORTADO;NO REPORTADO;Lluvia;Superficie humeda
2300994;7/10/2023;2:30:00 p. m.;Sábado;2023;Octubre;CAMIONETA;PARTICULAR;Acompañante;82;FEMENINO;HERIDOS;0;0;0;;KILOMETRO 11;el escobero - km 0-13);VEREDA EL ESCOBERO;6.1207006234867025, -75.53873839975505;CHOQUE;VEHICULO;NO REPORTADO;NO REPORTADO;Lluvia;Superficie humeda
2300994;7/10/2023;2:30:00 p. m.;Sábado;2023;Octubre;AUTOMOVIL;PARTICULAR;Conductor;49;MASCULINO;HERIDOS;0;0;0;;KILOMETRO 11;el escobero - km 0-13);VEREDA EL ESCOBERO;6.1207006234867025, -75.53873839975505;CHOQUE;VEHICULO;NO REPORTADO;NO REPORTADO;Lluvia;Superficie humeda
2300995;7/10/2023;12:40:00 a. m.;Sábado;2023;Octubre;CAMIONETA;PARTICULAR;Acompañante;17;MASCULINO;HERIDOS;0;0;0;;KILOMETRO 14+500;medellín palmas envigado (km 12 - km 16+700);VEREDA PALMAS;6.154345675114889, -75.54484928676698;CHOQUE;OBJETO FIJO;POSTE;NO REPORTADO;Normal;Impericia en el manejo
2300996;9/10/2023;8:15:00 p. m.;Lunes;2023;Octubre;AUTOMOVIL;PARTICULAR;Acompañante;12;FEMENINO;HERIDOS;0;0;0;;CALLE 38SUR ENTRE CARRERA 40 y CARRERA 41;;ZONA CENTRO;6.168773761827557, -75.58601699972291;ATROPELLO;NO REPORTADO;NO REPORTADO;RESIDENCIAL;Normal;Cruzar en estado de embriaguez
2300996;9/10/2023;8:15:00 p. m.;Lunes;2023;Octubre;AUTOMOVIL;PARTICULAR;Acompañante;2;MASCULINO;HERIDOS;0;0;0;;CALLE 38SUR ENTRE CARRERA 40 y CARRERA 41;;ZONA CENTRO;6.168773761827557, -75.58601699972291;ATROPELLO;NO REPORTADO;NO REPORTADO;RESIDENCIAL;Normal;Cruzar en estado de embriaguez
2300996;9/10/2023;8:15:00 p. m.;Lunes;2023;Octubre;AUTOMOVIL;PARTICULAR;Conductor;26;MASCULINO;HERIDOS;0;0;0;;CALLE 38SUR ENTRE CARRERA 40 y CARRERA 41;;ZONA CENTRO;6.168773761827557, -75.58601699972291;ATROPELLO;NO REPORTADO;NO REPORTADO;RESIDENCIAL;Normal;Cruzar en estado de embriaguez
2300996;9/10/2023;8:15:00 p. m.;Lunes;2023;Octubre;AUTOMOVIL;PARTICULAR;Acompañante;31;MASCULINO;HERIDOS;0;0;0;;CALLE 38SUR ENTRE CARRERA 40 y CARRERA 41;;ZONA CENTRO;6.168773761827557, -75.58601699972291;ATROPELLO;NO REPORTADO;NO REPORTADO;RESIDENCIAL;Normal;Cruzar en estado de embriaguez
2300996;9/10/2023;8:15:00 p. m.;Lunes;2023;Octubre;AUTOMOVIL;PARTICULAR;Peaton;56;MASCULINO;HERIDOS;0;0;0;;CALLE 38SUR ENTRE CARRERA 40 y CARRERA 41;;ZONA CENTRO;6.168773761827557, -75.58601699972291;ATROPELLO;NO REPORTADO;NO REPORTADO;RESIDENCIAL;Normal;Cruzar en estado de embriaguez
2300996;9/10/2023;8:15:00 p. m.;Lunes;2023;Octubre;AUTOMOVIL;PARTICULAR;Acompañante;53;FEMENINO;HERIDOS;0;0;0;;CALLE 38SUR ENTRE CARRERA 40 y CARRERA 41;;ZONA CENTRO;6.168773761827557, -75.58601699972291;ATROPELLO;NO REPORTADO;NO REPORTADO;RESIDENCIAL;Normal;Cruzar en estado de embriaguez
2300997;10/10/2023;8:37:00 a. m.;Martes;2023;Octubre;MOTOCICLETA;PARTICULAR;Motociclista;27;FEMENINO;HERIDOS;0;0;0;;CARRERA 50 CALLE 25 SUR y CALLE 25ASUR;;LAS VEGAS;6.186553330608385, -75.5851035853924;CHOQUE;VEHICULO;NO REPORTADO;RESIDENCIAL;Lluvia;Desobedecer señales
2300998;9/10/2023;5:18:00 p. m.;Lunes;2023;Octubre;MOTOCICLETA;PARTICULAR;Motociclista;20;MASCULINO;HERIDOS;0;0;0;;CARRERA 32 CALLE 39BSUR;;SAN JOSE;6.163865744366689, -75.5830062858045;CHOQUE;VEHICULO;NO REPORTADO;RESIDENCIAL;Normal;Impericia en el manejo
2300999;11/10/2023;4:40:00 p. m.;Miércoles;2023;Octubre;AUTOMOVIL;PARTICULAR;Conductor;32;MASCULINO;HERIDOS;0;0;0;;KILOMETRO 14+970;medellín palmas envigado (km 12 - km 16+700);VEREDA PALMAS;6.152041019039159, -75.54615914272566;CHOQUE;VEHICULO;NO REPORTADO;NO REPORTADO;Normal;Impericia en el manejo
2300999;11/10/2023;4:40:00 p. m.;Miércoles;2023;Octubre;AUTOMOVIL;PARTICULAR;Acompañante;20;FEMENINO;HERIDOS;0;0;0;;KILOMETRO 14+970;medellín palmas envigado (km 12 - km 16+700);VEREDA PALMAS;6.152041019039159, -75.54615914272566;CHOQUE;VEHICULO;NO REPORTADO;NO REPORTADO;Normal;Impericia en el manejo