NRO_RADICADO;FECHA_ACCIDENTE;HORA_ACCIDENTE;Día de la semana;AÑO;MES;CLASE_VEHICULO;TIPO_SERVICIO;TIPO_VICTIMA;EDAD;GENERO;GRAVEDAD;ESTADO_BEODEZ;ESTADO_DROGA;RESULTADO_BEODEZ;RESUL_BEODEZ_GRAMOS;DIRECCION_CARACT_VIA;TRAMO_VIA;LOCALIDAD_O_COMUNA;    GEORREFERENCIACIÓN;DESC_CLASE_ACCIDENTE;DESC_CHOQUE_ACCIDENTE;DESC_OBJETO_FIJO;DESC_SECTOR_ACCIDENTE;CONDICION_CLIMATICA;CAUSA_ACCIDENTE
2300999;11/10/2023;4:40:00 p. m.;Miércoles;2023;Octubre;MOTOCICLETA;PARTICULAR;Motociclista;25;FEMENINO;HERIDOS;0;0;0;;KILOMETRO 14+970;medellín palmas envigado (km 12 - km 16+700);VEREDA PALMAS;6.152041019039159, -75.54615914272566;CHOQUE;VEHICULO;NO REPORTADO;NO REPORTADO;Normal;Impericia en el manejo
2301000;11/10/2023;7:50:00 p. m.;Miércoles;2023;Octubre;MOTOCICLETA;PARTICULAR;Peaton;61;MASCULINO;HERIDOS;0;0;0;;DIAGONAL 31 TRANSVERSAL 34EESUR;;LA SEBASTIANA;6.170622115344921, -75.57960160074313;ATROPELLO;NO REPORTADO;NO REPORTADO;RESIDENCIAL;Normal;Cruzar en estado de embriaguez
2301001;12/10/2023;6:45:00 a. m.;Jueves;2023;Octubre;MOTOCICLETA;PARTICULAR;Motociclista;33;MASCULINO;HERIDOS;0;0;0;;CALLE 26BSUR ENTRE CARRERA 42 y CARRERA 42B;;LAS ORQUIDEAS;6.179121602554375, -75.58089487582329;CHOQUE;VEHICULO;NO REPORTADO;RESIDENCIAL;Normal;Otra-Conductor
2301002;12/10/2023;7:15:00 a. m.;Jueves;2023;Octubre;MOTOCICLETA;PARTICULAR;Acompañante;32;FEMENINO;HERIDOS;0;0;0;;CALLE 25SUR CARRERA 43A;;BOSQUES DE ZUÑIGA;6.181515396747297, -75.58124219474293;CHOQUE;VEHICULO;NO REPORTADO;RESIDENCIAL;Normal;No mantener distancia de seguridad
2301003;14/10/2023;11:29:00 p. m.;Sábado;2023;Octubre;AUTOMOVIL;PARTICULAR;Conductor;31;MASCULINO;HERIDOS;1;0;3;180;CARRERA 50 FRENTE AL #48SUR-22;;LAS VEGAS;6.178221093673313, -75.5925073648075;CHOQUE;OBJETO FIJO;OTRO TIPO;RESIDENCIAL;Normal;Embriaguez aparente
2301003;14/10/2023;11:29:00 p. m.;Sábado;2023;Octubre;AUTOMOVIL;PARTICULAR;Acompañante;2;MASCULINO;HERIDOS;1;0;3;180;CARRERA 50 FRENTE AL #48SUR-22;;LAS VEGAS;6.178221093673313, -75.5925073648075;CHOQUE;OBJETO FIJO;OTRO TIPO;RESIDENCIAL;Normal;Embriaguez aparente
2301004;14/10/2023;5:20:00 a. m.;Sábado;2023;Octubre;BICICLETA;;Ciclista;59;MASCULINO;HERIDOS;0;0;0;;CARRERA 49 FRENTE AL # 39SUR-356;;LAS VEGAS;6.173116474477867, -75.59806809438469;CHOQUE;VEHICULO;NO REPORTADO;RESIDENCIAL;Normal;Impericia en el manejo
2301004;14/10/2023;5:20:00 a. m.;Sábado;2023;Octubre;MOTOCICLETA;PARTICULAR;Motociclista;22;MASCULINO;HERIDOS;0;0;0;;CARRERA 49 FRENTE AL # 39SUR-356;;LAS VEGAS;6.173116474477867, -75.59806809438469;CHOQUE;VEHICULO;NO REPORTADO;RESIDENCIAL;Normal;Impericia en el manejo
2301005;12/10/2023;3:18:00 p. m.;Jueves;2023;Octubre;MOTOCICLETA;PARTICULAR;Motociclista;22;MASCULINO;HERIDOS;0;0;0;;CALLE 38ASUR FRENTE AL #41-54;;ZONA CENTRO;6.169030628006353, -75.58730903061094;CHOQUE;VEHICULO;NO REPORTADO;RESIDENCIAL;Normal;Desobedecer señales
2301006;13/10/2023;6:30:00 a. m.;Viernes;2023;Octubre;MOTOCICLETA;PARTICULAR;Motociclista;35;MASCULINO;HERIDOS;0;0;0;;CARRERA 50 ENTRE CALLE 43SUR y CALLE 39SUR;;LAS VEGAS;6.175046716816304, -75.59619383520172;CAIDA OCUPANTE;NO REPORTADO;NO REPORTADO;RESIDENCIAL;Normal;Impericia en el manejo
2301007;13/10/2023;6:40:00 p. m.;Viernes;2023;Octubre;CAMIONETA;PARTICULAR;Peaton;56;MASCULINO;HERIDOS;0;0;0;;CARRERA 25 FRENTE AL # 41BSUR-37;;SAN RAFAEL;6.154064019556874, -75.58674239685791;ATROPELLO;NO REPORTADO;NO REPORTADO;RESIDENCIAL;Normal;Otra-Conductor
2301008;14/10/2023;5:35:00 a. m.;Sábado;2023;Octubre;BICICLETA;;Ciclista;46;MASCULINO;HERIDOS;0;0;0;;CARRERA 43A CON CALLE 45SUR;;LA PAZ;6.165078130240153, -75.59449877896135;CHOQUE;VEHICULO;NO REPORTADO;RESIDENCIAL;Normal;Desobedecer señales
2301009;14/10/2023;4:30:00 a. m.;Sábado;2023;Octubre;MOTOCICLETA;PARTICULAR;Motociclista;20;FEMENINO;HERIDOS;1;0;1;80;KILOMETRO 3+500;el escobero - km 0-13);VEREDA EL ESCOBERO;6.132425978734824, -75.5532746656076;CAIDA OCUPANTE;NO REPORTADO;NO REPORTADO;NO REPORTADO;Normal;Embriaguez o droga
2301010;15/10/2023;11:44:00 a. m.;Domingo;2023;Octubre;MOTOCICLETA;PARTICULAR;Motociclista;34;MASCULINO;HERIDOS;0;0;0;;KILOMETRO 12+050;medellín palmas envigado (km 12 - km 16+700);VEREDA PALMAS;6.153665572587829, -75.53837026594468;CHOQUE;VEHICULO;NO REPORTADO;NO REPORTADO;Normal;No respetar pelacion de interseccion o giros
2301011;15/10/2023;2:00:00 p. m.;Domingo;2023;Octubre;MOTOCICLETA;PARTICULAR;Motociclista;66;MASCULINO;HERIDOS;0;0;0;;CALLE 36DSUR FRENTE AL #17-85;;VEREDA EL ESCOBERO;6.15321563437849, -75.56415390371743;CAIDA OCUPANTE;NO REPORTADO;NO REPORTADO;RESIDENCIAL;Normal;Impericia en el manejo
2301012;17/10/2023;7:35:00 a. m.;Martes;2023;Octubre;BUS;;Pasajero;25;FEMENINO;HERIDOS;0;0;0;;CARRERA 48 CALLE 19SUR;;LAS VEGAS;6.187616054160264, -75.58160513439752;CAIDA OCUPANTE;NO REPORTADO;NO REPORTADO;RESIDENCIAL;Normal;Otra-Conductor
2301013;15/10/2023;7:02:00 a. m.;Domingo;2023;Octubre;AUTOMOVIL;PARTICULAR;Conductor;38;FEMENINO;HERIDOS;0;0;0;;CARRERA 50 FRENTE AL #19SUR-80;;LAS VEGAS;6.187662161311921, -75.58359443304009;CHOQUE;VEHICULO;NO REPORTADO;RESIDENCIAL;Normal;Impericia en el manejo
2301013;15/10/2023;7:02:00 a. m.;Domingo;2023;Octubre;CAMIONETA;PUBLICO;Conductor;27;MASCULINO;HERIDOS;0;0;0;;CARRERA 50 FRENTE AL #19SUR-80;;LAS VEGAS;6.187662161311921, -75.58359443304009;CHOQUE;VEHICULO;NO REPORTADO;RESIDENCIAL;Normal;Impericia en el manejo
2301014;16/10/2023;11:35:00 p. m.;Lunes;2023;Octubre;AUTOMOVIL;PARTICULAR;Conductor;25;MASCULINO;HERIDOS;0;0;0;;CARRERA 49 FRENTE AL # 39SUR-100;;LAS VEGAS;6.173083893223491, -75.59768513439765;CHOQUE;OBJETO FIJO;OTRO TIPO;RESIDENCIAL;Normal;Embriaguez aparente
2301015;16/10/2023;8:45:00 p. m.;Lunes;2023;Octubre;MOTOCICLETA;PARTICULAR;Motociclista;19;MASCULINO;HERIDOS;0;0;0;;KILOMETRO 12+22;medellín palmas envigado (km 12 - km 16+700);VEREDA PALMAS;6.143344433338213, -75.52405001141851;CHOQUE;VEHICULO;NO REPORTADO;NO REPORTADO;Normal;Desobedecer señales
2301016;16/10/2023;7:15:00 p. m.;Lunes;2023;Octubre;CICLOMOTOR;;Conductor;29;FEMENINO;HERIDOS;0;0;0;;CARRERA 43A FRENTE AL # 45SUR-35;;MILAN VALLEJUELOS;6.164986051243475, -75.59482368597865;CHOQUE;VEHICULO;NO REPORTADO;RESIDENCIAL;Normal;No mantener distancia de seguridad
2301017;17/10/2023;7:20:00 a. m.;Martes;2023;Octubre;MOTOCICLETA;PARTICULAR;Motociclista;44;MASCULINO;HERIDOS;0;0;0;;CALLE 25SUR FRENTE AL # 6-193;;VEREDA PALMAS;6.154303714524386, -75.53564517975614;CHOQUE;VEHICULO;NO REPORTADO;RESIDENCIAL;Normal;No mantener distancia de seguridad
2301018;17/10/2023;7:10:00 a. m.;Martes;2023;Octubre;MOTOCICLETA;PARTICULAR;Motociclista;40;FEMENINO;HERIDOS;0;0;0;;CARRERA 50 ENTRE CALLE 27SUR y CALLE 28SUR;;LAS VEGAS;6.183747012339403, -75.58829244878005;CHOQUE;VEHICULO;NO REPORTADO;RESIDENCIAL;Normal;No mantener distancia de seguridad
2301019;17/10/2023;8:54:00 p. m.;Martes;2023;Octubre;MOTOCICLETA;PARTICULAR;Motociclista;47;FEMENINO;HERIDOS;0;0;0;;CALLE 46ESUR CARRERA 39D;;EL TRIANON;6.159104525070081, -75.59302932946646;CHOQUE;VEHICULO;NO REPORTADO;RESIDENCIAL;Normal;Desobedecer señales
2301020;18/10/2023;2:00:00 p. m.;Miércoles;2023;Octubre;CAMPERO;PARTICULAR;Conductor;48;MASCULINO;HERIDOS;0;0;0;;KILOMETRO 5+800;el escobero - km 0-13);VEREDA EL ESCOBERO;6.118464210915362, -75.54653389533756;CHOQUE;OBJETO FIJO;OTRO TIPO;NO REPORTADO;Normal;Estacionar sin seguridad
2301021;18/10/2023;5:20:00 p. m.;Miércoles;2023;Octubre;AUTOMOVIL;PARTICULAR;Conductor;45;MASCULINO;HERIDOS;0;0;0;;CARRERA 48 FRENTE AL #46ASUR 107;;LAS VEGAS;6.166064128579388, -75.60038504235649;CHOQUE;VEHICULO;NO REPORTADO;RESIDENCIAL;Normal;Impericia en el manejo
2301022;18/10/2023;6:45:00 a. m.;Miércoles;2023;Octubre;MOTOCICLETA;PARTICULAR;Motociclista;34;MASCULINO;HERIDOS;0;0;0;;KILOMETRO 10+600;medellín palmas envigado (km 12 - km 16+700);VEREDA PANTANILLO;6.160952277833796, -75.50865134385602;CHOQUE;VEHICULO;NO REPORTADO;NO REPORTADO;Normal;No respetar pelacion de interseccion o giros
2301023;18/10/2023;7:40:00 a. m.;Miércoles;2023;Octubre;MOTOCICLETA;PARTICULAR;Motociclista;51;FEMENINO;HERIDOS;0;0;0;;CARRERA 43A CALLE 33BSUR;;SAN MARCOS;6.173610292637261, -75.5868085902223;CHOQUE;VEHICULO;NO REPORTADO;RESIDENCIAL;Normal;Desobedecer señales
2301024;18/10/2023;8:34:00 a. m.;Miércoles;2023;Octubre;MOTOCICLETA;PARTICULAR;Acompañante;38;FEMENINO;HERIDOS;0;0;0;;CARRERA 50 ENTRE CALLE 37SUR y CALLE 36SUR;;LAS VEGAS;6.175160548586797, -75.59545016040666;CHOQUE;VEHICULO;NO REPORTADO;RESIDENCIAL;Normal;Adelantar cerrando
2301025;19/10/2023;7:25:00 a. m.;Jueves;2023;Octubre;MOTOCICLETA;PARTICULAR;Motociclista;32;FEMENINO;HERIDOS;0;0;0;;CARRERA 50 CLL 30SUR;;LAS VEGAS;6.180683455122541, -75.59039203439745;CHOQUE;VEHICULO;NO REPORTADO;RESIDENCIAL;Normal;No mantener distancia de seguridad
2301026;19/10/2023;8:56:00 a. m.;Jueves;2023;Octubre;MOTOCICLETA;PARTICULAR;Motociclista;42;MASCULINO;HERIDOS;0;0;0;;CARRERA 48 CALLE 37SUR;;LAS VEGAS;6.173473352424915, -75.59256588595376;CHOQUE;VEHICULO;NO REPORTADO;RESIDENCIAL;Normal;Desobedecer señales
2301027;19/10/2023;7:00:00 p. m.;Jueves;2023;Octubre;MOTOCICLETA;PARTICULAR;Motociclista;24;MASCULINO;HERIDOS;0;0;0;;CARRERA 50 ENTRE CALLE 37SUR y CALLE 36SUR;;LAS VEGAS;6.176086043339151, -75.59422020948314;CHOQUE;VEHICULO;NO REPORTADO;RESIDENCIAL;Normal;No mantener distancia de seguridad
2301028;21/10/2023;4:07:00 p. m.;Sábado;2023;Octubre;CAMIONETA;PARTICULAR;Peaton;29;MASCULINO;HERIDOS;0;0;0;;KILOMETRO 1+700;el escobero - km 0-13);VEREDA EL ESCOBERO;6.142420730469, -75.55934769965103;ATROPELLO;NO REPORTADO;NO REPORTADO;NO REPORTADO;Lluvia;Otra-Conductor
2301029;19/10/2023;10:44:00 a. m.;Jueves;2023;Octubre;BICICLETA;;Peaton;78;FEMENINO;HERIDOS;0;0;0;;CARRERA 20 FRENTE AL #25SUR-81;;LOMA DEL ATRAVEZADO;6.172342215352542, -75.56230712958046;ATROPELLO;NO REPORTADO;NO REPORTADO;RESIDENCIAL;Normal;Cruzar sin observar
2301029;19/10/2023;10:44:00 a. m.;Jueves;2023;Octubre;BICICLETA;;Ciclista;36;MASCULINO;HERIDOS;0;0;0;;CARRERA 20 FRENTE AL #25SUR-81;;LOMA DEL ATRAVEZADO;6.172342215352542, -75.56230712958046;ATROPELLO;NO REPORTADO;NO REPORTADO;RESIDENCIAL;Normal;Cruzar sin observar
2301030;19/10/2023;4:20:00 p. m.;Jueves;2023;Octubre;MOTOCICLETA;PARTICULAR;Motociclista;25;MASCULINO;HERIDOS;0;0;0;;CALLE 25SUR FRENTE AL #42B-400;;LAS ORQUIDEAS;6.179768665609214, -75.58102677965442;CAIDA OCUPANTE;NO REPORTADO;NO REPORTADO;RESIDENCIAL;Normal;Desobedecer señales
2301031;19/10/2023;6:50:00 a. m.;Jueves;2023;Octubre;MOTOCICLETA;PARTICULAR;Motociclista;32;MASCULINO;HERIDOS;0;0;0;;CARRERA 50 ENTRE CALLE 30SUR y CALLE 31SUR;;LAS VEGAS;6.180576790386384, -75.59042422090259;CHOQUE;VEHICULO;NO REPORTADO;RESIDENCIAL;Normal;No mantener distancia de seguridad
2301032;20/10/2023;7:40:00 a. m.;Viernes;2023;Octubre;MOTOCICLETA;PARTICULAR;Motociclista;36;MASCULINO;HERIDOS;0;0;0;;DIAGONAL 29 FRENTE AL # 32ASUR-41;;URIBE ANGEL;6.174397941717235, -75.57758930793328;CHOQUE;VEHICULO;NO REPORTADO;RESIDENCIAL;Normal;No mantener distancia de seguridad
2301033;20/10/2023;3:10:00 p. m.;Viernes;2023;Octubre;MOTOCICLETA;PARTICULAR;Motociclista;29;FEMENINO;HERIDOS;0;0;0;;CARRERA 40 CALLE 36SUR-77;;ZONA CENTRO;6.169469037157636, -75.58548677496324;CHOQUE;VEHICULO;NO REPORTADO;RESIDENCIAL;Normal;ABRIR LAS PUERTAS SIN PRECAUCION
2301034;20/10/2023;8:08:00 a. m.;Viernes;2023;Octubre;MOTOCICLETA;PARTICULAR;Motociclista;28;MASCULINO;HERIDOS;0;0;0;;CALLE 36DSUR FRENTE AL #25A-31;;VEREDA EL ESCOBERO;6.158769367357543, -75.56656090821791;CHOQUE;VEHICULO;NO REPORTADO;RESIDENCIAL;Normal;Arrancar sin precaucion
2301035;23/10/2023;8:47:00 p. m.;Lunes;2023;Octubre;MOTOCICLETA;;Peaton;19;FEMENINO;HERIDOS;0;0;0;;CALLE 39SUR FRENTE AL # 25B-130;;EL CHINGUÍ;6.156479000922126, -75.57829286323282;ATROPELLO;NO REPORTADO;NO REPORTADO;RESIDENCIAL;Lluvia;Falta de precaucion niebla, lluvia, humo  -  Salir por delante de un vehiculo
2301036;23/10/2023;6:07:00 a. m.;Lunes;2023;Octubre;MOTOCICLETA;PARTICULAR;Motociclista;24;MASCULINO;HERIDOS;0;0;0;;CARRERA 1C CALLE 23ASUR-280;;VEREDA PANTANILLO;6.166987657129013, -75.49207794588781;CHOQUE;VEHICULO;NO REPORTADO;RESIDENCIAL;Normal;Adelantar invadiendo carril de sentido contrario
2301037;23/10/2023;12:15:00 p. m.;Lunes;2023;Octubre;BUS;PUBLICO;Pasajero;66;MASCULINO;HERIDOS;0;0;0;;CARRERA 40 FRENTE AL # 48BSUR-23;;EL TRIANON;6.158302748756452, -75.59543022005649;CAIDA OCUPANTE;NO REPORTADO;NO REPORTADO;RESIDENCIAL;Normal;Frenar bruscamente
2301038;23/10/2023;7:50:00 a. m.;Lunes;2023;Octubre;MOTOCICLETA;PARTICULAR;Acompañante;41;FEMENINO;HERIDOS;0;0;0;;CALLE 46ASUR CARRERA 49;;LAS VEGAS;6.167180528999923, -75.60081760556267;CHOQUE;VEHICULO;NO REPORTADO;RESIDENCIAL;Normal;Desobedecer señales
2301038;23/10/2023;7:50:00 a. m.;Lunes;2023;Octubre;MOTOCICLETA;PARTICULAR;Motociclista;30;FEMENINO;HERIDOS;0;0;0;;CALLE 46ASUR CARRERA 49;;LAS VEGAS;6.167180528999923, -75.60081760556267;CHOQUE;VEHICULO;NO REPORTADO;RESIDENCIAL;Normal;Desobedecer señales
2301039;23/10/2023;3:45:00 p. m.;Lunes;2023;Octubre;MOTOCICLETA;PARTICULAR;Motociclista;23;MASCULINO;HERIDOS;0;0;0;;CARRERA 48 CALLE 33BSUR;;LAS VEGAS;6.176175692587448, -75.5905528613873;CHOQUE;VEHICULO;NO REPORTADO;RESIDENCIAL;Normal;Transitar entre vehiculos
2301040;21/10/2023;7:00:00 p. m.;Sábado;2023;Octubre;MOTOCICLETA;PARTICULAR;Motociclista;20;MASCULINO;HERIDOS;0;0;0;;CALLE 39ASUR FRENTE AL # 28-06;;SAN JOSE;6.16383010497603, -75.58298218206664;CHOQUE;VEHICULO;NO REPORTADO;RESIDENCIAL;Normal;Desobedecer señales
2301041;23/10/2023;2:40:00 p. m.;Lunes;2023;Octubre;MOTOCICLETA;PARTICULAR;Motociclista;25;MASCULINO;HERIDOS;0;0;0;;TRANSVERSAL 34ASUR DIAGONAL 33;;OBRERO;6.172160801928623, -75.58372380715137;CHOQUE;VEHICULO;NO REPORTADO;RESIDENCIAL;Normal;No respetar pelacion de interseccion o giros
2301041;23/10/2023;2:40:00 p. m.;Lunes;2023;Octubre;MOTOCICLETA;PARTICULAR;Motociclista;44;FEMENINO;HERIDOS;0;0;0;;TRANSVERSAL 34ASUR DIAGONAL 33;;OBRERO;6.172160801928623, -75.58372380715137;CHOQUE;VEHICULO;NO REPORTADO;RESIDENCIAL;Normal;No respetar pelacion de interseccion o giros
2301042;23/10/2023;7:00:00 p. m.;Lunes;2023;Octubre;MOTOCICLETA;PARTICULAR;Motociclista;33;MASCULINO;HERIDOS;0;0;0;;CARRERA 48 FRENTE AL #39SUR-41;;ALCALA;6.170645533261165, -75.59277725626855;CHOQUE;VEHICULO;NO REPORTADO;RESIDENCIAL;Normal;Desobedecer señales
2301042;23/10/2023;7:00:00 p. m.;Lunes;2023;Octubre;MOTOCICLETA;PARTICULAR;Motociclista;21;MASCULINO;HERIDOS;1;0;1;80;CARRERA 48 FRENTE AL #39SUR-41;;ALCALA;6.170645533261165, -75.59277725626855;CHOQUE;VEHICULO;NO REPORTADO;RESIDENCIAL;Normal;Desobedecer señales
2301043;23/10/2023;12:45:00 p. m.;Lunes;2023;Octubre;MOTOCICLETA;PARTICULAR;Peaton;60;FEMENINO;HERIDOS;0;0;0;;CARRERA 42B FRENTE AL # 26ASUR-64;;PONTE VEDRA;6.17858333372655, -75.58194633959083;ATROPELLO;NO REPORTADO;NO REPORTADO;RESIDENCIAL;Normal;Desobedecer señales  -  Pasar semaforo en rojo
2301043;23/10/2023;12:45:00 p. m.;Lunes;2023;Octubre;MOTOCICLETA;PARTICULAR;Motociclista;26;MASCULINO;HERIDOS;0;0;0;;CARRERA 42B FRENTE AL # 26ASUR-64;;PONTE VEDRA;6.17858333372655, -75.58194633959083;ATROPELLO;NO REPORTADO;NO REPORTADO;RESIDENCIAL;Normal;Desobedecer señales  -  Pasar semaforo en rojo
2301044;24/10/2023;3:15:00 p. m.;Martes;2023;Octubre;MOTOCICLETA;PARTICULAR;Motociclista;22;MASCULINO;HERIDOS;0;0;0;;DIAGONAL 32D TRANSVERSAL 33SUR;;BUCAREST;6.174044734154118, -75.58370944470174;CHOQUE;VEHICULO;NO REPORTADO;RESIDENCIAL;Normal;Exceso de velocidad
2301045;24/10/2023;5:50:00 p. m.;Martes;2023;Octubre;MOTOCICLETA;PARTICULAR;Motociclista;30;MASCULINO;HERIDOS;0;0;0;;CARRERA 48 CALLE 39SUR;;LAS VEGAS;6.171921693493243, -75.59365526138733;CHOQUE;VEHICULO;NO REPORTADO;RESIDENCIAL;Normal;Desobedecer señales
2301046;24/10/2023;6:40:00 p. m.;Martes;2023;Octubre;BUSETA;PUBLICO;Pasajero;63;FEMENINO;HERIDOS;0;0;0;;CARRERA 42 FRENTE AL #40DDSUR- 45;;EL DORADO;6.166037737532187, -75.59006464067654;CAIDA OCUPANTE;NO REPORTADO;NO REPORTADO;RESIDENCIAL;Normal;Transitar con las puertas abiertas
2301047;25/10/2023;4:30:00 p. m.;Miércoles;2023;Octubre;MOTOCICLETA;PARTICULAR;Motociclista;22;FEMENINO;HERIDOS;0;0;0;;CARRERA 49 FRENTE AL #27SUR-150;;LAS VEGAS;6.183489772753311, -75.58852588174584;CHOQUE;VEHICULO;NO REPORTADO;RESIDENCIAL;Normal;Exceso de velocidad
2301048;25/10/2023;11:25:00 a. m.;Miércoles;2023;Octubre;MOTOCICLETA;PARTICULAR;Motociclista;51;MASCULINO;HERIDOS;0;0;0;;CARRERA 43A ENTRE TRANSVERSAL 26SUR y TRANSVERSAL 27ASUR;;PONTE VEDRA;6.180524702067466, -75.58285568503244;CHOQUE;VEHICULO;NO REPORTADO;RESIDENCIAL;Normal;No mantener distancia de seguridad
2301049;26/10/2023;12:15:00 p. m.;Jueves;2023;Octubre;MOTOCICLETA;PARTICULAR;Motociclista;22;MASCULINO;HERIDOS;0;0;0;;CARRERA 48 CALLE 30 SUR;;LAS VEGAS;6.179496718217783, -75.58819458527805;CHOQUE;VEHICULO;NO REPORTADO;RESIDENCIAL;Normal;Semaforo en rojo
2301050;26/10/2023;1:16:00 p. m.;Jueves;2023;Octubre;MOTOCICLETA;PARTICULAR;Acompañante;36;FEMENINO;HERIDOS;0;0;0;;CALLE 39SUR FRENTE AL #40-65;;ZONA CENTRO;6.167757528100798, -75.58738260556271;CHOQUE;OBJETO FIJO;VEHICULO ESTACIONADO;RESIDENCIAL;Normal;ABRIR LAS PUERTAS SIN PRECAUCION
2301051;27/10/2023;18:57:00;Viernes;2023;Octubre;MOTOCICLETA;PARTICULAR;Motociclista;34;MASCULINO;HERIDOS;0;0;0;;CALLE 21 SUR CON CARRERA 41-117;;ZUÑIGA;6.18207546026647, -75.57707366462786;CHOQUE;VEHICULO;NO REPORTADO;RESIDENCIAL;Normal;No mantener distancia de seguridad
2301052;27/10/2023;15:21:00;Viernes;2023;Octubre;MOTOCICLETA;PARTICULAR;Motociclista;25;MASCULINO;HERIDOS;0;0;0;;CARRERA 49 CON CALLE 30 SUR;;LAS VEGAS;6.180341, -75.590571;CHOQUE;VEHICULO;NO REPORTADO;RESIDENCIAL;Normal;Impericia en el manejo
2301053;27/10/2023;18:50:00;Viernes;2023;Octubre;MOTOCICLETA;PARTICULAR;Motociclista;25;FEMENINO;HERIDOS;0;0;0;;CALLE 37 SUR CON CARRERA 48;;LAS VEGAS;6.173643245908734, -75.59239554469394;ATROPELLO;NO REPORTADO;NO REPORTADO;RESIDENCIAL;Normal;Transitar por la calzada
2301054;28/10/2023;06:00:00;Sábado;2023;Octubre;MOTOCICLETA;PARTICULAR;Motociclista;33;MASCULINO;HERIDOS;0;0;0;;CARRERA 43A CON CALLE 32A SUR;;SAN MARCOS;6.1749791675746035, -75.58591124336876;CHOQUE;VEHICULO;NO REPORTADO;RESIDENCIAL;Normal;Realizar giro en U
2301055;28/10/2023;15:30:00;Sábado;2023;Octubre;MOTOCICLETA;PARTICULAR;Motociclista;21;MASCULINO;HERIDOS;0;0;0;;CALLE 38A SUR CON CARRERA 45;;ALCALA;6.170620465233811, -75.59040367934219;CHOQUE;VEHICULO;NO REPORTADO;RESIDENCIAL;Normal;Desobedecer señales
2301056;28/10/2023;13:52:00;Sábado;2023;Octubre;MOTOCICLETA;PARTICULAR;Motociclista;32;MASCULINO;HERIDOS;0;0;0;;CARRERA 50 CON CALLE 31 SUR;;LAS VEGAS;6.179588, -75.590995;CHOQUE;VEHICULO;NO REPORTADO;RESIDENCIAL;Normal;Fallas en la direccion  -  Huecos  -  No mantener distancia de seguridad
2301056;28/10/2023;13:52:00;Sábado;2023;Octubre;MOTOCICLETA;PARTICULAR;Motociclista;41;MASCULINO;HERIDOS;0;0;0;;CARRERA 50 CON CALLE 31 SUR;;LAS VEGAS;6.179588, -75.590995;CHOQUE;VEHICULO;NO REPORTADO;RESIDENCIAL;Normal;Fallas en la direccion  -  Huecos  -  No mantener distancia de seguridad
2301057;28/10/2023;15:45:00;Sábado;2023;Octubre;MOTOCICLETA;PARTICULAR;Motociclista;25;MASCULINO;HERIDOS;0;0;0;;CALLE 39 SUR CON CARRERA 35;;MESA;6.165895063474942, -75.58401141896745;CHOQUE;VEHICULO;NO REPORTADO;RESIDENCIAL;Normal;Desobedecer señales
2301058;28/10/2023;04:13:00;Sábado;2023;Octubre;AUTOMOVIL;PARTICULAR;Acompañante;19;MASCULINO;HERIDOS;0;0;0;;CALLE 38 SUR CON CARRERA 34-10;;MESA;6.166908162903391, -75.58261577663872;CHOQUE;OBJETO FIJO;POSTE;RESIDENCIAL;Normal;Exeso en horas de conduccion
2301058;28/10/2023;04:13:00;Sábado;2023;Octubre;AUTOMOVIL;PARTICULAR;Conductor;20;MASCULINO;HERIDOS;0;0;0;;CALLE 38 SUR CON CARRERA 34-10;;MESA;6.166908162903391, -75.58261577663872;CHOQUE;OBJETO FIJO;POSTE;RESIDENCIAL;Normal;Exeso en horas de conduccion
2301059;28/10/2023;2:45:00 p. m.;Sábado;2023;Octubre;AUTOMOVIL;PARTICULAR;Peaton;23;MASCULINO;HERIDOS;0;0;0;;CALLE 31 SUR CON CARRERA 45A 98;;SAN MARCOS;6.177399066542234, -75.58732328569694;ATROPELLO;NO REPORTADO;NO REPORTADO;RESIDENCIAL;Normal;Cruzar sin observar
2301060;29/10/2023;22:10:00;Domingo;2023;Octubre;BICICLETA;;Ciclista;24;MASCULINO;HERIDOS;0;0;0;;CALLE 37 SUR CON CARRERA 45B;;EL PORTAL;6.172382526073593, -75.59025250207928;CHOQUE;OBJETO FIJO;OTRO TIPO;RESIDENCIAL;Normal;Impericia en el manejo  -  Superficie humeda
2301061;29/10/2023;00:50:00;Domingo;2023;Octubre;MOTOCICLETA;PARTICULAR;Acompañante;22;FEMENINO;HERIDOS;0;0;0;;KILOMETRO 15 + 410 ;medellín palmas envigado (km 12 - km 16+700);VEREDA PALMAS;6.153836168716407, -75.54340792477396;CHOQUE;OBJETO FIJO;BARANDA;NO REPORTADO;Normal;Impericia en el manejo
2301061;29/10/2023;00:50:00;Domingo;2023;Octubre;MOTOCICLETA;PARTICULAR;Motociclista;19;MASCULINO;HERIDOS;0;0;0;;KILOMETRO 15 + 410 ;medellín palmas envigado (km 12 - km 16+700);VEREDA PALMAS;6.153836168716407, -75.54340792477396;CHOQUE;OBJETO FIJO;BARANDA;NO REPORTADO;Normal;Impericia en el manejo