NRO_RADICADO;FECHA_ACCIDENTE;HORA_ACCIDENTE;Día de la semana;AÑO;MES;CLASE_VEHICULO;TIPO_SERVICIO;TIPO_VICTIMA;EDAD;GENERO;GRAVEDAD;ESTADO_BEODEZ;ESTADO_DROGA;RESULTADO_BEODEZ;RESUL_BEODEZ_GRAMOS;DIRECCION_CARACT_VIA;TRAMO_VIA;LOCALIDAD_O_COMUNA;    GEORREFERENCIACIÓN;DESC_CLASE_ACCIDENTE;DESC_CHOQUE_ACCIDENTE;DESC_OBJETO_FIJO;DESC_SECTOR_ACCIDENTE;CONDICION_CLIMATICA;CAUSA_ACCIDENTE
2301062;29/10/2023;18:57:00;Domingo;2023;Octubre;MOTOCICLETA;PARTICULAR;Motociclista;21;MASCULINO;HERIDOS;0;0;0;;CALLE 39A SUR CON CARRERA 28;;SAN JOSE;6.161341131118617, -75.58049913462587;CHOQUE;VEHICULO;NO REPORTADO;RESIDENCIAL;Normal;Girar bruscamente
2301063;27/10/2023;15:45:00;Viernes;2023;Octubre;MOTOCICLETA;PARTICULAR;Motociclista;27;MASCULINO;HERIDOS;0;0;0;;CALLE 37 SUR CON CARRERA 48;;LAS VEGAS;6.173643245908734, -75.59239554469394;CHOQUE;VEHICULO;NO REPORTADO;RESIDENCIAL;Normal;Desobedecer señales
2301064;29/10/2023;08:50:00;Domingo;2023;Octubre;MOTOCICLETA;PARTICULAR;Motociclista;19;MASCULINO;HERIDOS;0;0;0;;CARRERA 48 CON CALLE 26 SUR 181;;LAS VEGAS;6.183164215929877, -75.58632115681817;CHOQUE;VEHICULO;NO REPORTADO;RESIDENCIAL;Normal;Desobedecer señales
2301064;29/10/2023;08:50:00;Domingo;2023;Octubre;BICICLETA;;Ciclista;53;MASCULINO;HERIDOS;0;0;0;;CARRERA 48 CON CALLE 26 SUR 181;;LAS VEGAS;6.183164215929877, -75.58632115681817;CHOQUE;VEHICULO;NO REPORTADO;RESIDENCIAL;Normal;Desobedecer señales
2301065;29/10/2023;13:30:00;Domingo;2023;Octubre;MOTOCICLETA;PARTICULAR;Motociclista;20;FEMENINO;HERIDOS;0;0;0;;CALLE 40F SUR CON CARRERA 36;;MESA;6.163342407292907, -75.58610331008583;CHOQUE;VEHICULO;NO REPORTADO;RESIDENCIAL;Normal;Desobedecer señales
2301066;30/10/2023;18:05:00;Lunes;2023;Octubre;MOTOCICLETA;PARTICULAR;Motociclista;24;MASCULINO;HERIDOS;0;0;0;;CARRERA 50 CON CALLE 19 SUR;;LAS VEGAS;6.188167, -75.583364;CHOQUE;VEHICULO;NO REPORTADO;RESIDENCIAL;Normal;No mantener distancia de seguridad
2301067;31/10/2023;12:40:00;Martes;2023;Octubre;AUTOMOVIL;PARTICULAR;Acompañante;31;FEMENINO;HERIDOS;0;0;0;;CARRERA 50 CON CALLE 32B SUR;;LAS VEGAS;6.178263, -75.591897;CHOQUE;VEHICULO;NO REPORTADO;RESIDENCIAL;Normal;Desobedecer señales
2301067;31/10/2023;12:40:00;Martes;2023;Octubre;MOTOCICLETA;PARTICULAR;Motociclista;26;MASCULINO;HERIDOS;0;0;0;;CARRERA 50 CON CALLE 32B SUR;;LAS VEGAS;6.178263, -75.591897;CHOQUE;VEHICULO;NO REPORTADO;RESIDENCIAL;Normal;Desobedecer señales
2301068;31/10/2023;23:35:00;Martes;2023;Octubre;MOTOCICLETA;PARTICULAR;Motociclista;35;MASCULINO;HERIDOS;0;0;0;;CARRERA 50 CON CALLE 25AA SUR ;;LAS VEGAS;6.185690, -75.586150;VOLCAMIENTO;NO REPORTADO;NO REPORTADO;RESIDENCIAL;Normal;Huecos
2301069;31/10/2023;08:20:00;Martes;2023;Octubre;MOTOCICLETA;PARTICULAR;Motociclista;40;FEMENINO;HERIDOS;0;0;0;;CARRERA 50 CON CALLE 43 SUR;;LAS VEGAS;6.171018, -75.600755;CHOQUE;VEHICULO;NO REPORTADO;RESIDENCIAL;Normal;Adelantar invadiendo carril de sentido contrario  -  Impericia en el manejo
2301070;31/10/2023;08:30:00;Martes;2023;Octubre;CAMIONETA;PARTICULAR;Conductor;37;MASCULINO;HERIDOS;0;0;0;;CALLE 38 SUR CON CARRERA 41;;ZONA CENTRO;6.169360165279915, -75.5866627084432;CHOQUE;VEHICULO;NO REPORTADO;RESIDENCIAL;Normal;No mantener distancia de seguridad
2301070;31/10/2023;08:30:00;Martes;2023;Octubre;CAMIONETA;PARTICULAR;Acompañante;61;FEMENINO;HERIDOS;0;0;0;;CALLE 38 SUR CON CARRERA 41;;ZONA CENTRO;6.169360165279915, -75.5866627084432;CHOQUE;VEHICULO;NO REPORTADO;RESIDENCIAL;Normal;No mantener distancia de seguridad
2301071;1/11/2023;17:04:00;Miércoles;2023;Noviembre;MOTOCICLETA;PARTICULAR;Acompañante;45;FEMENINO;HERIDOS;0;0;0;;CARRERA 43A CON CALLE 21 SUR;;ZUÑIGA;6.183624211816496, -75.57952327316723;CHOQUE;VEHICULO;NO REPORTADO;RESIDENCIAL;Normal;Desobedecer señales
2301071;1/11/2023;17:04:00;Miércoles;2023;Noviembre;MOTOCICLETA;PARTICULAR;Motociclista;58;MASCULINO;HERIDOS;0;0;0;;CARRERA 43A CON CALLE 21 SUR;;ZUÑIGA;6.183624211816496, -75.57952327316723;CHOQUE;VEHICULO;NO REPORTADO;RESIDENCIAL;Normal;Desobedecer señales
2301071;1/11/2023;17:04:00;Miércoles;2023;Noviembre;MOTOCICLETA;PARTICULAR;Motociclista;22;MASCULINO;HERIDOS;0;0;0;;CARRERA 43A CON CALLE 21 SUR;;ZUÑIGA;6.183624211816496, -75.57952327316723;CHOQUE;VEHICULO;NO REPORTADO;RESIDENCIAL;Normal;Desobedecer señales
2301072;1/11/2023;7:00:00 p. m.;Miércoles;2023;Noviembre;AUTOMOVIL;PARTICULAR;Peaton;22;FEMENINO;HERIDOS;0;0;0;;CARRERA 42 CON CALLE 40 SUR;;ZONA CENTRO;6.167433981406329, -75.58873216853286;ATROPELLO;NO REPORTADO;NO REPORTADO;RESIDENCIAL;Normal;Desobedecer señales
2301073;1/11/2023;08:20:00;Miércoles;2023;Noviembre;MOTOCICLETA;PARTICULAR;Motociclista;31;MASCULINO;HERIDOS;0;0;0;;CARRERA 50 CON CALLE 27 SUR;;LAS VEGAS;6.183503, -75.588505;CHOQUE;VEHICULO;NO REPORTADO;RESIDENCIAL;Normal;Transitar entre vehiculos
2301074;1/11/2023;05:45:00;Miércoles;2023;Noviembre;MOTOCICLETA;PARTICULAR;Motociclista;29;MASCULINO;HERIDOS;0;0;0;;CALLE 27 SUR CON CARRERA 27B;;EL ESMERALDAL;6.1737121025325274, -75.57005378186665;CAIDA OCUPANTE;NO REPORTADO;NO REPORTADO;RESIDENCIAL;Normal;Impericia en el manejo
2301075;2/11/2023;00:05:00;Jueves;2023;Noviembre;MOTOCICLETA;PARTICULAR;Motociclista;30;MASCULINO;HERIDOS;0;0;0;;TRANSVERSAL 34D SUR CON DIAGONAL 31E;;OBRERO;6.17192700805297, -75.58039431274938;CHOQUE;VEHICULO;NO REPORTADO;RESIDENCIAL;Normal;Semaforo en rojo
2301076;5/11/2023;1:04:00 a. m.;Domingo;2023;Noviembre;AUTOMOVIL;PARTICULAR;Conductor;35;FEMENINO;HERIDOS;0;0;0;;CARRERA 39E CON CALLE 48F SUR;;LOMA DEL BARRO;6.1550194220667285, -75.59763906127463;CHOQUE;OBJETO FIJO;OTRO TIPO;RESIDENCIAL;Normal;Defectos fisicos y psiquicos
2301077;2/11/2023;5:22:00 p. m.;Jueves;2023;Noviembre;AUTOMOVIL;PARTICULAR;Conductor;39;FEMENINO;HERIDOS;0;0;0;;CARRERA 43A CON CALLE 25 SUR;;BOSQUES DE ZUÑIGA;6.181527767015737, -75.58125395108142;CHOQUE;VEHICULO;NO REPORTADO;RESIDENCIAL;Normal;Desobedecer señales
2301078;2/11/2023;8:40:00 a. m.;Jueves;2023;Noviembre;MOTOCICLETA;PARTICULAR;Motociclista;29;MASCULINO;HERIDOS;0;0;0;;TRANSVERSAL 32C CON DIAGONAL 32;;LA MAGNOLIA;6.1750389768341005, -75.58234604039434;CHOQUE;VEHICULO;NO REPORTADO;RESIDENCIAL;Normal;Desobedecer señales
2301079;4/11/2023;6:45:00 a. m.;Sábado;2023;Noviembre;MOTOCICLETA;PARTICULAR;Motociclista;25;MASCULINO;HERIDOS;0;0;0;;CALLE 40A SUR CON CARRERA 25B 25;;EL SALADO;6.156466543548772, -75.58085089017283;CHOQUE;VEHICULO;NO REPORTADO;RESIDENCIAL;Normal;Impericia en el manejo
2301080;4/11/2023;2:30:00 p. m.;Sábado;2023;Noviembre;MOTOCICLETA;PARTICULAR;Motociclista;30;MASCULINO;HERIDOS;0;0;0;;CARRERA 43A CON CALLE 40 SUR 63;;MILAN VALLEJUELOS;6.167870267924341, -75.59041681327435;CHOQUE;VEHICULO;NO REPORTADO;RESIDENCIAL;Normal;Embriaguez o droga
2301081;4/11/2023;9:00:00 p. m.;Sábado;2023;Noviembre;MOTOCICLETA;PARTICULAR;Motociclista;65;MASCULINO;HERIDOS;0;0;0;;CARRERA 50 CON CALLE 39 SUR 100;;LAS VEGAS;6.173303607160337, -75.59788796574267;CHOQUE;OBJETO FIJO;OTRO TIPO;RESIDENCIAL;Normal;Embriaguez aparente
2301082;4/11/2023;11:05:00 a. m.;Sábado;2023;Noviembre;BICICLETA;;Ciclista;65;MASCULINO;HERIDOS;0;0;0;;KILOMETRO 2 + 600;pantanill;VEREDA PANTANILLO;6.188193272058501, -75.49072434862627;CHOQUE;VEHICULO;NO REPORTADO;NO REPORTADO;Normal;Desobedecer señales
2301083;5/11/2023;3:08:00 p. m.;Domingo;2023;Noviembre;MOTOCICLETA;PARTICULAR;Acompañante;20;FEMENINO;HERIDOS;0;0;0;;DIAGONAL 29 CON TRANSVERSAL 34A SUR 53;;URIBE ANGEL;6.172362495312806, -75.57708715053136;CHOQUE;VEHICULO;NO REPORTADO;RESIDENCIAL;Normal;Desobedecer señales
2301084;5/11/2023;1:20:00 a. m.;Domingo;2023;Noviembre;MOTOCICLETA;PARTICULAR;Motociclista;26;MASCULINO;HERIDOS;0;0;0;;CARRERA 48 CON CALLE 38 SUR;;LAS VEGAS;6.1728750073445156, -75.59282694398259;CHOQUE;VEHICULO;NO REPORTADO;RESIDENCIAL;Normal;Desobedecer señales
2301085;5/11/2023;1:50:00 p. m.;Domingo;2023;Noviembre;MOTOCICLETA;PARTICULAR;Motociclista;21;MASCULINO;HERIDOS;0;0;0;;CARRERA 43 CON TRANSVERSAL 32A SUR;;LA MAGNOLIA;6.174761976400591, -75.58523561211382;CHOQUE;VEHICULO;NO REPORTADO;RESIDENCIAL;Normal;Semaforo en rojo
2301086;6/11/2023;1:20:00 p. m.;Lunes;2023;Noviembre;MOTOCICLETA;PARTICULAR;Motociclista;26;MASCULINO;HERIDOS;1;0;2;100;TRANSVERSAL 33A SUR CON DIAGONAL 31B - 30;;LAS FLORES;6.174074685360782, -75.58003641517716;ATROPELLO;NO REPORTADO;NO REPORTADO;RESIDENCIAL;Normal;Desobedecer señales
2301087;6/11/2023;6:00:00 p. m.;Lunes;2023;Noviembre;MOTOCICLETA;PARTICULAR;Motociclista;18;MASCULINO;HERIDOS;0;0;0;;KILOMETRO 15;medellín palmas envigado (km 12 - km 16+700);VEREDA PALMAS;6.152128363410714, -75.5458364089835;CHOQUE;OBJETO FIJO;OTRO TIPO;NO REPORTADO;Normal;Impericia en el manejo
2301088;6/11/2023;11:45:00 p. m.;Lunes;2023;Noviembre;AUTOMOVIL;PARTICULAR;Conductor;32;MASCULINO;HERIDOS;0;0;0;;CARRERA 43A CON CALLE 48C SUR;;PRIMAVERA;6.162222305860492, -75.5976995886002;CHOQUE;VEHICULO;NO REPORTADO;RESIDENCIAL;Normal;Semaforo en rojo
2301089;3/11/2023;8:30:00 p. m.;Viernes;2023;Noviembre;MOTOCICLETA;PARTICULAR;Motociclista;27;MASCULINO;HERIDOS;0;0;0;;TRANSVERSAL DE LA MONTAÑA KILOMETRO 1;el escobero - km 0-13);VEREDA EL ESCOBERO;6.14660615160235, -75.56145197638465;VOLCAMIENTO;NO REPORTADO;NO REPORTADO;NO REPORTADO;Normal;Impericia en el manejo
2301090;4/11/2023;3:36:00 p. m.;Sábado;2023;Noviembre;MOTOCICLETA;OFICIAL;Motociclista;32;MASCULINO;HERIDOS;0;0;0;;CALLE 36D SUR CON CARRERA 25 B 32;;VEREDA EL ESCOBERO;6.161057359273858, -75.568204297054;CHOQUE;OBJETO FIJO;OTRO TIPO;RESIDENCIAL;Normal;Fallas en los frenos
2301090;4/11/2023;3:36:00 p. m.;Sábado;2023;Noviembre;MOTOCICLETA;OFICIAL;Acompañante;37;MASCULINO;HERIDOS;0;0;0;;CALLE 36D SUR CON CARRERA 25 B 32;;VEREDA EL ESCOBERO;6.161057359273858, -75.568204297054;CHOQUE;OBJETO FIJO;OTRO TIPO;RESIDENCIAL;Normal;Fallas en los frenos
2301091;7/11/2023;10:45:00 p. m.;Martes;2023;Noviembre;MOTOCICLETA;PARTICULAR;Motociclista;30;MASCULINO;HERIDOS;0;0;0;;KILOMETRO 11 + 390;medellín palmas envigado (km 12 - km 16+700);VEREDA PALMAS;6.163037837380483, -75.514924049221;CAIDA OCUPANTE;NO REPORTADO;NO REPORTADO;NO REPORTADO;Normal;Exceso de velocidad
2301092;7/11/2023;8:45:00 p. m.;Martes;2023;Noviembre;MOTOCICLETA;PARTICULAR;Motociclista;53;MASCULINO;HERIDOS;0;0;0;;CARRERA 50 CON CALLE 43 SUR;;LAS VEGAS;6.171018, -75.600755;CHOQUE;VEHICULO;NO REPORTADO;RESIDENCIAL;Normal;No mantener distancia de seguridad
2301093;7/11/2023;3:55:00 p. m.;Martes;2023;Noviembre;MOTOCICLETA;PARTICULAR;Motociclista;35;FEMENINO;HERIDOS;0;0;0;;CARRERA 27B CON CALLE 27D 225;;LA INMACULADA;6.167884945294977, -75.5726159484323;CHOQUE;VEHICULO;NO REPORTADO;RESIDENCIAL;Normal;Impericia en el manejo
2301094;7/11/2023;12:05:00 p. m.;Martes;2023;Noviembre;MOTOCICLETA;PARTICULAR;Motociclista;24;MASCULINO;HERIDOS;0;0;0;;CALLE 27 SUR CON CARRERA 27B - 97;;EL ESMERALDAL;6.174813627155062, -75.5713655303838;CHOQUE;VEHICULO;NO REPORTADO;RESIDENCIAL;Normal;Desobedecer señales
2301095;7/11/2023;4:20:00 p. m.;Martes;2023;Noviembre;MOTOCICLETA;PARTICULAR;Motociclista;46;MASCULINO;HERIDOS;0;0;0;;CARRERA 41 CON CALLE 27 SUR;;ZUÑIGA;6.1792785996344195, -75.57739422496688;CHOQUE;VEHICULO;NO REPORTADO;RESIDENCIAL;Normal;Desobedecer señales
2301096;7/11/2023;10:05:00 a. m.;Martes;2023;Noviembre;MICROBUS;PUBLICO;Peaton;27;FEMENINO;HERIDOS;0;0;0;;CALLE 38A SUR CON CARRERA 42;;ZONA CENTRO;6.168916840665078, -75.58780272440713;ATROPELLO;NO REPORTADO;NO REPORTADO;RESIDENCIAL;Normal;Desobedecer señales
2301097;8/11/2023;7:35:00 a. m.;Miércoles;2023;Noviembre;MOTOCICLETA;PARTICULAR;Motociclista;28;FEMENINO;HERIDOS;0;0;0;;KILOMETRO 8 + 780;retiro varia palmas enviga (km 5+43 - km 14+ 550);VEREDA PANTANILLO;6.170580934419187, -75.50081703222561;CHOQUE;VEHICULO;NO REPORTADO;NO REPORTADO;Normal;No respetar pelacion de interseccion o giros
2301098;8/11/2023;2:20:00 p. m.;Miércoles;2023;Noviembre;AUTOMOVIL;PARTICULAR;Peaton;72;MASCULINO;HERIDOS;0;0;0;;CARRERA 33 CON CALLE 39 SUR;;MESA;6.164900183575172, -75.58300104892838;ATROPELLO;NO REPORTADO;NO REPORTADO;RESIDENCIAL;Normal;Desobedecer señales
2301099;8/11/2023;11:20:00 a. m.;Miércoles;2023;Noviembre;MOTOCICLETA;PARTICULAR;Motociclista;62;MASCULINO;HERIDOS;0;0;0;;CARRERA 27 CON CALLE 22 SUR 21;;ZUÑIGA;6.1771905782343035, -75.56753651176744;CHOQUE;VEHICULO;NO REPORTADO;RESIDENCIAL;Normal;No mantener distancia de seguridad
2301100;9/11/2023;3:39:00 p. m.;Jueves;2023;Noviembre;MOTOCICLETA;PARTICULAR;Motociclista;29;MASCULINO;HERIDOS;0;0;0;;CALLE 36D SUR CON CARRERA 27;;VEREDA EL ESCOBERO;6.162371, -75.570052;CHOQUE;VEHICULO;NO REPORTADO;RESIDENCIAL;Normal;Desobedecer señales
2301101;9/11/2023;6:00:00 p. m.;Jueves;2023;Noviembre;MOTOCICLETA;PARTICULAR;Acompañante;40;MASCULINO;HERIDOS;0;0;0;;CARRERA 50 CON CALLE 32 B SUR;;LAS VEGAS;6.178263, -75.591897;CHOQUE;VEHICULO;NO REPORTADO;RESIDENCIAL;Normal;Impericia en el manejo
2301101;9/11/2023;6:00:00 p. m.;Jueves;2023;Noviembre;MOTOCICLETA;PARTICULAR;Motociclista;34;MASCULINO;HERIDOS;0;0;0;;CARRERA 50 CON CALLE 32 B SUR;;LAS VEGAS;6.178263, -75.591897;CHOQUE;VEHICULO;NO REPORTADO;RESIDENCIAL;Normal;Impericia en el manejo
2301101;9/11/2023;6:00:00 p. m.;Jueves;2023;Noviembre;MOTOCICLETA;PARTICULAR;Motociclista;53;MASCULINO;HERIDOS;0;0;0;;CARRERA 50 CON CALLE 32 B SUR;;LAS VEGAS;6.178263, -75.591897;CHOQUE;VEHICULO;NO REPORTADO;RESIDENCIAL;Normal;Impericia en el manejo
2301102;9/11/2023;7:50:00 a. m.;Jueves;2023;Noviembre;MOTOCICLETA;PARTICULAR;Motociclista;38;MASCULINO;HERIDOS;0;0;0;;CARRERA 50 CON CALLE 32 SUR ;;LAS VEGAS;6.178856, -75.591468;CHOQUE;VEHICULO;NO REPORTADO;RESIDENCIAL;Normal;No mantener distancia de seguridad
2301103;13/11/2023;4:00:00 p. m.;Lunes;2023;Noviembre;MOTOCICLETA;PARTICULAR;Acompañante;42;FEMENINO;HERIDOS;0;0;0;;CARRERA 46 CON CALLE 39 SUR;;ALCALA;6.17049015142663, -75.59244547854411;CHOQUE;VEHICULO;NO REPORTADO;RESIDENCIAL;Normal;Desobedecer señales
2301103;13/11/2023;4:00:00 p. m.;Lunes;2023;Noviembre;MOTOCICLETA;PARTICULAR;Motociclista;57;MASCULINO;HERIDOS;0;0;0;;CARRERA 46 CON CALLE 39 SUR;;ALCALA;6.17049015142663, -75.59244547854411;CHOQUE;VEHICULO;NO REPORTADO;RESIDENCIAL;Normal;Desobedecer señales
2301104;13/11/2023;11:15:00 p. m.;Lunes;2023;Noviembre;MOTOCICLETA;PARTICULAR;Motociclista;23;MASCULINO;HERIDOS;0;0;0;;CARRERA 50 CON CALLE 32B SUR 149;;LAS VEGAS;6.178263, -75.591897;CHOQUE;OBJETO FIJO;VEHICULO ESTACIONADO;RESIDENCIAL;Normal;No mantener distancia de seguridad  -  Vehiculo mal estacionado
2301105;9/11/2023;5:30:00 p. m.;Jueves;2023;Noviembre;MOTOCICLETA;PARTICULAR;Motociclista;20;MASCULINO;HERIDOS;0;0;0;;KILOMETRO 14;medellín palmas envigado (km 12 - km 16+700);VEREDA PALMAS;6.158308868876167, -75.54652421166979;CHOQUE;VEHICULO;NO REPORTADO;NO REPORTADO;Normal;Desobedecer señales
2301106;9/11/2023;1:45:00 p. m.;Jueves;2023;Noviembre;MOTOCICLETA;PARTICULAR;Motociclista;22;MASCULINO;HERIDOS;0;0;0;;CARRERA 27 CON CALLE 28 SUR 80;;EL ESMERALDAL;6.170102149785062, -75.56885123446703;CHOQUE;VEHICULO;NO REPORTADO;RESIDENCIAL;Normal;No respetar pelacion de interseccion o giros  -  No respetar prelacion
2301107;9/11/2023;4:30:00 p. m.;Jueves;2023;Noviembre;MOTOCICLETA;PARTICULAR;Motociclista;32;MASCULINO;HERIDOS;0;0;0;;CALLE 35 SUR CON CARRERA 42;;ZONA CENTRO;6.171933360066914, -75.5861110631456;CHOQUE;VEHICULO;NO REPORTADO;RESIDENCIAL;Normal;Desobedecer señales
2301108;10/11/2023;9:00:00 p. m.;Viernes;2023;Noviembre;MOTOCICLETA;PARTICULAR;Motociclista;37;FEMENINO;HERIDOS;0;0;0;;CARRERA 27B CON CALLE 41 B SUR;;SAN RAFAEL;6.157714783688542, -75.58417492044018;VOLCAMIENTO;NO REPORTADO;NO REPORTADO;RESIDENCIAL;Normal;Impericia en el manejo
2301108;10/11/2023;9:00:00 p. m.;Viernes;2023;Noviembre;MOTOCICLETA;PARTICULAR;Acompañante;8;MASCULINO;HERIDOS;0;0;0;;CARRERA 27B CON CALLE 41 B SUR;;SAN RAFAEL;6.157714783688542, -75.58417492044018;VOLCAMIENTO;NO REPORTADO;NO REPORTADO;RESIDENCIAL;Normal;Impericia en el manejo
2301109;10/11/2023;6:00:00 p. m.;Viernes;2023;Noviembre;BICICLETA;;Ciclista;17;MASCULINO;HERIDOS;0;0;0;;KILOMETRO 14 + 840;medellín palmas envigado (km 12 - km 16+700);VEREDA PALMAS;6.152736324914516, -75.5465147519703;VOLCAMIENTO;NO REPORTADO;NO REPORTADO;NO REPORTADO;Normal;Desobedecer señales
2301110;10/11/2023;5:30:00 p. m.;Viernes;2023;Noviembre;MOTOCICLETA;PARTICULAR;Motociclista;53;MASCULINO;HERIDOS;0;0;0;;DIAGONAL 32 CON TRANSVERSAL 36 SUR;;LOS NARANJOS;6.168294641720425, -75.58063494306829;CHOQUE;VEHICULO;NO REPORTADO;RESIDENCIAL;Normal;Desobedecer señales
2301111;10/11/2023;4:00:00 p. m.;Viernes;2023;Noviembre;MOTOCICLETA;PARTICULAR;Motociclista;33;MASCULINO;HERIDOS;0;0;0;;TRANSVERSAL 32C SUR CON DIAGONAL 32A ;;LA MAGNOLIA;6.174916420503532, -75.58274862615372;CHOQUE;VEHICULO;NO REPORTADO;RESIDENCIAL;Normal;Impericia en el manejo
2301112;11/11/2023;7:30:00 p. m.;Sábado;2023;Noviembre;MOTOCICLETA;PARTICULAR;Motociclista;33;MASCULINO;HERIDOS;1;0;1;50;CALLE 27D SUR CON CARRERA 27C 51;;URIBE ANGEL;6.171754304256927, -75.57417059517734;VOLCAMIENTO;NO REPORTADO;NO REPORTADO;RESIDENCIAL;Normal;Desobedecer señales
2301112;11/11/2023;7:30:00 p. m.;Sábado;2023;Noviembre;MOTOCICLETA;PARTICULAR;Acompañante;24;FEMENINO;HERIDOS;1;0;1;50;CALLE 27D SUR CON CARRERA 27C 51;;URIBE ANGEL;6.171754304256927, -75.57417059517734;VOLCAMIENTO;NO REPORTADO;NO REPORTADO;RESIDENCIAL;Normal;Desobedecer señales
2301113;11/11/2023;2:30:00 p. m.;Sábado;2023;Noviembre;MOTOCICLETA;PARTICULAR;Motociclista;28;MASCULINO;HERIDOS;0;0;0;;CALLE 36D SUR CON CARRERA 23-35;;VEREDA EL ESCOBERO;6.152906864157815, -75.56511479282284;VOLCAMIENTO;NO REPORTADO;NO REPORTADO;RESIDENCIAL;Normal;Otra-Via
2301115;12/11/2023;2:50:00 p. m.;Domingo;2023;Noviembre;MOTOCICLETA;PARTICULAR;Motociclista;22;MASCULINO;HERIDOS;0;0;0;;KILOMETRO 7 + 850;retiro varia palmas enviga (km 5+43 - km 14+ 550);VEREDA PERICO;6.174603027744927, -75.49508377824952;CHOQUE;VEHICULO;NO REPORTADO;NO REPORTADO;Normal;Desobedecer señales
2301116;12/11/2023;8:15:00 a. m.;Domingo;2023;Noviembre;MOTOCICLETA;PARTICULAR;Motociclista;50;MASCULINO;HERIDOS;0;0;0;;CARRERA 48 CON CALLE 39 SUR;;LAS VEGAS;6.1714342222576, -75.59446676025664;CHOQUE;VEHICULO;NO REPORTADO;RESIDENCIAL;Normal;Desobedecer señales
2301116;12/11/2023;8:15:00 a. m.;Domingo;2023;Noviembre;MOTOCICLETA;PARTICULAR;Acompañante;53;FEMENINO;HERIDOS;0;0;0;;CARRERA 48 CON CALLE 39 SUR;;LAS VEGAS;6.1714342222576, -75.59446676025664;CHOQUE;VEHICULO;NO REPORTADO;RESIDENCIAL;Normal;Desobedecer señales
2301117;13/11/2023;7:20:00 a. m.;Lunes;2023;Noviembre;BICICLETA;;Ciclista;12;MASCULINO;HERIDOS;0;0;0;;CALLE 39D SUR CON CARRERA 24EE 126;;EL CHINGUÍ;6.150056462875568, -75.57604509376971;VOLCAMIENTO;NO REPORTADO;NO REPORTADO;RESIDENCIAL;Normal;Impericia en el manejo
2301118;11/11/2023;7:40:00 a. m.;Sábado;2023;Noviembre;MOTOCICLETA;PARTICULAR;Motociclista;19;MASCULINO;HERIDOS;0;0;0;;CARRERA 50 CON CALLE 37 SUR;;LAS VEGAS;6.175135, -75.595369;CHOQUE;VEHICULO;NO REPORTADO;RESIDENCIAL;Normal;Transitar entre vehiculos
2301119;14/11/2023;6:36:00 a. m.;Martes;2023;Noviembre;CAMIONETA;PARTICULAR;Peaton;64;FEMENINO;HERIDOS;0;0;0;;TRANSVERSAL 35D SUR CON DIAGONAL 33;;LOS NARANJOS;6.168406916870564, -75.58162755895418;ATROPELLO;NO REPORTADO;NO REPORTADO;RESIDENCIAL;Normal;Desobedecer señales
2301120;15/11/2023;1:30:00 p. m.;Miércoles;2023;Noviembre;MOTOCICLETA;PARTICULAR;Motociclista;26;FEMENINO;HERIDOS;0;0;0;;CARRERA 43A CON CALLE 45 SUR 10;;LA PAZ;6.165042718555137, -75.59453668961254;CHOQUE;VEHICULO;NO REPORTADO;RESIDENCIAL;Normal;Desobedecer señales
2301120;15/11/2023;1:30:00 p. m.;Miércoles;2023;Noviembre;MOTOCICLETA;PARTICULAR;Acompañante;31;MASCULINO;HERIDOS;0;0;0;;CARRERA 43A CON CALLE 45 SUR 10;;LA PAZ;6.165042718555137, -75.59453668961254;CHOQUE;VEHICULO;NO REPORTADO;RESIDENCIAL;Normal;Desobedecer señales
2301121;15/11/2023;5:00:00 a. m.;Miércoles;2023;Noviembre;BICICLETA;;Ciclista;59;MASCULINO;HERIDOS;0;0;0;;CARRERA 48 CON CALLE 48 C SUR 50;;LAS VEGAS;6.163846984212242, -75.6016343545707;CHOQUE;VEHICULO;NO REPORTADO;RESIDENCIAL;Normal;No mantener distancia de seguridad
2301122;15/11/2023;9:15:00 a. m.;Miércoles;2023;Noviembre;MOTOCICLETA;PARTICULAR;Motociclista;27;MASCULINO;HERIDOS;0;0;0;;CARRERA 35 CON CALLE 38 SUR;;MESA;6.1669304960461355, -75.58319806313692;CHOQUE;VEHICULO;NO REPORTADO;RESIDENCIAL;Normal;Desobedecer señales
2301123;18/11/2023;1:50:00 p. m.;Sábado;2023;Noviembre;MOTOCICLETA;PARTICULAR;Motociclista;46;MASCULINO;HERIDOS;0;0;0;;KILOMETRO 15 + 820;medellín palmas envigado (km 12 - km 16+700);VEREDA PALMAS;6.152979412749249, -75.53990979371535;CHOQUE;VEHICULO;NO REPORTADO;NO REPORTADO;Normal;No mantener distancia de seguridad
2301124;16/11/2023;6:56:00 p. m.;Jueves;2023;Noviembre;MOTOCICLETA;PARTICULAR;Motociclista;35;FEMENINO;HERIDOS;0;0;0;;TRANSVERSAL 27A SUR CON CARRERA 42B;;PONTE VEDRA;6.1782587573325545, -75.58227860556254;CHOQUE;VEHICULO;NO REPORTADO;RESIDENCIAL;Normal;Adelantar cerrando  -  Girar bruscamente  -  No respetar pelacion de interseccion o giros
2301125;16/11/2023;9:30:00 a. m.;Jueves;2023;Noviembre;MOTOCICLETA;PARTICULAR;Motociclista;24;MASCULINO;HERIDOS;0;0;0;;DIAGONAL 31 CON TRANSVERSAL 36A SUR;;LA SEBASTIANA;6.168051390817947, -75.58034744187957;CHOQUE;VEHICULO;NO REPORTADO;RESIDENCIAL;Normal;Girar bruscamente