NRO_RADICADO;FECHA_ACCIDENTE;HORA_ACCIDENTE;Día de la semana;AÑO;MES;CLASE_VEHICULO;TIPO_SERVICIO;TIPO_VICTIMA;EDAD;GENERO;GRAVEDAD;ESTADO_BEODEZ;ESTADO_DROGA;RESULTADO_BEODEZ;RESUL_BEODEZ_GRAMOS;DIRECCION_CARACT_VIA;TRAMO_VIA;LOCALIDAD_O_COMUNA;    GEORREFERENCIACIÓN;DESC_CLASE_ACCIDENTE;DESC_CHOQUE_ACCIDENTE;DESC_OBJETO_FIJO;DESC_SECTOR_ACCIDENTE;CONDICION_CLIMATICA;CAUSA_ACCIDENTE
2301126;16/11/2023;11:40:00 p. m.;Jueves;2023;Noviembre;MOTOCICLETA;PARTICULAR;Motociclista;21;MASCULINO;HERIDOS;0;0;0;;CALLE 40C SUR CON CARRERA 28-92;;LA MINA;6.159777253132875, -75.58195081971317;ATROPELLO;NO REPORTADO;NO REPORTADO;RESIDENCIAL;Normal;Desobedecer señales
2301127;17/11/2023;4:40:00 p. m.;Viernes;2023;Noviembre;MOTOCICLETA;PARTICULAR;Motociclista;65;MASCULINO;HERIDOS;0;0;0;;CALLE 50 SUR CON CARRERA 48;;LAS VEGAS;6.162072458716961, -75.60353659646475;CHOQUE;VEHICULO;NO REPORTADO;RESIDENCIAL;Normal;Fallas en los frenos  -  Falta de mantenimiento mecanico
2301128;17/11/2023;6:55:00 p. m.;Viernes;2023;Noviembre;MOTOCICLETA;PARTICULAR;Motociclista;37;MASCULINO;HERIDOS;0;0;0;;CARRERA 50 CON CALLE 43 SUR;;LAS VEGAS;6.171018, -75.600755;CHOQUE;VEHICULO;NO REPORTADO;RESIDENCIAL;Normal;Arrancar sin precaucion
2301129;18/11/2023;10:10:00 a. m.;Sábado;2023;Noviembre;MOTOCICLETA;PARTICULAR;Motociclista;41;MASCULINO;HERIDOS;0;0;0;;CALLE 48F SUR CON CARRERA 40;;LOMA DEL BARRO;6.1567634926326, -75.5979633864941;CHOQUE;VEHICULO;NO REPORTADO;INDUSTRIAL;Normal;Adelantar invadiendo carril de sentido contrario
2301130;18/11/2023;3:30:00 a. m.;Sábado;2023;Noviembre;AUTOMOVIL;PARTICULAR;Acompañante;20;FEMENINO;HERIDOS;0;0;0;;CARRERA 43A CON CALLE 30 SUR;;JARDINES;6.176993323175668, -75.58529446380709;CHOQUE;VEHICULO;NO REPORTADO;RESIDENCIAL;Normal;Desobedecer señales
2301131;18/11/2023;9:40:00 p. m.;Sábado;2023;Noviembre;MOTOCICLETA;PARTICULAR;Motociclista;48;MASCULINO;HERIDOS;1;0;3;150;CARRERA 49 CON CALLE 26 SUR 157;;LAS VEGAS;6.184685055928551, -75.58718330498887;VOLCAMIENTO;NO REPORTADO;NO REPORTADO;RESIDENCIAL;Normal;Impericia en el manejo
2301132;19/11/2023;4:00:00 p. m.;Domingo;2023;Noviembre;BICICLETA;;Ciclista;56;MASCULINO;HERIDOS;0;0;0;;DIAGONAL 31C CON TRANSVERSAL 32A ;;LA MAGNOLIA;6.176132434299175, -75.58095450811844;CHOQUE;VEHICULO;NO REPORTADO;RESIDENCIAL;Normal;Desobedecer señales
2301133;19/11/2023;12:00:00 p. m.;Domingo;2023;Noviembre;MOTOCICLETA;PARTICULAR;Motociclista;30;MASCULINO;HERIDOS;0;0;0;;TRANSVERSAL 33 SUR CON DIAGONAL 32D;;LA MAGNOLIA;6.174066980349821, -75.58371238187279;CHOQUE;VEHICULO;NO REPORTADO;RESIDENCIAL;Normal;Desobedecer señales
2301134;19/11/2023;6:00:00 p. m.;Domingo;2023;Noviembre;MOTOCICLETA;PARTICULAR;Motociclista;27;FEMENINO;HERIDOS;0;0;0;;CARRERA 50 CON CALLE 37 SUR;;LAS VEGAS;6.175135, -75.595369;CAIDA OCUPANTE;NO REPORTADO;NO REPORTADO;RESIDENCIAL;Normal;Impericia en el manejo
2301135;20/11/2023;3:50:00 p. m.;Lunes;2023;Noviembre;MOTOCICLETA;PARTICULAR;Acompañante;33;FEMENINO;HERIDOS;0;0;0;;CARRERA 48 CON CALLE 30 SUR;;LAS VEGAS;6.179496718217783, -75.58819458527805;CHOQUE;VEHICULO;NO REPORTADO;RESIDENCIAL;Normal;Adelantar por la derecha
2301136;20/11/2023;6:50:00 p. m.;Lunes;2023;Noviembre;MOTOCICLETA;PARTICULAR;Motociclista;35;MASCULINO;HERIDOS;0;0;0;;CALLE 40FSUR CARRERA 24B;;LA MINA;6.152926817897897, -75.58289917478558;CHOQUE;VEHICULO;NO REPORTADO;RESIDENCIAL;Normal;Adelantar invadiendo carril de sentido contrario
2301136;20/11/2023;6:50:00 p. m.;Lunes;2023;Noviembre;MOTOCICLETA;PARTICULAR;Acompañante;17;FEMENINO;HERIDOS;0;0;0;;CALLE 40FSUR CARRERA 24B;;LA MINA;6.152926817897897, -75.58289917478558;CHOQUE;VEHICULO;NO REPORTADO;RESIDENCIAL;Normal;Adelantar invadiendo carril de sentido contrario
2301137;21/11/2023;1:30:00 p. m.;Martes;2023;Noviembre;MOTOCICLETA;PARTICULAR;Motociclista;21;MASCULINO;HERIDOS;0;0;0;;CARRERA 48 CALLE 19SUR;;LAS VEGAS;6.183963163641312, -75.58477331234128;CHOQUE;VEHICULO;NO REPORTADO;RESIDENCIAL;Normal;No mantener distancia de seguridad
2301137;21/11/2023;1:30:00 p. m.;Martes;2023;Noviembre;MOTOCICLETA;PARTICULAR;Acompañante;31;FEMENINO;HERIDOS;0;0;0;;CARRERA 48 CALLE 19SUR;;LAS VEGAS;6.183963163641312, -75.58477331234128;CHOQUE;VEHICULO;NO REPORTADO;RESIDENCIAL;Normal;No mantener distancia de seguridad
2301138;21/11/2023;11:00:00 p. m.;Martes;2023;Noviembre;MOTOCICLETA;PARTICULAR;Motociclista;55;MASCULINO;HERIDOS;1;0;2;140;CALLE 38SUR CARRERA 41;;ZONA CENTRO;6.169260565664219, -75.58662801570382;VOLCAMIENTO;NO REPORTADO;NO REPORTADO;RESIDENCIAL;Normal;Desobedecer señales
2301139;21/11/2023;2:40:00 p. m.;Martes;2023;Noviembre;MOTOCICLETA;PARTICULAR;Motociclista;22;FEMENINO;HERIDOS;0;0;0;;CARRERA 50 CALLE 37SUR;;LAS VEGAS;6.175135, -75.595369;CHOQUE;OBJETO FIJO;OTRO TIPO;RESIDENCIAL;Normal;Impericia en el manejo
2301140;21/11/2023;1:56:00 p. m.;Martes;2023;Noviembre;AUTOMOVIL;PARTICULAR;Conductor;80;FEMENINO;HERIDOS;0;0;0;;CARRERA 45A FRENTE AL # 34SUR-57;;EL PORTAL;6.173500277459996, -75.58904203182429;CHOQUE;OBJETO FIJO;MURO;RESIDENCIAL;Normal;Impericia en el manejo
2301140;21/11/2023;1:56:00 p. m.;Martes;2023;Noviembre;AUTOMOVIL;PARTICULAR;Peaton;34;MASCULINO;HERIDOS;0;0;0;;CARRERA 45A FRENTE AL # 34SUR-57;;EL PORTAL;6.173500277459996, -75.58904203182429;CHOQUE;OBJETO FIJO;MURO;RESIDENCIAL;Normal;Impericia en el manejo
2301141;21/11/2023;7:15:00 a. m.;Martes;2023;Noviembre;AUTOMOVIL;PARTICULAR;Conductor;61;MASCULINO;HERIDOS;0;0;0;;KILOMETRO 12+260;medellín palmas envigado (km 12 - km 16+700);VEREDA PALMAS;6.160201, -75.522330;CHOQUE;OBJETO FIJO;BARANDA;NO REPORTADO;Normal;Defectos fisicos y psiquicos
2301141;21/11/2023;7:15:00 a. m.;Martes;2023;Noviembre;AUTOMOVIL;PARTICULAR;Acompañante;18;FEMENINO;HERIDOS;0;0;0;;KILOMETRO 12+260;medellín palmas envigado (km 12 - km 16+700);VEREDA PALMAS;6.160201, -75.522330;CHOQUE;OBJETO FIJO;BARANDA;NO REPORTADO;Normal;Defectos fisicos y psiquicos
2301142;21/11/2023;2:25:00 p. m.;Martes;2023;Noviembre;MOTOCICLETA;PARTICULAR;Motociclista;48;MASCULINO;HERIDOS;0;0;0;;CARRERA 48 FRENTE AL #38BSUR-24;;LAS VEGAS;6.172353712816592, -75.59320034839469;CHOQUE;VEHICULO;NO REPORTADO;RESIDENCIAL;Normal;Girar bruscamente
2301143;21/11/2023;10:30:00 p. m.;Martes;2023;Noviembre;MOTOCICLETA;PARTICULAR;Motociclista;22;MASCULINO;HERIDOS;0;0;0;;KILOMETRO 13+910;medellín palmas envigado (km 12 - km 16+700);VEREDA PALMAS;6.157478009643906, -75.533154042;CHOQUE;OBJETO FIJO;VEHICULO ESTACIONADO;NO REPORTADO;Normal;Falta de se?ales en vehiculo varado
2301144;21/11/2023;12:40:00 p. m.;Martes;2023;Noviembre;MOTOCICLETA;PARTICULAR;Motociclista;22;MASCULINO;HERIDOS;0;0;0;;CARRERA 49 ENTRE CALLE 39BSUR y CALLE 37SUR;;LAS VEGAS;6.17450675417167, -75.59611613844666;CHOQUE;VEHICULO;NO REPORTADO;RESIDENCIAL;Normal;Impericia en el manejo
2301145;22/11/2023;3:30:00 p. m.;Miércoles;2023;Noviembre;MOTOCICLETA;PARTICULAR;Acompañante;31;MASCULINO;HERIDOS;1;0;3;180;CARRERA 50 FRENTE AL # 46ASUR-16;;LAS VEGAS;6.167889, -75.602347;CHOQUE;OBJETO FIJO;OTRO TIPO;RESIDENCIAL;Normal;Impericia en el manejo
2301145;22/11/2023;3:30:00 p. m.;Miércoles;2023;Noviembre;MOTOCICLETA;PARTICULAR;Motociclista;39;MASCULINO;HERIDOS;1;0;3;180;CARRERA 50 FRENTE AL # 46ASUR-16;;LAS VEGAS;6.167889, -75.602347;CHOQUE;OBJETO FIJO;OTRO TIPO;RESIDENCIAL;Normal;Impericia en el manejo
2301146;22/11/2023;9:30:00 p. m.;Miércoles;2023;Noviembre;BICICLETA;;Ciclista;15;MASCULINO;HERIDOS;0;0;0;;CARRERA 43A FRENTE AL #33BSUR 08;;ZONA CENTRO;6.173255512117998, -75.58676460777615;CHOQUE;VEHICULO;NO REPORTADO;RESIDENCIAL;Normal;No mantener distancia de seguridad
2301147;10/11/2023;6:25:00 p. m.;Viernes;2023;Noviembre;BICICLETA;;Acompañante;18;FEMENINO;HERIDOS;0;0;0;;KILOMETRO 14+840;medellín palmas envigado (km 12 - km 16+700);VEREDA PALMAS;6.152736324914516, -75.5465147519703;CAIDA OCUPANTE;NO REPORTADO;NO REPORTADO;NO REPORTADO;Normal;Trasportar otras personas o cosas
2301148;23/11/2023;7:55:00 p. m.;Jueves;2023;Noviembre;MOTOCICLETA;PARTICULAR;Motociclista;35;MASCULINO;HERIDOS;0;0;0;;CALLE 23SUR FRENTE AL #28-46;;ZUÑIGA;6.178425833498263, -75.57104326724073;CHOQUE;VEHICULO;NO REPORTADO;RESIDENCIAL;Normal;Desobedecer señales
2301149;25/11/2023;7:50:00 p. m.;Sábado;2023;Noviembre;MOTOCICLETA;PARTICULAR;Motociclista;36;MASCULINO;MUERTOS;0;0;0;;CARRERA 50 FRENTE AL #30SUR-66;;LAS VEGAS;6.180071654188872, -75.59073381588146;CHOQUE;OBJETO FIJO;POSTE;RESIDENCIAL;Normal;Otra-Conductor
2301150;22/11/2023;9:20:00 p. m.;Miércoles;2023;Noviembre;MOTOCICLETA;PARTICULAR;Acompañante;30;FEMENINO;HERIDOS;0;0;0;;CARRERA 48 FRENTE AL #39SUR-52;;LAS VEGAS;6.166017263760117, -75.5995350413301;CHOQUE;VEHICULO;NO REPORTADO;RESIDENCIAL;Normal;Desobedecer señales
2301150;22/11/2023;9:20:00 p. m.;Miércoles;2023;Noviembre;MOTOCICLETA;PARTICULAR;Motociclista;25;MASCULINO;HERIDOS;0;0;0;;CARRERA 48 FRENTE AL #39SUR-52;;LAS VEGAS;6.166017263760117, -75.5995350413301;CHOQUE;VEHICULO;NO REPORTADO;RESIDENCIAL;Normal;Desobedecer señales
2301151;22/11/2023;11:50:00 a. m.;Miércoles;2023;Noviembre;MOTOCICLETA;PARTICULAR;Motociclista;33;MASCULINO;HERIDOS;0;0;0;;CALLE 38SUR FRENTE AL #43-80;;ZONA CENTRO;6.170095907249768, -75.5880365448296;CHOQUE;VEHICULO;NO REPORTADO;RESIDENCIAL;Normal;Adelantar invadiendo carril del mismo sentido en zigzag
2301152;22/11/2023;5:30:00 a. m.;Miércoles;2023;Noviembre;MOTOCICLETA;PARTICULAR;Motociclista;21;MASCULINO;HERIDOS;0;0;0;;CARRERA 48 CALLE 37SUR;;LAS VEGAS;6.173473352424915, -75.59256588595376;CHOQUE;VEHICULO;NO REPORTADO;RESIDENCIAL;Normal;Desobedecer señales
2301152;22/11/2023;5:30:00 a. m.;Miércoles;2023;Noviembre;MOTOCICLETA;PARTICULAR;Motociclista;65;MASCULINO;HERIDOS;0;0;0;;CARRERA 48 CALLE 37SUR;;LAS VEGAS;6.173473352424915, -75.59256588595376;CHOQUE;VEHICULO;NO REPORTADO;RESIDENCIAL;Normal;Desobedecer señales
2301153;22/11/2023;3:40:00 p. m.;Miércoles;2023;Noviembre;MOTOCICLETA;PARTICULAR;Motociclista;22;MASCULINO;HERIDOS;0;0;0;;CALLE 39SUR CARRERA 32;;MESA;6.164736092811255, -75.5824396818883;CHOQUE;VEHICULO;NO REPORTADO;RESIDENCIAL;Normal;Desobedecer señales
2301154;23/11/2023;6:00:00 p. m.;Jueves;2023;Noviembre;MOTOCICLETA;PARTICULAR;Acompañante;31;MASCULINO;HERIDOS;0;0;0;;CARRERA 50 FRENTE AL #39SUR-100;;LAS VEGAS;6.173303607160337, -75.59788796574267;CHOQUE;VEHICULO;NO REPORTADO;RESIDENCIAL;Normal;Desobedecer señales
2301154;23/11/2023;6:00:00 p. m.;Jueves;2023;Noviembre;MOTOCICLETA;PARTICULAR;Motociclista;33;MASCULINO;HERIDOS;0;0;0;;CARRERA 50 FRENTE AL #39SUR-100;;LAS VEGAS;6.173303607160337, -75.59788796574267;CHOQUE;VEHICULO;NO REPORTADO;RESIDENCIAL;Normal;Desobedecer señales
2301155;24/11/2023;6:30:00 a. m.;Viernes;2023;Noviembre;MOTOCICLETA;PARTICULAR;Motociclista;37;MASCULINO;HERIDOS;0;0;0;;CARRERA 50 ENTRE CALLE 50 SUR y CALLE 49ASUR;;LAS VEGAS;6.163309245865404, -75.60433240410406;CHOQUE;VEHICULO;NO REPORTADO;RESIDENCIAL;Normal;No mantener distancia de seguridad
2301156;24/11/2023;1:50:00 p. m.;Viernes;2023;Noviembre;MOTOCICLETA;PARTICULAR;Motociclista;71;MASCULINO;HERIDOS;0;0;0;;KILOMETRO 15+100;medellín palmas envigado (km 12 - km 16+700);VEREDA PALMAS;6.152050564638626, -75.54494395753734;CHOQUE;VEHICULO;NO REPORTADO;NO REPORTADO;Normal;Arrancar sin precaucion
2301157;28/11/2023;4:20:00 p. m.;Martes;2023;Noviembre;MOTOCICLETA;PARTICULAR;Motociclista;29;MASCULINO;HERIDOS;1;0;3;180;CARRERA 50 ENTRE CALLE 37SUR y CALLE 36SUR;;LAS VEGAS;6.177842, -75.592285;CHOQUE;OBJETO FIJO;OTRO TIPO;RESIDENCIAL;Normal;Embriaguez aparente
2301158;24/11/2023;10:50:00 p. m.;Viernes;2023;Noviembre;MOTOCICLETA;PARTICULAR;Motociclista;24;MASCULINO;HERIDOS;0;0;0;;KILOMETRO 12+330;retiro varia palmas enviga (km 5+43 - km 14+ 550);VEREDA PALMAS;6.158603109758234, -75.52070468491856;CHOQUE;VEHICULO;NO REPORTADO;NO REPORTADO;Normal;Desobedecer señales
2301159;24/11/2023;4:50:00 p. m.;Viernes;2023;Noviembre;MOTOCICLETA;PARTICULAR;Motociclista;43;MASCULINO;HERIDOS;0;0;0;;CALLE 38SUR CARRERA 39;;ZONA CENTRO;6.168288231363556, -75.58526877915224;CHOQUE;VEHICULO;NO REPORTADO;RESIDENCIAL;Normal;Otra-Conductor
2301160;25/11/2023;4:50:00 p. m.;Sábado;2023;Noviembre;MOTOCICLETA;PARTICULAR;Motociclista;26;MASCULINO;HERIDOS;0;0;0;;CARRERA 32 CALLE 39BSUR;;MESA;6.166994259443018, -75.58314246446203;CHOQUE;VEHICULO;NO REPORTADO;RESIDENCIAL;Normal;No respetar pelacion de interseccion o giros
2301160;25/11/2023;4:50:00 p. m.;Sábado;2023;Noviembre;MOTOCICLETA;PARTICULAR;Acompañante;33;FEMENINO;HERIDOS;0;0;0;;CARRERA 32 CALLE 39BSUR;;MESA;6.166994259443018, -75.58314246446203;CHOQUE;VEHICULO;NO REPORTADO;RESIDENCIAL;Normal;No respetar pelacion de interseccion o giros
2301161;29/11/2023;5:55:00 a. m.;Miércoles;2023;Noviembre;MOTOCICLETA;PARTICULAR;Motociclista;33;FEMENINO;HERIDOS;0;0;0;;CARRERA 48 CALLE 25AASUR;;LAS VEGAS;6.183900107704127, -75.58475148029898;CHOQUE;VEHICULO;NO REPORTADO;RESIDENCIAL;Normal;Semaforo en rojo
2301162;30/11/2023;12:20:00 a. m.;Jueves;2023;Noviembre;MOTOCICLETA;PARTICULAR;Motociclista;49;MASCULINO;HERIDOS;0;0;0;;CARRERA 43A CALLE 38SUR;;ZONA CENTRO;6.170459885439647, -75.58864198577292;CHOQUE;VEHICULO;NO REPORTADO;RESIDENCIAL;Normal;Desobedecer señales
2301163;25/11/2023;12:10:00 p. m.;Sábado;2023;Noviembre;MOTOCICLETA;PARTICULAR;Acompañante;60;FEMENINO;HERIDOS;0;0;0;;CARRERA 40 CALLE 47SUR;;EL TRIANON;6.159154332327647, -75.59386121618947;CHOQUE;VEHICULO;NO REPORTADO;RESIDENCIAL;Normal;Otra-Conductor
2301163;25/11/2023;12:10:00 p. m.;Sábado;2023;Noviembre;MOTOCICLETA;PARTICULAR;Motociclista;67;MASCULINO;HERIDOS;0;0;0;;CARRERA 40 CALLE 47SUR;;EL TRIANON;6.159154332327647, -75.59386121618947;CHOQUE;VEHICULO;NO REPORTADO;RESIDENCIAL;Normal;Otra-Conductor
2301164;26/11/2023;6:04:00 p. m.;Domingo;2023;Noviembre;MOTOCICLETA;PARTICULAR;Motociclista;26;MASCULINO;HERIDOS;0;0;0;;CARRERA 50 ENTRE CALLE 46ASUR y CALLE 43SUR;;LAS VEGAS;6.168173490438084, -75.60226584300804;CHOQUE;VEHICULO;NO REPORTADO;RESIDENCIAL;Normal;No mantener distancia de seguridad
2301165;27/11/2023;4:50:00 a. m.;Lunes;2023;Noviembre;AUTOMOVIL;PARTICULAR;Conductor;21;MASCULINO;HERIDOS;0;0;0;;CARRERA 50 ENTRE CALLE 37SUR y CALLE 36SUR;;LAS VEGAS;6.177842, -75.592285;CHOQUE;VEHICULO;NO REPORTADO;RESIDENCIAL;Normal;Falta de se?ales en vehiculo varado
2301166;27/11/2023;6:35:00 p. m.;Lunes;2023;Noviembre;AUTOMOVIL;PARTICULAR;Peaton;71;FEMENINO;HERIDOS;0;0;0;;TRANSVERSAL 36SUR DIAGONAL 30;;LA SEBASTIANA;6.1683263619217366, -75.5799484920678;ATROPELLO;NO REPORTADO;NO REPORTADO;RESIDENCIAL;Normal;Poner en marcha un vehiculo sin precauci
2301167;27/11/2023;6:30:00 a. m.;Lunes;2023;Noviembre;MOTOCICLETA;PARTICULAR;Motociclista;46;MASCULINO;HERIDOS;0;0;0;;KILOMETRO 11+100;retiro varia palmas enviga (km 5+43 - km 14+ 550);VEREDA PANTANILLO;6.162843823766284, -75.5125458158315;CHOQUE;OBJETO FIJO;VEHICULO ESTACIONADO;NO REPORTADO;Normal;Impericia en el manejo
2301167;27/11/2023;6:30:00 a. m.;Lunes;2023;Noviembre;MOTOCICLETA;PARTICULAR;Motociclista;42;FEMENINO;HERIDOS;0;0;0;;KILOMETRO 11+100;retiro varia palmas enviga (km 5+43 - km 14+ 550);VEREDA PANTANILLO;6.162843823766284, -75.5125458158315;CHOQUE;OBJETO FIJO;VEHICULO ESTACIONADO;NO REPORTADO;Normal;Impericia en el manejo
2301168;28/11/2023;10:20:00 p. m.;Martes;2023;Noviembre;MOTOCICLETA;OFICIAL;Acompañante;31;MASCULINO;HERIDOS;0;0;0;;CARRERA 30 CLL 39SUR;;SAN JOSE;6.163925250203852, -75.58295014234757;CHOQUE;VEHICULO;NO REPORTADO;RESIDENCIAL;Normal;Transitar en contravia
2301168;28/11/2023;10:20:00 p. m.;Martes;2023;Noviembre;MOTOCICLETA;OFICIAL;Motociclista;34;MASCULINO;HERIDOS;0;0;0;;CARRERA 30 CLL 39SUR;;SAN JOSE;6.163925250203852, -75.58295014234757;CHOQUE;VEHICULO;NO REPORTADO;RESIDENCIAL;Normal;Transitar en contravia
2301169;28/11/2023;9:40:00 a. m.;Martes;2023;Noviembre;MOTOCICLETA;PARTICULAR;Motociclista;26;MASCULINO;HERIDOS;0;0;0;;DIAGONAL 31 FRENTE AL # 36SUR-08;;LA SEBASTIANA;6.168172279164215, -75.58031133456164;CHOQUE;VEHICULO;NO REPORTADO;RESIDENCIAL;Normal;Adelantar por la derecha
2301170;28/11/2023;5:30:00 p. m.;Martes;2023;Noviembre;CAMIONETA;PARTICULAR;Peaton;88;MASCULINO;HERIDOS;0;0;0;;CARRERA 48 FRENTE AL #46SUR-150;;LAS VEGAS;6.16580351777101, -75.59999587575084;ATROPELLO;NO REPORTADO;NO REPORTADO;RESIDENCIAL;Normal;Transitar entre vehiculos
2301171;28/11/2023;6:35:00 p. m.;Martes;2023;Noviembre;MOTOCICLETA;PARTICULAR;Motociclista;30;MASCULINO;HERIDOS;0;0;0;;CALLE 39SUR CARRERA 27D;;SAN JOSE;6.160649674863852, -75.57924490511036;CHOQUE;VEHICULO;NO REPORTADO;RESIDENCIAL;Normal;Desobedecer señales
2301171;28/11/2023;6:35:00 p. m.;Martes;2023;Noviembre;MOTOCICLETA;PARTICULAR;Motociclista;33;MASCULINO;HERIDOS;0;0;0;;CALLE 39SUR CARRERA 27D;;SAN JOSE;6.160649674863852, -75.57924490511036;CHOQUE;VEHICULO;NO REPORTADO;RESIDENCIAL;Normal;Desobedecer señales
2301172;28/11/2023;2:35:00 p. m.;Martes;2023;Noviembre;MOTOCICLETA;PARTICULAR;Motociclista;51;MASCULINO;HERIDOS;0;0;0;;CARRERA 48 CALLE 44SUR;;LAS VEGAS;6.179287881206492, -75.58867636702959;CHOQUE;VEHICULO;NO REPORTADO;RESIDENCIAL;Normal;Transitar entre vehiculos
2301174;30/11/2023;2:40:00 p. m.;Jueves;2023;Noviembre;MOTOCICLETA;PARTICULAR;Motociclista;25;MASCULINO;HERIDOS;0;0;0;;CARRERA 27B CALLE 27DSUR-86;;LA INMACULADA;6.169217325362697, -75.57199855055723;CHOQUE;VEHICULO;NO REPORTADO;RESIDENCIAL;Normal;Desobedecer señales
2301175;29/11/2023;11:05:00 a. m.;Miércoles;2023;Noviembre;CAMIONETA;PUBLICO;Acompañante;33;MASCULINO;HERIDOS;0;0;0;;CALLE 36DSUR FRENTE AL # 25-92;;VEREDA EL ESCOBERO;6.1583655442199, -75.56643503040534;VOLCAMIENTO;NO REPORTADO;NO REPORTADO;NO REPORTA;Normal;Impericia en el manejo
2301175;29/11/2023;11:05:00 a. m.;Miércoles;2023;Noviembre;CAMIONETA;PUBLICO;Conductor;68;MASCULINO;HERIDOS;0;0;0;;CALLE 36DSUR FRENTE AL # 25-92;;VEREDA EL ESCOBERO;6.1583655442199, -75.56643503040534;VOLCAMIENTO;NO REPORTADO;NO REPORTADO;NO REPORTA;Normal;Impericia en el manejo
2301176;30/11/2023;12:00:00 p. m.;Jueves;2023;Noviembre;AUTOMOVIL;PARTICULAR;Acompañante;32;FEMENINO;HERIDOS;0;0;0;;TRANSVERSAL 34CSUR DIAGONAL 32B;;OBRERO;6.171808839054316, -75.58198861430851;CHOQUE;VEHICULO;NO REPORTADO;NO REPORTA;Normal;Desobedecer señales
2301177;30/11/2023;9:15:00 a. m.;Jueves;2023;Noviembre;MOTOCICLETA;PARTICULAR;Motociclista;47;MASCULINO;HERIDOS;0;0;0;;CALLE 45ASUR CARRERA 42B;;LA PAZ;6.163595924796439, -75.59348857280081;ATROPELLO;NO REPORTADO;NO REPORTADO;NO REPORTA;Normal;Otra-Conductor
2301177;30/11/2023;9:15:00 a. m.;Jueves;2023;Noviembre;MOTOCICLETA;PARTICULAR;Peaton;10;FEMENINO;HERIDOS;0;0;0;;CALLE 45ASUR CARRERA 42B;;LA PAZ;6.163595924796439, -75.59348857280081;ATROPELLO;NO REPORTADO;NO REPORTADO;NO REPORTA;Normal;Otra-Conductor
2301177;30/11/2023;9:15:00 a. m.;Jueves;2023;Noviembre;MOTOCICLETA;PARTICULAR;Peaton;64;FEMENINO;HERIDOS;0;0;0;;CALLE 45ASUR CARRERA 42B;;LA PAZ;6.163595924796439, -75.59348857280081;ATROPELLO;NO REPORTADO;NO REPORTADO;NO REPORTA;Normal;Otra-Conductor
2301178;1/12/2023;9:45:00 p. m.;Viernes;2023;Diciembre;CAMPERO;PARTICULAR;Peaton;41;FEMENINO;HERIDOS;0;0;0;;TRANSVERSAL 32ASUR DIAGONAL 32;;LA MAGNOLIA;6.176555158704578, -75.58205559343855;ATROPELLO;NO REPORTADO;NO REPORTADO;NO REPORTA;Normal;Cruzar en estado de embriaguez
2301179;30/11/2023;9:30:00 p. m.;Jueves;2023;Noviembre;MOTOCICLETA;PARTICULAR;Acompañante;30;FEMENINO;HERIDOS;0;0;0;;TRANSVERSAL 35SUR DIAGONAL 31;;LA SEBASTIANA;6.1700501624435145, -75.57972014399662;CHOQUE;VEHICULO;NO REPORTADO;NO REPORTA;Normal;Desobedecer señales
2301179;30/11/2023;9:30:00 p. m.;Jueves;2023;Noviembre;MOTOCICLETA;PARTICULAR;Motociclista;28;MASCULINO;HERIDOS;0;0;0;;TRANSVERSAL 35SUR DIAGONAL 31;;LA SEBASTIANA;6.1700501624435145, -75.57972014399662;CHOQUE;VEHICULO;NO REPORTADO;NO REPORTA;Normal;Desobedecer señales
2301180;30/11/2023;8:00:00 p. m.;Jueves;2023;Noviembre;AUTOMOVIL;PUBLICO;Conductor;23;MASCULINO;HERIDOS;0;0;0;;CALLE 46 SUR FRENTE AL #46B-11;;PRIMAVERA;6.164266, -75.596419;ATROPELLO;NO REPORTADO;NO REPORTADO;NO REPORTA;Normal;No mantener distancia de seguridad
2301180;30/11/2023;8:00:00 p. m.;Jueves;2023;Noviembre;AUTOMOVIL;PUBLICO;Peaton;44;FEMENINO;HERIDOS;0;0;0;;CALLE 46 SUR FRENTE AL #46B-11;;PRIMAVERA;6.164266, -75.596419;ATROPELLO;NO REPORTADO;NO REPORTADO;NO REPORTA;Normal;No mantener distancia de seguridad
2301181;30/11/2023;11:50:00 p. m.;Jueves;2023;Noviembre;MOTOCICLETA;PARTICULAR;Motociclista;25;MASCULINO;HERIDOS;0;0;0;;KILOMETRO 14+440;retiro varia palmas enviga (km 5+43 - km 14+ 550);VEREDA PALMAS;6.154774105556547, -75.54517008192177;CHOQUE;VEHICULO;NO REPORTADO;NO REPORTA;Normal;No mantener distancia de seguridad
2301181;30/11/2023;11:50:00 p. m.;Jueves;2023;Noviembre;MOTOCICLETA;PARTICULAR;Acompañante;21;FEMENINO;HERIDOS;0;0;0;;KILOMETRO 14+440;retiro varia palmas enviga (km 5+43 - km 14+ 550);VEREDA PALMAS;6.154774105556547, -75.54517008192177;CHOQUE;VEHICULO;NO REPORTADO;NO REPORTA;Normal;No mantener distancia de seguridad
2301182;1/12/2023;4:10:00 p. m.;Viernes;2023;Diciembre;BUS;PUBLICO;Pasajero;53;MASCULINO;HERIDOS;0;0;0;;CARRERA 48 CALLE 25SUR;;LAS VEGAS;6.17764599065641, -75.59029135905024;CAIDA OCUPANTE;NO REPORTADO;NO REPORTADO;NO REPORTA;Normal;Poner en marcha un vehiculo sin precauci