NRO_RADICADO;FECHA_ACCIDENTE;HORA_ACCIDENTE;Día de la semana;AÑO;MES;CLASE_VEHICULO;TIPO_SERVICIO;TIPO_VICTIMA;EDAD;GENERO;GRAVEDAD;ESTADO_BEODEZ;ESTADO_DROGA;RESULTADO_BEODEZ;RESUL_BEODEZ_GRAMOS;DIRECCION_CARACT_VIA;TRAMO_VIA;LOCALIDAD_O_COMUNA;    GEORREFERENCIACIÓN;DESC_CLASE_ACCIDENTE;DESC_CHOQUE_ACCIDENTE;DESC_OBJETO_FIJO;DESC_SECTOR_ACCIDENTE;CONDICION_CLIMATICA;CAUSA_ACCIDENTE
2301183;1/12/2023;2:30:00 a. m.;Viernes;2023;Diciembre;MOTOCICLETA;PARTICULAR;Motociclista;26;MASCULINO;HERIDOS;0;0;0;;CARRERA 48 ENTRE CALLE 45 y CALLE 46SUR;;LAS VEGAS;6.1678127070336135, -75.59777156214976;OTRO;NO REPORTADO;NO REPORTADO;NO REPORTA;Normal;Huecos
2301184;1/12/2023;12:20:00 p. m.;Viernes;2023;Diciembre;MOTOCICLETA;PARTICULAR;Acompañante;44;FEMENINO;HERIDOS;0;0;0;;KILOMETRO 15+270;medellín palmas envigado (km 12 - km 16+700);VEREDA PALMAS;6.1522766088931, -75.54413407331688;CHOQUE;OBJETO FIJO;OTRO TIPO;NO REPORTA;Normal;Desobedecer señales
2301184;1/12/2023;12:20:00 p. m.;Viernes;2023;Diciembre;MOTOCICLETA;PARTICULAR;Motociclista;17;MASCULINO;HERIDOS;0;0;0;;KILOMETRO 15+270;medellín palmas envigado (km 12 - km 16+700);VEREDA PALMAS;6.1522766088931, -75.54413407331688;CHOQUE;OBJETO FIJO;OTRO TIPO;NO REPORTA;Normal;Desobedecer señales
2301185;1/12/2023;10:20:00 p. m.;Viernes;2023;Diciembre;MOTOCICLETA;PARTICULAR;Motociclista;23;MASCULINO;HERIDOS;0;0;0;;CARRERA 43A CALLE 31SUR;;JARDINES;6.176687128908468, -75.58538316504101;CHOQUE;VEHICULO;NO REPORTADO;NO REPORTA;Normal;Desobedecer señales
2301186;2/12/2023;6:50:00 p. m.;Sábado;2023;Diciembre;MOTOCICLETA;PARTICULAR;Peaton;17;MASCULINO;HERIDOS;0;0;0;;DIAGONAL 31E TRANSVERSAL 34DSUR;;OBRERO;6.17192700805297, -75.58039431274938;ATROPELLO;NO REPORTADO;NO REPORTADO;NO REPORTA;Normal;Pasar semaforo en rojo
2301186;2/12/2023;6:50:00 p. m.;Sábado;2023;Diciembre;MOTOCICLETA;PARTICULAR;Peaton;16;FEMENINO;HERIDOS;0;0;0;;DIAGONAL 31E TRANSVERSAL 34DSUR;;OBRERO;6.17192700805297, -75.58039431274938;ATROPELLO;NO REPORTADO;NO REPORTADO;NO REPORTA;Normal;Pasar semaforo en rojo
2301187;4/12/2023;5:10:00 p. m.;Lunes;2023;Diciembre;MOTOCICLETA;PARTICULAR;Motociclista;30;MASCULINO;HERIDOS;0;0;0;;KILOMETRO 14+970;retiro varia palmas enviga (km 5+43 - km 14+ 550);VEREDA PALMAS;6.152041019039159, -75.54615914272566;CHOQUE;VEHICULO;NO REPORTADO;NO REPORTA;Normal;Exeso en horas de conduccion
2301188;1/12/2023;5:52:00 p. m.;Viernes;2023;Diciembre;AUTOMOVIL;PARTICULAR;Acompañante;56;MASCULINO;HERIDOS;0;0;0;;CARRERA 43A FRENTE AL # 36SUR-61;;SAN MARCOS;6.171251717991564, -75.58826962274034;CHOQUE;VEHICULO;NO REPORTADO;NO REPORTA;Normal;Embriaguez aparente
2301188;1/12/2023;5:52:00 p. m.;Viernes;2023;Diciembre;MOTOCICLETA;PARTICULAR;Motociclista;35;MASCULINO;HERIDOS;0;0;0;;CARRERA 43A FRENTE AL # 36SUR-61;;SAN MARCOS;6.171251717991564, -75.58826962274034;CHOQUE;VEHICULO;NO REPORTADO;NO REPORTA;Normal;Embriaguez aparente
2301189;2/12/2023;10:27:00 a. m.;Sábado;2023;Diciembre;MOTOCICLETA;PARTICULAR;Motociclista;25;MASCULINO;HERIDOS;0;0;0;;CALLE 45BSUR CARRERA 39D;;LAS ANTILLAS;6.161362509020312, -75.59103360467083;CHOQUE;VEHICULO;NO REPORTADO;NO REPORTA;Normal;Desobedecer señales
2301190;2/12/2023;4:25:00 p. m.;Sábado;2023;Diciembre;AUTOMOVIL;PARTICULAR;Peaton;67;FEMENINO;HERIDOS;1;0;1;40;CALLE 37BSUR CARRERA 28C;;LOMA DE LAS BRUJAS;6.164246044878651, -75.57881193466667;ATROPELLO;NO REPORTADO;NO REPORTADO;NO REPORTA;Normal;Embriaguez o droga
2301191;2/12/2023;8:50:00 p. m.;Sábado;2023;Diciembre;MOTOCICLETA;PARTICULAR;Acompañante;22;FEMENINO;HERIDOS;0;0;0;;KILOMETRO 15+340;medellín palmas envigado (km 12 - km 16+700);VEREDA PALMAS;6.152937076823517, -75.54340264142485;CHOQUE;OBJETO FIJO;OTRO TIPO;NO REPORTA;Normal;Otra-Vehículo
2301191;2/12/2023;8:50:00 p. m.;Sábado;2023;Diciembre;MOTOCICLETA;PARTICULAR;Motociclista;25;MASCULINO;HERIDOS;0;0;0;;KILOMETRO 15+340;medellín palmas envigado (km 12 - km 16+700);VEREDA PALMAS;6.152937076823517, -75.54340264142485;CHOQUE;OBJETO FIJO;OTRO TIPO;NO REPORTA;Normal;Otra-Vehículo
2301192;3/12/2023;9:39:00 p. m.;Domingo;2023;Diciembre;MOTOCICLETA;PARTICULAR;Acompañante;19;MASCULINO;HERIDOS;1;0;1;40;CARRERA 43A FRENTE AL #48CSUR-45;;PRIMAVERA;6.162003136532466, -75.59826426768898;CHOQUE;VEHICULO;NO REPORTADO;NO REPORTA;Normal;Embriaguez o droga
2301192;3/12/2023;9:39:00 p. m.;Domingo;2023;Diciembre;MOTOCICLETA;PARTICULAR;Motociclista;19;MASCULINO;HERIDOS;1;0;1;40;CARRERA 43A FRENTE AL #48CSUR-45;;PRIMAVERA;6.162003136532466, -75.59826426768898;CHOQUE;VEHICULO;NO REPORTADO;NO REPORTA;Normal;Embriaguez o droga
2301192;3/12/2023;9:39:00 p. m.;Domingo;2023;Diciembre;MOTOCICLETA;PARTICULAR;Motociclista;26;MASCULINO;HERIDOS;0;0;0;;CARRERA 43A FRENTE AL #48CSUR-45;;PRIMAVERA;6.162003136532466, -75.59826426768898;CHOQUE;VEHICULO;NO REPORTADO;NO REPORTA;Normal;Embriaguez o droga
2301192;3/12/2023;9:39:00 p. m.;Domingo;2023;Diciembre;MOTOCICLETA;PARTICULAR;Acompañante;23;FEMENINO;HERIDOS;0;0;0;;CARRERA 43A FRENTE AL #48CSUR-45;;PRIMAVERA;6.162003136532466, -75.59826426768898;CHOQUE;VEHICULO;NO REPORTADO;NO REPORTA;Normal;Embriaguez o droga
2301193;3/12/2023;7:23:00 p. m.;Domingo;2023;Diciembre;MOTOCICLETA;PARTICULAR;Motociclista;22;MASCULINO;HERIDOS;0;0;0;;TRANSVERSAL 33A SUR DIAGONAL 31C;;LAS FLORES;6.174147940276588, -75.58040404394843;CHOQUE;VEHICULO;NO REPORTADO;NO REPORTA;Normal;Desobedecer señales
2301193;3/12/2023;7:23:00 p. m.;Domingo;2023;Diciembre;MOTOCICLETA;PARTICULAR;Motociclista;21;MASCULINO;HERIDOS;0;0;0;;TRANSVERSAL 33A SUR DIAGONAL 31C;;LAS FLORES;6.174147940276588, -75.58040404394843;CHOQUE;VEHICULO;NO REPORTADO;NO REPORTA;Normal;Desobedecer señales
2301194;3/12/2023;5:50:00 a. m.;Domingo;2023;Diciembre;MOTOCICLETA;PARTICULAR;Motociclista;41;FEMENINO;HERIDOS;0;0;0;;CARRERA 50 ENTRE CALLE 39SUR y CALLE 43SUR;;LAS VEGAS;6.173083314928767, -75.59830284455242;CHOQUE;VEHICULO;NO REPORTADO;NO REPORTA;Normal;Impericia en el manejo
2301195;4/12/2023;4:59:00 a. m.;Lunes;2023;Diciembre;MOTOCICLETA;PARTICULAR;Motociclista;57;MASCULINO;HERIDOS;0;0;0;;CALLE 36DSUR FRENTEAL #25-41;;VEREDA EL ESCOBERO;6.1580254597876545, -75.56645399822679;CAIDA OCUPANTE;NO REPORTADO;NO REPORTADO;NO REPORTA;Normal;Impericia en el manejo
2301196;4/12/2023;6:15:00 p. m.;Lunes;2023;Diciembre;MOTOCICLETA;PARTICULAR;Motociclista;58;MASCULINO;HERIDOS;0;0;0;;CALLE 37 SUR FRENTE AL #41-57;;ZONA CENTRO;6.169544, -75.585933;CHOQUE;VEHICULO;NO REPORTADO;NO REPORTA;Normal;Otra-Conductor
2301197;5/12/2023;6:35:00 p. m.;Martes;2023;Diciembre;MOTOCICLETA;PARTICULAR;Motociclista;30;MASCULINO;HERIDOS;0;0;0;;CALLE 21SUR ENTRE CARRERA 43A y CARRERA 43;;ZUÑIGA;6.182491479445578, -75.5775286133138;ATROPELLO;NO REPORTADO;NO REPORTADO;NO REPORTA;Normal;Desobedecer señales
2301197;5/12/2023;6:35:00 p. m.;Martes;2023;Diciembre;MOTOCICLETA;PARTICULAR;Peaton;56;FEMENINO;HERIDOS;0;0;0;;CALLE 21SUR ENTRE CARRERA 43A y CARRERA 43;;ZUÑIGA;6.182491479445578, -75.5775286133138;ATROPELLO;NO REPORTADO;NO REPORTADO;NO REPORTA;Normal;Desobedecer señales
2301198;7/12/2023;7:10:00 p. m.;Jueves;2023;Diciembre;MOTOCICLETA;PARTICULAR;Motociclista;34;MASCULINO;HERIDOS;0;0;0;;CARRERA 50 ENTRE CALLE 46ASUR y CALLE 43SUR;;LAS VEGAS;6.171115, -75.600660;CAIDA OCUPANTE;NO REPORTADO;NO REPORTADO;NO REPORTA;Normal;Fallas en las llantas
2301199;9/12/2023;6:14:00 a. m.;Sábado;2023;Diciembre;MOTOCICLETA;PARTICULAR;Motociclista;30;MASCULINO;HERIDOS;0;0;0;;CALLE 37SUR CARRERA 38;;MESA;6.168551906788448, -75.58431913407206;CHOQUE;VEHICULO;NO REPORTADO;NO REPORTA;Normal;Desobedecer señales
2301200;5/12/2023;2:47:00 p. m.;Martes;2023;Diciembre;MOTOCICLETA;PARTICULAR;Motociclista;26;MASCULINO;HERIDOS;0;0;0;;KILOMETRO 10+440;retiro varia palmas enviga (km 5+43 - km 14+ 550);VEREDA PANTANILLO;6.159441012942756, -75.50728246116039;CHOQUE;VEHICULO;NO REPORTADO;NO REPORTA;Normal;Desobedecer señales
2301201;5/12/2023;12:02:00 p. m.;Martes;2023;Diciembre;MOTOCICLETA;PARTICULAR;Motociclista;23;MASCULINO;HERIDOS;0;0;0;;DIAGONAL 29 FRENTE AL #25SUR-80;;ALTO DE MISAEL;6.179448593150147, -75.5790230728305;CHOQUE;VEHICULO;NO REPORTADO;NO REPORTA;Normal;Adelantar en curva
2301202;5/12/2023;8:20:00 a. m.;Martes;2023;Diciembre;MOTOCICLETA;PARTICULAR;Motociclista;36;MASCULINO;HERIDOS;0;0;0;;CARRERA 43A ENTRE CALLE 48CSUR y CALLE 49SUR;;PRIMAVERA;6.161559865373033, -75.59895465166106;CHOQUE;VEHICULO;NO REPORTADO;NO REPORTA;Normal;Impericia en el manejo
2301203;5/12/2023;7:50:00 a. m.;Martes;2023;Diciembre;MOTOCICLETA;PARTICULAR;Motociclista;32;MASCULINO;HERIDOS;0;0;0;;CALLE 36D SUR FRENTE AL # 23-27;;VEREDA EL ESCOBERO;6.153257568703816, -75.56479585250312;CAIDA OCUPANTE;NO REPORTADO;NO REPORTADO;NO REPORTA;Normal;Impericia en el manejo
2301204;5/12/2023;7:15:00 a. m.;Martes;2023;Diciembre;MOTOCICLETA;PARTICULAR;Motociclista;39;MASCULINO;HERIDOS;0;0;0;;CALLE 38SUR FRENTE AL #43A 70;;ZONA CENTRO;6.170095907249768, -75.5880365448296;CAIDA OCUPANTE;NO REPORTADO;NO REPORTADO;NO REPORTA;Normal;Impericia en el manejo
2301205;5/12/2023;12:00:00 p. m.;Martes;2023;Diciembre;AUTOMOVIL;PARTICULAR;Conductor;38;FEMENINO;HERIDOS;0;0;0;;CALLE 43SUR FRENTE AL #48-127;;LAS VEGAS;6.169183405187017, -75.59844996967811;CHOQUE;VEHICULO;NO REPORTADO;NO REPORTA;Normal;No respetar prelacion
2301206;7/12/2023;9:14:00 p. m.;Jueves;2023;Diciembre;MOTOCICLETA;PARTICULAR;Acompañante;19;FEMENINO;HERIDOS;0;0;0;;TRANSVERSAL 32SUR FRENTE AL #31-94;;LAS ORQUIDEAS;6.1767820520239844, -75.5800863239491;ATROPELLO;NO REPORTADO;NO REPORTADO;NO REPORTA;Normal;Cruzar sin observar
2301206;7/12/2023;9:14:00 p. m.;Jueves;2023;Diciembre;MOTOCICLETA;PARTICULAR;Motociclista;23;MASCULINO;HERIDOS;0;0;0;;TRANSVERSAL 32SUR FRENTE AL #31-94;;LAS ORQUIDEAS;6.1767820520239844, -75.5800863239491;ATROPELLO;NO REPORTADO;NO REPORTADO;NO REPORTA;Normal;Cruzar sin observar
2301206;7/12/2023;9:14:00 p. m.;Jueves;2023;Diciembre;MOTOCICLETA;PARTICULAR;Peaton;61;MASCULINO;HERIDOS;0;0;0;;TRANSVERSAL 32SUR FRENTE AL #31-94;;LAS ORQUIDEAS;6.1767820520239844, -75.5800863239491;ATROPELLO;NO REPORTADO;NO REPORTADO;NO REPORTA;Normal;Cruzar sin observar
2301207;5/12/2023;9:54:00 a. m.;Martes;2023;Diciembre;MOTOCICLETA;PARTICULAR;Motociclista;27;MASCULINO;HERIDOS;0;0;0;;CARRERA 50 CALLE 25SUR;;LAS VEGAS;6.187689, -75.583712;CHOQUE;OBJETO FIJO;OTRO TIPO;NO REPORTA;Normal;Impericia en el manejo
2301208;6/12/2023;8:10:00 a. m.;Miércoles;2023;Diciembre;CAMIONETA;PUBLICO;Peaton;80;FEMENINO;HERIDOS;0;0;0;;CARRERA 40 FRENTE AL #38SUR-48;;ZONA CENTRO;6.168285, -75.586122;CHOQUE;OBJETO FIJO;OTRO TIPO;NO REPORTA;Normal;Impericia en el manejo
2301209;6/12/2023;4:45:00 p. m.;Miércoles;2023;Diciembre;MOTOCICLETA;PARTICULAR;Motociclista;27;FEMENINO;HERIDOS;0;0;0;;DIAGONAL 32 FRENTE AL #34DSUR-105;;LOS NARANJOS;6.171475081128244, -75.58100694750429;CHOQUE;VEHICULO;NO REPORTADO;NO REPORTA;Normal;Otra-Conductor
2301209;6/12/2023;4:45:00 p. m.;Miércoles;2023;Diciembre;MOTOCICLETA;PARTICULAR;Motociclista;32;MASCULINO;HERIDOS;0;0;0;;DIAGONAL 32 FRENTE AL #34DSUR-105;;LOS NARANJOS;6.171475081128244, -75.58100694750429;CHOQUE;VEHICULO;NO REPORTADO;NO REPORTA;Normal;Otra-Conductor
2301210;7/12/2023;1:40:00 p. m.;Jueves;2023;Diciembre;MOTOCICLETA;PARTICULAR;Motociclista;20;MASCULINO;HERIDOS;0;0;0;;CALLE 39SUR FRENTE AL #27-55;;EL CHINGUÍ;6.156479000922126, -75.57829286323282;CHOQUE;VEHICULO;NO REPORTADO;NO REPORTA;Normal;Desobedecer señales
2301211;7/12/2023;7:45:00 a. m.;Jueves;2023;Diciembre;MOTOCICLETA;PARTICULAR;Motociclista;23;MASCULINO;HERIDOS;0;0;0;;CALLE 25SUR CARRERA 46;;BOSQUES DE ZUÑIGA;6.182592303911902, -75.58198375936666;CHOQUE;VEHICULO;NO REPORTADO;NO REPORTA;Normal;Impericia en el manejo
2301212;7/12/2023;1:15:00 p. m.;Jueves;2023;Diciembre;MOTOCICLETA;PARTICULAR;Peaton;63;MASCULINO;HERIDOS;0;0;0;;CALLE 38SUR FRENTE AL #45A-87;;ALCALA;6.171215043820365, -75.59048336598843;ATROPELLO;NO REPORTADO;NO REPORTADO;NO REPORTA;Normal;Desobedecer señales
2301213;7/12/2023;5:50:00 p. m.;Jueves;2023;Diciembre;MOTOCICLETA;PARTICULAR;Acompañante;15;MASCULINO;HERIDOS;0;0;0;;CARRERA 50 FRENTE AL #26SUR-60;;LAS VEGAS;6.184941, -75.587077;CHOQUE;VEHICULO;NO REPORTADO;NO REPORTA;Normal;Frenar bruscamente
2301213;7/12/2023;5:50:00 p. m.;Jueves;2023;Diciembre;MOTOCICLETA;PARTICULAR;Motociclista;35;FEMENINO;HERIDOS;0;0;0;;CARRERA 50 FRENTE AL #26SUR-60;;LAS VEGAS;6.184941, -75.587077;CHOQUE;VEHICULO;NO REPORTADO;NO REPORTA;Normal;Frenar bruscamente
2301214;8/12/2023;8:10:00 p. m.;Viernes;2023;Diciembre;MOTOCICLETA;PARTICULAR;Motociclista;26;MASCULINO;HERIDOS;1;0;2;140;CALLE 40FSUR FRENTE AL # 24B-200;;LA MINA;6.153119691930578, -75.5828771563055;CHOQUE;VEHICULO;NO REPORTADO;NO REPORTA;Normal;Embriaguez o droga
2301215;8/12/2023;3:30:00 p. m.;Viernes;2023;Diciembre;MOTOCICLETA;PARTICULAR;Motociclista;24;MASCULINO;HERIDOS;0;0;0;;CARRERA 50 ENTRE CALLE 43SUR y CALLE 46ASUR;;LAS VEGAS;6.169901232207718, -75.60168949669168;CHOQUE;VEHICULO;NO REPORTADO;NO REPORTA;Normal;Desobedecer señales
2301215;8/12/2023;3:30:00 p. m.;Viernes;2023;Diciembre;MOTOCICLETA;PARTICULAR;Acompañante;36;FEMENINO;HERIDOS;0;0;0;;CARRERA 50 ENTRE CALLE 43SUR y CALLE 46ASUR;;LAS VEGAS;6.169901232207718, -75.60168949669168;CHOQUE;VEHICULO;NO REPORTADO;NO REPORTA;Normal;Desobedecer señales
2301216;8/12/2023;8:30:00 p. m.;Viernes;2023;Diciembre;MOTOCICLETA;PARTICULAR;Acompañante;32;FEMENINO;HERIDOS;0;0;0;;CALLE 38A SUR FRENTE AL #35-52;;MESA;6.166597295271097, -75.58410019982361;CAIDA OCUPANTE;NO REPORTADO;NO REPORTADO;NO REPORTA;Normal;Impericia en el manejo
2301218;10/12/2023;11:00:00 p. m.;Domingo;2023;Diciembre;MOTOCICLETA;PARTICULAR;Peaton;59;FEMENINO;HERIDOS;0;0;0;;DIAGONAL 31C TRANSVERSAL 34DSUR;;LA SEBASTIANA;6.172004198164315, -75.58007666128219;ATROPELLO;NO REPORTADO;NO REPORTADO;NO REPORTA;Normal;Impericia en el manejo
2301219;10/12/2023;2:55:00 p. m.;Domingo;2023;Diciembre;MOTOCICLETA;PARTICULAR;Motociclista;39;MASCULINO;HERIDOS;0;0;0;;KILOMETRO 13+010;retiro varia palmas enviga (km 5+43 - km 14+ 550);VEREDA PALMAS;6.15978882972066, -75.52599289790669;CHOQUE;VEHICULO;NO REPORTADO;NO REPORTA;Normal;No mantener distancia de seguridad
2301220;11/12/2023;12:45:00 p. m.;Lunes;2023;Diciembre;MOTOCICLETA;PARTICULAR;Motociclista;21;MASCULINO;HERIDOS;0;0;0;;CARRERA 49 ENTRE CALLE 36SUR y CALLE 37SUR;;LAS VEGAS;6.177842, -75.592285;CHOQUE;VEHICULO;NO REPORTADO;NO REPORTA;Normal;Transitar en contravia
2301221;11/12/2023;6:40:00 a. m.;Lunes;2023;Diciembre;MOTOCICLETA;PARTICULAR;Motociclista;22;FEMENINO;HERIDOS;0;0;0;;CARRERA 48 CALLE 30SUR;;LAS VEGAS;6.179496718217783, -75.58819458527805;CHOQUE;VEHICULO;NO REPORTADO;NO REPORTA;Normal;No mantener distancia de seguridad
2301222;11/12/2023;5:05:00 p. m.;Lunes;2023;Diciembre;MOTOCICLETA;PARTICULAR;Acompañante;24;FEMENINO;HERIDOS;0;0;0;;CARRERA 48 CALLE 49SUR;;LAS VEGAS;6.16252000378476, -75.6029615839993;CHOQUE;VEHICULO;NO REPORTADO;NO REPORTA;Normal;No mantener distancia de seguridad
2301222;11/12/2023;5:05:00 p. m.;Lunes;2023;Diciembre;MOTOCICLETA;PARTICULAR;Motociclista;26;MASCULINO;HERIDOS;0;0;0;;CARRERA 48 CALLE 49SUR;;LAS VEGAS;6.16252000378476, -75.6029615839993;CHOQUE;VEHICULO;NO REPORTADO;NO REPORTA;Normal;No mantener distancia de seguridad
2301223;12/12/2023;8:00:00 p. m.;Martes;2023;Diciembre;MOTOCICLETA;PARTICULAR;Motociclista;34;MASCULINO;HERIDOS;0;0;0;;CALLE 21SUR CARRERA 44;;BOSQUES DE ZUÑIGA;6.1844376879998, -75.58014475753617;CHOQUE;VEHICULO;NO REPORTADO;NO REPORTA;Normal;Desobedecer señales
2301224;17/12/2023;2:30:00 a. m.;Domingo;2023;Diciembre;AUTOMOVIL;PARTICULAR;Peaton;41;MASCULINO;HERIDOS;0;0;0;;CARRERA 43A FRENTE AL #39SUR-10;;ZONA CENTRO;6.170410565309907, -75.58888070198422;ATROPELLO;NO REPORTADO;NO REPORTADO;NO REPORTA;Normal;Pasar semaforo en rojo  -  Semaforo en rojo
2301225;12/12/2023;10:08:00 a. m.;Martes;2023;Diciembre;MOTOCICLETA;PARTICULAR;Motociclista;31;MASCULINO;HERIDOS;0;0;0;;CARRERA 50 FRENTE AL #46ASUR-90;;LAS VEGAS;6.167699952903262, -75.60242763555891;CHOQUE;VEHICULO;NO REPORTADO;RESIDENCIAL;Normal;Otra-Conductor
2301226;12/12/2023;4:40:00 p. m.;Martes;2023;Diciembre;MOTOCICLETA;PARTICULAR;Motociclista;23;MASCULINO;HERIDOS;0;0;0;;CARRERA 48 FRENTE AL #44SUR-95;;LAS VEGAS;6.1704374274129465, -75.59501312227447;CHOQUE;VEHICULO;NO REPORTADO;RESIDENCIAL;Normal;No mantener distancia de seguridad
2301227;12/12/2023;6:20:00 p. m.;Martes;2023;Diciembre;MOTOCICLETA;PARTICULAR;Peaton;69;FEMENINO;HERIDOS;0;0;0;;CARRERA 46A FRENTE AL #42SUR-75;;MILAN VALLEJUELOS;6.1663926387490475, -75.59524339959955;ATROPELLO;NO REPORTADO;NO REPORTADO;RESIDENCIAL;Normal;Cruzar en diagonal  -  Exceso de velocidad
2301228;12/12/2023;9:40:00 p. m.;Martes;2023;Diciembre;BUS;PUBLICO;Pasajero;65;FEMENINO;HERIDOS;0;0;0;;CALLE 40ASUR CARRERA 24B;;VEREDA EL VALLANO;6.152322141074299, -75.58078071897367;CAIDA OCUPANTE;NO REPORTADO;NO REPORTADO;RESIDENCIAL;Normal;Otra-Pasajero-Acompañante
2301229;12/12/2023;11:30:00 p. m.;Martes;2023;Diciembre;MOTOCICLETA;PARTICULAR;Motociclista;32;MASCULINO;HERIDOS;0;0;0;;KILOMETRO 14+580;medellín palmas envigado (km 12 - km 16+700);VEREDA PALMAS;6.153611, -75.532744;CHOQUE;OBJETO FIJO;MURO;NO REPORTADO;Normal;Superficie humeda
2301229;12/12/2023;11:30:00 p. m.;Martes;2023;Diciembre;MOTOCICLETA;PARTICULAR;Acompañante;24;FEMENINO;HERIDOS;0;0;0;;KILOMETRO 14+580;medellín palmas envigado (km 12 - km 16+700);VEREDA PALMAS;6.153611, -75.532744;CHOQUE;OBJETO FIJO;MURO;NO REPORTADO;Normal;Superficie humeda
2301230;13/12/2023;12:55:00 p. m.;Miércoles;2023;Diciembre;MOTOCICLETA;PARTICULAR;Motociclista;29;MASCULINO;HERIDOS;0;0;0;;TRANSVERSAL 32ASUR DIAGONAL 32B;;LA MAGNOLIA;6.175346688107717, -75.5833552513543;CHOQUE;VEHICULO;NO REPORTADO;RESIDENCIAL;Normal;Desobedecer señales
2301231;13/12/2023;6:30:00 p. m.;Miércoles;2023;Diciembre;MOTOCICLETA;PARTICULAR;Motociclista;39;FEMENINO;HERIDOS;0;0;0;;CARRERA 26 CON CALLE 41B SUR 100;;SAN RAFAEL;6.156010658618537, -75.5851065117967;CHOQUE;OBJETO FIJO;INMUEBLE;RESIDENCIAL;Normal;Impericia en el manejo
2301232;14/12/2023;9:24:00 p. m.;Jueves;2023;Diciembre;MOTOCICLETA;PARTICULAR;Peaton;63;MASCULINO;HERIDOS;0;0;0;;CARRERA 39D CON CALLE 46F SUR 23;;EL TRIANON;6.158811812318314, -75.59362178274998;ATROPELLO;NO REPORTADO;NO REPORTADO;RESIDENCIAL;Normal;Cruzar sin observar
2301233;14/12/2023;5:50:00 p. m.;Jueves;2023;Diciembre;BICICLETA;;Ciclista;24;MASCULINO;HERIDOS;0;0;0;;CARRERA 42D CON CALLE 46D SUR;;LA PAZ;6.161238058044495, -75.59589854556582;CHOQUE;VEHICULO;NO REPORTADO;RESIDENCIAL;Normal;Desobedecer señales
2301234;14/12/2023;10:05:00 a. m.;Jueves;2023;Diciembre;CAMIONETA;PUBLICO;Peaton;18;MASCULINO;HERIDOS;0;0;0;;CARRERA 24 CON CALLE 40 SUR 70;;VEREDA EL VALLANO;6.14245155610936, -75.57488416496102;ATROPELLO;NO REPORTADO;NO REPORTADO;RESIDENCIAL;Normal;Reverso imprudente
2301235;14/12/2023;1:50:00 p. m.;Jueves;2023;Diciembre;MOTOCICLETA;PARTICULAR;Motociclista;20;MASCULINO;HERIDOS;0;0;0;;CARRERA 48 CON CALLE 50 SUR;;LAS VEGAS;6.162072458716961, -75.60353659646475;CHOQUE;VEHICULO;NO REPORTADO;RESIDENCIAL;Normal;Adelantar cerrando
2301236;14/12/2023;7:21:00 p. m.;Jueves;2023;Diciembre;MOTOCICLETA;PARTICULAR;Motociclista;47;MASCULINO;HERIDOS;0;0;0;;CALLE 37 SUR CON CARRERA 48;;LAS VEGAS;6.173643245908734, -75.59239554469394;CHOQUE;VEHICULO;NO REPORTADO;RESIDENCIAL;Normal;Desobedecer señales
2301237;15/12/2023;7:15:00 p. m.;Viernes;2023;Diciembre;MOTOCICLETA;PARTICULAR;Motociclista;18;MASCULINO;HERIDOS;0;0;0;;CALLE 38 SUR CON CARRERA 46;;ALCALA;6.172018326896112, -75.59133707478912;CHOQUE;VEHICULO;NO REPORTADO;RESIDENCIAL;Normal;Desobedecer señales
2301237;15/12/2023;7:15:00 p. m.;Viernes;2023;Diciembre;MOTOCICLETA;PARTICULAR;Acompañante;17;MASCULINO;HERIDOS;0;0;0;;CALLE 38 SUR CON CARRERA 46;;ALCALA;6.172018326896112, -75.59133707478912;CHOQUE;VEHICULO;NO REPORTADO;RESIDENCIAL;Normal;Desobedecer señales
2301238;15/12/2023;5:27:00 a. m.;Viernes;2023;Diciembre;MOTOCICLETA;PARTICULAR;Motociclista;49;FEMENINO;HERIDOS;0;0;0;;CARRERA 50 CON CALLE 46A SUR;;LAS VEGAS;6.168548, -75.602176;CHOQUE;VEHICULO;NO REPORTADO;RESIDENCIAL;Normal;No mantener distancia de seguridad
2301239;15/12/2023;5:40:00 p. m.;Viernes;2023;Diciembre;MOTOCICLETA;PARTICULAR;Motociclista;23;MASCULINO;HERIDOS;0;0;0;;CALLE 37 SUR CON CARRERA 36;;MESA;6.1679279282940245, -75.58329474104609;CHOQUE;VEHICULO;NO REPORTADO;RESIDENCIAL;Normal;Desobedecer señales
2301240;15/12/2023;6:40:00 p. m.;Viernes;2023;Diciembre;MOTOCICLETA;PARTICULAR;Motociclista;26;MASCULINO;HERIDOS;0;0;0;;CALLE 37B SUR CON CARRERA 27B;;LOMA DE LAS BRUJAS;6.160421472415544, -75.57548682379243;CHOQUE;VEHICULO;NO REPORTADO;RESIDENCIAL;Normal;Desobedecer señales
2301240;15/12/2023;6:40:00 p. m.;Viernes;2023;Diciembre;MOTOCICLETA;PARTICULAR;Acompañante;70;FEMENINO;HERIDOS;0;0;0;;CALLE 37B SUR CON CARRERA 27B;;LOMA DE LAS BRUJAS;6.160421472415544, -75.57548682379243;CHOQUE;VEHICULO;NO REPORTADO;RESIDENCIAL;Normal;Desobedecer señales