NRO_RADICADO;FECHA_ACCIDENTE;HORA_ACCIDENTE;Día de la semana;AÑO;MES;CLASE_VEHICULO;TIPO_SERVICIO;TIPO_VICTIMA;EDAD;GENERO;GRAVEDAD;ESTADO_BEODEZ;ESTADO_DROGA;RESULTADO_BEODEZ;RESUL_BEODEZ_GRAMOS;DIRECCION_CARACT_VIA;TRAMO_VIA;LOCALIDAD_O_COMUNA;    GEORREFERENCIACIÓN;DESC_CLASE_ACCIDENTE;DESC_CHOQUE_ACCIDENTE;DESC_OBJETO_FIJO;DESC_SECTOR_ACCIDENTE;CONDICION_CLIMATICA;CAUSA_ACCIDENTE
2301241;16/12/2023;5:30:00 p. m.;Sábado;2023;Diciembre;MOTOCICLETA;PARTICULAR;Acompañante;25;MASCULINO;HERIDOS;0;0;0;;KILOMETRO 15 + 750;medellín palmas envigado (km 12 - km 16+700);VEREDA PALMAS;6.153359457320712, -75.54076452432349;CHOQUE;VEHICULO;NO REPORTADO;NO REPORTADO;Normal;Desobedecer señales
2301241;16/12/2023;5:30:00 p. m.;Sábado;2023;Diciembre;MOTOCICLETA;PARTICULAR;Motociclista;27;MASCULINO;HERIDOS;0;0;0;;KILOMETRO 15 + 750;medellín palmas envigado (km 12 - km 16+700);VEREDA PALMAS;6.153359457320712, -75.54076452432349;CHOQUE;VEHICULO;NO REPORTADO;NO REPORTADO;Normal;Desobedecer señales
2301242;16/12/2023;12:10:00 p. m.;Sábado;2023;Diciembre;MOTOCICLETA;PARTICULAR;Acompañante;26;FEMENINO;HERIDOS;0;0;0;;KILOMETRO 5 + 600;el escobero - km 0-13);VEREDA EL ESCOBERO;6.120243223082372, -75.5454681420481;CAIDA OCUPANTE;NO REPORTADO;NO REPORTADO;NO REPORTADO;Normal;Impericia en el manejo
2301243;16/12/2023;6:30:00 p. m.;Sábado;2023;Diciembre;MOTOCICLETA;PARTICULAR;Motociclista;22;MASCULINO;HERIDOS;0;0;0;;CARRERA 50 CON CALLE 46 SUR ;;LAS VEGAS;6.168548, -75.602176;CAIDA OCUPANTE;NO REPORTADO;NO REPORTADO;RESIDENCIAL;Normal;Otra-Via
2301244;16/12/2023;8:58:00 a. m.;Sábado;2023;Diciembre;MOTOCICLETA;PARTICULAR;Motociclista;21;MASCULINO;HERIDOS;0;0;0;;CALLE 50 SUR CON CARRERA 48;;LAS VEGAS;6.162072458716961, -75.60353659646475;CHOQUE;VEHICULO;NO REPORTADO;RESIDENCIAL;Normal;No mantener distancia de seguridad
2301245;16/12/2023;7:25:00 p. m.;Sábado;2023;Diciembre;MOTOCICLETA;PARTICULAR;Motociclista;29;MASCULINO;HERIDOS;0;0;0;;CARRERA 40 CON CALLE 48 SUR;;EL TRIANON;6.158713799355703, -75.59467344873009;CHOQUE;VEHICULO;NO REPORTADO;RESIDENCIAL;Normal;Desobedecer señales
2301246;17/12/2023;10:35:00 p. m.;Domingo;2023;Diciembre;AUTOMOVIL;PARTICULAR;Acompañante;74;FEMENINO;HERIDOS;0;0;0;;CALLE 25 SUR CON CARRERA 42;;LAS ORQUIDEAS;6.179449862116858, -75.57894183851545;CHOQUE;OBJETO FIJO;BARANDA;RESIDENCIAL;Normal;Impericia en el manejo  -  Superficie humeda
2301247;17/12/2023;5:10:00 p. m.;Domingo;2023;Diciembre;MOTOCICLETA;PARTICULAR;Acompañante;19;FEMENINO;HERIDOS;0;0;0;;CARRERA 25 CON CALLE 38 SUR;;VEREDA EL ESCOBERO;6.1555152437826015, -75.57225308879624;CAIDA OCUPANTE;NO REPORTADO;NO REPORTADO;RESIDENCIAL;Normal;Impericia en el manejo
2301247;17/12/2023;5:10:00 p. m.;Domingo;2023;Diciembre;MOTOCICLETA;PARTICULAR;Motociclista;38;FEMENINO;HERIDOS;0;0;0;;CARRERA 25 CON CALLE 38 SUR;;VEREDA EL ESCOBERO;6.1555152437826015, -75.57225308879624;CAIDA OCUPANTE;NO REPORTADO;NO REPORTADO;RESIDENCIAL;Normal;Impericia en el manejo
2301248;18/12/2023;6:15:00 a. m.;Lunes;2023;Diciembre;MOTOCICLETA;PARTICULAR;Motociclista;35;MASCULINO;HERIDOS;0;0;0;;CARRERA 28 CON CALLE 40 SUR73;;LA MINA;6.159988493912983, -75.58173930434533;VOLCAMIENTO;NO REPORTADO;NO REPORTADO;RESIDENCIAL;Normal;Impericia en el manejo
2301248;18/12/2023;6:15:00 a. m.;Lunes;2023;Diciembre;MOTOCICLETA;PARTICULAR;Acompañante;35;FEMENINO;HERIDOS;0;0;0;;CARRERA 28 CON CALLE 40 SUR73;;LA MINA;6.159988493912983, -75.58173930434533;VOLCAMIENTO;NO REPORTADO;NO REPORTADO;RESIDENCIAL;Normal;Impericia en el manejo
2301249;18/12/2023;8:40:00 p. m.;Lunes;2023;Diciembre;MOTOCICLETA;PARTICULAR;Motociclista;27;FEMENINO;HERIDOS;0;0;0;;CARRERA 27 CON CALLE 28 SUR 23;;EL ESMERALDAL;6.170067483055453, -75.56886397495897;CHOQUE;VEHICULO;NO REPORTADO;RESIDENCIAL;Normal;No mantener distancia de seguridad
2301250;18/12/2023;1:30:00 p. m.;Lunes;2023;Diciembre;MOTOCICLETA;PARTICULAR;Motociclista;53;MASCULINO;HERIDOS;0;0;0;;KILOMETRO 12 + 50;medellín palmas envigado (km 12 - km 16+700);VEREDA PALMAS;6.153665572587829, -75.53837026594468;CAIDA OCUPANTE;NO REPORTADO;NO REPORTADO;NO REPORTADO;Normal;Impericia en el manejo
2301251;18/12/2023;2:05:00 p. m.;Lunes;2023;Diciembre;MOTOCICLETA;PARTICULAR;Motociclista;30;MASCULINO;HERIDOS;0;0;0;;CARRERA 48 CON CALLE 40 SUR;;LAS VEGAS;6.170220061034249, -75.59578144973783;CAIDA OCUPANTE;NO REPORTADO;NO REPORTADO;RESIDENCIAL;Normal;Impericia en el manejo
2301252;18/12/2023;5:25:00 p. m.;Lunes;2023;Diciembre;MOTOCICLETA;PARTICULAR;Motociclista;31;MASCULINO;HERIDOS;0;0;0;;CALLE 49 SU CON CARRERA 46-33;;LAS CASITAS;6.1629724272295165, -75.60236170784768;CHOQUE;VEHICULO;NO REPORTADO;RESIDENCIAL;Normal;Impericia en el manejo
2301253;19/12/2023;2:20:00 p. m.;Martes;2023;Diciembre;AUTOMOVIL;PUBLICO;Pasajero;83;FEMENINO;HERIDOS;0;0;0;;CARRERA 24E CON CALLE 39D SUR 20;;VEREDA EL VALLANO;6.148715922520376, -75.57886061725317;CHOQUE;OBJETO FIJO;BARANDA;RESIDENCIAL;Normal;Fallas en las llantas
2301253;19/12/2023;2:20:00 p. m.;Martes;2023;Diciembre;AUTOMOVIL;PUBLICO;Conductor;59;MASCULINO;HERIDOS;0;0;0;;CARRERA 24E CON CALLE 39D SUR 20;;VEREDA EL VALLANO;6.148715922520376, -75.57886061725317;CHOQUE;OBJETO FIJO;BARANDA;RESIDENCIAL;Normal;Fallas en las llantas
2301253;19/12/2023;2:20:00 p. m.;Martes;2023;Diciembre;AUTOMOVIL;PUBLICO;Pasajero;83;FEMENINO;HERIDOS;0;0;0;;CARRERA 24E CON CALLE 39D SUR 20;;VEREDA EL VALLANO;6.148715922520376, -75.57886061725317;CHOQUE;OBJETO FIJO;BARANDA;RESIDENCIAL;Normal;Fallas en las llantas
2301254;19/12/2023;10:12:00 p. m.;Martes;2023;Diciembre;MOTOCICLETA;PARTICULAR;Motociclista;23;MASCULINO;HERIDOS;0;0;0;;KILOMETRO 8 + 760 ;peri;VEREDA PERICO;6.170752, -75.500305;CHOQUE;VEHICULO;NO REPORTADO;NO REPORTADO;Normal;Desobedecer señales
2301255;19/12/2023;2:35:00 p. m.;Martes;2023;Diciembre;MOTOCICLETA;PARTICULAR;Motociclista;24;MASCULINO;HERIDOS;0;0;0;;CARRERA 50 CON CALLE 36 SUR;;LAS VEGAS;6.176858, -75.593221;CHOQUE;VEHICULO;NO REPORTADO;RESIDENCIAL;Normal;No mantener distancia de seguridad
2301256;19/12/2023;7:40:00 p. m.;Martes;2023;Diciembre;MOTOCICLETA;PARTICULAR;Motociclista;23;FEMENINO;HERIDOS;0;0;0;;CALLE 25 SUR CON CARRERA 45;;BOSQUES DE ZUÑIGA;6.182553213033268, -75.58199712878466;CHOQUE;VEHICULO;NO REPORTADO;RESIDENCIAL;Normal;Adelantar en curva
2301257;19/12/2023;5:15:00 p. m.;Martes;2023;Diciembre;MOTOCICLETA;PARTICULAR;Motociclista;41;FEMENINO;HERIDOS;0;0;0;;KILOMETRO 11 + 280;retiro varia palmas enviga (km 5+43 - km 14+ 550);VEREDA PANTANILLO;6.1635103603157395, -75.51411425042927;CHOQUE;VEHICULO;NO REPORTADO;NO REPORTADO;Normal;Adelantar cerrando  -  Adelantar en curva  -  Impericia en el manejo
2301257;19/12/2023;5:15:00 p. m.;Martes;2023;Diciembre;MOTOCICLETA;PARTICULAR;Acompañante;25;FEMENINO;HERIDOS;0;0;0;;KILOMETRO 11 + 280;retiro varia palmas enviga (km 5+43 - km 14+ 550);VEREDA PANTANILLO;6.1635103603157395, -75.51411425042927;CHOQUE;VEHICULO;NO REPORTADO;NO REPORTADO;Normal;Adelantar cerrando  -  Adelantar en curva  -  Impericia en el manejo
2301258;20/12/2023;4:35:00 p. m.;Miércoles;2023;Diciembre;MOTOCICLETA;PARTICULAR;Motociclista;20;MASCULINO;MUERTOS;0;0;0;;CARRERA 49 CON CALLE 37B SUR 190;;LAS VEGAS;6.174562631814576, -75.59594331731458;CHOQUE;VEHICULO;NO REPORTADO;RESIDENCIAL;Normal;Adelantar cerrando  -  Adelantar por la derecha  -  Transitar entre vehiculos
2301259;20/12/2023;10:50:00 a. m.;Miércoles;2023;Diciembre;MOTOCICLETA;PARTICULAR;Motociclista;29;MASCULINO;HERIDOS;0;0;0;;CARRERA 31 CON CALLE 41 SUR 38;;EL DORADO;6.160307917565488, -75.58549407768488;CHOQUE;VEHICULO;NO REPORTADO;RESIDENCIAL;Normal;Adelantar cerrando  -  No mantener distancia de seguridad
2301261;21/12/2023;1:00:00 a. m.;Jueves;2023;Diciembre;MOTOCICLETA;PARTICULAR;Acompañante;21;MASCULINO;HERIDOS;0;0;0;;CARRERA 48 CON CALLE 26 SUR 181;;LAS VEGAS;6.183164215929877, -75.58632115681817;CHOQUE;VEHICULO;NO REPORTADO;RESIDENCIAL;Normal;Adelantar cerrando
2301262;21/12/2023;11:45:00 p. m.;Jueves;2023;Diciembre;MOTOCICLETA;PARTICULAR;Motociclista;27;MASCULINO;HERIDOS;0;0;0;;KILOMETRO 7 + 440;retiro varia palmas enviga (km 5+43 - km 14+ 550);VEREDA PANTANILLO;6.173734576049905, -75.4918752531438;CHOQUE;VEHICULO;NO REPORTADO;NO REPORTADO;Normal;Desobedecer señales
2301262;21/12/2023;11:45:00 p. m.;Jueves;2023;Diciembre;MOTOCICLETA;PARTICULAR;Acompañante;20;FEMENINO;HERIDOS;0;0;0;;KILOMETRO 7 + 440;retiro varia palmas enviga (km 5+43 - km 14+ 550);VEREDA PANTANILLO;6.173734576049905, -75.4918752531438;CHOQUE;VEHICULO;NO REPORTADO;NO REPORTADO;Normal;Desobedecer señales
2301263;21/12/2023;3:50:00 p. m.;Jueves;2023;Diciembre;MOTOCICLETA;PARTICULAR;Motociclista;42;FEMENINO;HERIDOS;0;0;0;;CARRERA 49 CON CALLE 32B SUR 134;;LAS VEGAS;6.177765331982025, -75.59218863571954;CHOQUE;VEHICULO;NO REPORTADO;RESIDENCIAL;Normal;Girar bruscamente
2301264;21/12/2023;5:18:00 p. m.;Jueves;2023;Diciembre;MOTOCICLETA;PARTICULAR;Motociclista;41;MASCULINO;HERIDOS;0;0;0;;CARRERA 50 CON CALLE 37 SUR;;LAS VEGAS;6.175135, -75.595369;CAIDA OCUPANTE;NO REPORTADO;NO REPORTADO;RESIDENCIAL;Normal;Impericia en el manejo
2301265;23/12/2023;4:55:00 p. m.;Sábado;2023;Diciembre;MOTOCICLETA;PARTICULAR;Peaton;57;MASCULINO;HERIDOS;0;0;0;;CALLE 46SUR FRENTE AL #46A 06;;MILAN VALLEJUELOS;6.1646174062071974, -75.59673598731762;ATROPELLO;NO REPORTADO;NO REPORTADO;RESIDENCIAL;Normal;Desobedecer señales
2301266;23/12/2023;7:05:00 a. m.;Sábado;2023;Diciembre;MOTOCICLETA;PARTICULAR;Motociclista;27;FEMENINO;HERIDOS;0;0;0;;CARRERA 42 FRENTE AL #39SUR-03;;ZONA CENTRO;6.168244171906107, -75.58824074142052;CHOQUE;VEHICULO;NO REPORTADO;RESIDENCIAL;Normal;Semaforo en rojo
2301267;20/12/2023;7:45:00 p. m.;Miércoles;2023;Diciembre;BUS;PUBLICO;Pasajero;25;FEMENINO;HERIDOS;0;0;0;;TRANSVERSAL 34DSUR DIAGONAL 31C;;LA SEBASTIANA;6.172025836233602, -75.5800964027243;CAIDA OCUPANTE;NO REPORTADO;NO REPORTADO;RESIDENCIAL;Normal;Desobedecer señales
2301268;21/12/2023;8:40:00 a. m.;Jueves;2023;Diciembre;AUTOMOVIL;PARTICULAR;Acompañante;57;FEMENINO;HERIDOS;0;0;0;;DIAGONAL 31CC TRANSVERSAL 32C SUR;;LA MAGNOLIA;6.175566877842847, -75.58077595903255;CHOQUE;VEHICULO;NO REPORTADO;RESIDENCIAL;Normal;No mantener distancia de seguridad
2301268;21/12/2023;8:40:00 a. m.;Jueves;2023;Diciembre;AUTOMOVIL;PARTICULAR;Acompañante;55;FEMENINO;HERIDOS;0;0;0;;DIAGONAL 31CC TRANSVERSAL 32C SUR;;LA MAGNOLIA;6.175566877842847, -75.58077595903255;CHOQUE;VEHICULO;NO REPORTADO;RESIDENCIAL;Normal;No mantener distancia de seguridad
2301269;22/12/2023;4:20:00 p. m.;Viernes;2023;Diciembre;MOTOCICLETA;PARTICULAR;Peaton;62;FEMENINO;HERIDOS;0;0;0;;CARRERA 48 FRENTE AL #30SUR-119;;LAS VEGAS;6.1782234674889125, -75.58934800584943;ATROPELLO;NO REPORTADO;NO REPORTADO;RESIDENCIAL;Normal;Cruzar sin observar
2301270;22/12/2023;11:10:00 a. m.;Viernes;2023;Diciembre;BUS;PUBLICO;Peaton;73;MASCULINO;HERIDOS;0;0;0;;CALLE 39SUR CARRERA 42;;ZONA CENTRO;6.168266225093311, -75.58820747211134;ATROPELLO;NO REPORTADO;NO REPORTADO;RESIDENCIAL;Normal;Cruzar sin observar
2301271;22/12/2023;1:10:00 p. m.;Viernes;2023;Diciembre;MOTOCICLETA;PARTICULAR;Motociclista;30;MASCULINO;HERIDOS;0;0;0;;CARRERA 50 CALLE 50SUR;;LAS VEGAS;6.16295211398868, -75.60478576094354;CHOQUE;VEHICULO;NO REPORTADO;RESIDENCIAL;Normal;Impericia en el manejo
2301272;23/12/2023;6:55:00 p. m.;Sábado;2023;Diciembre;MOTOCICLETA;;Peaton;62;MASCULINO;HERIDOS;0;0;0;;CARRERA 43A CALLE 39SUR;;ZONA CENTRO;6.169072587245623, -75.58965540069894;ATROPELLO;NO REPORTADO;NO REPORTADO;RESIDENCIAL;Normal;Semaforo en rojo
2301273;23/12/2023;11:35:00 a. m.;Sábado;2023;Diciembre;MOTOCICLETA;PARTICULAR;Motociclista;38;FEMENINO;HERIDOS;0;0;0;;DIAGONAL 33 TRANSVERSAL 34BSUR;;OBRERO;6.17173522005945, -75.58354764724572;CHOQUE;VEHICULO;NO REPORTADO;RESIDENCIAL;Normal;Desobedecer señales
2301274;21/12/2023;4:50:00 a. m.;Jueves;2023;Diciembre;MOTOCICLETA;PARTICULAR;Motociclista;24;FEMENINO;HERIDOS;0;0;0;;KILOMETRO 13+650;medellín palmas envigado (km 12 - km 16+700);VEREDA PALMAS;6.16002389223419, -75.54527284531669;CHOQUE;VEHICULO;NO REPORTADO;NO REPORTADO;Normal;Desobedecer señales
2301274;21/12/2023;4:50:00 a. m.;Jueves;2023;Diciembre;MOTOCICLETA;PARTICULAR;Motociclista;34;MASCULINO;HERIDOS;0;0;0;;KILOMETRO 13+650;medellín palmas envigado (km 12 - km 16+700);VEREDA PALMAS;6.16002389223419, -75.54527284531669;CHOQUE;VEHICULO;NO REPORTADO;NO REPORTADO;Normal;Desobedecer señales
2301275;23/12/2023;7:27:00 p. m.;Sábado;2023;Diciembre;MOTOCICLETA;PARTICULAR;Motociclista;68;MASCULINO;MUERTOS;0;0;0;;KILOMETRO 13+300;retiro varia palmas enviga (km 5+43 - km 14+ 550);VEREDA PALMAS;6.159421531186217, -75.5286586161267;CHOQUE;VEHICULO;NO REPORTADO;NO REPORTADO;Normal;Impericia en el manejo
2301276;23/12/2023;5:50:00 a. m.;Sábado;2023;Diciembre;MOTOCICLETA;PARTICULAR;Motociclista;26;MASCULINO;HERIDOS;0;0;0;;CARRERA 43A FRENTE AL #50DSUR-62;;LOMA DEL BARRO;6.159356943939645, -75.6034435536347;CHOQUE;VEHICULO;NO REPORTADO;RESIDENCIAL;Normal;No respetar pelacion de interseccion o giros
2301277;23/12/2023;8:23:00 p. m.;Sábado;2023;Diciembre;MOTOCICLETA;PARTICULAR;Motociclista;30;MASCULINO;HERIDOS;0;0;0;;CARRERA 50 CALLE 25 SUR;;LAS VEGAS;6.186957, -75.584471;CHOQUE;VEHICULO;NO REPORTADO;RESIDENCIAL;Normal;Adelantar cerrando
2301278;24/12/2023;2:45:00 p. m.;Domingo;2023;Diciembre;MOTOCICLETA;PARTICULAR;Motociclista;45;MASCULINO;HERIDOS;0;0;0;;CARRERA 50 FRENTE AL # 48SUR-60;;LAS VEGAS;6.1654683864744575, -75.60280383020822;CHOQUE;OBJETO FIJO;VEHICULO ESTACIONADO;RESIDENCIAL;Normal;Desobedecer señales
2301279;24/12/2023;8:20:00 p. m.;Domingo;2023;Diciembre;MOTOCICLETA;PARTICULAR;Acompañante;15;MASCULINO;HERIDOS;0;0;0;;CARRERA 42 CALLE 33BSUR;;ZONA CENTRO;6.172612860004692, -75.58555464780304;CHOQUE;VEHICULO;NO REPORTADO;RESIDENCIAL;Normal;Desobedecer señales
2301279;24/12/2023;8:20:00 p. m.;Domingo;2023;Diciembre;MOTOCICLETA;PARTICULAR;Motociclista;17;MASCULINO;HERIDOS;0;0;0;;CARRERA 42 CALLE 33BSUR;;ZONA CENTRO;6.172612860004692, -75.58555464780304;CHOQUE;VEHICULO;NO REPORTADO;RESIDENCIAL;Normal;Desobedecer señales
2301280;25/12/2023;1:55:00 a. m.;Lunes;2023;Diciembre;MOTOCICLETA;PARTICULAR;Motociclista;25;MASCULINO;HERIDOS;0;0;0;;CARRERA 48 CALLE 39A SUR;;LAS VEGAS;6.171297546275927, -75.5945590239746;CHOQUE;VEHICULO;NO REPORTADO;RESIDENCIAL;Normal;Semaforo en rojo
2301280;25/12/2023;1:55:00 a. m.;Lunes;2023;Diciembre;MOTOCICLETA;PARTICULAR;Acompañante;23;FEMENINO;HERIDOS;0;0;0;;CARRERA 48 CALLE 39A SUR;;LAS VEGAS;6.171297546275927, -75.5945590239746;CHOQUE;VEHICULO;NO REPORTADO;RESIDENCIAL;Normal;Semaforo en rojo
2301281;25/12/2023;3:04:00 a. m.;Lunes;2023;Diciembre;MOTOCICLETA;PARTICULAR;Motociclista;53;MASCULINO;HERIDOS;0;0;0;;CARRERA 25A CALLE 40SUR;;VEREDA EL VALLANO;6.154330458664098, -75.53582250110401;CHOQUE;OBJETO FIJO;HIDRANTE;RESIDENCIAL;Normal;Desobedecer señales
2301282;26/12/2023;11:30:00 p. m.;Martes;2023;Diciembre;AUTOMOVIL;PARTICULAR;Conductor;30;MASCULINO;HERIDOS;0;0;0;;CARRERA 24C FRENTE AL #41SUR-151  CASA 2153;;SAN RAFAEL;6.152403060079416, -75.58515224474345;VOLCAMIENTO;NO REPORTADO;NO REPORTADO;RESIDENCIAL;Normal;Impericia en el manejo
2301283;26/12/2023;9:30:00 p. m.;Martes;2023;Diciembre;MOTOCICLETA;PARTICULAR;Motociclista;21;MASCULINO;HERIDOS;0;0;0;;KILOMETRO 5+200;el escobero - km 0-13);VEREDA EL ESCOBERO;6.121356216189092, -75.54682233317487;CHOQUE;VEHICULO;NO REPORTADO;NO REPORTADO;Normal;No mantener distancia de seguridad
2301284;26/12/2023;4:10:00 p. m.;Martes;2023;Diciembre;MOTOCICLETA;PARTICULAR;Motociclista;23;MASCULINO;HERIDOS;0;0;0;;CARRERA 42B CALLE 45BSUR;;LA PAZ;6.163017683154362, -75.59374631645618;CHOQUE;VEHICULO;NO REPORTADO;RESIDENCIAL;Normal;Desobedecer señales
2301284;26/12/2023;4:10:00 p. m.;Martes;2023;Diciembre;MOTOCICLETA;PARTICULAR;Motociclista;21;FEMENINO;HERIDOS;0;0;0;;CARRERA 42B CALLE 45BSUR;;LA PAZ;6.163017683154362, -75.59374631645618;CHOQUE;VEHICULO;NO REPORTADO;RESIDENCIAL;Normal;Desobedecer señales
2301285;27/12/2023;7:45:00 p. m.;Miércoles;2023;Diciembre;AUTOMOVIL;PARTICULAR;Acompañante;0;MASCULINO;HERIDOS;0;0;0;;DIAGONAL 31C TRANSVERSAL 32C SUR;;LAS FLORES;6.175556266605983, -75.58048969900041;CHOQUE;VEHICULO;NO REPORTADO;RESIDENCIAL;Normal;Fallas en los frenos
2301285;27/12/2023;7:45:00 p. m.;Miércoles;2023;Diciembre;AUTOMOVIL;PARTICULAR;Acompañante;66;MASCULINO;HERIDOS;0;0;0;;DIAGONAL 31C TRANSVERSAL 32C SUR;;LAS FLORES;6.175556266605983, -75.58048969900041;CHOQUE;VEHICULO;NO REPORTADO;RESIDENCIAL;Normal;Fallas en los frenos
2301286;27/12/2023;4:00:00 p. m.;Miércoles;2023;Diciembre;BICICLETA;;Peaton;66;FEMENINO;HERIDOS;0;0;0;;CARRERA 29 FRENTE AL # 40FSUR-06;;SAN RAFAEL;6.159495580483288, -75.58348985692699;ATROPELLO;NO REPORTADO;NO REPORTADO;RESIDENCIAL;Normal;Desobedecer señales
2301287;27/12/2023;8:28:00 p. m.;Miércoles;2023;Diciembre;MOTOCICLETA;PARTICULAR;Motociclista;26;MASCULINO;HERIDOS;0;0;0;;CARRERA 42B FRENTE AL #25ASUR-41;;PONTE VEDRA;6.179453779017568, -75.58157320212041;CHOQUE;VEHICULO;NO REPORTADO;RESIDENCIAL;Normal;Impericia en el manejo
2301288;27/12/2023;3:00:00 p. m.;Miércoles;2023;Diciembre;MOTOCICLETA;PARTICULAR;Motociclista;26;MASCULINO;HERIDOS;0;0;0;;DIAGONAL 31C FRENTE AL # 33SUR-007;;LAS FLORES;6.174555296832652, -75.58044611309427;CHOQUE;VEHICULO;NO REPORTADO;RESIDENCIAL;Normal;Adelantar cerrando
2301289;28/12/2023;6:20:00 a. m.;Jueves;2023;Diciembre;BICICLETA;;Ciclista;60;MASCULINO;HERIDOS;0;0;0;;KILOMETRO 15+940;medellín palmas envigado (km 12 - km 16+700);VEREDA PALMAS;6.153292679366039, -75.53911662077535;CHOQUE;VEHICULO;NO REPORTADO;NO REPORTADO;Normal;Desobedecer señales
2301290;27/12/2023;2:40:00 p. m.;Miércoles;2023;Diciembre;MOTOCICLETA;PARTICULAR;Acompañante;17;MASCULINO;HERIDOS;0;0;0;;CALLE 37SUR CARRERA 48;;LAS VEGAS;6.173643245908734, -75.59239554469394;CHOQUE;VEHICULO;NO REPORTADO;RESIDENCIAL;Normal;Semaforo en rojo
2301290;27/12/2023;2:40:00 p. m.;Miércoles;2023;Diciembre;MOTOCICLETA;PARTICULAR;Motociclista;34;MASCULINO;HERIDOS;0;0;0;;CALLE 37SUR CARRERA 48;;LAS VEGAS;6.173643245908734, -75.59239554469394;CHOQUE;VEHICULO;NO REPORTADO;RESIDENCIAL;Normal;Semaforo en rojo
2301291;30/12/2023;3:00:00 p. m.;Sábado;2023;Diciembre;MOTOCICLETA;PARTICULAR;Acompañante;20;FEMENINO;HERIDOS;0;0;0;;DIAGONAL 31E TRANSVERSAL 34SUR;;OBRERO;6.17192700805297, -75.58039431274938;CHOQUE;VEHICULO;NO REPORTADO;RESIDENCIAL;Normal;Adelantar por la derecha
2301291;30/12/2023;3:00:00 p. m.;Sábado;2023;Diciembre;MOTOCICLETA;PARTICULAR;Motociclista;21;MASCULINO;HERIDOS;0;0;0;;DIAGONAL 31E TRANSVERSAL 34SUR;;OBRERO;6.17192700805297, -75.58039431274938;CHOQUE;VEHICULO;NO REPORTADO;RESIDENCIAL;Normal;Adelantar por la derecha
2301291;30/12/2023;3:00:00 p. m.;Sábado;2023;Diciembre;MOTOCICLETA;PARTICULAR;Motociclista;27;MASCULINO;HERIDOS;0;0;0;;DIAGONAL 31E TRANSVERSAL 34SUR;;OBRERO;6.17192700805297, -75.58039431274938;CHOQUE;VEHICULO;NO REPORTADO;RESIDENCIAL;Normal;Adelantar por la derecha
2301292;29/12/2023;11:28:00 p. m.;Viernes;2023;Diciembre;CAMIONETA;PARTICULAR;Conductor;16;MASCULINO;HERIDOS;0;0;0;;CARRERA 27 FRENTE AL #36CSUR-01;;LA PRADERA;6.162836439343635, -75.56954854323112;CHOQUE;VEHICULO;NO REPORTADO;RESIDENCIAL;Lluvia;Otra-Conductor
2301292;29/12/2023;11:28:00 p. m.;Viernes;2023;Diciembre;CAMPERO;PARTICULAR;Conductor;18;FEMENINO;HERIDOS;0;0;0;;CARRERA 27 FRENTE AL #36CSUR-01;;LA PRADERA;6.162836439343635, -75.56954854323112;CHOQUE;VEHICULO;NO REPORTADO;RESIDENCIAL;Lluvia;Otra-Conductor
2301293;29/12/2023;10:35:00 p. m.;Viernes;2023;Diciembre;MOTOCICLETA;PARTICULAR;Motociclista;23;MASCULINO;HERIDOS;0;0;0;;DIAGONAL 31E TRANSVERSAL 34CSUR;;OBRERO;6.172420869311673, -75.58052646286076;CAIDA OCUPANTE;NO REPORTADO;NO REPORTADO;RESIDENCIAL;Normal;Otra-Conductor
2301293;29/12/2023;10:35:00 p. m.;Viernes;2023;Diciembre;MOTOCICLETA;PARTICULAR;Acompañante;23;FEMENINO;HERIDOS;0;0;0;;DIAGONAL 31E TRANSVERSAL 34CSUR;;OBRERO;6.172420869311673, -75.58052646286076;CAIDA OCUPANTE;NO REPORTADO;NO REPORTADO;RESIDENCIAL;Normal;Otra-Conductor
2301294;28/12/2023;8:00:00 p. m.;Jueves;2023;Diciembre;MOTOCICLETA;OFICIAL;Motociclista;35;MASCULINO;HERIDOS;0;0;0;;CALLE 38A SUR CARRERA 44;;ALCALA;6.17001073664192, -75.58964810596288;CAIDA OCUPANTE;NO REPORTADO;NO REPORTADO;RESIDENCIAL;Normal;Superficie lisa
2301295;29/12/2023;10:53:00 a. m.;Viernes;2023;Diciembre;MOTOCICLETA;PARTICULAR;Motociclista;28;MASCULINO;HERIDOS;0;0;0;;CARRERA 42B FRENTE AL # 26ASUR-64;;PONTE VEDRA;6.17858333372655, -75.58194633959083;CHOQUE;VEHICULO;NO REPORTADO;RESIDENCIAL;Normal;Transitar entre vehiculos
2301296;30/12/2023;9:20:00 a. m.;Sábado;2023;Diciembre;BICICLETA;;Ciclista;56;MASCULINO;HERIDOS;0;0;0;;KILOMETRO 12+160;medellín palmas envigado (km 12 - km 16+700);VEREDA PALMAS;6.158805632526598, -75.51886263983036;CHOQUE;VEHICULO;NO REPORTADO;NO REPORTADO;Normal;No mantener distancia de seguridad
2301297;30/12/2023;10:00:00 a. m.;Sábado;2023;Diciembre;MOTOCICLETA;PARTICULAR;Motociclista;34;MASCULINO;HERIDOS;0;0;0;;CARRERA 49A FRENTE AL # 46ASUR-16;;LAS VEGAS;6.167889, -75.602347;CHOQUE;VEHICULO;NO REPORTADO;RESIDENCIAL;Normal;Adelantar invadiendo carril del mismo sentido en zigzag