NRO_RADICADO;FECHA_ACCIDENTE;HORA_ACCIDENTE;Día de la semana;AÑO;MES;CLASE_VEHICULO;TIPO_SERVICIO;TIPO_VICTIMA;EDAD;GENERO;GRAVEDAD;ESTADO_BEODEZ;ESTADO_DROGA;RESULTADO_BEODEZ;RESUL_BEODEZ_GRAMOS;DIRECCION_CARACT_VIA;TRAMO_VIA;LOCALIDAD_O_COMUNA;    GEORREFERENCIACIÓN;DESC_CLASE_ACCIDENTE;DESC_CHOQUE_ACCIDENTE;DESC_OBJETO_FIJO;DESC_SECTOR_ACCIDENTE;CONDICION_CLIMATICA;CAUSA_ACCIDENTE
2301298;31/12/2023;4:20:00 p. m.;Domingo;2023;Diciembre;MOTOCICLETA;PARTICULAR;Acompañante;20;FEMENINO;HERIDOS;0;0;0;;KILOMETRO 5+700;catedral;VEREDA EL VALLANO;6.123094232193578, -75.58782247584163;CAIDA OCUPANTE;NO REPORTADO;NO REPORTADO;NO REPORTADO;Normal;Superficie lisa
2301298;31/12/2023;4:20:00 p. m.;Domingo;2023;Diciembre;MOTOCICLETA;PARTICULAR;Motociclista;20;MASCULINO;HERIDOS;0;0;0;;KILOMETRO 5+700;catedral;VEREDA EL VALLANO;6.123094232193578, -75.58782247584163;CAIDA OCUPANTE;NO REPORTADO;NO REPORTADO;NO REPORTADO;Normal;Superficie lisa
2301299;31/12/2023;8:58:00 a. m.;Domingo;2023;Diciembre;CAMIONETA;PARTICULAR;Conductor;63;FEMENINO;HERIDOS;0;0;0;;CALLE 36DSUR  FRENTE AL #27D-93;;LA PRADERA;6.164838216472514, -75.57489292259663;CHOQUE;OBJETO FIJO;INMUEBLE;RESIDENCIAL;Normal;Impericia en el manejo
2301300;31/12/2023;12:50:00 a. m.;Domingo;2023;Diciembre;AUTOMOVIL;PARTICULAR;Conductor;29;MASCULINO;HERIDOS;0;0;0;;CARRERA 48 CALLE 25SUR;;LAS VEGAS;6.17764599065641, -75.59029135905024;CHOQUE;VEHICULO;NO REPORTADO;RESIDENCIAL;Normal;Desobedecer señales
2301300;31/12/2023;12:50:00 a. m.;Domingo;2023;Diciembre;AUTOMOVIL;PARTICULAR;Acompañante;28;FEMENINO;HERIDOS;0;0;0;;CARRERA 48 CALLE 25SUR;;LAS VEGAS;6.17764599065641, -75.59029135905024;CHOQUE;VEHICULO;NO REPORTADO;RESIDENCIAL;Normal;Desobedecer señales
2301300;31/12/2023;12:50:00 a. m.;Domingo;2023;Diciembre;AUTOMOVIL;PARTICULAR;Conductor;40;MASCULINO;HERIDOS;0;0;0;;CARRERA 48 CALLE 25SUR;;LAS VEGAS;6.17764599065641, -75.59029135905024;CHOQUE;VEHICULO;NO REPORTADO;RESIDENCIAL;Normal;Desobedecer señales
2301301;30/12/2023;4:00:00 a. m.;Sábado;2023;Diciembre;MOTOCICLETA;PARTICULAR;Motociclista;25;MASCULINO;HERIDOS;1;0;3;180;CARRERA 43 TRANSVERSAL 32CSUR;;LA MAGNOLIA;6.175327332513552, -75.5852356715802;CAIDA OCUPANTE;NO REPORTADO;NO REPORTADO;RESIDENCIAL;Normal;Embriaguez o droga
202300645;17/05/2023;11:40:00 p. m.;Miércoles;2023;Mayo;MOTOCICLETA;PARTICULAR;Acompañante;27;FEMENINO;MUERTOS;;;;;TRANSVERSAL DE LA MONTAÑA1 KILÓMETRO ANTES DE DOBLE CALZADA;;VEREDA SANTA CATALINA;6.17192162186428, -75.54701618011192;CAIDA OCUPANTE;;;;;
202336738;11/06/2023;8:24:00 a. m.;Domingo;2023;Junio;AUTOMOVIL;PARTICULAR;Peaton;67;MASCULINO;MUERTOS;0;0;0;0;TRANSVERSAL 34D SUR CON DIAGONAL 31E;;OBRERO;6.171996679912332, -75.58035702984469;ATROPELLO;;NO REPORTADO;RESIDENCIAL;Normal;Cruzar sin observar
2240000;1/01/2024;8:10:00 p. m.;Lunes;2024;Enero;AUTOMOVIL;PARTICULAR;Conductor;52;MASCULINO;HERIDOS;0;0;0;;DIAGONAL 31E TRANSVERSAL 34DSUR;;OBRERO;6.17192700805297, -75.58039431274938;CHOQUE;OBJETO FIJO;OTRO TIPO;RESIDENCIAL;Normal;Impericia en el manejo
2240002;2/01/2024;12:50:00 a. m.;Martes;2024;Enero;CAMIONETA;PARTICULAR;Conductor;45;MASCULINO;HERIDOS;0;0;0;;CARRERA 19 FRENTE AL # 36SUR-125;;VEREDA SANTA CATALINA;6.159879243694163, -75.55415280040027;CHOQUE;OBJETO FIJO;BARANDA;RESIDENCIAL;Normal;Otra-Conductor
2240001;3/01/2024;12:00:00 p. m.;Miércoles;2024;Enero;MOTOCICLETA;PARTICULAR;Motociclista;23;MASCULINO;HERIDOS;0;0;0;;KILOMETRO 8+770;retiro varia palmas enviga (km 5+43 - km 14+ 550);VEREDA PALMAS;6.170752, -75.500305;CHOQUE;VEHICULO;NO REPORTADO;NO REPORTADO;Normal;No mantener distancia de seguridad
2240006;3/01/2024;12:50:00 p. m.;Miércoles;2024;Enero;MOTOCICLETA;PARTICULAR;Motociclista;55;FEMENINO;HERIDOS;0;0;0;;CALLE 38 A SUR ENTRE CARRERA 45 y CARRERA 46;;ALCALA;6.171515560325035, -75.5909697913703;CHOQUE;VEHICULO;NO REPORTADO;RESIDENCIAL;Normal;Adelantar por la derecha  -  Impericia en el manejo
2240006;3/01/2024;12:50:00 p. m.;Miércoles;2024;Enero;MOTOCICLETA;PARTICULAR;Motociclista;38;MASCULINO;HERIDOS;0;0;0;;CALLE 38 A SUR ENTRE CARRERA 45 y CARRERA 46;;ALCALA;6.171515560325035, -75.5909697913703;CHOQUE;VEHICULO;NO REPORTADO;RESIDENCIAL;Normal;Adelantar por la derecha  -  Impericia en el manejo
2240007;3/01/2024;12:50:00 p. m.;Miércoles;2024;Enero;MOTOCICLETA;PARTICULAR;Motociclista;18;MASCULINO;HERIDOS;0;0;0;;CALLE 39SUR CARRERA 33;;MESA;6.164736092811255, -75.5824396818883;CHOQUE;VEHICULO;NO REPORTADO;RESIDENCIAL;Normal;Desobedecer señales
2240007;3/01/2024;12:50:00 p. m.;Miércoles;2024;Enero;MOTOCICLETA;PARTICULAR;Motociclista;42;MASCULINO;HERIDOS;0;0;0;;CALLE 39SUR CARRERA 33;;MESA;6.164736092811255, -75.5824396818883;CHOQUE;VEHICULO;NO REPORTADO;RESIDENCIAL;Normal;Desobedecer señales
2240004;4/01/2024;4:10:00 p. m.;Jueves;2024;Enero;MOTOCICLETA;PARTICULAR;Peaton;57;FEMENINO;HERIDOS;0;0;0;0;CARRERA 48 FRENTE AL # 32BSUR- 139 SOTANO 2;;LAS VEGAS;6.176897513877721, -75.59025410258477;ATROPELLO;NO REPORTADO;NO REPORTADO;RESIDENCIAL;Normal;Impericia en el manejo
2240009;5/01/2024;4:05:00 p. m.;Viernes;2024;Enero;AUTOMOVIL;PARTICULAR;Peaton;20;MASCULINO;HERIDOS;0;0;0;;CALLE 36ASUR FRENTE AL # 47-18;;EL PORTAL;6.1736911857260255, -75.59147848252348;ATROPELLO;NO REPORTADO;NO REPORTADO;RESIDENCIAL;Normal;Reverso imprudente
2240010;5/01/2024;8:30:00 p. m.;Viernes;2024;Enero;MOTOCICLETA;PARTICULAR;Motociclista;18;MASCULINO;HERIDOS;0;0;0;;CARRERA 32 CALLE 37 SUR;;MESA;6.166626484644071, -75.58117565030217;CHOQUE;VEHICULO;NO REPORTADO;RESIDENCIAL;Normal;Desobedecer señales
2240011;5/01/2024;5:00:00 p. m.;Viernes;2024;Enero;MOTOCICLETA;PARTICULAR;Acompañante;32;FEMENINO;HERIDOS;0;0;0;;CALLE 36DSUR CARRERA 24;;VEREDA EL ESCOBERO;6.154864559902975, -75.56670177068463;CHOQUE;VEHICULO;NO REPORTADO;RESIDENCIAL;Normal;Adelantar en curva
2240012;5/01/2024;2:00:00 p. m.;Viernes;2024;Enero;AUTOMOVIL;PARTICULAR;Peaton;7;FEMENINO;HERIDOS;0;0;0;;CARRERA 50 FRENTE AL # 32BSUR-150;;LAS VEGAS;6.177681, -75.592452;ATROPELLO;NO REPORTADO;NO REPORTADO;RESIDENCIAL;Normal;Impericia en el manejo
2240013;5/01/2024;11:50:00 a. m.;Viernes;2024;Enero;MOTOCICLETA;PARTICULAR;Motociclista;26;MASCULINO;HERIDOS;0;0;0;;CARRERA 50 CALLE 30 SUR;;LAS VEGAS;6.181402979317868, -75.58979069129407;CHOQUE;VEHICULO;NO REPORTADO;RESIDENCIAL;Normal;Impericia en el manejo
2240005;6/01/2024;12:50:00 p. m.;Sábado;2024;Enero;MOTOCICLETA;PARTICULAR;Motociclista;43;MASCULINO;HERIDOS;0;0;0;;CALLE 37SUR CARRERA 48;;LAS VEGAS;6.173643245908734, -75.59239554469394;CHOQUE;VEHICULO;NO REPORTADO;RESIDENCIAL;Normal;Desobedecer señales
2240014;6/01/2024;3:00:00 p. m.;Sábado;2024;Enero;MOTOCICLETA;PARTICULAR;Acompañante;68;MASCULINO;HERIDOS;0;0;0;;CALLE 36DSUR FRENTE AL # 16-79;;VEREDA EL ESCOBERO;6.14780983251352, -75.56165618782487;CAIDA OCUPANTE;NO REPORTADO;NO REPORTADO;RESIDENCIAL;Normal;Impericia en el manejo
2240014;6/01/2024;3:00:00 p. m.;Sábado;2024;Enero;MOTOCICLETA;PARTICULAR;Motociclista;45;MASCULINO;HERIDOS;0;0;0;;CALLE 36DSUR FRENTE AL # 16-79;;VEREDA EL ESCOBERO;6.14780983251352, -75.56165618782487;CAIDA OCUPANTE;NO REPORTADO;NO REPORTADO;RESIDENCIAL;Normal;Impericia en el manejo
2240003;7/01/2024;9:15:00 a. m.;Domingo;2024;Enero;MOTOCICLETA;PARTICULAR;Motociclista;26;MASCULINO;HERIDOS;0;0;0;;CALLE 39 SUR CARRERA 42;;ZONA CENTRO;6.1682587245525875, -75.58821157722788;CHOQUE;VEHICULO;NO REPORTADO;RESIDENCIAL;Normal;Semaforo en rojo
2240015;7/01/2024;7:45:00 p. m.;Domingo;2024;Enero;MOTOCICLETA;PARTICULAR;Acompañante;36;FEMENINO;HERIDOS;0;0;0;;CALLE 39DSUR FRENTE AL #24EE-200;;EL SALADO;6.153550294357833, -75.57731053480822;CAIDA OCUPANTE;NO REPORTADO;NO REPORTADO;RESIDENCIAL;Normal;Huecos
2240015;7/01/2024;7:45:00 p. m.;Domingo;2024;Enero;MOTOCICLETA;PARTICULAR;Motociclista;44;MASCULINO;HERIDOS;0;0;0;;CALLE 39DSUR FRENTE AL #24EE-200;;EL SALADO;6.153550294357833, -75.57731053480822;CAIDA OCUPANTE;NO REPORTADO;NO REPORTADO;RESIDENCIAL;Normal;Huecos
2240016;8/01/2024;1:30:00 p. m.;Lunes;2024;Enero;MOTOCICLETA;PARTICULAR;Motociclista;45;FEMENINO;HERIDOS;0;0;0;;CALLE 37 SUR DIAGONAL 31;;LA PRADERA;6.1659299055643295, -75.58026839273028;CHOQUE;VEHICULO;NO REPORTADO;RESIDENCIAL;Normal;Adelantar cerrando
2240017;9/01/2024;2:10:00 p. m.;Martes;2024;Enero;MOTOCICLETA;PARTICULAR;Peaton;7;MASCULINO;HERIDOS;0;0;0;;CALLE 41SUR FRENTE AL # 25-105;;LA MINA;6.153916203154455, -75.58484880313274;ATROPELLO;NO REPORTADO;NO REPORTADO;RESIDENCIAL;Normal;Desobedecer señales
2240017;9/01/2024;2:10:00 p. m.;Martes;2024;Enero;MOTOCICLETA;PARTICULAR;Peaton;14;FEMENINO;HERIDOS;0;0;0;;CALLE 41SUR FRENTE AL # 25-105;;LA MINA;6.153916203154455, -75.58484880313274;ATROPELLO;NO REPORTADO;NO REPORTADO;RESIDENCIAL;Normal;Desobedecer señales
2240017;9/01/2024;2:10:00 p. m.;Martes;2024;Enero;MOTOCICLETA;PARTICULAR;Motociclista;21;MASCULINO;HERIDOS;0;0;0;;CALLE 41SUR FRENTE AL # 25-105;;LA MINA;6.153916203154455, -75.58484880313274;ATROPELLO;NO REPORTADO;NO REPORTADO;RESIDENCIAL;Normal;Desobedecer señales
2240019;9/01/2024;11:20:00 p. m.;Martes;2024;Enero;AUTOMOVIL;PARTICULAR;Conductor;21;MASCULINO;HERIDOS;0;0;0;;CARRERA 50 CALLE 26 SUR;;LAS VEGAS;6.184920, -75.587152;VOLCAMIENTO;NO REPORTADO;NO REPORTADO;RESIDENCIAL;Normal;Impericia en el manejo
2240018;10/01/2024;8:20:00 p. m.;Miércoles;2024;Enero;MOTOCICLETA;PARTICULAR;Motociclista;24;MASCULINO;HERIDOS;0;0;0;;CALLE 25SUR ENTRE CARRERA 45 y CARRERA 46;;BOSQUES DE ZUÑIGA;6.182752653515598, -75.5823583358488;VOLCAMIENTO;NO REPORTADO;NO REPORTADO;RESIDENCIAL;Normal;Impericia en el manejo
2240020;10/01/2024;1:00:00 p. m.;Miércoles;2024;Enero;MOTOCICLETA;PARTICULAR;Motociclista;26;MASCULINO;HERIDOS;0;0;0;;CARRERA 2A CALLE 20B SUR ;;VEREDA PANTANILLO;6.1818957334192275, -75.49497706881466;CHOQUE;VEHICULO;NO REPORTADO;RESIDENCIAL;Normal;Adelantar invadiendo carril de sentido contrario
2240021;10/01/2024;5:25:00 p. m.;Miércoles;2024;Enero;MOTOCICLETA;PARTICULAR;Motociclista;22;FEMENINO;HERIDOS;0;0;0;;CALLE 33B SUR FRENTE AL # 43-21;;ZONA CENTRO;6.173020470491359, -75.58632418852987;CHOQUE;VEHICULO;NO REPORTADO;RESIDENCIAL;Normal;No mantener distancia de seguridad
2240022;11/01/2024;4:30:00 p. m.;Jueves;2024;Enero;CAMIONETA;PARTICULAR;Acompañante;74;FEMENINO;HERIDOS;0;0;0;;KILOMETRO 11+550;medellín palmas envigado (km 12 - km 16+700);VEREDA PALMAS;6.161194941272225, -75.51545093669165;CHOQUE;VEHICULO;NO REPORTADO;NO REPORTADO;Normal;Desobedecer señales
2240022;11/01/2024;4:30:00 p. m.;Jueves;2024;Enero;MOTOCICLETA;PARTICULAR;Acompañante;15;MASCULINO;HERIDOS;0;0;0;;KILOMETRO 11+550;medellín palmas envigado (km 12 - km 16+700);VEREDA PALMAS;6.161194941272225, -75.51545093669165;CHOQUE;VEHICULO;NO REPORTADO;NO REPORTADO;Normal;Desobedecer señales
2240022;11/01/2024;4:30:00 p. m.;Jueves;2024;Enero;CAMIONETA;PARTICULAR;Conductor;85;MASCULINO;HERIDOS;0;0;0;;KILOMETRO 11+550;medellín palmas envigado (km 12 - km 16+700);VEREDA PALMAS;6.161194941272225, -75.51545093669165;CHOQUE;VEHICULO;NO REPORTADO;NO REPORTADO;Normal;Desobedecer señales
2240022;11/01/2024;4:30:00 p. m.;Jueves;2024;Enero;MOTOCICLETA;PARTICULAR;Motociclista;27;MASCULINO;HERIDOS;0;0;0;;KILOMETRO 11+550;medellín palmas envigado (km 12 - km 16+700);VEREDA PALMAS;6.161194941272225, -75.51545093669165;CHOQUE;VEHICULO;NO REPORTADO;NO REPORTADO;Normal;Desobedecer señales
2240023;11/01/2024;10:11:00 a. m.;Jueves;2024;Enero;MOTOCICLETA;PARTICULAR;Motociclista;17;MASCULINO;HERIDOS;0;0;0;;TRANSVERSAL 36SUR DIAGONAL 31;;LA SEBASTIANA;6.168207148941605, -75.58032400368138;CHOQUE;VEHICULO;NO REPORTADO;RESIDENCIAL;Normal;Desobedecer señales  -  Semaforo en rojo
2240026;12/01/2024;8:10:00 a. m.;Viernes;2024;Enero;MOTOCICLETA;PARTICULAR;Motociclista;39;FEMENINO;HERIDOS;0;0;0;;CALLE 39SUR CARRERA 27B;;SAN JOSE;6.158992852616835, -75.57889153689932;CHOQUE;VEHICULO;NO REPORTADO;RESIDENCIAL;Normal;Desobedecer señales
2240028;12/01/2024;6:40:00 a. m.;Viernes;2024;Enero;MOTOCICLETA;PARTICULAR;Motociclista;37;MASCULINO;HERIDOS;0;0;0;;KILOMETRO 8+540;medellín palmas envigado (km 12 - km 16+700);VEREDA PALMAS;6.170023437893488, -75.49843519374593;CAIDA OCUPANTE;NO REPORTADO;NO REPORTADO;NO REPORTADO;Normal;Impericia en el manejo
2240024;14/01/2024;5:20:00 a. m.;Domingo;2024;Enero;MOTOCICLETA;PARTICULAR;Motociclista;19;MASCULINO;HERIDOS;0;0;0;;CARRERA 50 ENTRE CALLE 32BSUR y CALLE 36SUR;;LAS VEGAS;6.177635, -75.592515;CHOQUE;VEHICULO;NO REPORTADO;RESIDENCIAL;Normal;No mantener distancia de seguridad
2240025;14/01/2024;2:26:00 p. m.;Domingo;2024;Enero;BICICLETA;;Ciclista;41;MASCULINO;HERIDOS;0;0;0;;CALLE 25A SUR CARRERA 48;;LAS VEGAS;6.185012232472791, -75.58353638346043;CHOQUE;VEHICULO;NO REPORTADO;RESIDENCIAL;Normal;Girar bruscamente
2240027;14/01/2024;7:54:00 p. m.;Domingo;2024;Enero;MOTOCICLETA;PARTICULAR;Motociclista;24;MASCULINO;HERIDOS;0;0;0;;CARRERA 49A CALLE 45SUR;;LAS VEGAS;6.169079, -75.601935;CHOQUE;VEHICULO;NO REPORTADO;RESIDENCIAL;Normal;Desobedecer señales
2240027;14/01/2024;7:54:00 p. m.;Domingo;2024;Enero;CICLOMOTOR;;Conductor;33;MASCULINO;HERIDOS;0;0;0;;CARRERA 49A CALLE 45SUR;;LAS VEGAS;6.169079, -75.601935;CHOQUE;VEHICULO;NO REPORTADO;RESIDENCIAL;Normal;Desobedecer señales
2240031;14/01/2024;7:10:00 p. m.;Domingo;2024;Enero;MOTOCICLETA;PARTICULAR;Motociclista;20;MASCULINO;HERIDOS;0;0;0;;CALLE 40SUR FRENTE AL #24A-94;;EL SALADO;6.142697817606009, -75.57545501025781;CHOQUE;VEHICULO;NO REPORTADO;NO REPORTA;Normal;Girar bruscamente
2240031;14/01/2024;7:10:00 p. m.;Domingo;2024;Enero;MOTOCICLETA;PARTICULAR;Motociclista;35;MASCULINO;HERIDOS;0;0;0;;CALLE 40SUR FRENTE AL #24A-94;;EL SALADO;6.142697817606009, -75.57545501025781;CHOQUE;VEHICULO;NO REPORTADO;NO REPORTA;Normal;Girar bruscamente
2240029;15/01/2024;3:57:00 p. m.;Lunes;2024;Enero;MOTOCICLETA;PARTICULAR;Motociclista;21;MASCULINO;HERIDOS;0;0;0;;CARRERA 50 ENTRE CALLE 30SUR y CALLE 26SUR;;LAS VEGAS;6.183891793053195, -75.58818048971615;CHOQUE;OBJETO FIJO;VEHICULO ESTACIONADO;RESIDENCIAL;Normal;Falta de se?ales en vehiculo varado
2240030;15/01/2024;7:40:00 a. m.;Lunes;2024;Enero;MOTOCICLETA;PARTICULAR;Motociclista;25;FEMENINO;HERIDOS;0;0;0;;CALLE 39SUR CARRERA 27D;;SAN JOSE;6.160590777843402, -75.5792440874374;CHOQUE;VEHICULO;NO REPORTADO;NO REPORTA;Normal;Adelantar en zona prohibida
2240032;15/01/2024;9:40:00 a. m.;Lunes;2024;Enero;MOTOCICLETA;PARTICULAR;Peaton;41;FEMENINO;HERIDOS;0;0;0;;CALLE 46SUR CARRERA 46B;;PRIMAVERA;6.164954462971228, -75.59768432128473;ATROPELLO;NO REPORTADO;NO REPORTADO;NO REPORTA;Normal;Desobedecer señales
2240033;16/01/2024;9:00:00 a. m.;Martes;2024;Enero;MOTOCICLETA;PARTICULAR;Motociclista;34;MASCULINO;HERIDOS;0;0;0;;CARRERA 48 CALLE 25A SUR;;LAS VEGAS;6.18511291233054, -75.58370869024736;CHOQUE;VEHICULO;NO REPORTADO;NO REPORTA;Normal;Transitar entre vehiculos
2240035;16/01/2024;4:18:00 p. m.;Martes;2024;Enero;MOTOCICLETA;PARTICULAR;Motociclista;47;MASCULINO;HERIDOS;0;0;0;;CARRERA 42 CALLE 39SUR;;ZONA CENTRO;6.1682319834196715, -75.58823664154612;CHOQUE;VEHICULO;NO REPORTADO;NO REPORTA;Normal;Desobedecer señales
2240037;16/01/2024;7:30:00 p. m.;Martes;2024;Enero;MOTOCICLETA;PARTICULAR;Motociclista;58;MASCULINO;HERIDOS;0;0;0;;CARRERA 23 FRENTE AL # 36CSUR- 151;;VEREDA EL ESCOBERO;6.154233550698979, -75.56313386208264;CHOQUE;OBJETO FIJO;MURO;NO REPORTA;Normal;Impericia en el manejo
2240037;16/01/2024;7:30:00 p. m.;Martes;2024;Enero;MOTOCICLETA;PARTICULAR;Acompañante;35;FEMENINO;HERIDOS;0;0;0;;CARRERA 23 FRENTE AL # 36CSUR- 151;;VEREDA EL ESCOBERO;6.154233550698979, -75.56313386208264;CHOQUE;OBJETO FIJO;MURO;NO REPORTA;Normal;Impericia en el manejo
2240038;16/01/2024;3:30:00 p. m.;Martes;2024;Enero;MOTOCICLETA;PARTICULAR;Motociclista;19;MASCULINO;HERIDOS;0;0;0;;TRANSVERSAL 34DSUR DIAGONAL 33;;OBRERO;6.17082757964871, -75.58321135985267;CHOQUE;VEHICULO;NO REPORTADO;NO REPORTA;Normal;Desobedecer señales
2240039;16/01/2024;3:50:00 p. m.;Martes;2024;Enero;MOTOCICLETA;PARTICULAR;Motociclista;36;MASCULINO;HERIDOS;0;0;0;;CARRERA 49 CALLE 26SUR;;LAS VEGAS;6.184954518575223, -75.58691974951283;CHOQUE;VEHICULO;NO REPORTADO;NO REPORTA;Normal;Desobedecer señales
2240040;16/01/2024;1:20:00 p. m.;Martes;2024;Enero;AUTOMOVIL;PUBLICO;Peaton;46;FEMENINO;HERIDOS;0;0;0;;CALLE 38SUR FRENTE AL # 43A-31;;ZONA CENTRO;6.170510220296494, -75.58887112556955;ATROPELLO;NO REPORTADO;NO REPORTADO;NO REPORTA;Normal;Impericia en el manejo  -  Salir por delante de un vehiculo
2240036;17/01/2024;3:15:00 a. m.;Miércoles;2024;Enero;CAMIONETA;PARTICULAR;Peaton;21;FEMENINO;HERIDOS;0;0;0;;CALLE 25ASUR FRENTE AL #42B-80;;PONTE VEDRA;6.179292756585511, -75.58092601974549;ATROPELLO;NO REPORTADO;NO REPORTADO;NO REPORTA;Normal;Cruzar sin observar
2240041;17/01/2024;8:00:00 a. m.;Miércoles;2024;Enero;BICICLETA;;Ciclista;67;MASCULINO;HERIDOS;0;0;0;;CALLE 40FSUR FRENTE AL #32-30;;EL DORADO;6.1616017144710815, -75.58528875409608;CHOQUE;VEHICULO;NO REPORTADO;NO REPORTA;Normal;Desobedecer señales
2240042;17/01/2024;12:50:00 p. m.;Miércoles;2024;Enero;CAMIONETA;PARTICULAR;Conductor;69;MASCULINO;HERIDOS;0;0;0;;CALLE 25SUR FRENTE AL # 41-35;;ZUÑIGA;6.179121663697167, -75.57811464643211;CHOQUE;VEHICULO;NO REPORTADO;NO REPORTA;Normal;Desobedecer señales
2240042;17/01/2024;12:50:00 p. m.;Miércoles;2024;Enero;CAMIONETA;PARTICULAR;Acompañante;26;FEMENINO;HERIDOS;0;0;0;;CALLE 25SUR FRENTE AL # 41-35;;ZUÑIGA;6.179121663697167, -75.57811464643211;CHOQUE;VEHICULO;NO REPORTADO;NO REPORTA;Normal;Desobedecer señales
2240043;17/01/2024;2:30:00 p. m.;Miércoles;2024;Enero;MOTOCICLETA;PARTICULAR;Motociclista;30;MASCULINO;HERIDOS;0;0;0;;KILOMETRO 12 + 600;retiro varia palmas enviga (km 5+43 - km 14+ 550);VEREDA PALMAS;6.1602119897978715, -75.5223444406131;CHOQUE;VEHICULO;NO REPORTADO;NO REPORTA;Normal;No mantener distancia de seguridad
2240044;17/01/2024;4:50:00 p. m.;Miércoles;2024;Enero;MOTOCICLETA;PARTICULAR;Acompañante;24;FEMENINO;HERIDOS;0;0;0;;CARRERA 43A CON TRANSVERSAL 27A SUR;;VILLA GRANDE;6.179143934829045, -75.58372781265477;CHOQUE;VEHICULO;NO REPORTADO;NO REPORTA;Normal;No mantener distancia de seguridad
2240044;17/01/2024;4:50:00 p. m.;Miércoles;2024;Enero;MOTOCICLETA;PARTICULAR;Motociclista;23;MASCULINO;HERIDOS;0;0;0;;CARRERA 43A CON TRANSVERSAL 27A SUR;;VILLA GRANDE;6.179143934829045, -75.58372781265477;CHOQUE;VEHICULO;NO REPORTADO;NO REPORTA;Normal;No mantener distancia de seguridad
2240045;17/01/2024;8:55:00 a. m.;Miércoles;2024;Enero;MOTOCICLETA;PARTICULAR;Motociclista;33;MASCULINO;HERIDOS;0;0;0;;CARRERA 50 CON CALLE 26 SUR 50;;LAS VEGAS;6.184742984564054, -75.58719970415268;CHOQUE;VEHICULO;NO REPORTADO;NO REPORTA;Normal;Adelantar cerrando
2240045;17/01/2024;8:55:00 a. m.;Miércoles;2024;Enero;MOTOCICLETA;PARTICULAR;Motociclista;33;FEMENINO;HERIDOS;0;0;0;;CARRERA 50 CON CALLE 26 SUR 50;;LAS VEGAS;6.184742984564054, -75.58719970415268;CHOQUE;VEHICULO;NO REPORTADO;NO REPORTA;Normal;Adelantar cerrando
2240046;17/01/2024;6:50:00 a. m.;Miércoles;2024;Enero;MOTOCICLETA;PARTICULAR;Motociclista;27;MASCULINO;HERIDOS;0;0;0;;CARRERA 48 CON CALLE 38 SUR;;LAS VEGAS;6.1728750073445156, -75.59282694398259;CHOQUE;VEHICULO;NO REPORTADO;NO REPORTA;Normal;Adelantar invadiendo carril del mismo sentido en zigzag
2240047;18/01/2024;7:00:00 p. m.;Jueves;2024;Enero;MOTOCICLETA;PARTICULAR;Motociclista;36;FEMENINO;HERIDOS;0;0;0;;CALLE 40 SUR CON CARRERA 25AB 46;;LA MINA;6.156711461725788, -75.58060104900082;CHOQUE;VEHICULO;NO REPORTADO;NO REPORTA;Normal;Desobedecer señales
2240048;18/01/2024;2:00:00 p. m.;Jueves;2024;Enero;MOTOCICLETA;PARTICULAR;Acompañante;41;MASCULINO;HERIDOS;0;0;0;;CARRERA 43A CON CALLE 29A SUR;;JARDINES;6.177770620684021, -75.58477052143341;CHOQUE;OBJETO FIJO;OTRO TIPO;NO REPORTA;Normal;Impericia en el manejo
2240049;19/01/2024;6:50:00 p. m.;Viernes;2024;Enero;MOTOCICLETA;PARTICULAR;Acompañante;25;FEMENINO;HERIDOS;0;0;0;;CARRERA 43A POR CALLE 49D SUR;;LOMA DEL BARRO;6.1607847175361705, -75.6006385048819;CHOQUE;VEHICULO;NO REPORTADO;NO REPORTA;Normal;Transitar en contravia
2240053;19/01/2024;5:05:00 a. m.;Viernes;2024;Enero;BICICLETA;;Ciclista;32;FEMENINO;HERIDOS;0;0;0;;CARRERA 42 CON CALLE 41B SUR;;EL DORADO;6.165493290925248, -75.59161313612334;CHOQUE;VEHICULO;NO REPORTADO;NO REPORTA;Normal;Impericia en el manejo
2240054;19/01/2024;5:40:00 p. m.;Viernes;2024;Enero;AUTOMOVIL;PARTICULAR;Conductor;29;FEMENINO;HERIDOS;0;0;0;;CARRERA 48 CON CALLE 50 SUR;;LAS VEGAS;6.162072458716961, -75.60353659646475;CHOQUE;VEHICULO;NO REPORTADO;NO REPORTA;Normal;No mantener distancia de seguridad
2240055;20/01/2024;10:45:00 a. m.;Sábado;2024;Enero;MOTOCICLETA;PARTICULAR;Motociclista;27;MASCULINO;HERIDOS;0;0;0;;CARRERA 50 CON CALLE 25 SUR;;LAS VEGAS;6.186957, -75.584471;CHOQUE;VEHICULO;NO REPORTADO;NO REPORTA;Normal;Girar bruscamente
2240050;21/01/2024;5:25:00 p. m.;Domingo;2024;Enero;MOTOCICLETA;PARTICULAR;Motociclista;36;MASCULINO;HERIDOS;0;0;0;;CARRERA 43A CON CALLE 37 SUR;;SAN MARCOS;6.171156877675806, -75.58832689943017;CHOQUE;VEHICULO;NO REPORTADO;NO REPORTA;Normal;Desobedecer señales
2240051;21/01/2024;4:20:00 a. m.;Domingo;2024;Enero;MOTOCICLETA;PARTICULAR;Acompañante;28;FEMENINO;HERIDOS;1;0;2;120;CARRERA 50 CON CALLE 26 SUR 150;;LAS VEGAS;6.184383660400679, -75.58762282262136;CHOQUE;OBJETO FIJO;OTRO TIPO;NO REPORTA;Normal;Embriaguez o droga