NRO_RADICADO;FECHA_ACCIDENTE;HORA_ACCIDENTE;Día de la semana;AÑO;MES;CLASE_VEHICULO;TIPO_SERVICIO;TIPO_VICTIMA;EDAD;GENERO;GRAVEDAD;ESTADO_BEODEZ;ESTADO_DROGA;RESULTADO_BEODEZ;RESUL_BEODEZ_GRAMOS;DIRECCION_CARACT_VIA;TRAMO_VIA;LOCALIDAD_O_COMUNA;    GEORREFERENCIACIÓN;DESC_CLASE_ACCIDENTE;DESC_CHOQUE_ACCIDENTE;DESC_OBJETO_FIJO;DESC_SECTOR_ACCIDENTE;CONDICION_CLIMATICA;CAUSA_ACCIDENTE
2240051;21/01/2024;4:20:00 a. m.;Domingo;2024;Enero;MOTOCICLETA;PARTICULAR;Motociclista;30;MASCULINO;HERIDOS;1;0;2;120;CARRERA 50 CON CALLE 26 SUR 150;;LAS VEGAS;6.184383660400679, -75.58762282262136;CHOQUE;OBJETO FIJO;OTRO TIPO;NO REPORTA;Normal;Embriaguez o droga
2240052;21/01/2024;10:50:00 a. m.;Domingo;2024;Enero;AUTOMOVIL;PARTICULAR;Peaton;71;FEMENINO;HERIDOS;0;0;0;;CARRERA 48 CON CALLE 34 SUR;;LAS VEGAS;6.175553163814159, -75.59100803476572;ATROPELLO;NO REPORTADO;NO REPORTADO;NO REPORTA;Normal;Reverso imprudente
2240056;21/01/2024;11:25:00 a. m.;Domingo;2024;Enero;MOTOCICLETA;PARTICULAR;Motociclista;26;MASCULINO;HERIDOS;0;0;0;;CARRERA 48 CON CALLE 39 SUR;;LAS VEGAS;6.172028359973056, -75.59370890556258;CHOQUE;VEHICULO;NO REPORTADO;NO REPORTA;Normal;Girar bruscamente
2240057;21/01/2024;2:56:00 p. m.;Domingo;2024;Enero;MOTOCICLETA;PARTICULAR;Motociclista;35;MASCULINO;HERIDOS;0;0;0;;CALLE 37 SUR CON CARRERA 48;;LAS VEGAS;6.173643245908734, -75.59239554469394;CHOQUE;VEHICULO;NO REPORTADO;NO REPORTA;Normal;Impericia en el manejo
2240058;22/01/2024;2:47:00 p. m.;Lunes;2024;Enero;MOTOCICLETA;PARTICULAR;Motociclista;20;MASCULINO;HERIDOS;0;0;0;;DIAGONAL 31C VON TRANSVERSAL 34D SUR;;LA SEBASTIANA;6.171920349660228, -75.58006277408342;CHOQUE;VEHICULO;NO REPORTADO;NO REPORTA;Normal;No mantener distancia de seguridad
2240059;22/01/2024;10:13:00 p. m.;Lunes;2024;Enero;BICICLETA;;Acompañante;18;MASCULINO;HERIDOS;0;0;0;;CALLE 38A SUR CON CARRERA 46-02;;ALCALA;6.171346541076142, -75.59162675665982;CAIDA OCUPANTE;NO REPORTADO;NO REPORTADO;NO REPORTA;Normal;Trasportar otras personas o cosas
2240060;22/01/2024;4:50:00 p. m.;Lunes;2024;Enero;MOTOCICLETA;PARTICULAR;Motociclista;48;FEMENINO;HERIDOS;0;0;0;;CARRERA 48 CON CALLE 48C SUR;;LAS VEGAS;6.163982064110434, -75.60178577672762;CHOQUE;VEHICULO;NO REPORTADO;NO REPORTA;Normal;Desobedecer señales
2240061;22/01/2024;6:30:00 a. m.;Lunes;2024;Enero;BICICLETA;;Ciclista;50;MASCULINO;HERIDOS;0;0;0;;CALLE 38 SUR CON CARRERA 40 - 17;;ZONA CENTRO;6.1688177907698245, -75.58609344907671;CHOQUE;OBJETO FIJO;VEHICULO ESTACIONADO;NO REPORTA;Normal;Otra-Pasajero-Acompañante
2240062;22/01/2024;7:15:00 a. m.;Lunes;2024;Enero;MOTOCICLETA;PARTICULAR;Motociclista;18;MASCULINO;HERIDOS;0;0;0;;KILOMETRO 6 + 760;retiro varia palmas enviga (km 5+43 - km 14+ 550);VEREDA PANTANILLO;6.168702463229672, -75.48806421720091;CHOQUE;VEHICULO;NO REPORTADO;NO REPORTA;Normal;No mantener distancia de seguridad
2240063;22/01/2024;4:46:00 p. m.;Lunes;2024;Enero;MOTOCICLETA;PARTICULAR;Motociclista;26;MASCULINO;HERIDOS;0;0;0;;CALLE 23 SUR CON CARRERA 23A;;VEREDA SANTA CATALINA;6.170506193671838, -75.56111761660775;CHOQUE;VEHICULO;NO REPORTADO;NO REPORTA;Normal;Transitar en contravia
2240064;23/01/2024;6:30:00 p. m.;Martes;2024;Enero;MOTOCICLETA;PARTICULAR;Motociclista;25;MASCULINO;HERIDOS;0;0;0;;CARRERA 27 CON CALLE 36 SUR;;LA INMACULADA;6.167015078453001, -75.56942680468548;CHOQUE;VEHICULO;NO REPORTADO;NO REPORTA;Normal;No mantener distancia de seguridad
2240065;23/01/2024;10:19:00 p. m.;Martes;2024;Enero;MOTOCICLETA;PARTICULAR;Motociclista;30;MASCULINO;HERIDOS;0;0;0;;CARRERA 50 CON CALLE 46A SUR 16;;LAS VEGAS;6.167561439729061, -75.60234817564965;CHOQUE;VEHICULO;NO REPORTADO;NO REPORTA;Normal;Girar bruscamente
2240065;23/01/2024;10:19:00 p. m.;Martes;2024;Enero;MOTOCICLETA;PARTICULAR;Acompañante;25;FEMENINO;HERIDOS;0;0;0;;CARRERA 50 CON CALLE 46A SUR 16;;LAS VEGAS;6.167561439729061, -75.60234817564965;CHOQUE;VEHICULO;NO REPORTADO;NO REPORTA;Normal;Girar bruscamente
2240066;23/01/2024;6:30:00 a. m.;Martes;2024;Enero;MOTOCICLETA;PARTICULAR;Motociclista;32;MASCULINO;HERIDOS;0;0;0;;KILOMETRO 7 + 430 VARIANTE;retiro varia palmas enviga (km 5+43 - km 14+ 550);VEREDA PANTANILLO;6.173734576049905, -75.4918752531438;CHOQUE;VEHICULO;NO REPORTADO;NO REPORTA;Normal;Desobedecer señales
2240069;23/01/2024;4:30:00 p. m.;Martes;2024;Enero;MOTOCICLETA;PARTICULAR;Motociclista;33;MASCULINO;HERIDOS;0;0;0;;CARRERA 43 A CON CALLE 49 SUR;;LAS CASITAS;6.16093390552665, -75.60021457223021;CHOQUE;VEHICULO;NO REPORTADO;NO REPORTA;Normal;Desobedecer señales
2240067;24/01/2024;6:10:00 p. m.;Miércoles;2024;Enero;MOTOCICLETA;PARTICULAR;Motociclista;66;MASCULINO;HERIDOS;0;0;0;;CALLE 36D SUR CON CARRERA 26A 31;;EL CHOCHO;6.161517300478837, -75.56904212918965;CAIDA OCUPANTE;NO REPORTADO;NO REPORTADO;NO REPORTA;Normal;Fallas en los frenos
2240068;24/01/2024;2:15:00 p. m.;Miércoles;2024;Enero;MOTOCICLETA;PARTICULAR;Motociclista;20;MASCULINO;HERIDOS;0;0;0;;CARRERA 50 CON CALLE 39 SUR;;LAS VEGAS;6.173831, -75.597143;CHOQUE;VEHICULO;NO REPORTADO;NO REPORTA;Normal;No mantener distancia de seguridad
2240070;24/01/2024;1:50:00 p. m.;Miércoles;2024;Enero;MOTOCICLETA;PARTICULAR;Motociclista;20;MASCULINO;HERIDOS;0;0;0;;CALLE 37SUR FRENTE AL # 27-90;;VEREDA EL ESCOBERO;6.160026542344711, -75.57138532172759;CHOQUE;VEHICULO;NO REPORTADO;NO REPORTA;Normal;Desobedecer señales
2240071;24/01/2024;10:40:00 a. m.;Miércoles;2024;Enero;AUTOMOVIL;PUBLICO;Pasajero;39;FEMENINO;HERIDOS;0;0;0;;DIAGONAL 31 CALLE 37SUR;;LA PRADERA;6.165956143132759, -75.58029121946991;CHOQUE;VEHICULO;NO REPORTADO;NO REPORTA;Normal;Desobedecer señales
2240072;25/01/2024;7:24:00 a. m.;Jueves;2024;Enero;MOTOCICLETA;PARTICULAR;Motociclista;25;FEMENINO;HERIDOS;0;0;0;;CALLE 47SUR CARRERA 39D;;EL TRIANON;6.158656886993334, -75.5938336007646;CHOQUE;VEHICULO;NO REPORTADO;NO REPORTA;Normal;No mantener distancia de seguridad
2240073;25/01/2024;11:32:00 p. m.;Jueves;2024;Enero;MOTOCICLETA;PARTICULAR;Acompañante;22;FEMENINO;HERIDOS;0;0;0;;KILOMETRO 4;el escobero - km 0-13);VEREDA EL ESCOBERO;6.129619438967578, -75.5508207733991;CHOQUE;VEHICULO;NO REPORTADO;NO REPORTA;Normal;Impericia en el manejo
2240073;25/01/2024;11:32:00 p. m.;Jueves;2024;Enero;MOTOCICLETA;PARTICULAR;Motociclista;24;MASCULINO;HERIDOS;0;0;0;;KILOMETRO 4;el escobero - km 0-13);VEREDA EL ESCOBERO;6.129619438967578, -75.5508207733991;CHOQUE;VEHICULO;NO REPORTADO;NO REPORTA;Normal;Impericia en el manejo
2240074;25/01/2024;7:15:00 a. m.;Jueves;2024;Enero;MOTOCICLETA;PARTICULAR;Acompañante;24;FEMENINO;HERIDOS;0;0;0;;CARRERA 49 FRENTE AL # 39SUR-100;;LAS VEGAS;6.173110809929604, -75.59785143873859;CHOQUE;OBJETO FIJO;VEHICULO ESTACIONADO;NO REPORTA;Normal;Transitar entre vehiculos
2240074;25/01/2024;7:15:00 a. m.;Jueves;2024;Enero;MOTOCICLETA;PARTICULAR;Motociclista;25;MASCULINO;HERIDOS;0;0;0;;CARRERA 49 FRENTE AL # 39SUR-100;;LAS VEGAS;6.173110809929604, -75.59785143873859;CHOQUE;OBJETO FIJO;VEHICULO ESTACIONADO;NO REPORTA;Normal;Transitar entre vehiculos
2240076;26/01/2024;12:10:00 p. m.;Viernes;2024;Enero;MOTOCICLETA;PARTICULAR;Peaton;38;MASCULINO;HERIDOS;0;0;0;;CARRERA 48 ENTRE CALLE 30SUR y CALLE 32BSUR;;LAS VEGAS;6.178515191264123, -75.58914818543687;ATROPELLO;NO REPORTADO;NO REPORTADO;NO REPORTA;Normal;Cruzar sin observar
2240076;26/01/2024;12:10:00 p. m.;Viernes;2024;Enero;MOTOCICLETA;PARTICULAR;Motociclista;32;MASCULINO;HERIDOS;0;0;0;;CARRERA 48 ENTRE CALLE 30SUR y CALLE 32BSUR;;LAS VEGAS;6.178515191264123, -75.58914818543687;ATROPELLO;NO REPORTADO;NO REPORTADO;NO REPORTA;Normal;Cruzar sin observar
2240077;26/01/2024;1:49:00 p. m.;Viernes;2024;Enero;BUS;PUBLICO;Peaton;92;MASCULINO;HERIDOS;0;0;0;;CALLE 37SUR TRANSVERSAL 35DSUR;;LOS NARANJOS;6.167635575942192, -75.58274663392723;ATROPELLO;NO REPORTADO;NO REPORTADO;NO REPORTA;Normal;Desobedecer señales
2240078;26/01/2024;4:45:00 p. m.;Viernes;2024;Enero;MOTOCICLETA;PARTICULAR;Motociclista;24;MASCULINO;HERIDOS;0;0;0;;KILOMETRO 9+870;retiro varia palmas enviga (km 5+43 - km 14+ 550);VEREDA PANTANILLO;6.1618811418440815, -75.50355188258173;CHOQUE;VEHICULO;NO REPORTADO;NO REPORTA;Normal;Desobedecer señales
2240079;26/01/2024;12:29:00 p. m.;Viernes;2024;Enero;MOTOCICLETA;PARTICULAR;Acompañante;22;FEMENINO;HERIDOS;0;0;0;;CARRERA 48 CALLE 40 SUR;;LAS VEGAS;6.170156055221228, -75.59573852798471;CHOQUE;VEHICULO;NO REPORTADO;NO REPORTA;Normal;No mantener distancia de seguridad
2240079;26/01/2024;12:29:00 p. m.;Viernes;2024;Enero;MOTOCICLETA;PARTICULAR;Motociclista;21;FEMENINO;HERIDOS;0;0;0;;CARRERA 48 CALLE 40 SUR;;LAS VEGAS;6.170156055221228, -75.59573852798471;CHOQUE;VEHICULO;NO REPORTADO;NO REPORTA;Normal;No mantener distancia de seguridad
2240080;26/01/2024;5:50:00 p. m.;Viernes;2024;Enero;MOTOCICLETA;PARTICULAR;Motociclista;30;FEMENINO;HERIDOS;0;0;0;;CALLE 36DSUR FRENTE AL # 27A-205;;LA PRADERA;6.163109056586064, -75.5720638665753;CHOQUE;VEHICULO;NO REPORTADO;NO REPORTA;Normal;No respetar prelacion
2240081;27/01/2024;8:34:00 p. m.;Sábado;2024;Enero;MOTOCICLETA;PARTICULAR;Motociclista;34;FEMENINO;HERIDOS;0;0;0;;CALLE 32SUR CARRERA 43;;ZONA CENTRO;6.174760225041155, -75.5853637983005;CHOQUE;VEHICULO;NO REPORTADO;NO REPORTA;Normal;Semaforo en rojo
2240082;27/01/2024;6:15:00 p. m.;Sábado;2024;Enero;MOTOCICLETA;PARTICULAR;Acompañante;29;MASCULINO;HERIDOS;0;0;0;;CARRERA 27D ENTRE CALLE 36CSUR y CALLE 36DSUR;;LA PRADERA;6.164888796995759, -75.57447765282761;CHOQUE;OBJETO FIJO;MURO;NO REPORTA;Normal;Impericia en el manejo
2240082;27/01/2024;6:15:00 p. m.;Sábado;2024;Enero;MOTOCICLETA;PARTICULAR;Motociclista;38;MASCULINO;HERIDOS;0;0;0;;CARRERA 27D ENTRE CALLE 36CSUR y CALLE 36DSUR;;LA PRADERA;6.164888796995759, -75.57447765282761;CHOQUE;OBJETO FIJO;MURO;NO REPORTA;Normal;Impericia en el manejo
2240083;27/01/2024;5:25:00 p. m.;Sábado;2024;Enero;MOTOCICLETA;PARTICULAR;Motociclista;35;MASCULINO;HERIDOS;0;0;0;;CALLE 25SUR FRENTE AL # 46-221;;BOSQUES DE ZUÑIGA;6.184633711752156, -75.58255986749427;VOLCAMIENTO;NO REPORTADO;NO REPORTADO;NO REPORTA;Normal;Adelantar cerrando  -  Adelantar invadiendo carril del mismo sentido en zigzag
2240083;27/01/2024;5:25:00 p. m.;Sábado;2024;Enero;MOTOCICLETA;PARTICULAR;Acompañante;27;FEMENINO;HERIDOS;0;0;0;;CALLE 25SUR FRENTE AL # 46-221;;BOSQUES DE ZUÑIGA;6.184633711752156, -75.58255986749427;VOLCAMIENTO;NO REPORTADO;NO REPORTADO;NO REPORTA;Normal;Adelantar cerrando  -  Adelantar invadiendo carril del mismo sentido en zigzag
2240084;27/01/2024;2:40:00 a. m.;Sábado;2024;Enero;AUTOMOVIL;PARTICULAR;Acompañante;29;FEMENINO;HERIDOS;0;0;0;;CALLE 37BSUR FRENTE AL # 27B-125;;LOMA DE LAS BRUJAS;6.162585378030988, -75.57693451278665;CHOQUE;VEHICULO;NO REPORTADO;NO REPORTA;Normal;Desobedecer señales  -  Embriaguez o droga
2240085;27/01/2024;5:45:00 a. m.;Sábado;2024;Enero;BICICLETA;;Acompañante;17;FEMENINO;HERIDOS;0;0;0;;CARRERA 24B FRENTE AL # 40ASUR-52;;LA MINA;6.151425139779995, -75.58172987274735;CHOQUE;OBJETO FIJO;VEHICULO ESTACIONADO;NO REPORTA;Normal;Embriaguez aparente
2240085;27/01/2024;5:45:00 a. m.;Sábado;2024;Enero;BICICLETA;;Acompañante;18;MASCULINO;HERIDOS;0;0;0;;CARRERA 24B FRENTE AL # 40ASUR-52;;LA MINA;6.151425139779995, -75.58172987274735;CHOQUE;OBJETO FIJO;VEHICULO ESTACIONADO;NO REPORTA;Normal;Embriaguez aparente
2240085;27/01/2024;5:45:00 a. m.;Sábado;2024;Enero;BICICLETA;;Ciclista;19;MASCULINO;HERIDOS;0;0;0;;CARRERA 24B FRENTE AL # 40ASUR-52;;LA MINA;6.151425139779995, -75.58172987274735;CHOQUE;OBJETO FIJO;VEHICULO ESTACIONADO;NO REPORTA;Normal;Embriaguez aparente
2240086;27/01/2024;12:21:00 p. m.;Sábado;2024;Enero;MOTOCICLETA;PARTICULAR;Acompañante;20;FEMENINO;HERIDOS;0;0;0;;CARRERA 48 CALLE 43SUR;;LAS VEGAS;6.168402612633941, -75.59721976638771;CHOQUE;VEHICULO;NO REPORTADO;NO REPORTA;Normal;Adelantar invadiendo carril del mismo sentido en zigzag
2240087;27/01/2024;10:30:00 a. m.;Sábado;2024;Enero;MOTOCICLETA;PARTICULAR;Motociclista;27;MASCULINO;HERIDOS;0;0;0;;KILOMETRO 10+600;retiro varia palmas enviga (km 5+43 - km 14+ 550);VEREDA PANTANILLO;6.160952277833796, -75.50865134385602;CHOQUE;VEHICULO;NO REPORTADO;NO REPORTA;Normal;Desobedecer señales
2240087;27/01/2024;10:30:00 a. m.;Sábado;2024;Enero;MOTOCICLETA;PARTICULAR;Acompañante;47;FEMENINO;HERIDOS;0;0;0;;KILOMETRO 10+600;retiro varia palmas enviga (km 5+43 - km 14+ 550);VEREDA PANTANILLO;6.160952277833796, -75.50865134385602;CHOQUE;VEHICULO;NO REPORTADO;NO REPORTA;Normal;Desobedecer señales
2240088;28/01/2024;7:38:00 a. m.;Domingo;2024;Enero;MOTOCICLETA;PARTICULAR;Motociclista;23;MASCULINO;HERIDOS;0;0;0;;KILOMETRO 0+80;el escobero - km 0-13);VEREDA EL ESCOBERO;6.153170328948679, -75.56359163244173;CHOQUE;VEHICULO;NO REPORTADO;NO REPORTA;Normal;Transitar en contravia
2240089;28/01/2024;9:50:00 p. m.;Domingo;2024;Enero;MOTOCICLETA;PARTICULAR;Motociclista;20;MASCULINO;HERIDOS;0;0;0;;KILOMETRO 12+900;medellín palmas envigado (km 12 - km 16+700);VEREDA PALMAS;6.166713137199221, -75.54499364563978;ATROPELLO;NO REPORTADO;NO REPORTADO;NO REPORTA;Normal;Cruzar sin observar  -  Transitar por la calzada
2240089;28/01/2024;9:50:00 p. m.;Domingo;2024;Enero;MOTOCICLETA;PARTICULAR;Peaton;45;FEMENINO;HERIDOS;0;0;0;;KILOMETRO 12+900;medellín palmas envigado (km 12 - km 16+700);VEREDA PALMAS;6.166713137199221, -75.54499364563978;ATROPELLO;NO REPORTADO;NO REPORTADO;NO REPORTA;Normal;Cruzar sin observar  -  Transitar por la calzada
2240090;28/01/2024;5:10:00 p. m.;Domingo;2024;Enero;MOTOCICLETA;PARTICULAR;Motociclista;19;MASCULINO;HERIDOS;0;0;0;;TRANSVERSAL 32ASUR DIAGONAL 32D;;LA MAGNOLIA;6.1750944105906145, -75.58407860322694;CHOQUE;VEHICULO;NO REPORTADO;NO REPORTA;Normal;Desobedecer señales
2240091;28/01/2024;9:50:00 a. m.;Domingo;2024;Enero;MOTOCICLETA;PARTICULAR;Motociclista;25;MASCULINO;HERIDOS;0;0;0;;CALLE 39SUR FRENTE AL # 28-06;;EL CHINGUÍ;6.161152190214394, -75.57992775797061;CAIDA OCUPANTE;NO REPORTADO;NO REPORTADO;NO REPORTA;Normal;Superficie lisa
2240091;28/01/2024;9:50:00 a. m.;Domingo;2024;Enero;MOTOCICLETA;PARTICULAR;Acompañante;28;MASCULINO;HERIDOS;0;0;0;;CALLE 39SUR FRENTE AL # 28-06;;EL CHINGUÍ;6.161152190214394, -75.57992775797061;CAIDA OCUPANTE;NO REPORTADO;NO REPORTADO;NO REPORTA;Normal;Superficie lisa
2240092;29/01/2024;6:10:00 a. m.;Lunes;2024;Enero;BICICLETA;;Ciclista;52;MASCULINO;HERIDOS;0;0;0;;CARRERA 49 FRENTE AL # 39SUR-100;;LAS VEGAS;6.173110809929604, -75.59785143873859;CHOQUE;VEHICULO;NO REPORTADO;NO REPORTA;Normal;Otra-Conductor
2240093;30/01/2024;11:15:00 p. m.;Martes;2024;Enero;AUTOMOVIL;PARTICULAR;Acompañante;55;FEMENINO;HERIDOS;0;0;0;;CARRERA 27 ENTRE CALLE 35SUR y CALLE 36SUR;;EL CHOCHO;6.1672606991372945, -75.56918036441488;CHOQUE;VEHICULO;NO REPORTADO;NO REPORTA;Normal;Arrancar sin precaucion  -  Poner en marcha un vehiculo sin precauci
2240094;30/01/2024;6:20:00 a. m.;Martes;2024;Enero;MOTOCICLETA;PARTICULAR;Motociclista;65;MASCULINO;HERIDOS;0;0;0;;DIAGONAL 29 FRENTE AL #32ASUR-19;;URIBE ANGEL;6.1745649288591675, -75.57765915223975;CAIDA OCUPANTE;NO REPORTADO;NO REPORTADO;NO REPORTA;Normal;Superficie lisa
2240094;30/01/2024;6:20:00 a. m.;Martes;2024;Enero;MOTOCICLETA;PARTICULAR;Acompañante;6;FEMENINO;HERIDOS;0;0;0;;DIAGONAL 29 FRENTE AL #32ASUR-19;;URIBE ANGEL;6.1745649288591675, -75.57765915223975;CAIDA OCUPANTE;NO REPORTADO;NO REPORTADO;NO REPORTA;Normal;Superficie lisa
2240095;30/01/2024;12:20:00 p. m.;Martes;2024;Enero;MOTOCICLETA;PARTICULAR;Motociclista;37;MASCULINO;HERIDOS;0;0;0;;CARRERA 48 CALLE 40 SUR;;LAS VEGAS;6.170032850709853, -75.59561935239829;CHOQUE;VEHICULO;NO REPORTADO;RESIDENCIAL;Normal;Semaforo en rojo
2240095;30/01/2024;12:20:00 p. m.;Martes;2024;Enero;MOTOCICLETA;PARTICULAR;Motociclista;27;MASCULINO;HERIDOS;0;0;0;;CARRERA 48 CALLE 40 SUR;;LAS VEGAS;6.170032850709853, -75.59561935239829;CHOQUE;VEHICULO;NO REPORTADO;RESIDENCIAL;Normal;Semaforo en rojo
2240096;31/01/2024;6:58:00 a. m.;Miércoles;2024;Enero;MOTOCICLETA;PARTICULAR;Motociclista;31;MASCULINO;HERIDOS;0;0;0;;KILOMETRO 11+780;medellín palmas envigado (km 12 - km 16+700);VEREDA PALMAS;6.1597027595276606, -75.51597147472552;CHOQUE;VEHICULO;NO REPORTADO;;Normal;No mantener distancia de seguridad
2240097;31/01/2024;9:50:00 a. m.;Miércoles;2024;Enero;MOTOCICLETA;PARTICULAR;Acompañante;67;MASCULINO;HERIDOS;0;0;0;;CARRERA 48 CALLE 40 SUR;;LAS VEGAS;6.16993618384938, -75.59571524136473;CHOQUE;VEHICULO;NO REPORTADO;RESIDENCIAL;Normal;Adelantar cerrando
2240097;31/01/2024;9:50:00 a. m.;Miércoles;2024;Enero;MOTOCICLETA;PARTICULAR;Motociclista;18;FEMENINO;HERIDOS;0;0;0;;CARRERA 48 CALLE 40 SUR;;LAS VEGAS;6.16993618384938, -75.59571524136473;CHOQUE;VEHICULO;NO REPORTADO;RESIDENCIAL;Normal;Adelantar cerrando
2240098;31/01/2024;4:10:00 p. m.;Miércoles;2024;Enero;AUTOMOVIL;PUBLICO;Conductor;50;MASCULINO;HERIDOS;0;0;0;;KILOMETRO 15+400;medellín palmas envigado (km 12 - km 16+700);VEREDA PALMAS;6.153834865975618, -75.54338040745964;CHOQUE;VEHICULO;NO REPORTADO;;Normal;Desobedecer señales
2240099;31/01/2024;7:30:00 a. m.;Miércoles;2024;Enero;MOTOCICLETA;PARTICULAR;Motociclista;45;MASCULINO;HERIDOS;0;0;0;;KILOMETRO 11+001;medellín palmas envigado (km 12 - km 16+700);VEREDA PALMAS;6.159447701905074, -75.51641888295283;CHOQUE;VEHICULO;NO REPORTADO;;Normal;Adelantar invadiendo carril de sentido contrario  -  Girar bruscamente
2240105;1/02/2024;11:40:00 a. m.;Jueves;2024;Febrero;CAMIONETA;PARTICULAR;Acompañante;33;FEMENINO;HERIDOS;0;0;0;;CARRERA 48 CALLE 40SUR;;LAS VEGAS;6.169985393957041, -75.59565270185556;CHOQUE;VEHICULO;NO REPORTADO;RESIDENCIAL;Normal;Impericia en el manejo
2240106;1/02/2024;1:00:00 p. m.;Jueves;2024;Febrero;CAMIONETA;PARTICULAR;Conductor;69;FEMENINO;HERIDOS;0;0;0;;CALLE 21SUR CARRERA 44;;BOSQUES DE ZUÑIGA;6.1844376879998, -75.58014475753617;CHOQUE;VEHICULO;NO REPORTADO;RESIDENCIAL;Normal;No mantener distancia de seguridad
2240107;1/02/2024;11:55:00 a. m.;Jueves;2024;Febrero;MOTOCICLETA;PARTICULAR;Motociclista;29;MASCULINO;HERIDOS;0;0;0;;KILOMETRO 12;retiro varia palmas enviga (km 5+43 - km 14+ 550);VEREDA PALMAS;6.174136593152702, -75.54642454774739;CHOQUE;VEHICULO;NO REPORTADO;;Lluvia;Impericia en el manejo  -  Superficie humeda
2240108;1/02/2024;9:40:00 a. m.;Jueves;2024;Febrero;MOTOCICLETA;PARTICULAR;Motociclista;34;MASCULINO;HERIDOS;0;0;0;;CARRERA 50 CLL 32BSUR y CALLE 33SUR;;LAS VEGAS;6.177878080191176, -75.59238766736608;CHOQUE;VEHICULO;NO REPORTADO;RESIDENCIAL;Normal;Desobedecer señales
2240100;2/02/2024;10:30:00 a. m.;Viernes;2024;Febrero;MOTOCICLETA;PARTICULAR;Acompañante;16;MASCULINO;HERIDOS;0;0;0;;CARRERA 50 FRENTE AL # 32B SUR 15;;LAS VEGAS;6.178037896198591, -75.59210621244013;CAIDA OCUPANTE;NO REPORTADO;NO REPORTADO;RESIDENCIAL;Normal;Fallas en las llantas
2240102;2/02/2024;5:45:00 p. m.;Viernes;2024;Febrero;BICICLETA;;Ciclista;33;FEMENINO;HERIDOS;0;0;0;;CARRERA 48 FRENTE AL # 23BSUR-86;;LAS VEGAS;6.17591472525098, -75.59068945039365;OTRO;NO REPORTADO;NO REPORTADO;RESIDENCIAL;Normal;No hacer uso de señales reflectivas o luminosas  -  No respetar prelacion
2240109;2/02/2024;4:15:00 p. m.;Viernes;2024;Febrero;MOTOCICLETA;PARTICULAR;Motociclista;37;MASCULINO;HERIDOS;0;0;0;;KILOMETRO 11+740;retiro varia palmas enviga (km 5+43 - km 14+ 550);VEREDA PALMAS;6.160054793046469, -75.51570871092513;CHOQUE;VEHICULO;NO REPORTADO;;Normal;Desobedecer señales
2240110;2/02/2024;12:24:00 a. m.;Viernes;2024;Febrero;MOTOCICLETA;PARTICULAR;Motociclista;20;MASCULINO;HERIDOS;0;0;0;;TRANSVERSAL 27ASUR CARRERA 42B;;PONTE VEDRA;6.178023674394221, -75.58227858248436;CHOQUE;VEHICULO;NO REPORTADO;RESIDENCIAL;Normal;Ausencia o deficencia en demarcacion  -  Desobedecer señales
2240111;2/02/2024;7:03:00 p. m.;Viernes;2024;Febrero;MOTOCICLETA;PARTICULAR;Motociclista;27;MASCULINO;HERIDOS;0;0;0;;CARRERA 48 CLL 30 SUR;;LAS VEGAS;6.179526830060964, -75.5882443196007;CHOQUE;VEHICULO;NO REPORTADO;RESIDENCIAL;Normal;Otra-Conductor
2240111;2/02/2024;7:03:00 p. m.;Viernes;2024;Febrero;MOTOCICLETA;PARTICULAR;Motociclista;22;MASCULINO;HERIDOS;0;0;0;;CARRERA 48 CLL 30 SUR;;LAS VEGAS;6.179526830060964, -75.5882443196007;CHOQUE;VEHICULO;NO REPORTADO;RESIDENCIAL;Normal;Otra-Conductor
2240114;2/02/2024;6:50:00 p. m.;Viernes;2024;Febrero;MOTOCICLETA;PARTICULAR;Peaton;51;MASCULINO;HERIDOS;0;0;0;;DIAGONAL 40 FRENTE AL # 33SUR-20;;ZONA CENTRO;6.172817295188951, -75.58550886302292;ATROPELLO;NO REPORTADO;NO REPORTADO;RESIDENCIAL;Normal;Desobedecer señales  -  Transitar por vias prohibidas
2240122;2/02/2024;7:35:00 a. m.;Viernes;2024;Febrero;MOTOCICLETA;PARTICULAR;Motociclista;57;MASCULINO;HERIDOS;0;0;0;;kilometro 8+770;retiro varia palmas enviga (km 5+43 - km 14+ 550);VEREDA PALMAS;6.170752, -75.500305;CHOQUE;VEHICULO;NO REPORTADO;;Normal;Desobedecer señales
2240122;2/02/2024;7:35:00 a. m.;Viernes;2024;Febrero;MOTOCICLETA;PARTICULAR;Acompañante;28;FEMENINO;HERIDOS;0;0;0;;kilometro 8+770;retiro varia palmas enviga (km 5+43 - km 14+ 550);VEREDA PALMAS;6.170752, -75.500305;CHOQUE;VEHICULO;NO REPORTADO;;Normal;Desobedecer señales
2240101;3/02/2024;5:43:00 p. m.;Sábado;2024;Febrero;MOTOCICLETA;PARTICULAR;Acompañante;58;MASCULINO;HERIDOS;0;0;0;;CARRERA 43A CALLE 48CSUR 45;;PRIMAVERA;6.1643706388912385, -75.59577506644504;CHOQUE;VEHICULO;NO REPORTADO;RESIDENCIAL;Normal;Girar bruscamente