NRO_RADICADO;FECHA_ACCIDENTE;HORA_ACCIDENTE;Día de la semana;AÑO;MES;CLASE_VEHICULO;TIPO_SERVICIO;TIPO_VICTIMA;EDAD;GENERO;GRAVEDAD;ESTADO_BEODEZ;ESTADO_DROGA;RESULTADO_BEODEZ;RESUL_BEODEZ_GRAMOS;DIRECCION_CARACT_VIA;TRAMO_VIA;LOCALIDAD_O_COMUNA;    GEORREFERENCIACIÓN;DESC_CLASE_ACCIDENTE;DESC_CHOQUE_ACCIDENTE;DESC_OBJETO_FIJO;DESC_SECTOR_ACCIDENTE;CONDICION_CLIMATICA;CAUSA_ACCIDENTE
2240101;3/02/2024;5:43:00 p. m.;Sábado;2024;Febrero;MOTOCICLETA;PARTICULAR;Motociclista;49;FEMENINO;HERIDOS;0;0;0;;CARRERA 43A CALLE 48CSUR 45;;PRIMAVERA;6.1643706388912385, -75.59577506644504;CHOQUE;VEHICULO;NO REPORTADO;RESIDENCIAL;Normal;Girar bruscamente
2240103;4/02/2024;10:55:00 a. m.;Domingo;2024;Febrero;MOTOCICLETA;PARTICULAR;Acompañante;26;FEMENINO;HERIDOS;0;0;0;;CARRERA 50 FRENTE AL # 27ASUR-89;;LAS VEGAS;6.18289227532685, -75.58892573855664;CHOQUE;VEHICULO;NO REPORTADO;RESIDENCIAL;Normal;Desobedecer señales
2240103;4/02/2024;10:55:00 a. m.;Domingo;2024;Febrero;MOTOCICLETA;PARTICULAR;Motociclista;26;FEMENINO;HERIDOS;0;0;0;;CARRERA 50 FRENTE AL # 27ASUR-89;;LAS VEGAS;6.18289227532685, -75.58892573855664;CHOQUE;VEHICULO;NO REPORTADO;RESIDENCIAL;Normal;Desobedecer señales
2240104;4/02/2024;4:56:00 p. m.;Domingo;2024;Febrero;MOTOCICLETA;PARTICULAR;Acompañante;47;FEMENINO;MUERTOS;0;0;0;;CALLE 36DSUR FRENTEAL #26A-06;;VEREDA EL ESCOBERO;6.161547953662066, -75.56904050335262;CHOQUE;OBJETO FIJO;OTRO TIPO;RESIDENCIAL;Normal;Impericia en el manejo
2240104;4/02/2024;4:56:00 p. m.;Domingo;2024;Febrero;MOTOCICLETA;PARTICULAR;Motociclista;50;MASCULINO;HERIDOS;0;0;0;;CALLE 36DSUR FRENTEAL #26A-06;;VEREDA EL ESCOBERO;6.161547953662066, -75.56904050335262;CHOQUE;OBJETO FIJO;OTRO TIPO;RESIDENCIAL;Normal;Impericia en el manejo
2240112;4/02/2024;9:06:00 p. m.;Domingo;2024;Febrero;MOTOCICLETA;PARTICULAR;Motociclista;22;MASCULINO;HERIDOS;0;0;0;;CARRERA 48 ENTRE CALLE 29SUR y CLL 30SUR;;LAS VEGAS;6.179966154438463, -75.58803314759157;CAIDA OCUPANTE;NO REPORTADO;NO REPORTADO;RESIDENCIAL;Normal;Impericia en el manejo
2240112;4/02/2024;9:06:00 p. m.;Domingo;2024;Febrero;MOTOCICLETA;PARTICULAR;Acompañante;8;MASCULINO;HERIDOS;0;0;0;;CARRERA 48 ENTRE CALLE 29SUR y CLL 30SUR;;LAS VEGAS;6.179966154438463, -75.58803314759157;CAIDA OCUPANTE;NO REPORTADO;NO REPORTADO;RESIDENCIAL;Normal;Impericia en el manejo
2240113;4/02/2024;7:45:00 p. m.;Domingo;2024;Febrero;MOTOCICLETA;PARTICULAR;Acompañante;25;FEMENINO;HERIDOS;0;0;0;;CALLE 38SUR FRENTE AL #41-29;;ZONA CENTRO;6.16931790744545, -75.58682196521818;CHOQUE;VEHICULO;NO REPORTADO;RESIDENCIAL;Normal;Desobedecer señales
2240115;4/02/2024;6:00:00 p. m.;Domingo;2024;Febrero;MOTOCICLETA;PARTICULAR;Motociclista;20;MASCULINO;HERIDOS;0;0;0;;CARRERA 50 FRENTE AL # 39SUR-100;;LAS VEGAS;6.173303607160337, -75.59788796574267;CHOQUE;VEHICULO;NO REPORTADO;RESIDENCIAL;Normal;No mantener distancia de seguridad
2240115;4/02/2024;6:00:00 p. m.;Domingo;2024;Febrero;MOTOCICLETA;PARTICULAR;Acompañante;20;FEMENINO;HERIDOS;0;0;0;;CARRERA 50 FRENTE AL # 39SUR-100;;LAS VEGAS;6.173303607160337, -75.59788796574267;CHOQUE;VEHICULO;NO REPORTADO;RESIDENCIAL;Normal;No mantener distancia de seguridad
2240116;4/02/2024;12:30:00 p. m.;Domingo;2024;Febrero;CAMIONETA;PUBLICO;Peaton;38;MASCULINO;HERIDOS;0;0;0;;CARRERA 24G FRENTE AL # 39ASUR-20 INTERIOR 103;;EL CHINGUÍ;6.152066862531508, -75.57500058451171;ATROPELLO;NO REPORTADO;NO REPORTADO;RESIDENCIAL;Normal;Estacionar sin seguridad
2240117;5/02/2024;5:00:00 p. m.;Lunes;2024;Febrero;MOTOCICLETA;PARTICULAR;Motociclista;52;MASCULINO;HERIDOS;0;0;0;;CARRERA 50 CALLE 32B SUR;;LAS VEGAS;6.178263, -75.591897;CHOQUE;VEHICULO;NO REPORTADO;RESIDENCIAL;Normal;Adelantar cerrando
2240118;6/02/2024;10:00:00 p. m.;Martes;2024;Febrero;AUTOMOVIL;PARTICULAR;Conductor;23;MASCULINO;HERIDOS;0;0;0;;KILOMETRO 13+100;medellín palmas envigado (km 12 - km 16+700);VEREDA PALMAS;6.159653, -75.526802;CHOQUE;OBJETO FIJO;OTRO TIPO;;Normal;Superficie humeda
2240118;6/02/2024;10:00:00 p. m.;Martes;2024;Febrero;AUTOMOVIL;PARTICULAR;Acompañante;24;FEMENINO;HERIDOS;0;0;0;;KILOMETRO 13+100;medellín palmas envigado (km 12 - km 16+700);VEREDA PALMAS;6.159653, -75.526802;CHOQUE;OBJETO FIJO;OTRO TIPO;;Normal;Superficie humeda
2240119;6/02/2024;4:50:00 p. m.;Martes;2024;Febrero;MOTOCICLETA;PARTICULAR;Motociclista;25;MASCULINO;HERIDOS;0;0;0;;CARRERA 50 FRENTE AL # 39SUR-100;;LAS VEGAS;6.173303607160337, -75.59788796574267;CHOQUE;VEHICULO;NO REPORTADO;RESIDENCIAL;Normal;Adelantar invadiendo carril del mismo sentido en zigzag
2240119;6/02/2024;4:50:00 p. m.;Martes;2024;Febrero;MOTOCICLETA;PARTICULAR;Motociclista;36;MASCULINO;HERIDOS;0;0;0;;CARRERA 50 FRENTE AL # 39SUR-100;;LAS VEGAS;6.173303607160337, -75.59788796574267;CHOQUE;VEHICULO;NO REPORTADO;RESIDENCIAL;Normal;Adelantar invadiendo carril del mismo sentido en zigzag
2240120;6/02/2024;8:25:00 a. m.;Martes;2024;Febrero;AUTOMOVIL;PARTICULAR;Conductor;39;FEMENINO;HERIDOS;0;0;0;;CALLE 38SUR CARRERA 38;;ZONA CENTRO;6.167935122007172, -75.58473207183255;CHOQUE;VEHICULO;NO REPORTADO;RESIDENCIAL;Normal;Desobedecer señales
2240121;7/02/2024;4:10:00 p. m.;Miércoles;2024;Febrero;MOTOCICLETA;PARTICULAR;Motociclista;22;MASCULINO;HERIDOS;0;0;0;;TRANSVERSAL 34DSUR DIAGONAL 31F;;LOS NARANJOS;6.171831874427964, -75.58068416097791;CHOQUE;VEHICULO;NO REPORTADO;RESIDENCIAL;Normal;Adelantar por la derecha
2240121;7/02/2024;4:10:00 p. m.;Miércoles;2024;Febrero;MOTOCICLETA;PARTICULAR;Motociclista;19;MASCULINO;HERIDOS;0;0;0;;TRANSVERSAL 34DSUR DIAGONAL 31F;;LOS NARANJOS;6.171831874427964, -75.58068416097791;CHOQUE;VEHICULO;NO REPORTADO;RESIDENCIAL;Normal;Adelantar por la derecha
2240121;7/02/2024;4:10:00 p. m.;Miércoles;2024;Febrero;MOTOCICLETA;PARTICULAR;Acompañante;9;FEMENINO;HERIDOS;0;0;0;;TRANSVERSAL 34DSUR DIAGONAL 31F;;LOS NARANJOS;6.171831874427964, -75.58068416097791;CHOQUE;VEHICULO;NO REPORTADO;RESIDENCIAL;Normal;Adelantar por la derecha
2240123;7/02/2024;11:02:00 p. m.;Miércoles;2024;Febrero;MOTOCICLETA;;Peaton;61;MASCULINO;HERIDOS;0;0;0;;CALLE 25SUR CARRERA 44;;BOSQUES DE ZUÑIGA;6.182105297612097, -75.58152252371806;ATROPELLO;NO REPORTADO;NO REPORTADO;RESIDENCIAL;Normal;Otra-Peatón
2240124;7/02/2024;4:00:00 p. m.;Miércoles;2024;Febrero;MOTOCICLETA;PARTICULAR;Motociclista;44;MASCULINO;HERIDOS;0;0;0;;CALLE 36D SUR FRENTE AL #25A-71;;VEREDA EL ESCOBERO;6.158862834567705, -75.56662508423884;CHOQUE;VEHICULO;NO REPORTADO;RESIDENCIAL;Normal;No mantener distancia de seguridad
2240125;7/02/2024;5:50:00 p. m.;Miércoles;2024;Febrero;MOTOCICLETA;PARTICULAR;Motociclista;24;FEMENINO;HERIDOS;0;0;0;;CALLE 39BSUR CARRERA 32;;MESA;6.163878971407735, -75.58295802936195;CHOQUE;VEHICULO;NO REPORTADO;RESIDENCIAL;Normal;Desobedecer señales
2240126;8/02/2024;11:45:00 p. m.;Jueves;2024;Febrero;MOTOCICLETA;PARTICULAR;Motociclista;37;MASCULINO;HERIDOS;0;0;0;;CALLE 38SUR CARRERA 43A;;ZONA CENTRO;6.1704321937397495, -75.58864936438216;CHOQUE;VEHICULO;NO REPORTADO;RESIDENCIAL;Normal;Adelantar cerrando
2240126;8/02/2024;11:45:00 p. m.;Jueves;2024;Febrero;MOTOCICLETA;PARTICULAR;Motociclista;21;MASCULINO;HERIDOS;0;0;0;;CALLE 38SUR CARRERA 43A;;ZONA CENTRO;6.1704321937397495, -75.58864936438216;CHOQUE;VEHICULO;NO REPORTADO;RESIDENCIAL;Normal;Adelantar cerrando
2240127;8/02/2024;3:00:00 p. m.;Jueves;2024;Febrero;CAMIONETA;PUBLICO;Conductor;57;MASCULINO;HERIDOS;0;0;0;;KILOMETRO 7+790;peri;VEREDA PERICO;6.174686607224428, -75.49484407764221;CHOQUE;VEHICULO;NO REPORTADO;;Normal;Exeso en horas de conduccion
2240128;8/02/2024;8:40:00 a. m.;Jueves;2024;Febrero;CAMIONETA;PARTICULAR;Acompañante;24;FEMENINO;HERIDOS;0;0;0;;CARRERA 48 FRENTE AL # 46BSUR-150;;LAS VEGAS;6.165414903573506, -75.60016529280472;CHOQUE;VEHICULO;NO REPORTADO;RESIDENCIAL;Normal;No mantener distancia de seguridad
2240130;8/02/2024;11:50:00 a. m.;Jueves;2024;Febrero;MOTOCICLETA;PARTICULAR;Motociclista;60;MASCULINO;HERIDOS;0;0;0;;KILOMETRO 3+00;el escobero - km 0-13);VEREDA EL ESCOBERO;6.136405768942477, -75.55455028687997;CHOQUE;VEHICULO;NO REPORTADO;;Normal;Superficie humeda
2240130;8/02/2024;11:50:00 a. m.;Jueves;2024;Febrero;MOTOCICLETA;PARTICULAR;Motociclista;41;MASCULINO;HERIDOS;0;0;0;;KILOMETRO 3+00;el escobero - km 0-13);VEREDA EL ESCOBERO;6.136405768942477, -75.55455028687997;CHOQUE;VEHICULO;NO REPORTADO;;Normal;Superficie humeda
2240131;8/02/2024;12:45:00 p. m.;Jueves;2024;Febrero;MOTOCICLETA;PARTICULAR;Acompañante;27;MASCULINO;HERIDOS;0;0;0;;CALLE 36DSUR FRENTE AL # 25A-85;;VEREDA EL ESCOBERO;6.158862834567705, -75.56662508423884;CHOQUE;VEHICULO;NO REPORTADO;RESIDENCIAL;Normal;Impericia en el manejo
2240131;8/02/2024;12:45:00 p. m.;Jueves;2024;Febrero;MOTOCICLETA;PARTICULAR;Motociclista;30;MASCULINO;HERIDOS;0;0;0;;CALLE 36DSUR FRENTE AL # 25A-85;;VEREDA EL ESCOBERO;6.158862834567705, -75.56662508423884;CHOQUE;VEHICULO;NO REPORTADO;RESIDENCIAL;Normal;Impericia en el manejo
2240132;9/02/2024;10:40:00 p. m.;Viernes;2024;Febrero;MOTOCICLETA;PARTICULAR;Acompañante;22;FEMENINO;HERIDOS;0;0;0;;CALLE 40SUR FRENTE AL # 26A-16;;SAN JOSE;6.15795307380338, -75.58085743534416;CHOQUE;VEHICULO;NO REPORTADO;RESIDENCIAL;Normal;Transitar sin los dispositivos luminosos de detenciòn  -  Transitar sin luces
2240132;9/02/2024;10:40:00 p. m.;Viernes;2024;Febrero;MOTOCICLETA;PARTICULAR;Motociclista;19;MASCULINO;HERIDOS;0;0;0;;CALLE 40SUR FRENTE AL # 26A-16;;SAN JOSE;6.15795307380338, -75.58085743534416;CHOQUE;VEHICULO;NO REPORTADO;RESIDENCIAL;Normal;Transitar sin los dispositivos luminosos de detenciòn  -  Transitar sin luces
2240133;9/02/2024;10:37:00 p. m.;Viernes;2024;Febrero;MOTOCICLETA;PARTICULAR;Motociclista;21;MASCULINO;HERIDOS;0;0;0;;CARRERA 48 CALLE 26SUR;;LAS VEGAS;6.1832320427738585, -75.58538152856934;CHOQUE;VEHICULO;NO REPORTADO;RESIDENCIAL;Lluvia;Impericia en el manejo
2240134;9/02/2024;12:00:00 p. m.;Viernes;2024;Febrero;MOTOCICLETA;PARTICULAR;Peaton;24;MASCULINO;HERIDOS;0;0;0;;CALLE 25ASUR FRENTE AL #45-3;;VILLA GRANDE;6.182003908237901, -75.58199518788126;CHOQUE;VEHICULO;NO REPORTADO;RESIDENCIAL;Normal;Transitar entre vehiculos
2240138;9/02/2024;7:05:00 a. m.;Viernes;2024;Febrero;AUTOMOVIL;PARTICULAR;Peaton;75;FEMENINO;HERIDOS;0;0;0;;CALLE 26SUR CARRERA 43A;;VILLA GRANDE;6.180789117767326, -75.58290300472551;ATROPELLO;NO REPORTADO;NO REPORTADO;RESIDENCIAL;Normal;Otra-Conductor
2240138;9/02/2024;7:05:00 a. m.;Viernes;2024;Febrero;AUTOMOVIL;PARTICULAR;Peaton;75;MASCULINO;HERIDOS;0;0;0;;CALLE 26SUR CARRERA 43A;;VILLA GRANDE;6.180789117767326, -75.58290300472551;ATROPELLO;NO REPORTADO;NO REPORTADO;RESIDENCIAL;Normal;Otra-Conductor
2240129;10/02/2024;6:00:00 p. m.;Sábado;2024;Febrero;MOTOCICLETA;PARTICULAR;Motociclista;29;FEMENINO;HERIDOS;0;0;0;;CARRERA 42B CALLE 45A SUR;;LA PAZ;6.1633856988367155, -75.59343123039943;CHOQUE;VEHICULO;NO REPORTADO;RESIDENCIAL;Normal;Desobedecer señales
2240136;10/02/2024;1:30:00 p. m.;Sábado;2024;Febrero;MOTOCICLETA;PARTICULAR;Motociclista;41;MASCULINO;HERIDOS;0;0;0;;TRANSVERSAL 34ASUR DIAGONAL 32;;OBRERO;6.172118777433147, -75.58124784217976;CHOQUE;VEHICULO;NO REPORTADO;RESIDENCIAL;Normal;Poner en marcha un vehiculo sin precauci
2240139;10/02/2024;11:35:00 a. m.;Sábado;2024;Febrero;CAMIONETA;PARTICULAR;Acompañante;12;FEMENINO;HERIDOS;0;0;0;;CARRERA 48 CLL 25ASUR;;LAS VEGAS;6.18511291233054, -75.58370869024736;CHOQUE;VEHICULO;NO REPORTADO;RESIDENCIAL;Normal;No mantener distancia de seguridad
2240140;10/02/2024;8:40:00 p. m.;Sábado;2024;Febrero;BICICLETA;;Ciclista;7;MASCULINO;HERIDOS;0;0;0;;TRANSVERSAL 34B SUR FRENTEAL # 31E-47;;OBRERO;6.172670954340135, -75.58121607088096;CAIDA OCUPANTE;NO REPORTADO;NO REPORTADO;RESIDENCIAL;Normal;Impericia en el manejo
2240141;10/02/2024;1:00:00 p. m.;Sábado;2024;Febrero;MOTOCICLETA;PARTICULAR;Motociclista;27;MASCULINO;HERIDOS;0;0;0;;CARRERA 50 ENTRE CALLE 46ASUR y CALLE 43SUR;;LAS VEGAS;6.168173490438084, -75.60226584300804;CHOQUE;VEHICULO;NO REPORTADO;RESIDENCIAL;Normal;Otra-Conductor
2240141;10/02/2024;1:00:00 p. m.;Sábado;2024;Febrero;MOTOCICLETA;PARTICULAR;Motociclista;38;MASCULINO;HERIDOS;0;0;0;;CARRERA 50 ENTRE CALLE 46ASUR y CALLE 43SUR;;LAS VEGAS;6.168173490438084, -75.60226584300804;CHOQUE;VEHICULO;NO REPORTADO;RESIDENCIAL;Normal;Otra-Conductor
2240137;11/02/2024;4:20:00 p. m.;Domingo;2024;Febrero;BICICLETA;;Ciclista;61;MASCULINO;HERIDOS;0;0;0;;CARRERA 48 ENTRE CALLE 39SUR y CALLE 40SUR;;ALCALA;6.170413538758243, -75.59491732347604;CHOQUE;VEHICULO;NO REPORTADO;RESIDENCIAL;Normal;Semaforo en rojo
2240142;12/02/2024;2:10:00 p. m.;Lunes;2024;Febrero;MOTOCICLETA;PARTICULAR;Motociclista;21;MASCULINO;HERIDOS;0;0;0;;CARRERA  44 CALLE 23SUR;;BOSQUES DE ZUÑIGA;6.182945230508373, -75.58097176307486;CHOQUE;VEHICULO;NO REPORTADO;RESIDENCIAL;Normal;Desobedecer señales
2240143;12/02/2024;5:07:00 p. m.;Lunes;2024;Febrero;MOTOCICLETA;OFICIAL;Acompañante;36;MASCULINO;HERIDOS;0;0;0;;CALLE 37SUR CARRERA 48;;LAS VEGAS;6.173643245908734, -75.59239554469394;CHOQUE;VEHICULO;NO REPORTADO;RESIDENCIAL;Normal;Semaforo en rojo
2240143;12/02/2024;5:07:00 p. m.;Lunes;2024;Febrero;AUTOMOVIL;PUBLICO;Pasajero;7;FEMENINO;HERIDOS;0;0;0;;CALLE 37SUR CARRERA 48;;LAS VEGAS;6.173643245908734, -75.59239554469394;CHOQUE;VEHICULO;NO REPORTADO;RESIDENCIAL;Normal;Semaforo en rojo
2240143;12/02/2024;5:07:00 p. m.;Lunes;2024;Febrero;MOTOCICLETA;OFICIAL;Motociclista;31;MASCULINO;HERIDOS;0;0;0;;CALLE 37SUR CARRERA 48;;LAS VEGAS;6.173643245908734, -75.59239554469394;CHOQUE;VEHICULO;NO REPORTADO;RESIDENCIAL;Normal;Semaforo en rojo
2240146;12/02/2024;8:40:00 a. m.;Lunes;2024;Febrero;MOTOCICLETA;PARTICULAR;Acompañante;20;FEMENINO;HERIDOS;0;0;0;;TRANSVERSAL 34SUR FRENTE AL # 31E-67;;LA MAGNOLIA;6.173568950842213, -75.58138907336976;CHOQUE;VEHICULO;NO REPORTADO;RESIDENCIAL;Normal;Desobedecer señales
2240146;12/02/2024;8:40:00 a. m.;Lunes;2024;Febrero;MOTOCICLETA;PARTICULAR;Motociclista;21;FEMENINO;HERIDOS;0;0;0;;TRANSVERSAL 34SUR FRENTE AL # 31E-67;;LA MAGNOLIA;6.173568950842213, -75.58138907336976;CHOQUE;VEHICULO;NO REPORTADO;RESIDENCIAL;Normal;Desobedecer señales
2240135;13/02/2024;3:06:00 p. m.;Martes;2024;Febrero;AUTOMOVIL;PUBLICO;Peaton;77;FEMENINO;HERIDOS;0;0;0;;CALLE 36SUR FRENTE AL #40-19;;MESA;6.1702088517770015, -75.58527917647517;ATROPELLO;NO REPORTADO;NO REPORTADO;RESIDENCIAL;Normal;Estacionar sin seguridad  -  Reverso imprudente
2240144;13/02/2024;9:20:00 p. m.;Martes;2024;Febrero;MOTOCICLETA;PARTICULAR;Motociclista;24;FEMENINO;HERIDOS;0;0;0;;CARRERA 50 CALLE 25AA SUR;;LAS VEGAS;6.185810087358126, -75.58622392349609;CHOQUE;VEHICULO;NO REPORTADO;RESIDENCIAL;Normal;Adelantar invadiendo carril del mismo sentido en zigzag
2240144;13/02/2024;9:20:00 p. m.;Martes;2024;Febrero;MOTOCICLETA;PARTICULAR;Motociclista;30;MASCULINO;HERIDOS;0;0;0;;CARRERA 50 CALLE 25AA SUR;;LAS VEGAS;6.185810087358126, -75.58622392349609;CHOQUE;VEHICULO;NO REPORTADO;RESIDENCIAL;Normal;Adelantar invadiendo carril del mismo sentido en zigzag
2240144;13/02/2024;9:20:00 p. m.;Martes;2024;Febrero;MOTOCICLETA;PARTICULAR;Acompañante;17;FEMENINO;HERIDOS;0;0;0;;CARRERA 50 CALLE 25AA SUR;;LAS VEGAS;6.185810087358126, -75.58622392349609;CHOQUE;VEHICULO;NO REPORTADO;RESIDENCIAL;Normal;Adelantar invadiendo carril del mismo sentido en zigzag
2240145;13/02/2024;5:12:00 p. m.;Martes;2024;Febrero;AUTOMOVIL;PARTICULAR;Peaton;6;MASCULINO;HERIDOS;0;0;0;;CALLE 41 SUR FRENTE AL # 27A-61;;SAN JOSE;6.158564898570685, -75.58294234999357;ATROPELLO;NO REPORTADO;NO REPORTADO;RESIDENCIAL;Normal;Otra-Via  -  Salir por delante de un vehiculo
2240147;13/02/2024;4:35:00 p. m.;Martes;2024;Febrero;AUTOMOVIL;PARTICULAR;Acompañante;54;MASCULINO;HERIDOS;0;0;0;;KILOMETRO 13+660;medellín palmas envigado (km 12 - km 16+700);VEREDA PALMAS;6.159130697841434, -75.53199903449284;CHOQUE;VEHICULO;NO REPORTADO;;Normal;Otra-Conductor
2240147;13/02/2024;4:35:00 p. m.;Martes;2024;Febrero;AUTOMOVIL;PARTICULAR;Acompañante;35;MASCULINO;HERIDOS;0;0;0;;KILOMETRO 13+660;medellín palmas envigado (km 12 - km 16+700);VEREDA PALMAS;6.159130697841434, -75.53199903449284;CHOQUE;VEHICULO;NO REPORTADO;;Normal;Otra-Conductor
2240147;13/02/2024;4:35:00 p. m.;Martes;2024;Febrero;AUTOMOVIL;PARTICULAR;Conductor;53;FEMENINO;HERIDOS;0;0;0;;KILOMETRO 13+660;medellín palmas envigado (km 12 - km 16+700);VEREDA PALMAS;6.159130697841434, -75.53199903449284;CHOQUE;VEHICULO;NO REPORTADO;;Normal;Otra-Conductor
2240147;13/02/2024;4:35:00 p. m.;Martes;2024;Febrero;AUTOMOVIL;PARTICULAR;Acompañante;34;MASCULINO;HERIDOS;0;0;0;;KILOMETRO 13+660;medellín palmas envigado (km 12 - km 16+700);VEREDA PALMAS;6.159130697841434, -75.53199903449284;CHOQUE;VEHICULO;NO REPORTADO;;Normal;Otra-Conductor
2240148;13/02/2024;5:20:00 p. m.;Martes;2024;Febrero;MOTOCICLETA;PARTICULAR;Motociclista;30;MASCULINO;HERIDOS;0;0;0;;CARRERA 43A CALLE 50DSUR;;LOMA DEL BARRO;6.159863846490791, -75.60250363635808;CHOQUE;VEHICULO;NO REPORTADO;RESIDENCIAL;Normal;No mantener distancia de seguridad
2240149;14/02/2024;7:30:00 a. m.;Miércoles;2024;Febrero;MOTOCICLETA;PARTICULAR;Motociclista;27;MASCULINO;HERIDOS;0;0;0;;CALLE 25SUR CARRERA 48;;LAS VEGAS;6.1855643490049115, -75.58313696302534;CHOQUE;VEHICULO;NO REPORTADO;RESIDENCIAL;Normal;Desobedecer señales
2240150;14/02/2024;5:15:00 p. m.;Miércoles;2024;Febrero;BICICLETA;;Ciclista;18;MASCULINO;HERIDOS;0;0;0;;CALLE 38ASUR CARRERA 43A;;ZONA CENTRO;6.169976294317454, -75.58919281896733;CHOQUE;VEHICULO;NO REPORTADO;RESIDENCIAL;Normal;Adelantar por la derecha  -  Desobedecer señales
2240150;14/02/2024;5:15:00 p. m.;Miércoles;2024;Febrero;MOTOCICLETA;OFICIAL;Acompañante;44;FEMENINO;HERIDOS;0;0;0;;CALLE 38ASUR CARRERA 43A;;ZONA CENTRO;6.169976294317454, -75.58919281896733;CHOQUE;VEHICULO;NO REPORTADO;RESIDENCIAL;Normal;Adelantar por la derecha  -  Desobedecer señales
2240151;14/02/2024;12:02:00 p. m.;Miércoles;2024;Febrero;MOTOCICLETA;PARTICULAR;Motociclista;55;MASCULINO;HERIDOS;0;0;0;;CARRERA 50 ENTRE CALLE 30SUR y CALLE 26SUR;;LAS VEGAS;6.184822042708341, -75.58708765452684;CHOQUE;VEHICULO;NO REPORTADO;RESIDENCIAL;Normal;Desobedecer señales
2240151;14/02/2024;12:02:00 p. m.;Miércoles;2024;Febrero;MOTOCICLETA;PARTICULAR;Acompañante;54;FEMENINO;MUERTOS;0;0;0;;CARRERA 50 ENTRE CALLE 30SUR y CALLE 26SUR;;LAS VEGAS;6.184822042708341, -75.58708765452684;CHOQUE;VEHICULO;NO REPORTADO;RESIDENCIAL;Normal;Desobedecer señales
2240152;14/02/2024;4:20:00 p. m.;Miércoles;2024;Febrero;MOTOCICLETA;PARTICULAR;Motociclista;42;MASCULINO;HERIDOS;0;0;0;;KILOMETRO 11+820;retiro varia palmas enviga (km 5+43 - km 14+ 550);VEREDA PALMAS;6.159588965807433, -75.51611921022764;CHOQUE;VEHICULO;NO REPORTADO;;Normal;Adelantar en zona prohibida
2240152;14/02/2024;4:20:00 p. m.;Miércoles;2024;Febrero;MOTOCICLETA;PARTICULAR;Acompañante;42;FEMENINO;HERIDOS;0;0;0;;KILOMETRO 11+820;retiro varia palmas enviga (km 5+43 - km 14+ 550);VEREDA PALMAS;6.159588965807433, -75.51611921022764;CHOQUE;VEHICULO;NO REPORTADO;;Normal;Adelantar en zona prohibida
2240153;14/02/2024;9:44:00 a. m.;Miércoles;2024;Febrero;CAMIONETA;PARTICULAR;Conductor;39;MASCULINO;HERIDOS;0;0;0;;CARRERA 27 ENTRE CALLE  23ASUR y CALLE 27SUR;;ZUÑIGA;6.175361034965289, -75.56699512414741;CHOQUE;VEHICULO;NO REPORTADO;RESIDENCIAL;Normal;No mantener distancia de seguridad
2240154;14/02/2024;8:20:00 p. m.;Miércoles;2024;Febrero;BICICLETA;;Ciclista;60;MASCULINO;HERIDOS;0;0;0;;CALLE 39DSUR  FRENTE AL # 24D-12;;EL SALADO;6.147609001202883, -75.5757039892314;CHOQUE;VEHICULO;NO REPORTADO;RESIDENCIAL;Normal;Otra-Conductor
2240155;15/02/2024;5:10:00 p. m.;Jueves;2024;Febrero;AUTOMOVIL;PARTICULAR;Conductor;24;MASCULINO;HERIDOS;0;0;0;;CARRERA 50 ENTRE CALLE 32BSUR y CALLE 30SUR;;LAS VEGAS;6.179591522068684, -75.59093320144729;CHOQUE;VEHICULO;NO REPORTADO;RESIDENCIAL;Normal;No mantener distancia de seguridad
2240155;15/02/2024;5:10:00 p. m.;Jueves;2024;Febrero;AUTOMOVIL;PARTICULAR;Acompañante;28;FEMENINO;HERIDOS;0;0;0;;CARRERA 50 ENTRE CALLE 32BSUR y CALLE 30SUR;;LAS VEGAS;6.179591522068684, -75.59093320144729;CHOQUE;VEHICULO;NO REPORTADO;RESIDENCIAL;Normal;No mantener distancia de seguridad
2240157;15/02/2024;6:30:00 p. m.;Jueves;2024;Febrero;MOTOCICLETA;PARTICULAR;Peaton;84;MASCULINO;HERIDOS;0;0;0;;CARRERA 41 FRENTE AL # 36SUR- 74;;ZONA CENTRO;6.170296453030803, -75.58589968981615;ATROPELLO;NO REPORTADO;NO REPORTADO;RESIDENCIAL;Normal;Otra-Conductor
2240159;15/02/2024;6:00:00 p. m.;Jueves;2024;Febrero;MOTOCICLETA;PARTICULAR;Motociclista;30;FEMENINO;HERIDOS;0;0;0;;CARRERA 50 CLL 37SUR y CALLE 36SUR;;LAS VEGAS;6.177010356682471, -75.59294044010169;CHOQUE;VEHICULO;NO REPORTADO;RESIDENCIAL;Normal;No mantener distancia de seguridad
2240160;16/02/2024;6:35:00 p. m.;Viernes;2024;Febrero;AUTOMOVIL;PUBLICO;Conductor;60;MASCULINO;HERIDOS;0;0;0;;CALLE 39SUR CARRERA 45;;ALCALA;6.16950401321141, -75.5910487431207;CHOQUE;VEHICULO;NO REPORTADO;RESIDENCIAL;Normal;Desobedecer señales
2240163;16/02/2024;10:35:00 a. m.;Viernes;2024;Febrero;MOTOCICLETA;PARTICULAR;Acompañante;21;MASCULINO;HERIDOS;0;0;0;;CALLE 36D SUR CARRERA 25A;;VEREDA EL ESCOBERO;6.158932932795709, -75.5665533780954;CHOQUE;VEHICULO;NO REPORTADO;RESIDENCIAL;Normal;Desobedecer señales