NRO_RADICADO;FECHA_ACCIDENTE;HORA_ACCIDENTE;Día de la semana;AÑO;MES;CLASE_VEHICULO;TIPO_SERVICIO;TIPO_VICTIMA;EDAD;GENERO;GRAVEDAD;ESTADO_BEODEZ;ESTADO_DROGA;RESULTADO_BEODEZ;RESUL_BEODEZ_GRAMOS;DIRECCION_CARACT_VIA;TRAMO_VIA;LOCALIDAD_O_COMUNA;    GEORREFERENCIACIÓN;DESC_CLASE_ACCIDENTE;DESC_CHOQUE_ACCIDENTE;DESC_OBJETO_FIJO;DESC_SECTOR_ACCIDENTE;CONDICION_CLIMATICA;CAUSA_ACCIDENTE
2240164;16/02/2024;3:00:00 p. m.;Viernes;2024;Febrero;MOTOCICLETA;PARTICULAR;Peaton;52;FEMENINO;HERIDOS;0;0;0;;KILOMETRO 16+450;retiro varia palmas enviga (km 5+43 - km 14+ 550);VEREDA PALMAS;6.1543166906610285, -75.53499143834985;ATROPELLO;NO REPORTADO;NO REPORTADO;;Normal;Otra-Conductor  -  Transitar por la calzada
2240165;16/02/2024;12:05:00 p. m.;Viernes;2024;Febrero;MOTOCICLETA;PARTICULAR;Motociclista;25;MASCULINO;HERIDOS;0;0;0;;CALLE 35 SUR FRENTE AL # 43-40;;ZONA CENTRO;6.172256616923579, -75.58704926328552;CHOQUE;VEHICULO;NO REPORTADO;RESIDENCIAL;Normal;Impericia en el manejo
2240166;16/02/2024;1:15:00 p. m.;Viernes;2024;Febrero;MOTOCICLETA;PARTICULAR;Motociclista;16;MASCULINO;HERIDOS;0;0;0;;CARRERA 43A CALLE 25SUR;;BOSQUES DE ZUÑIGA;6.181544601777213, -75.58127632520977;CHOQUE;VEHICULO;NO REPORTADO;RESIDENCIAL;Normal;Desobedecer señales
2240166;16/02/2024;1:15:00 p. m.;Viernes;2024;Febrero;MOTOCICLETA;PARTICULAR;Acompañante;24;MASCULINO;HERIDOS;0;0;0;;CARRERA 43A CALLE 25SUR;;BOSQUES DE ZUÑIGA;6.181544601777213, -75.58127632520977;CHOQUE;VEHICULO;NO REPORTADO;RESIDENCIAL;Normal;Desobedecer señales
2240156;17/02/2024;8:26:00 a. m.;Sábado;2024;Febrero;MOTOCICLETA;DIPLOMATICO;Motociclista;46;MASCULINO;HERIDOS;0;0;0;;CALLE 25 SUR ENTRE CARRERA 48 y CARRERA 49;;LAS VEGAS;6.186029283024145, -75.58330469523197;CHOQUE;VEHICULO;NO REPORTADO;RESIDENCIAL;Normal;Otra-Conductor
2240156;17/02/2024;8:26:00 a. m.;Sábado;2024;Febrero;MOTOCICLETA;PARTICULAR;Acompañante;31;MASCULINO;HERIDOS;0;0;0;;CALLE 25 SUR ENTRE CARRERA 48 y CARRERA 49;;LAS VEGAS;6.186029283024145, -75.58330469523197;CHOQUE;VEHICULO;NO REPORTADO;RESIDENCIAL;Normal;Otra-Conductor
2240167;17/02/2024;6:30:00 p. m.;Sábado;2024;Febrero;MOTOCICLETA;PARTICULAR;Motociclista;35;MASCULINO;HERIDOS;0;0;0;;CALLE 37SUR CARRERA 45A;;EL PORTAL;6.172196382356542, -75.58984170820891;CHOQUE;VEHICULO;NO REPORTADO;RESIDENCIAL;Normal;Desobedecer señales
2240168;17/02/2024;8:40:00 a. m.;Sábado;2024;Febrero;MOTOCICLETA;PARTICULAR;Motociclista;47;MASCULINO;HERIDOS;0;0;0;;CARRERA 50 CALLE 39BSUR;;LAS VEGAS;6.17400226606127, -75.59677663675066;CHOQUE;VEHICULO;NO REPORTADO;RESIDENCIAL;Normal;Otra-Conductor
2240168;17/02/2024;8:40:00 a. m.;Sábado;2024;Febrero;MOTOCICLETA;PARTICULAR;Motociclista;41;MASCULINO;HERIDOS;0;0;0;;CARRERA 50 CALLE 39BSUR;;LAS VEGAS;6.17400226606127, -75.59677663675066;CHOQUE;VEHICULO;NO REPORTADO;RESIDENCIAL;Normal;Otra-Conductor
2240170;17/02/2024;2:00:00 p. m.;Sábado;2024;Febrero;MOTOCICLETA;PARTICULAR;Motociclista;23;MASCULINO;HERIDOS;0;0;0;;CARRERA 40A CALLE 40DSUR;;EL DORADO;6.165522303902815, -75.58845389454474;CHOQUE;VEHICULO;NO REPORTADO;RESIDENCIAL;Normal;Desobedecer señales
2240171;17/02/2024;7:50:00 p. m.;Sábado;2024;Febrero;AUTOMOVIL;PARTICULAR;Acompañante;10;FEMENINO;HERIDOS;0;0;0;;DIAGONAL 31C FRENTE AL 35SUR 40;;LA SEBASTIANA;6.17008456976085, -75.5805158489636;CHOQUE;VEHICULO;NO REPORTADO;RESIDENCIAL;Normal;Impericia en el manejo
2240171;17/02/2024;7:50:00 p. m.;Sábado;2024;Febrero;AUTOMOVIL;PARTICULAR;Conductor;49;MASCULINO;HERIDOS;0;0;0;;DIAGONAL 31C FRENTE AL 35SUR 40;;LA SEBASTIANA;6.17008456976085, -75.5805158489636;CHOQUE;VEHICULO;NO REPORTADO;RESIDENCIAL;Normal;Impericia en el manejo
2240171;17/02/2024;7:50:00 p. m.;Sábado;2024;Febrero;AUTOMOVIL;PARTICULAR;Acompañante;77;FEMENINO;HERIDOS;0;0;0;;DIAGONAL 31C FRENTE AL 35SUR 40;;LA SEBASTIANA;6.17008456976085, -75.5805158489636;CHOQUE;VEHICULO;NO REPORTADO;RESIDENCIAL;Normal;Impericia en el manejo
2240171;17/02/2024;7:50:00 p. m.;Sábado;2024;Febrero;AUTOMOVIL;PARTICULAR;Acompañante;48;FEMENINO;HERIDOS;0;0;0;;DIAGONAL 31C FRENTE AL 35SUR 40;;LA SEBASTIANA;6.17008456976085, -75.5805158489636;CHOQUE;VEHICULO;NO REPORTADO;RESIDENCIAL;Normal;Impericia en el manejo
2240158;18/02/2024;3:22:00 p. m.;Domingo;2024;Febrero;AUTOMOVIL;PARTICULAR;Acompañante;6;MASCULINO;HERIDOS;0;0;0;;CARRERA 48 CALLE 39SUR;;LAS VEGAS;6.171740310919021, -75.59380122137622;CHOQUE;VEHICULO;NO REPORTADO;RESIDENCIAL;Normal;Desobedecer señales
2240158;18/02/2024;3:22:00 p. m.;Domingo;2024;Febrero;AUTOMOVIL;PARTICULAR;Conductor;59;MASCULINO;HERIDOS;0;0;0;;CARRERA 48 CALLE 39SUR;;LAS VEGAS;6.171740310919021, -75.59380122137622;CHOQUE;VEHICULO;NO REPORTADO;RESIDENCIAL;Normal;Desobedecer señales
2240161;18/02/2024;8:14:00 a. m.;Domingo;2024;Febrero;BUS;PUBLICO;Pasajero;74;FEMENINO;HERIDOS;0;0;0;;CALLE 37SUR ENTRE CARRERA 43A y CARRERA 45A;;EL PORTAL;6.172210, -75.589763;CHOQUE;OBJETO FIJO;POSTE;RESIDENCIAL;Normal;Estacionar sin seguridad
2240172;18/02/2024;5:40:00 p. m.;Domingo;2024;Febrero;MOTOCICLETA;PARTICULAR;Motociclista;25;MASCULINO;HERIDOS;0;0;0;;CARRERA 48 CALLE 30SUR;;LAS VEGAS;6.179496718217783, -75.58819458527805;CHOQUE;VEHICULO;NO REPORTADO;RESIDENCIAL;Normal;Desobedecer señales  -  Embriaguez o droga
2240173;18/02/2024;2:00:00 p. m.;Domingo;2024;Febrero;MOTOCICLETA;PARTICULAR;Motociclista;32;MASCULINO;HERIDOS;0;0;0;;KILOMETRO 6+060;retiro varia palmas enviga (km 5+43 - km 14+ 550);VEREDA PERICO;6.169665467066108, -75.48295830377761;CHOQUE;VEHICULO;NO REPORTADO;NO REPORTADO;Normal;Desobedecer señales
2240177;18/02/2024;8:10:00 p. m.;Domingo;2024;Febrero;MOTOCICLETA;PARTICULAR;Motociclista;44;MASCULINO;HERIDOS;0;0;0;;CALLE 39SUR CARRERA 25;;EL CHINGUÍ;6.1539747108622915, -75.57755254268922;CHOQUE;VEHICULO;NO REPORTADO;RESIDENCIAL;Normal;Otra-Conductor
2240162;19/02/2024;11:50:00 a. m.;Lunes;2024;Febrero;AUTOMOVIL;PUBLICO;Peaton;81;FEMENINO;HERIDOS;0;0;0;;TRANSVERSAL 34ESUR FRENTE AL # 33-60;;LOS NARANJOS;6.169843105455183, -75.5829230241073;ATROPELLO;NO REPORTADO;NO REPORTADO;RESIDENCIAL;Normal;Transitar por la calzada
2240169;19/02/2024;6:00:00 a. m.;Lunes;2024;Febrero;MOTOCICLETA;PARTICULAR;Motociclista;23;MASCULINO;HERIDOS;0;0;0;;CARRERA 43A FRENTE AL # 48CSUR 269;;PRIMAVERA;6.162014202600224, -75.59811093641329;ATROPELLO;NO REPORTADO;NO REPORTADO;RESIDENCIAL;Normal;Desobedecer señales  -  Impericia en el manejo
2240169;19/02/2024;6:00:00 a. m.;Lunes;2024;Febrero;MOTOCICLETA;PARTICULAR;Acompañante;23;FEMENINO;HERIDOS;0;0;0;;CARRERA 43A FRENTE AL # 48CSUR 269;;PRIMAVERA;6.162014202600224, -75.59811093641329;ATROPELLO;NO REPORTADO;NO REPORTADO;RESIDENCIAL;Normal;Desobedecer señales  -  Impericia en el manejo
2240169;19/02/2024;6:00:00 a. m.;Lunes;2024;Febrero;MOTOCICLETA;PARTICULAR;Peaton;57;FEMENINO;HERIDOS;0;0;0;;CARRERA 43A FRENTE AL # 48CSUR 269;;PRIMAVERA;6.162014202600224, -75.59811093641329;ATROPELLO;NO REPORTADO;NO REPORTADO;RESIDENCIAL;Normal;Desobedecer señales  -  Impericia en el manejo
2240175;19/02/2024;5:32:00 p. m.;Lunes;2024;Febrero;MOTOCICLETA;PARTICULAR;Motociclista;57;MASCULINO;HERIDOS;0;0;0;;CALLE 36SUR FRENTE AL # 24-49;;EL CHOCHO;6.1672570036896, -75.56412087303657;CHOQUE;VEHICULO;NO REPORTADO;RESIDENCIAL;Normal;No respetar prelacion
2240178;19/02/2024;5:30:00 p. m.;Lunes;2024;Febrero;BICICLETA;;Ciclista;18;MASCULINO;HERIDOS;0;0;0;;KILOMETRO 13+780;medellín palmas envigado (km 12 - km 16+700);VEREDA PALMAS;6.159869155727471, -75.54629316879888;CHOQUE;OBJETO FIJO;BARANDA;NO REPORTADO;Normal;Impericia en el manejo
2240174;20/02/2024;1:50:00 p. m.;Martes;2024;Febrero;MOTOCICLETA;PARTICULAR;Motociclista;21;MASCULINO;HERIDOS;0;0;0;;CALLE 40FSUR CARRERA 36B;;EL DORADO;6.163772, -75.586304;CHOQUE;VEHICULO;NO REPORTADO;RESIDENCIAL;Normal;Otra-Conductor
2240176;20/02/2024;12:54:00 p. m.;Martes;2024;Febrero;MOTOCICLETA;PARTICULAR;Motociclista;20;MASCULINO;HERIDOS;0;0;0;;CARRERA 50 ENTRE CALLE 31SUR y CALLE 30SUR;;LAS VEGAS;6.179591522068684, -75.59093320144729;CHOQUE;VEHICULO;NO REPORTADO;RESIDENCIAL;Normal;No mantener distancia de seguridad
2240179;20/02/2024;1:24:00 p. m.;Martes;2024;Febrero;MOTOCICLETA;PARTICULAR;Motociclista;39;MASCULINO;HERIDOS;0;0;0;;CARRERA 48 CALLE 37SUR;;LAS VEGAS;6.173473352424915, -75.59256588595376;CAIDA OCUPANTE;NO REPORTADO;NO REPORTADO;RESIDENCIAL;Normal;Impericia en el manejo
2240180;20/02/2024;5:30:00 p. m.;Martes;2024;Febrero;MOTOCICLETA;PARTICULAR;Motociclista;29;MASCULINO;HERIDOS;0;0;0;;DIAGONAL 31 FRENTE AL # 36SUR-80;;LA PRADERA;6.166843629130352, -75.57988505111031;OTRO;NO REPORTADO;NO REPORTADO;RESIDENCIAL;Normal;No mantener distancia de seguridad
2240181;20/02/2024;6:10:00 p. m.;Martes;2024;Febrero;MOTOCICLETA;PARTICULAR;Motociclista;20;MASCULINO;HERIDOS;0;0;0;;KILOMETRO 4+350;el escobero - km 0-13);VEREDA EL ESCOBERO;6.1265974524921685, -75.55018103980034;CAIDA OCUPANTE;NO REPORTADO;NO REPORTADO;NO REPORTADO;Normal;Fallas en los frenos
2240182;20/02/2024;7:45:00 a. m.;Martes;2024;Febrero;AUTOMOVIL;PARTICULAR;Acompañante;23;FEMENINO;HERIDOS;0;0;0;;KILOMETRO 15+800;medellín palmas envigado (km 12 - km 16+700);VEREDA PALMAS;6.152979412749249, -75.53990979371535;CHOQUE;VEHICULO;NO REPORTADO;NO REPORTADO;Normal;Fallas en los frenos  -  No mantener distancia de seguridad
2240183;21/02/2024;6:26:00 p. m.;Miércoles;2024;Febrero;MOTOCICLETA;PARTICULAR;Acompañante;12;MASCULINO;HERIDOS;0;0;0;;CARRERA 42B CALLE 45SUR;;LA PAZ;6.163617360204344, -75.59318892278996;CHOQUE;VEHICULO;NO REPORTADO;RESIDENCIAL;Normal;Semaforo en rojo
2240183;21/02/2024;6:26:00 p. m.;Miércoles;2024;Febrero;MOTOCICLETA;PARTICULAR;Motociclista;36;FEMENINO;HERIDOS;0;0;0;;CARRERA 42B CALLE 45SUR;;LA PAZ;6.163617360204344, -75.59318892278996;CHOQUE;VEHICULO;NO REPORTADO;RESIDENCIAL;Normal;Semaforo en rojo
2240184;21/02/2024;7:50:00 p. m.;Miércoles;2024;Febrero;MOTOCICLETA;PARTICULAR;Motociclista;20;FEMENINO;HERIDOS;0;0;0;;CALLE 36DSUR FRENTE AL # 26A-30;;VEREDA EL ESCOBERO;6.161658016540858, -75.56908507923133;CAIDA OCUPANTE;NO REPORTADO;NO REPORTADO;RESIDENCIAL;Lluvia;Superficie humeda  -  Superficie lisa
2240185;21/02/2024;5:05:00 p. m.;Miércoles;2024;Febrero;MOTOCICLETA;PARTICULAR;Acompañante;22;MASCULINO;HERIDOS;0;0;0;;CARRERA 50 CALLE 49 SUR;;LAS VEGAS;6.164581, -75.603075;OTRO;NO REPORTADO;NO REPORTADO;RESIDENCIAL;Normal;Superficie lisa
2240185;21/02/2024;5:05:00 p. m.;Miércoles;2024;Febrero;MOTOCICLETA;PARTICULAR;Motociclista;36;MASCULINO;HERIDOS;0;0;0;;CARRERA 50 CALLE 49 SUR;;LAS VEGAS;6.164581, -75.603075;OTRO;NO REPORTADO;NO REPORTADO;RESIDENCIAL;Normal;Superficie lisa
2240187;21/02/2024;7:50:00 p. m.;Miércoles;2024;Febrero;MOTOCICLETA;OFICIAL;Motociclista;58;MASCULINO;HERIDOS;0;0;0;;KILOMETRO 13+970;medellín palmas envigado (km 12 - km 16+700);VEREDA PALMAS;6.157018, -75.533237;CAIDA OCUPANTE;NO REPORTADO;NO REPORTADO;NO REPORTADO;Normal;Superficie humeda
2240186;22/02/2024;12:30:00 p. m.;Jueves;2024;Febrero;MOTOCICLETA;PARTICULAR;Motociclista;29;MASCULINO;HERIDOS;0;0;0;;CALLE 46F SUR CARRERA 37;;EL TRIANON;6.15663390509227, -75.59206999006912;CAIDA OCUPANTE;NO REPORTADO;NO REPORTADO;RESIDENCIAL;Normal;Impericia en el manejo
2240191;22/02/2024;1:10:00 p. m.;Jueves;2024;Febrero;MOTOCICLETA;PARTICULAR;Motociclista;37;FEMENINO;HERIDOS;0;0;0;;CARRERA 36 CALLE 40AA SUR;;MESA;6.164275144003195, -75.58532464413427;CHOQUE;VEHICULO;NO REPORTADO;RESIDENCIAL;Normal;Desobedecer señales
2240188;23/02/2024;1:40:00 a. m.;Viernes;2024;Febrero;MOTOCICLETA;PARTICULAR;Motociclista;45;MASCULINO;HERIDOS;1;0;3;180;KILOMETRO 3;el escobero - km 0-13);VEREDA EL ESCOBERO;6.136405768942477, -75.55455028687997;CAIDA OCUPANTE;NO REPORTADO;NO REPORTADO;NO REPORTADO;Normal;Embriaguez aparente
2240190;23/02/2024;12:01:00 a. m.;Viernes;2024;Febrero;MOTOCICLETA;PARTICULAR;Motociclista;25;MASCULINO;HERIDOS;0;0;0;;KILOMETRO 15+300;medellín palmas envigado (km 12 - km 16+700);VEREDA PALMAS;6.1528855572782595, -75.54351070884529;CHOQUE;OBJETO FIJO;OTRO TIPO;NO REPORTADO;Normal;Impericia en el manejo
2240192;23/02/2024;1:30:00 p. m.;Viernes;2024;Febrero;MOTOCICLETA;PARTICULAR;Motociclista;17;MASCULINO;HERIDOS;0;0;0;;DIAGONAL 31 TRANSVERSAL 35SUR;;LA SEBASTIANA;6.17007974963719, -75.5797144487748;CHOQUE;VEHICULO;NO REPORTADO;RESIDENCIAL;Normal;Desobedecer señales
2240193;23/02/2024;7:30:00 p. m.;Viernes;2024;Febrero;MOTOCICLETA;PARTICULAR;Motociclista;26;MASCULINO;HERIDOS;0;0;0;;CALLE 27DSUR FRENTE AL #27C-15;;LA INMACULADA;6.171034617766682, -75.57320377077275;CHOQUE;VEHICULO;NO REPORTADO;RESIDENCIAL;Normal;Impericia en el manejo
2240193;23/02/2024;7:30:00 p. m.;Viernes;2024;Febrero;MOTOCICLETA;PARTICULAR;Motociclista;52;MASCULINO;HERIDOS;0;0;0;;CALLE 27DSUR FRENTE AL #27C-15;;LA INMACULADA;6.171034617766682, -75.57320377077275;CHOQUE;VEHICULO;NO REPORTADO;RESIDENCIAL;Normal;Impericia en el manejo
2240194;23/02/2024;3:30:00 p. m.;Viernes;2024;Febrero;MOTOCICLETA;PARTICULAR;Motociclista;28;MASCULINO;HERIDOS;0;0;0;;KILOMETRO 10+560;retiro varia palmas enviga (km 5+43 - km 14+ 550);VEREDA PANTANILLO;6.1604945606652155, -75.50830557610021;CHOQUE;VEHICULO;NO REPORTADO;NO REPORTADO;Normal;No mantener distancia de seguridad
2240195;23/02/2024;9:40:00 p. m.;Viernes;2024;Febrero;MOTOCICLETA;PARTICULAR;Acompañante;13;MASCULINO;HERIDOS;0;0;0;;CARRERA 48 ENTRE CALLE 39SUR y CALLE 40SUR;;LAS VEGAS;6.1705782055973835, -75.59522778915786;CAIDA OCUPANTE;NO REPORTADO;NO REPORTADO;RESIDENCIAL;Normal;Impericia en el manejo
2240189;24/02/2024;12:30:00 p. m.;Sábado;2024;Febrero;MOTOCICLETA;PARTICULAR;Motociclista;24;MASCULINO;HERIDOS;0;0;0;;CARRERA 24B ENTRE CALLE 40ASUR y CALLE 40BSUR;;LA MINA;6.151360753472636, -75.58142698045101;CHOQUE;VEHICULO;NO REPORTADO;RESIDENCIAL;Normal;Transitar en contravia
2240189;24/02/2024;12:30:00 p. m.;Sábado;2024;Febrero;MOTOCICLETA;PARTICULAR;Motociclista;44;FEMENINO;HERIDOS;1;0;3;180;CARRERA 24B ENTRE CALLE 40ASUR y CALLE 40BSUR;;LA MINA;6.151360753472636, -75.58142698045101;CHOQUE;VEHICULO;NO REPORTADO;RESIDENCIAL;Normal;Transitar en contravia
2240189;24/02/2024;12:30:00 p. m.;Sábado;2024;Febrero;MOTOCICLETA;PARTICULAR;Acompañante;33;MASCULINO;HERIDOS;1;0;3;180;CARRERA 24B ENTRE CALLE 40ASUR y CALLE 40BSUR;;LA MINA;6.151360753472636, -75.58142698045101;CHOQUE;VEHICULO;NO REPORTADO;RESIDENCIAL;Normal;Transitar en contravia
2240197;25/02/2024;9:15:00 a. m.;Domingo;2024;Febrero;BICICLETA;;Ciclista;63;MASCULINO;HERIDOS;0;0;0;;KILOMETRO 0+870;el escobero - km 0-13);VEREDA EL VALLANO;6.138735077524199, -75.5687402857062;CAIDA OCUPANTE;NO REPORTADO;NO REPORTADO;NO REPORTADO;Normal;Impericia en el manejo
2240196;26/02/2024;7:37:00 a. m.;Lunes;2024;Febrero;MOTOCICLETA;PARTICULAR;Motociclista;30;MASCULINO;HERIDOS;0;0;0;;CARRERA 50 ENTRE CALLE 43 SUR y CALLE 46SUR;;LAS VEGAS;6.167889, -75.602347;CAIDA OCUPANTE;NO REPORTADO;NO REPORTADO;RESIDENCIAL;Normal;Huecos
2240198;26/02/2024;10:30:00 a. m.;Lunes;2024;Febrero;CAMIONETA;PUBLICO;Conductor;54;MASCULINO;HERIDOS;0;0;0;;CALLE 39SUR CARRERA 47A;;ALCALA;6.17134788057868, -75.5933807491793;CHOQUE;VEHICULO;NO REPORTADO;RESIDENCIAL;Normal;Desobedecer señales
2240199;27/02/2024;4:00:00 p. m.;Martes;2024;Febrero;MOTOCICLETA;PARTICULAR;Acompañante;23;MASCULINO;HERIDOS;0;0;0;;CARRERA 30 CALLE 40F SUR;;SAN RAFAEL;6.160696, -75.584551;CHOQUE;VEHICULO;NO REPORTADO;RESIDENCIAL;Normal;Desobedecer señales
2240199;27/02/2024;4:00:00 p. m.;Martes;2024;Febrero;MOTOCICLETA;PARTICULAR;Motociclista;32;MASCULINO;HERIDOS;0;0;0;;CARRERA 30 CALLE 40F SUR;;SAN RAFAEL;6.160696, -75.584551;CHOQUE;VEHICULO;NO REPORTADO;RESIDENCIAL;Normal;Desobedecer señales
2240200;27/02/2024;4:45:00 p. m.;Martes;2024;Febrero;MOTOCICLETA;PARTICULAR;Motociclista;25;MASCULINO;HERIDOS;0;0;0;;KILOMETRO 13+400;retiro varia palmas enviga (km 5+43 - km 14+ 550);VEREDA PALMAS;6.1619538164167915, -75.54508391339805;CHOQUE;VEHICULO;NO REPORTADO;NO REPORTADO;Normal;Desobedecer señales  -  Girar bruscamente
2240201;27/02/2024;6:50:00 a. m.;Martes;2024;Febrero;MOTOCICLETA;PARTICULAR;Motociclista;38;MASCULINO;HERIDOS;0;0;0;;CARRERA 50 ENTRE CALLE 26SUR y CALLE 25AA SUR;;LAS VEGAS;6.185124547740309, -75.58704730492413;CAIDA OCUPANTE;NO REPORTADO;NO REPORTADO;RESIDENCIAL;Normal;Fallas en las llantas
2240201;27/02/2024;6:50:00 a. m.;Martes;2024;Febrero;MOTOCICLETA;PARTICULAR;Acompañante;38;MASCULINO;HERIDOS;0;0;0;;CARRERA 50 ENTRE CALLE 26SUR y CALLE 25AA SUR;;LAS VEGAS;6.185124547740309, -75.58704730492413;CAIDA OCUPANTE;NO REPORTADO;NO REPORTADO;RESIDENCIAL;Normal;Fallas en las llantas
2240202;27/02/2024;3:20:00 p. m.;Martes;2024;Febrero;MOTOCICLETA;PARTICULAR;Motociclista;18;MASCULINO;HERIDOS;0;0;0;;TRANSVERSAL 34SUR DIAGONAL 32;;OBRERO;6.173433253576462, -75.58176366357456;CHOQUE;VEHICULO;NO REPORTADO;RESIDENCIAL;Normal;Desobedecer señales
2240202;27/02/2024;3:20:00 p. m.;Martes;2024;Febrero;MOTOCICLETA;PARTICULAR;Motociclista;23;MASCULINO;HERIDOS;0;0;0;;TRANSVERSAL 34SUR DIAGONAL 32;;OBRERO;6.173433253576462, -75.58176366357456;CHOQUE;VEHICULO;NO REPORTADO;RESIDENCIAL;Normal;Desobedecer señales
2240203;27/02/2024;5:00:00 p. m.;Martes;2024;Febrero;AUTOMOVIL;PARTICULAR;Conductor;53;MASCULINO;HERIDOS;0;0;0;;KILOMETRO 2+500;el escobero - km 0-13);VEREDA EL ESCOBERO;6.138581731837884, -75.55676181696901;CHOQUE;OBJETO FIJO;OTRO TIPO;NO REPORTADO;Normal;Otra-Conductor
2240204;28/02/2024;8:00:00 a. m.;Miércoles;2024;Febrero;MOTOCICLETA;PARTICULAR;Motociclista;21;MASCULINO;HERIDOS;0;0;0;;CARRERA 36D FRENTE AL # 43SUR-49;;LAS ANTILLAS;6.1563566464467385, -75.58824875485371;OTRO;NO REPORTADO;NO REPORTADO;RESIDENCIAL;Normal;Superficie lisa
2240205;28/02/2024;7:20:00 a. m.;Miércoles;2024;Febrero;MOTOCICLETA;PARTICULAR;Peaton;19;FEMENINO;HERIDOS;0;0;0;;CALLE 38SUR FRENTE AL #45A-11;;ALCALA;6.171673104893699, -75.59116389668496;ATROPELLO;NO REPORTADO;NO REPORTADO;RESIDENCIAL;Normal;Cruzar sin observar  -  Salir por delante de un vehiculo
2240207;28/02/2024;7:15:00 p. m.;Miércoles;2024;Febrero;MOTOCICLETA;PARTICULAR;Motociclista;34;MASCULINO;HERIDOS;0;0;0;;CARRERA 50 CALLE 39BSUR;;LAS VEGAS;6.17400226606127, -75.59677663675066;CHOQUE;VEHICULO;NO REPORTADO;RESIDENCIAL;Normal;No respetar pelacion de interseccion o giros
2240208;28/02/2024;12:20:00 p. m.;Miércoles;2024;Febrero;MOTOCICLETA;PARTICULAR;Motociclista;29;MASCULINO;HERIDOS;0;0;0;;CARRERA 27 FRENTE AL # 36SUR-159;;LA INMACULADA;6.166322555573831, -75.5695112173213;CHOQUE;VEHICULO;NO REPORTADO;RESIDENCIAL;Normal;Desobedecer señales
2240209;28/02/2024;5:45:00 p. m.;Miércoles;2024;Febrero;MOTOCICLETA;PARTICULAR;Motociclista;42;FEMENINO;HERIDOS;0;0;0;;CARRERA 43A CALLE 22SUR;;BOSQUES DE ZUÑIGA;6.18332340532987, -75.58001098894165;CHOQUE;VEHICULO;NO REPORTADO;RESIDENCIAL;Normal;No mantener distancia de seguridad
2240210;28/02/2024;12:40:00 p. m.;Miércoles;2024;Febrero;MOTOCICLETA;PARTICULAR;Motociclista;25;MASCULINO;HERIDOS;0;0;0;;CARRERA 50 CALLE 49SUR;;LAS VEGAS;6.164581, -75.603075;CHOQUE;VEHICULO;NO REPORTADO;RESIDENCIAL;Normal;No mantener distancia de seguridad
2240218;28/02/2024;7:00:00 p. m.;Miércoles;2024;Febrero;MOTOCICLETA;PARTICULAR;Peaton;31;FEMENINO;HERIDOS;0;0;0;;CARRERA 43A FRENTE AL # 46ASUR-06;;PRIMAVERA;6.163197529533851, -75.59647735377604;ATROPELLO;NO REPORTADO;NO REPORTADO;RESIDENCIAL;Normal;Desobedecer al agente
2240206;29/02/2024;3:50:00 p. m.;Jueves;2024;Febrero;CAMIONETA;PARTICULAR;Peaton;61;FEMENINO;MUERTOS;0;0;0;;CARRERA 43A CALLE 35SUR;;ZONA CENTRO;6.172356355668251, -75.58742680007587;ATROPELLO;NO REPORTADO;NO REPORTADO;RESIDENCIAL;Normal;Pasar semaforo en rojo
2240211;29/02/2024;7:50:00 a. m.;Jueves;2024;Febrero;MOTOCICLETA;PARTICULAR;Motociclista;21;FEMENINO;HERIDOS;0;0;0;;CARRERA 50 ENTRE CALLE 26SUR y CALLE 28SUR;;LAS VEGAS;6.183552543287602, -75.58844382590507;CHOQUE;VEHICULO;NO REPORTADO;RESIDENCIAL;Normal;Adelantar invadiendo carril del mismo sentido en zigzag
2240212;29/02/2024;4:03:00 p. m.;Jueves;2024;Febrero;MOTOCICLETA;PARTICULAR;Motociclista;24;MASCULINO;HERIDOS;0;0;0;;CARRERA 50 CALLE 32BSUR;;LAS VEGAS;6.178263, -75.591897;CHOQUE;VEHICULO;NO REPORTADO;RESIDENCIAL;Normal;Dejar/recoger pasajeros sitio no demarca
2240216;29/02/2024;8:30:00 p. m.;Jueves;2024;Febrero;AUTOMOVIL;PARTICULAR;Conductor;41;MASCULINO;HERIDOS;0;0;0;;CALLE 39BSUR CARRERA 30;;SAN JOSE;6.163153862761841, -75.58199815752232;CHOQUE;VEHICULO;NO REPORTADO;RESIDENCIAL;Normal;No respetar pelacion de interseccion o giros  -  No respetar prelacion
2240216;29/02/2024;8:30:00 p. m.;Jueves;2024;Febrero;CAMIONETA;PUBLICO;Conductor;56;MASCULINO;HERIDOS;0;0;0;;CALLE 39BSUR CARRERA 30;;SAN JOSE;6.163153862761841, -75.58199815752232;CHOQUE;VEHICULO;NO REPORTADO;RESIDENCIAL;Normal;No respetar pelacion de interseccion o giros  -  No respetar prelacion
2240222;29/02/2024;7:25:00 p. m.;Jueves;2024;Febrero;MOTOCICLETA;PARTICULAR;Motociclista;19;MASCULINO;HERIDOS;0;0;0;0;CARRERA 30 CALLE 39BSUR;;SAN JOSE;6.163203392812248, -75.58197277882329;CHOQUE;VEHICULO;NO REPORTADO;RESIDENCIAL;Normal;No respetar pelacion de interseccion o giros