NRO_RADICADO;FECHA_ACCIDENTE;HORA_ACCIDENTE;Día de la semana;AÑO;MES;CLASE_VEHICULO;TIPO_SERVICIO;TIPO_VICTIMA;EDAD;GENERO;GRAVEDAD;ESTADO_BEODEZ;ESTADO_DROGA;RESULTADO_BEODEZ;RESUL_BEODEZ_GRAMOS;DIRECCION_CARACT_VIA;TRAMO_VIA;LOCALIDAD_O_COMUNA;    GEORREFERENCIACIÓN;DESC_CLASE_ACCIDENTE;DESC_CHOQUE_ACCIDENTE;DESC_OBJETO_FIJO;DESC_SECTOR_ACCIDENTE;CONDICION_CLIMATICA;CAUSA_ACCIDENTE
2240225;29/02/2024;5:00:00 p. m.;Jueves;2024;Febrero;AUTOMOVIL;PARTICULAR;Acompañante;24;MASCULINO;HERIDOS;0;0;0;;CALLE 37SUR ENTRE CARRERA 48 y CARRERA 49;;LAS VEGAS;6.174202263380941, -75.59333020294916;CHOQUE;VEHICULO;NO REPORTADO;RESIDENCIAL;Normal;Desobedecer señales
2240226;29/02/2024;7:42:00 a. m.;Jueves;2024;Febrero;MOTOCICLETA;PARTICULAR;Motociclista;32;MASCULINO;HERIDOS;0;0;0;;CARRERA 48 CON CALLE 41 SUR 43;;LAS VEGAS;6.1686825291655385, -75.5969591438866;CHOQUE;VEHICULO;NO REPORTADO;RESIDENCIAL;Normal;Desobedecer señales
2240227;29/02/2024;7:45:00 a. m.;Jueves;2024;Febrero;BICICLETA;;Ciclista;19;FEMENINO;HERIDOS;0;0;0;;KILOMETRO 14 + 350;medellín palmas envigado (km 12 - km 16+700);VEREDA PALMAS;6.154933152437427, -75.53119095072377;CHOQUE;VEHICULO;NO REPORTADO;NO REPORTADO;Normal;Desobedecer señales
2240228;29/02/2024;10:15:00 p. m.;Jueves;2024;Febrero;MOTOCICLETA;PARTICULAR;Motociclista;28;MASCULINO;HERIDOS;0;0;0;;CALLE 37 SUR CON CARRERA 48;;LAS VEGAS;6.173643245908734, -75.59239554469394;CHOQUE;VEHICULO;NO REPORTADO;RESIDENCIAL;Normal;Desobedecer señales
2240228;29/02/2024;10:15:00 p. m.;Jueves;2024;Febrero;MOTOCICLETA;PARTICULAR;Motociclista;19;MASCULINO;HERIDOS;0;0;0;;CALLE 37 SUR CON CARRERA 48;;LAS VEGAS;6.173643245908734, -75.59239554469394;CHOQUE;VEHICULO;NO REPORTADO;RESIDENCIAL;Normal;Desobedecer señales
2240220;1/03/2024;7:40:00 a. m.;Viernes;2024;Marzo;MOTOCICLETA;PARTICULAR;Motociclista;66;MASCULINO;HERIDOS;0;0;0;;TRANSVERSAL 33A SUR CON DIAGONAL 32D;;LA MAGNOLIA;6.17364810169318, -75.58352014937294;CHOQUE;VEHICULO;NO REPORTADO;RESIDENCIAL;Normal;Desobedecer señales
2240229;1/03/2024;9:40:00 p. m.;Viernes;2024;Marzo;MOTOCICLETA;PARTICULAR;Motociclista;36;MASCULINO;HERIDOS;0;0;0;;KILOMETRO 7;el escobero - km 0-13);VEREDA EL ESCOBERO;6.12036, -75.53935;VOLCAMIENTO;NO REPORTADO;NO REPORTADO;NO REPORTADO;Normal;Impericia en el manejo
2240229;1/03/2024;9:40:00 p. m.;Viernes;2024;Marzo;MOTOCICLETA;PARTICULAR;Acompañante;21;FEMENINO;HERIDOS;0;0;0;;KILOMETRO 7;el escobero - km 0-13);VEREDA EL ESCOBERO;6.12036, -75.53935;VOLCAMIENTO;NO REPORTADO;NO REPORTADO;NO REPORTADO;Normal;Impericia en el manejo
2240213;2/03/2024;12:02:00 a. m.;Sábado;2024;Marzo;MOTOCICLETA;PARTICULAR;Motociclista;30;FEMENINO;HERIDOS;0;0;0;;CARRERA 48 CALLE 39 SUR;;LAS VEGAS;6.171788727776994, -75.59383175353878;CHOQUE;VEHICULO;NO REPORTADO;RESIDENCIAL;Normal;Impericia en el manejo
2240214;2/03/2024;6:20:00 a. m.;Sábado;2024;Marzo;MOTOCICLETA;PARTICULAR;Motociclista;18;MASCULINO;HERIDOS;0;0;0;;KILOMETRO 0+500 ;el escobero - km 0-13);VEREDA EL ESCOBERO;6.172479008188228, -75.58539750276888;CHOQUE;VEHICULO;NO REPORTADO;NO REPORTADO;Normal;Desobedecer señales
2240215;2/03/2024;3:10:00 p. m.;Sábado;2024;Marzo;MOTOCICLETA;PARTICULAR;Motociclista;23;MASCULINO;HERIDOS;0;0;0;;KILOMETRO 14+800;medellín palmas envigado (km 12 - km 16+700);VEREDA PALMAS;6.153605922017958, -75.53300882398263;CHOQUE;OBJETO FIJO;BARANDA;NO REPORTADO;Normal;Impericia en el manejo
2240215;2/03/2024;3:10:00 p. m.;Sábado;2024;Marzo;MOTOCICLETA;PARTICULAR;Acompañante;20;FEMENINO;HERIDOS;0;0;0;;KILOMETRO 14+800;medellín palmas envigado (km 12 - km 16+700);VEREDA PALMAS;6.153605922017958, -75.53300882398263;CHOQUE;OBJETO FIJO;BARANDA;NO REPORTADO;Normal;Impericia en el manejo
2240219;2/03/2024;10:40:00 p. m.;Sábado;2024;Marzo;MOTOCICLETA;PARTICULAR;Peaton;30;FEMENINO;HERIDOS;0;0;0;0;CARRERA 40B FRENTE AL #52BSUR-105;;LOMA DEL BARRO;6.155739183399148, -75.6028749905034;ATROPELLO;NO REPORTADO;NO REPORTADO;RESIDENCIAL;Lluvia;Superficie humeda
2240219;2/03/2024;10:40:00 p. m.;Sábado;2024;Marzo;MOTOCICLETA;PARTICULAR;Motociclista;27;MASCULINO;HERIDOS;0;0;0;0;CARRERA 40B FRENTE AL #52BSUR-105;;LOMA DEL BARRO;6.155739183399148, -75.6028749905034;ATROPELLO;NO REPORTADO;NO REPORTADO;RESIDENCIAL;Lluvia;Superficie humeda
2240219;2/03/2024;10:40:00 p. m.;Sábado;2024;Marzo;MOTOCICLETA;PARTICULAR;Peaton;37;FEMENINO;HERIDOS;0;0;0;0;CARRERA 40B FRENTE AL #52BSUR-105;;LOMA DEL BARRO;6.155739183399148, -75.6028749905034;ATROPELLO;NO REPORTADO;NO REPORTADO;RESIDENCIAL;Lluvia;Superficie humeda
2240219;2/03/2024;10:40:00 p. m.;Sábado;2024;Marzo;MOTOCICLETA;PARTICULAR;Peaton;27;FEMENINO;HERIDOS;0;0;0;0;CARRERA 40B FRENTE AL #52BSUR-105;;LOMA DEL BARRO;6.155739183399148, -75.6028749905034;ATROPELLO;NO REPORTADO;NO REPORTADO;RESIDENCIAL;Lluvia;Superficie humeda
2240221;2/03/2024;4:34:00 p. m.;Sábado;2024;Marzo;MOTOCICLETA;PARTICULAR;Motociclista;29;MASCULINO;HERIDOS;0;0;0;;CARRERA 39 CON CALLE 36 SUR;;ZONA CENTRO;6.16964166118572, -75.5843809698939;CHOQUE;VEHICULO;NO REPORTADO;RESIDENCIAL;Normal;Desobedecer señales
2240217;3/03/2024;10:30:00 a. m.;Domingo;2024;Marzo;MOTOCICLETA;PARTICULAR;Motociclista;23;MASCULINO;HERIDOS;0;0;0;;KILOMETRO 13+670;medellín palmas envigado (km 12 - km 16+700);VEREDA PALMAS;6.159130697841434, -75.53199903449284;CHOQUE;OBJETO FIJO;OTRO TIPO;NO REPORTADO;Normal;Impericia en el manejo
2240223;3/03/2024;9:20:00 p. m.;Domingo;2024;Marzo;AUTOMOVIL;PARTICULAR;Acompañante;45;MASCULINO;HERIDOS;0;0;0;;CARRERA 42B CON CALLE 45 A SUR 17;;LA PAZ;6.163321188811796, -75.59349370630048;CHOQUE;VEHICULO;NO REPORTADO;RESIDENCIAL;Normal;No mantener distancia de seguridad
2240223;3/03/2024;9:20:00 p. m.;Domingo;2024;Marzo;AUTOMOVIL;PARTICULAR;Conductor;49;MASCULINO;HERIDOS;0;0;0;;CARRERA 42B CON CALLE 45 A SUR 17;;LA PAZ;6.163321188811796, -75.59349370630048;CHOQUE;VEHICULO;NO REPORTADO;RESIDENCIAL;Normal;No mantener distancia de seguridad
2240224;3/03/2024;3:45:00 p. m.;Domingo;2024;Marzo;CICLOMOTOR;;Ciclista;32;MASCULINO;HERIDOS;0;0;0;;TRANSVERSAL 34A SUR CON DIGONAL 39;;OBRERO;6.171901818566772, -75.58437569734417;CHOQUE;VEHICULO;NO REPORTADO;RESIDENCIAL;Normal;Desobedecer señales
2240230;3/03/2024;10:20:00 a. m.;Domingo;2024;Marzo;MOTOCICLETA;PARTICULAR;Motociclista;20;FEMENINO;HERIDOS;0;0;0;;CARRERA 41 CON CALLE 44 SUR;;EL DORADO;6.164001642182977, -75.59093784585086;CHOQUE;VEHICULO;NO REPORTADO;RESIDENCIAL;Normal;Desobedecer señales
2240231;3/03/2024;10:35:00 a. m.;Domingo;2024;Marzo;MOTOCICLETA;PARTICULAR;Motociclista;32;MASCULINO;HERIDOS;0;0;0;;CALLE 50 SUR FRENTE A # 44-40;;LAS CASITAS;6.161370620890007, -75.60333143170557;CHOQUE;VEHICULO;NO REPORTADO;RESIDENCIAL;Normal;Superficie humeda
2240232;3/03/2024;3:44:00 p. m.;Domingo;2024;Marzo;CAMIONETA;PARTICULAR;Conductor;42;MASCULINO;HERIDOS;0;0;0;;CALLE 36D SUR CON CARRERA 11-173;;VEREDA EL ESCOBERO;6.153141986832369, -75.56382889058179;CHOQUE;VEHICULO;NO REPORTADO;RESIDENCIAL;Normal;Adelantar invadiendo carril de sentido contrario
2240232;3/03/2024;3:44:00 p. m.;Domingo;2024;Marzo;CAMIONETA;PARTICULAR;Acompañante;34;MASCULINO;HERIDOS;0;0;0;;CALLE 36D SUR CON CARRERA 11-173;;VEREDA EL ESCOBERO;6.153141986832369, -75.56382889058179;CHOQUE;VEHICULO;NO REPORTADO;RESIDENCIAL;Normal;Adelantar invadiendo carril de sentido contrario
2240232;3/03/2024;3:44:00 p. m.;Domingo;2024;Marzo;CAMIONETA;PARTICULAR;Acompañante;32;FEMENINO;HERIDOS;0;0;0;;CALLE 36D SUR CON CARRERA 11-173;;VEREDA EL ESCOBERO;6.153141986832369, -75.56382889058179;CHOQUE;VEHICULO;NO REPORTADO;RESIDENCIAL;Normal;Adelantar invadiendo carril de sentido contrario
2240232;3/03/2024;3:44:00 p. m.;Domingo;2024;Marzo;CAMIONETA;PARTICULAR;Acompañante;38;FEMENINO;HERIDOS;0;0;0;;CALLE 36D SUR CON CARRERA 11-173;;VEREDA EL ESCOBERO;6.153141986832369, -75.56382889058179;CHOQUE;VEHICULO;NO REPORTADO;RESIDENCIAL;Normal;Adelantar invadiendo carril de sentido contrario
2240232;3/03/2024;3:44:00 p. m.;Domingo;2024;Marzo;AUTOMOVIL;PARTICULAR;Conductor;18;MASCULINO;HERIDOS;0;0;0;;CALLE 36D SUR CON CARRERA 11-173;;VEREDA EL ESCOBERO;6.153141986832369, -75.56382889058179;CHOQUE;VEHICULO;NO REPORTADO;RESIDENCIAL;Normal;Adelantar invadiendo carril de sentido contrario
2240233;4/03/2024;12:35:00 p. m.;Lunes;2024;Marzo;MOTOCICLETA;PARTICULAR;Motociclista;27;FEMENINO;HERIDOS;0;0;0;;CARRERA 43A CON CALLE 38 SUR;;ALCALA;6.170469844548444, -75.58864056631975;CHOQUE;VEHICULO;NO REPORTADO;RESIDENCIAL;Normal;Desobedecer señales
2240237;4/03/2024;7:40:00 a. m.;Lunes;2024;Marzo;MOTOCICLETA;PARTICULAR;Acompañante;46;FEMENINO;HERIDOS;0;0;0;;CALLE 25A SUR CON CARRERA 46;;VILLA GRANDE;6.182772545265724, -75.58299124579361;CHOQUE;VEHICULO;NO REPORTADO;RESIDENCIAL;Normal;Girar bruscamente
2240238;4/03/2024;8:20:00 p. m.;Lunes;2024;Marzo;MOTOCICLETA;PARTICULAR;Acompañante;52;FEMENINO;HERIDOS;0;0;0;;CALLE 50 SUR CON CARRERA 48;;LAS VEGAS;6.162072458716961, -75.60353659646475;CHOQUE;VEHICULO;NO REPORTADO;RESIDENCIAL;Normal;No mantener distancia de seguridad  -  Superficie lisa
2240238;4/03/2024;8:20:00 p. m.;Lunes;2024;Marzo;MOTOCICLETA;PARTICULAR;Motociclista;27;FEMENINO;HERIDOS;0;0;0;;CALLE 50 SUR CON CARRERA 48;;LAS VEGAS;6.162072458716961, -75.60353659646475;CHOQUE;VEHICULO;NO REPORTADO;RESIDENCIAL;Normal;No mantener distancia de seguridad  -  Superficie lisa
2240240;4/03/2024;8:10:00 a. m.;Lunes;2024;Marzo;MOTOCICLETA;PARTICULAR;Motociclista;39;MASCULINO;HERIDOS;0;0;0;;CALLE 39B SUR CON CARRERA 32;;SAN JOSE;6.163878971407735, -75.58295802936195;CHOQUE;VEHICULO;NO REPORTADO;RESIDENCIAL;Normal;No respetar pelacion de interseccion o giros
2240234;5/03/2024;11:40:00 a. m.;Martes;2024;Marzo;MOTOCICLETA;PARTICULAR;Motociclista;29;FEMENINO;HERIDOS;0;0;0;;CARRERA 48 CALLE 48CSUR;;LAS VEGAS;6.163752014289914, -75.60186040840237;CHOQUE;VEHICULO;NO REPORTADO;RESIDENCIAL;Normal;Desobedecer señales
2240235;5/03/2024;5:00:00 p. m.;Martes;2024;Marzo;AUTOMOVIL;;Peaton;57;MASCULINO;HERIDOS;0;0;0;;CARRERA 48 FENTE AL # 49SUR-50;;LAS CASITAS;6.162193312755678, -75.60322990552226;ATROPELLO;NO REPORTADO;NO REPORTADO;RESIDENCIAL;Normal;Desobedecer señales
2240236;5/03/2024;10:10:00 a. m.;Martes;2024;Marzo;MOTOCICLETA;PARTICULAR;Motociclista;28;MASCULINO;HERIDOS;0;0;0;;CARRERA 48 CALLE 25ASUR;;LAS VEGAS;6.185105482888381, -75.58368299588109;CHOQUE;VEHICULO;NO REPORTADO;RESIDENCIAL;Normal;Desobedecer señales
2240239;5/03/2024;10:05:00 a. m.;Martes;2024;Marzo;MOTOCICLETA;PARTICULAR;Motociclista;33;MASCULINO;HERIDOS;0;0;0;;KILOMETRO 14+110;medellín palmas envigado (km 12 - km 16+700);VEREDA PALMAS;6.1570684241846445, -75.54669388123231;CAIDA OCUPANTE;NO REPORTADO;NO REPORTADO;NO REPORTADO;Normal;Impericia en el manejo
2240239;5/03/2024;10:05:00 a. m.;Martes;2024;Marzo;MOTOCICLETA;PARTICULAR;Acompañante;43;MASCULINO;HERIDOS;0;0;0;;KILOMETRO 14+110;medellín palmas envigado (km 12 - km 16+700);VEREDA PALMAS;6.1570684241846445, -75.54669388123231;CAIDA OCUPANTE;NO REPORTADO;NO REPORTADO;NO REPORTADO;Normal;Impericia en el manejo
2240241;5/03/2024;6:50:00 a. m.;Martes;2024;Marzo;MOTOCICLETA;PARTICULAR;Motociclista;29;FEMENINO;HERIDOS;0;0;0;;CARRERA 48 FRENTE AL # 46ASUR-184;;LAS VEGAS;6.165370623642842, -75.60024578036784;CHOQUE;VEHICULO;NO REPORTADO;RESIDENCIAL;Normal;No mantener distancia de seguridad
2240242;5/03/2024;9:10:00 a. m.;Martes;2024;Marzo;AUTOMOVIL;PARTICULAR;Peaton;29;MASCULINO;HERIDOS;0;0;0;;CARRERA 27 FRENTE AL #36BSUR-04;;EL CHOCHO;6.164689611974944, -75.56986716222129;CHOQUE;OBJETO FIJO;OTRO TIPO;RESIDENCIAL;Normal;Impericia en el manejo
2240243;5/03/2024;6:55:00 p. m.;Martes;2024;Marzo;MOTOCICLETA;PARTICULAR;Motociclista;33;MASCULINO;HERIDOS;0;0;0;;DIAGONAL 31C TRANSVERSAL 33ASUR;;LAS FLORES;6.1745525673015775, -75.58045459499108;CHOQUE;VEHICULO;NO REPORTADO;RESIDENCIAL;Normal;Desobedecer al agente
2240246;6/03/2024;6:40:00 p. m.;Miércoles;2024;Marzo;MOTOCICLETA;PARTICULAR;Motociclista;27;MASCULINO;HERIDOS;0;0;0;;CALLE 40F SUR CON CARRERA 25A 23;;LA MINA;6.154966139498369, -75.58264730911762;ATROPELLO;NO REPORTADO;NO REPORTADO;RESIDENCIAL;Normal;Desobedecer señales
2240246;6/03/2024;6:40:00 p. m.;Miércoles;2024;Marzo;MOTOCICLETA;PARTICULAR;Peaton;63;FEMENINO;HERIDOS;0;0;0;;CALLE 40F SUR CON CARRERA 25A 23;;LA MINA;6.154966139498369, -75.58264730911762;ATROPELLO;NO REPORTADO;NO REPORTADO;RESIDENCIAL;Normal;Desobedecer señales
2240244;7/03/2024;9:45:00 p. m.;Jueves;2024;Marzo;MOTOCICLETA;PARTICULAR;Motociclista;24;MASCULINO;HERIDOS;0;0;0;;CALLE 40SUR ENTRE CARRERA 25 y CARRERA 26;;EL SALADO;6.158094072294523, -75.58081365667668;CHOQUE;VEHICULO;NO REPORTADO;RESIDENCIAL;Normal;Transitar en contravia
2240244;7/03/2024;9:45:00 p. m.;Jueves;2024;Marzo;MOTOCICLETA;PARTICULAR;Motociclista;34;MASCULINO;HERIDOS;0;0;0;;CALLE 40SUR ENTRE CARRERA 25 y CARRERA 26;;EL SALADO;6.158094072294523, -75.58081365667668;CHOQUE;VEHICULO;NO REPORTADO;RESIDENCIAL;Normal;Transitar en contravia
2240247;7/03/2024;12:20:00 p. m.;Jueves;2024;Marzo;MOTOCICLETA;PARTICULAR;Acompañante;50;MASCULINO;HERIDOS;0;0;0;;KILOMETRO 14 + 900;medellín palmas envigado (km 12 - km 16+700);VEREDA PALMAS;6.152428865448503, -75.5466343771415;VOLCAMIENTO;NO REPORTADO;NO REPORTADO;NO REPORTADO;Normal;Desobedecer señales
2240247;7/03/2024;12:20:00 p. m.;Jueves;2024;Marzo;MOTOCICLETA;PARTICULAR;Motociclista;25;MASCULINO;HERIDOS;0;0;0;;KILOMETRO 14 + 900;medellín palmas envigado (km 12 - km 16+700);VEREDA PALMAS;6.152428865448503, -75.5466343771415;VOLCAMIENTO;NO REPORTADO;NO REPORTADO;NO REPORTADO;Normal;Desobedecer señales
2240252;7/03/2024;2:30:00 p. m.;Jueves;2024;Marzo;MOTOCICLETA;PARTICULAR;Motociclista;19;FEMENINO;HERIDOS;0;0;0;;DIAGONAL 40 TRANSVERSAL 33B SUR;;ZONA CENTRO;6.172486636092749, -75.5854401583077;CHOQUE;VEHICULO;NO REPORTADO;RESIDENCIAL;Normal;Adelantar invadiendo carril del mismo sentido en zigzag
2240321;7/03/2024;6:50:00 a. m.;Jueves;2024;Marzo;MOTOCICLETA;PARTICULAR;Motociclista;38;MASCULINO;HERIDOS;0;0;0;;KILOMETRO 15 + 900;medellín palmas envigado (km 12 - km 16+700);VEREDA PALMAS;6.153096125834417, -75.5394969683142;CHOQUE;OBJETO FIJO;BARANDA;NO REPORTADO;Normal;Otra-Vehículo  -  Superficie lisa
2240321;7/03/2024;6:50:00 a. m.;Jueves;2024;Marzo;MOTOCICLETA;PARTICULAR;Motociclista;37;MASCULINO;HERIDOS;0;0;0;;KILOMETRO 15 + 900;medellín palmas envigado (km 12 - km 16+700);VEREDA PALMAS;6.153096125834417, -75.5394969683142;CHOQUE;OBJETO FIJO;BARANDA;NO REPORTADO;Normal;Otra-Vehículo  -  Superficie lisa
2240256;8/03/2024;4:37:00 p. m.;Viernes;2024;Marzo;MOTOCICLETA;PARTICULAR;Motociclista;61;MASCULINO;HERIDOS;0;0;0;;CALLE 36D SUR CON CARRERA 27;;LA PRADERA;6.158534737658366, -75.57159508458332;CHOQUE;VEHICULO;NO REPORTADO;RESIDENCIAL;Normal;No mantener distancia de seguridad
2240258;8/03/2024;5:30:00 p. m.;Viernes;2024;Marzo;MOTOCICLETA;PARTICULAR;Motociclista;49;MASCULINO;HERIDOS;0;0;0;;KILOMETRO 6 + 550;retiro varia palmas enviga (km 5+43 - km 14+ 550);VEREDA PERICO;6.1680405112005365, -75.48638289002307;CHOQUE;VEHICULO;NO REPORTADO;NO REPORTADO;Normal;Desobedecer señales  -  No mantener distancia de seguridad
2240258;8/03/2024;5:30:00 p. m.;Viernes;2024;Marzo;MOTOCICLETA;PARTICULAR;Motociclista;30;MASCULINO;HERIDOS;0;0;0;;KILOMETRO 6 + 550;retiro varia palmas enviga (km 5+43 - km 14+ 550);VEREDA PERICO;6.1680405112005365, -75.48638289002307;CHOQUE;VEHICULO;NO REPORTADO;NO REPORTADO;Normal;Desobedecer señales  -  No mantener distancia de seguridad
2240248;9/03/2024;8:40:00 p. m.;Sábado;2024;Marzo;MOTOCICLETA;PARTICULAR;Peaton;35;MASCULINO;HERIDOS;0;0;0;;CALLE 40 SUR CON CARRERA 28B 96;;SAN JOSE;6.160790157617799, -75.58156457317672;ATROPELLO;NO REPORTADO;NO REPORTADO;RESIDENCIAL;Normal;Cruzar sin observar
2240249;9/03/2024;6:40:00 a. m.;Sábado;2024;Marzo;MOTOCICLETA;PARTICULAR;Motociclista;50;MASCULINO;HERIDOS;0;0;0;;CARRERA 49 CON CALLE 46A SUR 16;;LAS VEGAS;6.166743631896352, -75.60096708778009;CHOQUE;VEHICULO;NO REPORTADO;RESIDENCIAL;Normal;Impericia en el manejo
2240249;9/03/2024;6:40:00 a. m.;Sábado;2024;Marzo;MOTOCICLETA;PARTICULAR;Acompañante;32;FEMENINO;HERIDOS;0;0;0;;CARRERA 49 CON CALLE 46A SUR 16;;LAS VEGAS;6.166743631896352, -75.60096708778009;CHOQUE;VEHICULO;NO REPORTADO;RESIDENCIAL;Normal;Impericia en el manejo
2240249;9/03/2024;6:40:00 a. m.;Sábado;2024;Marzo;MOTOCICLETA;PARTICULAR;Motociclista;29;MASCULINO;HERIDOS;0;0;0;;CARRERA 49 CON CALLE 46A SUR 16;;LAS VEGAS;6.166743631896352, -75.60096708778009;CHOQUE;VEHICULO;NO REPORTADO;RESIDENCIAL;Normal;Impericia en el manejo
2240250;9/03/2024;5:00:00 p. m.;Sábado;2024;Marzo;AUTOMOVIL;PUBLICO;Conductor;53;MASCULINO;HERIDOS;0;0;0;;CARRERA 30 CON CALLE 40F SUR 74;;SAN RAFAEL;6.160542807612505, -75.58475288674575;CHOQUE;VEHICULO;NO REPORTADO;RESIDENCIAL;Normal;Impericia en el manejo
2240264;9/03/2024;7:25:00 a. m.;Sábado;2024;Marzo;MOTOCICLETA;PARTICULAR;Motociclista;44;MASCULINO;HERIDOS;0;0;0;;KILOMETRO 3+100;el escobero - km 0-13);VEREDA EL ESCOBERO;6.135505071265685, -75.55461980324718;OTRO;NO REPORTADO;NO REPORTADO;NO REPORTADO;Normal;Otra-Conductor
2240245;10/03/2024;8:45:00 p. m.;Domingo;2024;Marzo;MOTOCICLETA;PARTICULAR;Acompañante;37;MASCULINO;HERIDOS;0;0;0;;CALLE 36D SUR ENTRE CARRERA 22 y CARRERA 23;;VEREDA EL ESCOBERO;6.151472607030317, -75.56327668635947;CAIDA OCUPANTE;NO REPORTADO;NO REPORTADO;RESIDENCIAL;Normal;Impericia en el manejo
2240251;10/03/2024;10:07:00 a. m.;Domingo;2024;Marzo;MOTOCICLETA;PARTICULAR;Motociclista;23;MASCULINO;HERIDOS;0;0;0;;CARRERA 50 CON CALLE 43A;;LAS VEGAS;6.169766380682029, -75.60174494866843;CHOQUE;VEHICULO;NO REPORTADO;RESIDENCIAL;Normal;Desobedecer señales
2240251;10/03/2024;10:07:00 a. m.;Domingo;2024;Marzo;BICICLETA;;Ciclista;54;MASCULINO;HERIDOS;0;0;0;;CARRERA 50 CON CALLE 43A;;LAS VEGAS;6.169766380682029, -75.60174494866843;CHOQUE;VEHICULO;NO REPORTADO;RESIDENCIAL;Normal;Desobedecer señales
2240251;10/03/2024;10:07:00 a. m.;Domingo;2024;Marzo;MOTOCICLETA;PARTICULAR;Acompañante;21;FEMENINO;HERIDOS;0;0;0;;CARRERA 50 CON CALLE 43A;;LAS VEGAS;6.169766380682029, -75.60174494866843;CHOQUE;VEHICULO;NO REPORTADO;RESIDENCIAL;Normal;Desobedecer señales
2240253;10/03/2024;2:25:00 p. m.;Domingo;2024;Marzo;MOTOCICLETA;OFICIAL;Acompañante;38;MASCULINO;HERIDOS;0;0;0;;DIAGONAL 32 CON TRANSVERSAL 36 SUR 143;;LOS NARANJOS;6.166767081860774, -75.58114156515552;CHOQUE;VEHICULO;NO REPORTADO;RESIDENCIAL;Normal;No mantener distancia de seguridad
2240254;10/03/2024;8:50:00 p. m.;Domingo;2024;Marzo;MOTOCICLETA;PARTICULAR;Motociclista;20;MASCULINO;HERIDOS;0;0;0;;DIAGONAL 31A CON TRANSVERSAL 35 SUR 15;;LA SEBASTIANA;6.171165624421697, -75.57997815686731;CHOQUE;VEHICULO;NO REPORTADO;RESIDENCIAL;Normal;No respetar pelacion de interseccion o giros
2240255;10/03/2024;12:45:00 p. m.;Domingo;2024;Marzo;MOTOCICLETA;PARTICULAR;Motociclista;54;MASCULINO;HERIDOS;0;0;0;;CARRERA 24F CON CALLE 40 SUR 41;;EL SALADO;6.150662431828333, -75.57833053832458;VOLCAMIENTO;NO REPORTADO;NO REPORTADO;RESIDENCIAL;Normal;Impericia en el manejo
2240257;10/03/2024;9:30:00 p. m.;Domingo;2024;Marzo;MOTOCICLETA;PARTICULAR;Motociclista;33;MASCULINO;HERIDOS;0;0;0;;CALLE 37 SUR CON CARRERA 28C 78;;LA PRADERA;6.165873728041513, -75.57912110006545;VOLCAMIENTO;NO REPORTADO;NO REPORTADO;RESIDENCIAL;Normal;Embriaguez aparente
2240259;11/03/2024;11:00:00 a. m.;Lunes;2024;Marzo;AUTOMOVIL;PARTICULAR;Conductor;37;MASCULINO;HERIDOS;0;0;0;;CALLE 37SUR CARRERA 39;;ZONA CENTRO;6.168881358865688, -75.58488943147327;CHOQUE;VEHICULO;NO REPORTADO;RESIDENCIAL;Normal;Impericia en el manejo
2240260;11/03/2024;8:05:00 p. m.;Lunes;2024;Marzo;MOTOCICLETA;PARTICULAR;Motociclista;42;MASCULINO;HERIDOS;0;0;0;;CARRERA 43A CALLE 40HSUR;;EL DORADO;6.167917508275468, -75.5902057904558;CHOQUE;VEHICULO;NO REPORTADO;RESIDENCIAL;Normal;Adelantar en zona prohibida  -  Transitar entre vehiculos
2240261;11/03/2024;10:45:00 a. m.;Lunes;2024;Marzo;CAMIONETA;PARTICULAR;Acompañante;67;MASCULINO;HERIDOS;0;0;0;;KILOMETRO 15+810;medellín palmas envigado (km 12 - km 16+700);VEREDA PALMAS;6.152979412749249, -75.53990979371535;CHOQUE;VEHICULO;NO REPORTADO;NO REPORTADO;Lluvia;Impericia en el manejo
2240261;11/03/2024;10:45:00 a. m.;Lunes;2024;Marzo;CAMIONETA;PARTICULAR;Conductor;64;FEMENINO;HERIDOS;0;0;0;;KILOMETRO 15+810;medellín palmas envigado (km 12 - km 16+700);VEREDA PALMAS;6.152979412749249, -75.53990979371535;CHOQUE;VEHICULO;NO REPORTADO;NO REPORTADO;Lluvia;Impericia en el manejo
2240263;11/03/2024;7:00:00 a. m.;Lunes;2024;Marzo;MOTOCICLETA;PARTICULAR;Peaton;42;MASCULINO;HERIDOS;0;0;0;;CALLE 38ASUR CARRERA 33;;MESA;6.165547031723602, -75.58260891954083;CHOQUE;VEHICULO;NO REPORTADO;RESIDENCIAL;Normal;Desobedecer señales
2240263;11/03/2024;7:00:00 a. m.;Lunes;2024;Marzo;MOTOCICLETA;PARTICULAR;Motociclista;19;MASCULINO;HERIDOS;0;0;0;;CALLE 38ASUR CARRERA 33;;MESA;6.165547031723602, -75.58260891954083;CHOQUE;VEHICULO;NO REPORTADO;RESIDENCIAL;Normal;Desobedecer señales
2240262;12/03/2024;1:30:00 p. m.;Martes;2024;Marzo;BUS;PUBLICO;Pasajero;10;MASCULINO;HERIDOS;0;0;0;;CARRERA 43A ENTRE CALLE 46ASUR y CALLE 48CSUR;;PRIMAVERA;6.162723444255822, -75.59694296373469;CAIDA OCUPANTE;NO REPORTADO;NO REPORTADO;RESIDENCIAL;Normal;Otra-Conductor