NRO_RADICADO;FECHA_ACCIDENTE;HORA_ACCIDENTE;Día de la semana;AÑO;MES;CLASE_VEHICULO;TIPO_SERVICIO;TIPO_VICTIMA;EDAD;GENERO;GRAVEDAD;ESTADO_BEODEZ;ESTADO_DROGA;RESULTADO_BEODEZ;RESUL_BEODEZ_GRAMOS;DIRECCION_CARACT_VIA;TRAMO_VIA;LOCALIDAD_O_COMUNA;    GEORREFERENCIACIÓN;DESC_CLASE_ACCIDENTE;DESC_CHOQUE_ACCIDENTE;DESC_OBJETO_FIJO;DESC_SECTOR_ACCIDENTE;CONDICION_CLIMATICA;CAUSA_ACCIDENTE
2240265;12/03/2024;10:20:00 a. m.;Martes;2024;Marzo;MOTOCICLETA;PARTICULAR;Motociclista;48;FEMENINO;HERIDOS;0;0;0;;CARRERA 43A CALLE 39SUR;;ZONA CENTRO;6.169072587245623, -75.58965540069894;CHOQUE;VEHICULO;NO REPORTADO;RESIDENCIAL;Normal;Impericia en el manejo
2240266;12/03/2024;7:24:00 a. m.;Martes;2024;Marzo;MOTOCICLETA;PARTICULAR;Acompañante;26;FEMENINO;HERIDOS;0;0;0;;CARRERA 50 ENTRE CALLE 25 A SUR Y CALLE 25SUR;;LAS VEGAS;6.186010, -75.585699;CHOQUE;VEHICULO;NO REPORTADO;RESIDENCIAL;Normal;No mantener distancia de seguridad
2240267;12/03/2024;7:35:00 a. m.;Martes;2024;Marzo;MOTOCICLETA;PARTICULAR;Peaton;59;MASCULINO;HERIDOS;0;0;0;;CARRERA 48 CALLE 49SUR;;LAS VEGAS;6.164512513178264, -75.60127474635934;ATROPELLO;NO REPORTADO;NO REPORTADO;RESIDENCIAL;Normal;Otra-Conductor
2240268;13/03/2024;7:10:00 a. m.;Miércoles;2024;Marzo;BICICLETA;;Ciclista;31;MASCULINO;HERIDOS;0;0;0;;KILOMETRO 11+800;medellín palmas envigado (km 12 - km 16+700);VEREDA PALMAS;6.159616221619788, -75.5160771186653;CHOQUE;VEHICULO;NO REPORTADO;NO REPORTADO;Normal;Salirse de la calzada
2240269;14/03/2024;11:40:00 p. m.;Jueves;2024;Marzo;CAMIONETA;OFICIAL;Acompañante;37;MASCULINO;HERIDOS;0;0;0;;CARRERA 39 CALLE 38SUR;;ZONA CENTRO;6.16825876572385, -75.58528443646705;CHOQUE;VEHICULO;NO REPORTADO;RESIDENCIAL;Normal;Semaforo en rojo
2240270;14/03/2024;5:50:00 a. m.;Jueves;2024;Marzo;MOTOCICLETA;PARTICULAR;Motociclista;21;MASCULINO;HERIDOS;0;0;0;;CARRERA 29A FRENTE AL # 38SUR-45;;MESA;6.164525289161048, -75.5808561069031;CHOQUE;VEHICULO;NO REPORTADO;RESIDENCIAL;Normal;No mantener distancia de seguridad
2240272;14/03/2024;3:25:00 p. m.;Jueves;2024;Marzo;MOTOCICLETA;PARTICULAR;Motociclista;36;MASCULINO;HERIDOS;0;0;0;;CARRERA 34 CALLE 39BSUR;;MESA;6.164483239134052, -75.58399722459967;CHOQUE;VEHICULO;NO REPORTADO;RESIDENCIAL;Normal;Desobedecer señales
2240272;14/03/2024;3:25:00 p. m.;Jueves;2024;Marzo;BICICLETA;;Ciclista;17;MASCULINO;HERIDOS;0;0;0;;CARRERA 34 CALLE 39BSUR;;MESA;6.164483239134052, -75.58399722459967;CHOQUE;VEHICULO;NO REPORTADO;RESIDENCIAL;Normal;Desobedecer señales
2240275;14/03/2024;7:20:00 p. m.;Jueves;2024;Marzo;BICICLETA;;Ciclista;23;MASCULINO;HERIDOS;0;0;0;;CARRERA 48 CALLE 30SUR;;LAS VEGAS;6.179496718217783, -75.58819458527805;CHOQUE;VEHICULO;NO REPORTADO;RESIDENCIAL;Normal;Desobedecer señales
2240271;15/03/2024;10:50:00 a. m.;Viernes;2024;Marzo;MOTOCICLETA;PARTICULAR;Motociclista;19;MASCULINO;HERIDOS;0;0;0;;KILOMETRO 13+710;medellín palmas envigado (km 12 - km 16+700);VEREDA PALMAS;6.159908142889409, -75.54555038895415;CHOQUE;OBJETO FIJO;OTRO TIPO;NO REPORTADO;Normal;Otra-Conductor
2240276;15/03/2024;7:40:00 a. m.;Viernes;2024;Marzo;MOTOCICLETA;PARTICULAR;Motociclista;21;MASCULINO;HERIDOS;0;0;0;;CALLE 25SUR FRENTE AL # 4-315;;VEREDA PALMAS;6.14674990138171, -75.5326867341488;CHOQUE;VEHICULO;NO REPORTADO;RESIDENCIAL;Normal;Desobedecer señales
2240277;15/03/2024;6:10:00 a. m.;Viernes;2024;Marzo;MOTOCICLETA;PARTICULAR;Acompañante;43;FEMENINO;HERIDOS;0;0;0;;CARRERA 48 CALLE 48 SUR;;LAS VEGAS;6.164512513178264, -75.60127474635934;CHOQUE;VEHICULO;NO REPORTADO;RESIDENCIAL;Normal;Adelantar cerrando
2240277;15/03/2024;6:10:00 a. m.;Viernes;2024;Marzo;MOTOCICLETA;PARTICULAR;Motociclista;20;FEMENINO;HERIDOS;0;0;0;;CARRERA 48 CALLE 48 SUR;;LAS VEGAS;6.164512513178264, -75.60127474635934;CHOQUE;VEHICULO;NO REPORTADO;RESIDENCIAL;Normal;Adelantar cerrando
2240278;15/03/2024;8:00:00 a. m.;Viernes;2024;Marzo;MOTOCICLETA;PARTICULAR;Motociclista;28;MASCULINO;HERIDOS;0;0;0;;CARRERA 43A CALLE 25SUR;;BOSQUES DE ZUÑIGA;6.181544601777213, -75.58127632520977;CHOQUE;VEHICULO;NO REPORTADO;RESIDENCIAL;Normal;Desobedecer señales
2240278;15/03/2024;8:00:00 a. m.;Viernes;2024;Marzo;MOTOCICLETA;PARTICULAR;Acompañante;53;FEMENINO;HERIDOS;0;0;0;;CARRERA 43A CALLE 25SUR;;BOSQUES DE ZUÑIGA;6.181544601777213, -75.58127632520977;CHOQUE;VEHICULO;NO REPORTADO;RESIDENCIAL;Normal;Desobedecer señales
2240279;15/03/2024;8:40:00 a. m.;Viernes;2024;Marzo;MOTOCICLETA;PARTICULAR;Acompañante;29;MASCULINO;HERIDOS;0;0;0;;DIAGONAL 32B TRANSVERSAL 32ASUR;;LA MAGNOLIA;6.175348546272199, -75.58330585988779;CHOQUE;VEHICULO;NO REPORTADO;RESIDENCIAL;Normal;Desobedecer señales
2240279;15/03/2024;8:40:00 a. m.;Viernes;2024;Marzo;MOTOCICLETA;PARTICULAR;Motociclista;22;MASCULINO;HERIDOS;0;0;0;;DIAGONAL 32B TRANSVERSAL 32ASUR;;LA MAGNOLIA;6.175348546272199, -75.58330585988779;CHOQUE;VEHICULO;NO REPORTADO;RESIDENCIAL;Normal;Desobedecer señales
2240273;16/03/2024;8:44:00 p. m.;Sábado;2024;Marzo;MOTOCICLETA;PARTICULAR;Peaton;44;MASCULINO;HERIDOS;0;0;0;;DIAGONAL 32 FRENTE AL # 35DSUR 19;;LOS NARANJOS;6.168470964218234, -75.58064401396996;ATROPELLO;NO REPORTADO;NO REPORTADO;RESIDENCIAL;Normal;Adelantar por la derecha  -  Recoger o dejar pasajeros en calzada
2240280;16/03/2024;8:10:00 a. m.;Sábado;2024;Marzo;BICICLETA;;Ciclista;56;MASCULINO;HERIDOS;0;0;0;;CALLE 36D SUR FRENTE AL #22-200;;VEREDA EL ESCOBERO;6.1475861167196735, -75.56173099228808;CHOQUE;VEHICULO;NO REPORTADO;RESIDENCIAL;Normal;Girar bruscamente  -  Transitar distante de la acera u orilla 
2240283;16/03/2024;5:15:00 p. m.;Sábado;2024;Marzo;MOTOCICLETA;PARTICULAR;Motociclista;23;MASCULINO;HERIDOS;0;0;0;;KILOMETRO 10+600;retiro varia palmas enviga (km 5+43 - km 14+ 550);VEREDA PALMAS;6.160952277833796, -75.50865134385602;CHOQUE;VEHICULO;NO REPORTADO;NO REPORTADO;Normal;Realizar giro en U
2240283;16/03/2024;5:15:00 p. m.;Sábado;2024;Marzo;MOTOCICLETA;PARTICULAR;Acompañante;19;FEMENINO;HERIDOS;0;0;0;;KILOMETRO 10+600;retiro varia palmas enviga (km 5+43 - km 14+ 550);VEREDA PALMAS;6.160952277833796, -75.50865134385602;CHOQUE;VEHICULO;NO REPORTADO;NO REPORTADO;Normal;Realizar giro en U
2240274;17/03/2024;5:13:00 p. m.;Domingo;2024;Marzo;MOTOCICLETA;PARTICULAR;Motociclista;20;MASCULINO;HERIDOS;0;0;0;;CALLE 36DSUR FRENTE AL #23-70;;VEREDA EL ESCOBERO;6.152906864157815, -75.56511479282284;CHOQUE;VEHICULO;NO REPORTADO;RESIDENCIAL;Normal;Otra-Vehículo
2240282;17/03/2024;1:04:00 p. m.;Domingo;2024;Marzo;AUTOMOVIL;PARTICULAR;Conductor;24;MASCULINO;HERIDOS;1;0;3;180;CALLE 25 SUR FRENTE AL # 46-191;;BOSQUES DE ZUÑIGA;6.18410020914479, -75.58275009617645;VOLCAMIENTO;NO REPORTADO;NO REPORTADO;RESIDENCIAL;Normal;Embriaguez o droga
2240284;17/03/2024;11:30:00 p. m.;Domingo;2024;Marzo;MOTOCICLETA;PARTICULAR;Motociclista;30;MASCULINO;HERIDOS;0;0;0;;DIAGONAL 31D ENTRE TRANSVERSAL 33SUR y TRANSVERSAL 32CSUR;;LA MAGNOLIA;6.175248653827667, -75.58087665484648;CAIDA OCUPANTE;NO REPORTADO;NO REPORTADO;RESIDENCIAL;Normal;Impericia en el manejo
2240285;17/03/2024;11:20:00 a. m.;Domingo;2024;Marzo;BICICLETA;;Ciclista;67;MASCULINO;HERIDOS;0;0;0;;CARRERA 50 CALLE 46ASUR;;LAS VEGAS;6.167500960972688, -75.60237622797503;CHOQUE;VEHICULO;NO REPORTADO;RESIDENCIAL;Normal;Desobedecer señales
2240286;17/03/2024;2:20:00 p. m.;Domingo;2024;Marzo;MOTOCICLETA;PARTICULAR;Motociclista;25;MASCULINO;HERIDOS;0;0;0;;CARRERA 31 CALLE 38 ASUR;;MESA;6.165482825639855, -75.58121633541008;CHOQUE;VEHICULO;NO REPORTADO;RESIDENCIAL;Normal;Desobedecer señales
2240281;18/03/2024;4:56:00 p. m.;Lunes;2024;Marzo;MOTOCICLETA;PARTICULAR;Motociclista;32;MASCULINO;HERIDOS;0;0;0;;CARRERA 50 CALLE 25SUR;;LAS VEGAS;6.177690, -75.592561;CHOQUE;VEHICULO;NO REPORTADO;RESIDENCIAL;Normal;Otra-Conductor
2240287;18/03/2024;4:07:00 p. m.;Lunes;2024;Marzo;MOTOCICLETA;PARTICULAR;Motociclista;39;MASCULINO;HERIDOS;0;0;0;;CARRERA 27 CALLE 23SUR;;ZUÑIGA;6.176695954699753, -75.56760556840894;CHOQUE;VEHICULO;NO REPORTADO;RESIDENCIAL;Normal;No respetar pelacion de interseccion o giros
2240288;18/03/2024;9:40:00 a. m.;Lunes;2024;Marzo;MOTOCICLETA;PARTICULAR;Motociclista;38;MASCULINO;HERIDOS;0;0;0;;CALLE 39SUR CARRERA 38;;MESA;6.166528, -75.585601;CHOQUE;VEHICULO;NO REPORTADO;RESIDENCIAL;Normal;Desobedecer señales
2240289;18/03/2024;8:10:00 a. m.;Lunes;2024;Marzo;MOTOCICLETA;PARTICULAR;Motociclista;22;MASCULINO;HERIDOS;0;0;0;;CALLE 37ASUR ENTRE CARRERA 29 y CARRERA 29A;;LA PRADERA;6.165939823018239, -75.57964021281072;CAIDA OCUPANTE;NO REPORTADO;NO REPORTADO;RESIDENCIAL;Normal;Defectos fisicos y psiquicos
2240290;18/03/2024;12:40:00 p. m.;Lunes;2024;Marzo;MOTOCICLETA;PARTICULAR;Motociclista;24;MASCULINO;HERIDOS;0;0;0;;TRANSVERSAL 34BSUR  DIAGONAL 39;;OBRERO;6.171459353548223, -75.58421881000142;CHOQUE;VEHICULO;NO REPORTADO;RESIDENCIAL;Normal;Desobedecer señales
2240296;18/03/2024;10:50:00 a. m.;Lunes;2024;Marzo;MOTOCICLETA;PARTICULAR;Acompañante;29;FEMENINO;HERIDOS;0;0;0;;CARRERA 50 FRENTE  AL # 26SUR-70;;LAS VEGAS;6.184373392216549, -75.58760485661236;CHOQUE;VEHICULO;NO REPORTADO;RESIDENCIAL;Normal;No mantener distancia de seguridad
2240296;18/03/2024;10:50:00 a. m.;Lunes;2024;Marzo;MOTOCICLETA;PARTICULAR;Motociclista;30;MASCULINO;HERIDOS;0;0;0;;CARRERA 50 FRENTE  AL # 26SUR-70;;LAS VEGAS;6.184373392216549, -75.58760485661236;CHOQUE;VEHICULO;NO REPORTADO;RESIDENCIAL;Normal;No mantener distancia de seguridad
2240292;19/03/2024;5:49:00 p. m.;Martes;2024;Marzo;MOTOCICLETA;PARTICULAR;Motociclista;24;MASCULINO;HERIDOS;0;0;0;;CARRERA 49 ENTRE CALLE 50SUR y CALLE 47SUR;;LAS VEGAS;6.1633429894820955, -75.60424705463502;CAIDA OCUPANTE;NO REPORTADO;NO REPORTADO;INDUSTRIAL;Normal;Impericia en el manejo
2240293;19/03/2024;7:00:00 p. m.;Martes;2024;Marzo;MOTOCICLETA;PARTICULAR;Motociclista;23;MASCULINO;HERIDOS;0;0;0;;KILOMETRO 7+090;pantanill;VEREDA PANTANILLO;6.171218343967402, -75.49008715109834;CHOQUE;VEHICULO;NO REPORTADO;NO REPORTADO;Normal;Girar bruscamente
2240294;19/03/2024;9:40:00 a. m.;Martes;2024;Marzo;MOTOCICLETA;PARTICULAR;Motociclista;27;MASCULINO;HERIDOS;0;0;0;;CARRERA 50 FRENTE AL # 25SUR-38;;LAS VEGAS;6.186742441350321, -75.58464642917583;CHOQUE;VEHICULO;NO REPORTADO;RESIDENCIAL;Normal;No mantener distancia de seguridad
2240295;19/03/2024;12:20:00 p. m.;Martes;2024;Marzo;MOTOCICLETA;PARTICULAR;Peaton;52;MASCULINO;HERIDOS;0;0;0;;CALLE 38SUR CARRERA 42;;ZONA CENTRO;6.169562689555803, -75.58733216207533;ATROPELLO;NO REPORTADO;NO REPORTADO;RESIDENCIAL;Normal;Desobedecer señales
2240297;19/03/2024;1:20:00 p. m.;Martes;2024;Marzo;CAMION;PUBLICO;Acompañante;62;MASCULINO;HERIDOS;0;0;0;;CARRERA 42A FRENTE AL #26ASUR-267;;LAS ORQUIDEAS;6.177295490773405, -75.57989782828591;CHOQUE;VEHICULO;NO REPORTADO;RESIDENCIAL;Normal;Impericia en el manejo
2240291;20/03/2024;4:05:00 p. m.;Miércoles;2024;Marzo;CAMIONETA;PARTICULAR;Peaton;73;FEMENINO;HERIDOS;0;0;0;;CARRERA 28 FRENTE AL # 40BSUR-58;;SAN JOSE;6.159417597154646, -75.58198704100248;ATROPELLO;NO REPORTADO;NO REPORTADO;RESIDENCIAL;Normal;Desobedecer señales
2240298;20/03/2024;11:25:00 p. m.;Miércoles;2024;Marzo;MOTOCICLETA;PARTICULAR;Motociclista;22;MASCULINO;HERIDOS;0;0;0;;CARRERA 42 ENTRE CALLE 41BSUR y CALLE 41CSUR;;EL DORADO;6.1652669485588385, -75.59193809030543;CHOQUE;OBJETO FIJO;OTRO TIPO;RESIDENCIAL;Normal;Impericia en el manejo
2240298;20/03/2024;11:25:00 p. m.;Miércoles;2024;Marzo;MOTOCICLETA;PARTICULAR;Acompañante;23;FEMENINO;HERIDOS;0;0;0;;CARRERA 42 ENTRE CALLE 41BSUR y CALLE 41CSUR;;EL DORADO;6.1652669485588385, -75.59193809030543;CHOQUE;OBJETO FIJO;OTRO TIPO;RESIDENCIAL;Normal;Impericia en el manejo
2240305;20/03/2024;8:19:00 a. m.;Miércoles;2024;Marzo;MOTOCICLETA;PARTICULAR;Motociclista;28;FEMENINO;HERIDOS;0;0;0;;CARRERA 49 CON CALLE 25AA SUR;;LAS VEGAS;6.185395, -75.586313;CHOQUE;VEHICULO;NO REPORTADO;RESIDENCIAL;Normal;No mantener distancia de seguridad
2240313;20/03/2024;6:00:00 p. m.;Miércoles;2024;Marzo;BICICLETA;;Ciclista;44;MASCULINO;HERIDOS;0;0;0;;CALLE 37SUR CARRERA 29A;;LOS NARANJOS;6.165932416159633, -75.58027672054729;CHOQUE;VEHICULO;NO REPORTADO;RESIDENCIAL;Normal;No mantener distancia de seguridad
2240299;21/03/2024;4:45:00 p. m.;Jueves;2024;Marzo;MICROBUS;PUBLICO;Pasajero;12;MASCULINO;HERIDOS;0;0;0;;CARRERA 27 CALLE 28 SUR;;EL ESMERALDAL;6.170071929480299, -75.56890764038779;CAIDA OCUPANTE;NO REPORTADO;NO REPORTADO;RESIDENCIAL;Normal;Otra-Conductor
2240303;21/03/2024;3:10:00 p. m.;Jueves;2024;Marzo;MOTOCICLETA;PARTICULAR;Motociclista;31;MASCULINO;HERIDOS;0;0;0;;KILOMETRO 10+580;retiro varia palmas enviga (km 5+43 - km 14+ 550);VEREDA PALMAS;6.1605458324383875, -75.50832177386336;CHOQUE;VEHICULO;NO REPORTADO;NO REPORTADO;Normal;Desobedecer señales
2240311;21/03/2024;5:25:00 p. m.;Jueves;2024;Marzo;MOTOCICLETA;PARTICULAR;Motociclista;22;MASCULINO;HERIDOS;0;0;0;;CALLE 25 SUR CON CARRERA 49;;LAS VEGAS;6.187118, -75.583941;CHOQUE;VEHICULO;NO REPORTADO;RESIDENCIAL;Normal;No mantener distancia de seguridad
2240314;21/03/2024;1:55:00 p. m.;Jueves;2024;Marzo;BUS;PUBLICO;Pasajero;62;MASCULINO;HERIDOS;0;0;0;;CARRERA 43 A ENTRE CALLE 52SUR y CALLE 53SUR;;LOMA DEL BARRO;6.1588289949434385, -75.60380623088601;CAIDA OCUPANTE;NO REPORTADO;NO REPORTADO;RESIDENCIAL;Normal;Frenar bruscamente
2240315;21/03/2024;8:05:00 p. m.;Jueves;2024;Marzo;MOTOCICLETA;PARTICULAR;Peaton;37;FEMENINO;HERIDOS;0;0;0;;CALLE 40 SUR FRENTE AL # 27-215;;SAN JOSE;6.160202991795186, -75.5813828539989;ATROPELLO;NO REPORTADO;NO REPORTADO;RESIDENCIAL;Normal;Desobedecer señales
2240317;21/03/2024;9:10:00 a. m.;Jueves;2024;Marzo;MOTOCICLETA;PARTICULAR;Motociclista;17;MASCULINO;HERIDOS;0;0;0;;CARRERA 48 CON CALLE 30 SUR;;LAS VEGAS;6.179496718217783, -75.58819458527805;CHOQUE;VEHICULO;NO REPORTADO;RESIDENCIAL;Normal;Desobedecer señales
2240319;21/03/2024;7:45:00 p. m.;Jueves;2024;Marzo;MOTOCICLETA;PARTICULAR;Acompañante;31;FEMENINO;HERIDOS;0;0;0;;CARRERA 48 CON CALLE 38 SUR;;LAS VEGAS;6.1728750073445156, -75.59282694398259;CHOQUE;VEHICULO;NO REPORTADO;RESIDENCIAL;Normal;Adelantar cerrando
2240300;22/03/2024;3:00:00 p. m.;Viernes;2024;Marzo;MOTOCICLETA;PARTICULAR;Motociclista;20;MASCULINO;HERIDOS;0;0;0;;CARRERA 50 ENTRE CALLE 30SUR y CALLE 32BSUR;;LAS VEGAS;6.179731, -75.591054;CHOQUE;VEHICULO;NO REPORTADO;RESIDENCIAL;Normal;No mantener distancia de seguridad
2240301;22/03/2024;2:45:00 p. m.;Viernes;2024;Marzo;MOTOCICLETA;PARTICULAR;Motociclista;50;MASCULINO;HERIDOS;0;0;0;;KILOMETRO 6+600;retiro varia palmas enviga (km 5+43 - km 14+ 550);VEREDA PANTANILLO;6.168194156358567, -75.48683414108893;CHOQUE;VEHICULO;NO REPORTADO;NO REPORTADO;Normal;Adelantar invadiendo carril de sentido contrario
2240301;22/03/2024;2:45:00 p. m.;Viernes;2024;Marzo;MOTOCICLETA;PARTICULAR;Motociclista;24;MASCULINO;HERIDOS;0;0;0;;KILOMETRO 6+600;retiro varia palmas enviga (km 5+43 - km 14+ 550);VEREDA PANTANILLO;6.168194156358567, -75.48683414108893;CHOQUE;VEHICULO;NO REPORTADO;NO REPORTADO;Normal;Adelantar invadiendo carril de sentido contrario
2240306;22/03/2024;5:25:00 a. m.;Viernes;2024;Marzo;MOTOCICLETA;PARTICULAR;Motociclista;48;MASCULINO;MUERTOS;0;0;0;;KILOMETRO 12+080;medellín palmas envigado (km 12 - km 16+700);VEREDA PALMAS;6.15904032583154, -75.51804687324682;CHOQUE;VEHICULO;NO REPORTADO;NO REPORTADO;Normal;Salirse de la calzada
2240310;22/03/2024;2:00:00 p. m.;Viernes;2024;Marzo;MOTOCICLETA;PARTICULAR;Motociclista;25;FEMENINO;HERIDOS;0;0;0;;CARRERA 43A CON CALLE 48C SUR ;;PRIMAVERA;6.162222305860492, -75.5976995886002;CHOQUE;VEHICULO;NO REPORTADO;RESIDENCIAL;Normal;Desobedecer señales
2240312;22/03/2024;6:50:00 p. m.;Viernes;2024;Marzo;BUSETA;PUBLICO;Pasajero;50;FEMENINO;HERIDOS;0;0;0;;CARRERA 48 CON CALLE 38 SUR;;LAS VEGAS;6.1728750073445156, -75.59282694398259;CHOQUE;VEHICULO;NO REPORTADO;RESIDENCIAL;Normal;Adelantar cerrando
2240320;22/03/2024;3:25:00 p. m.;Viernes;2024;Marzo;MOTOCICLETA;PARTICULAR;Motociclista;34;MASCULINO;HERIDOS;0;0;0;;CALLE 36DSUR FRENTE A # 25A-85;;VEREDA EL ESCOBERO;6.158862834567705, -75.56662508423884;CHOQUE;OBJETO FIJO;INMUEBLE;RESIDENCIAL;Normal;Impericia en el manejo
2240320;22/03/2024;3:25:00 p. m.;Viernes;2024;Marzo;MOTOCICLETA;PARTICULAR;Acompañante;33;FEMENINO;HERIDOS;0;0;0;;CALLE 36DSUR FRENTE A # 25A-85;;VEREDA EL ESCOBERO;6.158862834567705, -75.56662508423884;CHOQUE;OBJETO FIJO;INMUEBLE;RESIDENCIAL;Normal;Impericia en el manejo
2240308;23/03/2024;9:20:00 a. m.;Sábado;2024;Marzo;MOTOCICLETA;PARTICULAR;Motociclista;32;FEMENINO;HERIDOS;0;0;0;;CARRERA 48 CON CALLE 46 SUR;;LAS VEGAS;6.16644712875881, -75.5993127767276;CHOQUE;VEHICULO;NO REPORTADO;RESIDENCIAL;Normal;No mantener distancia de seguridad
2240318;23/03/2024;1:40:00 p. m.;Sábado;2024;Marzo;MOTOCICLETA;PARTICULAR;Motociclista;30;MASCULINO;HERIDOS;0;0;0;;CARRERA 2A CON CALLE 21 A SUR 245;;VEREDA PANTANILLO;6.180478427195482, -75.49475712771577;CHOQUE;VEHICULO;NO REPORTADO;RESIDENCIAL;Normal;Impericia en el manejo
2240318;23/03/2024;1:40:00 p. m.;Sábado;2024;Marzo;MOTOCICLETA;PARTICULAR;Acompañante;28;FEMENINO;HERIDOS;0;0;0;;CARRERA 2A CON CALLE 21 A SUR 245;;VEREDA PANTANILLO;6.180478427195482, -75.49475712771577;CHOQUE;VEHICULO;NO REPORTADO;RESIDENCIAL;Normal;Impericia en el manejo
2240302;25/03/2024;3:05:00 a. m.;Lunes;2024;Marzo;MOTOCICLETA;PARTICULAR;Motociclista;29;MASCULINO;HERIDOS;1;0;1;80;CARRERA 50 CALLE 30SUR;;LAS VEGAS;6.181402979317868, -75.58979069129407;CHOQUE;OBJETO FIJO;ARBOL;RESIDENCIAL;Normal;Embriaguez aparente
2240304;25/03/2024;4:20:00 p. m.;Lunes;2024;Marzo;MOTOCICLETA;PARTICULAR;Motociclista;29;FEMENINO;HERIDOS;0;0;0;;CARRERA 49 ENTRE CALLE 43SUR y CALLE 46ASUR;;LAS VEGAS;6.169666199616242, -75.60182049447857;OTRO;NO REPORTADO;NO REPORTADO;RESIDENCIAL;Normal;Desobedecer señales
2240304;25/03/2024;4:20:00 p. m.;Lunes;2024;Marzo;MOTOCICLETA;PARTICULAR;Acompañante;21;FEMENINO;HERIDOS;0;0;0;;CARRERA 49 ENTRE CALLE 43SUR y CALLE 46ASUR;;LAS VEGAS;6.169666199616242, -75.60182049447857;OTRO;NO REPORTADO;NO REPORTADO;RESIDENCIAL;Normal;Desobedecer señales
2240307;25/03/2024;6:20:00 p. m.;Lunes;2024;Marzo;MOTOCICLETA;PARTICULAR;Acompañante;46;FEMENINO;HERIDOS;0;0;0;;CARRERA 48 CON CALLE 46 A SUR 148;;LAS VEGAS;6.165381831122324, -75.60019502120643;VOLCAMIENTO;NO REPORTADO;NO REPORTADO;RESIDENCIAL;Normal;Impericia en el manejo
2240307;25/03/2024;6:20:00 p. m.;Lunes;2024;Marzo;MOTOCICLETA;PARTICULAR;Motociclista;26;FEMENINO;HERIDOS;0;0;0;;CARRERA 48 CON CALLE 46 A SUR 148;;LAS VEGAS;6.165381831122324, -75.60019502120643;VOLCAMIENTO;NO REPORTADO;NO REPORTADO;RESIDENCIAL;Normal;Impericia en el manejo
2240309;25/03/2024;4:30:00 p. m.;Lunes;2024;Marzo;MOTOCICLETA;PARTICULAR;Motociclista;20;MASCULINO;HERIDOS;0;0;0;;DIAGONAL 29 FRENTE AL # 26ASUR-101;;ALTO DE MISAEL;6.177508087691942, -75.57861236547672;CHOQUE;VEHICULO;NO REPORTADO;RESIDENCIAL;Normal;Desobedecer señales  -  Superficie lisa
2240323;26/03/2024;4:00:00 p. m.;Martes;2024;Marzo;MOTOCICLETA;PARTICULAR;Motociclista;52;MASCULINO;HERIDOS;0;0;0;;TRANSVERSAL 34ASUR DIAGONAL 32B;;OBRERO;6.172710779076289, -75.58233690126521;CHOQUE;VEHICULO;NO REPORTADO;RESIDENCIAL;Normal;No respetar pelacion de interseccion o giros
2240323;26/03/2024;4:00:00 p. m.;Martes;2024;Marzo;AUTOMOVIL;PARTICULAR;Acompañante;51;FEMENINO;HERIDOS;0;0;0;;TRANSVERSAL 34ASUR DIAGONAL 32B;;OBRERO;6.172710779076289, -75.58233690126521;CHOQUE;VEHICULO;NO REPORTADO;RESIDENCIAL;Normal;No respetar pelacion de interseccion o giros
2240324;26/03/2024;8:30:00 a. m.;Martes;2024;Marzo;MOTOCICLETA;PARTICULAR;Motociclista;28;MASCULINO;HERIDOS;0;0;0;;CARRERA 41 FRENTE AL # 21SUR-30;;ZUÑIGA;6.180638954575768, -75.57704302600817;CHOQUE;OBJETO FIJO;OTRO TIPO;RESIDENCIAL;Normal;Impericia en el manejo
2240316;27/03/2024;5:30:00 p. m.;Miércoles;2024;Marzo;MOTOCICLETA;PARTICULAR;Peaton;72;FEMENINO;HERIDOS;0;0;0;;CARRERA 43A CALLE 46 SUR;;PRIMAVERA;6.164099827444045, -75.59608564603406;ATROPELLO;NO REPORTADO;NO REPORTADO;RESIDENCIAL;Normal;Semaforo en rojo
2240316;27/03/2024;5:30:00 p. m.;Miércoles;2024;Marzo;MOTOCICLETA;PARTICULAR;Motociclista;40;MASCULINO;HERIDOS;0;0;0;;CARRERA 43A CALLE 46 SUR;;PRIMAVERA;6.164099827444045, -75.59608564603406;ATROPELLO;NO REPORTADO;NO REPORTADO;RESIDENCIAL;Normal;Semaforo en rojo
2240322;27/03/2024;6:30:00 p. m.;Miércoles;2024;Marzo;MOTOCICLETA;PARTICULAR;Motociclista;19;MASCULINO;HERIDOS;0;0;0;;CARRERA 48 CON CALLE 30 SUR;;LAS VEGAS;6.179496718217783, -75.58819458527805;CHOQUE;VEHICULO;NO REPORTADO;RESIDENCIAL;Normal;Girar bruscamente
2240325;27/03/2024;9:30:00 p. m.;Miércoles;2024;Marzo;MOTOCICLETA;PARTICULAR;Motociclista;20;FEMENINO;HERIDOS;0;0;0;;CALLE 36BSUR ENTRE CARRERA 27D y CARRERA 27B;;LA INMACULADA;6.167293519836645, -75.57333839753821;OTRO;NO REPORTADO;NO REPORTADO;RESIDENCIAL;Lluvia;Falta de precaucion niebla, lluvia, humo
2240326;27/03/2024;11:06:00 p. m.;Miércoles;2024;Marzo;MOTOCICLETA;PARTICULAR;Motociclista;28;MASCULINO;HERIDOS;0;0;0;;CALLE 39 SUR CON CARRERA 41;;ZONA CENTRO;6.168379838197592, -75.58698894751318;CHOQUE;VEHICULO;NO REPORTADO;RESIDENCIAL;Normal;Semaforo en rojo
2240326;27/03/2024;11:06:00 p. m.;Miércoles;2024;Marzo;MOTOCICLETA;PARTICULAR;Motociclista;21;MASCULINO;HERIDOS;0;0;0;;CALLE 39 SUR CON CARRERA 41;;ZONA CENTRO;6.168379838197592, -75.58698894751318;CHOQUE;VEHICULO;NO REPORTADO;RESIDENCIAL;Normal;Semaforo en rojo