NRO_RADICADO;FECHA_ACCIDENTE;HORA_ACCIDENTE;Día de la semana;AÑO;MES;CLASE_VEHICULO;TIPO_SERVICIO;TIPO_VICTIMA;EDAD;GENERO;GRAVEDAD;ESTADO_BEODEZ;ESTADO_DROGA;RESULTADO_BEODEZ;RESUL_BEODEZ_GRAMOS;DIRECCION_CARACT_VIA;TRAMO_VIA;LOCALIDAD_O_COMUNA;    GEORREFERENCIACIÓN;DESC_CLASE_ACCIDENTE;DESC_CHOQUE_ACCIDENTE;DESC_OBJETO_FIJO;DESC_SECTOR_ACCIDENTE;CONDICION_CLIMATICA;CAUSA_ACCIDENTE
2240327;27/03/2024;8:30:00 p. m.;Miércoles;2024;Marzo;BICICLETA;;Ciclista;23;MASCULINO;HERIDOS;0;0;0;;CALLE 37 SUR CON DIAGONAL 31;;MESA;6.165935905622214, -75.58027241604354;CHOQUE;VEHICULO;NO REPORTADO;RESIDENCIAL;Normal;Semaforo en rojo
2240330;28/03/2024;2:22:00 p. m.;Jueves;2024;Marzo;MOTOCICLETA;PARTICULAR;Motociclista;51;MASCULINO;HERIDOS;0;0;0;;CALLE 37 SUR CON CARRERA 36-13;;MESA;6.167999262042311, -75.58343354535417;CHOQUE;VEHICULO;NO REPORTADO;RESIDENCIAL;Normal;Desobedecer señales
2240331;29/03/2024;11:10:00 a. m.;Viernes;2024;Marzo;MOTOCICLETA;PARTICULAR;Motociclista;22;FEMENINO;HERIDOS;0;0;0;;CARRERA 40 CON CALLE 38A SUR;;ZONA CENTRO;6.168190428135106, -75.58635539343867;CHOQUE;VEHICULO;NO REPORTADO;RESIDENCIAL;Normal;Girar bruscamente
2240328;31/03/2024;12:20:00 p. m.;Domingo;2024;Marzo;MOTOCICLETA;PARTICULAR;Motociclista;30;MASCULINO;HERIDOS;0;0;0;;CARRERA 48 CALLE 36SUR y CALLE 37SUR;;LAS VEGAS;6.1742089374233755, -75.59193440102081;CHOQUE;VEHICULO;NO REPORTADO;RESIDENCIAL;Normal;Adelantar cerrando
2240329;31/03/2024;8:25:00 p. m.;Domingo;2024;Marzo;AUTOMOVIL;PARTICULAR;Acompañante;36;FEMENINO;HERIDOS;0;0;0;;KILOMETRO 13+140;medellín palmas envigado (km 12 - km 16+700);VEREDA PALMAS;6.159622669065025, -75.52730473756398;CHOQUE;VEHICULO;NO REPORTADO;NO REPORTADO;Lluvia;Impericia en el manejo
2240329;31/03/2024;8:25:00 p. m.;Domingo;2024;Marzo;AUTOMOVIL;PARTICULAR;Conductor;38;MASCULINO;HERIDOS;0;0;0;;KILOMETRO 13+140;medellín palmas envigado (km 12 - km 16+700);VEREDA PALMAS;6.159622669065025, -75.52730473756398;CHOQUE;VEHICULO;NO REPORTADO;NO REPORTADO;Lluvia;Impericia en el manejo
2240329;31/03/2024;8:25:00 p. m.;Domingo;2024;Marzo;AUTOMOVIL;PARTICULAR;Acompañante;14;MASCULINO;HERIDOS;0;0;0;;KILOMETRO 13+140;medellín palmas envigado (km 12 - km 16+700);VEREDA PALMAS;6.159622669065025, -75.52730473756398;CHOQUE;VEHICULO;NO REPORTADO;NO REPORTADO;Lluvia;Impericia en el manejo
2240329;31/03/2024;8:25:00 p. m.;Domingo;2024;Marzo;AUTOMOVIL;PARTICULAR;Pasajero;8;MASCULINO;HERIDOS;0;0;0;;KILOMETRO 13+140;medellín palmas envigado (km 12 - km 16+700);VEREDA PALMAS;6.159622669065025, -75.52730473756398;CHOQUE;VEHICULO;NO REPORTADO;NO REPORTADO;Lluvia;Impericia en el manejo
2240329;31/03/2024;8:25:00 p. m.;Domingo;2024;Marzo;AUTOMOVIL;PARTICULAR;Acompañante;66;FEMENINO;HERIDOS;0;0;0;;KILOMETRO 13+140;medellín palmas envigado (km 12 - km 16+700);VEREDA PALMAS;6.159622669065025, -75.52730473756398;CHOQUE;VEHICULO;NO REPORTADO;NO REPORTADO;Lluvia;Impericia en el manejo
2240333;31/03/2024;2:47:00 a. m.;Domingo;2024;Marzo;AUTOMOVIL;PARTICULAR;Acompañante;19;MASCULINO;HERIDOS;1;0;0;20;CARRERA 48 CON CALLE 37 SUR;;LAS VEGAS;6.173473352424915, -75.59256588595376;CHOQUE;VEHICULO;NO REPORTADO;RESIDENCIAL;Normal;Embriaguez aparente  -  Semaforo en rojo
2240334;31/03/2024;3:30:00 p. m.;Domingo;2024;Marzo;MOTOCICLETA;PARTICULAR;Motociclista;29;MASCULINO;HERIDOS;0;0;0;;CARRERA 29D CON CALLE 41 SUR 49;;SAN RAFAEL;6.159139951174346, -75.58551425614405;CHOQUE;VEHICULO;NO REPORTADO;RESIDENCIAL;Normal;Superficie lisa
2240335;31/03/2024;11:55:00 a. m.;Domingo;2024;Marzo;BUS;PUBLICO;Pasajero;75;FEMENINO;HERIDOS;0;0;0;;CARRERA 43A CON CALLE 50D SUR 74;;LOMA DEL BARRO;6.159445768358075, -75.60341318611309;CAIDA OCUPANTE;NO REPORTADO;NO REPORTADO;RESIDENCIAL;Normal;Otra-Pasajero-Acompañante
2240336;31/03/2024;11:30:00 a. m.;Domingo;2024;Marzo;CAMPERO;PARTICULAR;Conductor;36;MASCULINO;HERIDOS;0;0;0;;KILOMETRO 6+200;el escobero - km 0-13);VEREDA EL ESCOBERO;6.120051476749055, -75.54380052929696;CHOQUE;VEHICULO;NO REPORTADO;NO REPORTADO;Normal;Impericia en el manejo  -  No mantener distancia de seguridad
2240332;1/04/2024;9:45:00 a. m.;Lunes;2024;Abril;MOTOCICLETA;PARTICULAR;Motociclista;24;MASCULINO;HERIDOS;0;0;0;;CARRERA 50 ENTRE CALLE 32BSUR y CALLE 30 SUR;;LAS VEGAS;6.179478534491471, -75.5912460891597;CHOQUE;VEHICULO;NO REPORTADO;RESIDENCIAL;Normal;No mantener distancia de seguridad
2240338;1/04/2024;7:20:00 a. m.;Lunes;2024;Abril;MOTOCICLETA;PARTICULAR;Motociclista;47;MASCULINO;HERIDOS;0;0;0;;CARRERA 43A CON CALLE 32 SUR 6;;SAN MARCOS;6.175389433907906, -75.5858016156535;CHOQUE;VEHICULO;NO REPORTADO;RESIDENCIAL;Normal;No mantener distancia de seguridad
2240339;1/04/2024;10:40:00 p. m.;Lunes;2024;Abril;MOTOCICLETA;PARTICULAR;Motociclista;39;MASCULINO;HERIDOS;0;0;0;;CARRERA 50 CON CALLE 39 SUR 100;;LAS VEGAS;6.173303607160337, -75.59788796574267;CHOQUE;OBJETO FIJO;HIDRANTE;RESIDENCIAL;Normal;Impericia en el manejo
2240340;1/04/2024;6:30:00 a. m.;Lunes;2024;Abril;MOTOCICLETA;PARTICULAR;Motociclista;37;FEMENINO;HERIDOS;0;0;0;;CARRERA 50 FRENTE AL # 26SUR-60;;LAS VEGAS;6.18492894197042, -75.58725982127491;CHOQUE;VEHICULO;NO REPORTADO;RESIDENCIAL;Normal;Adelantar cerrando
2240342;1/04/2024;9:16:00 a. m.;Lunes;2024;Abril;MOTOCICLETA;PARTICULAR;Motociclista;18;MASCULINO;HERIDOS;0;0;0;;CALLE 37 SUR CON CARRERA 37;;MESA;6.168300453653946, -75.58378122428755;CHOQUE;VEHICULO;NO REPORTADO;RESIDENCIAL;Normal;Desobedecer señales
2240342;1/04/2024;9:16:00 a. m.;Lunes;2024;Abril;MOTOCICLETA;PARTICULAR;Motociclista;30;MASCULINO;HERIDOS;0;0;0;;CALLE 37 SUR CON CARRERA 37;;MESA;6.168300453653946, -75.58378122428755;CHOQUE;VEHICULO;NO REPORTADO;RESIDENCIAL;Normal;Desobedecer señales
2240337;2/04/2024;4:05:00 p. m.;Martes;2024;Abril;MOTOCICLETA;PARTICULAR;Motociclista;42;MASCULINO;HERIDOS;0;0;0;;KILOMETRO 10+600;retiro varia palmas enviga (km 5+43 - km 14+ 550);VEREDA PALMAS;6.160723552776892, -75.50841987110792;CHOQUE;VEHICULO;NO REPORTADO;NO REPORTADO;Normal;Desobedecer señales
2240341;2/04/2024;3:20:00 p. m.;Martes;2024;Abril;MOTOCICLETA;PARTICULAR;Acompañante;12;FEMENINO;HERIDOS;0;0;0;;DIAGONAL 33 TRANSVERSAL 35CSUR;;LOS NARANJOS;6.168937787732665, -75.58183439893693;CHOQUE;VEHICULO;NO REPORTADO;RESIDENCIAL;Normal;Desobedecer señales
2240341;2/04/2024;3:20:00 p. m.;Martes;2024;Abril;MOTOCICLETA;PARTICULAR;Motociclista;28;FEMENINO;HERIDOS;0;0;0;;DIAGONAL 33 TRANSVERSAL 35CSUR;;LOS NARANJOS;6.168937787732665, -75.58183439893693;CHOQUE;VEHICULO;NO REPORTADO;RESIDENCIAL;Normal;Desobedecer señales
2240344;3/04/2024;6:30:00 p. m.;Miércoles;2024;Abril;MOTOCICLETA;PARTICULAR;Peaton;77;MASCULINO;HERIDOS;0;0;0;;CALLE 45ASUR CARRERA 42B;;LA PAZ;6.163595924796439, -75.59348857280081;ATROPELLO;NO REPORTADO;NO REPORTADO;RESIDENCIAL;Normal;Pasar semaforo en rojo
2240345;3/04/2024;2:50:00 p. m.;Miércoles;2024;Abril;MOTOCICLETA;PARTICULAR;Motociclista;48;MASCULINO;HERIDOS;0;0;0;;CALLE 25SUR CARRERA 43 A;;BOSQUES DE ZUÑIGA;6.181534996940126, -75.581261947989;CHOQUE;VEHICULO;NO REPORTADO;RESIDENCIAL;Normal;Impericia en el manejo
2240345;3/04/2024;2:50:00 p. m.;Miércoles;2024;Abril;MOTOCICLETA;PARTICULAR;Acompañante;11;FEMENINO;HERIDOS;0;0;0;;CALLE 25SUR CARRERA 43 A;;BOSQUES DE ZUÑIGA;6.181534996940126, -75.581261947989;CHOQUE;VEHICULO;NO REPORTADO;RESIDENCIAL;Normal;Impericia en el manejo
2240343;4/04/2024;6:30:00 p. m.;Jueves;2024;Abril;MOTOCICLETA;PARTICULAR;Motociclista;60;MASCULINO;HERIDOS;0;0;0;;KILOMETRO 3+800;el escobero - km 0-13);VEREDA EL ESCOBERO;6.130120767588115, -75.55241071569607;CAIDA OCUPANTE;NO REPORTADO;NO REPORTADO;NO REPORTADO;Lluvia;Superficie humeda
2240346;4/04/2024;6:15:00 a. m.;Jueves;2024;Abril;MOTOCICLETA;PARTICULAR;Motociclista;37;FEMENINO;HERIDOS;0;0;0;;CARRERA 28B CALLE 40BSUR;;SAN JOSE;6.160134762015439, -75.58208339931241;CAIDA OCUPANTE;NO REPORTADO;NO REPORTADO;RESIDENCIAL;Lluvia;Superficie humeda
2240346;4/04/2024;6:15:00 a. m.;Jueves;2024;Abril;MOTOCICLETA;PARTICULAR;Acompañante;8;FEMENINO;HERIDOS;0;0;0;;CARRERA 28B CALLE 40BSUR;;SAN JOSE;6.160134762015439, -75.58208339931241;CAIDA OCUPANTE;NO REPORTADO;NO REPORTADO;RESIDENCIAL;Lluvia;Superficie humeda
2240347;4/04/2024;2:25:00 p. m.;Jueves;2024;Abril;MOTOCICLETA;PARTICULAR;Acompañante;15;MASCULINO;HERIDOS;0;0;0;;CALLE 38SUR FRENTE AL # 46-62;;ALCALA;6.172103900679632, -75.59173658657024;CHOQUE;VEHICULO;NO REPORTADO;RESIDENCIAL;Lluvia;No mantener distancia de seguridad
2240348;4/04/2024;2:10:00 p. m.;Jueves;2024;Abril;MOTOCICLETA;PARTICULAR;Motociclista;22;FEMENINO;HERIDOS;0;0;0;;KILOMETRO 14+340;retiro varia palmas enviga (km 5+43 - km 14+ 550);VEREDA PALMAS;6.155208884634876, -75.5459270488597;OTRO;NO REPORTADO;NO REPORTADO;NO REPORTADO;Lluvia;Superficie humeda
2240360;4/04/2024;4:00:00 p. m.;Jueves;2024;Abril;AUTOMOVIL;PARTICULAR;Acompañante;11;FEMENINO;HERIDOS;0;0;0;;CARRERA 43A FRENTE AL # 45 SUR 16;;LA PAZ;6.164916162159941, -75.594727413847;CHOQUE;VEHICULO;NO REPORTADO;RESIDENCIAL;Lluvia;Superficie humeda
2240360;4/04/2024;4:00:00 p. m.;Jueves;2024;Abril;AUTOMOVIL;PARTICULAR;Conductor;37;FEMENINO;HERIDOS;0;0;0;;CARRERA 43A FRENTE AL # 45 SUR 16;;LA PAZ;6.164916162159941, -75.594727413847;CHOQUE;VEHICULO;NO REPORTADO;RESIDENCIAL;Lluvia;Superficie humeda
2240361;4/04/2024;4:10:00 p. m.;Jueves;2024;Abril;AUTOMOVIL;PARTICULAR;Peaton;67;FEMENINO;HERIDOS;0;0;0;;CARRERA 40 CALLE 39BSUR;;ZONA CENTRO;6.167577942204424, -75.58727393163993;ATROPELLO;NO REPORTADO;NO REPORTADO;RESIDENCIAL;Lluvia;Desobedecer señales
2240350;5/04/2024;9:56:00 p. m.;Viernes;2024;Abril;MOTOCICLETA;PARTICULAR;Acompañante;16;MASCULINO;HERIDOS;0;0;0;;CARRERA 25 CALLE 41 SUR;;LA MINA;6.152975056555918, -75.58455314225041;CAIDA OCUPANTE;NO REPORTADO;NO REPORTADO;RESIDENCIAL;Normal;Impericia en el manejo
2240350;5/04/2024;9:56:00 p. m.;Viernes;2024;Abril;MOTOCICLETA;PARTICULAR;Motociclista;16;FEMENINO;HERIDOS;0;0;0;;CARRERA 25 CALLE 41 SUR;;LA MINA;6.152975056555918, -75.58455314225041;CAIDA OCUPANTE;NO REPORTADO;NO REPORTADO;RESIDENCIAL;Normal;Impericia en el manejo
2240351;5/04/2024;2:53:00 p. m.;Viernes;2024;Abril;MOTOCICLETA;PARTICULAR;Motociclista;32;MASCULINO;HERIDOS;0;0;0;;CARRERA 50 CALLE 26SUR;;LAS VEGAS;6.185020, -75.586962;CHOQUE;OBJETO FIJO;OTRO TIPO;RESIDENCIAL;Normal;Impericia en el manejo
2240352;5/04/2024;12:50:00 p. m.;Viernes;2024;Abril;AUTOMOVIL;PARTICULAR;Conductor;35;FEMENINO;HERIDOS;0;0;0;;KILOMETRO 7+700;retiro varia palmas enviga (km 5+43 - km 14+ 550);VEREDA PANTANILLO;6.174762921072196, -75.49387505780452;CHOQUE;VEHICULO;NO REPORTADO;NO REPORTADO;Normal;Impericia en el manejo
2240353;5/04/2024;8:03:00 a. m.;Viernes;2024;Abril;MOTOCICLETA;PARTICULAR;Motociclista;28;MASCULINO;HERIDOS;0;0;0;;CALLE 26B SUR ENTRE CARRERA 43A y CARRERA 43;;PONTE VEDRA;6.180171, -75.583025;CHOQUE;VEHICULO;NO REPORTADO;RESIDENCIAL;Normal;Desobedecer señales
2240362;5/04/2024;4:00:00 p. m.;Viernes;2024;Abril;MOTOCICLETA;PARTICULAR;Peaton;66;FEMENINO;HERIDOS;0;0;0;;CARRERA 43 A CALLE 35SUR;;SAN MARCOS;6.172454633589641, -75.58748592931379;ATROPELLO;NO REPORTADO;NO REPORTADO;RESIDENCIAL;Normal;Otra-Conductor
2240363;5/04/2024;2:48:00 p. m.;Viernes;2024;Abril;MOTOCICLETA;OFICIAL;Acompañante;30;FEMENINO;HERIDOS;0;0;0;;CARRERA 29A FRENTEAL # 37SUR-39;;MESA;6.165700881310868, -75.58063827288902;CHOQUE;VEHICULO;NO REPORTADO;RESIDENCIAL;Normal;Obstaculos en la via
2240349;6/04/2024;5:50:00 a. m.;Sábado;2024;Abril;MOTOCICLETA;PARTICULAR;Motociclista;47;FEMENINO;HERIDOS;0;0;0;;KILOMETRO 6+900;retiro varia palmas enviga (km 5+43 - km 14+ 550);VEREDA PANTANILLO;6.169741547569934, -75.48904748266274;CHOQUE;VEHICULO;NO REPORTADO;NO REPORTADO;Normal;Embriaguez o droga
2240354;6/04/2024;4:50:00 p. m.;Sábado;2024;Abril;MOTOCICLETA;PARTICULAR;Acompañante;23;FEMENINO;HERIDOS;0;0;0;;CARRERA 48 CALLE 37SUR;;LAS VEGAS;6.173473352424915, -75.59256588595376;CHOQUE;VEHICULO;NO REPORTADO;RESIDENCIAL;Normal;No respetar pelacion de interseccion o giros
2240354;6/04/2024;4:50:00 p. m.;Sábado;2024;Abril;MOTOCICLETA;PARTICULAR;Motociclista;24;MASCULINO;HERIDOS;0;0;0;;CARRERA 48 CALLE 37SUR;;LAS VEGAS;6.173473352424915, -75.59256588595376;CHOQUE;VEHICULO;NO REPORTADO;RESIDENCIAL;Normal;No respetar pelacion de interseccion o giros
2240356;6/04/2024;8:10:00 p. m.;Sábado;2024;Abril;MOTOCICLETA;PARTICULAR;Acompañante;18;MASCULINO;HERIDOS;0;0;0;;CARRERA 43A CALLE 49DSUR;;LAS CASITAS;6.1608990983146255, -75.60067423247968;CHOQUE;VEHICULO;NO REPORTADO;RESIDENCIAL;Normal;Desobedecer señales
2240356;6/04/2024;8:10:00 p. m.;Sábado;2024;Abril;MOTOCICLETA;PARTICULAR;Motociclista;21;MASCULINO;HERIDOS;0;0;0;;CARRERA 43A CALLE 49DSUR;;LAS CASITAS;6.1608990983146255, -75.60067423247968;CHOQUE;VEHICULO;NO REPORTADO;RESIDENCIAL;Normal;Desobedecer señales
2240357;6/04/2024;2:50:00 p. m.;Sábado;2024;Abril;MOTOCICLETA;PARTICULAR;Motociclista;26;MASCULINO;HERIDOS;0;0;0;;KILOMETRO 14+220;medellín palmas envigado (km 12 - km 16+700);VEREDA PALMAS;6.156135939500997, -75.546587434558;CHOQUE;VEHICULO;NO REPORTADO;NO REPORTADO;Normal;Otra-Conductor
2240358;6/04/2024;12:22:00 a. m.;Sábado;2024;Abril;MOTOCICLETA;PARTICULAR;Acompañante;23;FEMENINO;HERIDOS;0;0;0;;CALLE 27 SUR FRENTE AL # 28-41;;ALTO DE MISAEL;6.176533871214514, -75.57562082624001;CAIDA OCUPANTE;NO REPORTADO;NO REPORTADO;RESIDENCIAL;Lluvia;Impericia en el manejo
2240359;6/04/2024;2:10:00 p. m.;Sábado;2024;Abril;MOTOCICLETA;PARTICULAR;Motociclista;22;MASCULINO;HERIDOS;0;0;0;;TRANSVERSAL 34CSUR DIAGONAL 32B;;OBRERO;6.171808839054316, -75.58198861430851;CHOQUE;VEHICULO;NO REPORTADO;RESIDENCIAL;Normal;Desobedecer señales
2240364;6/04/2024;5:40:00 p. m.;Sábado;2024;Abril;MOTOCICLETA;PARTICULAR;Motociclista;38;MASCULINO;HERIDOS;0;0;0;;CARRERA 48 FRENTE AL # 32BSUR-139;;LAS VEGAS;6.1762844337092, -75.5907449535185;CHOQUE;VEHICULO;NO REPORTADO;RESIDENCIAL;Normal;Desobedecer señales
2240364;6/04/2024;5:40:00 p. m.;Sábado;2024;Abril;MOTOCICLETA;PARTICULAR;Acompañante;20;FEMENINO;HERIDOS;0;0;0;;CARRERA 48 FRENTE AL # 32BSUR-139;;LAS VEGAS;6.1762844337092, -75.5907449535185;CHOQUE;VEHICULO;NO REPORTADO;RESIDENCIAL;Normal;Desobedecer señales
2240365;6/04/2024;11:30:00 a. m.;Sábado;2024;Abril;MOTOCICLETA;PARTICULAR;Motociclista;42;MASCULINO;HERIDOS;0;0;0;;CALLE 20CSUR FRENTE AL # 3-158;;VEREDA PERICO;6.1873743051153, -75.50476637519378;CHOQUE;VEHICULO;NO REPORTADO;RESIDENCIAL;Normal;Ausencia parcial o total de se?ales  -  Impericia en el manejo
2240366;6/04/2024;4:03:00 p. m.;Sábado;2024;Abril;MOTOCICLETA;PARTICULAR;Motociclista;31;MASCULINO;HERIDOS;0;0;0;;KILOMETRO 3+700;el escobero - km 0-13);VEREDA EL ESCOBERO;6.130865016162364, -75.55271021250616;CHOQUE;OBJETO FIJO;OTRO TIPO;NO REPORTADO;Normal;Impericia en el manejo
2240355;7/04/2024;8:05:00 p. m.;Domingo;2024;Abril;MOTOCICLETA;PARTICULAR;Motociclista;27;FEMENINO;HERIDOS;0;0;0;;CARRERA 43A FRENTE AL # 45SUR-21;;MILAN VALLEJUELOS;6.165068163895853, -75.59469925065405;CHOQUE;VEHICULO;NO REPORTADO;RESIDENCIAL;Normal;Adelantar cerrando
2240367;7/04/2024;5:20:00 p. m.;Domingo;2024;Abril;MOTOCICLETA;PARTICULAR;Acompañante;16;FEMENINO;HERIDOS;0;0;0;;CALLE 40SUR FRENTE AL #24E-28;;EL SALADO;6.149617036120833, -75.57690359515132;CAIDA OCUPANTE;NO REPORTADO;NO REPORTADO;RESIDENCIAL;Normal;Superficie lisa
2240368;7/04/2024;9:40:00 a. m.;Domingo;2024;Abril;MOTOCICLETA;DIPLOMATICO;Acompañante;20;FEMENINO;HERIDOS;0;0;0;;CALLE 38 SUR CARRERA 29A;;LOMA DE LAS BRUJAS;6.1649563457984184, -75.58079523155277;CAIDA OCUPANTE;NO REPORTADO;NO REPORTADO;RESIDENCIAL;Normal;Impericia en el manejo
2240370;7/04/2024;5:20:00 p. m.;Domingo;2024;Abril;MOTOCICLETA;PARTICULAR;Acompañante;16;MASCULINO;HERIDOS;0;0;0;;CALLE 40SUR FRENTE AL # 28E-28;;SAN JOSE;6.160967434293399, -75.5816318201967;CAIDA OCUPANTE;NO REPORTADO;NO REPORTADO;RESIDENCIAL;Normal;Impericia en el manejo
2240371;7/04/2024;12:30:00 p. m.;Domingo;2024;Abril;MOTOCICLETA;PARTICULAR;Motociclista;24;MASCULINO;HERIDOS;0;0;0;;CALLE 24 SUR FRENTE AL # 39-37;;ZUÑIGA;6.178883025393023, -75.57462706275189;CHOQUE;VEHICULO;NO REPORTADO;RESIDENCIAL;Normal;Girar bruscamente  -  Realizar giro en U
2240372;7/04/2024;12:35:00 p. m.;Domingo;2024;Abril;BICICLETA;;Ciclista;50;MASCULINO;HERIDOS;0;0;0;;CARRERA 50 ENTRE CALLE 46ASUR y CALLE 43SUR;;LAS VEGAS;6.171115, -75.600660;CHOQUE;VEHICULO;NO REPORTADO;RESIDENCIAL;Normal;Impericia en el manejo
2240373;8/04/2024;5:10:00 p. m.;Lunes;2024;Abril;MOTOCICLETA;PARTICULAR;Motociclista;22;MASCULINO;HERIDOS;0;0;0;;KILOMETRO 11+00;retiro varia palmas enviga (km 5+43 - km 14+ 550);VEREDA PALMAS;6.159447701905074, -75.51641888295283;CHOQUE;VEHICULO;NO REPORTADO;NO REPORTADO;Normal;Desobedecer señales
2240373;8/04/2024;5:10:00 p. m.;Lunes;2024;Abril;MOTOCICLETA;PARTICULAR;Motociclista;30;MASCULINO;HERIDOS;0;0;0;;KILOMETRO 11+00;retiro varia palmas enviga (km 5+43 - km 14+ 550);VEREDA PALMAS;6.159447701905074, -75.51641888295283;CHOQUE;VEHICULO;NO REPORTADO;NO REPORTADO;Normal;Desobedecer señales
2240373;8/04/2024;5:10:00 p. m.;Lunes;2024;Abril;MOTOCICLETA;PARTICULAR;Acompañante;27;MASCULINO;HERIDOS;0;0;0;;KILOMETRO 11+00;retiro varia palmas enviga (km 5+43 - km 14+ 550);VEREDA PALMAS;6.159447701905074, -75.51641888295283;CHOQUE;VEHICULO;NO REPORTADO;NO REPORTADO;Normal;Desobedecer señales
2240374;8/04/2024;4:05:00 p. m.;Lunes;2024;Abril;MOTOCICLETA;DIPLOMATICO;Motociclista;31;MASCULINO;HERIDOS;0;0;0;;TRANSVERSAL 36 SUR FRENTE AL # 33-22;;LOS NARANJOS;6.169171905428948, -75.58132209986995;CHOQUE;VEHICULO;NO REPORTADO;RESIDENCIAL;Normal;No mantener distancia de seguridad
2240375;8/04/2024;5:40:00 p. m.;Lunes;2024;Abril;MOTOCICLETA;PARTICULAR;Motociclista;38;FEMENINO;HERIDOS;0;0;0;;CARRERA 48 FRENTE AL # 46ASUR-107;;LAS VEGAS;6.165641750863938, -75.6001856098198;CHOQUE;VEHICULO;NO REPORTADO;RESIDENCIAL;Normal;Arrancar sin precaucion  -  Poner en marcha un vehiculo sin precauci
2240375;8/04/2024;5:40:00 p. m.;Lunes;2024;Abril;MOTOCICLETA;PARTICULAR;Acompañante;19;FEMENINO;HERIDOS;0;0;0;;CARRERA 48 FRENTE AL # 46ASUR-107;;LAS VEGAS;6.165641750863938, -75.6001856098198;CHOQUE;VEHICULO;NO REPORTADO;RESIDENCIAL;Normal;Arrancar sin precaucion  -  Poner en marcha un vehiculo sin precauci
2240376;9/04/2024;7:38:00 p. m.;Martes;2024;Abril;MOTOCICLETA;PARTICULAR;Peaton;72;MASCULINO;HERIDOS;0;0;0;;CALLE 39B SUR CARRERA 32;;SAN JOSE;6.163838576877809, -75.58297499547162;ATROPELLO;NO REPORTADO;NO REPORTADO;RESIDENCIAL;Normal;Otra-Conductor
2240376;9/04/2024;7:38:00 p. m.;Martes;2024;Abril;MOTOCICLETA;PARTICULAR;Motociclista;31;MASCULINO;HERIDOS;0;0;0;;CALLE 39B SUR CARRERA 32;;SAN JOSE;6.163838576877809, -75.58297499547162;ATROPELLO;NO REPORTADO;NO REPORTADO;RESIDENCIAL;Normal;Otra-Conductor
2240377;9/04/2024;7:10:00 a. m.;Martes;2024;Abril;MOTOCICLETA;PARTICULAR;Motociclista;33;MASCULINO;HERIDOS;0;0;0;;CALLE 39 SUR CARRERA 40;;ZONA CENTRO;6.167342803558549, -75.58678174709443;CHOQUE;VEHICULO;NO REPORTADO;RESIDENCIAL;Normal;Semaforo en rojo
2240377;9/04/2024;7:10:00 a. m.;Martes;2024;Abril;MOTOCICLETA;PARTICULAR;Acompañante;25;MASCULINO;HERIDOS;0;0;0;;CALLE 39 SUR CARRERA 40;;ZONA CENTRO;6.167342803558549, -75.58678174709443;CHOQUE;VEHICULO;NO REPORTADO;RESIDENCIAL;Normal;Semaforo en rojo
2240378;9/04/2024;5:50:00 p. m.;Martes;2024;Abril;AUTOMOVIL;PUBLICO;Conductor;51;MASCULINO;HERIDOS;0;0;0;;CALLE 40SUR FRENTE AL # 25A-90;;EL SALADO;6.154509670267985, -75.57958167255065;CHOQUE;VEHICULO;NO REPORTADO;RESIDENCIAL;Normal;Otra-Conductor
2240369;10/04/2024;9:20:00 p. m.;Miércoles;2024;Abril;MOTOCICLETA;PARTICULAR;Acompañante;37;FEMENINO;HERIDOS;0;0;0;;CARRERA 27 FRENTE AL # 35SUR-162;;LOMA DEL ATRAVEZADO;6.16756344277619, -75.56903225295369;CHOQUE;VEHICULO;NO REPORTADO;RESIDENCIAL;Normal;Desobedecer señales
2240369;10/04/2024;9:20:00 p. m.;Miércoles;2024;Abril;MOTOCICLETA;PARTICULAR;Motociclista;53;MASCULINO;HERIDOS;0;0;0;;CARRERA 27 FRENTE AL # 35SUR-162;;LOMA DEL ATRAVEZADO;6.16756344277619, -75.56903225295369;CHOQUE;VEHICULO;NO REPORTADO;RESIDENCIAL;Normal;Desobedecer señales
2240379;10/04/2024;7:55:00 a. m.;Miércoles;2024;Abril;MOTOCICLETA;PARTICULAR;Acompañante;39;FEMENINO;HERIDOS;0;0;0;;CARRERA 30 CALLE 40FSUR;;SAN JOSE;6.160714322218316, -75.58453775488609;CHOQUE;VEHICULO;NO REPORTADO;RESIDENCIAL;Normal;Desobedecer señales
2240380;10/04/2024;7:30:00 a. m.;Miércoles;2024;Abril;MOTOCICLETA;PARTICULAR;Motociclista;60;MASCULINO;HERIDOS;0;0;0;;CALLE 40FSUR CARRERA 39;;EL DORADO;6.163280786230194, -75.58844553867527;CAIDA OCUPANTE;NO REPORTADO;NO REPORTADO;RESIDENCIAL;Normal;Superficie lisa
2240380;10/04/2024;7:30:00 a. m.;Miércoles;2024;Abril;MOTOCICLETA;PARTICULAR;Acompañante;25;MASCULINO;HERIDOS;0;0;0;;CALLE 40FSUR CARRERA 39;;EL DORADO;6.163280786230194, -75.58844553867527;CAIDA OCUPANTE;NO REPORTADO;NO REPORTADO;RESIDENCIAL;Normal;Superficie lisa
2240381;10/04/2024;7:50:00 p. m.;Miércoles;2024;Abril;MOTOCICLETA;PARTICULAR;Motociclista;19;MASCULINO;HERIDOS;0;0;0;;CALLE 40SUR CARRERA 31;;SAN JOSE;6.16309998872116, -75.58277278837394;CHOQUE;VEHICULO;NO REPORTADO;RESIDENCIAL;Normal;Adelantar invadiendo carril del mismo sentido en zigzag