NRO_RADICADO;FECHA_ACCIDENTE;HORA_ACCIDENTE;Día de la semana;AÑO;MES;CLASE_VEHICULO;TIPO_SERVICIO;TIPO_VICTIMA;EDAD;GENERO;GRAVEDAD;ESTADO_BEODEZ;ESTADO_DROGA;RESULTADO_BEODEZ;RESUL_BEODEZ_GRAMOS;DIRECCION_CARACT_VIA;TRAMO_VIA;LOCALIDAD_O_COMUNA;    GEORREFERENCIACIÓN;DESC_CLASE_ACCIDENTE;DESC_CHOQUE_ACCIDENTE;DESC_OBJETO_FIJO;DESC_SECTOR_ACCIDENTE;CONDICION_CLIMATICA;CAUSA_ACCIDENTE
2240382;10/04/2024;9:55:00 p. m.;Miércoles;2024;Abril;MOTOCICLETA;PARTICULAR;Motociclista;46;MASCULINO;HERIDOS;0;0;0;;CARRERA 45C CALLE 39SUR;;ALCALA;6.170126287315801, -75.59215485561201;CHOQUE;VEHICULO;NO REPORTADO;RESIDENCIAL;Normal;No respetar pelacion de interseccion o giros
2240383;10/04/2024;10:16:00 a. m.;Miércoles;2024;Abril;AUTOMOVIL;PARTICULAR;Peaton;62;MASCULINO;HERIDOS;0;0;0;;CALLE 40BSUR CARRERA 27;;LA MINA;6.157902362320492, -75.58168041692976;ATROPELLO;NO REPORTADO;NO REPORTADO;RESIDENCIAL;Normal;Transitar distante de la acera u orilla 
2240384;10/04/2024;7:38:00 a. m.;Miércoles;2024;Abril;MOTOCICLETA;PARTICULAR;Motociclista;39;MASCULINO;HERIDOS;0;0;0;;KILOMETRO 13+160;retiro varia palmas enviga (km 5+43 - km 14+ 550);VEREDA PALMAS;6.159672291555133, -75.52685104959451;CAIDA OCUPANTE;NO REPORTADO;NO REPORTADO;NO REPORTADO;Normal;Impericia en el manejo
2240388;10/04/2024;6:00:00 p. m.;Miércoles;2024;Abril;MOTOCICLETA;PARTICULAR;Motociclista;35;MASCULINO;HERIDOS;0;0;0;;CALLE 22BSUR FRENTE AL # 6A-203;;VEREDA PALMAS;6.173555177049083, -75.51470811608691;CHOQUE;VEHICULO;NO REPORTADO;RESIDENCIAL;Normal;Otra-Conductor
2240390;10/04/2024;1:20:00 p. m.;Miércoles;2024;Abril;MOTOCICLETA;PARTICULAR;Acompañante;52;FEMENINO;HERIDOS;0;0;0;;CALLE 38ASUR FRENTE AL # 42-23;;ZONA CENTRO;6.169235818538191, -75.58830778957073;CAIDA OCUPANTE;NO REPORTADO;NO REPORTADO;RESIDENCIAL;Normal;Transportar pasajeros en la parte exterior
2240391;10/04/2024;1:00:00 p. m.;Miércoles;2024;Abril;MOTOCICLETA;PARTICULAR;Peaton;35;FEMENINO;HERIDOS;0;0;0;;CARRERA 48 CALLE 30 SUR;;LAS VEGAS;6.179496718217783, -75.58819458527805;ATROPELLO;NO REPORTADO;NO REPORTADO;RESIDENCIAL;Normal;Adelantar por la derecha  -  Dejar/recoger pasajeros sitio no demarca
2240391;10/04/2024;1:00:00 p. m.;Miércoles;2024;Abril;MOTOCICLETA;PARTICULAR;Motociclista;23;MASCULINO;HERIDOS;0;0;0;;CARRERA 48 CALLE 30 SUR;;LAS VEGAS;6.179496718217783, -75.58819458527805;ATROPELLO;NO REPORTADO;NO REPORTADO;RESIDENCIAL;Normal;Adelantar por la derecha  -  Dejar/recoger pasajeros sitio no demarca
2240385;11/04/2024;7:25:00 p. m.;Jueves;2024;Abril;MOTOCICLETA;PARTICULAR;Motociclista;26;MASCULINO;HERIDOS;0;0;0;;CARRERA 41 CALLE 35SUR;;ZONA CENTRO;6.171421, -75.585177;CHOQUE;VEHICULO;NO REPORTADO;RESIDENCIAL;Normal;Desobedecer señales
2240387;11/04/2024;7:05:00 a. m.;Jueves;2024;Abril;MOTOCICLETA;PARTICULAR;Motociclista;43;FEMENINO;HERIDOS;0;0;0;;DIAGONAL 32 FRENTE AL # 35DSUR-13;;LOS NARANJOS;6.168470964218234, -75.58064401396996;CHOQUE;VEHICULO;NO REPORTADO;RESIDENCIAL;Normal;Adelantar por la derecha  -  No respetar prelacion
2240389;11/04/2024;6:30:00 a. m.;Jueves;2024;Abril;MOTOCICLETA;PARTICULAR;Acompañante;41;MASCULINO;HERIDOS;0;0;0;;KILOMETRO 12+900;retiro varia palmas enviga (km 5+43 - km 14+ 550);VEREDA PALMAS;6.159911525194909, -75.52511134198693;CHOQUE;VEHICULO;NO REPORTADO;NO REPORTADO;Normal;No mantener distancia de seguridad
2240389;11/04/2024;6:30:00 a. m.;Jueves;2024;Abril;MOTOCICLETA;PARTICULAR;Motociclista;44;MASCULINO;HERIDOS;0;0;0;;KILOMETRO 12+900;retiro varia palmas enviga (km 5+43 - km 14+ 550);VEREDA PALMAS;6.159911525194909, -75.52511134198693;CHOQUE;VEHICULO;NO REPORTADO;NO REPORTADO;Normal;No mantener distancia de seguridad
2240394;11/04/2024;3:00:00 p. m.;Jueves;2024;Abril;MOTOCICLETA;PARTICULAR;Motociclista;49;MASCULINO;HERIDOS;0;0;0;;CARRERA 48 CALLE 40SUR;;LAS VEGAS;6.169985393957041, -75.59565270185556;CHOQUE;VEHICULO;NO REPORTADO;RESIDENCIAL;Normal;Otra-Conductor
2240395;11/04/2024;3:10:00 p. m.;Jueves;2024;Abril;MOTOCICLETA;PARTICULAR;Motociclista;22;MASCULINO;HERIDOS;0;0;0;;KILOMETRO 14+00;medellín palmas envigado (km 12 - km 16+700);VEREDA PALMAS;6.158065354734575, -75.54655033162547;CHOQUE;VEHICULO;NO REPORTADO;NO REPORTADO;Normal;Adelantar cerrando
2240396;11/04/2024;11:13:00 a. m.;Jueves;2024;Abril;MOTOCICLETA;PARTICULAR;Motociclista;66;MASCULINO;HERIDOS;0;0;0;;CARRERA 48 ENTRE CALE 26SUR y CALLE 25AA SUR;;LAS VEGAS;6.183528311212254, -75.58520013059074;CHOQUE;VEHICULO;NO REPORTADO;RESIDENCIAL;Normal;Desobedecer señales
2240401;11/04/2024;4:40:00 a. m.;Jueves;2024;Abril;MOTOCICLETA;PARTICULAR;Motociclista;36;MASCULINO;HERIDOS;0;0;0;;KILOMETRO 16+460;medellín palmas envigado (km 12 - km 16+700);VEREDA PALMAS;6.1543166906610285, -75.53499143834985;CHOQUE;VEHICULO;NO REPORTADO;NO REPORTADO;Normal;Otra-Conductor
2240386;12/04/2024;12:29:00 a. m.;Viernes;2024;Abril;AUTOMOVIL;PARTICULAR;Acompañante;27;MASCULINO;HERIDOS;0;0;0;;TRANSVERSAL 34DSUR DIAGONAL 21C;;URIBE ANGEL;6.172029910232262, -75.58007930711568;CHOQUE;VEHICULO;NO REPORTADO;RESIDENCIAL;Normal;Desobedecer señales
2240386;12/04/2024;12:29:00 a. m.;Viernes;2024;Abril;AUTOMOVIL;PARTICULAR;Conductor;19;FEMENINO;HERIDOS;0;0;0;;TRANSVERSAL 34DSUR DIAGONAL 21C;;URIBE ANGEL;6.172029910232262, -75.58007930711568;CHOQUE;VEHICULO;NO REPORTADO;RESIDENCIAL;Normal;Desobedecer señales
2240397;12/04/2024;2:00:00 p. m.;Viernes;2024;Abril;AUTOMOVIL;PARTICULAR;Conductor;43;FEMENINO;HERIDOS;0;0;0;;CARRERA 43A FRENTE AL # 46SUR-23;;PRIMAVERA;6.1639498108696715, -75.59621395115752;CHOQUE;VEHICULO;NO REPORTADO;RESIDENCIAL;Normal;Adelantar invadiendo carril del mismo sentido en zigzag
2240397;12/04/2024;2:00:00 p. m.;Viernes;2024;Abril;AUTOMOVIL;PARTICULAR;Acompañante;12;FEMENINO;HERIDOS;0;0;0;;CARRERA 43A FRENTE AL # 46SUR-23;;PRIMAVERA;6.1639498108696715, -75.59621395115752;CHOQUE;VEHICULO;NO REPORTADO;RESIDENCIAL;Normal;Adelantar invadiendo carril del mismo sentido en zigzag
2240398;12/04/2024;6:50:00 a. m.;Viernes;2024;Abril;MOTOCICLETA;PARTICULAR;Motociclista;52;MASCULINO;HERIDOS;0;0;0;;CARRERA 49 ENTRE CALLE 43SUR y CALLE 46ASUR;;LAS VEGAS;6.16962371747003, -75.60183901921187;CHOQUE;VEHICULO;NO REPORTADO;RESIDENCIAL;Normal;Desobedecer señales
2240399;12/04/2024;3:20:00 p. m.;Viernes;2024;Abril;MOTOCICLETA;PARTICULAR;Motociclista;37;MASCULINO;HERIDOS;0;0;0;;CARRERA 27 CALLE 36 SUR;;EL CHOCHO;6.167073626293138, -75.56934632365522;CHOQUE;VEHICULO;NO REPORTADO;RESIDENCIAL;Normal;Desobedecer señales  -  Semaforo en rojo
2240402;12/04/2024;11:20:00 a. m.;Viernes;2024;Abril;MOTOCICLETA;PARTICULAR;Motociclista;21;MASCULINO;HERIDOS;0;0;0;;DIAGONAL 31E TRANSVERSAL 32ASUR;;LA MAGNOLIA;6.17594179293315, -75.5818282046465;CHOQUE;VEHICULO;NO REPORTADO;RESIDENCIAL;Normal;Desobedecer señales
2240402;12/04/2024;11:20:00 a. m.;Viernes;2024;Abril;MOTOCICLETA;PARTICULAR;Motociclista;24;MASCULINO;HERIDOS;0;0;0;;DIAGONAL 31E TRANSVERSAL 32ASUR;;LA MAGNOLIA;6.17594179293315, -75.5818282046465;CHOQUE;VEHICULO;NO REPORTADO;RESIDENCIAL;Normal;Desobedecer señales
2240393;13/04/2024;9:00:00 p. m.;Sábado;2024;Abril;AUTOMOVIL;PARTICULAR;Acompañante;28;FEMENINO;HERIDOS;0;0;0;;CARRERA 29D  FRENTE AL # 41SUR-59;;SAN RAFAEL;6.159139951174346, -75.58551425614405;CHOQUE;OBJETO FIJO;VEHICULO ESTACIONADO;RESIDENCIAL;Normal;Otra-Conductor
2240393;13/04/2024;9:00:00 p. m.;Sábado;2024;Abril;AUTOMOVIL;PARTICULAR;Conductor;39;MASCULINO;HERIDOS;0;0;0;;CARRERA 29D  FRENTE AL # 41SUR-59;;SAN RAFAEL;6.159139951174346, -75.58551425614405;CHOQUE;OBJETO FIJO;VEHICULO ESTACIONADO;RESIDENCIAL;Normal;Otra-Conductor
2240392;14/04/2024;7:08:00 a. m.;Domingo;2024;Abril;MOTOCICLETA;PARTICULAR;Motociclista;42;MASCULINO;HERIDOS;1;0;1;80;CARRERA 42 CALLE 39SUR;;ZONA CENTRO;6.1682319834196715, -75.58823664154612;CHOQUE;VEHICULO;NO REPORTADO;RESIDENCIAL;Normal;Semaforo en rojo
2240400;14/04/2024;3:00:00 p. m.;Domingo;2024;Abril;MOTOCICLETA;PARTICULAR;Motociclista;28;FEMENINO;HERIDOS;0;0;0;;TRANSVERSAL 32CSUR DIAGONAL 33;;LA MAGNOLIA;6.174563825548729, -75.58452782042356;CHOQUE;VEHICULO;NO REPORTADO;RESIDENCIAL;Normal;Desobedecer señales
2240403;14/04/2024;4:05:00 p. m.;Domingo;2024;Abril;MOTOCICLETA;PARTICULAR;Motociclista;36;FEMENINO;HERIDOS;0;0;0;;CARRERA 49 ENTRE CALLE 25SUR y CALLE 26SUR;;LAS VEGAS;6.18678919775143, -75.58461948458603;CHOQUE;VEHICULO;NO REPORTADO;RESIDENCIAL;Normal;No mantener distancia de seguridad
2240404;15/04/2024;1:50:00 a. m.;Lunes;2024;Abril;MOTOCICLETA;PARTICULAR;Motociclista;22;MASCULINO;HERIDOS;0;0;0;;CARRERA 48 ENTRE CALLE 25ASUR y CALLE 25 SUR;;LAS VEGAS;6.185207023930762, -75.58351924168417;CAIDA OCUPANTE;NO REPORTADO;NO REPORTADO;RESIDENCIAL;Normal;Superficie humeda
2240405;15/04/2024;3:35:00 p. m.;Lunes;2024;Abril;MOTOCICLETA;PARTICULAR;Motociclista;68;MASCULINO;HERIDOS;0;0;0;;CALLE 37SUR CARRERA 32;;LOS NARANJOS;6.166614422310558, -75.58119135382061;CHOQUE;VEHICULO;NO REPORTADO;RESIDENCIAL;Normal;Desobedecer señales
2240405;15/04/2024;3:35:00 p. m.;Lunes;2024;Abril;MOTOCICLETA;PARTICULAR;Acompañante;16;MASCULINO;HERIDOS;0;0;0;;CALLE 37SUR CARRERA 32;;LOS NARANJOS;6.166614422310558, -75.58119135382061;CHOQUE;VEHICULO;NO REPORTADO;RESIDENCIAL;Normal;Desobedecer señales
2240405;15/04/2024;3:35:00 p. m.;Lunes;2024;Abril;MOTOCICLETA;PARTICULAR;Motociclista;45;MASCULINO;HERIDOS;0;0;0;;CALLE 37SUR CARRERA 32;;LOS NARANJOS;6.166614422310558, -75.58119135382061;CHOQUE;VEHICULO;NO REPORTADO;RESIDENCIAL;Normal;Desobedecer señales
2240405;15/04/2024;3:35:00 p. m.;Lunes;2024;Abril;MOTOCICLETA;PARTICULAR;Acompañante;72;FEMENINO;HERIDOS;0;0;0;;CALLE 37SUR CARRERA 32;;LOS NARANJOS;6.166614422310558, -75.58119135382061;CHOQUE;VEHICULO;NO REPORTADO;RESIDENCIAL;Normal;Desobedecer señales
2240406;15/04/2024;8:30:00 p. m.;Lunes;2024;Abril;MOTOCICLETA;PARTICULAR;Peaton;56;MASCULINO;HERIDOS;0;0;0;;TRANSVERSAL 34D SUR FRENTE AL #31-20;;URIBE ANGEL;6.172039290359485, -75.57945720991003;ATROPELLO;NO REPORTADO;NO REPORTADO;RESIDENCIAL;Normal;Transitar por la calzada
2240407;15/04/2024;10:00:00 a. m.;Lunes;2024;Abril;BUS;PUBLICO;Pasajero;77;FEMENINO;HERIDOS;0;0;0;;CARRERA 42 ENTRE CALLE 38ASUR y CALLE 39SUR;;ZONA CENTRO;6.169204194898023, -75.5877571901317;CAIDA OCUPANTE;NO REPORTADO;NO REPORTADO;RESIDENCIAL;Normal;Arrancar sin precaucion
2240408;15/04/2024;12:45:00 p. m.;Lunes;2024;Abril;MOTOCICLETA;DIPLOMATICO;Motociclista;26;FEMENINO;HERIDOS;0;0;0;;CARRERA 43A FRENTE AL #48CSUR-75;;PRIMAVERA;6.161907420151026, -75.59830467016405;CHOQUE;VEHICULO;NO REPORTADO;INDUSTRIAL;Normal;Adelantar cerrando  -  Girar bruscamente
2240408;15/04/2024;12:45:00 p. m.;Lunes;2024;Abril;MOTOCICLETA;DIPLOMATICO;Acompañante;21;FEMENINO;HERIDOS;0;0;0;;CARRERA 43A FRENTE AL #48CSUR-75;;PRIMAVERA;6.161907420151026, -75.59830467016405;CHOQUE;VEHICULO;NO REPORTADO;INDUSTRIAL;Normal;Adelantar cerrando  -  Girar bruscamente
2240408;15/04/2024;12:45:00 p. m.;Lunes;2024;Abril;MOTOCICLETA;PARTICULAR;Motociclista;49;MASCULINO;HERIDOS;0;0;0;;CARRERA 43A FRENTE AL #48CSUR-75;;PRIMAVERA;6.161907420151026, -75.59830467016405;CHOQUE;VEHICULO;NO REPORTADO;INDUSTRIAL;Normal;Adelantar cerrando  -  Girar bruscamente
2240409;16/04/2024;10:40:00 a. m.;Martes;2024;Abril;MOTOCICLETA;PARTICULAR;Motociclista;18;MASCULINO;HERIDOS;0;0;0;;KILOMETRO 13+080;medellín palmas envigado (km 12 - km 16+700);VEREDA PALMAS;6.164999219792505, -75.54491550139953;CAIDA OCUPANTE;NO REPORTADO;NO REPORTADO;NO REPORTADO;Normal;Impericia en el manejo
2240410;16/04/2024;12:40:00 p. m.;Martes;2024;Abril;BICICLETA;;Ciclista;82;MASCULINO;HERIDOS;0;0;0;;CALLE 37SUR ENTRE CARRERA 49 y CARRERA 50;;LAS VEGAS;6.174655625303941, -75.59364666275188;CHOQUE;VEHICULO;NO REPORTADO;RESIDENCIAL;Normal;Impericia en el manejo
2240412;16/04/2024;1:30:00 p. m.;Martes;2024;Abril;MOTOCICLETA;PARTICULAR;Motociclista;47;MASCULINO;HERIDOS;1;0;3;180;CALLE 34SUR CARRERA 46A;;EL PORTAL;6.174843185619157, -75.58999276206032;CAIDA OCUPANTE;NO REPORTADO;NO REPORTADO;RESIDENCIAL;Normal;Embriaguez aparente
2240414;16/04/2024;5:55:00 p. m.;Martes;2024;Abril;MOTOCICLETA;PARTICULAR;Motociclista;47;FEMENINO;HERIDOS;0;0;0;;CARRERA 43A CLL 38A SUR;;ZONA CENTRO;6.1697077409398275, -75.58915413115817;CHOQUE;VEHICULO;NO REPORTADO;RESIDENCIAL;Normal;Arrancar sin precaucion  -  No mantener distancia de seguridad
2240415;16/04/2024;1:35:00 p. m.;Martes;2024;Abril;MOTOCICLETA;PARTICULAR;Motociclista;18;MASCULINO;HERIDOS;0;0;0;;CALLE 39 SUR CARRERA 33;;MESA;6.164896049003437, -75.58302396980704;CHOQUE;VEHICULO;NO REPORTADO;RESIDENCIAL;Normal;Desobedecer señales
2240411;17/04/2024;10:20:00 a. m.;Miércoles;2024;Abril;MOTOCICLETA;PARTICULAR;Peaton;24;MASCULINO;HERIDOS;0;0;0;;CARRERA 43A TRANSVERSAL 27ASUR;;PONTE VEDRA;6.179050453245473, -75.58359804914188;ATROPELLO;NO REPORTADO;NO REPORTADO;RESIDENCIAL;Normal;Otra-Conductor
2240416;17/04/2024;6:10:00 p. m.;Miércoles;2024;Abril;AUTOMOVIL;PARTICULAR;Peaton;40;FEMENINO;HERIDOS;0;0;0;;DIAGONAL 32D TRANSVERSAL 32CSUR;;LA MAGNOLIA;6.174734859081612, -75.58390490693107;ATROPELLO;NO REPORTADO;NO REPORTADO;RESIDENCIAL;Normal;Arrancar sin precaucion
2240417;18/04/2024;7:50:00 a. m.;Jueves;2024;Abril;MOTOCICLETA;PARTICULAR;Motociclista;34;MASCULINO;HERIDOS;0;0;0;;TRANSVERSAL DE LA MONTAÑA;el escobero - km 0-13);VEREDA SANTA CATALINA;6.167959581980485, -75.54675342379706;CHOQUE;VEHICULO;NO REPORTADO;NO REPORTADO;Normal;Impericia en el manejo
2240418;18/04/2024;9:00:00 a. m.;Jueves;2024;Abril;AUTOMOVIL;PARTICULAR;Conductor;69;MASCULINO;HERIDOS;0;0;0;;CARRERA 27 FRENTE AL # 23SUR-145;;ZUÑIGA;6.1757736055584775, -75.56716298272482;CHOQUE;VEHICULO;NO REPORTADO;RESIDENCIAL;Normal;No mantener distancia de seguridad
2240413;19/04/2024;8:47:00 p. m.;Viernes;2024;Abril;MOTOCICLETA;PARTICULAR;Motociclista;22;MASCULINO;HERIDOS;0;0;0;;CALLE 25SUR FRENTE AL # 4-125;;VEREDA PALMAS;6.146050772620945, -75.53026854780319;OTRO;NO REPORTADO;NO REPORTADO;RESIDENCIAL;Lluvia;Embriaguez aparente
2240419;19/04/2024;4:05:00 p. m.;Viernes;2024;Abril;MOTOCICLETA;PARTICULAR;Motociclista;27;MASCULINO;HERIDOS;0;0;0;;CALLE 39SUR ENTRE CARRERA 28 y CARRERA 29A;;SAN JOSE;6.161108626133845, -75.57984681066183;CHOQUE;VEHICULO;NO REPORTADO;RESIDENCIAL;Normal;Transitar en contravia
2240419;19/04/2024;4:05:00 p. m.;Viernes;2024;Abril;MOTOCICLETA;PARTICULAR;Motociclista;69;MASCULINO;HERIDOS;0;0;0;;CALLE 39SUR ENTRE CARRERA 28 y CARRERA 29A;;SAN JOSE;6.161108626133845, -75.57984681066183;CHOQUE;VEHICULO;NO REPORTADO;RESIDENCIAL;Normal;Transitar en contravia
2240421;19/04/2024;6:40:00 a. m.;Viernes;2024;Abril;MOTOCICLETA;PARTICULAR;Motociclista;41;MASCULINO;HERIDOS;0;0;0;;KILOMETRO 7+150;retiro varia palmas enviga (km 5+43 - km 14+ 550);VEREDA PERICO;6.171540752079794, -75.49029011719227;CHOQUE;VEHICULO;NO REPORTADO;NO REPORTADO;Normal;No mantener distancia de seguridad  -  Transitar entre vehiculos
2240421;19/04/2024;6:40:00 a. m.;Viernes;2024;Abril;MOTOCICLETA;PARTICULAR;Motociclista;53;MASCULINO;HERIDOS;0;0;0;;KILOMETRO 7+150;retiro varia palmas enviga (km 5+43 - km 14+ 550);VEREDA PERICO;6.171540752079794, -75.49029011719227;CHOQUE;VEHICULO;NO REPORTADO;NO REPORTADO;Normal;No mantener distancia de seguridad  -  Transitar entre vehiculos
2240422;19/04/2024;12:47:00 a. m.;Viernes;2024;Abril;AUTOMOVIL;PARTICULAR;Acompañante;17;FEMENINO;HERIDOS;0;0;0;;CALLE 26B SUR FRENTE AL # 42B-14;;LAS ORQUIDEAS;6.1771378546608045, -75.58023328150563;CHOQUE;OBJETO FIJO;OTRO TIPO;RESIDENCIAL;Normal;Impericia en el manejo
2240422;19/04/2024;12:47:00 a. m.;Viernes;2024;Abril;AUTOMOVIL;PARTICULAR;Acompañante;18;FEMENINO;HERIDOS;0;0;0;;CALLE 26B SUR FRENTE AL # 42B-14;;LAS ORQUIDEAS;6.1771378546608045, -75.58023328150563;CHOQUE;OBJETO FIJO;OTRO TIPO;RESIDENCIAL;Normal;Impericia en el manejo
2240422;19/04/2024;12:47:00 a. m.;Viernes;2024;Abril;AUTOMOVIL;PARTICULAR;Conductor;18;MASCULINO;HERIDOS;0;0;0;;CALLE 26B SUR FRENTE AL # 42B-14;;LAS ORQUIDEAS;6.1771378546608045, -75.58023328150563;CHOQUE;OBJETO FIJO;OTRO TIPO;RESIDENCIAL;Normal;Impericia en el manejo
2240422;19/04/2024;12:47:00 a. m.;Viernes;2024;Abril;AUTOMOVIL;PARTICULAR;Acompañante;20;MASCULINO;HERIDOS;0;0;0;;CALLE 26B SUR FRENTE AL # 42B-14;;LAS ORQUIDEAS;6.1771378546608045, -75.58023328150563;CHOQUE;OBJETO FIJO;OTRO TIPO;RESIDENCIAL;Normal;Impericia en el manejo
2240423;19/04/2024;7:40:00 a. m.;Viernes;2024;Abril;MOTOCICLETA;PARTICULAR;Acompañante;44;MASCULINO;HERIDOS;0;0;0;;KILOMETRO 16+330;medellín palmas envigado (km 12 - km 16+700);VEREDA PALMAS;6.1631764181033715, -75.53304205833476;CHOQUE;VEHICULO;NO REPORTADO;NO REPORTADO;Normal;Adelantar por la derecha
2240423;19/04/2024;7:40:00 a. m.;Viernes;2024;Abril;MOTOCICLETA;PARTICULAR;Motociclista;27;MASCULINO;HERIDOS;0;0;0;;KILOMETRO 16+330;medellín palmas envigado (km 12 - km 16+700);VEREDA PALMAS;6.1631764181033715, -75.53304205833476;CHOQUE;VEHICULO;NO REPORTADO;NO REPORTADO;Normal;Adelantar por la derecha
2240425;19/04/2024;9:40:00 a. m.;Viernes;2024;Abril;MOTOCICLETA;PARTICULAR;Motociclista;23;MASCULINO;HERIDOS;0;0;0;;CARRERA 50 ENTRE CALLE 37 SUR y CALLE 36SUR;;LAS VEGAS;6.176135, -75.594156;CHOQUE;VEHICULO;NO REPORTADO;RESIDENCIAL;Normal;Adelantar cerrando
2240420;20/04/2024;6:00:00 p. m.;Sábado;2024;Abril;MOTOCICLETA;PARTICULAR;Motociclista;53;MASCULINO;HERIDOS;0;0;0;;CARRERA 50 CALLE 30 SUR;;LAS VEGAS;6.181402979317868, -75.58979069129407;CHOQUE;VEHICULO;NO REPORTADO;RESIDENCIAL;Normal;No mantener distancia de seguridad
2240426;20/04/2024;10:50:00 p. m.;Sábado;2024;Abril;MOTOCICLETA;PARTICULAR;Acompañante;19;MASCULINO;HERIDOS;0;0;0;;CALLE 38SUR FRENTE AL # 41-10;;ZONA CENTRO;6.169285494348317, -75.5864942185728;CHOQUE;VEHICULO;NO REPORTADO;RESIDENCIAL;Lluvia;Superficie humeda
2240427;20/04/2024;10:09:00 a. m.;Sábado;2024;Abril;MOTOCICLETA;PARTICULAR;Motociclista;30;FEMENINO;HERIDOS;0;0;0;;CALLE 39SUR CARRERA 47A;;ALCALA;6.17134788057868, -75.5933807491793;CHOQUE;VEHICULO;NO REPORTADO;RESIDENCIAL;Normal;Desobedecer señales
2240427;20/04/2024;10:09:00 a. m.;Sábado;2024;Abril;MOTOCICLETA;PARTICULAR;Acompañante;7;FEMENINO;HERIDOS;0;0;0;;CALLE 39SUR CARRERA 47A;;ALCALA;6.17134788057868, -75.5933807491793;CHOQUE;VEHICULO;NO REPORTADO;RESIDENCIAL;Normal;Desobedecer señales
2240424;21/04/2024;8:15:00 p. m.;Domingo;2024;Abril;MOTOCICLETA;PARTICULAR;Acompañante;20;FEMENINO;HERIDOS;0;0;0;;KILOMETRO 0+400;el escobero - km 0-13);VEREDA EL ESCOBERO;6.150387517597056, -75.56258954271138;CAIDA OCUPANTE;NO REPORTADO;NO REPORTADO;NO REPORTADO;Normal;Impericia en el manejo
2240424;21/04/2024;8:15:00 p. m.;Domingo;2024;Abril;MOTOCICLETA;PARTICULAR;Motociclista;24;MASCULINO;HERIDOS;0;0;0;;KILOMETRO 0+400;el escobero - km 0-13);VEREDA EL ESCOBERO;6.150387517597056, -75.56258954271138;CAIDA OCUPANTE;NO REPORTADO;NO REPORTADO;NO REPORTADO;Normal;Impericia en el manejo
2240429;21/04/2024;8:34:00 a. m.;Domingo;2024;Abril;MOTOCICLETA;PARTICULAR;Motociclista;34;MASCULINO;HERIDOS;1;0;3;180;CARRERA 50 ENTRE CALLE 21SUR y CALLE 19SUR;;LAS VEGAS;6.187839, -75.583595;OTRO;NO REPORTADO;NO REPORTADO;RESIDENCIAL;Normal;Embriaguez o droga
2240430;21/04/2024;10:30:00 p. m.;Domingo;2024;Abril;MOTOCICLETA;PARTICULAR;Acompañante;42;FEMENINO;HERIDOS;0;0;0;;KILOMETRO 7 ;el escobero - km 0-13);VEREDA EL ESCOBERO;6.120360153543249, -75.53938280474998;CAIDA OCUPANTE;NO REPORTADO;NO REPORTADO;NO REPORTADO;Normal;Superficie humeda
2240430;21/04/2024;10:30:00 p. m.;Domingo;2024;Abril;MOTOCICLETA;PARTICULAR;Motociclista;48;MASCULINO;HERIDOS;0;0;0;;KILOMETRO 7 ;el escobero - km 0-13);VEREDA EL ESCOBERO;6.120360153543249, -75.53938280474998;CAIDA OCUPANTE;NO REPORTADO;NO REPORTADO;NO REPORTADO;Normal;Superficie humeda
2240431;21/04/2024;3:45:00 p. m.;Domingo;2024;Abril;MOTOCICLETA;PARTICULAR;Motociclista;23;MASCULINO;HERIDOS;0;0;0;;CALLE 39SUR CARRERA 40;;ZONA CENTRO;6.167354844740869, -75.58677342432192;CHOQUE;VEHICULO;NO REPORTADO;RESIDENCIAL;Lluvia;Desobedecer señales
2240432;21/04/2024;5:15:00 p. m.;Domingo;2024;Abril;MOTOCICLETA;PARTICULAR;Acompañante;14;MASCULINO;HERIDOS;1;0;1;80;CALLE 36DSUR FRENTE AL # 27D-166;;LA PRADERA;6.1653915892850595, -75.57584008143827;CHOQUE;VEHICULO;NO REPORTADO;RESIDENCIAL;Lluvia;Superficie humeda
2240433;21/04/2024;8:05:00 p. m.;Domingo;2024;Abril;MOTOCICLETA;PARTICULAR;Motociclista;21;MASCULINO;HERIDOS;0;0;0;;CALLE 39 SUR CARRERA 27;;EL CHINGUÍ;6.158136969995485, -75.57873163083768;CHOQUE;VEHICULO;NO REPORTADO;RESIDENCIAL;Lluvia;Desobedecer señales
2240434;21/04/2024;1:20:00 p. m.;Domingo;2024;Abril;MOTOCICLETA;PARTICULAR;Motociclista;42;MASCULINO;HERIDOS;0;0;0;;CARRERA 50 ENTRE CALLE 26SUR y CALLE 27SUR;;LAS VEGAS;6.184463, -75.587571;CHOQUE;VEHICULO;NO REPORTADO;RESIDENCIAL;Normal;Desobedecer señales
2240434;21/04/2024;1:20:00 p. m.;Domingo;2024;Abril;MOTOCICLETA;PARTICULAR;Motociclista;58;MASCULINO;HERIDOS;0;0;0;;CARRERA 50 ENTRE CALLE 26SUR y CALLE 27SUR;;LAS VEGAS;6.184463, -75.587571;CHOQUE;VEHICULO;NO REPORTADO;RESIDENCIAL;Normal;Desobedecer señales