NRO_RADICADO;FECHA_ACCIDENTE;HORA_ACCIDENTE;Día de la semana;AÑO;MES;CLASE_VEHICULO;TIPO_SERVICIO;TIPO_VICTIMA;EDAD;GENERO;GRAVEDAD;ESTADO_BEODEZ;ESTADO_DROGA;RESULTADO_BEODEZ;RESUL_BEODEZ_GRAMOS;DIRECCION_CARACT_VIA;TRAMO_VIA;LOCALIDAD_O_COMUNA;    GEORREFERENCIACIÓN;DESC_CLASE_ACCIDENTE;DESC_CHOQUE_ACCIDENTE;DESC_OBJETO_FIJO;DESC_SECTOR_ACCIDENTE;CONDICION_CLIMATICA;CAUSA_ACCIDENTE
2240428;22/04/2024;9:40:00 p. m.;Lunes;2024;Abril;MOTOCICLETA;PARTICULAR;Motociclista;22;FEMENINO;HERIDOS;0;0;0;;TRANSVERSAL 32ASUR  FRENTE AL # 31E-26;;LA MAGNOLIA;6.176101792903987, -75.581881891154;CHOQUE;VEHICULO;NO REPORTADO;RESIDENCIAL;Normal;Poner en marcha un vehiculo sin precauci
2240435;22/04/2024;6:45:00 a. m.;Lunes;2024;Abril;AUTOMOVIL;PARTICULAR;Peaton;37;FEMENINO;HERIDOS;0;0;0;;KILOMETRO 12+050;retiro varia palmas enviga (km 5+43 - km 14+ 550);VEREDA PALMAS;6.153665572587829, -75.53837026594468;ATROPELLO;NO REPORTADO;NO REPORTADO;NO REPORTADO;Lluvia;Cruzar sin observar  -  Desobedecer señales
2240436;22/04/2024;7:30:00 a. m.;Lunes;2024;Abril;MOTOCICLETA;PARTICULAR;Motociclista;39;FEMENINO;HERIDOS;0;0;0;;CARRERA 48 FRENTE AL # 46SUR-184;;LAS VEGAS;6.165370623642842, -75.60024578036784;CAIDA OCUPANTE;NO REPORTADO;NO REPORTADO;RESIDENCIAL;Lluvia;Superficie humeda
2240437;22/04/2024;7:20:00 a. m.;Lunes;2024;Abril;MOTOCICLETA;PARTICULAR;Motociclista;39;MASCULINO;HERIDOS;0;0;0;;CARRERA 27B FRENTE AL # 27SUR-40;;EL ESMERALDAL;6.172883924574967, -75.57038843556535;OTRO;NO REPORTADO;NO REPORTADO;RESIDENCIAL;Lluvia;Superficie humeda
2240438;22/04/2024;8:00:00 a. m.;Lunes;2024;Abril;AUTOMOVIL;PARTICULAR;Acompañante;61;FEMENINO;HERIDOS;0;0;0;;CALLE 25SUR ENTRE CARRERA 42B y CARRERA 43A;;LAS ORQUIDEAS;6.179583048048794, -75.58014370887645;CHOQUE;VEHICULO;NO REPORTADO;RESIDENCIAL;Normal;Fallas en los frenos  -  Falta de mantenimiento mecanico
2240439;22/04/2024;7:42:00 p. m.;Lunes;2024;Abril;MOTOCICLETA;PARTICULAR;Motociclista;47;MASCULINO;HERIDOS;0;0;0;;CALLE 40 F SUR CARRERA 29C;;SAN RAFAEL;6.160408007558101, -75.58430983899397;CHOQUE;VEHICULO;NO REPORTADO;RESIDENCIAL;Lluvia;No respetar pelacion de interseccion o giros
2240441;22/04/2024;5:15:00 a. m.;Lunes;2024;Abril;CAMIONETA;PARTICULAR;Acompañante;30;FEMENINO;HERIDOS;0;0;0;;CARRERA 48 CALLE 30 SUR;;LAS VEGAS;6.179496718217783, -75.58819458527805;CHOQUE;VEHICULO;NO REPORTADO;RESIDENCIAL;Lluvia;No mantener distancia de seguridad  -  Superficie humeda
2240442;22/04/2024;12:00:00 a. m.;Lunes;2024;Abril;AUTOMOVIL;PARTICULAR;Peaton;65;MASCULINO;HERIDOS;0;0;0;;CARRERA 42 FRENTE AL # 46CSUR-31;;LA PAZ;6.1607145427534515, -75.59424382070868;ATROPELLO;NO REPORTADO;NO REPORTADO;RESIDENCIAL;Lluvia;Otra-Conductor
2240443;22/04/2024;5:53:00 a. m.;Lunes;2024;Abril;MOTOCICLETA;PARTICULAR;Motociclista;27;FEMENINO;HERIDOS;0;0;0;;TRANSVERSAL 33SUR DIAGONAL 32B;;LA MAGNOLIA;6.174318, -75.582970;CHOQUE;VEHICULO;NO REPORTADO;RESIDENCIAL;Lluvia;Desobedecer señales
2240440;23/04/2024;10:05:00 a. m.;Martes;2024;Abril;AUTOMOVIL;PARTICULAR;Acompañante;78;FEMENINO;HERIDOS;0;0;0;;CARRERA 48 FRENTE AL # 46ASUR-121;;LAS VEGAS;6.165305105908396, -75.60053377535192;CHOQUE;VEHICULO;NO REPORTADO;COMERCIAL;Normal;No mantener distancia de seguridad
2240444;23/04/2024;7:40:00 a. m.;Martes;2024;Abril;AUTOMOVIL;PARTICULAR;Acompañante;48;FEMENINO;HERIDOS;0;0;0;;DIAGONAL 33 TRANSVERSAL 34DSUR;;LOS NARANJOS;6.171057860530319, -75.5832001767275;CHOQUE;VEHICULO;NO REPORTADO;RESIDENCIAL;Normal;Desobedecer señales
2240445;24/04/2024;9:40:00 a. m.;Miércoles;2024;Abril;MOTOCICLETA;PARTICULAR;Motociclista;40;MASCULINO;HERIDOS;0;0;0;;CARRERA 29A FRENTE AL # 38SUR-45;;MESA;6.164525289161048, -75.5808561069031;CHOQUE;VEHICULO;NO REPORTADO;RESIDENCIAL;Normal;Impericia en el manejo
2240446;24/04/2024;6:00:00 p. m.;Miércoles;2024;Abril;CAMIONETA;PARTICULAR;Peaton;16;FEMENINO;HERIDOS;0;0;0;;TRANSVERSAL 34CSUR  DIAGONAL 31A;;LAS FLORES;6.17214345992206, -75.57975458227926;ATROPELLO;NO REPORTADO;NO REPORTADO;RESIDENCIAL;Normal;Desobedecer señales
2240449;25/04/2024;10:20:00 a. m.;Jueves;2024;Abril;MOTOCICLETA;PARTICULAR;Motociclista;35;FEMENINO;HERIDOS;0;0;0;;CARRERA 43A FRENTE AL # 29ASUR -39;;JARDINES;6.17758586288822, -75.5848970381385;CHOQUE;VEHICULO;NO REPORTADO;COMERCIAL;Normal;Adelantar cerrando
2240450;25/04/2024;7:20:00 p. m.;Jueves;2024;Abril;MOTOCICLETA;PARTICULAR;Peaton;65;FEMENINO;HERIDOS;0;0;0;;CARRERA 48 CALLE 25SUR;;LAS VEGAS;6.17764599065641, -75.59029135905024;ATROPELLO;NO REPORTADO;NO REPORTADO;COMERCIAL;Lluvia;Pasar semaforo en rojo
2240451;25/04/2024;7:25:00 a. m.;Jueves;2024;Abril;MOTOCICLETA;PARTICULAR;Acompañante;24;MASCULINO;HERIDOS;0;0;0;;CALLE 25ASUR FRENTE AL # 46-35;;VILLA GRANDE;6.1826911545301915, -75.58291604695839;CAIDA OCUPANTE;NO REPORTADO;NO REPORTADO;RESIDENCIAL;Normal;Fallas en las llantas  -  Falta de mantenimiento mecanico
2240451;25/04/2024;7:25:00 a. m.;Jueves;2024;Abril;MOTOCICLETA;PARTICULAR;Motociclista;24;MASCULINO;HERIDOS;0;0;0;;CALLE 25ASUR FRENTE AL # 46-35;;VILLA GRANDE;6.1826911545301915, -75.58291604695839;CAIDA OCUPANTE;NO REPORTADO;NO REPORTADO;RESIDENCIAL;Normal;Fallas en las llantas  -  Falta de mantenimiento mecanico
2240448;26/04/2024;7:25:00 p. m.;Viernes;2024;Abril;MOTOCICLETA;PARTICULAR;Motociclista;33;MASCULINO;HERIDOS;0;0;0;;CARRERA 43A CALLE 40H SUR;;EL DORADO;6.167917508275468, -75.5902057904558;ATROPELLO;NO REPORTADO;NO REPORTADO;RESIDENCIAL;Normal;Semaforo en rojo
2240448;26/04/2024;7:25:00 p. m.;Viernes;2024;Abril;MOTOCICLETA;PARTICULAR;Peaton;17;MASCULINO;HERIDOS;0;0;0;;CARRERA 43A CALLE 40H SUR;;EL DORADO;6.167917508275468, -75.5902057904558;ATROPELLO;NO REPORTADO;NO REPORTADO;RESIDENCIAL;Normal;Semaforo en rojo
2240453;26/04/2024;11:20:00 a. m.;Viernes;2024;Abril;MOTOCICLETA;PARTICULAR;Motociclista;23;MASCULINO;HERIDOS;0;0;0;;CARRERA 48 CALLE 39SUR;;LAS VEGAS;6.1718470269521335, -75.59386983624077;CHOQUE;VEHICULO;NO REPORTADO;RESIDENCIAL;Normal;Desobedecer señales
2240454;26/04/2024;9:38:00 a. m.;Viernes;2024;Abril;MOTOCICLETA;PARTICULAR;Motociclista;40;MASCULINO;HERIDOS;0;0;0;;CALLE 25SUR CARRERA 44;;BOSQUES DE ZUÑIGA;6.182105297612097, -75.58152252371806;CHOQUE;VEHICULO;NO REPORTADO;RESIDENCIAL;Normal;Desobedecer señales
2240461;26/04/2024;9:55:00 a. m.;Viernes;2024;Abril;MOTOCICLETA;PARTICULAR;Acompañante;19;FEMENINO;HERIDOS;0;0;0;;CALLE 38SUR CARRERA 42;;ZONA CENTRO;6.169562689555803, -75.58733216207533;CHOQUE;VEHICULO;NO REPORTADO;RESIDENCIAL;Normal;Adelantar en zona prohibida  -  Girar bruscamente
2240461;26/04/2024;9:55:00 a. m.;Viernes;2024;Abril;MOTOCICLETA;PARTICULAR;Motociclista;21;MASCULINO;HERIDOS;0;0;0;;CALLE 38SUR CARRERA 42;;ZONA CENTRO;6.169562689555803, -75.58733216207533;CHOQUE;VEHICULO;NO REPORTADO;RESIDENCIAL;Normal;Adelantar en zona prohibida  -  Girar bruscamente
2240452;27/04/2024;2:40:00 p. m.;Sábado;2024;Abril;MOTOCICLETA;PARTICULAR;Motociclista;42;MASCULINO;HERIDOS;0;0;0;;CALLE 40SUR CARRERA 29;;SAN JOSE;6.161757, -75.582249;CHOQUE;VEHICULO;NO REPORTADO;RESIDENCIAL;Normal;Desobedecer señales
2240455;27/04/2024;12:20:00 a. m.;Sábado;2024;Abril;MOTOCICLETA;PARTICULAR;Acompañante;25;FEMENINO;HERIDOS;0;0;0;;CARRERA 50 CALLE 30 SUR;;LAS VEGAS;6.181402979317868, -75.58979069129407;CHOQUE;VEHICULO;NO REPORTADO;RESIDENCIAL;Normal;No mantener distancia de seguridad
2240455;27/04/2024;12:20:00 a. m.;Sábado;2024;Abril;MOTOCICLETA;PARTICULAR;Motociclista;26;MASCULINO;HERIDOS;0;0;0;;CARRERA 50 CALLE 30 SUR;;LAS VEGAS;6.181402979317868, -75.58979069129407;CHOQUE;VEHICULO;NO REPORTADO;RESIDENCIAL;Normal;No mantener distancia de seguridad
2240457;27/04/2024;7:10:00 p. m.;Sábado;2024;Abril;MOTOCICLETA;PARTICULAR;Motociclista;20;MASCULINO;HERIDOS;0;0;0;;CARRERA 33 FRENTE AL # 39SUR-37;;MESA;6.164568428298194, -75.58324919291229;CHOQUE;VEHICULO;NO REPORTADO;RESIDENCIAL;Normal;Embriaguez o droga
2240459;27/04/2024;7:23:00 p. m.;Sábado;2024;Abril;CAMIONETA;PUBLICO;Peaton;18;MASCULINO;HERIDOS;0;0;0;;CALLE 40 SUR FRENTE AL # 24F-151;;EL SALADO;6.152429271078304, -75.57812364775103;ATROPELLO;NO REPORTADO;NO REPORTADO;RESIDENCIAL;Normal;Transporte de carga sin seguridad
2240447;28/04/2024;11:50:00 a. m.;Domingo;2024;Abril;AUTOMOVIL;PARTICULAR;Peaton;5;FEMENINO;HERIDOS;0;0;0;;CARRERA 36 CALLE 36SUR;;LOS NARANJOS;6.168389390994253, -75.58298058401535;ATROPELLO;NO REPORTADO;NO REPORTADO;RESIDENCIAL;Normal;Arrancar sin precaucion  -  Poner en marcha un vehiculo sin precauci
2240447;28/04/2024;11:50:00 a. m.;Domingo;2024;Abril;AUTOMOVIL;PARTICULAR;Peaton;19;FEMENINO;HERIDOS;0;0;0;;CARRERA 36 CALLE 36SUR;;LOS NARANJOS;6.168389390994253, -75.58298058401535;ATROPELLO;NO REPORTADO;NO REPORTADO;RESIDENCIAL;Normal;Arrancar sin precaucion  -  Poner en marcha un vehiculo sin precauci
2240447;28/04/2024;11:50:00 a. m.;Domingo;2024;Abril;AUTOMOVIL;PARTICULAR;Peaton;74;FEMENINO;HERIDOS;0;0;0;;CARRERA 36 CALLE 36SUR;;LOS NARANJOS;6.168389390994253, -75.58298058401535;ATROPELLO;NO REPORTADO;NO REPORTADO;RESIDENCIAL;Normal;Arrancar sin precaucion  -  Poner en marcha un vehiculo sin precauci
2240447;28/04/2024;11:50:00 a. m.;Domingo;2024;Abril;AUTOMOVIL;PARTICULAR;Peaton;62;FEMENINO;HERIDOS;0;0;0;;CARRERA 36 CALLE 36SUR;;LOS NARANJOS;6.168389390994253, -75.58298058401535;ATROPELLO;NO REPORTADO;NO REPORTADO;RESIDENCIAL;Normal;Arrancar sin precaucion  -  Poner en marcha un vehiculo sin precauci
2240456;28/04/2024;4:50:00 p. m.;Domingo;2024;Abril;AUTOMOVIL;PARTICULAR;Conductor;59;FEMENINO;HERIDOS;0;0;0;;CARRERA 31 CALLE 38A SUR;;MESA;6.165482825639855, -75.58121633541008;CHOQUE;VEHICULO;NO REPORTADO;RESIDENCIAL;Normal;Desobedecer señales
2240462;28/04/2024;6:30:00 a. m.;Domingo;2024;Abril;MOTOCICLETA;PARTICULAR;Motociclista;30;FEMENINO;HERIDOS;0;0;0;;CALLE 40SUR CARRERA 48;;LAS VEGAS;6.170199413323407, -75.59546293853586;CAIDA OCUPANTE;NO REPORTADO;NO REPORTADO;RESIDENCIAL;Normal;Superficie humeda
2240463;28/04/2024;4:05:00 p. m.;Domingo;2024;Abril;MOTOCICLETA;PARTICULAR;Peaton;29;FEMENINO;HERIDOS;0;0;0;;KILOMETRO 14+980;medellín palmas envigado (km 12 - km 16+700);VEREDA PALMAS;6.152117958821386, -75.54593156679648;ATROPELLO;NO REPORTADO;NO REPORTADO;NO REPORTADO;Normal;Impericia en el manejo
2240458;29/04/2024;3:50:00 p. m.;Lunes;2024;Abril;MOTOCICLETA;PARTICULAR;Motociclista;55;MASCULINO;MUERTOS;0;0;0;;CALLE 37 SUR ENTRE CARRERA 49 y CARRERA 50;;LAS VEGAS;6.174773465521265, -75.59493797095404;CHOQUE;OBJETO FIJO;ARBOL;COMERCIAL;Normal;Impericia en el manejo
2240460;29/04/2024;8:40:00 p. m.;Lunes;2024;Abril;MOTOCICLETA;PARTICULAR;Motociclista;24;FEMENINO;HERIDOS;1;0;1;40;CARRERA 43A CALLE 49SUR;;LAS CASITAS;6.160988364240421, -75.60016436593138;CHOQUE;VEHICULO;NO REPORTADO;RESIDENCIAL;Normal;Embriaguez o droga
2240464;29/04/2024;11:50:00 a. m.;Lunes;2024;Abril;CAMIONETA;PUBLICO;Conductor;57;MASCULINO;HERIDOS;0;0;0;;CARRERA 21 FRENTE AL # 40A SUR 25;;VEREDA EL VALLANO;6.136970552331833, -75.5787791103099;CHOQUE;OBJETO FIJO;MURO;RESIDENCIAL;Normal;Estacionar sin seguridad
2240466;29/04/2024;4:40:00 p. m.;Lunes;2024;Abril;MOTOCICLETA;PARTICULAR;Motociclista;32;MASCULINO;HERIDOS;0;0;0;;CARRERA 48 FRENTE AL # 46SUR-150;;LAS VEGAS;6.165414903573506, -75.60016529280472;CHOQUE;VEHICULO;NO REPORTADO;RESIDENCIAL;Normal;No mantener distancia de seguridad
2240470;29/04/2024;2:20:00 p. m.;Lunes;2024;Abril;MOTOCICLETA;PARTICULAR;Motociclista;20;FEMENINO;HERIDOS;0;0;0;;CARRERA 46 CALLE 39SUR;;ALCALA;6.170439293606192, -75.59246591850884;CHOQUE;VEHICULO;NO REPORTADO;RESIDENCIAL;Normal;Desobedecer señales
2240465;30/04/2024;5:55:00 a. m.;Martes;2024;Abril;MOTOCICLETA;PARTICULAR;Motociclista;48;MASCULINO;HERIDOS;0;0;0;;CARRERA 36 CALLE 38SUR;;MESA;6.167288352902482, -75.5836944630165;CHOQUE;VEHICULO;NO REPORTADO;RESIDENCIAL;Normal;Desobedecer señales
2240465;30/04/2024;5:55:00 a. m.;Martes;2024;Abril;MOTOCICLETA;PARTICULAR;Acompañante;45;FEMENINO;HERIDOS;0;0;0;;CARRERA 36 CALLE 38SUR;;MESA;6.167288352902482, -75.5836944630165;CHOQUE;VEHICULO;NO REPORTADO;RESIDENCIAL;Normal;Desobedecer señales
2240467;30/04/2024;2:00:00 p. m.;Martes;2024;Abril;BUSETA;PUBLICO;Pasajero;70;MASCULINO;HERIDOS;0;0;0;;CALLE 37SUR CARRERA 32;;MESA;6.166614422310558, -75.58119135382061;CHOQUE;VEHICULO;NO REPORTADO;RESIDENCIAL;Normal;Desobedecer señales
2240468;30/04/2024;10:42:00 p. m.;Martes;2024;Abril;MOTOCICLETA;PARTICULAR;Motociclista;27;MASCULINO;HERIDOS;0;0;0;;CARRERA 48 CALLE 30SUR;;LAS VEGAS;6.179496718217783, -75.58819458527805;CHOQUE;VEHICULO;NO REPORTADO;RESIDENCIAL;Normal;Semaforo en rojo
2240468;30/04/2024;10:42:00 p. m.;Martes;2024;Abril;MOTOCICLETA;PARTICULAR;Motociclista;23;FEMENINO;HERIDOS;0;0;0;;CARRERA 48 CALLE 30SUR;;LAS VEGAS;6.179496718217783, -75.58819458527805;CHOQUE;VEHICULO;NO REPORTADO;RESIDENCIAL;Normal;Semaforo en rojo
2240469;30/04/2024;9:10:00 a. m.;Martes;2024;Abril;MOTOCICLETA;PARTICULAR;Motociclista;24;FEMENINO;HERIDOS;0;0;0;;CARRERA 50 ENTRE CALLE 36 SUR y CALLE 37 SUR;;LAS VEGAS;6.177842, -75.592285;CHOQUE;VEHICULO;NO REPORTADO;RESIDENCIAL;Normal;No mantener distancia de seguridad
2240471;30/04/2024;6:05:00 p. m.;Martes;2024;Abril;MOTOCICLETA;PARTICULAR;Motociclista;22;MASCULINO;HERIDOS;0;0;0;;CALLE 25SUR FRENTE AL # 46-220;;BOSQUES DE ZUÑIGA;6.1847096138037125, -75.58254199921444;CHOQUE;VEHICULO;NO REPORTADO;RESIDENCIAL;Normal;Adelantar en curva
2240472;30/04/2024;2:40:00 p. m.;Martes;2024;Abril;CAMIONETA;PARTICULAR;Conductor;60;FEMENINO;HERIDOS;0;0;0;;CALLE 27DSUR FRENTE AL # 27B-04;;EL ESMERALDAL;6.169763142832014, -75.56967505305533;CHOQUE;VEHICULO;NO REPORTADO;RESIDENCIAL;Lluvia;Impericia en el manejo
2240472;30/04/2024;2:40:00 p. m.;Martes;2024;Abril;AUTOMOVIL;PUBLICO;Conductor;72;MASCULINO;HERIDOS;0;0;0;;CALLE 27DSUR FRENTE AL # 27B-04;;EL ESMERALDAL;6.169763142832014, -75.56967505305533;CHOQUE;VEHICULO;NO REPORTADO;RESIDENCIAL;Lluvia;Impericia en el manejo
2240473;1/05/2024;1:30:00 p. m.;Miércoles;2024;Mayo;MOTOCICLETA;PARTICULAR;Motociclista;34;MASCULINO;HERIDOS;0;0;0;;CARRERA 40 FRENTE AL # 35 SUR-65;;ZONA CENTRO;6.170135847587694, -75.58501565385963;CHOQUE;VEHICULO;NO REPORTADO;RESIDENCIAL;Lluvia;Superficie humeda
2240475;1/05/2024;9:08:00 p. m.;Miércoles;2024;Mayo;MOTOCICLETA;OFICIAL;Acompañante;39;MASCULINO;HERIDOS;0;0;0;;CARRERA 43A FRENTE AL # 46SUR- 20;;LA PAZ;6.1638832102020915, -75.59605979573062;CAIDA OCUPANTE;NO REPORTADO;NO REPORTADO;RESIDENCIAL;Normal;Impericia en el manejo
2240475;1/05/2024;9:08:00 p. m.;Miércoles;2024;Mayo;MOTOCICLETA;OFICIAL;Motociclista;43;MASCULINO;HERIDOS;0;0;0;;CARRERA 43A FRENTE AL # 46SUR- 20;;LA PAZ;6.1638832102020915, -75.59605979573062;CAIDA OCUPANTE;NO REPORTADO;NO REPORTADO;RESIDENCIAL;Normal;Impericia en el manejo
2240476;1/05/2024;10:27:00 a. m.;Miércoles;2024;Mayo;BICICLETA;;Ciclista;35;FEMENINO;HERIDOS;0;0;0;;CALLE 38 SUR FRENTE AL # 43-16;;ZONA CENTRO;6.171067269212549, -75.58801542822195;CHOQUE;VEHICULO;NO REPORTADO;RESIDENCIAL;Normal;Desobedecer señales
2240477;2/05/2024;7:13:00 p. m.;Jueves;2024;Mayo;MOTOCICLETA;PARTICULAR;Motociclista;45;MASCULINO;HERIDOS;0;0;0;;CARRERA 37 CALLE 37SUR;;ZONA CENTRO;6.168244749362466, -75.58378518841172;CHOQUE;VEHICULO;NO REPORTADO;RESIDENCIAL;Normal;Desobedecer señales
2240478;2/05/2024;8:47:00 p. m.;Jueves;2024;Mayo;MOTOCICLETA;PARTICULAR;Acompañante;18;FEMENINO;HERIDOS;0;0;0;;CALLE 37SUR TRANSVERSAL 35DSUR;;LOS NARANJOS;6.167635575942192, -75.58274663392723;CHOQUE;VEHICULO;NO REPORTADO;RESIDENCIAL;Normal;Girar bruscamente
2240480;2/05/2024;2:20:00 p. m.;Jueves;2024;Mayo;MICROBUS;PUBLICO;Pasajero;6;MASCULINO;HERIDOS;0;0;0;;CARRERA 43A CALLE 49DSUR;;LAS CASITAS;6.1608990983146255, -75.60067423247968;CAIDA OCUPANTE;NO REPORTADO;NO REPORTADO;RESIDENCIAL;Normal;Impericia en el manejo
2240480;2/05/2024;2:20:00 p. m.;Jueves;2024;Mayo;MICROBUS;PUBLICO;Pasajero;4;MASCULINO;HERIDOS;0;0;0;;CARRERA 43A CALLE 49DSUR;;LAS CASITAS;6.1608990983146255, -75.60067423247968;CAIDA OCUPANTE;NO REPORTADO;NO REPORTADO;RESIDENCIAL;Normal;Impericia en el manejo
2240481;2/05/2024;6:15:00 p. m.;Jueves;2024;Mayo;MOTOCICLETA;PARTICULAR;Motociclista;35;MASCULINO;HERIDOS;0;0;0;;CARRERA 50 ENTRE CALLE 39SUR y CALLE 43SUR;;LAS VEGAS;6.172473, -75.598910;CHOQUE;OBJETO FIJO;VEHICULO ESTACIONADO;RESIDENCIAL;Normal;No mantener distancia de seguridad
2240483;2/05/2024;12:10:00 p. m.;Jueves;2024;Mayo;MOTOCICLETA;PARTICULAR;Motociclista;37;MASCULINO;HERIDOS;0;0;0;;CARRERA 27A ENTRE CALLE 37B SUR y CALLE 36DSUR;;VEREDA EL ESCOBERO;6.161529700200874, -75.57383829330047;CAIDA OCUPANTE;NO REPORTADO;NO REPORTADO;RESIDENCIAL;Lluvia;Impericia en el manejo
2240474;3/05/2024;8:50:00 a. m.;Viernes;2024;Mayo;CAMIONETA;PUBLICO;Conductor;43;MASCULINO;MUERTOS;0;0;0;;CARRERA 50 FRENTE AL # 39SUR-100;;LAS VEGAS;6.173381129165573, -75.59798588912591;CHOQUE;OBJETO FIJO;VEHICULO ESTACIONADO;RESIDENCIAL;Normal;Exceso de velocidad
2240479;3/05/2024;6:20:00 a. m.;Viernes;2024;Mayo;MOTOCICLETA;PARTICULAR;Motociclista;44;MASCULINO;HERIDOS;0;0;0;;CARRERA 50 ENTRE CALLE 27ASUR y CALLE 30SUR;;LAS VEGAS;6.183747012339403, -75.58829244878005;CHOQUE;VEHICULO;NO REPORTADO;RESIDENCIAL;Normal;Falta de se?ales en vehiculo varado
2240479;3/05/2024;6:20:00 a. m.;Viernes;2024;Mayo;MOTOCICLETA;OFICIAL;Motociclista;42;MASCULINO;HERIDOS;0;0;0;;CARRERA 50 ENTRE CALLE 27ASUR y CALLE 30SUR;;LAS VEGAS;6.183747012339403, -75.58829244878005;CHOQUE;VEHICULO;NO REPORTADO;RESIDENCIAL;Normal;Falta de se?ales en vehiculo varado
2240479;3/05/2024;6:20:00 a. m.;Viernes;2024;Mayo;MOTOCICLETA;PARTICULAR;Motociclista;41;MASCULINO;HERIDOS;0;0;0;;CARRERA 50 ENTRE CALLE 27ASUR y CALLE 30SUR;;LAS VEGAS;6.183747012339403, -75.58829244878005;CHOQUE;VEHICULO;NO REPORTADO;RESIDENCIAL;Normal;Falta de se?ales en vehiculo varado
2240479;3/05/2024;6:20:00 a. m.;Viernes;2024;Mayo;MOTOCICLETA;PARTICULAR;Acompañante;43;FEMENINO;HERIDOS;0;0;0;;CARRERA 50 ENTRE CALLE 27ASUR y CALLE 30SUR;;LAS VEGAS;6.183747012339403, -75.58829244878005;CHOQUE;VEHICULO;NO REPORTADO;RESIDENCIAL;Normal;Falta de se?ales en vehiculo varado
2240484;3/05/2024;3:00:00 p. m.;Viernes;2024;Mayo;AUTOMOVIL;PARTICULAR;Acompañante;59;FEMENINO;HERIDOS;0;0;0;;TRANSVERSAL 34 SUR DIAGONAL 32D;;LA MAGNOLIA;6.173444958261002, -75.5829829576966;CHOQUE;VEHICULO;NO REPORTADO;RESIDENCIAL;Normal;Desobedecer señales
2240484;3/05/2024;3:00:00 p. m.;Viernes;2024;Mayo;AUTOMOVIL;PARTICULAR;Conductor;24;FEMENINO;HERIDOS;0;0;0;;TRANSVERSAL 34 SUR DIAGONAL 32D;;LA MAGNOLIA;6.173444958261002, -75.5829829576966;CHOQUE;VEHICULO;NO REPORTADO;RESIDENCIAL;Normal;Desobedecer señales
2240485;3/05/2024;2:45:00 p. m.;Viernes;2024;Mayo;MICROBUS;PUBLICO;Peaton;59;FEMENINO;HERIDOS;0;0;0;;CARRERA 41 FRENTE AL # 44SUR-22;;EL DORADO;6.163715947449818, -75.59094514229317;ATROPELLO;NO REPORTADO;NO REPORTADO;RESIDENCIAL;Normal;Reverso imprudente
2240482;4/05/2024;5:15:00 p. m.;Sábado;2024;Mayo;AUTOMOVIL;PUBLICO;Pasajero;39;FEMENINO;HERIDOS;0;0;0;;CARRERA 48 CALLE 25AA SUR;;LAS VEGAS;6.183900107704127, -75.58475148029898;CHOQUE;VEHICULO;NO REPORTADO;RESIDENCIAL;Normal;No mantener distancia de seguridad
2240486;4/05/2024;9:15:00 p. m.;Sábado;2024;Mayo;MOTOCICLETA;OFICIAL;Motociclista;34;MASCULINO;HERIDOS;0;0;0;;CALLE 34 SUR FRENTE AL # 43 A 11;;SAN MARCOS;6.173016327569576, -75.58720900856446;CHOQUE;VEHICULO;NO REPORTADO;RESIDENCIAL;Normal;Transitar en contravia
2240487;4/05/2024;6:50:00 p. m.;Sábado;2024;Mayo;BUS;PUBLICO;Pasajero;54;FEMENINO;HERIDOS;0;0;0;;CARRERA 43A FRENTE AL # 30SUR-9;;SAN MARCOS;6.177064338064778, -75.58527737641155;CHOQUE;VEHICULO;NO REPORTADO;RESIDENCIAL;Normal;No mantener distancia de seguridad
2240488;4/05/2024;4:40:00 p. m.;Sábado;2024;Mayo;MOTOCICLETA;PARTICULAR;Motociclista;18;MASCULINO;HERIDOS;0;0;0;;CARRERA 24DD # 41B SUR;;SAN RAFAEL;6.153636283709524, -75.58644386174393;CHOQUE;VEHICULO;NO REPORTADO;RESIDENCIAL;Normal;Impericia en el manejo
2240488;4/05/2024;4:40:00 p. m.;Sábado;2024;Mayo;MOTOCICLETA;PARTICULAR;Motociclista;25;FEMENINO;HERIDOS;0;0;0;;CARRERA 24DD # 41B SUR;;SAN RAFAEL;6.153636283709524, -75.58644386174393;CHOQUE;VEHICULO;NO REPORTADO;RESIDENCIAL;Normal;Impericia en el manejo
2240489;4/05/2024;10:25:00 a. m.;Sábado;2024;Mayo;MOTOCICLETA;PARTICULAR;Motociclista;43;MASCULINO;HERIDOS;0;0;0;;CARRERA 27 # 22SUR-51;;ZUÑIGA;6.177092979768953, -75.56752137667418;CHOQUE;VEHICULO;NO REPORTADO;RESIDENCIAL;Normal;Desobedecer señales
2240490;5/05/2024;9:15:00 a. m.;Domingo;2024;Mayo;MOTOCICLETA;PARTICULAR;Motociclista;32;MASCULINO;HERIDOS;0;0;0;;CARRERA 50 ENTRE CALLE 50SUR y CALLE 49SUR;;LAS VEGAS;6.163309245865404, -75.60433240410406;CHOQUE;VEHICULO;NO REPORTADO;RESIDENCIAL;Normal;Otra-Conductor
2240491;5/05/2024;5:20:00 a. m.;Domingo;2024;Mayo;MOTOCICLETA;PARTICULAR;Motociclista;27;FEMENINO;HERIDOS;0;0;0;;CARRERA 43A CALLE 39SUR;;ZONA CENTRO;6.169072587245623, -75.58965540069894;CHOQUE;VEHICULO;NO REPORTADO;RESIDENCIAL;Normal;Semaforo en rojo
2240492;5/05/2024;12:38:00 a. m.;Domingo;2024;Mayo;MOTOCICLETA;PARTICULAR;Motociclista;46;MASCULINO;HERIDOS;0;0;0;;KILOMETRO 11+730;retiro varia palmas enviga (km 5+43 - km 14+ 550);VEREDA PALMAS;6.160054793046469, -75.51570871092513;CHOQUE;VEHICULO;NO REPORTADO;NO REPORTADO;Normal;Arrancar sin precaucion  -  Poner en marcha un vehiculo sin precauci