NRO_RADICADO;FECHA_ACCIDENTE;HORA_ACCIDENTE;Día de la semana;AÑO;MES;CLASE_VEHICULO;TIPO_SERVICIO;TIPO_VICTIMA;EDAD;GENERO;GRAVEDAD;ESTADO_BEODEZ;ESTADO_DROGA;RESULTADO_BEODEZ;RESUL_BEODEZ_GRAMOS;DIRECCION_CARACT_VIA;TRAMO_VIA;LOCALIDAD_O_COMUNA;    GEORREFERENCIACIÓN;DESC_CLASE_ACCIDENTE;DESC_CHOQUE_ACCIDENTE;DESC_OBJETO_FIJO;DESC_SECTOR_ACCIDENTE;CONDICION_CLIMATICA;CAUSA_ACCIDENTE
2240493;5/05/2024;3:00:00 p. m.;Domingo;2024;Mayo;MOTOCICLETA;PARTICULAR;Motociclista;29;MASCULINO;HERIDOS;0;0;0;;CARRERA 50 CALLE 37SUR;;LAS VEGAS;6.175582, -75.594664;CHOQUE;VEHICULO;NO REPORTADO;RESIDENCIAL;Normal;No mantener distancia de seguridad
2240493;5/05/2024;3:00:00 p. m.;Domingo;2024;Mayo;MOTOCICLETA;PARTICULAR;Acompañante;26;FEMENINO;HERIDOS;0;0;0;;CARRERA 50 CALLE 37SUR;;LAS VEGAS;6.175582, -75.594664;CHOQUE;VEHICULO;NO REPORTADO;RESIDENCIAL;Normal;No mantener distancia de seguridad
2240494;6/05/2024;1:55:00 p. m.;Lunes;2024;Mayo;BICICLETA;;Ciclista;44;MASCULINO;HERIDOS;0;0;0;;CARRERA 48 ENTRE CALLE 46SUR y CALLE 48CSUR;;PRIMAVERA;6.166125336019439, -75.59939888541172;CHOQUE;VEHICULO;NO REPORTADO;RESIDENCIAL;Normal;Desobedecer señales  -  Semaforo en rojo
2240495;6/05/2024;8:00:00 a. m.;Lunes;2024;Mayo;AUTOMOVIL;PUBLICO;Pasajero;35;FEMENINO;HERIDOS;0;0;0;;TRANSVERSAL 32ASUR DIAGONAL 32B;;LA MAGNOLIA;6.175356302820044, -75.5833125250188;CHOQUE;VEHICULO;NO REPORTADO;RESIDENCIAL;Normal;Otra-Conductor
2240495;6/05/2024;8:00:00 a. m.;Lunes;2024;Mayo;AUTOMOVIL;PUBLICO;Conductor;64;MASCULINO;HERIDOS;0;0;0;;TRANSVERSAL 32ASUR DIAGONAL 32B;;LA MAGNOLIA;6.175356302820044, -75.5833125250188;CHOQUE;VEHICULO;NO REPORTADO;RESIDENCIAL;Normal;Otra-Conductor
2240495;6/05/2024;8:00:00 a. m.;Lunes;2024;Mayo;AUTOMOVIL;PARTICULAR;Acompañante;2;FEMENINO;HERIDOS;0;0;0;;TRANSVERSAL 32ASUR DIAGONAL 32B;;LA MAGNOLIA;6.175356302820044, -75.5833125250188;CHOQUE;VEHICULO;NO REPORTADO;RESIDENCIAL;Normal;Otra-Conductor
2240495;6/05/2024;8:00:00 a. m.;Lunes;2024;Mayo;AUTOMOVIL;PUBLICO;Pasajero;2;FEMENINO;HERIDOS;0;0;0;;TRANSVERSAL 32ASUR DIAGONAL 32B;;LA MAGNOLIA;6.175356302820044, -75.5833125250188;CHOQUE;VEHICULO;NO REPORTADO;RESIDENCIAL;Normal;Otra-Conductor
2240495;6/05/2024;8:00:00 a. m.;Lunes;2024;Mayo;AUTOMOVIL;PARTICULAR;Conductor;27;FEMENINO;HERIDOS;0;0;0;;TRANSVERSAL 32ASUR DIAGONAL 32B;;LA MAGNOLIA;6.175356302820044, -75.5833125250188;CHOQUE;VEHICULO;NO REPORTADO;RESIDENCIAL;Normal;Otra-Conductor
2240495;6/05/2024;8:00:00 a. m.;Lunes;2024;Mayo;AUTOMOVIL;PUBLICO;Pasajero;50;MASCULINO;HERIDOS;0;0;0;;TRANSVERSAL 32ASUR DIAGONAL 32B;;LA MAGNOLIA;6.175356302820044, -75.5833125250188;CHOQUE;VEHICULO;NO REPORTADO;RESIDENCIAL;Normal;Otra-Conductor
2240496;6/05/2024;10:55:00 a. m.;Lunes;2024;Mayo;MOTOCICLETA;PARTICULAR;Motociclista;55;FEMENINO;HERIDOS;0;0;0;;CALLE 37 SUR CARRERA 46;;ALCALA;6.172753274331434, -75.59088744974254;CHOQUE;VEHICULO;NO REPORTADO;RESIDENCIAL;Normal;Desobedecer señales
2240498;6/05/2024;4:00:00 p. m.;Lunes;2024;Mayo;MOTOCICLETA;PARTICULAR;Motociclista;22;FEMENINO;HERIDOS;0;0;0;;CARRERA 43A FRENTE AL # 34SUR-05;;ZONA CENTRO;6.172930129322161, -75.587191294846;CHOQUE;VEHICULO;NO REPORTADO;RESIDENCIAL;Normal;No mantener distancia de seguridad
2240497;7/05/2024;4:45:00 p. m.;Martes;2024;Mayo;MOTOCICLETA;PARTICULAR;Acompañante;23;FEMENINO;HERIDOS;0;0;0;;CARRERA 49A FRENTE AL # 48SUR-100;;LAS VEGAS;6.165748, -75.602615;CHOQUE;VEHICULO;NO REPORTADO;RESIDENCIAL;Normal;Desobedecer señales
2240497;7/05/2024;4:45:00 p. m.;Martes;2024;Mayo;BICICLETA;;Ciclista;37;MASCULINO;HERIDOS;0;0;0;;CARRERA 49A FRENTE AL # 48SUR-100;;LAS VEGAS;6.165748, -75.602615;CHOQUE;VEHICULO;NO REPORTADO;RESIDENCIAL;Normal;Desobedecer señales
2240497;7/05/2024;4:45:00 p. m.;Martes;2024;Mayo;MOTOCICLETA;PARTICULAR;Motociclista;27;MASCULINO;HERIDOS;0;0;0;;CARRERA 49A FRENTE AL # 48SUR-100;;LAS VEGAS;6.165748, -75.602615;CHOQUE;VEHICULO;NO REPORTADO;RESIDENCIAL;Normal;Desobedecer señales
2240500;8/05/2024;7:25:00 p. m.;Miércoles;2024;Mayo;BICICLETA;;Ciclista;18;MASCULINO;HERIDOS;0;0;0;;CARRERA 43A FRENTE AL # 49SUR-27;;LAS CASITAS;6.160947380577149, -75.60045664298352;CHOQUE;VEHICULO;NO REPORTADO;RESIDENCIAL;Normal;No hacer uso de señales reflectivas o luminosas  -  Transitar distante de la acera u orilla 
2240501;8/05/2024;5:40:00 p. m.;Miércoles;2024;Mayo;MOTOCICLETA;PARTICULAR;Acompañante;20;FEMENINO;HERIDOS;0;0;0;;CALLE 38ASUR  CARRERA 41;;ZONA CENTRO;6.168443553855609, -75.58707007801772;CHOQUE;VEHICULO;NO REPORTADO;RESIDENCIAL;Normal;Adelantar cerrando
2240501;8/05/2024;5:40:00 p. m.;Miércoles;2024;Mayo;MOTOCICLETA;PARTICULAR;Motociclista;31;MASCULINO;HERIDOS;0;0;0;;CALLE 38ASUR  CARRERA 41;;ZONA CENTRO;6.168443553855609, -75.58707007801772;CHOQUE;VEHICULO;NO REPORTADO;RESIDENCIAL;Normal;Adelantar cerrando
2240499;9/05/2024;6:38:00 a. m.;Jueves;2024;Mayo;MOTOCICLETA;PARTICULAR;Motociclista;29;FEMENINO;HERIDOS;0;0;0;;CARRERA 42B FRENTE AL # 26ASUR-64;;PONTE VEDRA;6.17858333372655, -75.58194633959083;CAIDA OCUPANTE;NO REPORTADO;NO REPORTADO;RESIDENCIAL;Normal;Superficie humeda
2240502;9/05/2024;4:10:00 p. m.;Jueves;2024;Mayo;MOTOCICLETA;PARTICULAR;Acompañante;17;FEMENINO;HERIDOS;0;0;0;;DIAGONAL 32 TRANSVERSAL 32C SUR;;LA MAGNOLIA;6.1750262422205395, -75.58232021684168;CHOQUE;VEHICULO;NO REPORTADO;RESIDENCIAL;Normal;Desobedecer señales
2240502;9/05/2024;4:10:00 p. m.;Jueves;2024;Mayo;MOTOCICLETA;PARTICULAR;Motociclista;17;FEMENINO;HERIDOS;0;0;0;;DIAGONAL 32 TRANSVERSAL 32C SUR;;LA MAGNOLIA;6.1750262422205395, -75.58232021684168;CHOQUE;VEHICULO;NO REPORTADO;RESIDENCIAL;Normal;Desobedecer señales
2240504;10/05/2024;7:35:00 a. m.;Viernes;2024;Mayo;MOTOCICLETA;PARTICULAR;Motociclista;24;MASCULINO;HERIDOS;0;0;0;;CARRERA 50 FRENTE AL # 26SUR-100;;LAS VEGAS;6.184941, -75.587077;CHOQUE;OBJETO FIJO;OTRO TIPO;RESIDENCIAL;Normal;Impericia en el manejo
2240506;10/05/2024;7:35:00 a. m.;Viernes;2024;Mayo;MOTOCICLETA;OFICIAL;Acompañante;30;FEMENINO;HERIDOS;0;0;0;;CARRERA 48 CALLE 44 SUR;;LAS VEGAS;6.167298976198362, -75.5983279112243;OTRO;NO REPORTADO;NO REPORTADO;RESIDENCIAL;Normal;Huecos
2240507;10/05/2024;7:45:00 a. m.;Viernes;2024;Mayo;AUTOMOVIL;PARTICULAR;Acompañante;36;FEMENINO;HERIDOS;0;0;0;;CARRERA 50 FRENTE AL # 30SUR-66;;LAS VEGAS;6.1809127221201345, -75.59013035022039;CHOQUE;VEHICULO;NO REPORTADO;RESIDENCIAL;Normal;No mantener distancia de seguridad
2240508;10/05/2024;4:10:00 a. m.;Viernes;2024;Mayo;MOTOCICLETA;PARTICULAR;Acompañante;20;MASCULINO;HERIDOS;0;0;0;;CARRERA 48 CALLE 25A SUR;;LAS VEGAS;6.18511291233054, -75.58370869024736;CHOQUE;VEHICULO;NO REPORTADO;RESIDENCIAL;Normal;Semaforo en rojo
2240508;10/05/2024;4:10:00 a. m.;Viernes;2024;Mayo;MOTOCICLETA;PARTICULAR;Motociclista;43;MASCULINO;HERIDOS;0;0;0;;CARRERA 48 CALLE 25A SUR;;LAS VEGAS;6.18511291233054, -75.58370869024736;CHOQUE;VEHICULO;NO REPORTADO;RESIDENCIAL;Normal;Semaforo en rojo
2240515;10/05/2024;4:40:00 p. m.;Viernes;2024;Mayo;AUTOMOVIL;PARTICULAR;Conductor;51;FEMENINO;HERIDOS;0;0;0;;TRANSVERSAL 36SUR FRENTE AL # 29-25;;LA SEBASTIANA;6.167705284461312, -75.57890592486646;CHOQUE;VEHICULO;NO REPORTADO;RESIDENCIAL;Normal;No mantener distancia de seguridad
2240503;11/05/2024;3:32:00 p. m.;Sábado;2024;Mayo;AUTOMOVIL;PARTICULAR;Peaton;26;MASCULINO;HERIDOS;0;0;0;;CARRERA 48 FRENTE AL # 32B SUR-139;;LAS VEGAS;6.176897513877721, -75.59025410258477;ATROPELLO;NO REPORTADO;NO REPORTADO;RESIDENCIAL;Normal;Desobedecer señales
2240509;11/05/2024;3:55:00 p. m.;Sábado;2024;Mayo;AUTOMOVIL;PARTICULAR;Acompañante;20;MASCULINO;HERIDOS;0;0;0;;CARRERA 50 ENTRE CALLE 25AA SUR y CALLE 26SUR;;LAS VEGAS;6.185386, -75.586570;CHOQUE;VEHICULO;NO REPORTADO;RESIDENCIAL;Normal;No mantener distancia de seguridad
2240509;11/05/2024;3:55:00 p. m.;Sábado;2024;Mayo;AUTOMOVIL;PARTICULAR;Acompañante;14;FEMENINO;HERIDOS;0;0;0;;CARRERA 50 ENTRE CALLE 25AA SUR y CALLE 26SUR;;LAS VEGAS;6.185386, -75.586570;CHOQUE;VEHICULO;NO REPORTADO;RESIDENCIAL;Normal;No mantener distancia de seguridad
2240509;11/05/2024;3:55:00 p. m.;Sábado;2024;Mayo;AUTOMOVIL;PARTICULAR;Acompañante;18;FEMENINO;HERIDOS;0;0;0;;CARRERA 50 ENTRE CALLE 25AA SUR y CALLE 26SUR;;LAS VEGAS;6.185386, -75.586570;CHOQUE;VEHICULO;NO REPORTADO;RESIDENCIAL;Normal;No mantener distancia de seguridad
2240509;11/05/2024;3:55:00 p. m.;Sábado;2024;Mayo;AUTOMOVIL;PARTICULAR;Acompañante;72;MASCULINO;HERIDOS;0;0;0;;CARRERA 50 ENTRE CALLE 25AA SUR y CALLE 26SUR;;LAS VEGAS;6.185386, -75.586570;CHOQUE;VEHICULO;NO REPORTADO;RESIDENCIAL;Normal;No mantener distancia de seguridad
2240509;11/05/2024;3:55:00 p. m.;Sábado;2024;Mayo;AUTOMOVIL;PARTICULAR;Acompañante;41;FEMENINO;HERIDOS;0;0;0;;CARRERA 50 ENTRE CALLE 25AA SUR y CALLE 26SUR;;LAS VEGAS;6.185386, -75.586570;CHOQUE;VEHICULO;NO REPORTADO;RESIDENCIAL;Normal;No mantener distancia de seguridad
2240509;11/05/2024;3:55:00 p. m.;Sábado;2024;Mayo;AUTOMOVIL;PARTICULAR;Acompañante;22;MASCULINO;HERIDOS;0;0;0;;CARRERA 50 ENTRE CALLE 25AA SUR y CALLE 26SUR;;LAS VEGAS;6.185386, -75.586570;CHOQUE;VEHICULO;NO REPORTADO;RESIDENCIAL;Normal;No mantener distancia de seguridad
2240510;12/05/2024;2:30:00 p. m.;Domingo;2024;Mayo;MOTOCICLETA;PARTICULAR;Motociclista;23;FEMENINO;HERIDOS;0;0;0;;CARRERA 50 FRENTE AL # 29SUR-16;;LAS VEGAS;6.1824122099353165, -75.58921839069734;CHOQUE;VEHICULO;NO REPORTADO;RESIDENCIAL;Normal;Adelantar invadiendo carril del mismo sentido en zigzag
2240511;12/05/2024;5:10:00 a. m.;Domingo;2024;Mayo;MOTOCICLETA;PARTICULAR;Motociclista;49;MASCULINO;HERIDOS;0;0;0;;CALLE 36D SUR CARRERA 25;;VEREDA EL ESCOBERO;6.157095811145837, -75.56752218957479;CHOQUE;VEHICULO;NO REPORTADO;RESIDENCIAL;Lluvia;Otra-Conductor  -  Superficie humeda
2240512;12/05/2024;12:00:00 a. m.;Domingo;2024;Mayo;MOTOCICLETA;PARTICULAR;Acompañante;20;MASCULINO;HERIDOS;0;0;0;;CALLE 25 A SUR FRENTE AL # 46-135;;VILLA GRANDE;6.183483754589884, -75.58343245674939;CHOQUE;VEHICULO;NO REPORTADO;RESIDENCIAL;Lluvia;Transitar en contravia
2240512;12/05/2024;12:00:00 a. m.;Domingo;2024;Mayo;MOTOCICLETA;PARTICULAR;Motociclista;21;MASCULINO;HERIDOS;0;0;0;;CALLE 25 A SUR FRENTE AL # 46-135;;VILLA GRANDE;6.183483754589884, -75.58343245674939;CHOQUE;VEHICULO;NO REPORTADO;RESIDENCIAL;Lluvia;Transitar en contravia
2240513;12/05/2024;10:15:00 a. m.;Domingo;2024;Mayo;MOTOCICLETA;PARTICULAR;Motociclista;44;FEMENINO;HERIDOS;0;0;0;;CARRERA 28 B FRENTE AL # 40SUR-47;;SAN JOSE;6.160352010396156, -75.58192010116875;CAIDA OCUPANTE;NO REPORTADO;NO REPORTADO;RESIDENCIAL;Lluvia;Impericia en el manejo
2240514;13/05/2024;5:55:00 p. m.;Lunes;2024;Mayo;MOTOCICLETA;PARTICULAR;Peaton;54;MASCULINO;HERIDOS;0;0;0;;CALLE 38 A SUR CARRERA 46;;ALCALA;6.171357780474387, -75.59157833212781;ATROPELLO;NO REPORTADO;NO REPORTADO;RESIDENCIAL;Normal;Desobedecer señales
2240516;13/05/2024;5:00:00 p. m.;Lunes;2024;Mayo;MOTOCICLETA;PARTICULAR;Motociclista;26;FEMENINO;HERIDOS;0;0;0;;TRANSVERSAL 32C SUR DIAGONAL 32B;;LA MAGNOLIA;6.174763795918939, -75.58312793993532;CHOQUE;VEHICULO;NO REPORTADO;RESIDENCIAL;Normal;No respetar pelacion de interseccion o giros
2240516;13/05/2024;5:00:00 p. m.;Lunes;2024;Mayo;MOTOCICLETA;PARTICULAR;Motociclista;26;MASCULINO;HERIDOS;0;0;0;;TRANSVERSAL 32C SUR DIAGONAL 32B;;LA MAGNOLIA;6.174763795918939, -75.58312793993532;CHOQUE;VEHICULO;NO REPORTADO;RESIDENCIAL;Normal;No respetar pelacion de interseccion o giros
2240517;14/05/2024;10:15:00 p. m.;Martes;2024;Mayo;MOTOCICLETA;PARTICULAR;Acompañante;21;MASCULINO;HERIDOS;0;0;0;;KILOMETRO 1+800;el escobero - km 0-13);VEREDA EL ESCOBERO;6.141576179506178, -75.55923635143881;CHOQUE;VEHICULO;NO REPORTADO;NO REPORTADO;Lluvia;Adelantar en curva
2240519;14/05/2024;10:40:00 a. m.;Martes;2024;Mayo;MOTOCICLETA;PARTICULAR;Motociclista;36;FEMENINO;HERIDOS;0;0;0;;CARRERA 50 ENTRE CALLE 46ASUR y CALLE 43SUR;;LAS VEGAS;6.168173490438084, -75.60226584300804;CHOQUE;VEHICULO;NO REPORTADO;RESIDENCIAL;Normal;Adelantar cerrando
2240518;15/05/2024;8:30:00 a. m.;Miércoles;2024;Mayo;MOTOCICLETA;OFICIAL;Acompañante;24;MASCULINO;HERIDOS;0;0;0;;KILOMETRO 14+880;medellín palmas envigado (km 12 - km 16+700);VEREDA PALMAS;6.152513080112101, -75.54662877690309;CHOQUE;OBJETO FIJO;BARANDA;NO REPORTADO;Lluvia;Superficie humeda
2240520;15/05/2024;1:00:00 p. m.;Miércoles;2024;Mayo;MOTOCICLETA;PARTICULAR;Motociclista;21;MASCULINO;HERIDOS;0;0;0;;CARRERA 29A ENTRE CALLE 39ASUR y CALLE 38SUR;;SAN JOSE;6.162775509634759, -75.58164739805885;CAIDA OCUPANTE;NO REPORTADO;NO REPORTADO;RESIDENCIAL;Normal;Desobedecer señales
2240520;15/05/2024;1:00:00 p. m.;Miércoles;2024;Mayo;MOTOCICLETA;PARTICULAR;Acompañante;17;FEMENINO;HERIDOS;0;0;0;;CARRERA 29A ENTRE CALLE 39ASUR y CALLE 38SUR;;SAN JOSE;6.162775509634759, -75.58164739805885;CAIDA OCUPANTE;NO REPORTADO;NO REPORTADO;RESIDENCIAL;Normal;Desobedecer señales
2240521;15/05/2024;8:23:00 a. m.;Miércoles;2024;Mayo;MOTOCICLETA;PARTICULAR;Motociclista;25;MASCULINO;HERIDOS;0;0;0;;CALLE 46A SUR FRENTE AL # 48-121;;LAS VEGAS;6.166540853064568, -75.60022595401402;CHOQUE;VEHICULO;NO REPORTADO;INDUSTRIAL;Normal;Otra-Conductor
2240522;16/05/2024;10:25:00 a. m.;Jueves;2024;Mayo;MOTOCICLETA;PARTICULAR;Motociclista;25;MASCULINO;HERIDOS;0;0;0;;KILOMETRO 13+070;medellín palmas envigado (km 12 - km 16+700);VEREDA PALMAS;6.164999219792505, -75.54491550139953;CHOQUE;OBJETO FIJO;OTRO TIPO;NO REPORTADO;Normal;Superficie humeda
2240523;16/05/2024;9:35:00 p. m.;Jueves;2024;Mayo;MOTOCICLETA;PARTICULAR;Acompañante;23;FEMENINO;HERIDOS;0;0;0;;CALLE 33B SUR CARRERA 43;;ZONA CENTRO;6.17288053647791, -75.58614678494318;CAIDA OCUPANTE;NO REPORTADO;NO REPORTADO;RESIDENCIAL;Lluvia;Superficie humeda
2240523;16/05/2024;9:35:00 p. m.;Jueves;2024;Mayo;MOTOCICLETA;PARTICULAR;Motociclista;28;FEMENINO;HERIDOS;0;0;0;;CALLE 33B SUR CARRERA 43;;ZONA CENTRO;6.17288053647791, -75.58614678494318;CAIDA OCUPANTE;NO REPORTADO;NO REPORTADO;RESIDENCIAL;Lluvia;Superficie humeda
2240524;16/05/2024;7:00:00 a. m.;Jueves;2024;Mayo;MOTOCICLETA;PARTICULAR;Motociclista;24;MASCULINO;HERIDOS;0;0;0;;CARRERA 39 CALLE 46 E SUR;;EL TRIANON;6.157592849159813, -75.59222155343052;CAIDA OCUPANTE;NO REPORTADO;NO REPORTADO;RESIDENCIAL;Normal;Superficie humeda
2240525;17/05/2024;6:30:00 a. m.;Viernes;2024;Mayo;BICICLETA;;Ciclista;14;MASCULINO;HERIDOS;0;0;0;;CARRERA 43 TRANSVERSAL 32 SUR;;ZONA CENTRO;6.175327332513552, -75.5852356715802;CHOQUE;VEHICULO;NO REPORTADO;RESIDENCIAL;Normal;Transitar en contravia
2240526;17/05/2024;4:40:00 p. m.;Viernes;2024;Mayo;MOTOCICLETA;PARTICULAR;Motociclista;50;MASCULINO;HERIDOS;0;0;0;;CARRERA 50 CALLE 26 SUR;;LAS VEGAS;6.184920, -75.587152;CHOQUE;VEHICULO;NO REPORTADO;RESIDENCIAL;Normal;No mantener distancia de seguridad
2240526;17/05/2024;4:40:00 p. m.;Viernes;2024;Mayo;MOTOCICLETA;PARTICULAR;Motociclista;28;FEMENINO;HERIDOS;0;0;0;;CARRERA 50 CALLE 26 SUR;;LAS VEGAS;6.184920, -75.587152;CHOQUE;VEHICULO;NO REPORTADO;RESIDENCIAL;Normal;No mantener distancia de seguridad
2240527;17/05/2024;6:50:00 p. m.;Viernes;2024;Mayo;MOTOCICLETA;PARTICULAR;Acompañante;24;MASCULINO;HERIDOS;0;0;0;;CARRERA 29A  FRENTE AL # 39B SUR 20;;SAN JOSE;6.16280146884244, -75.58172692183045;CHOQUE;VEHICULO;NO REPORTADO;RESIDENCIAL;Normal;Impericia en el manejo
2240527;17/05/2024;6:50:00 p. m.;Viernes;2024;Mayo;MOTOCICLETA;PARTICULAR;Motociclista;20;MASCULINO;HERIDOS;0;0;0;;CARRERA 29A  FRENTE AL # 39B SUR 20;;SAN JOSE;6.16280146884244, -75.58172692183045;CHOQUE;VEHICULO;NO REPORTADO;RESIDENCIAL;Normal;Impericia en el manejo
2240528;18/05/2024;9:26:00 a. m.;Sábado;2024;Mayo;MOTOCICLETA;PARTICULAR;Motociclista;20;MASCULINO;HERIDOS;0;0;0;;DIAGONAL 33 TRANSVERSAL 34ASUR;;OBRERO;6.172374060013004, -75.5837415343977;CHOQUE;VEHICULO;NO REPORTADO;RESIDENCIAL;Normal;Desobedecer señales
2240528;18/05/2024;9:26:00 a. m.;Sábado;2024;Mayo;MOTOCICLETA;PARTICULAR;Acompañante;40;FEMENINO;HERIDOS;0;0;0;;DIAGONAL 33 TRANSVERSAL 34ASUR;;OBRERO;6.172374060013004, -75.5837415343977;CHOQUE;VEHICULO;NO REPORTADO;RESIDENCIAL;Normal;Desobedecer señales
2240529;18/05/2024;2:02:00 p. m.;Sábado;2024;Mayo;MOTOCICLETA;PARTICULAR;Motociclista;22;MASCULINO;HERIDOS;0;0;0;;CALLE 40 SUR CARRERA 27B;;SAN JOSE;6.158738541668559, -75.58096931085271;CHOQUE;VEHICULO;NO REPORTADO;COMERCIAL;Normal;Desobedecer señales
2240530;18/05/2024;9:40:00 a. m.;Sábado;2024;Mayo;BICICLETA;;Ciclista;49;MASCULINO;HERIDOS;0;0;0;;CALLE 40 SUR FRENTE AL #25AA 26;;EL SALADO;6.155030462913974, -75.58019554868442;CHOQUE;VEHICULO;NO REPORTADO;RESIDENCIAL;Normal;Adelantar invadiendo carril de sentido contrario
2240530;18/05/2024;9:40:00 a. m.;Sábado;2024;Mayo;MOTOCICLETA;PARTICULAR;Motociclista;28;FEMENINO;HERIDOS;0;0;0;;CALLE 40 SUR FRENTE AL #25AA 26;;EL SALADO;6.155030462913974, -75.58019554868442;CHOQUE;VEHICULO;NO REPORTADO;RESIDENCIAL;Normal;Adelantar invadiendo carril de sentido contrario
2240531;18/05/2024;1:00:00 p. m.;Sábado;2024;Mayo;MOTOCICLETA;PARTICULAR;Motociclista;35;MASCULINO;HERIDOS;0;0;0;;KILOMETRO 8+770;peri;VEREDA PALMAS;6.170752, -75.500305;VOLCAMIENTO;NO REPORTADO;NO REPORTADO;NO REPORTADO;Normal;Adelantar en curva  -  Girar bruscamente
2240532;19/05/2024;1:30:00 p. m.;Domingo;2024;Mayo;BICICLETA;;Ciclista;43;FEMENINO;HERIDOS;0;0;0;;KILOMETRO 12+160;retiro varia palmas enviga (km 5+43 - km 14+ 550);VEREDA PALMAS;6.158805632526598, -75.51886263983036;CHOQUE;VEHICULO;NO REPORTADO;NO REPORTADO;Normal;Girar bruscamente
2240533;19/05/2024;9:45:00 p. m.;Domingo;2024;Mayo;MOTOCICLETA;PARTICULAR;Acompañante;18;FEMENINO;HERIDOS;0;0;0;;KILOMETRO 12+700;retiro varia palmas enviga (km 5+43 - km 14+ 550);VEREDA PALMAS;6.160177511090896, -75.52330583836458;CHOQUE;VEHICULO;NO REPORTADO;NO REPORTADO;Normal;Adelantar cerrando
2240533;19/05/2024;9:45:00 p. m.;Domingo;2024;Mayo;MOTOCICLETA;PARTICULAR;Motociclista;28;MASCULINO;HERIDOS;0;0;0;;KILOMETRO 12+700;retiro varia palmas enviga (km 5+43 - km 14+ 550);VEREDA PALMAS;6.160177511090896, -75.52330583836458;CHOQUE;VEHICULO;NO REPORTADO;NO REPORTADO;Normal;Adelantar cerrando
2240535;19/05/2024;11:15:00 a. m.;Domingo;2024;Mayo;MOTOCICLETA;PARTICULAR;Motociclista;46;FEMENINO;HERIDOS;0;0;0;;KILOMETRO 13+500;medellín palmas envigado (km 12 - km 16+700);VEREDA PALMAS;6.159311356624872, -75.53027973757908;CHOQUE;VEHICULO;NO REPORTADO;NO REPORTADO;Normal;No mantener distancia de seguridad
2240535;19/05/2024;11:15:00 a. m.;Domingo;2024;Mayo;BICICLETA;;Ciclista;52;MASCULINO;HERIDOS;0;0;0;;KILOMETRO 13+500;medellín palmas envigado (km 12 - km 16+700);VEREDA PALMAS;6.159311356624872, -75.53027973757908;CHOQUE;VEHICULO;NO REPORTADO;NO REPORTADO;Normal;No mantener distancia de seguridad
2240534;20/05/2024;9:55:00 a. m.;Lunes;2024;Mayo;MOTOCICLETA;PARTICULAR;Motociclista;35;MASCULINO;HERIDOS;0;0;0;;CARRERA 27 ENTRE CALLE 36AA SUR y CALLE 36BSUR;;LA INMACULADA;6.163218067394504, -75.56870631415347;CHOQUE;VEHICULO;NO REPORTADO;RESIDENCIAL;Normal;Adelantar invadiendo carril de sentido contrario
2240534;20/05/2024;9:55:00 a. m.;Lunes;2024;Mayo;MOTOCICLETA;PARTICULAR;Acompañante;34;FEMENINO;HERIDOS;0;0;0;;CARRERA 27 ENTRE CALLE 36AA SUR y CALLE 36BSUR;;LA INMACULADA;6.163218067394504, -75.56870631415347;CHOQUE;VEHICULO;NO REPORTADO;RESIDENCIAL;Normal;Adelantar invadiendo carril de sentido contrario
2240536;20/05/2024;8:40:00 a. m.;Lunes;2024;Mayo;CAMIONETA;PARTICULAR;Conductor;43;MASCULINO;HERIDOS;0;0;0;;CARRERA 50 CALLE 37SUR;;LAS VEGAS;6.175260392639204, -75.59516614686959;CHOQUE;VEHICULO;NO REPORTADO;RESIDENCIAL;Normal;No mantener distancia de seguridad
2240537;20/05/2024;9:30:00 a. m.;Lunes;2024;Mayo;BUS;PUBLICO;Pasajero;83;FEMENINO;HERIDOS;0;0;0;;CARRERA 43A ENTRE CALLE 44SUR y CALLE 42BSUR;;MILAN VALLEJUELOS;6.165536880659467, -75.59409716105714;CAIDA OCUPANTE;NO REPORTADO;NO REPORTADO;RESIDENCIAL;Normal;Otra-Pasajero-Acompañante
2240538;20/05/2024;8:38:00 a. m.;Lunes;2024;Mayo;BICICLETA;;Ciclista;68;MASCULINO;HERIDOS;0;0;0;;TRANSVERSAL 35D SUR FRENTE AL # 33-118;;LOS NARANJOS;6.167833965628911, -75.58246890276648;CHOQUE;VEHICULO;NO REPORTADO;RESIDENCIAL;Normal;Girar bruscamente
2240539;20/05/2024;12:20:00 p. m.;Lunes;2024;Mayo;MOTOCICLETA;PARTICULAR;Peaton;20;MASCULINO;HERIDOS;0;0;0;;CARRERA 43A CALLE 36 SUR;;ZONA CENTRO;6.171820110421701, -75.58779516813898;ATROPELLO;NO REPORTADO;NO REPORTADO;RESIDENCIAL;Normal;Pasar semaforo en rojo
2240539;20/05/2024;12:20:00 p. m.;Lunes;2024;Mayo;MOTOCICLETA;PARTICULAR;Peaton;19;MASCULINO;HERIDOS;0;0;0;;CARRERA 43A CALLE 36 SUR;;ZONA CENTRO;6.171820110421701, -75.58779516813898;ATROPELLO;NO REPORTADO;NO REPORTADO;RESIDENCIAL;Normal;Pasar semaforo en rojo
2240540;20/05/2024;3:50:00 p. m.;Lunes;2024;Mayo;MOTOCICLETA;PARTICULAR;Motociclista;18;FEMENINO;HERIDOS;0;0;0;;TRANSVERSAL 34D SUR DIAGONAL 33;;LOS NARANJOS;6.170811692792769, -75.58319790563233;CHOQUE;VEHICULO;NO REPORTADO;RESIDENCIAL;Normal;Desobedecer señales
2240541;20/05/2024;2:20:00 p. m.;Lunes;2024;Mayo;MOTOCICLETA;PARTICULAR;Motociclista;30;FEMENINO;HERIDOS;0;0;0;;CALLE 36DSUR FRENTE AL # 26A-30;;VEREDA EL ESCOBERO;6.161658016540858, -75.56908507923133;CHOQUE;VEHICULO;NO REPORTADO;RESIDENCIAL;Normal;Girar bruscamente