NRO_RADICADO;FECHA_ACCIDENTE;HORA_ACCIDENTE;Día de la semana;AÑO;MES;CLASE_VEHICULO;TIPO_SERVICIO;TIPO_VICTIMA;EDAD;GENERO;GRAVEDAD;ESTADO_BEODEZ;ESTADO_DROGA;RESULTADO_BEODEZ;RESUL_BEODEZ_GRAMOS;DIRECCION_CARACT_VIA;TRAMO_VIA;LOCALIDAD_O_COMUNA;    GEORREFERENCIACIÓN;DESC_CLASE_ACCIDENTE;DESC_CHOQUE_ACCIDENTE;DESC_OBJETO_FIJO;DESC_SECTOR_ACCIDENTE;CONDICION_CLIMATICA;CAUSA_ACCIDENTE
2240542;20/05/2024;6:20:00 a. m.;Lunes;2024;Mayo;MOTOCICLETA;PARTICULAR;Motociclista;54;MASCULINO;HERIDOS;0;0;0;;CARRERA 49 ENTRE CALLE 46 A SUR y CALLE 44SUR;;LAS VEGAS;6.168260385175363, -75.60213778388139;CHOQUE;VEHICULO;NO REPORTADO;RESIDENCIAL;Normal;Desobedecer señales
2240543;20/05/2024;8:10:00 a. m.;Lunes;2024;Mayo;AUTOMOVIL;PARTICULAR;Peaton;56;FEMENINO;HERIDOS;0;0;0;;CARRERA 27 FRENTE AL # 37B SUR -21;;VEREDA EL ESCOBERO;6.158217484093358, -75.57172012050736;ATROPELLO;NO REPORTADO;NO REPORTADO;RESIDENCIAL;Normal;Impericia en el manejo
2240544;21/05/2024;9:45:00 a. m.;Martes;2024;Mayo;MOTOCICLETA;PARTICULAR;Motociclista;38;FEMENINO;HERIDOS;0;0;0;;CARRERA 41 CALLE 36SUR;;ZONA CENTRO;6.170654027281935, -75.58579580547432;ATROPELLO;NO REPORTADO;NO REPORTADO;RESIDENCIAL;Normal;Cruzar sin observar  -  Pasar semaforo en rojo
2240544;21/05/2024;9:45:00 a. m.;Martes;2024;Mayo;MOTOCICLETA;PARTICULAR;Peaton;61;MASCULINO;HERIDOS;0;0;0;;CARRERA 41 CALLE 36SUR;;ZONA CENTRO;6.170654027281935, -75.58579580547432;ATROPELLO;NO REPORTADO;NO REPORTADO;RESIDENCIAL;Normal;Cruzar sin observar  -  Pasar semaforo en rojo
2240546;22/05/2024;1:30:00 p. m.;Miércoles;2024;Mayo;MOTOCICLETA;PARTICULAR;Motociclista;27;MASCULINO;HERIDOS;0;0;0;;TRANSVERSAL 27A SUR CARRERA 42B;;PONTE VEDRA;6.1780667599122685, -75.5822893334823;CHOQUE;VEHICULO;NO REPORTADO;RESIDENCIAL;Normal;Desobedecer señales
2240545;23/05/2024;5:45:00 a. m.;Jueves;2024;Mayo;MOTOCICLETA;PARTICULAR;Motociclista;32;MASCULINO;HERIDOS;0;0;0;;CALLE 38SUR CARRERA 33;;MESA;6.166265161757185, -75.58213668215876;CHOQUE;VEHICULO;NO REPORTADO;RESIDENCIAL;Normal;Desobedecer señales
2240545;23/05/2024;5:45:00 a. m.;Jueves;2024;Mayo;MOTOCICLETA;PARTICULAR;Acompañante;37;FEMENINO;HERIDOS;0;0;0;;CALLE 38SUR CARRERA 33;;MESA;6.166265161757185, -75.58213668215876;CHOQUE;VEHICULO;NO REPORTADO;RESIDENCIAL;Normal;Desobedecer señales
2240547;23/05/2024;7:24:00 a. m.;Jueves;2024;Mayo;MOTOCICLETA;PARTICULAR;Motociclista;58;MASCULINO;HERIDOS;0;0;0;;KILOMETRO 15+990;medellín palmas envigado (km 12 - km 16+700);VEREDA PALMAS;6.15336171792033, -75.53889941752196;CHOQUE;VEHICULO;NO REPORTADO;NO REPORTADO;Normal;Adelantar por la derecha
2240550;23/05/2024;6:30:00 a. m.;Jueves;2024;Mayo;BICICLETA;;Ciclista;39;MASCULINO;HERIDOS;0;0;0;;CALLE 24 SUR CARRERA 39;;ZUÑIGA;6.178685844967811, -75.57454431116595;CHOQUE;VEHICULO;NO REPORTADO;RESIDENCIAL;Normal;No respetar pelacion de interseccion o giros
2240551;23/05/2024;9:15:00 a. m.;Jueves;2024;Mayo;MOTOCICLETA;PARTICULAR;Motociclista;44;MASCULINO;HERIDOS;0;0;0;;CALLE 45 A SUR CARRERA 39D;;EL TRIANON;6.161379465736084, -75.59104393443232;CHOQUE;VEHICULO;NO REPORTADO;RESIDENCIAL;Normal;Desobedecer señales
2240548;24/05/2024;7:30:00 p. m.;Viernes;2024;Mayo;MOTOCICLETA;PARTICULAR;Motociclista;28;MASCULINO;HERIDOS;0;0;0;;CARRERA 50 FRENTE AL #46A SUR 16;;LAS VEGAS;6.167904205999951, -75.60229108046983;CHOQUE;VEHICULO;NO REPORTADO;RESIDENCIAL;Normal;Adelantar por la derecha  -  No mantener distancia de seguridad
2240548;24/05/2024;7:30:00 p. m.;Viernes;2024;Mayo;MOTOCICLETA;PARTICULAR;Acompañante;29;MASCULINO;HERIDOS;0;0;0;;CARRERA 50 FRENTE AL #46A SUR 16;;LAS VEGAS;6.167904205999951, -75.60229108046983;CHOQUE;VEHICULO;NO REPORTADO;RESIDENCIAL;Normal;Adelantar por la derecha  -  No mantener distancia de seguridad
2240552;24/05/2024;8:20:00 a. m.;Viernes;2024;Mayo;MOTOCICLETA;PARTICULAR;Motociclista;13;MASCULINO;HERIDOS;0;0;0;;CALLE 40B SUR CARRERA 39;;EL DORADO;6.165359797439794, -75.58738393988907;CHOQUE;VEHICULO;NO REPORTADO;RESIDENCIAL;Normal;Impericia en el manejo
2240553;24/05/2024;4:00:00 p. m.;Viernes;2024;Mayo;MOTOCICLETA;PARTICULAR;Motociclista;36;FEMENINO;HERIDOS;0;0;0;;KILOMETRO 14+550;retiro varia palmas enviga (km 5+43 - km 14+ 550);VEREDA PALMAS;6.154014510886843, -75.54459724535866;CHOQUE;VEHICULO;NO REPORTADO;NO REPORTADO;Normal;Adelantar cerrando
2240553;24/05/2024;4:00:00 p. m.;Viernes;2024;Mayo;MOTOCICLETA;PARTICULAR;Acompañante;37;FEMENINO;HERIDOS;0;0;0;;KILOMETRO 14+550;retiro varia palmas enviga (km 5+43 - km 14+ 550);VEREDA PALMAS;6.154014510886843, -75.54459724535866;CHOQUE;VEHICULO;NO REPORTADO;NO REPORTADO;Normal;Adelantar cerrando
2240556;24/05/2024;8:40:00 p. m.;Viernes;2024;Mayo;MOTOCICLETA;PARTICULAR;Motociclista;41;MASCULINO;HERIDOS;0;0;0;;CALLE 21SUR CLL 20SUR;;ZUÑIGA;6.183211583128763, -75.57870389244556;CHOQUE;VEHICULO;NO REPORTADO;RESIDENCIAL;Normal;Desobedecer señales  -  No mantener distancia de seguridad
2240556;24/05/2024;8:40:00 p. m.;Viernes;2024;Mayo;MOTOCICLETA;PARTICULAR;Motociclista;25;MASCULINO;HERIDOS;0;0;0;;CALLE 21SUR CLL 20SUR;;ZUÑIGA;6.183211583128763, -75.57870389244556;CHOQUE;VEHICULO;NO REPORTADO;RESIDENCIAL;Normal;Desobedecer señales  -  No mantener distancia de seguridad
2240549;25/05/2024;9:15:00 a. m.;Sábado;2024;Mayo;MOTOCICLETA;PARTICULAR;Acompañante;12;MASCULINO;HERIDOS;0;0;0;;CARRERA 50 FRENTE AL # 30SUR-66;;LAS VEGAS;6.181473956948239, -75.58988477818725;CHOQUE;VEHICULO;NO REPORTADO;RESIDENCIAL;Normal;Frenar bruscamente
2240549;25/05/2024;9:15:00 a. m.;Sábado;2024;Mayo;MOTOCICLETA;PARTICULAR;Motociclista;40;FEMENINO;HERIDOS;0;0;0;;CARRERA 50 FRENTE AL # 30SUR-66;;LAS VEGAS;6.181473956948239, -75.58988477818725;CHOQUE;VEHICULO;NO REPORTADO;RESIDENCIAL;Normal;Frenar bruscamente
2240554;25/05/2024;9:15:00 a. m.;Sábado;2024;Mayo;MOTOCICLETA;PARTICULAR;Motociclista;26;FEMENINO;HERIDOS;0;0;0;;CARRERA 28 CALLE 27DSUR;;ALTO DE MISAEL;6.174054683587811, -75.57497566631197;CAIDA OCUPANTE;NO REPORTADO;NO REPORTADO;RESIDENCIAL;Normal;Otra-Conductor
2240555;25/05/2024;11:00:00 a. m.;Sábado;2024;Mayo;MICROBUS;PUBLICO;Pasajero;71;FEMENINO;HERIDOS;0;0;0;;CALLE 40SUR FRENTE AL # 24E-85;;EL SALADO;6.150420865909961, -75.57747718930331;CAIDA OCUPANTE;NO REPORTADO;NO REPORTADO;RESIDENCIAL;Normal;Frenar bruscamente
2240557;25/05/2024;7:30:00 a. m.;Sábado;2024;Mayo;MOTOCICLETA;PARTICULAR;Motociclista;23;FEMENINO;HERIDOS;0;0;0;;CARRERA 50 CALLE 36SUR;;LAS VEGAS;6.176858, -75.593221;CHOQUE;VEHICULO;NO REPORTADO;RESIDENCIAL;Lluvia;No mantener distancia de seguridad
2240558;27/05/2024;7:00:00 p. m.;Lunes;2024;Mayo;CAMIONETA;PARTICULAR;Conductor;41;FEMENINO;HERIDOS;0;0;0;;CARRERA 50 CALLE 46SUR;;LAS VEGAS;6.168079727234041, -75.60227641655798;CHOQUE;VEHICULO;NO REPORTADO;RESIDENCIAL;Normal;Otra-Conductor
2240558;27/05/2024;7:00:00 p. m.;Lunes;2024;Mayo;AUTOMOVIL;PARTICULAR;Conductor;66;FEMENINO;HERIDOS;0;0;0;;CARRERA 50 CALLE 46SUR;;LAS VEGAS;6.168079727234041, -75.60227641655798;CHOQUE;VEHICULO;NO REPORTADO;RESIDENCIAL;Normal;Otra-Conductor
2240559;27/05/2024;10:55:00 a. m.;Lunes;2024;Mayo;MOTOCICLETA;PARTICULAR;Motociclista;24;MASCULINO;HERIDOS;0;0;0;;CALLE 39SUR CARRERA 33;;MESA;6.164928911891279, -75.58300301381213;CHOQUE;VEHICULO;NO REPORTADO;RESIDENCIAL;Normal;Desobedecer señales
2240560;28/05/2024;3:50:00 p. m.;Martes;2024;Mayo;MOTOCICLETA;PARTICULAR;Motociclista;30;MASCULINO;HERIDOS;0;0;0;;KILOMETRO 7+160;retiro varia palmas enviga (km 5+43 - km 14+ 550);VEREDA PANTANILLO;6.171553045486811, -75.49035364702134;CHOQUE;VEHICULO;NO REPORTADO;NO REPORTADO;Normal;Adelantar en zona prohibida
2240561;28/05/2024;8:15:00 p. m.;Martes;2024;Mayo;MOTOCICLETA;PARTICULAR;Peaton;47;FEMENINO;HERIDOS;0;0;0;;CARRERA 48 FRENTE AL # 46SUR-184;;LAS VEGAS;6.165370623642842, -75.60024578036784;ATROPELLO;NO REPORTADO;NO REPORTADO;RESIDENCIAL;Normal;Desobedecer señales
2240561;28/05/2024;8:15:00 p. m.;Martes;2024;Mayo;MOTOCICLETA;PARTICULAR;Motociclista;60;MASCULINO;HERIDOS;0;0;0;;CARRERA 48 FRENTE AL # 46SUR-184;;LAS VEGAS;6.165370623642842, -75.60024578036784;ATROPELLO;NO REPORTADO;NO REPORTADO;RESIDENCIAL;Normal;Desobedecer señales
2240562;28/05/2024;5:45:00 p. m.;Martes;2024;Mayo;MOTOCICLETA;PARTICULAR;Peaton;10;MASCULINO;HERIDOS;0;0;0;;CALLE 48CSUR ENTRE CARRERA 46 y CARRERA 48;;PRIMAVERA;6.162955328961174, -75.59972810464664;ATROPELLO;NO REPORTADO;NO REPORTADO;RESIDENCIAL;Normal;Cruzar sin observar
2240563;29/05/2024;1:30:00 p. m.;Miércoles;2024;Mayo;MOTOCICLETA;PARTICULAR;Motociclista;23;FEMENINO;HERIDOS;0;0;0;;CALLE 40SUR CARRERA 32;;SAN JOSE;6.163556419991165, -75.58313913495405;CHOQUE;VEHICULO;NO REPORTADO;RESIDENCIAL;Normal;No respetar pelacion de interseccion o giros  -  No respetar prelacion
2240564;29/05/2024;5:05:00 p. m.;Miércoles;2024;Mayo;MOTOCICLETA;PARTICULAR;Peaton;35;MASCULINO;HERIDOS;0;0;0;;CALLE 37SUR FRENTE AL # 40 A-30;;ZONA CENTRO;6.169467594318972, -75.58555760464654;ATROPELLO;NO REPORTADO;NO REPORTADO;RESIDENCIAL;Normal;Otra-Conductor
2240564;29/05/2024;5:05:00 p. m.;Miércoles;2024;Mayo;MOTOCICLETA;PARTICULAR;Motociclista;19;MASCULINO;HERIDOS;0;0;0;;CALLE 37SUR FRENTE AL # 40 A-30;;ZONA CENTRO;6.169467594318972, -75.58555760464654;ATROPELLO;NO REPORTADO;NO REPORTADO;RESIDENCIAL;Normal;Otra-Conductor
2240565;29/05/2024;6:12:00 a. m.;Miércoles;2024;Mayo;MOTOCICLETA;PARTICULAR;Motociclista;27;MASCULINO;HERIDOS;0;0;0;;CARRERA 27B FRENTE AL # 27DSUR-60;;LA INMACULADA;6.169339333724374, -75.57211004422251;CHOQUE;VEHICULO;NO REPORTADO;RESIDENCIAL;Normal;No respetar pelacion de interseccion o giros  -  No respetar prelacion
2240566;29/05/2024;1:15:00 p. m.;Miércoles;2024;Mayo;AUTOMOVIL;PARTICULAR;Conductor;54;MASCULINO;HERIDOS;0;0;0;;TRANSVERSAL 34SUR DIAGONAL 32D;;OBRERO;6.17284725398149, -75.5832545166071;CHOQUE;VEHICULO;NO REPORTADO;RESIDENCIAL;Normal;Desobedecer señales
2240566;29/05/2024;1:15:00 p. m.;Miércoles;2024;Mayo;MOTOCICLETA;PARTICULAR;Motociclista;24;MASCULINO;HERIDOS;0;0;0;;TRANSVERSAL 34SUR DIAGONAL 32D;;OBRERO;6.17284725398149, -75.5832545166071;CHOQUE;VEHICULO;NO REPORTADO;RESIDENCIAL;Normal;Desobedecer señales
2240567;30/05/2024;7:34:00 a. m.;Jueves;2024;Mayo;MOTOCICLETA;PARTICULAR;Motociclista;29;FEMENINO;HERIDOS;0;0;0;;CALLE 37SUR CARRERA 48;;LAS VEGAS;6.173632664461518, -75.59233311836536;CAIDA OCUPANTE;NO REPORTADO;NO REPORTADO;RESIDENCIAL;Normal;Superficie lisa
2240567;30/05/2024;7:34:00 a. m.;Jueves;2024;Mayo;MOTOCICLETA;PARTICULAR;Acompañante;33;MASCULINO;HERIDOS;0;0;0;;CALLE 37SUR CARRERA 48;;LAS VEGAS;6.173632664461518, -75.59233311836536;CAIDA OCUPANTE;NO REPORTADO;NO REPORTADO;RESIDENCIAL;Normal;Superficie lisa
2240568;30/05/2024;11:52:00 a. m.;Jueves;2024;Mayo;MOTOCICLETA;PARTICULAR;Motociclista;36;MASCULINO;HERIDOS;0;0;0;;CALLE 23 SUR FRENTE AL # 27B-7;;ZUÑIGA;6.177143121476843, -75.56856948917795;CHOQUE;VEHICULO;NO REPORTADO;RESIDENCIAL;Normal;Adelantar invadiendo carril de sentido contrario
2240569;30/05/2024;7:15:00 a. m.;Jueves;2024;Mayo;MOTOCICLETA;PARTICULAR;Acompañante;48;FEMENINO;HERIDOS;0;0;0;;CARRERA 48 CALLE 37SUR;;LAS VEGAS;6.17348345775121, -75.59229578387482;CAIDA OCUPANTE;NO REPORTADO;NO REPORTADO;RESIDENCIAL;Normal;Superficie lisa
2240570;31/05/2024;9:30:00 p. m.;Viernes;2024;Mayo;MOTOCICLETA;PARTICULAR;Motociclista;31;MASCULINO;HERIDOS;0;0;0;;DIAGONAL 31C FRENTE AL # 33ASUR-130;;LAS FLORES;6.173090926367799, -75.58017173348227;OTRO;NO REPORTADO;NO REPORTADO;RESIDENCIAL;Normal;Otra-Conductor
2240571;31/05/2024;7:46:00 p. m.;Viernes;2024;Mayo;MOTOCICLETA;PARTICULAR;Peaton;20;MASCULINO;HERIDOS;0;0;0;;CARRERA 43A FRENTE AL # 41BSUR-96;;MILAN VALLEJUELOS;6.165892507343891, -75.5935774291531;ATROPELLO;NO REPORTADO;NO REPORTADO;RESIDENCIAL;Normal;Cruzar sin observar
2240571;31/05/2024;7:46:00 p. m.;Viernes;2024;Mayo;MOTOCICLETA;PARTICULAR;Motociclista;21;MASCULINO;HERIDOS;0;0;0;;CARRERA 43A FRENTE AL # 41BSUR-96;;MILAN VALLEJUELOS;6.165892507343891, -75.5935774291531;ATROPELLO;NO REPORTADO;NO REPORTADO;RESIDENCIAL;Normal;Cruzar sin observar
2240572;31/05/2024;11:10:00 a. m.;Viernes;2024;Mayo;MOTOCICLETA;PARTICULAR;Motociclista;28;FEMENINO;HERIDOS;0;0;0;;CALLE 38 SUR CARRERA 37;;ZONA CENTRO;6.167739494633796, -75.58422630464659;CHOQUE;VEHICULO;NO REPORTADO;RESIDENCIAL;Normal;No mantener distancia de seguridad
2240573;31/05/2024;11:08:00 a. m.;Viernes;2024;Mayo;MOTOCICLETA;PARTICULAR;Motociclista;43;MASCULINO;HERIDOS;0;0;0;;CARRERA 43A FRENTE AL  34SUR 09;;SAN MARCOS;6.172982774125593, -75.58712118291184;CHOQUE;VEHICULO;NO REPORTADO;COMERCIAL;Normal;Adelantar cerrando
2240574;2/06/2024;7:10:00 p. m.;Domingo;2024;Junio;MOTOCICLETA;PARTICULAR;Motociclista;22;MASCULINO;HERIDOS;0;0;0;;CALLE 40B SUR CARRERA 28;;LA MINA;6.159659260723361, -75.58186275740776;CHOQUE;VEHICULO;NO REPORTADO;RESIDENCIAL;Normal;Impericia en el manejo
2240576;2/06/2024;2:40:00 a. m.;Domingo;2024;Junio;MOTOCICLETA;PARTICULAR;Motociclista;30;MASCULINO;HERIDOS;0;0;0;;CARRERA 29B FRENTE AL # 39SUR- 77;;EL CHINGUÍ;6.16277183987919, -75.58054358677195;CAIDA OCUPANTE;NO REPORTADO;NO REPORTADO;RESIDENCIAL;Normal;Impericia en el manejo
2240577;2/06/2024;2:15:00 a. m.;Domingo;2024;Junio;MOTOCICLETA;PARTICULAR;Motociclista;18;MASCULINO;HERIDOS;0;0;0;;CALLE 25B SUR CARRERA 6;;VEREDA PALMAS;6.152408150882452, -75.53430791224412;CAIDA OCUPANTE;NO REPORTADO;NO REPORTADO;RESIDENCIAL;Normal;Impericia en el manejo
2240575;3/06/2024;4:57:00 p. m.;Lunes;2024;Junio;MOTOCICLETA;PARTICULAR;Motociclista;42;FEMENINO;HERIDOS;0;0;0;;CARRERA 43A  CALLE 36SUR;;ZONA CENTRO;6.171820110421701, -75.58779516813898;CHOQUE;VEHICULO;NO REPORTADO;RESIDENCIAL;Normal;Embriaguez o droga  -  No mantener distancia de seguridad
2240578;3/06/2024;2:20:00 p. m.;Lunes;2024;Junio;AUTOMOVIL;PUBLICO;Conductor;66;MASCULINO;HERIDOS;0;0;0;;CALLE 39SUR CARRERA 42;;ZONA CENTRO;6.168266225093311, -75.58820747211134;CHOQUE;VEHICULO;NO REPORTADO;RESIDENCIAL;Normal;Semaforo en rojo
2240579;3/06/2024;5:00:00 p. m.;Lunes;2024;Junio;MOTOCICLETA;PARTICULAR;Motociclista;23;MASCULINO;HERIDOS;0;0;0;;KILOMETRO 15+830;medellín palmas envigado (km 12 - km 16+700);VEREDA PALMAS;6.152979412749249, -75.53990979371535;CHOQUE;OBJETO FIJO;OTRO TIPO;NO REPORTADO;Normal;Impericia en el manejo
2240580;3/06/2024;8:00:00 p. m.;Lunes;2024;Junio;MOTOCICLETA;PARTICULAR;Acompañante;45;FEMENINO;HERIDOS;0;0;0;;CARRERA 42B CALLE 46C SUR;;LA PAZ;6.161289823367451, -75.59495015066321;CAIDA OCUPANTE;NO REPORTADO;NO REPORTADO;RESIDENCIAL;Normal;Superficie humeda
2240581;4/06/2024;6:35:00 a. m.;Martes;2024;Junio;MOTOCICLETA;PARTICULAR;Motociclista;37;MASCULINO;HERIDOS;0;0;0;;KILOMETRO 14+200;retiro varia palmas enviga (km 5+43 - km 14+ 550);VEREDA PALMAS;6.15628980770367, -75.54670148334715;CAIDA OCUPANTE;NO REPORTADO;NO REPORTADO;NO REPORTADO;Normal;Superficie lisa
2240582;4/06/2024;11:30:00 a. m.;Martes;2024;Junio;MOTOCICLETA;PARTICULAR;Motociclista;54;MASCULINO;HERIDOS;0;0;0;;DIAGONAL 33 TRANSVERSAL 34A SUR;;OBRERO;6.172374060013004, -75.5837415343977;CHOQUE;VEHICULO;NO REPORTADO;RESIDENCIAL;Normal;Desobedecer señales
2240583;5/06/2024;1:56:00 p. m.;Miércoles;2024;Junio;MOTOCICLETA;PARTICULAR;Acompañante;20;MASCULINO;HERIDOS;0;0;0;;CARRERA 43A CALLE 38ASUR;;ALCALA;6.169789815265628, -75.58921875368479;CHOQUE;VEHICULO;NO REPORTADO;RESIDENCIAL;Normal;Semaforo en rojo
2240583;5/06/2024;1:56:00 p. m.;Miércoles;2024;Junio;CAMIONETA;PARTICULAR;Conductor;32;FEMENINO;HERIDOS;0;0;0;;CARRERA 43A CALLE 38ASUR;;ALCALA;6.169789815265628, -75.58921875368479;CHOQUE;VEHICULO;NO REPORTADO;RESIDENCIAL;Normal;Semaforo en rojo
2240583;5/06/2024;1:56:00 p. m.;Miércoles;2024;Junio;MOTOCICLETA;PARTICULAR;Motociclista;29;MASCULINO;HERIDOS;0;0;0;;CARRERA 43A CALLE 38ASUR;;ALCALA;6.169789815265628, -75.58921875368479;CHOQUE;VEHICULO;NO REPORTADO;RESIDENCIAL;Normal;Semaforo en rojo
2240584;5/06/2024;9:00:00 a. m.;Miércoles;2024;Junio;BICICLETA;;Ciclista;46;MASCULINO;HERIDOS;0;0;0;;KILOMETRO 6+280;retiro varia palmas enviga (km 5+43 - km 14+ 550);VEREDA PERICO;6.168293916637746, -75.4843184738914;CHOQUE;VEHICULO;NO REPORTADO;NO REPORTADO;Normal;Salirse de la calzada
2240585;5/06/2024;7:40:00 p. m.;Miércoles;2024;Junio;MOTOCICLETA;PARTICULAR;Motociclista;24;MASCULINO;HERIDOS;0;0;0;;CALLE 25 SUR CARRERA 43A;;BOSQUES DE ZUÑIGA;6.181646424548058, -75.58128196471274;ATROPELLO;NO REPORTADO;NO REPORTADO;RESIDENCIAL;Normal;Pasar semaforo en rojo
2240585;5/06/2024;7:40:00 p. m.;Miércoles;2024;Junio;MOTOCICLETA;PARTICULAR;Peaton;27;MASCULINO;HERIDOS;0;0;0;;CALLE 25 SUR CARRERA 43A;;BOSQUES DE ZUÑIGA;6.181646424548058, -75.58128196471274;ATROPELLO;NO REPORTADO;NO REPORTADO;RESIDENCIAL;Normal;Pasar semaforo en rojo
2240586;5/06/2024;8:10:00 a. m.;Miércoles;2024;Junio;MOTOCICLETA;PARTICULAR;Acompañante;35;FEMENINO;HERIDOS;0;0;0;;CARRERA 50 ENTRE CALLE 25AA SUR y CALLE 25 SUR;;LAS VEGAS;6.186228179458732, -75.58567335231466;CHOQUE;VEHICULO;NO REPORTADO;RESIDENCIAL;Normal;Otra-Conductor
2240586;5/06/2024;8:10:00 a. m.;Miércoles;2024;Junio;MOTOCICLETA;PARTICULAR;Motociclista;38;MASCULINO;HERIDOS;0;0;0;;CARRERA 50 ENTRE CALLE 25AA SUR y CALLE 25 SUR;;LAS VEGAS;6.186228179458732, -75.58567335231466;CHOQUE;VEHICULO;NO REPORTADO;RESIDENCIAL;Normal;Otra-Conductor
2240587;6/06/2024;9:00:00 a. m.;Jueves;2024;Junio;MOTOCICLETA;PARTICULAR;Peaton;55;FEMENINO;HERIDOS;0;0;0;;DIAGONAL 40 TRANSVERSAL 34B SUR;;OBRERO;6.171270012167257, -75.58479099424864;ATROPELLO;NO REPORTADO;NO REPORTADO;RESIDENCIAL;Normal;Cruzar sin observar  -  Transitar por la calzada
2240588;6/06/2024;8:30:00 p. m.;Jueves;2024;Junio;MOTOCICLETA;PARTICULAR;Motociclista;51;MASCULINO;HERIDOS;0;0;0;;DIAGONAL 32 FRENTE AL # 35SUR-65;;LOS NARANJOS;6.170231761180646, -75.58056508681415;CHOQUE;VEHICULO;NO REPORTADO;RESIDENCIAL;Normal;No mantener distancia de seguridad
2240589;6/06/2024;6:45:00 a. m.;Jueves;2024;Junio;MOTOCICLETA;PARTICULAR;Acompañante;19;FEMENINO;HERIDOS;0;0;0;;CALLE 32B SUR FRENTE AL # 43-30;;ZONA CENTRO;6.174874197573164, -75.58556829448496;OTRO;NO REPORTADO;NO REPORTADO;RESIDENCIAL;Normal;Impericia en el manejo
2240590;6/06/2024;8:22:00 p. m.;Jueves;2024;Junio;MOTOCICLETA;PARTICULAR;Motociclista;22;FEMENINO;HERIDOS;0;0;0;;DIAGONAL 31E TRANSVERSAL 32C SUR;;LA MAGNOLIA;6.175335791853474, -75.5815855465719;CHOQUE;VEHICULO;NO REPORTADO;RESIDENCIAL;Normal;Desobedecer señales
2240609;6/06/2024;7:21:00 p. m.;Jueves;2024;Junio;MOTOCICLETA;PARTICULAR;Motociclista;54;MASCULINO;HERIDOS;0;0;0;;KILOMETRO 15+320;medellín palmas envigado (km 12 - km 16+700);VEREDA PALMAS;6.152937076823517, -75.54340264142485;CHOQUE;VEHICULO;NO REPORTADO;NO REPORTADO;Normal;Adelantar cerrando
2240591;7/06/2024;7:55:00 a. m.;Viernes;2024;Junio;MOTOCICLETA;OFICIAL;Acompañante;33;MASCULINO;HERIDOS;0;0;0;;DIAGONAL 29 TRANSVERSAL 34 A SUR;;URIBE ANGEL;6.173089455499741, -75.57738398517691;CHOQUE;VEHICULO;NO REPORTADO;RESIDENCIAL;Normal;Adelantar invadiendo carril de sentido contrario
2240591;7/06/2024;7:55:00 a. m.;Viernes;2024;Junio;MOTOCICLETA;OFICIAL;Motociclista;31;MASCULINO;HERIDOS;0;0;0;;DIAGONAL 29 TRANSVERSAL 34 A SUR;;URIBE ANGEL;6.173089455499741, -75.57738398517691;CHOQUE;VEHICULO;NO REPORTADO;RESIDENCIAL;Normal;Adelantar invadiendo carril de sentido contrario
2240593;7/06/2024;11:02:00 p. m.;Viernes;2024;Junio;MOTOCICLETA;PARTICULAR;Motociclista;41;FEMENINO;HERIDOS;0;0;0;;CARRERA 43 A FRENTE AL # 27SUR-61;;PONTE VEDRA;6.179073681714527, -75.58364859787757;CHOQUE;VEHICULO;NO REPORTADO;RESIDENCIAL;Lluvia;No mantener distancia de seguridad
2240594;7/06/2024;2:00:00 p. m.;Viernes;2024;Junio;AUTOMOVIL;PUBLICO;Conductor;63;MASCULINO;HERIDOS;0;0;0;;CALLE 38A SUR ENTRE CARRERA 45 y CARRERA 46;;ALCALA;6.171164679923466, -75.59133427758496;CHOQUE;VEHICULO;NO REPORTADO;RESIDENCIAL;Normal;Impericia en el manejo
2240597;7/06/2024;5:45:00 p. m.;Viernes;2024;Junio;MOTOCICLETA;PARTICULAR;Motociclista;30;MASCULINO;HERIDOS;0;0;0;;CARRERA 48 ENTRE CALLE 35ASUR y CALLE 36ASUR;;LAS VEGAS;6.174300599099181, -75.59191958760259;CHOQUE;VEHICULO;NO REPORTADO;RESIDENCIAL;Normal;Desobedecer señales
2240598;7/06/2024;9:55:00 p. m.;Viernes;2024;Junio;MOTOCICLETA;PARTICULAR;Motociclista;37;MASCULINO;HERIDOS;0;0;0;;CARRERA 50 ENTRE CALLE 30 SUR y CALLE 26SUR;;LAS VEGAS;6.184829958439692, -75.58725526213536;CHOQUE;OBJETO FIJO;OTRO TIPO;RESIDENCIAL;Normal;Impericia en el manejo
2240598;7/06/2024;9:55:00 p. m.;Viernes;2024;Junio;MOTOCICLETA;PARTICULAR;Acompañante;26;FEMENINO;HERIDOS;0;0;0;;CARRERA 50 ENTRE CALLE 30 SUR y CALLE 26SUR;;LAS VEGAS;6.184829958439692, -75.58725526213536;CHOQUE;OBJETO FIJO;OTRO TIPO;RESIDENCIAL;Normal;Impericia en el manejo
2240600;7/06/2024;8:00:00 a. m.;Viernes;2024;Junio;BICICLETA;;Ciclista;37;MASCULINO;HERIDOS;0;0;0;;KILOMETRO 15+360;medellín palmas envigado (km 12 - km 16+700);VEREDA PALMAS;6.153869542527204, -75.54325578122769;CHOQUE;VEHICULO;NO REPORTADO;NO REPORTADO;Normal;Impericia en el manejo
2240600;7/06/2024;8:00:00 a. m.;Viernes;2024;Junio;MOTOCICLETA;PARTICULAR;Motociclista;33;MASCULINO;HERIDOS;0;0;0;;KILOMETRO 15+360;medellín palmas envigado (km 12 - km 16+700);VEREDA PALMAS;6.153869542527204, -75.54325578122769;CHOQUE;VEHICULO;NO REPORTADO;NO REPORTADO;Normal;Impericia en el manejo