NRO_RADICADO;FECHA_ACCIDENTE;HORA_ACCIDENTE;Día de la semana;AÑO;MES;CLASE_VEHICULO;TIPO_SERVICIO;TIPO_VICTIMA;EDAD;GENERO;GRAVEDAD;ESTADO_BEODEZ;ESTADO_DROGA;RESULTADO_BEODEZ;RESUL_BEODEZ_GRAMOS;DIRECCION_CARACT_VIA;TRAMO_VIA;LOCALIDAD_O_COMUNA;    GEORREFERENCIACIÓN;DESC_CLASE_ACCIDENTE;DESC_CHOQUE_ACCIDENTE;DESC_OBJETO_FIJO;DESC_SECTOR_ACCIDENTE;CONDICION_CLIMATICA;CAUSA_ACCIDENTE
2240592;8/06/2024;11:01:00 a. m.;Sábado;2024;Junio;MOTOCICLETA;PARTICULAR;Motociclista;20;MASCULINO;HERIDOS;0;0;0;;CARRERA 50 FRENTE AL # 29SUR-220;;LAS VEGAS;6.182232529146203, -75.58953466825872;CHOQUE;VEHICULO;NO REPORTADO;RESIDENCIAL;Normal;Exceso de velocidad
2240601;8/06/2024;9:40:00 a. m.;Sábado;2024;Junio;MOTOCICLETA;PARTICULAR;Motociclista;24;MASCULINO;HERIDOS;0;0;0;;CALLE 48SUR CARRERA 42A;;LA PAZ;6.159737800865948, -75.5952030640102;CHOQUE;VEHICULO;NO REPORTADO;RESIDENCIAL;Normal;Desobedecer señales
2240601;8/06/2024;9:40:00 a. m.;Sábado;2024;Junio;MOTOCICLETA;PARTICULAR;Acompañante;23;FEMENINO;HERIDOS;0;0;0;;CALLE 48SUR CARRERA 42A;;LA PAZ;6.159737800865948, -75.5952030640102;CHOQUE;VEHICULO;NO REPORTADO;RESIDENCIAL;Normal;Desobedecer señales
2240602;8/06/2024;1:45:00 p. m.;Sábado;2024;Junio;MOTOCICLETA;PARTICULAR;Motociclista;49;MASCULINO;HERIDOS;0;0;0;;CALLE 25SUR FRENTE AL # 46-50;;BOSQUES DE ZUÑIGA;6.183386418301706, -75.58294019272282;CHOQUE;VEHICULO;NO REPORTADO;RESIDENCIAL;Normal;No respetar pelacion de interseccion o giros
2240603;8/06/2024;2:00:00 p. m.;Sábado;2024;Junio;BUS;PUBLICO;Pasajero;16;FEMENINO;HERIDOS;0;0;0;;KILOMETRO 16+450;medellín palmas envigado (km 12 - km 16+700);VEREDA PALMAS;6.1543166906610285, -75.53499143834985;CHOQUE;VEHICULO;NO REPORTADO;NO REPORTADO;Normal;Exeso en horas de conduccion
2240603;8/06/2024;2:00:00 p. m.;Sábado;2024;Junio;BUS;PUBLICO;Pasajero;26;FEMENINO;HERIDOS;0;0;0;;KILOMETRO 16+450;medellín palmas envigado (km 12 - km 16+700);VEREDA PALMAS;6.1543166906610285, -75.53499143834985;CHOQUE;VEHICULO;NO REPORTADO;NO REPORTADO;Normal;Exeso en horas de conduccion
2240604;8/06/2024;7:25:00 p. m.;Sábado;2024;Junio;AUTOMOVIL;PARTICULAR;Conductor;70;FEMENINO;HERIDOS;0;0;0;;CARRERA 27 FRENTE AL # 36SUR-114;;EL CHOCHO;6.166462274474175, -75.5695505148828;CHOQUE;OBJETO FIJO;VEHICULO ESTACIONADO;RESIDENCIAL;Normal;Otra-Conductor
2240605;8/06/2024;4:20:00 p. m.;Sábado;2024;Junio;AUTOMOVIL;PARTICULAR;Acompañante;64;MASCULINO;HERIDOS;0;0;0;;CARRERA 41 CALLE 24SUR;;ZUÑIGA;6.180006388464395, -75.57717951672186;CHOQUE;VEHICULO;NO REPORTADO;RESIDENCIAL;Normal;Desobedecer señales
2240595;9/06/2024;9:43:00 a. m.;Domingo;2024;Junio;MOTOCICLETA;PARTICULAR;Motociclista;21;MASCULINO;MUERTOS;0;0;0;;CARRERA 50 ENTRE CALLE 25AA SUR y CALLE 26SUR;;LAS VEGAS;6.18580270902355, -75.58612466028048;CHOQUE;OBJETO FIJO;OTRO TIPO;RESIDENCIAL;Normal;Impericia en el manejo
2240599;9/06/2024;5:40:00 a. m.;Domingo;2024;Junio;MOTOCICLETA;PARTICULAR;Motociclista;20;FEMENINO;HERIDOS;0;0;0;;KILOMETRO 14+100;retiro varia palmas enviga (km 5+43 - km 14+ 550);VEREDA PALMAS;6.1570684241846445, -75.54669388123231;CAIDA OCUPANTE;NO REPORTADO;NO REPORTADO;NO REPORTADO;Normal;Superficie lisa
2240606;9/06/2024;12:30:00 p. m.;Domingo;2024;Junio;MOTOCICLETA;PARTICULAR;Motociclista;38;MASCULINO;HERIDOS;0;0;0;;KILOMETRO 8+870;retiro varia palmas enviga (km 5+43 - km 14+ 550);VEREDA PANTANILLO;6.170399710053245, -75.5010323415279;CHOQUE;OBJETO FIJO;ARBOL;NO REPORTADO;Normal;Otra-Conductor
2240607;10/06/2024;1:00:00 p. m.;Lunes;2024;Junio;MOTOCICLETA;PARTICULAR;Acompañante;51;FEMENINO;HERIDOS;0;0;0;;KILOMETRO 14+800;medellín palmas envigado (km 12 - km 16+700);VEREDA PALMAS;6.153605922017958, -75.53300882398263;CAIDA OCUPANTE;NO REPORTADO;NO REPORTADO;NO REPORTADO;Lluvia;Superficie humeda
2240608;10/06/2024;2:20:00 p. m.;Lunes;2024;Junio;MOTOCICLETA;PARTICULAR;Peaton;60;FEMENINO;HERIDOS;0;0;0;;CALLE 25SUR CARRERA 43A;;VILLA GRANDE;6.181534996940126, -75.581261947989;ATROPELLO;NO REPORTADO;NO REPORTADO;RESIDENCIAL;Normal;Impericia en el manejo  -  Pasar semaforo en rojo
2240610;11/06/2024;8:15:00 a. m.;Martes;2024;Junio;MOTOCICLETA;PARTICULAR;Peaton;41;FEMENINO;HERIDOS;0;0;0;;CALLE 36D SUR FRENTE AL # 23A-21;;VEREDA EL ESCOBERO;6.154064612947402, -75.56583259687883;ATROPELLO;NO REPORTADO;NO REPORTADO;RESIDENCIAL;Normal;Cruzar sin observar
2240611;12/06/2024;10:50:00 a. m.;Miércoles;2024;Junio;MOTOCICLETA;PARTICULAR;Peaton;66;FEMENINO;HERIDOS;0;0;0;;CALLE 40 SUR CARRERA 24B;;EL SALADO;6.152366819111532, -75.58077036224103;ATROPELLO;NO REPORTADO;NO REPORTADO;RESIDENCIAL;Normal;Cruzar sin observar
2240612;12/06/2024;11:15:00 a. m.;Miércoles;2024;Junio;MOTOCICLETA;PARTICULAR;Motociclista;33;MASCULINO;HERIDOS;0;0;0;;CARRERA 43A CALLE 25 SUR;;BOSQUES DE ZUÑIGA;6.181544601777213, -75.58127632520977;ATROPELLO;NO REPORTADO;NO REPORTADO;RESIDENCIAL;Normal;Cruzar sin observar  -  Otra-Peatón
2240612;12/06/2024;11:15:00 a. m.;Miércoles;2024;Junio;MOTOCICLETA;PARTICULAR;Peaton;54;FEMENINO;HERIDOS;0;0;0;;CARRERA 43A CALLE 25 SUR;;BOSQUES DE ZUÑIGA;6.181544601777213, -75.58127632520977;ATROPELLO;NO REPORTADO;NO REPORTADO;RESIDENCIAL;Normal;Cruzar sin observar  -  Otra-Peatón
2240613;13/06/2024;4:30:00 a. m.;Jueves;2024;Junio;AUTOMOVIL;PARTICULAR;Conductor;29;MASCULINO;HERIDOS;0;0;0;;CALLE 40FSUR FRENTE AL # 25B-26;;LA MINA;6.1564697312511285, -75.58271787617613;CHOQUE;OBJETO FIJO;ARBOL;RESIDENCIAL;Normal;Fallas en la direccion
2240615;13/06/2024;5:55:00 p. m.;Jueves;2024;Junio;MOTOCICLETA;PARTICULAR;Motociclista;40;MASCULINO;HERIDOS;0;0;0;;CALLE 40H SUR CARRRERA 42A;;EL DORADO;6.1664161160421935, -75.59075355042106;CHOQUE;VEHICULO;NO REPORTADO;RESIDENCIAL;Lluvia;Desobedecer señales
2240614;14/06/2024;8:04:00 a. m.;Viernes;2024;Junio;AUTOMOVIL;PARTICULAR;Acompañante;3;MASCULINO;HERIDOS;0;0;0;;CARRERA 32 CALLE 37SUR;;MESA;6.166626484644071, -75.58117565030217;CHOQUE;VEHICULO;NO REPORTADO;RESIDENCIAL;Normal;Desobedecer señales
2240614;14/06/2024;8:04:00 a. m.;Viernes;2024;Junio;CAMIONETA;PARTICULAR;Conductor;31;FEMENINO;HERIDOS;0;0;0;;CARRERA 32 CALLE 37SUR;;MESA;6.166626484644071, -75.58117565030217;CHOQUE;VEHICULO;NO REPORTADO;RESIDENCIAL;Normal;Desobedecer señales
2240614;14/06/2024;8:04:00 a. m.;Viernes;2024;Junio;AUTOMOVIL;PARTICULAR;Conductor;34;FEMENINO;HERIDOS;0;0;0;;CARRERA 32 CALLE 37SUR;;MESA;6.166626484644071, -75.58117565030217;CHOQUE;VEHICULO;NO REPORTADO;RESIDENCIAL;Normal;Desobedecer señales
2240616;14/06/2024;3:50:00 p. m.;Viernes;2024;Junio;CAMION;;Peaton;21;MASCULINO;HERIDOS;0;0;0;;CALLE 43 SUR ENTRE CARRERA 48 y CARRERA 49;;LAS VEGAS;6.170421500318779, -75.59982528506802;ATROPELLO;NO REPORTADO;NO REPORTADO;RESIDENCIAL;Normal;Otra-Peatón
2240617;14/06/2024;6:00:00 a. m.;Viernes;2024;Junio;MOTOCICLETA;PARTICULAR;Motociclista;35;FEMENINO;HERIDOS;0;0;0;;CARRERA 43A CALLE 21 SUR;;BOSQUES DE ZUÑIGA;6.183621761867195, -75.57951366939128;CHOQUE;VEHICULO;NO REPORTADO;RESIDENCIAL;Normal;No mantener distancia de seguridad
2240619;14/06/2024;10:13:00 p. m.;Viernes;2024;Junio;BICICLETA;;Ciclista;34;MASCULINO;HERIDOS;0;0;0;;CALLE 35 SUR TRANSVERSAL 34C SUR;;OBRERO;6.170925500619196, -75.58466886398506;CHOQUE;VEHICULO;NO REPORTADO;RESIDENCIAL;Normal;Girar bruscamente  -  No hacer uso de señales reflectivas o luminosas
2240618;15/06/2024;11:00:00 a. m.;Sábado;2024;Junio;MOTOCICLETA;PARTICULAR;Motociclista;29;FEMENINO;HERIDOS;0;0;0;;CARRERA 50 ENTRE CALLE 43SUR y CALLE 46ASUR;;LAS VEGAS;6.169901232207718, -75.60168949669168;CAIDA OCUPANTE;NO REPORTADO;NO REPORTADO;RESIDENCIAL;Normal;Huecos
2240620;15/06/2024;9:35:00 a. m.;Sábado;2024;Junio;MOTOCICLETA;PARTICULAR;Acompañante;26;FEMENINO;HERIDOS;0;0;0;;CARRERA 50 CALLE 25SUR;;LAS VEGAS;6.186957, -75.584471;CHOQUE;VEHICULO;NO REPORTADO;RESIDENCIAL;Normal;No mantener distancia de seguridad
2240620;15/06/2024;9:35:00 a. m.;Sábado;2024;Junio;MOTOCICLETA;PARTICULAR;Motociclista;28;FEMENINO;HERIDOS;0;0;0;;CARRERA 50 CALLE 25SUR;;LAS VEGAS;6.186957, -75.584471;CHOQUE;VEHICULO;NO REPORTADO;RESIDENCIAL;Normal;No mantener distancia de seguridad
2240621;15/06/2024;12:18:00 p. m.;Sábado;2024;Junio;MOTOCICLETA;PARTICULAR;Peaton;49;MASCULINO;HERIDOS;0;0;0;;CALLE 38 SUR FRENTE AL # 44- 120;;ALCALA;6.170993443700513, -75.5900040696492;ATROPELLO;NO REPORTADO;NO REPORTADO;RESIDENCIAL;Lluvia;Cruzar sin observar
2240621;15/06/2024;12:18:00 p. m.;Sábado;2024;Junio;MOTOCICLETA;PARTICULAR;Motociclista;59;MASCULINO;HERIDOS;0;0;0;;CALLE 38 SUR FRENTE AL # 44- 120;;ALCALA;6.170993443700513, -75.5900040696492;ATROPELLO;NO REPORTADO;NO REPORTADO;RESIDENCIAL;Lluvia;Cruzar sin observar
2240624;16/06/2024;11:40:00 a. m.;Domingo;2024;Junio;MOTOCICLETA;PARTICULAR;Motociclista;28;MASCULINO;HERIDOS;1;0;3;180;CALLE 25 SUR ENTRE CARRERA 42 y CARRERA 42B;;PONTE VEDRA;6.177073717092795, -75.5805779527556;CAIDA OCUPANTE;NO REPORTADO;NO REPORTADO;RESIDENCIAL;Normal;Embriaguez o droga
2240626;16/06/2024;8:20:00 p. m.;Domingo;2024;Junio;MOTOCICLETA;PARTICULAR;Acompañante;47;FEMENINO;HERIDOS;0;0;0;;CARRERA 50 ENTRE CALLE 26 SUR y CALLE 28 SUR;;LAS VEGAS;6.183685, -75.588354;CHOQUE;OBJETO FIJO;OTRO TIPO;RESIDENCIAL;Normal;Impericia en el manejo
2240626;16/06/2024;8:20:00 p. m.;Domingo;2024;Junio;MOTOCICLETA;PARTICULAR;Motociclista;44;MASCULINO;HERIDOS;0;0;0;;CARRERA 50 ENTRE CALLE 26 SUR y CALLE 28 SUR;;LAS VEGAS;6.183685, -75.588354;CHOQUE;OBJETO FIJO;OTRO TIPO;RESIDENCIAL;Normal;Impericia en el manejo
2240622;17/06/2024;9:50:00 p. m.;Lunes;2024;Junio;BUS;PUBLICO;Pasajero;60;MASCULINO;HERIDOS;0;0;0;;CALLE 50 SUR ENTRE CARRERA 43A y CARRERA 46;;LAS CASITAS;6.160489001247755, -75.60247462433323;CAIDA OCUPANTE;NO REPORTADO;NO REPORTADO;RESIDENCIAL;Normal;Pasajero embriagado
2240623;17/06/2024;12:33:00 p. m.;Lunes;2024;Junio;MOTOCICLETA;PARTICULAR;Motociclista;36;MASCULINO;HERIDOS;0;0;0;;CARRERA 48 CALLE 30SUR;;LAS VEGAS;6.179277591345737, -75.58858097488218;CHOQUE;VEHICULO;NO REPORTADO;RESIDENCIAL;Normal;Girar bruscamente
2240625;17/06/2024;12:04:00 p. m.;Lunes;2024;Junio;MOTOCICLETA;PARTICULAR;Motociclista;21;MASCULINO;HERIDOS;0;0;0;;CARRERA 48 ENTRE CALLLE 47 SUR y CALLE 46 SUR;;LAS VEGAS;6.165452717435993, -75.60013030476779;CHOQUE;VEHICULO;NO REPORTADO;RESIDENCIAL;Normal;Desobedecer señales
2240628;17/06/2024;1:50:00 p. m.;Lunes;2024;Junio;BICICLETA;;Ciclista;40;FEMENINO;HERIDOS;0;0;0;;DIAGONAL 32D TRANSVERSAL 33 SUR;;LA MAGNOLIA;6.174044734154118, -75.58370944470174;CHOQUE;VEHICULO;NO REPORTADO;RESIDENCIAL;Normal;Desobedecer señales
2240627;18/06/2024;11:30:00 a. m.;Martes;2024;Junio;MOTOCICLETA;OFICIAL;Acompañante;57;MASCULINO;HERIDOS;0;0;0;;TRANSVERSAL 32 A SUR DIAGONAL 33;;LA MAGNOLIA;6.175029759197726, -75.58464621857274;CAIDA OCUPANTE;NO REPORTADO;NO REPORTADO;RESIDENCIAL;Normal;Otra-Vehículo
2240627;18/06/2024;11:30:00 a. m.;Martes;2024;Junio;MOTOCICLETA;OFICIAL;Motociclista;48;MASCULINO;HERIDOS;0;0;0;;TRANSVERSAL 32 A SUR DIAGONAL 33;;LA MAGNOLIA;6.175029759197726, -75.58464621857274;CAIDA OCUPANTE;NO REPORTADO;NO REPORTADO;RESIDENCIAL;Normal;Otra-Vehículo
2240629;18/06/2024;10:18:00 a. m.;Martes;2024;Junio;MOTOCICLETA;PARTICULAR;Motociclista;39;MASCULINO;HERIDOS;0;0;0;;CARRERA 48 ENTRE CALLE  48CSUR y CALLE 46 SUR;;PRIMAVERA;6.164471105357788, -75.6010838360379;CHOQUE;VEHICULO;NO REPORTADO;RESIDENCIAL;Normal;Transitar entre vehiculos
2240630;19/06/2024;4:45:00 p. m.;Miércoles;2024;Junio;MOTOCICLETA;PARTICULAR;Peaton;84;MASCULINO;HERIDOS;0;0;0;;CALLE 39B SUR FRENTE AL # 31-10;;SAN JOSE;6.163680574856387, -75.58252622449356;ATROPELLO;NO REPORTADO;NO REPORTADO;RESIDENCIAL;Lluvia;Cruzar sin observar  -  Falta de precaucion niebla, lluvia, humo
2240631;19/06/2024;10:05:00 p. m.;Miércoles;2024;Junio;MOTOCICLETA;PARTICULAR;Motociclista;54;MASCULINO;HERIDOS;0;0;0;;CARRERA 48 CALLE 46 SUR;;LAS VEGAS;6.166268460511735, -75.59932350464658;CHOQUE;VEHICULO;NO REPORTADO;RESIDENCIAL;Normal;Desobedecer señales
2240631;19/06/2024;10:05:00 p. m.;Miércoles;2024;Junio;MOTOCICLETA;PARTICULAR;Acompañante;25;FEMENINO;HERIDOS;0;0;0;;CARRERA 48 CALLE 46 SUR;;LAS VEGAS;6.166268460511735, -75.59932350464658;CHOQUE;VEHICULO;NO REPORTADO;RESIDENCIAL;Normal;Desobedecer señales
2240631;19/06/2024;10:05:00 p. m.;Miércoles;2024;Junio;MOTOCICLETA;PARTICULAR;Motociclista;25;MASCULINO;HERIDOS;0;0;0;;CARRERA 48 CALLE 46 SUR;;LAS VEGAS;6.166268460511735, -75.59932350464658;CHOQUE;VEHICULO;NO REPORTADO;RESIDENCIAL;Normal;Desobedecer señales
2240633;19/06/2024;7:20:00 p. m.;Miércoles;2024;Junio;MOTOCICLETA;PARTICULAR;Motociclista;59;MASCULINO;HERIDOS;0;0;0;;KILOMETRO 7+700;catedral;VEREDA PALMAS;6.174762921072196, -75.49387505780452;CHOQUE;VEHICULO;NO REPORTADO;NO REPORTADO;Lluvia;Falta de precaucion niebla, lluvia, humo
2240632;20/06/2024;6:50:00 a. m.;Jueves;2024;Junio;MOTOCICLETA;PARTICULAR;Motociclista;24;MASCULINO;HERIDOS;0;0;0;;CARRERA 50 ENTRE CALLE 32B SUR y CALLE 36SUR;;LAS VEGAS;6.177635, -75.592515;CHOQUE;VEHICULO;NO REPORTADO;RESIDENCIAL;Lluvia;No mantener distancia de seguridad
2240634;20/06/2024;1:30:00 p. m.;Jueves;2024;Junio;AUTOMOVIL;PARTICULAR;Acompañante;44;MASCULINO;HERIDOS;0;0;0;;CARRERA 48 FRENTE AL # 49B SUR-9;;LAS VEGAS;6.162822463163517, -75.60292739418112;CHOQUE;VEHICULO;NO REPORTADO;RESIDENCIAL;Normal;No mantener distancia de seguridad
2240635;20/06/2024;9:43:00 p. m.;Jueves;2024;Junio;MOTOCICLETA;PARTICULAR;Motociclista;36;MASCULINO;HERIDOS;0;0;0;;CARRERA 42 CALLE 39SUR;;ZONA CENTRO;6.168265127159374, -75.58820588685556;CHOQUE;VEHICULO;NO REPORTADO;RESIDENCIAL;Normal;Semaforo en rojo
2240635;20/06/2024;9:43:00 p. m.;Jueves;2024;Junio;MOTOCICLETA;PARTICULAR;Motociclista;22;MASCULINO;HERIDOS;0;0;0;;CARRERA 42 CALLE 39SUR;;ZONA CENTRO;6.168265127159374, -75.58820588685556;CHOQUE;VEHICULO;NO REPORTADO;RESIDENCIAL;Normal;Semaforo en rojo
2240636;21/06/2024;8:24:00 a. m.;Viernes;2024;Junio;RETROEXCAVADORA RNMA;PARTICULAR;Peaton;57;MASCULINO;MUERTOS;0;0;0;;KILOMETRO 12+780;retiro varia palmas enviga (km 5+43 - km 14+ 550);VEREDA PALMAS;6.162464653607371, -75.52718374954094;ATROPELLO;NO REPORTADO;NO REPORTADO;NO REPORTADO;Normal;Otra-Peatón  -  Reverso imprudente
2240637;21/06/2024;11:38:00 p. m.;Viernes;2024;Junio;MOTOCICLETA;PARTICULAR;Acompañante;19;FEMENINO;HERIDOS;0;0;0;;CALLE 38A SUR CARRERA 39;;ZONA CENTRO;6.167651627341725, -75.58567367581063;CAIDA OCUPANTE;NO REPORTADO;NO REPORTADO;RESIDENCIAL;Normal;Impericia en el manejo
2240637;21/06/2024;11:38:00 p. m.;Viernes;2024;Junio;MOTOCICLETA;PARTICULAR;Motociclista;19;MASCULINO;HERIDOS;0;0;0;;CALLE 38A SUR CARRERA 39;;ZONA CENTRO;6.167651627341725, -75.58567367581063;CAIDA OCUPANTE;NO REPORTADO;NO REPORTADO;RESIDENCIAL;Normal;Impericia en el manejo
2240638;21/06/2024;6:55:00 a. m.;Viernes;2024;Junio;MOTOCICLETA;PARTICULAR;Motociclista;20;FEMENINO;HERIDOS;0;0;0;;CARRERA 48 CALLE 25SUR;;LAS VEGAS;6.185262892933567, -75.5832039046406;ATROPELLO;NO REPORTADO;NO REPORTADO;RESIDENCIAL;Normal;Cruzar en diagonal
2240639;21/06/2024;5:30:00 p. m.;Viernes;2024;Junio;BICICLETA;;Ciclista;26;MASCULINO;HERIDOS;0;0;0;;CALLE 38 SUR CARRERA 29;;MESA;6.164954970434364, -75.58078337160816;CHOQUE;VEHICULO;NO REPORTADO;RESIDENCIAL;Normal;Otra-Conductor
2240646;21/06/2024;11:22:00 a. m.;Viernes;2024;Junio;MOTOCICLETA;PARTICULAR;Acompañante;33;MASCULINO;HERIDOS;0;0;0;;TRANSVERSAL 27A SUR CARRERA 42B;;PONTE VEDRA;6.1780256396051705, -75.58228965313236;CHOQUE;VEHICULO;NO REPORTADO;RESIDENCIAL;Normal;Transitar entre vehiculos
2240646;21/06/2024;11:22:00 a. m.;Viernes;2024;Junio;MOTOCICLETA;PARTICULAR;Motociclista;27;FEMENINO;HERIDOS;0;0;0;;TRANSVERSAL 27A SUR CARRERA 42B;;PONTE VEDRA;6.1780256396051705, -75.58228965313236;CHOQUE;VEHICULO;NO REPORTADO;RESIDENCIAL;Normal;Transitar entre vehiculos
2240653;21/06/2024;11:10:00 a. m.;Viernes;2024;Junio;MOTOCICLETA;PARTICULAR;Motociclista;39;MASCULINO;HERIDOS;0;0;0;;CARRERA 43A CLL 39 A SUR;;EL DORADO;6.169072587245623, -75.58965540069894;CHOQUE;VEHICULO;NO REPORTADO;RESIDENCIAL;Normal;No mantener distancia de seguridad
2240654;21/06/2024;7:00:00 a. m.;Viernes;2024;Junio;MOTOCICLETA;PARTICULAR;Motociclista;26;MASCULINO;HERIDOS;0;0;0;;CARRERA 27A FRENTE AL # 37SUR- 80;;VEREDA EL ESCOBERO;6.160639556517523, -75.57331703607969;CAIDA OCUPANTE;NO REPORTADO;NO REPORTADO;RESIDENCIAL;Normal;Superficie humeda  -  Superficie lisa
2240640;22/06/2024;8:30:00 p. m.;Sábado;2024;Junio;MOTOCICLETA;PARTICULAR;Acompañante;24;FEMENINO;HERIDOS;0;0;0;;KILOMETRO 12+060;medellín palmas envigado (km 12 - km 16+700);VEREDA PALMAS;6.1590642942747, -75.51796392462535;CHOQUE;VEHICULO;NO REPORTADO;NO REPORTADO;Lluvia;No mantener distancia de seguridad
2240640;22/06/2024;8:30:00 p. m.;Sábado;2024;Junio;CAMIONETA;PARTICULAR;Conductor;21;MASCULINO;HERIDOS;0;0;0;;KILOMETRO 12+060;medellín palmas envigado (km 12 - km 16+700);VEREDA PALMAS;6.1590642942747, -75.51796392462535;CHOQUE;VEHICULO;NO REPORTADO;NO REPORTADO;Lluvia;No mantener distancia de seguridad
2240640;22/06/2024;8:30:00 p. m.;Sábado;2024;Junio;MOTOCICLETA;PARTICULAR;Motociclista;32;MASCULINO;HERIDOS;0;0;0;;KILOMETRO 12+060;medellín palmas envigado (km 12 - km 16+700);VEREDA PALMAS;6.1590642942747, -75.51796392462535;CHOQUE;VEHICULO;NO REPORTADO;NO REPORTADO;Lluvia;No mantener distancia de seguridad
2240641;22/06/2024;6:25:00 p. m.;Sábado;2024;Junio;MOTOCICLETA;PARTICULAR;Motociclista;53;MASCULINO;HERIDOS;0;0;0;;CARRERA 48 CALLE 39 SUR;;LAS VEGAS;6.171711976956727, -75.59371449537572;CHOQUE;VEHICULO;NO REPORTADO;RESIDENCIAL;Normal;Girar bruscamente
2240642;22/06/2024;6:20:00 p. m.;Sábado;2024;Junio;MOTOCICLETA;PARTICULAR;Motociclista;49;MASCULINO;HERIDOS;0;0;0;;KILOMETRO 6+900;retiro varia palmas enviga (km 5+43 - km 14+ 550);VEREDA PANTANILLO;6.169741547569934, -75.48904748266274;CHOQUE;VEHICULO;NO REPORTADO;NO REPORTADO;Normal;Desobedecer señales  -  No mantener distancia de seguridad
2240643;22/06/2024;8:30:00 p. m.;Sábado;2024;Junio;BICICLETA;;Ciclista;38;MASCULINO;HERIDOS;0;0;0;;TRANSVERSAL 34 A SUR FRENTE AL # 29-25 INTERIOR 103;;URIBE ANGEL;6.172997254152544, -75.57760498119478;CHOQUE;OBJETO FIJO;VEHICULO ESTACIONADO;RESIDENCIAL;Lluvia;Embriaguez aparente  -  Superficie humeda
2240644;22/06/2024;7:40:00 a. m.;Sábado;2024;Junio;MOTOCICLETA;PARTICULAR;Motociclista;27;MASCULINO;HERIDOS;0;0;0;;TRANSVERSAL 34C SUR CALLE 35 SUR;;ZONA CENTRO;6.1710282938873915, -75.58466603431002;CHOQUE;VEHICULO;NO REPORTADO;RESIDENCIAL;Normal;Desobedecer señales
2240645;23/06/2024;6:16:00 p. m.;Domingo;2024;Junio;MOTOCICLETA;PARTICULAR;Acompañante;17;MASCULINO;HERIDOS;0;0;0;;CALLE 39 SUR CARRERA 39;;ZONA CENTRO;6.166976800109075, -75.58613818682642;CHOQUE;VEHICULO;NO REPORTADO;RESIDENCIAL;Normal;Desobedecer señales
2240645;23/06/2024;6:16:00 p. m.;Domingo;2024;Junio;MOTOCICLETA;PARTICULAR;Motociclista;17;MASCULINO;HERIDOS;0;0;0;;CALLE 39 SUR CARRERA 39;;ZONA CENTRO;6.166976800109075, -75.58613818682642;CHOQUE;VEHICULO;NO REPORTADO;RESIDENCIAL;Normal;Desobedecer señales
2240647;23/06/2024;7:55:00 p. m.;Domingo;2024;Junio;MOTOCICLETA;PARTICULAR;Motociclista;30;MASCULINO;HERIDOS;0;0;0;;KILOMETRO 11+330;retiro varia palmas enviga (km 5+43 - km 14+ 550);VEREDA PALMAS;6.147639417500957, -75.5265923273922;CHOQUE;VEHICULO;NO REPORTADO;NO REPORTADO;Normal;Desobedecer señales
2240648;24/06/2024;4:30:00 p. m.;Lunes;2024;Junio;BUSETA;PUBLICO;Peaton;34;FEMENINO;HERIDOS;0;0;0;;CARRERA 40A CALLE 40B SUR;;EL DORADO;6.165932027360944, -75.58791414022869;ATROPELLO;NO REPORTADO;NO REPORTADO;RESIDENCIAL;Normal;Pasar semaforo en rojo
2240649;24/06/2024;6:50:00 p. m.;Lunes;2024;Junio;AUTOMOVIL;PARTICULAR;Conductor;26;FEMENINO;HERIDOS;0;0;0;;DIAGONAL 31E FRENTE AL # 36 SUR-143;;LOS NARANJOS;6.171683960474346, -75.58040860464654;CHOQUE;OBJETO FIJO;OTRO TIPO;RESIDENCIAL;Normal;Otra-Conductor
2240650;25/06/2024;1:03:00 p. m.;Martes;2024;Junio;MOTOCICLETA;PARTICULAR;Motociclista;40;FEMENINO;HERIDOS;0;0;0;;CALLE 36DSUR CARRERA 27;;LA PRADERA;6.162449332558861, -75.57020800200388;CHOQUE;VEHICULO;NO REPORTADO;RESIDENCIAL;Normal;No mantener distancia de seguridad
2240651;25/06/2024;6:36:00 p. m.;Martes;2024;Junio;MOTOCICLETA;PARTICULAR;Motociclista;25;MASCULINO;HERIDOS;0;0;0;;TRANSVERSAL 27A SUR FRENTEAL # 42-95;;PONTE VEDRA;6.177699607921421, -75.58206806310935;CHOQUE;VEHICULO;NO REPORTADO;RESIDENCIAL;Normal;Girar bruscamente
2240655;26/06/2024;7:50:00 a. m.;Miércoles;2024;Junio;MOTOCICLETA;PARTICULAR;Motociclista;41;MASCULINO;HERIDOS;0;0;0;;CARRERA 48 CALLE 40 SUR;;LAS VEGAS;6.169942727186322, -75.59573316904871;CHOQUE;VEHICULO;NO REPORTADO;RESIDENCIAL;Normal;No mantener distancia de seguridad
2240656;26/06/2024;9:49:00 p. m.;Miércoles;2024;Junio;CAMPERO;OFICIAL;Peaton;39;MASCULINO;HERIDOS;0;0;0;;CALLE 39SUR CARRERA 47A;;ALCALA;6.171360127141612, -75.59338895127338;ATROPELLO;NO REPORTADO;NO REPORTADO;RESIDENCIAL;Lluvia;Arrancar sin precaucion  -  Transitar por la calzada
2240657;26/06/2024;7:00:00 a. m.;Miércoles;2024;Junio;MOTOCICLETA;PARTICULAR;Motociclista;25;FEMENINO;HERIDOS;0;0;0;;CARRERA 48 FRENTE AL # 46SUR-150;;LAS VEGAS;6.165414903573506, -75.60016529280472;CAIDA OCUPANTE;NO REPORTADO;NO REPORTADO;RESIDENCIAL;Normal;Impericia en el manejo