NRO_RADICADO;FECHA_ACCIDENTE;HORA_ACCIDENTE;Día de la semana;AÑO;MES;CLASE_VEHICULO;TIPO_SERVICIO;TIPO_VICTIMA;EDAD;GENERO;GRAVEDAD;ESTADO_BEODEZ;ESTADO_DROGA;RESULTADO_BEODEZ;RESUL_BEODEZ_GRAMOS;DIRECCION_CARACT_VIA;TRAMO_VIA;LOCALIDAD_O_COMUNA;    GEORREFERENCIACIÓN;DESC_CLASE_ACCIDENTE;DESC_CHOQUE_ACCIDENTE;DESC_OBJETO_FIJO;DESC_SECTOR_ACCIDENTE;CONDICION_CLIMATICA;CAUSA_ACCIDENTE
2240658;26/06/2024;6:00:00 p. m.;Miércoles;2024;Junio;MOTOCICLETA;PARTICULAR;Motociclista;33;FEMENINO;HERIDOS;0;0;0;;CARRERA 48 ENTRE CALLE 32B SUR y CALLE 34 SUR;;LAS VEGAS;6.176517878256351, -75.5902479146854;CAIDA OCUPANTE;NO REPORTADO;NO REPORTADO;RESIDENCIAL;Normal;Huecos
2240658;26/06/2024;6:00:00 p. m.;Miércoles;2024;Junio;MOTOCICLETA;PARTICULAR;Acompañante;9;FEMENINO;HERIDOS;0;0;0;;CARRERA 48 ENTRE CALLE 32B SUR y CALLE 34 SUR;;LAS VEGAS;6.176517878256351, -75.5902479146854;CAIDA OCUPANTE;NO REPORTADO;NO REPORTADO;RESIDENCIAL;Normal;Huecos
2240659;27/06/2024;12:34:00 p. m.;Jueves;2024;Junio;MOTOCICLETA;PARTICULAR;Motociclista;21;FEMENINO;HERIDOS;0;0;0;;CARRERA 33 CALLE 38 A SUR;;MESA;6.165591160598235, -75.58259278685554;CHOQUE;VEHICULO;NO REPORTADO;RESIDENCIAL;Normal;Desobedecer señales
2240661;28/06/2024;6:00:00 p. m.;Viernes;2024;Junio;AUTOMOVIL;PARTICULAR;Peaton;70;FEMENINO;HERIDOS;0;0;0;;CALLE 40C SUR FRENTE AL # 29-04;;SAN JOSE;6.16062809604195, -75.58288946297677;ATROPELLO;NO REPORTADO;NO REPORTADO;RESIDENCIAL;Normal;Reverso imprudente
2240662;28/06/2024;11:30:00 a. m.;Viernes;2024;Junio;AUTOMOVIL;PARTICULAR;Conductor;33;MASCULINO;HERIDOS;0;0;0;;KILOMETRO 12+940;medellín palmas envigado (km 12 - km 16+700);VEREDA PALMAS;6.1659791266915835, -75.54516804575108;CHOQUE;OBJETO FIJO;OTRO TIPO;NO REPORTADO;Lluvia;Exceso de velocidad  -  Impericia en el manejo
2240663;28/06/2024;6:50:00 p. m.;Viernes;2024;Junio;AUTOMOVIL;PUBLICO;Peaton;28;FEMENINO;HERIDOS;0;0;0;;CARRERA 42DD FRENTE AL # 48E SUR-21;;LOMA DEL BARRO;6.159761922178136, -75.59904404284708;ATROPELLO;NO REPORTADO;NO REPORTADO;RESIDENCIAL;Normal;Impericia en el manejo
2240664;28/06/2024;7:40:00 p. m.;Viernes;2024;Junio;AUTOMOVIL;PARTICULAR;Acompañante;18;FEMENINO;HERIDOS;0;0;0;;CARRERA 50 ENTRE CALLE 39 SUR y CALLE 40 SUR;;LAS VEGAS;6.17321932532234, -75.59796891311608;CHOQUE;OBJETO FIJO;OTRO TIPO;RESIDENCIAL;Normal;Impericia en el manejo
2240664;28/06/2024;7:40:00 p. m.;Viernes;2024;Junio;AUTOMOVIL;PARTICULAR;Conductor;18;MASCULINO;HERIDOS;0;0;0;;CARRERA 50 ENTRE CALLE 39 SUR y CALLE 40 SUR;;LAS VEGAS;6.17321932532234, -75.59796891311608;CHOQUE;OBJETO FIJO;OTRO TIPO;RESIDENCIAL;Normal;Impericia en el manejo
2240664;28/06/2024;7:40:00 p. m.;Viernes;2024;Junio;AUTOMOVIL;PARTICULAR;Acompañante;17;MASCULINO;HERIDOS;0;0;0;;CARRERA 50 ENTRE CALLE 39 SUR y CALLE 40 SUR;;LAS VEGAS;6.17321932532234, -75.59796891311608;CHOQUE;OBJETO FIJO;OTRO TIPO;RESIDENCIAL;Normal;Impericia en el manejo
2240664;28/06/2024;7:40:00 p. m.;Viernes;2024;Junio;AUTOMOVIL;PARTICULAR;Acompañante;18;MASCULINO;HERIDOS;0;0;0;;CARRERA 50 ENTRE CALLE 39 SUR y CALLE 40 SUR;;LAS VEGAS;6.17321932532234, -75.59796891311608;CHOQUE;OBJETO FIJO;OTRO TIPO;RESIDENCIAL;Normal;Impericia en el manejo
2240664;28/06/2024;7:40:00 p. m.;Viernes;2024;Junio;AUTOMOVIL;PARTICULAR;Acompañante;17;FEMENINO;HERIDOS;0;0;0;;CARRERA 50 ENTRE CALLE 39 SUR y CALLE 40 SUR;;LAS VEGAS;6.17321932532234, -75.59796891311608;CHOQUE;OBJETO FIJO;OTRO TIPO;RESIDENCIAL;Normal;Impericia en el manejo
2240665;28/06/2024;3:42:00 p. m.;Viernes;2024;Junio;MOTOCICLETA;PARTICULAR;Acompañante;34;FEMENINO;HERIDOS;0;0;0;;CALLE 46 A SUR CARRERA 49;;LAS VEGAS;6.1669405271903965, -75.60081760463571;CHOQUE;VEHICULO;NO REPORTADO;RESIDENCIAL;Normal;Desobedecer señales
2240665;28/06/2024;3:42:00 p. m.;Viernes;2024;Junio;MOTOCICLETA;PARTICULAR;Motociclista;45;MASCULINO;HERIDOS;0;0;0;;CALLE 46 A SUR CARRERA 49;;LAS VEGAS;6.1669405271903965, -75.60081760463571;CHOQUE;VEHICULO;NO REPORTADO;RESIDENCIAL;Normal;Desobedecer señales
2240665;28/06/2024;3:42:00 p. m.;Viernes;2024;Junio;MOTOCICLETA;PARTICULAR;Motociclista;22;MASCULINO;HERIDOS;0;0;0;;CALLE 46 A SUR CARRERA 49;;LAS VEGAS;6.1669405271903965, -75.60081760463571;CHOQUE;VEHICULO;NO REPORTADO;RESIDENCIAL;Normal;Desobedecer señales
2240652;29/06/2024;6:07:00 p. m.;Sábado;2024;Junio;MOTOCICLETA;PARTICULAR;Motociclista;50;MASCULINO;HERIDOS;0;0;0;;CARRERA 50 ENTRE CALLE 19SUR y CALLE 20 SUR;;LAS VEGAS;6.187928198595167, -75.58351187109726;CAIDA OCUPANTE;NO REPORTADO;NO REPORTADO;RESIDENCIAL;Normal;Impericia en el manejo
2240660;29/06/2024;4:27:00 p. m.;Sábado;2024;Junio;MOTOCICLETA;PARTICULAR;Motociclista;32;FEMENINO;HERIDOS;0;0;0;;CARRERA 50 ENTRE CALLE 37 SUR y CALLE 36 SUR;;LAS VEGAS;6.176135, -75.594156;CHOQUE;VEHICULO;NO REPORTADO;RESIDENCIAL;Lluvia;Girar bruscamente  -  No mantener distancia de seguridad
2240660;29/06/2024;4:27:00 p. m.;Sábado;2024;Junio;AUTOMOVIL;PARTICULAR;Conductor;44;MASCULINO;HERIDOS;0;0;0;;CARRERA 50 ENTRE CALLE 37 SUR y CALLE 36 SUR;;LAS VEGAS;6.176135, -75.594156;CHOQUE;VEHICULO;NO REPORTADO;RESIDENCIAL;Lluvia;Girar bruscamente  -  No mantener distancia de seguridad
2240660;29/06/2024;4:27:00 p. m.;Sábado;2024;Junio;CAMPERO;PARTICULAR;Conductor;44;MASCULINO;HERIDOS;0;0;0;;CARRERA 50 ENTRE CALLE 37 SUR y CALLE 36 SUR;;LAS VEGAS;6.176135, -75.594156;CHOQUE;VEHICULO;NO REPORTADO;RESIDENCIAL;Lluvia;Girar bruscamente  -  No mantener distancia de seguridad
2240660;29/06/2024;4:27:00 p. m.;Sábado;2024;Junio;CAMPERO;PARTICULAR;Acompañante;34;FEMENINO;HERIDOS;0;0;0;;CARRERA 50 ENTRE CALLE 37 SUR y CALLE 36 SUR;;LAS VEGAS;6.176135, -75.594156;CHOQUE;VEHICULO;NO REPORTADO;RESIDENCIAL;Lluvia;Girar bruscamente  -  No mantener distancia de seguridad
2240666;29/06/2024;4:46:00 a. m.;Sábado;2024;Junio;MOTOCICLETA;PARTICULAR;Motociclista;61;MASCULINO;HERIDOS;0;0;0;;CARRERA 43A CALLE 37 SUR;;ZONA CENTRO;6.171131798040275, -75.5883133298985;CHOQUE;VEHICULO;NO REPORTADO;RESIDENCIAL;Normal;Desobedecer señales
2240666;29/06/2024;4:46:00 a. m.;Sábado;2024;Junio;AUTOMOVIL;PARTICULAR;Conductor;24;MASCULINO;HERIDOS;0;0;0;;CARRERA 43A CALLE 37 SUR;;ZONA CENTRO;6.171131798040275, -75.5883133298985;CHOQUE;VEHICULO;NO REPORTADO;RESIDENCIAL;Normal;Desobedecer señales
2240667;29/06/2024;3:30:00 a. m.;Sábado;2024;Junio;MOTOCICLETA;PARTICULAR;Motociclista;23;MASCULINO;HERIDOS;1;0;1;40;DIAGONAL 31E ENTRE TRANSVERSAL 34D SUR y DIAGONAL 31F;;LOS NARANJOS;6.171818995666, -75.5806629132404;OTRO;NO REPORTADO;NO REPORTADO;RESIDENCIAL;Normal;Embriaguez o droga
2240668;30/06/2024;10:00:00 p. m.;Domingo;2024;Junio;AUTOMOVIL;PUBLICO;Pasajero;57;FEMENINO;HERIDOS;0;0;0;;CARRERA 48 FRENTE AL # 32B SUR 139;;LAS VEGAS;6.176897513877721, -75.59025410258477;CAIDA OCUPANTE;NO REPORTADO;NO REPORTADO;RESIDENCIAL;Lluvia;Poner en marcha un vehiculo sin precauci
2240669;2/07/2024;11:07:00 p. m.;Martes;2024;Julio;AUTOMOVIL;PARTICULAR;Conductor;34;MASCULINO;HERIDOS;0;0;0;;CARRERA 43A FRENTE AL # 31 SUR-21;;SAN MARCOS;6.176661888778157, -75.58537684725098;CHOQUE;OBJETO FIJO;INMUEBLE;RESIDENCIAL;Lluvia;Defectos fisicos y psiquicos  -  Superficie humeda
2240670;2/07/2024;5:20:00 p. m.;Martes;2024;Julio;MOTOCICLETA;PARTICULAR;Motociclista;25;MASCULINO;HERIDOS;0;0;0;;KILOMETRO 13+440;medellín palmas envigado (km 12 - km 16+700);VEREDA PALMAS;6.1619538164167915, -75.54508391339805;CHOQUE;VEHICULO;NO REPORTADO;NO REPORTADO;Normal;Adelantar cerrando  -  Impericia en el manejo
2240670;2/07/2024;5:20:00 p. m.;Martes;2024;Julio;MOTOCICLETA;PARTICULAR;Motociclista;57;MASCULINO;HERIDOS;0;0;0;;KILOMETRO 13+440;medellín palmas envigado (km 12 - km 16+700);VEREDA PALMAS;6.1619538164167915, -75.54508391339805;CHOQUE;VEHICULO;NO REPORTADO;NO REPORTADO;Normal;Adelantar cerrando  -  Impericia en el manejo
2240677;2/07/2024;9:10:00 p. m.;Martes;2024;Julio;MOTOCICLETA;PARTICULAR;Motociclista;23;FEMENINO;HERIDOS;0;0;0;;CARRERA 48 CALLE 19 SUR;;LAS VEGAS;6.183963163641312, -75.58477331234128;CAIDA OCUPANTE;NO REPORTADO;NO REPORTADO;RESIDENCIAL;Lluvia;Impericia en el manejo
2240671;3/07/2024;7:50:00 p. m.;Miércoles;2024;Julio;MOTOCICLETA;PARTICULAR;Motociclista;32;MASCULINO;HERIDOS;0;0;0;;KILOMETRO 13+460;medellín palmas envigado (km 12 - km 16+700);VEREDA PALMAS;6.159338836702084, -75.53012457806025;CAIDA OCUPANTE;NO REPORTADO;NO REPORTADO;NO REPORTADO;Lluvia;Falta de precaucion niebla, lluvia, humo  -  Superficie humeda
2240672;3/07/2024;1:10:00 p. m.;Miércoles;2024;Julio;MOTOCICLETA;PARTICULAR;Motociclista;19;FEMENINO;HERIDOS;0;0;0;;CARRERA 27 CALLE 23 SUR;;ZUÑIGA;6.176695954699753, -75.56760556840894;CHOQUE;VEHICULO;NO REPORTADO;RESIDENCIAL;Normal;No mantener distancia de seguridad
2240674;4/07/2024;11:30:00 a. m.;Jueves;2024;Julio;MOTOCICLETA;PARTICULAR;Motociclista;21;MASCULINO;HERIDOS;0;0;0;;DIAGONAL 33 TRANSVERSAL 34DD SUR;;LOS NARANJOS;6.170400060498401, -75.58303834575254;CAIDA OCUPANTE;NO REPORTADO;NO REPORTADO;RESIDENCIAL;Normal;Otra-Conductor
2240675;4/07/2024;10:30:00 a. m.;Jueves;2024;Julio;MOTOCICLETA;PARTICULAR;Motociclista;20;MASCULINO;HERIDOS;0;0;0;;KILOMETRO 14+860;medellín palmas envigado (km 12 - km 16+700);VEREDA PALMAS;6.152567789777474, -75.54665265912413;CAIDA OCUPANTE;NO REPORTADO;NO REPORTADO;NO REPORTADO;Lluvia;Impericia en el manejo
2240675;4/07/2024;10:30:00 a. m.;Jueves;2024;Julio;MOTOCICLETA;PARTICULAR;Acompañante;25;MASCULINO;HERIDOS;0;0;0;;KILOMETRO 14+860;medellín palmas envigado (km 12 - km 16+700);VEREDA PALMAS;6.152567789777474, -75.54665265912413;CAIDA OCUPANTE;NO REPORTADO;NO REPORTADO;NO REPORTADO;Lluvia;Impericia en el manejo
2240676;5/07/2024;11:00:00 p. m.;Viernes;2024;Julio;MOTOCICLETA;PARTICULAR;Peaton;38;FEMENINO;HERIDOS;0;0;0;;CARRERA 43A CALLE 39 SUR;;ALCALA;6.169072587245623, -75.58965540069894;ATROPELLO;NO REPORTADO;NO REPORTADO;RESIDENCIAL;Lluvia;No respetar prelacion
2240676;5/07/2024;11:00:00 p. m.;Viernes;2024;Julio;MOTOCICLETA;PARTICULAR;Peaton;14;FEMENINO;HERIDOS;0;0;0;;CARRERA 43A CALLE 39 SUR;;ALCALA;6.169072587245623, -75.58965540069894;ATROPELLO;NO REPORTADO;NO REPORTADO;RESIDENCIAL;Lluvia;No respetar prelacion
2240676;5/07/2024;11:00:00 p. m.;Viernes;2024;Julio;MOTOCICLETA;PARTICULAR;Motociclista;33;MASCULINO;HERIDOS;0;0;0;;CARRERA 43A CALLE 39 SUR;;ALCALA;6.169072587245623, -75.58965540069894;ATROPELLO;NO REPORTADO;NO REPORTADO;RESIDENCIAL;Lluvia;No respetar prelacion
2240673;6/07/2024;7:00:00 p. m.;Sábado;2024;Julio;MOTOCICLETA;PARTICULAR;Motociclista;18;MASCULINO;HERIDOS;0;0;0;;DIAGONAL 31 FRENTE AL # 34 F SUR 26;;LA SEBASTIANA;6.171241574964512, -75.5795369717947;ATROPELLO;NO REPORTADO;NO REPORTADO;RESIDENCIAL;Normal;Otra-Conductor
2240673;6/07/2024;7:00:00 p. m.;Sábado;2024;Julio;MOTOCICLETA;PARTICULAR;Peaton;77;MASCULINO;HERIDOS;0;0;0;;DIAGONAL 31 FRENTE AL # 34 F SUR 26;;LA SEBASTIANA;6.171241574964512, -75.5795369717947;ATROPELLO;NO REPORTADO;NO REPORTADO;RESIDENCIAL;Normal;Otra-Conductor
2240678;6/07/2024;12:20:00 p. m.;Sábado;2024;Julio;MOTOCICLETA;PARTICULAR;Motociclista;35;MASCULINO;HERIDOS;0;0;0;;CARRERA 50 ENTRE CALLE 26 SUR y CALLE 27 SUR;;LAS VEGAS;6.183685, -75.588354;CHOQUE;OBJETO FIJO;OTRO TIPO;RESIDENCIAL;Normal;Impericia en el manejo
2240681;7/07/2024;3:10:00 p. m.;Domingo;2024;Julio;MOTOCICLETA;PARTICULAR;Motociclista;38;MASCULINO;HERIDOS;0;0;0;;CARRERA 19 FRENTE AL # 36D SUR 210 ;;VEREDA SANTA CATALINA;6.159957474294499, -75.55323831424556;CHOQUE;VEHICULO;NO REPORTADO;RESIDENCIAL;Normal;Adelantar en curva  -  Adelantar invadiendo carril de sentido contrario
2240681;7/07/2024;3:10:00 p. m.;Domingo;2024;Julio;MOTOCICLETA;PARTICULAR;Acompañante;36;MASCULINO;HERIDOS;0;0;0;;CARRERA 19 FRENTE AL # 36D SUR 210 ;;VEREDA SANTA CATALINA;6.159957474294499, -75.55323831424556;CHOQUE;VEHICULO;NO REPORTADO;RESIDENCIAL;Normal;Adelantar en curva  -  Adelantar invadiendo carril de sentido contrario
2240679;8/07/2024;12:20:00 a. m.;Lunes;2024;Julio;MOTOCICLETA;PARTICULAR;Acompañante;21;MASCULINO;HERIDOS;0;0;0;;CARRERA 43A CALLE 48CSUR;;LOMA DEL BARRO;6.162233361737994, -75.59759374327301;CHOQUE;VEHICULO;NO REPORTADO;RESIDENCIAL;Normal;Semaforo en rojo
2240679;8/07/2024;12:20:00 a. m.;Lunes;2024;Julio;MOTOCICLETA;PARTICULAR;Motociclista;57;MASCULINO;HERIDOS;0;0;0;;CARRERA 43A CALLE 48CSUR;;LOMA DEL BARRO;6.162233361737994, -75.59759374327301;CHOQUE;VEHICULO;NO REPORTADO;RESIDENCIAL;Normal;Semaforo en rojo
2240680;8/07/2024;2:20:00 p. m.;Lunes;2024;Julio;AUTOMOVIL;PARTICULAR;Acompañante;47;FEMENINO;HERIDOS;0;0;0;;CALLE 37 SUR CARRERA 50;;LAS VEGAS;6.175281311262004, -75.59506880040107;CHOQUE;VEHICULO;NO REPORTADO;RESIDENCIAL;Normal;No mantener distancia de seguridad
2240680;8/07/2024;2:20:00 p. m.;Lunes;2024;Julio;CAMIONETA;PUBLICO;Acompañante;5;MASCULINO;HERIDOS;0;0;0;;CALLE 37 SUR CARRERA 50;;LAS VEGAS;6.175281311262004, -75.59506880040107;CHOQUE;VEHICULO;NO REPORTADO;RESIDENCIAL;Normal;No mantener distancia de seguridad
2240680;8/07/2024;2:20:00 p. m.;Lunes;2024;Julio;CAMIONETA;PUBLICO;Acompañante;38;FEMENINO;HERIDOS;0;0;0;;CALLE 37 SUR CARRERA 50;;LAS VEGAS;6.175281311262004, -75.59506880040107;CHOQUE;VEHICULO;NO REPORTADO;RESIDENCIAL;Normal;No mantener distancia de seguridad
2240684;8/07/2024;8:55:00 a. m.;Lunes;2024;Julio;AUTOMOVIL;PARTICULAR;Peaton;34;MASCULINO;HERIDOS;0;0;0;;CARRERA 43A CALLE 44 SUR;;MILAN VALLEJUELOS;6.165561660848237, -75.59410979115408;ATROPELLO;NO REPORTADO;NO REPORTADO;RESIDENCIAL;Normal;Cruzar sin observar
2240685;8/07/2024;7:50:00 a. m.;Lunes;2024;Julio;MOTOCICLETA;PARTICULAR;Peaton;46;FEMENINO;HERIDOS;0;0;0;;CALLE 25 SUR ENTRE CARRERA 49 y CARRERA 48;;LAS VEGAS;6.186029283024145, -75.58330469523197;ATROPELLO;NO REPORTADO;NO REPORTADO;RESIDENCIAL;Normal;Pasar semaforo en rojo
2240686;9/07/2024;7:05:00 p. m.;Martes;2024;Julio;MOTOCICLETA;PARTICULAR;Motociclista;33;MASCULINO;HERIDOS;0;0;0;;CALLE 37 SUR DIAGONAL 31;;LOS NARANJOS;6.165935905622214, -75.58027241604354;CHOQUE;VEHICULO;NO REPORTADO;RESIDENCIAL;Normal;Girar bruscamente
2240687;9/07/2024;3:10:00 p. m.;Martes;2024;Julio;MOTOCICLETA;PARTICULAR;Motociclista;40;MASCULINO;HERIDOS;0;0;0;;KILOMETRO 11+730;retiro varia palmas enviga (km 5+43 - km 14+ 550);VEREDA PALMAS;6.160054793046469, -75.51570871092513;CHOQUE;VEHICULO;NO REPORTADO;NO REPORTADO;Normal;No respetar prelacion
2240688;9/07/2024;6:30:00 a. m.;Martes;2024;Julio;MOTOCICLETA;PARTICULAR;Peaton;32;MASCULINO;HERIDOS;0;0;0;;CARRERA 29A CALLE 37 SUR;;LA PRADERA;6.166091895033161, -75.58002266129611;ATROPELLO;NO REPORTADO;NO REPORTADO;RESIDENCIAL;Normal;Arrancar sin precaucion
2240689;10/07/2024;7:00:00 p. m.;Miércoles;2024;Julio;AUTOMOVIL;PUBLICO;Peaton;64;FEMENINO;HERIDOS;0;0;0;;CALLE 37 SUR FRENTE AL # 42-66;;ZONA CENTRO;6.170634732944805, -75.58739206471786;ATROPELLO;NO REPORTADO;NO REPORTADO;RESIDENCIAL;Normal;Reverso imprudente
2240691;10/07/2024;3:50:00 p. m.;Miércoles;2024;Julio;MOTOCICLETA;PARTICULAR;Motociclista;42;MASCULINO;HERIDOS;0;0;0;;CARRERA 43A CALLE 49 SUR;;LAS CASITAS;6.160988364240421, -75.60016436593138;CHOQUE;VEHICULO;NO REPORTADO;RESIDENCIAL;Normal;Desobedecer señales
2240691;10/07/2024;3:50:00 p. m.;Miércoles;2024;Julio;MOTOCICLETA;PARTICULAR;Acompañante;33;FEMENINO;HERIDOS;0;0;0;;CARRERA 43A CALLE 49 SUR;;LAS CASITAS;6.160988364240421, -75.60016436593138;CHOQUE;VEHICULO;NO REPORTADO;RESIDENCIAL;Normal;Desobedecer señales
2240692;11/07/2024;7:35:00 a. m.;Jueves;2024;Julio;MOTOCICLETA;PARTICULAR;Motociclista;27;FEMENINO;HERIDOS;0;0;0;;CARRERA 50 FRENTE AL # 48 SUR-60;;LAS VEGAS;6.1654683864744575, -75.60280383020822;CHOQUE;VEHICULO;NO REPORTADO;RESIDENCIAL;Normal;Ausencia o deficencia en demarcacion  -  Impericia en el manejo
2240693;12/07/2024;4:25:00 p. m.;Viernes;2024;Julio;MOTOCICLETA;PARTICULAR;Acompañante;32;FEMENINO;HERIDOS;0;0;0;;CARRERA 43A CALLE 44 SUR;;MILAN VALLEJUELOS;6.165561660848237, -75.59410979115408;CHOQUE;VEHICULO;NO REPORTADO;RESIDENCIAL;Normal;Adelantar cerrando  -  Girar bruscamente
2240694;12/07/2024;1:24:00 p. m.;Viernes;2024;Julio;AUTOMOVIL;PARTICULAR;Acompañante;30;FEMENINO;HERIDOS;0;0;0;;CARRERA 43A CALLE 41 A SUR;;EL DORADO;6.166432427200679, -75.59240320464652;CAIDA OCUPANTE;NO REPORTADO;NO REPORTADO;RESIDENCIAL;Normal;Arrancar sin precaucion
2240705;12/07/2024;8:28:00 p. m.;Viernes;2024;Julio;MOTOCICLETA;PARTICULAR;Motociclista;29;MASCULINO;HERIDOS;0;0;0;;DIAGONAL 29 FRENTE AL # 25 SUR 80;;ALTO DE MISAEL;6.179448593150147, -75.5790230728305;CHOQUE;VEHICULO;NO REPORTADO;RESIDENCIAL;Lluvia;Superficie lisa
2240695;13/07/2024;3:45:00 p. m.;Sábado;2024;Julio;MOTOCICLETA;PARTICULAR;Motociclista;26;MASCULINO;HERIDOS;0;0;0;;KILOMETRO 11 + 350;retiro varia palmas enviga (km 5+43 - km 14+ 550);VEREDA PALMAS;6.163213308645294, -75.51467487867416;CHOQUE;VEHICULO;NO REPORTADO;NO REPORTADO;Normal;Desobedecer señales  -  Girar bruscamente
2240706;13/07/2024;9:17:00 p. m.;Sábado;2024;Julio;MOTOCICLETA;PARTICULAR;Acompañante;19;FEMENINO;HERIDOS;0;0;0;;KILOMETRO 15+430;medellín palmas envigado (km 12 - km 16+700);VEREDA PALMAS;6.154097351585413, -75.5433190409477;CAIDA OCUPANTE;NO REPORTADO;NO REPORTADO;NO REPORTADO;Normal;Impericia en el manejo
2240706;13/07/2024;9:17:00 p. m.;Sábado;2024;Julio;MOTOCICLETA;PARTICULAR;Motociclista;20;MASCULINO;HERIDOS;0;0;0;;KILOMETRO 15+430;medellín palmas envigado (km 12 - km 16+700);VEREDA PALMAS;6.154097351585413, -75.5433190409477;CAIDA OCUPANTE;NO REPORTADO;NO REPORTADO;NO REPORTADO;Normal;Impericia en el manejo
2240690;14/07/2024;11:10:00 a. m.;Domingo;2024;Julio;MOTOCICLETA;PARTICULAR;Motociclista;46;MASCULINO;HERIDOS;0;0;0;;KILOMETRO 7+100;retiro varia palmas enviga (km 5+43 - km 14+ 550);VEREDA PANTANILLO;6.171218343967402, -75.49008715109834;CHOQUE;VEHICULO;NO REPORTADO;NO REPORTADO;Normal;Desobedecer señales  -  No mantener distancia de seguridad
2240696;14/07/2024;11:07:00 a. m.;Domingo;2024;Julio;MOTOCICLETA;PARTICULAR;Motociclista;29;MASCULINO;HERIDOS;0;0;0;;KILOMETRO 7 + 140;retiro varia palmas enviga (km 5+43 - km 14+ 550);VEREDA PANTANILLO;6.171477483052752, -75.4902725049993;VOLCAMIENTO;NO REPORTADO;NO REPORTADO;NO REPORTADO;Normal;Adelantar en zona prohibida  -  Desobedecer señales  -  Girar bruscamente  -  No mantener distancia de seguridad
2240697;14/07/2024;3:11:00 p. m.;Domingo;2024;Julio;MOTOCICLETA;PARTICULAR;Motociclista;39;MASCULINO;HERIDOS;0;0;0;;CALLE 46 SUR CON CARRERA 46A - 05;;PRIMAVERA;6.164594835909205, -75.59671563222142;CHOQUE;VEHICULO;NO REPORTADO;RESIDENCIAL;Lluvia;No mantener distancia de seguridad
2240698;14/07/2024;2:50:00 p. m.;Domingo;2024;Julio;MOTOCICLETA;PARTICULAR;Acompañante;26;FEMENINO;HERIDOS;0;0;0;;KILOMETRO 4 + 1 VIA LA CATEDRAL;catedral;VEREDA EL VALLANO;6.127988324263455, -75.5869412346662;CHOQUE;VEHICULO;NO REPORTADO;NO REPORTADO;Normal;No respetar pelacion de interseccion o giros
2240704;14/07/2024;4:00:00 p. m.;Domingo;2024;Julio;MOTOCICLETA;PARTICULAR;Motociclista;25;FEMENINO;HERIDOS;0;0;0;;CALLE 36D SUR CARRERA 27;;LA PRADERA;6.162273253618032, -75.57027036905892;CAIDA OCUPANTE;NO REPORTADO;NO REPORTADO;RESIDENCIAL;Normal;Fallas en los frenos
2240704;14/07/2024;4:00:00 p. m.;Domingo;2024;Julio;MOTOCICLETA;PARTICULAR;Acompañante;46;FEMENINO;HERIDOS;0;0;0;;CALLE 36D SUR CARRERA 27;;LA PRADERA;6.162273253618032, -75.57027036905892;CAIDA OCUPANTE;NO REPORTADO;NO REPORTADO;RESIDENCIAL;Normal;Fallas en los frenos
2240699;16/07/2024;12:10:00 p. m.;Martes;2024;Julio;CAMIONETA;PARTICULAR;Conductor;49;MASCULINO;HERIDOS;0;0;0;;CARRERA 27G CON CALLE 36E SUR 43;;LA PRADERA;6.1656012160822495, -75.57822582582868;CHOQUE;VEHICULO;NO REPORTADO;RESIDENCIAL;Normal;No mantener distancia de seguridad
2240699;16/07/2024;12:10:00 p. m.;Martes;2024;Julio;CAMIONETA;PARTICULAR;Acompañante;56;FEMENINO;HERIDOS;0;0;0;;CARRERA 27G CON CALLE 36E SUR 43;;LA PRADERA;6.1656012160822495, -75.57822582582868;CHOQUE;VEHICULO;NO REPORTADO;RESIDENCIAL;Normal;No mantener distancia de seguridad
2240700;16/07/2024;12:35:00 p. m.;Martes;2024;Julio;MOTOCICLETA;PARTICULAR;Motociclista;37;MASCULINO;HERIDOS;0;0;0;;CALLE 37 SUR CON CARRERA 29;;LA PRADERA;6.165963668494673, -75.58001523855151;CHOQUE;VEHICULO;NO REPORTADO;RESIDENCIAL;Normal;Impericia en el manejo
2240700;16/07/2024;12:35:00 p. m.;Martes;2024;Julio;MOTOCICLETA;PARTICULAR;Acompañante;26;FEMENINO;HERIDOS;0;0;0;;CALLE 37 SUR CON CARRERA 29;;LA PRADERA;6.165963668494673, -75.58001523855151;CHOQUE;VEHICULO;NO REPORTADO;RESIDENCIAL;Normal;Impericia en el manejo
2240700;16/07/2024;12:35:00 p. m.;Martes;2024;Julio;MOTOCICLETA;PARTICULAR;Acompañante;26;FEMENINO;HERIDOS;0;0;0;;CALLE 37 SUR CON CARRERA 29;;LA PRADERA;6.165963668494673, -75.58001523855151;CHOQUE;VEHICULO;NO REPORTADO;RESIDENCIAL;Normal;Impericia en el manejo
2240701;16/07/2024;8:55:00 p. m.;Martes;2024;Julio;MOTOCICLETA;PARTICULAR;Motociclista;28;MASCULINO;HERIDOS;0;0;0;;CALLE 40 SUR CON CARRERA 27;;SAN JOSE;6.158296267501281, -75.58084890031884;CHOQUE;VEHICULO;NO REPORTADO;RESIDENCIAL;Normal;Impericia en el manejo
2240701;16/07/2024;8:55:00 p. m.;Martes;2024;Julio;MOTOCICLETA;PARTICULAR;Acompañante;22;FEMENINO;HERIDOS;0;0;0;;CALLE 40 SUR CON CARRERA 27;;SAN JOSE;6.158296267501281, -75.58084890031884;CHOQUE;VEHICULO;NO REPORTADO;RESIDENCIAL;Normal;Impericia en el manejo