NRO_RADICADO;FECHA_ACCIDENTE;HORA_ACCIDENTE;Día de la semana;AÑO;MES;CLASE_VEHICULO;TIPO_SERVICIO;TIPO_VICTIMA;EDAD;GENERO;GRAVEDAD;ESTADO_BEODEZ;ESTADO_DROGA;RESULTADO_BEODEZ;RESUL_BEODEZ_GRAMOS;DIRECCION_CARACT_VIA;TRAMO_VIA;LOCALIDAD_O_COMUNA;    GEORREFERENCIACIÓN;DESC_CLASE_ACCIDENTE;DESC_CHOQUE_ACCIDENTE;DESC_OBJETO_FIJO;DESC_SECTOR_ACCIDENTE;CONDICION_CLIMATICA;CAUSA_ACCIDENTE
2240702;16/07/2024;5:20:00 p. m.;Martes;2024;Julio;BICICLETA;;Ciclista;32;MASCULINO;HERIDOS;0;0;0;;CALLE 27 SUR CON CARRERA 27 D - 79;;EL ESMERALDAL;6.175109907330672, -75.57330498879094;CHOQUE;VEHICULO;NO REPORTADO;RESIDENCIAL;Normal;Adelantar en zona prohibida
2240707;16/07/2024;3:15:00 p. m.;Martes;2024;Julio;MOTOCICLETA;PARTICULAR;Motociclista;25;MASCULINO;HERIDOS;0;0;0;;CARRERA 49 FRENTE AL # 25AA SUR 22;;LAS VEGAS;6.18550256698214, -75.58624919829364;CHOQUE;VEHICULO;NO REPORTADO;RESIDENCIAL;Normal;Adelantar invadiendo carril de sentido contrario
2240707;16/07/2024;3:15:00 p. m.;Martes;2024;Julio;MOTOCICLETA;PARTICULAR;Motociclista;24;FEMENINO;HERIDOS;0;0;0;;CARRERA 49 FRENTE AL # 25AA SUR 22;;LAS VEGAS;6.18550256698214, -75.58624919829364;CHOQUE;VEHICULO;NO REPORTADO;RESIDENCIAL;Normal;Adelantar invadiendo carril de sentido contrario
2240708;16/07/2024;6:15:00 p. m.;Martes;2024;Julio;BICICLETA;;Ciclista;29;FEMENINO;HERIDOS;0;0;0;;CARRERA 49 ENTRE CALLE 42 SUR y CALLE 43 SUR;;LAS VEGAS;6.171249422953926, -75.60025972545108;CHOQUE;VEHICULO;NO REPORTADO;RESIDENCIAL;Normal;Adelantar por la derecha
2240709;17/07/2024;3:40:00 p. m.;Miércoles;2024;Julio;MOTOCICLETA;PARTICULAR;Motociclista;32;MASCULINO;HERIDOS;0;0;0;0;CALLE 45AA SUR FRENTE AL # 36D-25;;LAS ANTILLAS;6.156803469040499, -75.58849379889303;CAIDA OCUPANTE;NO REPORTADO;NO REPORTADO;RESIDENCIAL;Normal;Huecos
2240710;18/07/2024;3:27:00 p. m.;Jueves;2024;Julio;MOTOCICLETA;PARTICULAR;Motociclista;20;MASCULINO;HERIDOS;0;0;0;;KILOMETRO 14+800;medellín palmas envigado (km 12 - km 16+700);VEREDA PALMAS;6.153605922017958, -75.53300882398263;CHOQUE;OBJETO FIJO;BARANDA;NO REPORTADO;Normal;Impericia en el manejo
2240710;18/07/2024;3:27:00 p. m.;Jueves;2024;Julio;MOTOCICLETA;PARTICULAR;Acompañante;19;MASCULINO;HERIDOS;0;0;0;;KILOMETRO 14+800;medellín palmas envigado (km 12 - km 16+700);VEREDA PALMAS;6.153605922017958, -75.53300882398263;CHOQUE;OBJETO FIJO;BARANDA;NO REPORTADO;Normal;Impericia en el manejo
2240711;18/07/2024;12:45:00 p. m.;Jueves;2024;Julio;MOTOCICLETA;PARTICULAR;Motociclista;35;MASCULINO;HERIDOS;0;0;0;;CALLE 49SUR FRENTE AL # 43A-242;;LAS VEGAS;6.162712571691139, -75.60141219069263;CHOQUE;VEHICULO;NO REPORTADO;COMERCIAL;Normal;ABRIR LAS PUERTAS SIN PRECAUCION
2240712;18/07/2024;3:55:00 p. m.;Jueves;2024;Julio;BUS;PUBLICO;Pasajero;20;FEMENINO;HERIDOS;0;0;0;;CARRERA 43 A CALLE 38 A SUR;;ALCALA;6.169773627202562, -75.58922500464658;CAIDA OCUPANTE;NO REPORTADO;NO REPORTADO;RESIDENCIAL;Normal;Transitar con las puertas abiertas
2240713;18/07/2024;9:00:00 p. m.;Jueves;2024;Julio;BICICLETA;;Ciclista;20;MASCULINO;HERIDOS;0;0;0;;KILOMETRO 14;medellín palmas envigado (km 12 - km 16+700);VEREDA PALMAS;6.158065354734575, -75.54655033162547;CAIDA OCUPANTE;NO REPORTADO;NO REPORTADO;NO REPORTADO;Normal;Desobedecer señales
2240713;18/07/2024;9:00:00 p. m.;Jueves;2024;Julio;BICICLETA;;Acompañante;15;FEMENINO;HERIDOS;0;0;0;;KILOMETRO 14;medellín palmas envigado (km 12 - km 16+700);VEREDA PALMAS;6.158065354734575, -75.54655033162547;CAIDA OCUPANTE;NO REPORTADO;NO REPORTADO;NO REPORTADO;Normal;Desobedecer señales
2240714;18/07/2024;11:32:00 a. m.;Jueves;2024;Julio;AUTOMOVIL;PARTICULAR;Conductor;69;FEMENINO;HERIDOS;0;0;0;;CARRERA 43A FRENTE AL # 21-06;;ZUÑIGA;6.183564076505116, -75.57955033474683;CHOQUE;VEHICULO;NO REPORTADO;RESIDENCIAL;Normal;No mantener distancia de seguridad
2240715;18/07/2024;11:05:00 a. m.;Jueves;2024;Julio;MOTOCICLETA;PARTICULAR;Motociclista;32;FEMENINO;HERIDOS;0;0;0;;CALLE 21 SUR ENTRE CARRERA 42 y CARRERA 43A;;ZUÑIGA;6.183423670057705, -75.57913447818281;CHOQUE;VEHICULO;NO REPORTADO;RESIDENCIAL;Normal;No mantener distancia de seguridad
2240716;20/07/2024;1:20:00 p. m.;Sábado;2024;Julio;MOTOCICLETA;PARTICULAR;Motociclista;41;MASCULINO;HERIDOS;0;0;0;;CALLE 25A SUR CARRERA 42B;;PONTE VEDRA;6.179701107355398, -75.5813764668419;CHOQUE;VEHICULO;NO REPORTADO;RESIDENCIAL;Normal;No mantener distancia de seguridad
2240717;20/07/2024;1:15:00 p. m.;Sábado;2024;Julio;MOTOCICLETA;PARTICULAR;Motociclista;25;MASCULINO;HERIDOS;0;0;0;;KILOMETRO 12+660;medellín palmas envigado (km 12 - km 16+700);VEREDA PALMAS;6.160197277372885, -75.52296248071248;CHOQUE;VEHICULO;NO REPORTADO;NO REPORTADO;Normal;No mantener distancia de seguridad
2240719;21/07/2024;8:28:00 p. m.;Domingo;2024;Julio;MOTOCICLETA;PARTICULAR;Acompañante;42;FEMENINO;HERIDOS;0;0;0;;CALLE 36D SUR CARRERA 27A;;LA PRADERA;6.16313736112898, -75.57201603348246;CHOQUE;VEHICULO;NO REPORTADO;RESIDENCIAL;Normal;Semaforo en rojo
2240719;21/07/2024;8:28:00 p. m.;Domingo;2024;Julio;MOTOCICLETA;PARTICULAR;Motociclista;17;MASCULINO;HERIDOS;0;0;0;;CALLE 36D SUR CARRERA 27A;;LA PRADERA;6.16313736112898, -75.57201603348246;CHOQUE;VEHICULO;NO REPORTADO;RESIDENCIAL;Normal;Semaforo en rojo
2240719;21/07/2024;8:28:00 p. m.;Domingo;2024;Julio;MOTOCICLETA;PARTICULAR;Motociclista;32;MASCULINO;HERIDOS;0;0;0;;CALLE 36D SUR CARRERA 27A;;LA PRADERA;6.16313736112898, -75.57201603348246;CHOQUE;VEHICULO;NO REPORTADO;RESIDENCIAL;Normal;Semaforo en rojo
2240720;21/07/2024;10:10:00 p. m.;Domingo;2024;Julio;MOTOCICLETA;PARTICULAR;Motociclista;24;MASCULINO;HERIDOS;0;0;0;;CALLE 38 SUR FRENTE AL # 47-28;;ALCALA;6.172585543226199, -75.5923579162652;CHOQUE;VEHICULO;NO REPORTADO;RESIDENCIAL;Normal;Adelantar cerrando
2240718;22/07/2024;10:18:00 a. m.;Lunes;2024;Julio;MOTOCICLETA;PARTICULAR;Motociclista;29;MASCULINO;HERIDOS;0;0;0;;CALLE 39 SUR FRENTE AL # 43-07;;ZONA CENTRO;6.168687060971065, -75.58890623348238;CHOQUE;VEHICULO;NO REPORTADO;RESIDENCIAL;Normal;No mantener distancia de seguridad
2240721;22/07/2024;6:45:00 a. m.;Lunes;2024;Julio;MOTOCICLETA;PARTICULAR;Motociclista;38;FEMENINO;HERIDOS;0;0;0;;KILOMETRO 6+740;retiro varia palmas enviga (km 5+43 - km 14+ 550);VEREDA PANTANILLO;6.16872880838053, -75.48818316019694;CHOQUE;VEHICULO;NO REPORTADO;NO REPORTADO;Normal;Adelantar cerrando
2240722;22/07/2024;5:36:00 p. m.;Lunes;2024;Julio;MOTOCICLETA;PARTICULAR;Motociclista;32;MASCULINO;HERIDOS;0;0;0;;CALLE 36 SUR FRENTE AL #23-45;;VEREDA SANTA CATALINA;6.167410666408797, -75.56118166473678;CHOQUE;VEHICULO;NO REPORTADO;RESIDENCIAL;Normal;Desobedecer señales
2240723;22/07/2024;7:50:00 a. m.;Lunes;2024;Julio;MOTOCICLETA;PARTICULAR;Motociclista;21;FEMENINO;HERIDOS;0;0;0;;CALLE 39D SUR CARRERA 24D;;EL CHINGUÍ;6.145535493420366, -75.57537967658946;CHOQUE;VEHICULO;NO REPORTADO;RESIDENCIAL;Normal;Desobedecer señales
2240724;22/07/2024;4:05:00 p. m.;Lunes;2024;Julio;MOTOCICLETA;PARTICULAR;Motociclista;48;MASCULINO;HERIDOS;0;0;0;;KILOMETRO 12+500;medellín palmas envigado (km 12 - km 16+700);VEREDA PALMAS;6.159974569789303, -75.52177180591038;CHOQUE;VEHICULO;NO REPORTADO;NO REPORTADO;Normal;Impericia en el manejo
2240724;22/07/2024;4:05:00 p. m.;Lunes;2024;Julio;MOTOCICLETA;PARTICULAR;Motociclista;46;MASCULINO;HERIDOS;0;0;0;;KILOMETRO 12+500;medellín palmas envigado (km 12 - km 16+700);VEREDA PALMAS;6.159974569789303, -75.52177180591038;CHOQUE;VEHICULO;NO REPORTADO;NO REPORTADO;Normal;Impericia en el manejo
2240725;22/07/2024;9:10:00 a. m.;Lunes;2024;Julio;AUTOMOVIL;PARTICULAR;Acompañante;48;FEMENINO;HERIDOS;0;0;0;;CALLE 38 SUR CARRERA 47;;ALCALA;6.172400193734224, -75.59214813348238;CHOQUE;VEHICULO;NO REPORTADO;RESIDENCIAL;Normal;Otra-Conductor
2240725;22/07/2024;9:10:00 a. m.;Lunes;2024;Julio;AUTOMOVIL;PARTICULAR;Conductor;27;FEMENINO;HERIDOS;0;0;0;;CALLE 38 SUR CARRERA 47;;ALCALA;6.172400193734224, -75.59214813348238;CHOQUE;VEHICULO;NO REPORTADO;RESIDENCIAL;Normal;Otra-Conductor
2240725;22/07/2024;9:10:00 a. m.;Lunes;2024;Julio;CAMIONETA;PARTICULAR;Acompañante;4;MASCULINO;HERIDOS;0;0;0;;CALLE 38 SUR CARRERA 47;;ALCALA;6.172400193734224, -75.59214813348238;CHOQUE;VEHICULO;NO REPORTADO;RESIDENCIAL;Normal;Otra-Conductor
2240726;23/07/2024;11:45:00 a. m.;Martes;2024;Julio;MOTOCICLETA;PARTICULAR;Acompañante;39;FEMENINO;HERIDOS;0;0;0;;CALLE 39 SUR CARRERA 41;;ZONA CENTRO;6.167803927283771, -75.58746090464646;CHOQUE;VEHICULO;NO REPORTADO;RESIDENCIAL;Normal;Desobedecer señales
2240726;23/07/2024;11:45:00 a. m.;Martes;2024;Julio;MOTOCICLETA;PARTICULAR;Motociclista;29;MASCULINO;HERIDOS;0;0;0;;CALLE 39 SUR CARRERA 41;;ZONA CENTRO;6.167803927283771, -75.58746090464646;CHOQUE;VEHICULO;NO REPORTADO;RESIDENCIAL;Normal;Desobedecer señales
2240727;23/07/2024;8:10:00 p. m.;Martes;2024;Julio;MOTOCICLETA;PARTICULAR;Motociclista;40;MASCULINO;HERIDOS;0;0;0;;CARRERA 27 CALLE 36 A SUR;;EL CHOCHO;6.167085956663392, -75.56931927028059;CHOQUE;VEHICULO;NO REPORTADO;RESIDENCIAL;Normal;No mantener distancia de seguridad
2240728;23/07/2024;5:11:00 p. m.;Martes;2024;Julio;MOTOCICLETA;PARTICULAR;Motociclista;25;MASCULINO;HERIDOS;0;0;0;;CARRERA 50 ENTRE CALLE 37SUR y CALLE 36SUR;;LAS VEGAS;6.175160548586797, -75.59545016040666;CHOQUE;VEHICULO;NO REPORTADO;RESIDENCIAL;Normal;Otra-Conductor
2240729;23/07/2024;1:05:00 p. m.;Martes;2024;Julio;AUTOMOVIL;PARTICULAR;Conductor;54;FEMENINO;HERIDOS;0;0;0;;CARRERA 48 FRENTE AL # 44 SUR-150;;LAS VEGAS;6.166843838016972, -75.59867712775481;CHOQUE;VEHICULO;NO REPORTADO;RESIDENCIAL;Normal;Otra-Conductor
2240730;24/07/2024;8:03:00 a. m.;Miércoles;2024;Julio;MOTOCICLETA;PARTICULAR;Motociclista;18;MASCULINO;HERIDOS;0;0;0;;KILOMETRO 2+600;el escobero - km 0-13);VEREDA EL ESCOBERO;6.138581731837884, -75.55676181696901;CHOQUE;VEHICULO;NO REPORTADO;NO REPORTADO;Normal;Impericia en el manejo
2240731;24/07/2024;5:15:00 p. m.;Miércoles;2024;Julio;MOTOCICLETA;PARTICULAR;Motociclista;42;MASCULINO;HERIDOS;0;0;0;;KILOMETRO 13+310;retiro varia palmas enviga (km 5+43 - km 14+ 550);VEREDA PALMAS;6.165484733606752, -75.5450561294298;CHOQUE;VEHICULO;NO REPORTADO;NO REPORTADO;Normal;No respetar prelacion
2240731;24/07/2024;5:15:00 p. m.;Miércoles;2024;Julio;MOTOCICLETA;PARTICULAR;Motociclista;18;MASCULINO;HERIDOS;0;0;0;;KILOMETRO 13+310;retiro varia palmas enviga (km 5+43 - km 14+ 550);VEREDA PALMAS;6.165484733606752, -75.5450561294298;CHOQUE;VEHICULO;NO REPORTADO;NO REPORTADO;Normal;No respetar prelacion
2240732;24/07/2024;4:20:00 p. m.;Miércoles;2024;Julio;MOTOCICLETA;PARTICULAR;Motociclista;22;MASCULINO;HERIDOS;0;0;0;;CARRERA 48 ENTRE CALLE 40 SUR y CALLE 41 SUR;;LAS VEGAS;6.170224112358732, -75.59560098710838;CHOQUE;VEHICULO;NO REPORTADO;RESIDENCIAL;Normal;No mantener distancia de seguridad
2240733;25/07/2024;3:00:00 p. m.;Jueves;2024;Julio;AUTOMOVIL;PARTICULAR;Conductor;47;FEMENINO;HERIDOS;0;0;0;;CARRERA 37 FRENTE AL # 36 SUR-48;;MESA;6.168604922821084, -75.58365842370281;CHOQUE;VEHICULO;NO REPORTADO;RESIDENCIAL;Normal;Otra-Conductor
2240734;25/07/2024;6:40:00 a. m.;Jueves;2024;Julio;MOTOCICLETA;PARTICULAR;Acompañante;31;MASCULINO;HERIDOS;0;0;0;;CARRERA 50 ENTRE CALLE 25A SUR y CALLE 25AA SUR;;LAS VEGAS;6.186228179458732, -75.58567335231466;CHOQUE;VEHICULO;NO REPORTADO;RESIDENCIAL;Normal;No mantener distancia de seguridad  -  Transitar entre vehiculos
2240734;25/07/2024;6:40:00 a. m.;Jueves;2024;Julio;MOTOCICLETA;PARTICULAR;Motociclista;38;MASCULINO;HERIDOS;0;0;0;;CARRERA 50 ENTRE CALLE 25A SUR y CALLE 25AA SUR;;LAS VEGAS;6.186228179458732, -75.58567335231466;CHOQUE;VEHICULO;NO REPORTADO;RESIDENCIAL;Normal;No mantener distancia de seguridad  -  Transitar entre vehiculos
2240734;25/07/2024;6:40:00 a. m.;Jueves;2024;Julio;MOTOCICLETA;PARTICULAR;Motociclista;23;MASCULINO;HERIDOS;0;0;0;;CARRERA 50 ENTRE CALLE 25A SUR y CALLE 25AA SUR;;LAS VEGAS;6.186228179458732, -75.58567335231466;CHOQUE;VEHICULO;NO REPORTADO;RESIDENCIAL;Normal;No mantener distancia de seguridad  -  Transitar entre vehiculos
2240734;25/07/2024;6:40:00 a. m.;Jueves;2024;Julio;MOTOCICLETA;PARTICULAR;Acompañante;20;FEMENINO;HERIDOS;0;0;0;;CARRERA 50 ENTRE CALLE 25A SUR y CALLE 25AA SUR;;LAS VEGAS;6.186228179458732, -75.58567335231466;CHOQUE;VEHICULO;NO REPORTADO;RESIDENCIAL;Normal;No mantener distancia de seguridad  -  Transitar entre vehiculos
2240734;25/07/2024;6:40:00 a. m.;Jueves;2024;Julio;MOTOCICLETA;PARTICULAR;Motociclista;31;MASCULINO;HERIDOS;0;0;0;;CARRERA 50 ENTRE CALLE 25A SUR y CALLE 25AA SUR;;LAS VEGAS;6.186228179458732, -75.58567335231466;CHOQUE;VEHICULO;NO REPORTADO;RESIDENCIAL;Normal;No mantener distancia de seguridad  -  Transitar entre vehiculos
2240735;25/07/2024;10:00:00 a. m.;Jueves;2024;Julio;AUTOMOVIL;PARTICULAR;Acompañante;27;MASCULINO;HERIDOS;0;0;0;;CARRERA 48 FRENTE AL #32 SUR 36;;LAS VEGAS;6.177333772048466, -75.58964695640472;CHOQUE;VEHICULO;NO REPORTADO;RESIDENCIAL;Normal;No mantener distancia de seguridad
2240735;25/07/2024;10:00:00 a. m.;Jueves;2024;Julio;AUTOMOVIL;PARTICULAR;Conductor;30;MASCULINO;HERIDOS;0;0;0;;CARRERA 48 FRENTE AL #32 SUR 36;;LAS VEGAS;6.177333772048466, -75.58964695640472;CHOQUE;VEHICULO;NO REPORTADO;RESIDENCIAL;Normal;No mantener distancia de seguridad
2240735;25/07/2024;10:00:00 a. m.;Jueves;2024;Julio;AUTOMOVIL;PARTICULAR;Conductor;58;FEMENINO;HERIDOS;0;0;0;;CARRERA 48 FRENTE AL #32 SUR 36;;LAS VEGAS;6.177333772048466, -75.58964695640472;CHOQUE;VEHICULO;NO REPORTADO;RESIDENCIAL;Normal;No mantener distancia de seguridad
2240735;25/07/2024;10:00:00 a. m.;Jueves;2024;Julio;CAMIONETA;PUBLICO;Conductor;36;MASCULINO;HERIDOS;0;0;0;;CARRERA 48 FRENTE AL #32 SUR 36;;LAS VEGAS;6.177333772048466, -75.58964695640472;CHOQUE;VEHICULO;NO REPORTADO;RESIDENCIAL;Normal;No mantener distancia de seguridad
2240736;25/07/2024;3:30:00 p. m.;Jueves;2024;Julio;MOTOCICLETA;PARTICULAR;Motociclista;36;MASCULINO;HERIDOS;0;0;0;;CARRERA 42B CALLE 45A SUR;;LA PAZ;6.163446594745111, -75.59344566231829;CAIDA OCUPANTE;NO REPORTADO;NO REPORTADO;RESIDENCIAL;Normal;Impericia en el manejo
2240737;26/07/2024;4:30:00 p. m.;Viernes;2024;Julio;AUTOMOVIL;DIPLOMATICO;Peaton;38;MASCULINO;HERIDOS;0;0;0;;CARRERA 45 A FRENTE AL # 39 SUR-26;;ALCALA;6.169474599501634, -75.59163958600634;ATROPELLO;NO REPORTADO;NO REPORTADO;RESIDENCIAL;Normal;Salir por delante de un vehiculo
2240738;27/07/2024;9:41:00 a. m.;Sábado;2024;Julio;MOTOCICLETA;PARTICULAR;Motociclista;24;FEMENINO;HERIDOS;0;0;0;;CARRERA 48 ENTRE CALLE 46SUR y CALLE 46A SUR;;PRIMAVERA;6.166125336019439, -75.59939888541172;CHOQUE;VEHICULO;NO REPORTADO;RESIDENCIAL;Normal;Desobedecer señales
2240741;27/07/2024;12:57:00 p. m.;Sábado;2024;Julio;MOTOCICLETA;PARTICULAR;Motociclista;23;MASCULINO;HERIDOS;0;0;0;;CARRERA 32 CALLE 39 SUR;;MESA;6.1645952278077125, -75.58249397581078;CHOQUE;VEHICULO;NO REPORTADO;RESIDENCIAL;Normal;Desobedecer señales
2240742;27/07/2024;11:40:00 p. m.;Sábado;2024;Julio;AUTOMOVIL;PARTICULAR;Conductor;24;FEMENINO;HERIDOS;0;0;0;;CARRERA 29 A FRENTE AL # 38SUR-45;;EL CHINGUÍ;6.164535830960549, -75.58103211817482;CHOQUE;VEHICULO;NO REPORTADO;RESIDENCIAL;Normal;No mantener distancia de seguridad
2240742;27/07/2024;11:40:00 p. m.;Sábado;2024;Julio;AUTOMOVIL;PARTICULAR;Conductor;17;MASCULINO;HERIDOS;0;0;0;;CARRERA 29 A FRENTE AL # 38SUR-45;;EL CHINGUÍ;6.164535830960549, -75.58103211817482;CHOQUE;VEHICULO;NO REPORTADO;RESIDENCIAL;Normal;No mantener distancia de seguridad
2240743;27/07/2024;8:20:00 p. m.;Sábado;2024;Julio;MOTOCICLETA;PARTICULAR;Motociclista;23;MASCULINO;HERIDOS;0;0;0;;CARRERA 43A  FRENTE AL # 27 SUR-51;;JARDINES;6.18047797052153, -75.58304796851188;CHOQUE;VEHICULO;NO REPORTADO;RESIDENCIAL;Normal;Adelantar invadiendo carril del mismo sentido en zigzag
2240744;27/07/2024;2:45:00 p. m.;Sábado;2024;Julio;MOTOCICLETA;PARTICULAR;Motociclista;22;MASCULINO;HERIDOS;0;0;0;;CARRERA 43 A FRENTE AL # 38 A SUR-23;;ZONA CENTRO;6.169557499423421, -75.58942646495728;CHOQUE;VEHICULO;NO REPORTADO;RESIDENCIAL;Normal;Impericia en el manejo
2240739;28/07/2024;11:40:00 a. m.;Domingo;2024;Julio;MOTOCICLETA;PARTICULAR;Motociclista;69;MASCULINO;HERIDOS;0;0;0;;CARRERA 43 A CALLE 38 A SUR;;ALCALA;6.169773627202562, -75.58922500464658;CHOQUE;VEHICULO;NO REPORTADO;RESIDENCIAL;Normal;Semaforo en rojo
2240740;29/07/2024;12:20:00 p. m.;Lunes;2024;Julio;MOTOCICLETA;PARTICULAR;Motociclista;34;MASCULINO;HERIDOS;0;0;0;;KILOMETRO 15+280;medellín palmas envigado (km 12 - km 16+700);VEREDA PALMAS;6.1522766088931, -75.54413407331688;CAIDA OCUPANTE;NO REPORTADO;NO REPORTADO;NO REPORTADO;Normal;Impericia en el manejo
2240745;29/07/2024;2:00:00 p. m.;Lunes;2024;Julio;AUTOMOVIL;PUBLICO;Pasajero;10;FEMENINO;HERIDOS;0;0;0;;CALLE 38A SUR  CARRERA 31;;MESA;6.164913494193554, -75.5816155046466;CHOQUE;VEHICULO;NO REPORTADO;RESIDENCIAL;Normal;Desobedecer señales
2240746;29/07/2024;9:00:00 a. m.;Lunes;2024;Julio;MOTOCICLETA;PARTICULAR;Motociclista;19;MASCULINO;HERIDOS;0;0;0;;CARRERA 48 ENTRE CALLE 45 SUR y CALLE  46 SUR;;MILAN VALLEJUELOS;6.166763517001984, -75.59883050741524;CAIDA OCUPANTE;NO REPORTADO;NO REPORTADO;RESIDENCIAL;Normal;Impericia en el manejo
2240747;30/07/2024;5:50:00 p. m.;Martes;2024;Julio;MOTOCICLETA;PARTICULAR;Motociclista;32;MASCULINO;HERIDOS;0;0;0;;CARRERA 50 ENTRE CALLE 26 SUR y CALLE 27 SUR;;LAS VEGAS;6.183685, -75.588354;CHOQUE;VEHICULO;NO REPORTADO;RESIDENCIAL;Normal;Adelantar invadiendo carril del mismo sentido en zigzag
2240748;30/07/2024;9:05:00 a. m.;Martes;2024;Julio;MOTOCICLETA;PARTICULAR;Motociclista;65;MASCULINO;HERIDOS;0;0;0;;KILOMETRO 12+660;retiro varia palmas enviga (km 5+43 - km 14+ 550);VEREDA PALMAS;6.160197277372885, -75.52296248071248;CHOQUE;VEHICULO;NO REPORTADO;NO REPORTADO;Normal;Desobedecer señales
2240749;31/07/2024;8:30:00 p. m.;Miércoles;2024;Julio;MOTOCICLETA;PARTICULAR;Motociclista;23;FEMENINO;HERIDOS;0;0;0;;CALLE 36D SUR FRENTE AL # 14-45;;VEREDA EL ESCOBERO;6.153226301377766, -75.56420754925966;CHOQUE;VEHICULO;NO REPORTADO;RESIDENCIAL;Normal;Desobedecer señales
2240750;31/07/2024;7:40:00 a. m.;Miércoles;2024;Julio;BICICLETA;;Ciclista;40;MASCULINO;HERIDOS;0;0;0;;CARRERA 48 FRENTE AL # 19SUR-29;;LAS VEGAS;6.186578143582019, -75.5823342564487;CHOQUE;VEHICULO;NO REPORTADO;RESIDENCIAL;Normal;Transitar distante de la acera u orilla 
2240751;31/07/2024;8:30:00 a. m.;Miércoles;2024;Julio;MOTOCICLETA;PARTICULAR;Motociclista;27;MASCULINO;HERIDOS;0;0;0;;CALLE 34D SUR CARRERA 27F;;ALTO DE MISAEL;6.170689994225503, -75.57630965185787;CHOQUE;VEHICULO;NO REPORTADO;RESIDENCIAL;Normal;Desobedecer señales
2240752;31/07/2024;12:30:00 p. m.;Miércoles;2024;Julio;BUSETA;PUBLICO;Pasajero;56;FEMENINO;HERIDOS;0;0;0;;CALLE 40 SUR FRENTE AL # 24-51;;EL SALADO;6.142561999001716, -75.57494200464677;CAIDA OCUPANTE;NO REPORTADO;NO REPORTADO;RESIDENCIAL;Normal;Arrancar sin precaucion
2240753;1/08/2024;11:55:00 p. m.;Jueves;2024;Agosto;CAMIONETA;PARTICULAR;Conductor;31;MASCULINO;HERIDOS;1;0;3;180;CALLE 37 SUR  ENTRE CARRERA 46 A y CARRERA 47;;ALCALA;6.172898361497755, -75.59125984880787;CHOQUE;OBJETO FIJO;OTRO TIPO;RESIDENCIAL;Normal;Embriaguez aparente
2240754;1/08/2024;8:40:00 a. m.;Jueves;2024;Agosto;BICICLETA;;Ciclista;42;MASCULINO;HERIDOS;0;0;0;;KILOMETRO 3+890;catedral;VEREDA EL VALLANO;6.131211618633974, -75.58554922856277;CHOQUE;VEHICULO;NO REPORTADO;NO REPORTADO;Normal;Adelantar invadiendo carril de sentido contrario
2240755;1/08/2024;11:25:00 a. m.;Jueves;2024;Agosto;MOTOCICLETA;PARTICULAR;Motociclista;41;MASCULINO;HERIDOS;0;0;0;;CARRERA 43 A CALLE 25 A SUR;;VILLA GRANDE;6.181497391919971, -75.5817889623181;CHOQUE;VEHICULO;NO REPORTADO;RESIDENCIAL;Normal;Semaforo en rojo
2240755;1/08/2024;11:25:00 a. m.;Jueves;2024;Agosto;MOTOCICLETA;PARTICULAR;Motociclista;34;MASCULINO;HERIDOS;0;0;0;;CARRERA 43 A CALLE 25 A SUR;;VILLA GRANDE;6.181497391919971, -75.5817889623181;CHOQUE;VEHICULO;NO REPORTADO;RESIDENCIAL;Normal;Semaforo en rojo
2240756;1/08/2024;8:00:00 p. m.;Jueves;2024;Agosto;MOTOCICLETA;PARTICULAR;Motociclista;29;MASCULINO;HERIDOS;0;0;0;;CARRERA 27 ENTRE CALLE 36SUR y CALLE 35SUR;;LA INMACULADA;6.168531827132637, -75.56865027158504;CHOQUE;VEHICULO;NO REPORTADO;RESIDENCIAL;Normal;Impericia en el manejo
2240757;2/08/2024;11:27:00 p. m.;Viernes;2024;Agosto;MOTOCICLETA;PARTICULAR;Motociclista;26;MASCULINO;HERIDOS;0;0;0;;CARRERA 50 ENTRE CALLE 38SUR y CALLE 37SUR;;LAS VEGAS;6.175067623531519, -75.5956008324855;CHOQUE;VEHICULO;NO REPORTADO;RESIDENCIAL;Normal;Impericia en el manejo
2240757;2/08/2024;11:27:00 p. m.;Viernes;2024;Agosto;MOTOCICLETA;PARTICULAR;Motociclista;34;MASCULINO;HERIDOS;0;0;0;;CARRERA 50 ENTRE CALLE 38SUR y CALLE 37SUR;;LAS VEGAS;6.175067623531519, -75.5956008324855;CHOQUE;VEHICULO;NO REPORTADO;RESIDENCIAL;Normal;Impericia en el manejo
2240758;2/08/2024;3:45:00 p. m.;Viernes;2024;Agosto;MOTOCICLETA;PARTICULAR;Motociclista;48;FEMENINO;HERIDOS;0;0;0;;CARRERA 43A CALLE 32A SUR;;SAN MARCOS;6.175086693330255, -75.58604341569347;CHOQUE;VEHICULO;NO REPORTADO;RESIDENCIAL;Normal;Desobedecer señales