NRO_RADICADO;FECHA_ACCIDENTE;HORA_ACCIDENTE;Día de la semana;AÑO;MES;CLASE_VEHICULO;TIPO_SERVICIO;TIPO_VICTIMA;EDAD;GENERO;GRAVEDAD;ESTADO_BEODEZ;ESTADO_DROGA;RESULTADO_BEODEZ;RESUL_BEODEZ_GRAMOS;DIRECCION_CARACT_VIA;TRAMO_VIA;LOCALIDAD_O_COMUNA;    GEORREFERENCIACIÓN;DESC_CLASE_ACCIDENTE;DESC_CHOQUE_ACCIDENTE;DESC_OBJETO_FIJO;DESC_SECTOR_ACCIDENTE;CONDICION_CLIMATICA;CAUSA_ACCIDENTE
2240763;2/08/2024;7:20:00 a. m.;Viernes;2024;Agosto;MOTOCICLETA;PARTICULAR;Motociclista;31;FEMENINO;HERIDOS;0;0;0;;CALLE 37B SUR ENTRE CARRERA 29A y DIAGONAL 31C;;LOMA DE LAS BRUJAS;6.165607342903418, -75.58029784756484;CAIDA OCUPANTE;NO REPORTADO;NO REPORTADO;RESIDENCIAL;Normal;Superficie lisa
2240763;2/08/2024;7:20:00 a. m.;Viernes;2024;Agosto;MOTOCICLETA;PARTICULAR;Acompañante;31;MASCULINO;HERIDOS;0;0;0;;CALLE 37B SUR ENTRE CARRERA 29A y DIAGONAL 31C;;LOMA DE LAS BRUJAS;6.165607342903418, -75.58029784756484;CAIDA OCUPANTE;NO REPORTADO;NO REPORTADO;RESIDENCIAL;Normal;Superficie lisa
2240759;3/08/2024;8:10:00 p. m.;Sábado;2024;Agosto;MOTOCICLETA;PARTICULAR;Motociclista;50;MASCULINO;HERIDOS;0;0;0;;CALLE 37B SUR FRENTE AL # 27D-84;;LOMA DE LAS BRUJAS;6.1628088379445805, -75.57671003049587;CHOQUE;VEHICULO;NO REPORTADO;RESIDENCIAL;Normal;No respetar prelacion
2240760;4/08/2024;11:49:00 p. m.;Domingo;2024;Agosto;AUTOMOVIL;PARTICULAR;Conductor;17;MASCULINO;HERIDOS;0;0;0;;CARRERA 27 ENTRE CALLE 36AA SUR y CALLE 36A SUR;;EL CHOCHO;6.163356330403881, -75.56866375978557;CHOQUE;VEHICULO;NO REPORTADO;RESIDENCIAL;Lluvia;Otra-Conductor
2240760;4/08/2024;11:49:00 p. m.;Domingo;2024;Agosto;CAMIONETA;PARTICULAR;Conductor;31;MASCULINO;HERIDOS;0;0;0;;CARRERA 27 ENTRE CALLE 36AA SUR y CALLE 36A SUR;;EL CHOCHO;6.163356330403881, -75.56866375978557;CHOQUE;VEHICULO;NO REPORTADO;RESIDENCIAL;Lluvia;Otra-Conductor
2240761;4/08/2024;1:15:00 p. m.;Domingo;2024;Agosto;MOTOCICLETA;PARTICULAR;Motociclista;26;MASCULINO;HERIDOS;0;0;0;;CALLE 40C SUR FRENTE AL # 29-26;;SAN JOSE;6.16068669961416, -75.58278860031888;CHOQUE;VEHICULO;NO REPORTADO;RESIDENCIAL;Normal;Poner en marcha un vehiculo sin precauci
2240761;4/08/2024;1:15:00 p. m.;Domingo;2024;Agosto;MOTOCICLETA;PARTICULAR;Acompañante;32;FEMENINO;HERIDOS;0;0;0;;CALLE 40C SUR FRENTE AL # 29-26;;SAN JOSE;6.16068669961416, -75.58278860031888;CHOQUE;VEHICULO;NO REPORTADO;RESIDENCIAL;Normal;Poner en marcha un vehiculo sin precauci
2240762;4/08/2024;8:53:00 p. m.;Domingo;2024;Agosto;MOTOCICLETA;PARTICULAR;Motociclista;34;MASCULINO;HERIDOS;0;0;0;;CARRERA 49 ENTRE CALLE 43 SUR y CALLE 39 SUR;;LAS VEGAS;6.172609524852992, -75.59848478161095;CHOQUE;OBJETO FIJO;OTRO TIPO;RESIDENCIAL;Normal;Impericia en el manejo
2240764;4/08/2024;2:50:00 p. m.;Domingo;2024;Agosto;AUTOMOVIL;PARTICULAR;Conductor;68;MASCULINO;HERIDOS;0;0;0;;CARRERA 27 FRENTE AL # 36SUR-199;;LA INMACULADA;6.16708586520153, -75.5693945300479;CHOQUE;VEHICULO;NO REPORTADO;RESIDENCIAL;Normal;No mantener distancia de seguridad
2240765;5/08/2024;1:00:00 p. m.;Lunes;2024;Agosto;MOTOCICLETA;PARTICULAR;Motociclista;55;MASCULINO;HERIDOS;0;0;0;;CARRERA 40 CALLE 47 SUR;;EL TRIANON;6.159172727639406, -75.59385227581075;CAIDA OCUPANTE;NO REPORTADO;NO REPORTADO;RESIDENCIAL;Normal;Impericia en el manejo
2240766;5/08/2024;5:40:00 p. m.;Lunes;2024;Agosto;MOTOCICLETA;PARTICULAR;Acompañante;20;MASCULINO;HERIDOS;0;0;0;;KILOMETRO 11+830;retiro varia palmas enviga (km 5+43 - km 14+ 550);VEREDA PALMAS;6.159588965807433, -75.51611921022764;CHOQUE;VEHICULO;NO REPORTADO;NO REPORTADO;Normal;Desobedecer señales
2240766;5/08/2024;5:40:00 p. m.;Lunes;2024;Agosto;MOTOCICLETA;PARTICULAR;Motociclista;22;MASCULINO;HERIDOS;0;0;0;;KILOMETRO 11+830;retiro varia palmas enviga (km 5+43 - km 14+ 550);VEREDA PALMAS;6.159588965807433, -75.51611921022764;CHOQUE;VEHICULO;NO REPORTADO;NO REPORTADO;Normal;Desobedecer señales
2240767;5/08/2024;5:35:00 p. m.;Lunes;2024;Agosto;MOTOCICLETA;PARTICULAR;Motociclista;36;FEMENINO;HERIDOS;0;0;0;;CALLE 40C SUR CARRERA 29C;;SAN JOSE;6.1611739664794944, -75.5833824825278;CHOQUE;VEHICULO;NO REPORTADO;RESIDENCIAL;Normal;Impericia en el manejo  -  No respetar prelacion
2240773;5/08/2024;8:40:00 a. m.;Lunes;2024;Agosto;MOTOCICLETA;PARTICULAR;Motociclista;49;MASCULINO;HERIDOS;0;0;0;;CALLE 32 SUR CARRERA 47;;EL PORTAL;6.1767577144343075, -75.58841513645159;CHOQUE;VEHICULO;NO REPORTADO;RESIDENCIAL;Normal;Impericia en el manejo
2240768;6/08/2024;7:30:00 a. m.;Martes;2024;Agosto;MOTOCICLETA;PARTICULAR;Motociclista;29;FEMENINO;HERIDOS;0;0;0;;DIAGONAL 31C FRENTE AL # 34EE SUR-32;;LA SEBASTIANA;6.170234810675064, -75.58052661345232;CHOQUE;VEHICULO;NO REPORTADO;RESIDENCIAL;Normal;Superficie humeda
2240769;6/08/2024;7:30:00 a. m.;Martes;2024;Agosto;MOTOCICLETA;PARTICULAR;Motociclista;51;MASCULINO;HERIDOS;0;0;0;;CALLE 25 SUR CARRERA 42;;LAS ORQUIDEAS;6.179461360178394, -75.57894688685542;CAIDA OCUPANTE;NO REPORTADO;NO REPORTADO;RESIDENCIAL;Normal;Impericia en el manejo
2240769;6/08/2024;7:30:00 a. m.;Martes;2024;Agosto;MOTOCICLETA;PARTICULAR;Acompañante;35;FEMENINO;HERIDOS;0;0;0;;CALLE 25 SUR CARRERA 42;;LAS ORQUIDEAS;6.179461360178394, -75.57894688685542;CAIDA OCUPANTE;NO REPORTADO;NO REPORTADO;RESIDENCIAL;Normal;Impericia en el manejo
2240770;7/08/2024;4:40:00 a. m.;Miércoles;2024;Agosto;AUTOMOVIL;PARTICULAR;Conductor;32;MASCULINO;HERIDOS;1;0;3;180;CARRERA 50 ENTRE CALLE 49 SUR y CALLE 48 C SUR;;LAS VEGAS;6.1643376412047575, -75.6032134464384;CHOQUE;OBJETO FIJO;ARBOL;RESIDENCIAL;Normal;Embriaguez aparente
2240771;7/08/2024;10:03:00 a. m.;Miércoles;2024;Agosto;MOTOCICLETA;PARTICULAR;Acompañante;23;FEMENINO;HERIDOS;0;0;0;;CARRERA 49 CALLE 50 SUR;;LAS VEGAS;6.16266529395109, -75.60496940464652;CHOQUE;VEHICULO;NO REPORTADO;RESIDENCIAL;Normal;No mantener distancia de seguridad
2240772;8/08/2024;6:10:00 a. m.;Jueves;2024;Agosto;MOTOCICLETA;PARTICULAR;Acompañante;6;MASCULINO;HERIDOS;0;0;0;;CALLE 40F SUR CARRERA 30;;SAN JOSE;6.160708818484501, -75.58454221377255;CHOQUE;VEHICULO;NO REPORTADO;RESIDENCIAL;Normal;Desobedecer señales
2240774;8/08/2024;10:15:00 a. m.;Jueves;2024;Agosto;BUSETA;PUBLICO;Pasajero;63;FEMENINO;HERIDOS;0;0;0;;CARRERA 41 CALLE 38A SUR;;ZONA CENTRO;6.168463360695233, -75.58704156906445;CAIDA OCUPANTE;NO REPORTADO;NO REPORTADO;RESIDENCIAL;Normal;Frenar bruscamente
2240775;8/08/2024;8:55:00 a. m.;Jueves;2024;Agosto;MOTOCICLETA;PARTICULAR;Motociclista;33;MASCULINO;HERIDOS;0;0;0;;CALLE 36D SUR FRENTE AL # 23-07;;VEREDA EL ESCOBERO;6.152824200439302, -75.56509064694573;CHOQUE;VEHICULO;NO REPORTADO;RESIDENCIAL;Normal;No mantener distancia de seguridad
2240776;8/08/2024;8:58:00 a. m.;Jueves;2024;Agosto;MOTOCICLETA;PARTICULAR;Motociclista;20;FEMENINO;HERIDOS;0;0;0;;KILOMETRO 15+940;medellín palmas envigado (km 12 - km 16+700);VEREDA PALMAS;6.153292679366039, -75.53911662077535;CHOQUE;VEHICULO;NO REPORTADO;NO REPORTADO;Normal;Desobedecer señales
2240776;8/08/2024;8:58:00 a. m.;Jueves;2024;Agosto;MOTOCICLETA;PARTICULAR;Acompañante;27;MASCULINO;HERIDOS;0;0;0;;KILOMETRO 15+940;medellín palmas envigado (km 12 - km 16+700);VEREDA PALMAS;6.153292679366039, -75.53911662077535;CHOQUE;VEHICULO;NO REPORTADO;NO REPORTADO;Normal;Desobedecer señales
2240777;8/08/2024;5:05:00 p. m.;Jueves;2024;Agosto;MOTOCICLETA;PARTICULAR;Motociclista;35;MASCULINO;HERIDOS;0;0;0;;CARRERA 43 A CALLE 48 C SUR;;PRIMAVERA;6.162238795966689, -75.5977073788551;CHOQUE;VEHICULO;NO REPORTADO;RESIDENCIAL;Normal;Desobedecer señales
2240778;8/08/2024;5:00:00 p. m.;Jueves;2024;Agosto;BICICLETA;;Ciclista;41;MASCULINO;HERIDOS;0;0;0;;CARRERA 49 A CALLE 46A SUR;;LAS VEGAS;6.167903160699549, -75.60220218684785;CAIDA OCUPANTE;NO REPORTADO;NO REPORTADO;RESIDENCIAL;Normal;Desobedecer señales
2240779;9/08/2024;11:30:00 a. m.;Viernes;2024;Agosto;AUTOMOVIL;PARTICULAR;Conductor;29;FEMENINO;HERIDOS;0;0;0;;KILOMETRO 14+100;medellín palmas envigado (km 12 - km 16+700);VEREDA PALMAS;6.1570684241846445, -75.54669388123231;VOLCAMIENTO;NO REPORTADO;NO REPORTADO;NO REPORTADO;Lluvia;Impericia en el manejo
2240780;9/08/2024;7:45:00 a. m.;Viernes;2024;Agosto;AUTOMOVIL;PARTICULAR;Acompañante;24;FEMENINO;HERIDOS;0;0;0;;CARRERA 40 CALLE 35 SUR;;ZONA CENTRO;6.170951608977489, -75.58467349984832;CHOQUE;VEHICULO;NO REPORTADO;RESIDENCIAL;Lluvia;Desobedecer señales  -  Falta de precaucion niebla, lluvia, humo
2240781;9/08/2024;9:15:00 a. m.;Viernes;2024;Agosto;MOTOCICLETA;PARTICULAR;Motociclista;48;MASCULINO;HERIDOS;0;0;0;;KILOMETRO 6+900;el escobero - km 0-13);VEREDA EL ESCOBERO;6.120748528029309, -75.53864590081595;CHOQUE;VEHICULO;NO REPORTADO;NO REPORTADO;Normal;Superficie humeda
2240784;9/08/2024;5:20:00 p. m.;Viernes;2024;Agosto;MICROBUS;PUBLICO;Pasajero;78;FEMENINO;HERIDOS;0;0;0;;CARRERA 36D FRENTE AL # 42 SUR 50;;LAS ANTILLAS;6.156257605030386, -75.5873851098381;CAIDA OCUPANTE;NO REPORTADO;NO REPORTADO;RESIDENCIAL;Normal;Otra-Conductor
2240782;10/08/2024;10:03:00 a. m.;Sábado;2024;Agosto;MOTOCICLETA;PARTICULAR;Motociclista;20;MASCULINO;HERIDOS;0;0;0;;CARRERA 50 ENTRE CALLE 30 SUR y CALLE 26 SUR;;LAS VEGAS;6.184829958439692, -75.58725526213536;CHOQUE;VEHICULO;NO REPORTADO;RESIDENCIAL;Normal;Otra-Conductor
2240783;11/08/2024;5:55:00 p. m.;Domingo;2024;Agosto;MOTOCICLETA;PARTICULAR;Motociclista;22;MASCULINO;HERIDOS;0;0;0;;CALLE 36D SUR CARRERA 25A;;VEREDA EL ESCOBERO;6.158932932795709, -75.5665533780954;CHOQUE;VEHICULO;NO REPORTADO;RESIDENCIAL;Normal;No mantener distancia de seguridad
2240783;11/08/2024;5:55:00 p. m.;Domingo;2024;Agosto;MOTOCICLETA;PARTICULAR;Acompañante;43;MASCULINO;HERIDOS;0;0;0;;CALLE 36D SUR CARRERA 25A;;VEREDA EL ESCOBERO;6.158932932795709, -75.5665533780954;CHOQUE;VEHICULO;NO REPORTADO;RESIDENCIAL;Normal;No mantener distancia de seguridad
2240785;11/08/2024;11:30:00 a. m.;Domingo;2024;Agosto;MOTOCICLETA;PARTICULAR;Motociclista;35;MASCULINO;HERIDOS;0;0;0;;CARRERA 43A  ENTRE CALLE 48DD SUR y CALLE 48D SUR;;PRIMAVERA;6.161473471816709, -75.59905415085159;CHOQUE;VEHICULO;NO REPORTADO;RESIDENCIAL;Normal;Adelantar cerrando  -  No respetar pelacion de interseccion o giros
2240786;12/08/2024;7:10:00 a. m.;Lunes;2024;Agosto;MOTOCICLETA;PARTICULAR;Motociclista;42;MASCULINO;HERIDOS;0;0;0;;KILOMETRO 10+300;retiro varia palmas enviga (km 5+43 - km 14+ 550);VEREDA PALMAS;6.152392025730005, -75.53275733453964;CHOQUE;VEHICULO;NO REPORTADO;NO REPORTADO;Normal;No mantener distancia de seguridad  -  Reverso imprudente
2240787;12/08/2024;5:30:00 p. m.;Lunes;2024;Agosto;MOTOCICLETA;PARTICULAR;Acompañante;27;FEMENINO;HERIDOS;0;0;0;;CALLE 38 SUR CARRERA 38;;MESA;6.167929377982858, -75.58473461337908;CHOQUE;VEHICULO;NO REPORTADO;RESIDENCIAL;Normal;Desobedecer señales
2240787;12/08/2024;5:30:00 p. m.;Lunes;2024;Agosto;MOTOCICLETA;PARTICULAR;Motociclista;34;MASCULINO;HERIDOS;0;0;0;;CALLE 38 SUR CARRERA 38;;MESA;6.167929377982858, -75.58473461337908;CHOQUE;VEHICULO;NO REPORTADO;RESIDENCIAL;Normal;Desobedecer señales
2240787;12/08/2024;5:30:00 p. m.;Lunes;2024;Agosto;MOTOCICLETA;PARTICULAR;Motociclista;26;FEMENINO;HERIDOS;0;0;0;;CALLE 38 SUR CARRERA 38;;MESA;6.167929377982858, -75.58473461337908;CHOQUE;VEHICULO;NO REPORTADO;RESIDENCIAL;Normal;Desobedecer señales
2240788;12/08/2024;11:10:00 p. m.;Lunes;2024;Agosto;MOTOCICLETA;PARTICULAR;Motociclista;34;MASCULINO;HERIDOS;0;0;0;;DIAGONAL 30 FRENTE AL # 34F SUR-25;;LA SEBASTIANA;6.169940755335112, -75.57862165536017;CHOQUE;VEHICULO;NO REPORTADO;RESIDENCIAL;Lluvia;Desobedecer señales
2240790;12/08/2024;4:20:00 p. m.;Lunes;2024;Agosto;MOTOCICLETA;PARTICULAR;Motociclista;28;MASCULINO;HERIDOS;0;0;0;;KILOMETRO 9+390;retiro varia palmas enviga (km 5+43 - km 14+ 550);VEREDA PANTANILLO;6.16588342634439, -75.5015128258787;CHOQUE;VEHICULO;NO REPORTADO;NO REPORTADO;Normal;Desobedecer señales
2240791;12/08/2024;4:20:00 p. m.;Lunes;2024;Agosto;MOTOCICLETA;PARTICULAR;Motociclista;21;MASCULINO;HERIDOS;0;0;0;;KILOMETRO 14+860;medellín palmas envigado (km 12 - km 16+700);VEREDA PALMAS;6.152567789777474, -75.54665265912413;CHOQUE;VEHICULO;NO REPORTADO;NO REPORTADO;Normal;Impericia en el manejo
2240789;13/08/2024;7:22:00 a. m.;Martes;2024;Agosto;MOTOCICLETA;PARTICULAR;Motociclista;29;MASCULINO;HERIDOS;0;0;0;;CARRERA 43 A CLL 38 SUR;;ZONA CENTRO;6.170500477172591, -75.58866086046727;CHOQUE;VEHICULO;NO REPORTADO;RESIDENCIAL;Normal;Semaforo en rojo
2240792;13/08/2024;7:00:00 a. m.;Martes;2024;Agosto;MOTOCICLETA;PARTICULAR;Motociclista;32;MASCULINO;HERIDOS;0;0;0;;CARRERA 39 E FRENTE AL # 45C SUR-51;;LA PAZ;6.161382465626327, -75.5920985952219;CAIDA OCUPANTE;NO REPORTADO;NO REPORTADO;RESIDENCIAL;Normal;Impericia en el manejo
2240792;13/08/2024;7:00:00 a. m.;Martes;2024;Agosto;MOTOCICLETA;PARTICULAR;Acompañante;11;MASCULINO;HERIDOS;0;0;0;;CARRERA 39 E FRENTE AL # 45C SUR-51;;LA PAZ;6.161382465626327, -75.5920985952219;CAIDA OCUPANTE;NO REPORTADO;NO REPORTADO;RESIDENCIAL;Normal;Impericia en el manejo
2240794;13/08/2024;11:45:00 a. m.;Martes;2024;Agosto;MOTOCICLETA;PARTICULAR;Acompañante;21;FEMENINO;HERIDOS;0;0;0;;CARRERA 42D CALLE 46D SUR;;LA PAZ;6.161209960839293, -75.59589844022864;CHOQUE;VEHICULO;NO REPORTADO;RESIDENCIAL;Normal;Desobedecer señales
2240794;13/08/2024;11:45:00 a. m.;Martes;2024;Agosto;MOTOCICLETA;PARTICULAR;Motociclista;23;MASCULINO;HERIDOS;0;0;0;;CARRERA 42D CALLE 46D SUR;;LA PAZ;6.161209960839293, -75.59589844022864;CHOQUE;VEHICULO;NO REPORTADO;RESIDENCIAL;Normal;Desobedecer señales
2240814;13/08/2024;8:15:00 p. m.;Martes;2024;Agosto;MOTOCICLETA;PARTICULAR;Peaton;61;MASCULINO;HERIDOS;0;0;0;;DIAGONAL 29 FRENTE AL # 28 SUR-33;;ALTO DE MISAEL;6.174919294336337, -75.57724980992472;ATROPELLO;NO REPORTADO;NO REPORTADO;RESIDENCIAL;Normal;Pararse sobre la calzada
2240793;14/08/2024;7:12:00 p. m.;Miércoles;2024;Agosto;MOTOCICLETA;PARTICULAR;Motociclista;50;MASCULINO;HERIDOS;0;0;0;;KILOMETRO 10+600;retiro varia palmas enviga (km 5+43 - km 14+ 550);VEREDA PANTANILLO;6.160952277833796, -75.50865134385602;CHOQUE;VEHICULO;NO REPORTADO;NO REPORTADO;Normal;Desobedecer señales
2240793;14/08/2024;7:12:00 p. m.;Miércoles;2024;Agosto;MOTOCICLETA;PARTICULAR;Acompañante;37;FEMENINO;HERIDOS;0;0;0;;KILOMETRO 10+600;retiro varia palmas enviga (km 5+43 - km 14+ 550);VEREDA PANTANILLO;6.160952277833796, -75.50865134385602;CHOQUE;VEHICULO;NO REPORTADO;NO REPORTADO;Normal;Desobedecer señales
2240793;14/08/2024;7:12:00 p. m.;Miércoles;2024;Agosto;AUTOMOVIL;PARTICULAR;Conductor;22;FEMENINO;HERIDOS;0;0;0;;KILOMETRO 10+600;retiro varia palmas enviga (km 5+43 - km 14+ 550);VEREDA PANTANILLO;6.160952277833796, -75.50865134385602;CHOQUE;VEHICULO;NO REPORTADO;NO REPORTADO;Normal;Desobedecer señales
2240795;14/08/2024;3:30:00 p. m.;Miércoles;2024;Agosto;MOTOCICLETA;PARTICULAR;Motociclista;27;MASCULINO;HERIDOS;0;0;0;;CARRERA 50 CALLE 32B SUR;;LAS VEGAS;6.178263, -75.591897;CHOQUE;VEHICULO;NO REPORTADO;RESIDENCIAL;Normal;Dejar/recoger pasajeros sitio no demarca
2240797;14/08/2024;4:00:00 p. m.;Miércoles;2024;Agosto;MOTOCICLETA;DIPLOMATICO;Motociclista;33;MASCULINO;HERIDOS;0;0;0;;CARRERA 25 FRENTE AL # 39SUR-15;;EL CHINGUÍ;6.153463263134734, -75.57478416850881;CHOQUE;VEHICULO;NO REPORTADO;RESIDENCIAL;Normal;Desobedecer señales
2240797;14/08/2024;4:00:00 p. m.;Miércoles;2024;Agosto;MOTOCICLETA;DIPLOMATICO;Acompañante;24;MASCULINO;HERIDOS;0;0;0;;CARRERA 25 FRENTE AL # 39SUR-15;;EL CHINGUÍ;6.153463263134734, -75.57478416850881;CHOQUE;VEHICULO;NO REPORTADO;RESIDENCIAL;Normal;Desobedecer señales
2240798;14/08/2024;7:25:00 a. m.;Miércoles;2024;Agosto;MOTOCICLETA;PARTICULAR;Motociclista;33;MASCULINO;HERIDOS;0;0;0;;CALLE 37 SUR ENTRE CARRERA 49 y CARRERA 48;;LAS VEGAS;6.174093127024394, -75.59335003348235;CHOQUE;VEHICULO;NO REPORTADO;RESIDENCIAL;Normal;Desobedecer señales
2240796;15/08/2024;2:20:00 p. m.;Jueves;2024;Agosto;MOTOCICLETA;PARTICULAR;Motociclista;19;MASCULINO;HERIDOS;0;0;0;;CALLE 37 SUR FRENTE AL # 36-30;;MESA;6.168249760712647, -75.58353606231823;CHOQUE;VEHICULO;NO REPORTADO;RESIDENCIAL;Normal;Desobedecer señales
2240799;15/08/2024;2:30:00 p. m.;Jueves;2024;Agosto;MOTOCICLETA;PARTICULAR;Motociclista;28;MASCULINO;HERIDOS;0;0;0;;CARRERA 50  CALLE 39SUR;;LAS VEGAS;6.173847591214716, -75.59707797753035;CHOQUE;VEHICULO;NO REPORTADO;RESIDENCIAL;Normal;No mantener distancia de seguridad
2240803;15/08/2024;7:15:00 p. m.;Jueves;2024;Agosto;MOTOCICLETA;PARTICULAR;Motociclista;17;MASCULINO;HERIDOS;0;0;0;;CALLE 43 SUR FRENTE AL # 47-36;;MILAN VALLEJUELOS;6.167820842750216, -75.596679467774;CHOQUE;VEHICULO;NO REPORTADO;RESIDENCIAL;Normal;Desobedecer señales
2240804;15/08/2024;9:30:00 a. m.;Jueves;2024;Agosto;MOTOCICLETA;PARTICULAR;Motociclista;49;MASCULINO;HERIDOS;0;0;0;;CARRERA 50  ENTRE CALLE 37 SUR y CALLE 34SUR;;LAS VEGAS;6.1779455088369835, -75.5922064530886;CHOQUE;VEHICULO;NO REPORTADO;RESIDENCIAL;Normal;No respetar prelacion
2240804;15/08/2024;9:30:00 a. m.;Jueves;2024;Agosto;MOTOCICLETA;PARTICULAR;Acompañante;37;FEMENINO;HERIDOS;0;0;0;;CARRERA 50  ENTRE CALLE 37 SUR y CALLE 34SUR;;LAS VEGAS;6.1779455088369835, -75.5922064530886;CHOQUE;VEHICULO;NO REPORTADO;RESIDENCIAL;Normal;No respetar prelacion
2240805;15/08/2024;12:45:00 p. m.;Jueves;2024;Agosto;MOTOCICLETA;PARTICULAR;Motociclista;32;MASCULINO;HERIDOS;0;0;0;;CARRERA 48 CALLE 43 SUR;;MILAN VALLEJUELOS;6.168512827254568, -75.59713760464648;CHOQUE;VEHICULO;NO REPORTADO;RESIDENCIAL;Normal;No mantener distancia de seguridad
2240805;15/08/2024;12:45:00 p. m.;Jueves;2024;Agosto;MOTOCICLETA;PARTICULAR;Motociclista;33;MASCULINO;HERIDOS;0;0;0;;CARRERA 48 CALLE 43 SUR;;MILAN VALLEJUELOS;6.168512827254568, -75.59713760464648;CHOQUE;VEHICULO;NO REPORTADO;RESIDENCIAL;Normal;No mantener distancia de seguridad
2240806;15/08/2024;3:15:00 p. m.;Jueves;2024;Agosto;AUTOMOVIL;PARTICULAR;Acompañante;21;FEMENINO;HERIDOS;0;0;0;;CARRERA 50 FRENTE AL # 30 SUR-66;;LAS VEGAS;6.181473956948239, -75.58988477818725;CHOQUE;VEHICULO;NO REPORTADO;RESIDENCIAL;Normal;Exceso de velocidad
2240806;15/08/2024;3:15:00 p. m.;Jueves;2024;Agosto;AUTOMOVIL;PARTICULAR;Acompañante;67;FEMENINO;HERIDOS;0;0;0;;CARRERA 50 FRENTE AL # 30 SUR-66;;LAS VEGAS;6.181473956948239, -75.58988477818725;CHOQUE;VEHICULO;NO REPORTADO;RESIDENCIAL;Normal;Exceso de velocidad
2240807;15/08/2024;6:38:00 a. m.;Jueves;2024;Agosto;MOTOCICLETA;PARTICULAR;Acompañante;19;FEMENINO;HERIDOS;0;0;0;;CARRERA 43A ENTRE CALLE 24SUR y CALLE 25 SUR;;LAS ORQUIDEAS;6.181484462798581, -75.58100191019928;CHOQUE;VEHICULO;NO REPORTADO;RESIDENCIAL;Normal;No mantener distancia de seguridad
2240809;15/08/2024;8:45:00 a. m.;Jueves;2024;Agosto;MOTOCICLETA;PARTICULAR;Motociclista;46;MASCULINO;HERIDOS;0;0;0;;KILOMETRO 0+400;el escobero - km 0-13);VEREDA EL ESCOBERO;6.150387517597056, -75.56258954271138;CAIDA OCUPANTE;NO REPORTADO;NO REPORTADO;NO REPORTADO;Normal;Impericia en el manejo
2240801;16/08/2024;9:50:00 a. m.;Viernes;2024;Agosto;MOTOCICLETA;PARTICULAR;Motociclista;50;MASCULINO;HERIDOS;0;0;0;;CALLE 39 SUR CARRERA 27;;EL CHINGUÍ;6.158136969995485, -75.57873163083768;CHOQUE;VEHICULO;NO REPORTADO;RESIDENCIAL;Normal;Impericia en el manejo
2240810;16/08/2024;7:46:00 a. m.;Viernes;2024;Agosto;MOTOCICLETA;PARTICULAR;Motociclista;32;FEMENINO;HERIDOS;0;0;0;;CARRERA 48B FRENTE AL # 52B SUR-41;;LOMA DEL BARRO;6.156046300258662, -75.60248529433382;ATROPELLO;NO REPORTADO;NO REPORTADO;RESIDENCIAL;Normal;Impericia en el manejo  -  Superficie humeda
2240810;16/08/2024;7:46:00 a. m.;Viernes;2024;Agosto;MOTOCICLETA;PARTICULAR;Peaton;25;MASCULINO;HERIDOS;0;0;0;;CARRERA 48B FRENTE AL # 52B SUR-41;;LOMA DEL BARRO;6.156046300258662, -75.60248529433382;ATROPELLO;NO REPORTADO;NO REPORTADO;RESIDENCIAL;Normal;Impericia en el manejo  -  Superficie humeda
2240811;16/08/2024;8:45:00 a. m.;Viernes;2024;Agosto;MOTOCICLETA;PARTICULAR;Motociclista;40;MASCULINO;HERIDOS;0;0;0;;CALLE 38 SUR FRENTE AL # 43A-28;;ALCALA;6.17060742982257, -75.58889668295565;ATROPELLO;NO REPORTADO;NO REPORTADO;RESIDENCIAL;Normal;Cruzar sin observar  -  Desobedecer señales
2240811;16/08/2024;8:45:00 a. m.;Viernes;2024;Agosto;MOTOCICLETA;PARTICULAR;Peaton;37;FEMENINO;HERIDOS;0;0;0;;CALLE 38 SUR FRENTE AL # 43A-28;;ALCALA;6.17060742982257, -75.58889668295565;ATROPELLO;NO REPORTADO;NO REPORTADO;RESIDENCIAL;Normal;Cruzar sin observar  -  Desobedecer señales
2240813;16/08/2024;8:00:00 a. m.;Viernes;2024;Agosto;CAMPERO;PARTICULAR;Acompañante;1;FEMENINO;HERIDOS;0;0;0;;KILOMETRO 14+180;medellín palmas envigado (km 12 - km 16+700);VEREDA PALMAS;6.156520828531364, -75.54680870426627;CHOQUE;VEHICULO;NO REPORTADO;NO REPORTADO;Normal;Superficie humeda
2240813;16/08/2024;8:00:00 a. m.;Viernes;2024;Agosto;MOTOCICLETA;PARTICULAR;Motociclista;26;MASCULINO;HERIDOS;0;0;0;;KILOMETRO 14+180;medellín palmas envigado (km 12 - km 16+700);VEREDA PALMAS;6.156520828531364, -75.54680870426627;CHOQUE;VEHICULO;NO REPORTADO;NO REPORTADO;Normal;Superficie humeda
2240802;17/08/2024;8:55:00 a. m.;Sábado;2024;Agosto;BUS;PUBLICO;Pasajero;45;MASCULINO;HERIDOS;0;0;0;;CALLE 36D SUR FRENTE AL # 25-41;;VEREDA EL ESCOBERO;6.157781113400657, -75.56632508238408;CHOQUE;OBJETO FIJO;ARBOL;RESIDENCIAL;Normal;Fallas en los frenos  -  Impericia en el manejo
2240808;17/08/2024;8:13:00 a. m.;Sábado;2024;Agosto;MOTOCICLETA;PARTICULAR;Motociclista;20;MASCULINO;HERIDOS;0;0;0;;CARRERA 50 CALLE 36 SUR;;LAS VEGAS;6.176815993897804, -75.59316638989978;CHOQUE;VEHICULO;NO REPORTADO;RESIDENCIAL;Normal;Impericia en el manejo