NRO_RADICADO;FECHA_ACCIDENTE;HORA_ACCIDENTE;Día de la semana;AÑO;MES;CLASE_VEHICULO;TIPO_SERVICIO;TIPO_VICTIMA;EDAD;GENERO;GRAVEDAD;ESTADO_BEODEZ;ESTADO_DROGA;RESULTADO_BEODEZ;RESUL_BEODEZ_GRAMOS;DIRECCION_CARACT_VIA;TRAMO_VIA;LOCALIDAD_O_COMUNA;    GEORREFERENCIACIÓN;DESC_CLASE_ACCIDENTE;DESC_CHOQUE_ACCIDENTE;DESC_OBJETO_FIJO;DESC_SECTOR_ACCIDENTE;CONDICION_CLIMATICA;CAUSA_ACCIDENTE
2240808;17/08/2024;8:13:00 a. m.;Sábado;2024;Agosto;MOTOCICLETA;PARTICULAR;Acompañante;20;MASCULINO;HERIDOS;0;0;0;;CARRERA 50 CALLE 36 SUR;;LAS VEGAS;6.176815993897804, -75.59316638989978;CHOQUE;VEHICULO;NO REPORTADO;RESIDENCIAL;Normal;Impericia en el manejo
2240812;17/08/2024;2:00:00 p. m.;Sábado;2024;Agosto;MOTOCICLETA;PARTICULAR;Motociclista;35;FEMENINO;HERIDOS;0;0;0;;CALLE 36DSUR  FRENTE AL # 25B-116;;VEREDA EL ESCOBERO;6.160862018496234, -75.56814268719583;CHOQUE;VEHICULO;NO REPORTADO;RESIDENCIAL;Normal;Adelantar en curva  -  Girar bruscamente
2240815;17/08/2024;5:15:00 p. m.;Sábado;2024;Agosto;MICROBUS;PUBLICO;Peaton;33;FEMENINO;HERIDOS;0;0;0;;CARRERA 43A CALLE 21 SUR;;ZUÑIGA;6.183621761867195, -75.57951366939128;ATROPELLO;NO REPORTADO;NO REPORTADO;RESIDENCIAL;Normal;Pararse sobre la calzada
2240816;17/08/2024;9:50:00 p. m.;Sábado;2024;Agosto;MOTOCICLETA;PARTICULAR;Acompañante;28;FEMENINO;HERIDOS;0;0;0;;KILOMETRO 15+810;medellín palmas envigado (km 12 - km 16+700);VEREDA PALMAS;6.152979412749249, -75.53990979371535;CAIDA OCUPANTE;NO REPORTADO;NO REPORTADO;NO REPORTADO;Normal;Impericia en el manejo
2240817;17/08/2024;10:00:00 p. m.;Sábado;2024;Agosto;MOTOCICLETA;PARTICULAR;Motociclista;24;MASCULINO;HERIDOS;0;0;0;;KILOMETRO 13+610;medellín palmas envigado (km 12 - km 16+700);VEREDA PALMAS;6.160400853792298, -75.54502350028011;CHOQUE;VEHICULO;NO REPORTADO;NO REPORTADO;Normal;No mantener distancia de seguridad
2240817;17/08/2024;10:00:00 p. m.;Sábado;2024;Agosto;MOTOCICLETA;PARTICULAR;Acompañante;24;FEMENINO;HERIDOS;0;0;0;;KILOMETRO 13+610;medellín palmas envigado (km 12 - km 16+700);VEREDA PALMAS;6.160400853792298, -75.54502350028011;CHOQUE;VEHICULO;NO REPORTADO;NO REPORTADO;Normal;No mantener distancia de seguridad
2240800;18/08/2024;10:00:00 p. m.;Domingo;2024;Agosto;AUTOMOVIL;PARTICULAR;Conductor;37;MASCULINO;HERIDOS;0;0;0;;CALLE 41 B SUR FRENTE AL # 25A-13;;SAN RAFAEL;6.1550743957625755, -75.58500190464669;CHOQUE;VEHICULO;NO REPORTADO;RESIDENCIAL;Normal;Otra-Conductor
2240800;18/08/2024;10:00:00 p. m.;Domingo;2024;Agosto;AUTOMOVIL;PARTICULAR;Conductor;23;MASCULINO;HERIDOS;0;0;0;;CALLE 41 B SUR FRENTE AL # 25A-13;;SAN RAFAEL;6.1550743957625755, -75.58500190464669;CHOQUE;VEHICULO;NO REPORTADO;RESIDENCIAL;Normal;Otra-Conductor
2240820;18/08/2024;4:25:00 p. m.;Domingo;2024;Agosto;CICLOMOTOR;;Motociclista;40;MASCULINO;HERIDOS;0;0;0;;CARRERA 48 FRENTE AL # 39 SUR-52;;ALCALA;6.1714535193887325, -75.59417800554576;CHOQUE;VEHICULO;NO REPORTADO;RESIDENCIAL;Normal;Fallas en los frenos
2240821;18/08/2024;2:40:00 p. m.;Domingo;2024;Agosto;MOTOCICLETA;PARTICULAR;Motociclista;43;MASCULINO;HERIDOS;0;0;0;;CARRERA 40 CALLE 36 SUR;;ZONA CENTRO;6.170089127174905, -75.58504610464648;CHOQUE;VEHICULO;NO REPORTADO;RESIDENCIAL;Normal;Desobedecer señales
2240822;18/08/2024;10:45:00 a. m.;Domingo;2024;Agosto;BICICLETA;;Ciclista;22;FEMENINO;HERIDOS;0;0;0;;KILOMETRO 15+100;medellín palmas envigado (km 12 - km 16+700);VEREDA PALMAS;6.152050564638626, -75.54494395753734;CHOQUE;VEHICULO;NO REPORTADO;NO REPORTADO;Normal;No mantener distancia de seguridad
2240823;18/08/2024;9:50:00 p. m.;Domingo;2024;Agosto;AUTOMOVIL;PARTICULAR;Acompañante;18;FEMENINO;HERIDOS;0;0;0;;CARRERA 48 CALLE 25 AA SUR;;LAS VEGAS;6.182969783111488, -75.58531885692966;CHOQUE;OBJETO FIJO;VALLA - SEÑAL;RESIDENCIAL;Normal;Impericia en el manejo
2240823;18/08/2024;9:50:00 p. m.;Domingo;2024;Agosto;AUTOMOVIL;PARTICULAR;Acompañante;19;MASCULINO;HERIDOS;0;0;0;;CARRERA 48 CALLE 25 AA SUR;;LAS VEGAS;6.182969783111488, -75.58531885692966;CHOQUE;OBJETO FIJO;VALLA - SEÑAL;RESIDENCIAL;Normal;Impericia en el manejo
2240823;18/08/2024;9:50:00 p. m.;Domingo;2024;Agosto;AUTOMOVIL;PARTICULAR;Acompañante;21;MASCULINO;HERIDOS;0;0;0;;CARRERA 48 CALLE 25 AA SUR;;LAS VEGAS;6.182969783111488, -75.58531885692966;CHOQUE;OBJETO FIJO;VALLA - SEÑAL;RESIDENCIAL;Normal;Impericia en el manejo
2240819;19/08/2024;12:50:00 p. m.;Lunes;2024;Agosto;AUTOMOVIL;PUBLICO;Conductor;29;FEMENINO;HERIDOS;0;0;0;;DIAGONAL 32 TRANSVERSAL 36 SUR;;LOS NARANJOS;6.16828458710404, -75.58065499761817;CHOQUE;VEHICULO;NO REPORTADO;RESIDENCIAL;Normal;Desobedecer señales
2240819;19/08/2024;12:50:00 p. m.;Lunes;2024;Agosto;CAMPERO;PARTICULAR;Acompañante;16;MASCULINO;HERIDOS;0;0;0;;DIAGONAL 32 TRANSVERSAL 36 SUR;;LOS NARANJOS;6.16828458710404, -75.58065499761817;CHOQUE;VEHICULO;NO REPORTADO;RESIDENCIAL;Normal;Desobedecer señales
2240824;20/08/2024;7:45:00 a. m.;Martes;2024;Agosto;MOTOCICLETA;PARTICULAR;Motociclista;41;FEMENINO;HERIDOS;0;0;0;;KILOMETRO 14+140;medellín palmas envigado (km 12 - km 16+700);VEREDA PALMAS;6.155873731543431, -75.53237755572034;CHOQUE;VEHICULO;NO REPORTADO;NO REPORTADO;Normal;Impericia en el manejo
2240825;20/08/2024;4:50:00 p. m.;Martes;2024;Agosto;MOTOCICLETA;PARTICULAR;Motociclista;21;MASCULINO;HERIDOS;0;0;0;;CARRERA 50 ENTRE CALLE 25A SUR y CALLE 25AA SUR;;LAS VEGAS;6.186228179458732, -75.58567335231466;CHOQUE;VEHICULO;NO REPORTADO;RESIDENCIAL;Normal;Desobedecer señales
2240826;20/08/2024;5:30:00 p. m.;Martes;2024;Agosto;MOTOCICLETA;PARTICULAR;Motociclista;35;MASCULINO;HERIDOS;0;0;0;;CALLE 36D SUR FRENTE AL # 27A-205;;LA PRADERA;6.166011499256249, -75.57647060188047;CHOQUE;VEHICULO;NO REPORTADO;RESIDENCIAL;Normal;Otra-Conductor
2240827;20/08/2024;10:53:00 p. m.;Martes;2024;Agosto;CAMPERO;PARTICULAR;Conductor;33;MASCULINO;HERIDOS;0;0;0;;TRANSVERSAL 32C SUR DIAGONAL 31C;;LAS FLORES;6.175541764022306, -75.58049147718255;CHOQUE;VEHICULO;NO REPORTADO;RESIDENCIAL;Normal;Semaforo en rojo
2240818;21/08/2024;8:30:00 a. m.;Miércoles;2024;Agosto;MOTOCICLETA;PARTICULAR;Motociclista;27;MASCULINO;HERIDOS;0;0;0;;CALLE 39A SUR FRENTE AL # 28-06;;SAN JOSE;6.161245129340994, -75.58053131998996;CHOQUE;VEHICULO;NO REPORTADO;RESIDENCIAL;Normal;Adelantar invadiendo carril de sentido contrario  -  Girar bruscamente
2240818;21/08/2024;8:30:00 a. m.;Miércoles;2024;Agosto;MOTOCICLETA;PARTICULAR;Acompañante;32;FEMENINO;HERIDOS;0;0;0;;CALLE 39A SUR FRENTE AL # 28-06;;SAN JOSE;6.161245129340994, -75.58053131998996;CHOQUE;VEHICULO;NO REPORTADO;RESIDENCIAL;Normal;Adelantar invadiendo carril de sentido contrario  -  Girar bruscamente
2240828;21/08/2024;7:40:00 a. m.;Miércoles;2024;Agosto;MOTOCICLETA;PARTICULAR;Motociclista;37;MASCULINO;HERIDOS;0;0;0;;KILOMETRO 1+500;el escobero - km 0-13);VEREDA EL ESCOBERO;6.1437020041832255, -75.56012832135954;CHOQUE;VEHICULO;NO REPORTADO;NO REPORTADO;Normal;Adelantar en curva
2240828;21/08/2024;7:40:00 a. m.;Miércoles;2024;Agosto;MOTOCICLETA;PARTICULAR;Motociclista;39;MASCULINO;HERIDOS;0;0;0;;KILOMETRO 1+500;el escobero - km 0-13);VEREDA EL ESCOBERO;6.1437020041832255, -75.56012832135954;CHOQUE;VEHICULO;NO REPORTADO;NO REPORTADO;Normal;Adelantar en curva
2240829;21/08/2024;8:20:00 p. m.;Miércoles;2024;Agosto;MOTOCICLETA;PARTICULAR;Peaton;59;FEMENINO;HERIDOS;0;0;0;;DIAGONAL 31E FRENTE AL # 33 A SUR- 31;;LA MAGNOLIA;6.17417994179582, -75.58120240940873;ATROPELLO;NO REPORTADO;NO REPORTADO;RESIDENCIAL;Normal;Desobedecer señales  -  Transitar por la calzada
2240830;21/08/2024;8:40:00 p. m.;Miércoles;2024;Agosto;MOTOCICLETA;PARTICULAR;Peaton;59;FEMENINO;HERIDOS;0;0;0;;CALLE 46 SUR FRENTE AL # 46B-41;;PRIMAVERA;6.165288008461158, -75.59793492787378;ATROPELLO;NO REPORTADO;NO REPORTADO;RESIDENCIAL;Normal;Salir por delante de un vehiculo
2240831;21/08/2024;9:30:00 a. m.;Miércoles;2024;Agosto;MOTOCICLETA;PARTICULAR;Motociclista;22;FEMENINO;HERIDOS;0;0;0;;CARRERA 41 CALLE 40 SUR;;EL DORADO;6.166984427441111, -75.58799670464661;CHOQUE;VEHICULO;NO REPORTADO;RESIDENCIAL;Normal;Desobedecer señales  -  Impericia en el manejo
2240832;21/08/2024;12:50:00 p. m.;Miércoles;2024;Agosto;MOTOCICLETA;PARTICULAR;Motociclista;22;MASCULINO;HERIDOS;0;0;0;;CARRERA 40A CALLE 40F SUR;;EL DORADO;6.164873828534983, -75.58965003348241;CHOQUE;VEHICULO;NO REPORTADO;RESIDENCIAL;Normal;Desobedecer señales
2240837;21/08/2024;2:44:00 p. m.;Miércoles;2024;Agosto;MOTOCICLETA;;Peaton;73;MASCULINO;HERIDOS;0;0;0;;CALLE 38 SUR CARRERA 38;;MESA;6.167929377982858, -75.58473461337908;ATROPELLO;NO REPORTADO;NO REPORTADO;RESIDENCIAL;Normal;Otra-Conductor
2240833;22/08/2024;10:45:00 a. m.;Jueves;2024;Agosto;MOTOCICLETA;PARTICULAR;Acompañante;29;FEMENINO;HERIDOS;0;0;0;;CALLE 36D SUR FRENTE AL # 25-21;;VEREDA EL ESCOBERO;6.157173995507537, -75.5674699046466;OTRO;NO REPORTADO;NO REPORTADO;RESIDENCIAL;Normal;Carga sobresaliente sin autorizacion
2240834;22/08/2024;11:18:00 a. m.;Jueves;2024;Agosto;MOTOCICLETA;PARTICULAR;Motociclista;25;FEMENINO;HERIDOS;0;0;0;;CARRERA 43A FRENTE AL # 48C SUR-45;;PRIMAVERA;6.162029844399005, -75.59804797354542;CHOQUE;VEHICULO;NO REPORTADO;RESIDENCIAL;Normal;Girar bruscamente
2240834;22/08/2024;11:18:00 a. m.;Jueves;2024;Agosto;MOTOCICLETA;PARTICULAR;Motociclista;35;MASCULINO;HERIDOS;0;0;0;;CARRERA 43A FRENTE AL # 48C SUR-45;;PRIMAVERA;6.162029844399005, -75.59804797354542;CHOQUE;VEHICULO;NO REPORTADO;RESIDENCIAL;Normal;Girar bruscamente
2240838;23/08/2024;12:20:00 p. m.;Viernes;2024;Agosto;MOTOCICLETA;PARTICULAR;Motociclista;26;MASCULINO;HERIDOS;0;0;0;;CARRERA 50 ENTRE CALLE 48 SUR y CALLE 49 SUR;;LAS VEGAS;6.1642819531075, -75.6034359256133;CHOQUE;VEHICULO;NO REPORTADO;RESIDENCIAL;Normal;Otra-Conductor
2240839;23/08/2024;1:30:00 p. m.;Viernes;2024;Agosto;MOTOCICLETA;PARTICULAR;Motociclista;25;FEMENINO;HERIDOS;0;0;0;;CALLE 33B SUR ENTRE CARRERA 42 y CRR 43;;ZONA CENTRO;6.172644859909185, -75.58587919425918;CAIDA OCUPANTE;NO REPORTADO;NO REPORTADO;RESIDENCIAL;Normal;Impericia en el manejo
2240843;23/08/2024;8:30:00 a. m.;Viernes;2024;Agosto;MOTOCICLETA;PARTICULAR;Motociclista;27;MASCULINO;HERIDOS;0;0;0;;CALLE 27 SUR FRENTE AL # 28-181;;ALTO DE MISAEL;6.178436783047508, -75.57723186727323;CHOQUE;VEHICULO;NO REPORTADO;RESIDENCIAL;Normal;Desobedecer señales  -  No respetar prelacion
2240844;23/08/2024;10:20:00 p. m.;Viernes;2024;Agosto;MOTOCICLETA;PARTICULAR;Acompañante;23;FEMENINO;HERIDOS;0;0;0;;CARRERA 43 A FRENTE AL # 35 SUR-65;;SAN MARCOS;6.17194263641929, -75.58780909134765;CHOQUE;VEHICULO;NO REPORTADO;RESIDENCIAL;Lluvia;Desobedecer señales
2240844;23/08/2024;10:20:00 p. m.;Viernes;2024;Agosto;MOTOCICLETA;PARTICULAR;Motociclista;33;MASCULINO;HERIDOS;0;0;0;;CARRERA 43 A FRENTE AL # 35 SUR-65;;SAN MARCOS;6.17194263641929, -75.58780909134765;CHOQUE;VEHICULO;NO REPORTADO;RESIDENCIAL;Lluvia;Desobedecer señales
2240842;24/08/2024;6:40:00 a. m.;Sábado;2024;Agosto;BICICLETA;;Ciclista;38;MASCULINO;HERIDOS;0;0;0;;CALLE 30 SUR CARRERA 48;;LAS VEGAS;6.180046556009406, -75.58810638930305;CHOQUE;VEHICULO;NO REPORTADO;RESIDENCIAL;Normal;Desobedecer señales
2240836;25/08/2024;10:30:00 a. m.;Domingo;2024;Agosto;MOTOCICLETA;PARTICULAR;Motociclista;34;MASCULINO;HERIDOS;0;0;0;;CARRERA 48 CALLE 30 SUR;;LAS VEGAS;6.179496718217783, -75.58819458527805;CHOQUE;VEHICULO;NO REPORTADO;RESIDENCIAL;Normal;Semaforo en rojo
2240840;25/08/2024;6:06:00 a. m.;Domingo;2024;Agosto;CAMIONETA;PARTICULAR;Conductor;46;MASCULINO;HERIDOS;0;0;0;;CARRERA 43A CALLE 25 SUR;;BOSQUES DE ZUÑIGA;6.181544601777213, -75.58127632520977;CHOQUE;VEHICULO;NO REPORTADO;RESIDENCIAL;Lluvia;Embriaguez o droga  -  No mantener distancia de seguridad
2240847;25/08/2024;8:35:00 a. m.;Domingo;2024;Agosto;AUTOMOVIL;PARTICULAR;Acompañante;31;FEMENINO;HERIDOS;0;0;0;;KILOMETRO 13+600;medellín palmas envigado (km 12 - km 16+700);VEREDA PALMAS;6.160400853792298, -75.54502350028011;VOLCAMIENTO;NO REPORTADO;NO REPORTADO;NO REPORTADO;Normal;Superficie humeda
2240841;26/08/2024;7:00:00 a. m.;Lunes;2024;Agosto;MOTOCICLETA;PARTICULAR;Motociclista;24;FEMENINO;HERIDOS;0;0;0;;CARRERA 48 CALLE 34 SUR;;LAS VEGAS;6.1756065598411105, -75.5909600334823;CHOQUE;VEHICULO;NO REPORTADO;RESIDENCIAL;Normal;Desobedecer señales
2240845;26/08/2024;5:00:00 p. m.;Lunes;2024;Agosto;AUTOMOVIL;PARTICULAR;Conductor;73;FEMENINO;HERIDOS;0;0;0;;CALLE 27 SUR FRENTE AL # 27D-79;;EL ESMERALDAL;6.175168293348818, -75.57332153505119;CHOQUE;VEHICULO;NO REPORTADO;RESIDENCIAL;Normal;Fallas en los frenos
2240845;26/08/2024;5:00:00 p. m.;Lunes;2024;Agosto;MOTOCICLETA;DIPLOMATICO;Motociclista;21;MASCULINO;HERIDOS;0;0;0;;CALLE 27 SUR FRENTE AL # 27D-79;;EL ESMERALDAL;6.175168293348818, -75.57332153505119;CHOQUE;VEHICULO;NO REPORTADO;RESIDENCIAL;Normal;Fallas en los frenos
2240846;26/08/2024;10:00:00 p. m.;Lunes;2024;Agosto;MOTOCICLETA;PARTICULAR;Motociclista;17;MASCULINO;HERIDOS;0;0;0;;KILOMETRO 11+800;medellín palmas envigado (km 12 - km 16+700);VEREDA PALMAS;6.159616221619788, -75.5160771186653;CHOQUE;VEHICULO;NO REPORTADO;NO REPORTADO;Normal;Impericia en el manejo
2240849;26/08/2024;7:30:00 p. m.;Lunes;2024;Agosto;CAMPERO;PARTICULAR;Conductor;36;MASCULINO;HERIDOS;0;0;0;;CARRERA 32 FRENTE AL # 37 SUR-46;;MESA;6.166437853832862, -75.5812556200419;CHOQUE;VEHICULO;NO REPORTADO;RESIDENCIAL;Normal;No mantener distancia de seguridad
2240849;26/08/2024;7:30:00 p. m.;Lunes;2024;Agosto;CAMPERO;PARTICULAR;Acompañante;36;FEMENINO;HERIDOS;0;0;0;;CARRERA 32 FRENTE AL # 37 SUR-46;;MESA;6.166437853832862, -75.5812556200419;CHOQUE;VEHICULO;NO REPORTADO;RESIDENCIAL;Normal;No mantener distancia de seguridad
2240850;26/08/2024;6:07:00 p. m.;Lunes;2024;Agosto;MOTOCICLETA;PARTICULAR;Acompañante;9;FEMENINO;HERIDOS;0;0;0;;CARRERA 48 CALLE 37 SUR;;LAS VEGAS;6.173473352424915, -75.59256588595376;CHOQUE;VEHICULO;NO REPORTADO;RESIDENCIAL;Normal;No mantener distancia de seguridad
2240850;26/08/2024;6:07:00 p. m.;Lunes;2024;Agosto;MOTOCICLETA;PARTICULAR;Motociclista;29;FEMENINO;HERIDOS;0;0;0;;CARRERA 48 CALLE 37 SUR;;LAS VEGAS;6.173473352424915, -75.59256588595376;CHOQUE;VEHICULO;NO REPORTADO;RESIDENCIAL;Normal;No mantener distancia de seguridad
2240851;26/08/2024;5:45:00 a. m.;Lunes;2024;Agosto;MOTOCICLETA;PARTICULAR;Motociclista;32;FEMENINO;HERIDOS;0;0;0;;CARRERA 50 CALLE 36 SUR;;LAS VEGAS;6.176815993897804, -75.59316638989978;CHOQUE;VEHICULO;NO REPORTADO;RESIDENCIAL;Normal;No mantener distancia de seguridad
2240852;26/08/2024;5:25:00 p. m.;Lunes;2024;Agosto;MOTOCICLETA;PARTICULAR;Motociclista;37;FEMENINO;HERIDOS;0;0;0;;CALLE 39B SUR CARRERA 25;;EL CHINGUÍ;6.153777127861413, -75.57582860464667;CHOQUE;VEHICULO;NO REPORTADO;RESIDENCIAL;Normal;Reverso imprudente
2240853;26/08/2024;6:23:00 p. m.;Lunes;2024;Agosto;MOTOCICLETA;PARTICULAR;Motociclista;27;MASCULINO;HERIDOS;0;0;0;;CALLE 27 SUR FRENTE AL # 28-170;;ALTO DE MISAEL;6.177768258140803, -75.57680645416318;CHOQUE;VEHICULO;NO REPORTADO;RESIDENCIAL;Normal;Transitar en contravia
2240854;27/08/2024;6:15:00 a. m.;Martes;2024;Agosto;MOTOCICLETA;PARTICULAR;Motociclista;34;MASCULINO;HERIDOS;0;0;0;;DIAGONAL 33 TRANSVERSAL 34B SUR;;OBRERO;6.17173522005945, -75.58354764724572;CHOQUE;VEHICULO;NO REPORTADO;RESIDENCIAL;Normal;No respetar prelacion
2240855;27/08/2024;8:00:00 a. m.;Martes;2024;Agosto;AUTOMOVIL;PARTICULAR;Peaton;27;FEMENINO;HERIDOS;0;0;0;;CALLE 40 SUR FRENTE AL # 29-18;;SAN JOSE;6.161859232097818, -75.58204538304365;ATROPELLO;NO REPORTADO;NO REPORTADO;RESIDENCIAL;Normal;Cruzar sin observar
2240856;27/08/2024;10:54:00 a. m.;Martes;2024;Agosto;MOTOCICLETA;PARTICULAR;Motociclista;45;MASCULINO;HERIDOS;0;0;0;;CALLE 38 SUR  FRENTE AL # 38-13;;MESA;6.167934232738739, -75.5849169378032;CHOQUE;VEHICULO;NO REPORTADO;RESIDENCIAL;Normal;No mantener distancia de seguridad
2240857;27/08/2024;7:30:00 a. m.;Martes;2024;Agosto;MOTOCICLETA;PARTICULAR;Motociclista;21;MASCULINO;HERIDOS;0;0;0;;CARRERA 50 ENTRE CALLE 26 SUR y CALLE 30 SUR;;LAS VEGAS;6.1832903364003515, -75.58865977647362;CHOQUE;VEHICULO;NO REPORTADO;RESIDENCIAL;Normal;No mantener distancia de seguridad
2240858;27/08/2024;4:00:00 p. m.;Martes;2024;Agosto;MOTOCICLETA;PARTICULAR;Motociclista;20;MASCULINO;HERIDOS;0;0;0;;CALLE 24 SUR CARRERA 38;;ZUÑIGA;6.177938290514777, -75.57271326460267;CHOQUE;VEHICULO;NO REPORTADO;RESIDENCIAL;Normal;Desobedecer señales
2240859;28/08/2024;6:50:00 p. m.;Miércoles;2024;Agosto;MOTOCICLETA;PARTICULAR;Motociclista;41;MASCULINO;HERIDOS;0;0;0;;CALLE 38 SUR CARRERA 41;;ZONA CENTRO;6.16917882734221, -75.58659614022856;CHOQUE;VEHICULO;NO REPORTADO;RESIDENCIAL;Normal;Embriaguez o droga  -  Semaforo en rojo
2240859;28/08/2024;6:50:00 p. m.;Miércoles;2024;Agosto;MOTOCICLETA;PARTICULAR;Motociclista;31;MASCULINO;HERIDOS;1;0;1;80;CALLE 38 SUR CARRERA 41;;ZONA CENTRO;6.16917882734221, -75.58659614022856;CHOQUE;VEHICULO;NO REPORTADO;RESIDENCIAL;Normal;Embriaguez o droga  -  Semaforo en rojo
2240860;28/08/2024;4:55:00 p. m.;Miércoles;2024;Agosto;MOTOCICLETA;PARTICULAR;Acompañante;23;FEMENINO;HERIDOS;0;0;0;;CARRERA 50 ENTRE CALLE 39 SUR y CALLE 43SUR;;LAS VEGAS;6.172553994293901, -75.59899686972197;CHOQUE;VEHICULO;NO REPORTADO;RESIDENCIAL;Normal;Transitar entre vehiculos
2240860;28/08/2024;4:55:00 p. m.;Miércoles;2024;Agosto;MOTOCICLETA;PARTICULAR;Motociclista;29;MASCULINO;HERIDOS;0;0;0;;CARRERA 50 ENTRE CALLE 39 SUR y CALLE 43SUR;;LAS VEGAS;6.172553994293901, -75.59899686972197;CHOQUE;VEHICULO;NO REPORTADO;RESIDENCIAL;Normal;Transitar entre vehiculos
2240861;29/08/2024;7:00:00 p. m.;Jueves;2024;Agosto;BUS;PUBLICO;Pasajero;68;MASCULINO;HERIDOS;0;0;0;;CARRERA 43A FRENTE AL # 36SUR-61;;SAN MARCOS;6.171183393928714, -75.58830228446388;CAIDA OCUPANTE;NO REPORTADO;NO REPORTADO;RESIDENCIAL;Normal;Otra-Pasajero-Acompañante
2240862;30/08/2024;6:20:00 p. m.;Viernes;2024;Agosto;MOTOCICLETA;PARTICULAR;Motociclista;39;MASCULINO;HERIDOS;0;0;0;;KILOMETRO 10+500;retiro varia palmas enviga (km 5+43 - km 14+ 550);VEREDA PANTANILLO;6.160100572528074, -75.50799125882878;CHOQUE;VEHICULO;NO REPORTADO;NO REPORTADO;Normal;Desobedecer señales
2240863;30/08/2024;5:44:00 p. m.;Viernes;2024;Agosto;MOTOCICLETA;PARTICULAR;Motociclista;28;MASCULINO;HERIDOS;0;0;0;;CARRERA 48 ENTRE CALLE 34 SUR y CALLE 35 SUR;;LAS VEGAS;6.175243896171984, -75.59109950834834;CHOQUE;VEHICULO;NO REPORTADO;RESIDENCIAL;Normal;Adelantar invadiendo carril del mismo sentido en zigzag
2240863;30/08/2024;5:44:00 p. m.;Viernes;2024;Agosto;MOTOCICLETA;PARTICULAR;Acompañante;27;MASCULINO;HERIDOS;0;0;0;;CARRERA 48 ENTRE CALLE 34 SUR y CALLE 35 SUR;;LAS VEGAS;6.175243896171984, -75.59109950834834;CHOQUE;VEHICULO;NO REPORTADO;RESIDENCIAL;Normal;Adelantar invadiendo carril del mismo sentido en zigzag
2240864;30/08/2024;7:20:00 p. m.;Viernes;2024;Agosto;MOTOCICLETA;PARTICULAR;Acompañante;33;FEMENINO;HERIDOS;0;0;0;;CARRERA 50 CALLE 30 SUR;;LAS VEGAS;6.181402979317868, -75.58979069129407;CHOQUE;VEHICULO;NO REPORTADO;RESIDENCIAL;Normal;No mantener distancia de seguridad
2240864;30/08/2024;7:20:00 p. m.;Viernes;2024;Agosto;MOTOCICLETA;PARTICULAR;Motociclista;31;MASCULINO;HERIDOS;0;0;0;;CARRERA 50 CALLE 30 SUR;;LAS VEGAS;6.181402979317868, -75.58979069129407;CHOQUE;VEHICULO;NO REPORTADO;RESIDENCIAL;Normal;No mantener distancia de seguridad
2240865;30/08/2024;10:40:00 a. m.;Viernes;2024;Agosto;MOTOCICLETA;PARTICULAR;Motociclista;20;MASCULINO;HERIDOS;0;0;0;;TRANSVERSAL 36 SUR FRENTE AL # 30-07;;LA SEBASTIANA;6.16812505992314, -75.5801073958293;CHOQUE;VEHICULO;NO REPORTADO;RESIDENCIAL;Normal;Impericia en el manejo
2240865;30/08/2024;10:40:00 a. m.;Viernes;2024;Agosto;MOTOCICLETA;PARTICULAR;Motociclista;33;MASCULINO;HERIDOS;0;0;0;;TRANSVERSAL 36 SUR FRENTE AL # 30-07;;LA SEBASTIANA;6.16812505992314, -75.5801073958293;CHOQUE;VEHICULO;NO REPORTADO;RESIDENCIAL;Normal;Impericia en el manejo
2240866;30/08/2024;12:54:00 p. m.;Viernes;2024;Agosto;CAMIONETA;PARTICULAR;Acompañante;14;MASCULINO;HERIDOS;0;0;0;;CARRERA 41A FRENTE AL # 2 SUR-87;;ZUÑIGA;6.180652048511073, -75.5776792463636;CHOQUE;VEHICULO;NO REPORTADO;RESIDENCIAL;Normal;Reverso imprudente
2240867;31/08/2024;10:30:00 a. m.;Sábado;2024;Agosto;AUTOMOVIL;PARTICULAR;Acompañante;59;FEMENINO;HERIDOS;0;0;0;;CARRERA 43 FRENTE AL 32 A SUR-27;;ZONA CENTRO;6.174515073529183, -75.58544906614632;CHOQUE;VEHICULO;NO REPORTADO;RESIDENCIAL;Normal;No mantener distancia de seguridad
2240869;31/08/2024;7:20:00 a. m.;Sábado;2024;Agosto;MOTOCICLETA;PARTICULAR;Motociclista;47;MASCULINO;HERIDOS;0;0;0;;CALLE 37 SUR ENTRE CARRERA 48 y CARRERA 49;;LAS VEGAS;6.173565897288251, -75.5922951534005;CHOQUE;VEHICULO;NO REPORTADO;RESIDENCIAL;Normal;Desobedecer señales
2240870;1/09/2024;3:25:00 a. m.;Domingo;2024;Septiembre;MOTOCICLETA;PARTICULAR;Motociclista;30;MASCULINO;HERIDOS;0;0;0;;CARRERA 43A FRENTE AL # 21 SUR-06;;ZUÑIGA;6.183354770482351, -75.57971043996515;CHOQUE;VEHICULO;NO REPORTADO;RESIDENCIAL;Lluvia;Embriaguez o droga
2240871;1/09/2024;10:25:00 a. m.;Domingo;2024;Septiembre;MOTOCICLETA;PARTICULAR;Peaton;62;MASCULINO;HERIDOS;0;0;0;;CARRERA 43 A FRENTE AL # 38 ASUR -36;;ZONA CENTRO;6.171460462786552, -75.58787702741002;ATROPELLO;NO REPORTADO;NO REPORTADO;RESIDENCIAL;Normal;Adelantar por la derecha  -  Recoger o dejar pasajeros en calzada