NRO_RADICADO;FECHA_ACCIDENTE;HORA_ACCIDENTE;Día de la semana;AÑO;MES;CLASE_VEHICULO;TIPO_SERVICIO;TIPO_VICTIMA;EDAD;GENERO;GRAVEDAD;ESTADO_BEODEZ;ESTADO_DROGA;RESULTADO_BEODEZ;RESUL_BEODEZ_GRAMOS;DIRECCION_CARACT_VIA;TRAMO_VIA;LOCALIDAD_O_COMUNA;    GEORREFERENCIACIÓN;DESC_CLASE_ACCIDENTE;DESC_CHOQUE_ACCIDENTE;DESC_OBJETO_FIJO;DESC_SECTOR_ACCIDENTE;CONDICION_CLIMATICA;CAUSA_ACCIDENTE
2240872;1/09/2024;4:10:00 p. m.;Domingo;2024;Septiembre;AUTOMOVIL;PARTICULAR;Acompañante;68;FEMENINO;HERIDOS;0;0;0;;CARRERA 50 ENTRE CALLE 40 SUR y CALLE 41 SUR;;LAS VEGAS;6.172185995192098, -75.59942602315787;CHOQUE;VEHICULO;NO REPORTADO;RESIDENCIAL;Normal;No mantener distancia de seguridad
2240873;2/09/2024;8:30:00 a. m.;Lunes;2024;Septiembre;MOTOCICLETA;PARTICULAR;Motociclista;25;MASCULINO;HERIDOS;0;0;0;;KILOMETRO 13+120;medellín palmas envigado (km 12 - km 16+700);VEREDA PALMAS;6.159647230696541, -75.5270218396252;CAIDA OCUPANTE;NO REPORTADO;NO REPORTADO;NO REPORTADO;Normal;Impericia en el manejo
2240874;2/09/2024;5:35:00 p. m.;Lunes;2024;Septiembre;AUTOMOVIL;PARTICULAR;Peaton;26;FEMENINO;HERIDOS;0;0;0;;CALLE 37 SUR FRENTE AL # 47-47;;LAS VEGAS;6.173292406396137, -75.59202776023812;ATROPELLO;NO REPORTADO;NO REPORTADO;RESIDENCIAL;Normal;Exceso de velocidad  -  Pasar semaforo en rojo
2240875;2/09/2024;10:56:00 p. m.;Lunes;2024;Septiembre;MOTOCICLETA;PARTICULAR;Motociclista;35;MASCULINO;HERIDOS;0;0;0;;CARRERA 43A CALLE 37 SUR;;ZONA CENTRO;6.171131798040275, -75.5883133298985;CHOQUE;VEHICULO;NO REPORTADO;RESIDENCIAL;Normal;Semaforo en rojo
2240876;2/09/2024;8:50:00 a. m.;Lunes;2024;Septiembre;MOTOCICLETA;PARTICULAR;Acompañante;46;FEMENINO;HERIDOS;0;0;0;;CARRERA 48 FRENTE AL # 44 SUR-95;;LAS VEGAS;6.167717174439522, -75.59810229989641;CHOQUE;VEHICULO;NO REPORTADO;RESIDENCIAL;Normal;Girar bruscamente
2240876;2/09/2024;8:50:00 a. m.;Lunes;2024;Septiembre;MOTOCICLETA;PARTICULAR;Motociclista;58;MASCULINO;HERIDOS;0;0;0;;CARRERA 48 FRENTE AL # 44 SUR-95;;LAS VEGAS;6.167717174439522, -75.59810229989641;CHOQUE;VEHICULO;NO REPORTADO;RESIDENCIAL;Normal;Girar bruscamente
2240877;2/09/2024;9:10:00 p. m.;Lunes;2024;Septiembre;MOTOCICLETA;PARTICULAR;Motociclista;23;MASCULINO;HERIDOS;0;0;0;;CARRERA 50 ENTRE CALLE 26 SUR y CALLE 30SUR;;LAS VEGAS;6.1832903364003515, -75.58865977647362;CHOQUE;OBJETO FIJO;OTRO TIPO;RESIDENCIAL;Normal;Impericia en el manejo
2240878;2/09/2024;8:10:00 p. m.;Lunes;2024;Septiembre;MOTOCICLETA;PARTICULAR;Motociclista;46;MASCULINO;HERIDOS;0;0;0;;KILOMETRO 14+130;medellín palmas envigado (km 12 - km 16+700);VEREDA PALMAS;6.1570410146206696, -75.54681879845417;CHOQUE;OBJETO FIJO;OTRO TIPO;NO REPORTADO;Normal;Exceso de velocidad
2240879;3/09/2024;7:00:00 p. m.;Martes;2024;Septiembre;MOTOCICLETA;PARTICULAR;Acompañante;29;MASCULINO;HERIDOS;0;0;0;;CARRERA 40B FRENTE AL # 53B SUR-30;;LOMA DEL BARRO;6.155634657340426, -75.60305352650244;CAIDA OCUPANTE;NO REPORTADO;NO REPORTADO;RESIDENCIAL;Normal;Impericia en el manejo
2240879;3/09/2024;7:00:00 p. m.;Martes;2024;Septiembre;MOTOCICLETA;PARTICULAR;Motociclista;41;MASCULINO;HERIDOS;0;0;0;;CARRERA 40B FRENTE AL # 53B SUR-30;;LOMA DEL BARRO;6.155634657340426, -75.60305352650244;CAIDA OCUPANTE;NO REPORTADO;NO REPORTADO;RESIDENCIAL;Normal;Impericia en el manejo
2240879;3/09/2024;7:00:00 p. m.;Martes;2024;Septiembre;MOTOCICLETA;PARTICULAR;Acompañante;2;FEMENINO;HERIDOS;0;0;0;;CARRERA 40B FRENTE AL # 53B SUR-30;;LOMA DEL BARRO;6.155634657340426, -75.60305352650244;CAIDA OCUPANTE;NO REPORTADO;NO REPORTADO;RESIDENCIAL;Normal;Impericia en el manejo
2240880;4/09/2024;1:00:00 p. m.;Miércoles;2024;Septiembre;CAMIONETA;PARTICULAR;Peaton;60;MASCULINO;HERIDOS;0;0;0;;CALLE 40 SUR FRENTE AL # 40-30;;EL DORADO;6.16658480140238, -75.58774723026433;ATROPELLO;NO REPORTADO;NO REPORTADO;RESIDENCIAL;Normal;Transitar por la calzada
2240881;4/09/2024;6:40:00 a. m.;Miércoles;2024;Septiembre;MOTOCICLETA;PARTICULAR;Motociclista;45;FEMENINO;HERIDOS;0;0;0;;CARRERA 42A FRENTE AL # 24SUR-24;;LAS ORQUIDEAS;6.18008955366543, -75.57956770919614;CHOQUE;OBJETO FIJO;VEHICULO ESTACIONADO;RESIDENCIAL;Normal;ABRIR LAS PUERTAS SIN PRECAUCION
2240882;4/09/2024;12:10:00 p. m.;Miércoles;2024;Septiembre;VOLQUETA;PUBLICO;Conductor;47;MASCULINO;HERIDOS;0;0;0;;CARRERA 23 FRENTE AL # 36C SUR 54;;LA PRADERA;6.154404265887433, -75.5630588019424;VOLCAMIENTO;NO REPORTADO;NO REPORTADO;RESIDENCIAL;Normal;Obstaculos en la via
2240883;4/09/2024;12:54:00 p. m.;Miércoles;2024;Septiembre;MOTOCICLETA;PARTICULAR;Motociclista;31;MASCULINO;HERIDOS;0;0;0;;CARRERA 45 A CALLE 32C SUR;;EL PORTAL;6.172145798022078, -75.5897976379442;CHOQUE;VEHICULO;NO REPORTADO;RESIDENCIAL;Normal;Transitar en contravia
2240884;4/09/2024;2:05:00 p. m.;Miércoles;2024;Septiembre;MOTOCICLETA;PARTICULAR;Motociclista;19;MASCULINO;HERIDOS;0;0;0;;CARRERA 27 CALLE 23 SUR;;ZUÑIGA;6.176695954699753, -75.56760556840894;CHOQUE;VEHICULO;NO REPORTADO;RESIDENCIAL;Normal;Adelantar por la derecha
2240885;5/09/2024;10:01:00 a. m.;Jueves;2024;Septiembre;MOTOCICLETA;PARTICULAR;Motociclista;33;MASCULINO;HERIDOS;0;0;0;;CARRERA 48 CALLE 39 SUR;;LAS VEGAS;6.171788727776994, -75.59383175353878;CHOQUE;VEHICULO;NO REPORTADO;RESIDENCIAL;Normal;Adelantar cerrando
2240887;5/09/2024;5:06:00 a. m.;Jueves;2024;Septiembre;MOTOCICLETA;PARTICULAR;Motociclista;36;MASCULINO;HERIDOS;0;0;0;;CALLE 39 SUR CARRERA 43A;;ALCALA;6.169069427231639, -75.58956368685543;CHOQUE;VEHICULO;NO REPORTADO;RESIDENCIAL;Normal;Semaforo en rojo
2240886;6/09/2024;12:10:00 a. m.;Viernes;2024;Septiembre;MOTOCICLETA;PARTICULAR;Motociclista;22;MASCULINO;HERIDOS;0;0;0;;CARRERA  50 ENTRE CALLE 25AA SUR y CALLE 25 SUR;;LAS VEGAS;6.185810087358126, -75.58622392349609;CHOQUE;VEHICULO;NO REPORTADO;RESIDENCIAL;Normal;Otra-Conductor
2240886;6/09/2024;12:10:00 a. m.;Viernes;2024;Septiembre;MOTOCICLETA;PARTICULAR;Acompañante;22;MASCULINO;HERIDOS;0;0;0;;CARRERA  50 ENTRE CALLE 25AA SUR y CALLE 25 SUR;;LAS VEGAS;6.185810087358126, -75.58622392349609;CHOQUE;VEHICULO;NO REPORTADO;RESIDENCIAL;Normal;Otra-Conductor
2240888;6/09/2024;10:15:00 a. m.;Viernes;2024;Septiembre;MOTOCICLETA;PARTICULAR;Motociclista;26;MASCULINO;HERIDOS;0;0;0;;CALLE 37 SUR CARRERA 36;;MESA;6.167939060548706, -75.58328800464653;CHOQUE;VEHICULO;NO REPORTADO;RESIDENCIAL;Normal;Desobedecer señales  -  Transitar entre vehiculos
2240889;6/09/2024;9:50:00 a. m.;Viernes;2024;Septiembre;MOTOCICLETA;PARTICULAR;Motociclista;34;FEMENINO;HERIDOS;0;0;0;;KILOMETRO 12+800;medellín palmas envigado (km 12 - km 16+700);VEREDA PALMAS;6.160064818726609, -75.52404334097294;CHOQUE;VEHICULO;NO REPORTADO;NO REPORTADO;Normal;Otra-Conductor
2240890;6/09/2024;8:00:00 a. m.;Viernes;2024;Septiembre;MOTOCICLETA;PARTICULAR;Motociclista;46;FEMENINO;HERIDOS;0;0;0;;TRANSVERSAL 33 SUR DIAGONAL 39;;LA MAGNOLIA;6.173587525934801, -75.5850405183912;CHOQUE;VEHICULO;NO REPORTADO;RESIDENCIAL;Normal;Impericia en el manejo
2240890;6/09/2024;8:00:00 a. m.;Viernes;2024;Septiembre;MOTOCICLETA;PARTICULAR;Acompañante;45;FEMENINO;HERIDOS;0;0;0;;TRANSVERSAL 33 SUR DIAGONAL 39;;LA MAGNOLIA;6.173587525934801, -75.5850405183912;CHOQUE;VEHICULO;NO REPORTADO;RESIDENCIAL;Normal;Impericia en el manejo
2240891;6/09/2024;7:30:00 p. m.;Viernes;2024;Septiembre;MICROBUS;PUBLICO;Pasajero;77;FEMENINO;HERIDOS;0;0;0;;CARRERA 27 FRENTE AL # 23-145;;EL ESMERALDAL;6.1757736055584775, -75.56716298272482;CAIDA OCUPANTE;NO REPORTADO;NO REPORTADO;RESIDENCIAL;Normal;Otra-Conductor
2240892;7/09/2024;5:45:00 a. m.;Sábado;2024;Septiembre;MOTOCICLETA;PARTICULAR;Motociclista;49;MASCULINO;HERIDOS;0;0;0;;KILOMETRO 11;el escobero - km 0-13);VEREDA PALMAS;6.162371911687626, -75.51147302300873;OTRO;NO REPORTADO;NO REPORTADO;NO REPORTADO;Lluvia;Superficie humeda
2240893;7/09/2024;8:10:00 p. m.;Sábado;2024;Septiembre;CAMIONETA;PARTICULAR;Acompañante;62;FEMENINO;HERIDOS;0;0;0;;CARRERA 40 FRENTE AL # 40 F SUR 126;;EL DORADO;6.1638451141833235, -75.58966274429937;CAIDA OCUPANTE;NO REPORTADO;NO REPORTADO;RESIDENCIAL;Normal;Arrancar sin precaucion
2240894;7/09/2024;7:05:00 p. m.;Sábado;2024;Septiembre;MOTOCICLETA;PARTICULAR;Peaton;24;FEMENINO;HERIDOS;0;0;0;;KILOMETRO 15+990;medellín palmas envigado (km 12 - km 16+700);VEREDA PALMAS;6.15336171792033, -75.53889941752196;ATROPELLO;NO REPORTADO;NO REPORTADO;NO REPORTADO;Normal;Cruzar sin observar  -  Desobedecer señales
2240894;7/09/2024;7:05:00 p. m.;Sábado;2024;Septiembre;MOTOCICLETA;PARTICULAR;Motociclista;28;MASCULINO;HERIDOS;0;0;0;;KILOMETRO 15+990;medellín palmas envigado (km 12 - km 16+700);VEREDA PALMAS;6.15336171792033, -75.53889941752196;ATROPELLO;NO REPORTADO;NO REPORTADO;NO REPORTADO;Normal;Cruzar sin observar  -  Desobedecer señales
2240895;7/09/2024;11:33:00 a. m.;Sábado;2024;Septiembre;MOTOCICLETA;PARTICULAR;Motociclista;18;FEMENINO;HERIDOS;0;0;0;;CARRERA 48 CALLE 37 SUR;;LAS VEGAS;6.173473352424915, -75.59256588595376;CHOQUE;VEHICULO;NO REPORTADO;RESIDENCIAL;Normal;Desobedecer señales
2240896;8/09/2024;10:50:00 p. m.;Domingo;2024;Septiembre;MOTOCICLETA;PARTICULAR;Motociclista;22;FEMENINO;HERIDOS;1;0;3;180;CALLE 40 SUR FRENTE AL # 24B-16;;EL SALADO;6.1441603448385615, -75.57649711745228;CHOQUE;OBJETO FIJO;OTRO TIPO;RESIDENCIAL;Normal;Embriaguez aparente
2240897;9/09/2024;2:15:00 p. m.;Lunes;2024;Septiembre;MOTOCICLETA;PARTICULAR;Acompañante;63;FEMENINO;HERIDOS;0;0;0;;CALLE 39 B SUR CARRERA 37;;MESA;6.165499393989455, -75.58554898685549;CHOQUE;VEHICULO;NO REPORTADO;RESIDENCIAL;Normal;Otra-Conductor
2240897;9/09/2024;2:15:00 p. m.;Lunes;2024;Septiembre;MOTOCICLETA;PARTICULAR;Motociclista;66;MASCULINO;HERIDOS;0;0;0;;CALLE 39 B SUR CARRERA 37;;MESA;6.165499393989455, -75.58554898685549;CHOQUE;VEHICULO;NO REPORTADO;RESIDENCIAL;Normal;Otra-Conductor
2240898;9/09/2024;8:00:00 a. m.;Lunes;2024;Septiembre;MOTOCICLETA;PARTICULAR;Motociclista;30;MASCULINO;HERIDOS;0;0;0;;CARRERA 50 ENTRE CALLE 50 SUR y CALLE 49 SUR;;LAS VEGAS;6.164590, -75.603086;CHOQUE;VEHICULO;NO REPORTADO;RESIDENCIAL;Normal;Transitar entre vehiculos
2240899;10/09/2024;9:04:00 a. m.;Martes;2024;Septiembre;MOTOCICLETA;PARTICULAR;Motociclista;30;FEMENINO;MUERTOS;0;0;0;;CARRERA 50 ENTRE CALLE 50 SUR y CALLE 48 SUR;;LAS VEGAS;6.164855603672749, -75.60313204373037;CHOQUE;VEHICULO;NO REPORTADO;RESIDENCIAL;Normal;Adelantar invadiendo carril del mismo sentido en zigzag
2240900;10/09/2024;7:40:00 p. m.;Martes;2024;Septiembre;MOTOCICLETA;PARTICULAR;Motociclista;33;MASCULINO;HERIDOS;0;0;0;;CALLE 36D SUR CARRERA 23;;LA PRADERA;6.153106446593302, -75.56384736971127;CHOQUE;VEHICULO;NO REPORTADO;RESIDENCIAL;Normal;Desobedecer señales
2240901;10/09/2024;10:15:00 p. m.;Martes;2024;Septiembre;AUTOMOVIL;PARTICULAR;Conductor;18;FEMENINO;HERIDOS;0;0;0;;KILOMETRO 13+670;medellín palmas envigado (km 12 - km 16+700);VEREDA PALMAS;6.159130697841434, -75.53199903449284;CHOQUE;VEHICULO;NO REPORTADO;NO REPORTADO;Normal;No mantener distancia de seguridad
2240902;10/09/2024;11:00:00 p. m.;Martes;2024;Septiembre;MOTOCICLETA;OFICIAL;Motociclista;49;MASCULINO;HERIDOS;0;0;0;;CARRERA 45 A CALLE 37SUR;;EL PORTAL;6.172145798022078, -75.5897976379442;CHOQUE;VEHICULO;NO REPORTADO;RESIDENCIAL;Normal;Desobedecer señales
2240903;10/09/2024;5:56:00 a. m.;Martes;2024;Septiembre;BICICLETA;;Ciclista;33;MASCULINO;HERIDOS;0;0;0;;CARRERA 48 CALLE 27 A SUR;;LAS VEGAS;6.1813267390350966, -75.58685963248402;CHOQUE;VEHICULO;NO REPORTADO;RESIDENCIAL;Normal;Impericia en el manejo
2240903;10/09/2024;5:56:00 a. m.;Martes;2024;Septiembre;MOTOCICLETA;PARTICULAR;Acompañante;38;FEMENINO;HERIDOS;0;0;0;;CARRERA 48 CALLE 27 A SUR;;LAS VEGAS;6.1813267390350966, -75.58685963248402;CHOQUE;VEHICULO;NO REPORTADO;RESIDENCIAL;Normal;Impericia en el manejo
2240903;10/09/2024;5:56:00 a. m.;Martes;2024;Septiembre;MOTOCICLETA;PARTICULAR;Motociclista;28;FEMENINO;HERIDOS;0;0;0;;CARRERA 48 CALLE 27 A SUR;;LAS VEGAS;6.1813267390350966, -75.58685963248402;CHOQUE;VEHICULO;NO REPORTADO;RESIDENCIAL;Normal;Impericia en el manejo
2240904;11/09/2024;2:18:00 p. m.;Miércoles;2024;Septiembre;MOTOCICLETA;PARTICULAR;Motociclista;30;MASCULINO;HERIDOS;0;0;0;;CARRERA 50 FRENTE AL # 26 SUR-196;;LAS VEGAS;6.184823663543751, -75.5873613179284;CHOQUE;VEHICULO;NO REPORTADO;RESIDENCIAL;Normal;Adelantar invadiendo carril del mismo sentido en zigzag
2240911;11/09/2024;12:00:00 p. m.;Miércoles;2024;Septiembre;AUTOMOVIL;PUBLICO;Pasajero;74;MASCULINO;HERIDOS;0;0;0;;TRANSVERSAL 34 A SUR DIAGONAL 32B;;OBRERO;6.173322232549148, -75.5820237088876;CHOQUE;VEHICULO;NO REPORTADO;RESIDENCIAL;Normal;Desobedecer señales
2240905;12/09/2024;6:00:00 p. m.;Jueves;2024;Septiembre;MOTOCICLETA;PARTICULAR;Motociclista;22;MASCULINO;HERIDOS;0;0;0;;CARRERA 29D FRENTE AL # 41 SUR-61;;SAN JOSE;6.159139951174346, -75.58551425614405;CHOQUE;OBJETO FIJO;VEHICULO ESTACIONADO;RESIDENCIAL;Normal;Otra-Conductor
2240906;12/09/2024;9:30:00 a. m.;Jueves;2024;Septiembre;AUTOMOVIL;PARTICULAR;Conductor;18;FEMENINO;HERIDOS;0;0;0;;CARRERA 50 CALLE 46 A SUR;;LAS VEGAS;6.168548, -75.602176;CHOQUE;VEHICULO;NO REPORTADO;RESIDENCIAL;Normal;Otra-Vehículo
2240912;12/09/2024;8:10:00 p. m.;Jueves;2024;Septiembre;MOTOCICLETA;PARTICULAR;Motociclista;29;MASCULINO;HERIDOS;0;0;0;;CALLE 40 SUR CARRERA 29;;SAN JOSE;6.161305118095541, -75.58184942894452;CHOQUE;VEHICULO;NO REPORTADO;RESIDENCIAL;Normal;Otra-Conductor
2240914;12/09/2024;2:15:00 p. m.;Jueves;2024;Septiembre;AUTOMOVIL;PUBLICO;Pasajero;56;FEMENINO;HERIDOS;0;0;0;;CALLE 39 SUR CARRERA 31;;MESA;6.164296860625554, -75.58198734575109;CHOQUE;VEHICULO;NO REPORTADO;RESIDENCIAL;Normal;ABRIR LAS PUERTAS SIN PRECAUCION
2240914;12/09/2024;2:15:00 p. m.;Jueves;2024;Septiembre;AUTOMOVIL;PUBLICO;Pasajero;66;FEMENINO;HERIDOS;0;0;0;;CALLE 39 SUR CARRERA 31;;MESA;6.164296860625554, -75.58198734575109;CHOQUE;VEHICULO;NO REPORTADO;RESIDENCIAL;Normal;ABRIR LAS PUERTAS SIN PRECAUCION
2240915;12/09/2024;6:59:00 p. m.;Jueves;2024;Septiembre;MOTOCICLETA;PARTICULAR;Motociclista;29;FEMENINO;HERIDOS;0;0;0;;CARRERA 48 CALLE 49 E SUR;;LAS VEGAS;6.161845315882657, -75.6034041682578;CHOQUE;VEHICULO;NO REPORTADO;RESIDENCIAL;Normal;Impericia en el manejo
2240907;13/09/2024;1:50:00 p. m.;Viernes;2024;Septiembre;MOTOCICLETA;PARTICULAR;Motociclista;27;MASCULINO;HERIDOS;0;0;0;;CALLE 45 A SUR FRENTE AL # 39B-101;;LAS ANTILLAS;6.160474809881333, -75.5902922146964;CHOQUE;VEHICULO;NO REPORTADO;RESIDENCIAL;Normal;Desobedecer señales
2240907;13/09/2024;1:50:00 p. m.;Viernes;2024;Septiembre;MOTOCICLETA;PARTICULAR;Motociclista;31;MASCULINO;HERIDOS;0;0;0;;CALLE 45 A SUR FRENTE AL # 39B-101;;LAS ANTILLAS;6.160474809881333, -75.5902922146964;CHOQUE;VEHICULO;NO REPORTADO;RESIDENCIAL;Normal;Desobedecer señales
2240916;13/09/2024;6:30:00 p. m.;Viernes;2024;Septiembre;AUTOMOVIL;PARTICULAR;Acompañante;59;MASCULINO;HERIDOS;0;0;0;;CALLE 46 D SUR FRENTE AL # 42D-80;;LA PAZ;6.161446464792754, -75.59597940732394;CHOQUE;VEHICULO;NO REPORTADO;RESIDENCIAL;Normal;No mantener distancia de seguridad
2240918;13/09/2024;10:55:00 a. m.;Viernes;2024;Septiembre;MOTOCICLETA;PARTICULAR;Motociclista;31;FEMENINO;HERIDOS;0;0;0;;CARRERA 44 CALLE 23 SUR;;ZUÑIGA;6.182890507822283, -75.58118618762308;CHOQUE;VEHICULO;NO REPORTADO;RESIDENCIAL;Normal;Desobedecer señales
2240919;13/09/2024;11:00:00 p. m.;Viernes;2024;Septiembre;CAMIONETA;PARTICULAR;Acompañante;17;FEMENINO;HERIDOS;0;0;0;;TRANSVERSAL 32 A SUR DIAGONAL 32B;;LA MAGNOLIA;6.1755824253617435, -75.58323209022237;CHOQUE;VEHICULO;NO REPORTADO;RESIDENCIAL;Normal;Ausencia o deficencia en demarcacion
2240919;13/09/2024;11:00:00 p. m.;Viernes;2024;Septiembre;CAMIONETA;PARTICULAR;Conductor;61;MASCULINO;HERIDOS;0;0;0;;TRANSVERSAL 32 A SUR DIAGONAL 32B;;LA MAGNOLIA;6.1755824253617435, -75.58323209022237;CHOQUE;VEHICULO;NO REPORTADO;RESIDENCIAL;Normal;Ausencia o deficencia en demarcacion
2240919;13/09/2024;11:00:00 p. m.;Viernes;2024;Septiembre;AUTOMOVIL;PARTICULAR;Conductor;24;MASCULINO;HERIDOS;0;0;0;;TRANSVERSAL 32 A SUR DIAGONAL 32B;;LA MAGNOLIA;6.1755824253617435, -75.58323209022237;CHOQUE;VEHICULO;NO REPORTADO;RESIDENCIAL;Normal;Ausencia o deficencia en demarcacion
2240908;14/09/2024;11:30:00 p. m.;Sábado;2024;Septiembre;AUTOMOVIL;PARTICULAR;Acompañante;30;MASCULINO;HERIDOS;0;0;0;;CARRERA 28 FRENTE AL # 27SUR-99;;EL ESMERALDAL;6.174369721374314, -75.57437881471691;CHOQUE;OBJETO FIJO;MURO;RESIDENCIAL;Normal;Fallas en los frenos
2240908;14/09/2024;11:30:00 p. m.;Sábado;2024;Septiembre;AUTOMOVIL;PARTICULAR;Conductor;31;FEMENINO;HERIDOS;0;0;0;;CARRERA 28 FRENTE AL # 27SUR-99;;EL ESMERALDAL;6.174369721374314, -75.57437881471691;CHOQUE;OBJETO FIJO;MURO;RESIDENCIAL;Normal;Fallas en los frenos
2240908;14/09/2024;11:30:00 p. m.;Sábado;2024;Septiembre;AUTOMOVIL;PARTICULAR;Acompañante;31;FEMENINO;HERIDOS;0;0;0;;CARRERA 28 FRENTE AL # 27SUR-99;;EL ESMERALDAL;6.174369721374314, -75.57437881471691;CHOQUE;OBJETO FIJO;MURO;RESIDENCIAL;Normal;Fallas en los frenos
2240909;14/09/2024;5:00:00 a. m.;Sábado;2024;Septiembre;MOTOCICLETA;PARTICULAR;Motociclista;30;MASCULINO;HERIDOS;0;0;0;;CARRERA 38 CALLE 38 SUR;;MESA;6.168105394919729, -75.58475336314557;CHOQUE;VEHICULO;NO REPORTADO;RESIDENCIAL;Normal;Desobedecer señales
2240909;14/09/2024;5:00:00 a. m.;Sábado;2024;Septiembre;MOTOCICLETA;PARTICULAR;Motociclista;24;MASCULINO;HERIDOS;0;0;0;;CARRERA 38 CALLE 38 SUR;;MESA;6.168105394919729, -75.58475336314557;CHOQUE;VEHICULO;NO REPORTADO;RESIDENCIAL;Normal;Desobedecer señales
2240910;14/09/2024;12:45:00 p. m.;Sábado;2024;Septiembre;MOTOCICLETA;PARTICULAR;Motociclista;52;MASCULINO;HERIDOS;0;0;0;;KILOMETRO 12+280;medellín palmas envigado (km 12 - km 16+700);VEREDA PALMAS;6.160226994365654, -75.52244600932303;CHOQUE;VEHICULO;NO REPORTADO;NO REPORTADO;Normal;Girar bruscamente  -  Impericia en el manejo
2240910;14/09/2024;12:45:00 p. m.;Sábado;2024;Septiembre;MOTOCICLETA;PARTICULAR;Motociclista;19;MASCULINO;HERIDOS;0;0;0;;KILOMETRO 12+280;medellín palmas envigado (km 12 - km 16+700);VEREDA PALMAS;6.160226994365654, -75.52244600932303;CHOQUE;VEHICULO;NO REPORTADO;NO REPORTADO;Normal;Girar bruscamente  -  Impericia en el manejo
2240920;14/09/2024;7:35:00 p. m.;Sábado;2024;Septiembre;MOTOCICLETA;PARTICULAR;Acompañante;52;FEMENINO;HERIDOS;0;0;0;;CALLE 46 E SUR CARRERA 39D;;EL TRIANON;6.159119580121661, -75.59304605045934;CHOQUE;VEHICULO;NO REPORTADO;RESIDENCIAL;Normal;Desobedecer señales
2240920;14/09/2024;7:35:00 p. m.;Sábado;2024;Septiembre;MOTOCICLETA;PARTICULAR;Motociclista;28;FEMENINO;HERIDOS;0;0;0;;CALLE 46 E SUR CARRERA 39D;;EL TRIANON;6.159119580121661, -75.59304605045934;CHOQUE;VEHICULO;NO REPORTADO;RESIDENCIAL;Normal;Desobedecer señales
2240921;14/09/2024;11:30:00 a. m.;Sábado;2024;Septiembre;MOTOCICLETA;PARTICULAR;Motociclista;41;MASCULINO;HERIDOS;0;0;0;;CARRERA 40 CALLE 45 C SUR;;LA PAZ;6.161502864493651, -75.5924512370691;CHOQUE;VEHICULO;NO REPORTADO;RESIDENCIAL;Normal;Desobedecer señales
2240923;15/09/2024;3:40:00 p. m.;Domingo;2024;Septiembre;MOTOCICLETA;PARTICULAR;Motociclista;19;FEMENINO;HERIDOS;0;0;0;;CARRERA 46 FRENTE AL # 20 SUR-117;;BOSQUES DE ZUÑIGA;6.18471431928998, -75.58174861981887;CHOQUE;VEHICULO;NO REPORTADO;RESIDENCIAL;Normal;Ausencia o deficencia en demarcacion  -  Desobedecer señales
2240924;15/09/2024;2:30:00 p. m.;Domingo;2024;Septiembre;MOTOCICLETA;PARTICULAR;Motociclista;23;MASCULINO;HERIDOS;0;0;0;;CALLE 21 SUR FRENTE AL # 41-117;;ZUÑIGA;6.181999589219205, -75.57718815049455;CAIDA OCUPANTE;NO REPORTADO;NO REPORTADO;RESIDENCIAL;Normal;Otra-Via
2240929;15/09/2024;1:50:00 p. m.;Domingo;2024;Septiembre;MOTOCICLETA;PARTICULAR;Acompañante;54;FEMENINO;HERIDOS;0;0;0;;CARRERA 43 A FRENTE AL # 32 SUR-51;;SAN MARCOS;6.17501847055419, -75.58605466005815;CHOQUE;VEHICULO;NO REPORTADO;RESIDENCIAL;Normal;No mantener distancia de seguridad
2240929;15/09/2024;1:50:00 p. m.;Domingo;2024;Septiembre;MOTOCICLETA;PARTICULAR;Motociclista;55;MASCULINO;HERIDOS;0;0;0;;CARRERA 43 A FRENTE AL # 32 SUR-51;;SAN MARCOS;6.17501847055419, -75.58605466005815;CHOQUE;VEHICULO;NO REPORTADO;RESIDENCIAL;Normal;No mantener distancia de seguridad
2240930;15/09/2024;6:45:00 a. m.;Domingo;2024;Septiembre;MOTOCICLETA;PARTICULAR;Motociclista;25;FEMENINO;HERIDOS;0;0;0;;CARRERA 43A FRENTE AL # 33B SUR -08;;ZONA CENTRO;6.173255512117998, -75.58676460777615;CHOQUE;VEHICULO;NO REPORTADO;RESIDENCIAL;Normal;Embriaguez o droga  -  No mantener distancia de seguridad
2240917;16/09/2024;11:50:00 a. m.;Lunes;2024;Septiembre;MOTOCICLETA;PARTICULAR;Motociclista;29;MASCULINO;HERIDOS;0;0;0;;CARRERA 48 ENTRE CALLE 41 SUR y CALLE 40 SUR;;LAS VEGAS;6.170224112358732, -75.59560098710838;CHOQUE;VEHICULO;NO REPORTADO;RESIDENCIAL;Normal;No mantener distancia de seguridad
2240931;16/09/2024;3:50:00 p. m.;Lunes;2024;Septiembre;MOTOCICLETA;PARTICULAR;Motociclista;19;MASCULINO;HERIDOS;0;0;0;;CALLE 38 SUR CARRERA 29A;;LOMA DE LAS BRUJAS;6.1649563457984184, -75.58079523155277;CHOQUE;VEHICULO;NO REPORTADO;RESIDENCIAL;Normal;Semaforo en rojo
2240922;17/09/2024;5:00:00 p. m.;Martes;2024;Septiembre;MOTOCICLETA;PARTICULAR;Motociclista;54;MASCULINO;MUERTOS;0;0;0;;CARRERA 50 ENTRE CALLE 50 SUR y CALLE 49SUR;;LAS VEGAS;6.164590, -75.603086;CHOQUE;VEHICULO;NO REPORTADO;RESIDENCIAL;Normal;Transitar entre vehiculos