NRO_RADICADO;FECHA_ACCIDENTE;HORA_ACCIDENTE;Día de la semana;AÑO;MES;CLASE_VEHICULO;TIPO_SERVICIO;TIPO_VICTIMA;EDAD;GENERO;GRAVEDAD;ESTADO_BEODEZ;ESTADO_DROGA;RESULTADO_BEODEZ;RESUL_BEODEZ_GRAMOS;DIRECCION_CARACT_VIA;TRAMO_VIA;LOCALIDAD_O_COMUNA;    GEORREFERENCIACIÓN;DESC_CLASE_ACCIDENTE;DESC_CHOQUE_ACCIDENTE;DESC_OBJETO_FIJO;DESC_SECTOR_ACCIDENTE;CONDICION_CLIMATICA;CAUSA_ACCIDENTE
2240922;17/09/2024;5:00:00 p. m.;Martes;2024;Septiembre;MOTOCICLETA;PARTICULAR;Acompañante;25;MASCULINO;MUERTOS;0;0;0;;CARRERA 50 ENTRE CALLE 50 SUR y CALLE 49SUR;;LAS VEGAS;6.164590, -75.603086;CHOQUE;VEHICULO;NO REPORTADO;RESIDENCIAL;Normal;Transitar entre vehiculos
2240925;17/09/2024;3:08:00 p. m.;Martes;2024;Septiembre;MOTOCICLETA;PARTICULAR;Motociclista;18;MASCULINO;HERIDOS;0;0;0;;CARRERA 48  ENTRE CALLE 32 B SUR y CALLE 33 C SUR;;LAS VEGAS;6.176304230548614, -75.59085399429605;CHOQUE;VEHICULO;NO REPORTADO;RESIDENCIAL;Normal;Adelantar por la derecha
2240926;17/09/2024;11:30:00 a. m.;Martes;2024;Septiembre;AUTOMOVIL;PARTICULAR;Conductor;31;FEMENINO;HERIDOS;0;0;0;;CARRERA 43 A  ENTRE CALLE  48CSUR y CALLE 49 SUR;;PRIMAVERA;6.162362862780646, -75.59755518837716;CHOQUE;VEHICULO;NO REPORTADO;RESIDENCIAL;Normal;No mantener distancia de seguridad
2240927;17/09/2024;6:10:00 a. m.;Martes;2024;Septiembre;MOTOCICLETA;PARTICULAR;Acompañante;38;FEMENINO;HERIDOS;0;0;0;;TRANSVERSAL 34 SUR DIAGONAL 31E;;LA MAGNOLIA;6.173760854570752, -75.58103891883675;CHOQUE;VEHICULO;NO REPORTADO;RESIDENCIAL;Normal;Desobedecer señales
2240927;17/09/2024;6:10:00 a. m.;Martes;2024;Septiembre;MOTOCICLETA;PARTICULAR;Motociclista;47;MASCULINO;HERIDOS;0;0;0;;TRANSVERSAL 34 SUR DIAGONAL 31E;;LA MAGNOLIA;6.173760854570752, -75.58103891883675;CHOQUE;VEHICULO;NO REPORTADO;RESIDENCIAL;Normal;Desobedecer señales
2240933;17/09/2024;5:30:00 a. m.;Martes;2024;Septiembre;AUTOMOVIL;PUBLICO;Pasajero;68;FEMENINO;HERIDOS;0;0;0;;KILOMETRO 2 +800;el escobero - km 0-13);VEREDA EL ESCOBERO;6.137264497773287, -75.55449313040924;CHOQUE;VEHICULO;NO REPORTADO;NO REPORTADO;Normal;Impericia en el manejo  -  Superficie lisa
2240933;17/09/2024;5:30:00 a. m.;Martes;2024;Septiembre;AUTOMOVIL;PUBLICO;Pasajero;60;MASCULINO;HERIDOS;0;0;0;;KILOMETRO 2 +800;el escobero - km 0-13);VEREDA EL ESCOBERO;6.137264497773287, -75.55449313040924;CHOQUE;VEHICULO;NO REPORTADO;NO REPORTADO;Normal;Impericia en el manejo  -  Superficie lisa
2240928;18/09/2024;4:00:00 p. m.;Miércoles;2024;Septiembre;AUTOMOVIL;PUBLICO;Pasajero;56;MASCULINO;HERIDOS;0;0;0;;CARRERA 48 FRENTE AL # 48SUR-75;;LAS VEGAS;6.1642340622178935, -75.60162217854817;CHOQUE;VEHICULO;NO REPORTADO;RESIDENCIAL;Normal;No mantener distancia de seguridad
2240928;18/09/2024;4:00:00 p. m.;Miércoles;2024;Septiembre;AUTOMOVIL;PUBLICO;Conductor;57;MASCULINO;HERIDOS;0;0;0;;CARRERA 48 FRENTE AL # 48SUR-75;;LAS VEGAS;6.1642340622178935, -75.60162217854817;CHOQUE;VEHICULO;NO REPORTADO;RESIDENCIAL;Normal;No mantener distancia de seguridad
2240934;18/09/2024;11:25:00 p. m.;Miércoles;2024;Septiembre;MOTOCICLETA;PARTICULAR;Motociclista;26;MASCULINO;HERIDOS;0;0;0;;TRANSVERSAL 36 SUR CARRERA 27G;;LA INMACULADA;6.167290833286493, -75.57703724445096;CHOQUE;OBJETO FIJO;BARANDA;RESIDENCIAL;Normal;Superficie lisa
2240932;19/09/2024;8:50:00 p. m.;Jueves;2024;Septiembre;MOTOCICLETA;PARTICULAR;Motociclista;49;MASCULINO;HERIDOS;0;0;0;;CARRERA 48 CALLE 30 SUR;;LAS VEGAS;6.179496718217783, -75.58819458527805;CAIDA OCUPANTE;NO REPORTADO;NO REPORTADO;RESIDENCIAL;Normal;Huecos
2240935;19/09/2024;9:25:00 p. m.;Jueves;2024;Septiembre;MOTOCICLETA;PARTICULAR;Motociclista;23;FEMENINO;HERIDOS;1;0;0;20;CALLE 40 SUR CARRERA 30;;SAN JOSE;6.162507780563575, -75.58242014745446;CHOQUE;VEHICULO;NO REPORTADO;RESIDENCIAL;Normal;Desobedecer señales
2240936;19/09/2024;7:30:00 a. m.;Jueves;2024;Septiembre;MOTOCICLETA;PARTICULAR;Peaton;58;FEMENINO;HERIDOS;0;0;0;;CALLE 38 SUR CARRERA 38;;MESA;6.167929377982858, -75.58473461337908;ATROPELLO;NO REPORTADO;NO REPORTADO;RESIDENCIAL;Normal;Desobedecer señales
2240937;19/09/2024;5:45:00 p. m.;Jueves;2024;Septiembre;MOTOCICLETA;PARTICULAR;Motociclista;59;MASCULINO;HERIDOS;0;0;0;;CARRERA 48 CALLE 40 SUR;;LAS VEGAS;6.170156055221228, -75.59573852798471;CHOQUE;VEHICULO;NO REPORTADO;RESIDENCIAL;Normal;Otra-Conductor
2240939;19/09/2024;7:40:00 a. m.;Jueves;2024;Septiembre;MOTOCICLETA;PARTICULAR;Motociclista;28;FEMENINO;HERIDOS;0;0;0;;CARRERA 40 A FRENTE AL # 48SUR-105;;EL TRIANON;6.1589084184055745, -75.59529456535977;CHOQUE;VEHICULO;NO REPORTADO;RESIDENCIAL;Normal;Impericia en el manejo
2240940;19/09/2024;4:50:00 p. m.;Jueves;2024;Septiembre;MOTOCICLETA;PARTICULAR;Motociclista;20;MASCULINO;HERIDOS;0;0;0;;CARRERA 50 ENTRE CALLE 27A SUR y CALLE 28B SUR;;LAS VEGAS;6.182777629698822, -75.58908261300797;CHOQUE;VEHICULO;NO REPORTADO;RESIDENCIAL;Normal;No mantener distancia de seguridad
2240938;20/09/2024;4:30:00 p. m.;Viernes;2024;Septiembre;MOTOCICLETA;PARTICULAR;Acompañante;5;MASCULINO;HERIDOS;0;0;0;;CARRERA 28B FRENTE AL # 40 SUR-79;;SAN JOSE;6.160459198483807, -75.58191603332138;CAIDA OCUPANTE;NO REPORTADO;NO REPORTADO;RESIDENCIAL;Lluvia;Superficie humeda
2240938;20/09/2024;4:30:00 p. m.;Viernes;2024;Septiembre;MOTOCICLETA;PARTICULAR;Motociclista;40;FEMENINO;HERIDOS;0;0;0;;CARRERA 28B FRENTE AL # 40 SUR-79;;SAN JOSE;6.160459198483807, -75.58191603332138;CAIDA OCUPANTE;NO REPORTADO;NO REPORTADO;RESIDENCIAL;Lluvia;Superficie humeda
2240942;20/09/2024;1:57:00 p. m.;Viernes;2024;Septiembre;AUTOMOVIL;PARTICULAR;Conductor;22;FEMENINO;HERIDOS;0;0;0;;CARRERA 48 CALLE 32 SUR;;LAS VEGAS;6.177553494684281, -75.58959170100616;CHOQUE;VEHICULO;NO REPORTADO;RESIDENCIAL;Normal;No mantener distancia de seguridad
2240950;20/09/2024;10:00:00 a. m.;Viernes;2024;Septiembre;AUTOMOVIL;PUBLICO;Peaton;68;FEMENINO;HERIDOS;0;0;0;;CARRERA 45 A FRENTE AL # 36SUR-43;;SAN MARCOS;6.172658494142271, -75.58952252281678;ATROPELLO;NO REPORTADO;NO REPORTADO;RESIDENCIAL;Normal;Reverso imprudente  -  Transitar por la calzada
2240943;21/09/2024;4:50:00 p. m.;Sábado;2024;Septiembre;MOTOCICLETA;PARTICULAR;Motociclista;20;MASCULINO;HERIDOS;0;0;0;;DIAGONAL 31 TRANSVERSAL 35 SUR;;LA SEBASTIANA;6.17007974963719, -75.5797144487748;CHOQUE;VEHICULO;NO REPORTADO;RESIDENCIAL;Normal;Desobedecer señales
2240944;21/09/2024;9:40:00 a. m.;Sábado;2024;Septiembre;MOTOCICLETA;PARTICULAR;Motociclista;23;MASCULINO;HERIDOS;0;0;0;;CARRERA 50 CALLE 30 SUR;;LAS VEGAS;6.181402979317868, -75.58979069129407;CAIDA OCUPANTE;NO REPORTADO;NO REPORTADO;RESIDENCIAL;Normal;Huecos  -  Impericia en el manejo
2240945;22/09/2024;6:45:00 a. m.;Domingo;2024;Septiembre;MOTOCICLETA;PARTICULAR;Motociclista;23;FEMENINO;HERIDOS;0;0;0;;KILOMETRO 14+900;medellín palmas envigado (km 12 - km 16+700);VEREDA PALMAS;6.152306555563881, -75.54664964361316;CAIDA OCUPANTE;NO REPORTADO;NO REPORTADO;NO REPORTADO;Normal;Superficie lisa
2240946;22/09/2024;9:50:00 p. m.;Domingo;2024;Septiembre;MOTOCICLETA;PARTICULAR;Motociclista;20;MASCULINO;HERIDOS;0;0;0;;DIAGONAL 31 RENTE AL # 36 A SUR-80;;LA PRADERA;6.166869495107326, -75.58048867453422;CAIDA OCUPANTE;NO REPORTADO;NO REPORTADO;RESIDENCIAL;Lluvia;Impericia en el manejo
2240946;22/09/2024;9:50:00 p. m.;Domingo;2024;Septiembre;MOTOCICLETA;PARTICULAR;Acompañante;16;FEMENINO;HERIDOS;0;0;0;;DIAGONAL 31 RENTE AL # 36 A SUR-80;;LA PRADERA;6.166869495107326, -75.58048867453422;CAIDA OCUPANTE;NO REPORTADO;NO REPORTADO;RESIDENCIAL;Lluvia;Impericia en el manejo
2240947;22/09/2024;7:20:00 a. m.;Domingo;2024;Septiembre;MOTOCICLETA;PARTICULAR;Motociclista;26;MASCULINO;MUERTOS;0;0;0;;CARRERA 50 ENTRE CALLE 39 SUR y CALLE 37 SUR;;LAS VEGAS;6.17321932532234, -75.59796891311608;CHOQUE;OBJETO FIJO;POSTE;RESIDENCIAL;Normal;Desobedecer señales
2240947;22/09/2024;7:20:00 a. m.;Domingo;2024;Septiembre;MOTOCICLETA;PARTICULAR;Acompañante;28;MASCULINO;MUERTOS;0;0;0;;CARRERA 50 ENTRE CALLE 39 SUR y CALLE 37 SUR;;LAS VEGAS;6.17321932532234, -75.59796891311608;CHOQUE;OBJETO FIJO;POSTE;RESIDENCIAL;Normal;Desobedecer señales
2240951;22/09/2024;2:35:00 p. m.;Domingo;2024;Septiembre;MOTOCICLETA;PARTICULAR;Acompañante;55;FEMENINO;HERIDOS;0;0;0;;CALLE 40 SUR FRENTE AL # 27-159;;SAN JOSE;6.160120961754676, -75.58137594980435;CHOQUE;VEHICULO;NO REPORTADO;RESIDENCIAL;Normal;No mantener distancia de seguridad
2240951;22/09/2024;2:35:00 p. m.;Domingo;2024;Septiembre;MOTOCICLETA;PARTICULAR;Motociclista;31;FEMENINO;HERIDOS;0;0;0;;CALLE 40 SUR FRENTE AL # 27-159;;SAN JOSE;6.160120961754676, -75.58137594980435;CHOQUE;VEHICULO;NO REPORTADO;RESIDENCIAL;Normal;No mantener distancia de seguridad
2240948;23/09/2024;2:40:00 p. m.;Lunes;2024;Septiembre;MOTOCICLETA;PARTICULAR;Motociclista;26;MASCULINO;HERIDOS;0;0;0;;KILOMETRO 12+800;retiro varia palmas enviga (km 5+43 - km 14+ 550);VEREDA PALMAS;6.160064818726609, -75.52404334097294;CHOQUE;VEHICULO;NO REPORTADO;NO REPORTADO;Normal;No mantener distancia de seguridad
2240949;23/09/2024;7:15:00 a. m.;Lunes;2024;Septiembre;CAMIONETA;PARTICULAR;Conductor;36;FEMENINO;HERIDOS;0;0;0;;DIAGONAL 31C TRANSVERSAL 34D SUR;;LA SEBASTIANA;6.172023531462375, -75.5800820256999;CHOQUE;VEHICULO;NO REPORTADO;RESIDENCIAL;Normal;No mantener distancia de seguridad
2240952;23/09/2024;2:50:00 p. m.;Lunes;2024;Septiembre;AUTOMOVIL;PUBLICO;Peaton;80;FEMENINO;HERIDOS;0;0;0;;DIAGONAL 33 TRANSVERSAL 34 SUR;;OBRERO;6.172605426526001, -75.58389506024686;ATROPELLO;NO REPORTADO;NO REPORTADO;RESIDENCIAL;Normal;Desobedecer señales
2240953;23/09/2024;7:00:00 a. m.;Lunes;2024;Septiembre;MOTOCICLETA;PARTICULAR;Motociclista;30;FEMENINO;HERIDOS;0;0;0;;CARRERA 29A FRENTE AL # 37 SUR-13;;MESA;6.165814727012701, -75.58069237456512;CAIDA OCUPANTE;NO REPORTADO;NO REPORTADO;RESIDENCIAL;Normal;Superficie humeda
2240954;23/09/2024;11:30:00 a. m.;Lunes;2024;Septiembre;MOTOCICLETA;PARTICULAR;Motociclista;16;FEMENINO;HERIDOS;0;0;0;;CALLE 48 F SUR FRENTE AL # 40-55;;LOMA DEL BARRO;6.155748824336739, -75.59820950749011;CHOQUE;VEHICULO;NO REPORTADO;RESIDENCIAL;Normal;Adelantar invadiendo carril de sentido contrario
2240955;23/09/2024;5:15:00 p. m.;Lunes;2024;Septiembre;MOTOCICLETA;PARTICULAR;Acompañante;30;FEMENINO;HERIDOS;0;0;0;;CARRERA 48 FRENTE AL # 35 A SUR-08;;LAS VEGAS;6.174406656843716, -75.59169940706335;CHOQUE;VEHICULO;NO REPORTADO;RESIDENCIAL;Normal;No mantener distancia de seguridad
2240956;24/09/2024;9:40:00 a. m.;Martes;2024;Septiembre;MOTOCICLETA;PARTICULAR;Motociclista;30;FEMENINO;HERIDOS;0;0;0;;CARRERA 43A TRANSVERSAL 27 A SUR;;PONTE VEDRA;6.179050453245473, -75.58359804914188;CHOQUE;VEHICULO;NO REPORTADO;RESIDENCIAL;Normal;No mantener distancia de seguridad
2240956;24/09/2024;9:40:00 a. m.;Martes;2024;Septiembre;MOTOCICLETA;PARTICULAR;Motociclista;51;MASCULINO;HERIDOS;0;0;0;;CARRERA 43A TRANSVERSAL 27 A SUR;;PONTE VEDRA;6.179050453245473, -75.58359804914188;CHOQUE;VEHICULO;NO REPORTADO;RESIDENCIAL;Normal;No mantener distancia de seguridad
2240957;25/09/2024;5:55:00 a. m.;Miércoles;2024;Septiembre;MOTOCICLETA;PARTICULAR;Motociclista;27;MASCULINO;HERIDOS;0;0;0;;CALLE 39 SUR CARRERA 42;;ZONA CENTRO;6.1682587245525875, -75.58821157722788;CHOQUE;VEHICULO;NO REPORTADO;RESIDENCIAL;Normal;Semaforo en rojo
2240957;25/09/2024;5:55:00 a. m.;Miércoles;2024;Septiembre;MOTOCICLETA;PARTICULAR;Acompañante;33;FEMENINO;HERIDOS;0;0;0;;CALLE 39 SUR CARRERA 42;;ZONA CENTRO;6.1682587245525875, -75.58821157722788;CHOQUE;VEHICULO;NO REPORTADO;RESIDENCIAL;Normal;Semaforo en rojo
2240958;25/09/2024;5:28:00 p. m.;Miércoles;2024;Septiembre;MOTOCICLETA;PARTICULAR;Motociclista;56;MASCULINO;HERIDOS;0;0;0;;CALLE 36D SUR FRENTE AL # 27D-166;;LA PRADERA;6.165821092669086, -75.5761872859116;CHOQUE;VEHICULO;NO REPORTADO;RESIDENCIAL;Normal;Impericia en el manejo
2240958;25/09/2024;5:28:00 p. m.;Miércoles;2024;Septiembre;MOTOCICLETA;PARTICULAR;Acompañante;60;FEMENINO;MUERTOS;0;0;0;;CALLE 36D SUR FRENTE AL # 27D-166;;LA PRADERA;6.165821092669086, -75.5761872859116;CHOQUE;VEHICULO;NO REPORTADO;RESIDENCIAL;Normal;Impericia en el manejo
2240961;25/09/2024;4:42:00 p. m.;Miércoles;2024;Septiembre;AUTOMOVIL;PARTICULAR;Peaton;54;MASCULINO;HERIDOS;0;0;0;;CALLE 35 SUR FRENTE AL # 42-04;;ZONA CENTRO;6.171706060821265, -75.5861613952061;ATROPELLO;NO REPORTADO;NO REPORTADO;RESIDENCIAL;Normal;Arrancar sin precaucion
2240962;25/09/2024;1:10:00 p. m.;Miércoles;2024;Septiembre;MOTOCICLETA;PARTICULAR;Motociclista;29;FEMENINO;HERIDOS;0;0;0;;CARRERA 48 FRENTE AL # 19SUR-100;;LAS VEGAS;6.186434681935534, -75.58208003007762;CAIDA OCUPANTE;NO REPORTADO;NO REPORTADO;RESIDENCIAL;Lluvia;Superficie humeda
2240963;25/09/2024;7:50:00 a. m.;Miércoles;2024;Septiembre;MOTOCICLETA;PARTICULAR;Acompañante;23;FEMENINO;HERIDOS;0;0;0;;CARRERA 49 CALLE 32 B SUR;;LAS VEGAS;6.178375113961909, -75.59179093105251;CHOQUE;VEHICULO;NO REPORTADO;RESIDENCIAL;Normal;No mantener distancia de seguridad
2240963;25/09/2024;7:50:00 a. m.;Miércoles;2024;Septiembre;MOTOCICLETA;PARTICULAR;Motociclista;23;FEMENINO;HERIDOS;0;0;0;;CARRERA 49 CALLE 32 B SUR;;LAS VEGAS;6.178375113961909, -75.59179093105251;CHOQUE;VEHICULO;NO REPORTADO;RESIDENCIAL;Normal;No mantener distancia de seguridad
2240964;25/09/2024;6:25:00 a. m.;Miércoles;2024;Septiembre;CICLOMOTOR;;Conductor;40;MASCULINO;HERIDOS;0;0;0;;TRANSVERSAL 33 A SUR FRENTE AL # 31B 30;;LAS FLORES;6.174070860899524, -75.58003319581842;CHOQUE;VEHICULO;NO REPORTADO;RESIDENCIAL;Normal;Otra-Conductor
2240965;25/09/2024;9:19:00 a. m.;Miércoles;2024;Septiembre;MOTOCICLETA;PARTICULAR;Motociclista;25;MASCULINO;HERIDOS;0;0;0;;CARRERA 43A CALLE 45B SUR;;PRIMAVERA;6.164795, -75.594915;CHOQUE;VEHICULO;NO REPORTADO;RESIDENCIAL;Normal;No mantener distancia de seguridad
2240965;25/09/2024;9:19:00 a. m.;Miércoles;2024;Septiembre;MOTOCICLETA;PARTICULAR;Acompañante;11;MASCULINO;HERIDOS;0;0;0;;CARRERA 43A CALLE 45B SUR;;PRIMAVERA;6.164795, -75.594915;CHOQUE;VEHICULO;NO REPORTADO;RESIDENCIAL;Normal;No mantener distancia de seguridad
2240965;25/09/2024;9:19:00 a. m.;Miércoles;2024;Septiembre;MOTOCICLETA;PARTICULAR;Motociclista;45;MASCULINO;HERIDOS;0;0;0;;CARRERA 43A CALLE 45B SUR;;PRIMAVERA;6.164795, -75.594915;CHOQUE;VEHICULO;NO REPORTADO;RESIDENCIAL;Normal;No mantener distancia de seguridad
2240960;26/09/2024;4:50:00 p. m.;Jueves;2024;Septiembre;MOTOCICLETA;PARTICULAR;Motociclista;26;MASCULINO;HERIDOS;0;0;0;;CARRERA 43 A CALLE 25 SUR;;BOSQUES DE ZUÑIGA;6.181726856423344, -75.58135053615936;CHOQUE;VEHICULO;NO REPORTADO;RESIDENCIAL;Lluvia;Semaforo en rojo
2240966;26/09/2024;10:05:00 a. m.;Jueves;2024;Septiembre;MOTOCICLETA;PARTICULAR;Motociclista;68;MASCULINO;HERIDOS;0;0;0;;CALLE 24 SUR FRENTE AL # 38-91;;ZUÑIGA;6.178482326689697, -75.57432396969575;CHOQUE;VEHICULO;NO REPORTADO;RESIDENCIAL;Normal;No respetar prelacion
2240967;26/09/2024;12:55:00 p. m.;Jueves;2024;Septiembre;MOTOCICLETA;PARTICULAR;Acompañante;22;FEMENINO;HERIDOS;0;0;0;;KILOMETRO 14+850;medellín palmas envigado (km 12 - km 16+700);VEREDA PALMAS;6.152576354315084, -75.54657718070328;CHOQUE;OBJETO FIJO;BARANDA;NO REPORTADO;Normal;Desobedecer señales
2240967;26/09/2024;12:55:00 p. m.;Jueves;2024;Septiembre;MOTOCICLETA;PARTICULAR;Motociclista;22;MASCULINO;HERIDOS;0;0;0;;KILOMETRO 14+850;medellín palmas envigado (km 12 - km 16+700);VEREDA PALMAS;6.152576354315084, -75.54657718070328;CHOQUE;OBJETO FIJO;BARANDA;NO REPORTADO;Normal;Desobedecer señales
2240968;27/09/2024;8:23:00 p. m.;Viernes;2024;Septiembre;AUTOMOVIL;PARTICULAR;Peaton;73;FEMENINO;HERIDOS;0;0;0;;CALLE 37 SUR FRENTE AL # 28C-30;;LA PRADERA;6.165846925194131, -75.57902195597094;ATROPELLO;NO REPORTADO;NO REPORTADO;RESIDENCIAL;Normal;Impericia en el manejo  -  Otra-Vehículo
2240969;27/09/2024;7:12:00 p. m.;Viernes;2024;Septiembre;MOTOCICLETA;PARTICULAR;Motociclista;17;MASCULINO;HERIDOS;0;0;0;;CARRERA 43 A CALLE 33B SUR;;SAN MARCOS;6.17334896108428, -75.58685014734395;CHOQUE;VEHICULO;NO REPORTADO;RESIDENCIAL;Normal;Desobedecer señales  -  Realizar giro en U
2240970;27/09/2024;12:47:00 p. m.;Viernes;2024;Septiembre;MOTOCICLETA;PARTICULAR;Motociclista;27;MASCULINO;HERIDOS;0;0;0;;CALLE 36 SUR FRENTE AL # 25-46;;EL CHOCHO;6.167325819174141, -75.5656776631614;CAIDA OCUPANTE;NO REPORTADO;NO REPORTADO;RESIDENCIAL;Normal;Impericia en el manejo
2240971;27/09/2024;4:08:00 p. m.;Viernes;2024;Septiembre;MOTOCICLETA;PARTICULAR;Motociclista;40;FEMENINO;HERIDOS;0;0;0;;CARRERA 43 A TRANSVERSAL 31 SUR;;JARDINES;6.176687128908468, -75.58538316504101;CAIDA OCUPANTE;NO REPORTADO;NO REPORTADO;RESIDENCIAL;Normal;Otra-Conductor
2240972;27/09/2024;12:10:00 p. m.;Viernes;2024;Septiembre;MOTOCICLETA;PARTICULAR;Motociclista;20;MASCULINO;HERIDOS;0;0;0;;CALLE 38 A SUR CARRERA 35;;MESA;6.166240494781936, -75.5836373351285;CHOQUE;VEHICULO;NO REPORTADO;RESIDENCIAL;Normal;No mantener distancia de seguridad
2240973;27/09/2024;1:03:00 p. m.;Viernes;2024;Septiembre;MOTOCICLETA;PARTICULAR;Motociclista;18;MASCULINO;HERIDOS;0;0;0;;CARRERA 24F FRENTE AL # 40 SUR-41;;EL SALADO;6.150662431828333, -75.57833053832458;CHOQUE;VEHICULO;NO REPORTADO;RESIDENCIAL;Normal;Desobedecer señales
2240973;27/09/2024;1:03:00 p. m.;Viernes;2024;Septiembre;MOTOCICLETA;PARTICULAR;Acompañante;26;FEMENINO;HERIDOS;0;0;0;;CARRERA 24F FRENTE AL # 40 SUR-41;;EL SALADO;6.150662431828333, -75.57833053832458;CHOQUE;VEHICULO;NO REPORTADO;RESIDENCIAL;Normal;Desobedecer señales
2240973;27/09/2024;1:03:00 p. m.;Viernes;2024;Septiembre;MOTOCICLETA;PARTICULAR;Motociclista;50;MASCULINO;HERIDOS;0;0;0;;CARRERA 24F FRENTE AL # 40 SUR-41;;EL SALADO;6.150662431828333, -75.57833053832458;CHOQUE;VEHICULO;NO REPORTADO;RESIDENCIAL;Normal;Desobedecer señales
2240973;27/09/2024;1:03:00 p. m.;Viernes;2024;Septiembre;MOTOCICLETA;PARTICULAR;Peaton;8;MASCULINO;HERIDOS;0;0;0;;CARRERA 24F FRENTE AL # 40 SUR-41;;EL SALADO;6.150662431828333, -75.57833053832458;CHOQUE;VEHICULO;NO REPORTADO;RESIDENCIAL;Normal;Desobedecer señales
2240975;27/09/2024;7:10:00 p. m.;Viernes;2024;Septiembre;MOTOCICLETA;PARTICULAR;Motociclista;45;MASCULINO;HERIDOS;0;0;0;;KILOMETRO 15+140;medellín palmas envigado (km 12 - km 16+700);VEREDA PALMAS;6.15199614192377, -75.54534677076438;CAIDA OCUPANTE;NO REPORTADO;NO REPORTADO;NO REPORTADO;Normal;Impericia en el manejo
2240974;28/09/2024;3:10:00 a. m.;Sábado;2024;Septiembre;MOTOCICLETA;PARTICULAR;Motociclista;31;MASCULINO;HERIDOS;1;0;2;140;CALLE 25 SUR FRENTE AL # 46-221;;BOSQUES DE ZUÑIGA;6.184626466416773, -75.5825936886285;CHOQUE;OBJETO FIJO;MURO;RESIDENCIAL;Normal;Embriaguez o droga
2240977;28/09/2024;10:05:00 a. m.;Sábado;2024;Septiembre;AUTOMOVIL;PARTICULAR;Acompañante;12;MASCULINO;HERIDOS;0;0;0;;CALLE 21 SUR CARRERA 41AA;;ZUÑIGA;6.182491479445578, -75.5775286133138;CHOQUE;VEHICULO;NO REPORTADO;RESIDENCIAL;Normal;No mantener distancia de seguridad
2240959;29/09/2024;9:20:00 a. m.;Domingo;2024;Septiembre;BICICLETA;;Ciclista;61;MASCULINO;HERIDOS;0;0;0;;KILOMETRO 13+780;retiro varia palmas enviga (km 5+43 - km 14+ 550);VEREDA PALMAS;6.159869155727471, -75.54629316879888;CHOQUE;VEHICULO;NO REPORTADO;NO REPORTADO;Normal;Desobedecer señales
2240976;29/09/2024;2:07:00 p. m.;Domingo;2024;Septiembre;MOTOCICLETA;PARTICULAR;Peaton;80;FEMENINO;HERIDOS;0;0;0;;CARRERA 29 CALLE 40 SUR 78;;LA MINA;6.161590157612248, -75.582007642445;ATROPELLO;NO REPORTADO;NO REPORTADO;RESIDENCIAL;Normal;Otra-Peatón
2240978;29/09/2024;11:00:00 p. m.;Domingo;2024;Septiembre;MOTOCICLETA;PARTICULAR;Acompañante;24;MASCULINO;HERIDOS;0;0;0;;CALLE 37 SUR ENTRE CARRERA 49 y CARRERA 50;;LAS VEGAS;6.174773465521265, -75.59493797095404;CAIDA OCUPANTE;NO REPORTADO;NO REPORTADO;RESIDENCIAL;Lluvia;Falta de precaucion niebla, lluvia, humo
2240979;30/09/2024;7:30:00 a. m.;Lunes;2024;Septiembre;MOTOCICLETA;PARTICULAR;Motociclista;56;MASCULINO;HERIDOS;0;0;0;;CARRERA 50 ENTRE CALLE 50 SUR y CALLE 49 SUR;;LAS VEGAS;6.164590, -75.603086;CHOQUE;VEHICULO;NO REPORTADO;RESIDENCIAL;Normal;No mantener distancia de seguridad
2240979;30/09/2024;7:30:00 a. m.;Lunes;2024;Septiembre;MOTOCICLETA;PARTICULAR;Acompañante;28;MASCULINO;HERIDOS;0;0;0;;CARRERA 50 ENTRE CALLE 50 SUR y CALLE 49 SUR;;LAS VEGAS;6.164590, -75.603086;CHOQUE;VEHICULO;NO REPORTADO;RESIDENCIAL;Normal;No mantener distancia de seguridad
2240980;30/09/2024;4:50:00 p. m.;Lunes;2024;Septiembre;MOTOCICLETA;PARTICULAR;Motociclista;25;MASCULINO;HERIDOS;0;0;0;;KILOMETRO 1 +900;el escobero - km 0-13);VEREDA EL ESCOBERO;6.140381458902991, -75.5588817293572;CAIDA OCUPANTE;NO REPORTADO;NO REPORTADO;NO REPORTADO;Normal;Superficie humeda
2240980;30/09/2024;4:50:00 p. m.;Lunes;2024;Septiembre;MOTOCICLETA;PARTICULAR;Acompañante;23;MASCULINO;HERIDOS;0;0;0;;KILOMETRO 1 +900;el escobero - km 0-13);VEREDA EL ESCOBERO;6.140381458902991, -75.5588817293572;CAIDA OCUPANTE;NO REPORTADO;NO REPORTADO;NO REPORTADO;Normal;Superficie humeda
2240981;1/10/2024;6:50:00 a. m.;Martes;2024;Octubre;MOTOCICLETA;PARTICULAR;Motociclista;26;FEMENINO;HERIDOS;0;0;0;;CALLE 38 SUR CARRERA 38;;MESA;6.167929377982858, -75.58473461337908;CHOQUE;VEHICULO;NO REPORTADO;RESIDENCIAL;Normal;Adelantar cerrando