NRO_RADICADO;FECHA_ACCIDENTE;HORA_ACCIDENTE;Día de la semana;AÑO;MES;CLASE_VEHICULO;TIPO_SERVICIO;TIPO_VICTIMA;EDAD;GENERO;GRAVEDAD;ESTADO_BEODEZ;ESTADO_DROGA;RESULTADO_BEODEZ;RESUL_BEODEZ_GRAMOS;DIRECCION_CARACT_VIA;TRAMO_VIA;LOCALIDAD_O_COMUNA;    GEORREFERENCIACIÓN;DESC_CLASE_ACCIDENTE;DESC_CHOQUE_ACCIDENTE;DESC_OBJETO_FIJO;DESC_SECTOR_ACCIDENTE;CONDICION_CLIMATICA;CAUSA_ACCIDENTE
2240982;1/10/2024;5:55:00 p. m.;Martes;2024;Octubre;MOTOCICLETA;PARTICULAR;Motociclista;24;MASCULINO;HERIDOS;0;0;0;;CARRERA 50 ENTRE CALLE 30 SUR y CALLE 26 SUR;;LAS VEGAS;6.184829958439692, -75.58725526213536;CHOQUE;OBJETO FIJO;MURO;RESIDENCIAL;Normal;Impericia en el manejo
2240983;1/10/2024;2:55:00 p. m.;Martes;2024;Octubre;AUTOMOVIL;PARTICULAR;Conductor;16;FEMENINO;HERIDOS;0;0;0;;TRANSVERSAL 34 SUR DIAGONAL 39;;OBRERO;6.172279900232315, -75.58455489481632;CHOQUE;VEHICULO;NO REPORTADO;RESIDENCIAL;Normal;Desobedecer señales
2240984;1/10/2024;2:55:00 p. m.;Martes;2024;Octubre;MOTOCICLETA;PARTICULAR;Motociclista;20;MASCULINO;HERIDOS;0;0;0;;CARRERA 48 FRENTE AL # 32C SUR 02;;LAS VEGAS;6.176382327366203, -75.59035377924127;CHOQUE;VEHICULO;NO REPORTADO;RESIDENCIAL;Normal;No mantener distancia de seguridad
2240985;1/10/2024;10:30:00 a. m.;Martes;2024;Octubre;MOTOCICLETA;PARTICULAR;Motociclista;24;FEMENINO;HERIDOS;0;0;0;;CARRERA 28 CALLE 39 A SUR;;SAN JOSE;6.160854155877131, -75.58049151798323;CHOQUE;VEHICULO;NO REPORTADO;RESIDENCIAL;Normal;Desobedecer señales
2240985;1/10/2024;10:30:00 a. m.;Martes;2024;Octubre;MOTOCICLETA;PARTICULAR;Motociclista;22;FEMENINO;HERIDOS;0;0;0;;CARRERA 28 CALLE 39 A SUR;;SAN JOSE;6.160854155877131, -75.58049151798323;CHOQUE;VEHICULO;NO REPORTADO;RESIDENCIAL;Normal;Desobedecer señales
2240985;1/10/2024;10:30:00 a. m.;Martes;2024;Octubre;MOTOCICLETA;PARTICULAR;Acompañante;22;FEMENINO;HERIDOS;0;0;0;;CARRERA 28 CALLE 39 A SUR;;SAN JOSE;6.160854155877131, -75.58049151798323;CHOQUE;VEHICULO;NO REPORTADO;RESIDENCIAL;Normal;Desobedecer señales
2240986;1/10/2024;7:00:00 p. m.;Martes;2024;Octubre;MOTOCICLETA;PARTICULAR;Motociclista;35;MASCULINO;HERIDOS;0;0;0;;DIAGONAL 32D TRANSVERSAL 32 C SUR;;LA MAGNOLIA;6.174556894807736, -75.58388146145026;CHOQUE;VEHICULO;NO REPORTADO;RESIDENCIAL;Normal;Desobedecer señales
2240986;1/10/2024;7:00:00 p. m.;Martes;2024;Octubre;MOTOCICLETA;PARTICULAR;Acompañante;29;FEMENINO;HERIDOS;0;0;0;;DIAGONAL 32D TRANSVERSAL 32 C SUR;;LA MAGNOLIA;6.174556894807736, -75.58388146145026;CHOQUE;VEHICULO;NO REPORTADO;RESIDENCIAL;Normal;Desobedecer señales
2240987;2/10/2024;4:00:00 p. m.;Miércoles;2024;Octubre;MOTOCICLETA;;Peaton;17;MASCULINO;HERIDOS;0;0;0;;CALLE 46 E SUR FRENTE AL # 42A-08;;LA PAZ;6.160416386929466, -75.59509553011947;ATROPELLO;NO REPORTADO;NO REPORTADO;RESIDENCIAL;Normal;Cruzar sin observar  -  Otra-Conductor
2240987;2/10/2024;4:00:00 p. m.;Miércoles;2024;Octubre;MOTOCICLETA;;Peaton;17;FEMENINO;HERIDOS;0;0;0;;CALLE 46 E SUR FRENTE AL # 42A-08;;LA PAZ;6.160416386929466, -75.59509553011947;ATROPELLO;NO REPORTADO;NO REPORTADO;RESIDENCIAL;Normal;Cruzar sin observar  -  Otra-Conductor
2240989;2/10/2024;7:34:00 p. m.;Miércoles;2024;Octubre;MOTOCICLETA;PARTICULAR;Acompañante;67;FEMENINO;HERIDOS;0;0;0;;CALLE 36 SUR CARRERA 27;;LA INMACULADA;6.167093131972579, -75.5693685981976;CHOQUE;OBJETO FIJO;OTRO TIPO;RESIDENCIAL;Normal;Fallas en los frenos
2240990;3/10/2024;8:15:00 p. m.;Jueves;2024;Octubre;BICICLETA;;Ciclista;35;MASCULINO;HERIDOS;0;0;0;;CALLE 40 B SUR CARRERA 40;;EL DORADO;6.165646324823735, -75.58766839397069;CHOQUE;VEHICULO;NO REPORTADO;RESIDENCIAL;Normal;Desobedecer señales
2240991;3/10/2024;6:20:00 a. m.;Jueves;2024;Octubre;MOTOCICLETA;PARTICULAR;Motociclista;27;MASCULINO;HERIDOS;0;0;0;;CALLE 38 SUR FRENTE AL # 46-38;;ALCALA;6.172064961412271, -75.59175418172305;CAIDA OCUPANTE;NO REPORTADO;NO REPORTADO;RESIDENCIAL;Normal;Impericia en el manejo  -  No mantener distancia de seguridad
2240992;3/10/2024;6:35:00 a. m.;Jueves;2024;Octubre;MOTOCICLETA;PARTICULAR;Motociclista;40;FEMENINO;HERIDOS;0;0;0;;CALLE 39 SUR CARRERA 27C;;SAN JOSE;6.1592635625370455, -75.57892005035508;CHOQUE;VEHICULO;NO REPORTADO;RESIDENCIAL;Normal;Desobedecer señales
2240988;4/10/2024;5:39:00 a. m.;Viernes;2024;Octubre;MOTOCICLETA;PARTICULAR;Motociclista;33;MASCULINO;HERIDOS;0;0;0;;CALLE 25 A SUR FRENTE AL # 42B-80;;PONTE VEDRA;6.179292756585511, -75.58092601974549;CHOQUE;VEHICULO;NO REPORTADO;RESIDENCIAL;Normal;Desobedecer señales
2240994;4/10/2024;7:30:00 p. m.;Viernes;2024;Octubre;MOTOCICLETA;PARTICULAR;Motociclista;33;MASCULINO;HERIDOS;0;0;0;;CALLE 25 SUR ENTRE CARRERA 42B y TRANSVERSAL 32C SUR;;PONTE VEDRA;6.179701107355398, -75.5813764668419;CHOQUE;VEHICULO;NO REPORTADO;RESIDENCIAL;Normal;No mantener distancia de seguridad
2240996;5/10/2024;4:48:00 p. m.;Sábado;2024;Octubre;MOTOCICLETA;PARTICULAR;Motociclista;42;MASCULINO;HERIDOS;0;0;0;;CALLE 25 A SUR CARRERA 42B;;LAS ORQUIDEAS;6.180237992694924, -75.58113083957399;CAIDA OCUPANTE;NO REPORTADO;NO REPORTADO;RESIDENCIAL;Lluvia;Superficie humeda
2240996;5/10/2024;4:48:00 p. m.;Sábado;2024;Octubre;MOTOCICLETA;PARTICULAR;Acompañante;28;FEMENINO;HERIDOS;0;0;0;;CALLE 25 A SUR CARRERA 42B;;LAS ORQUIDEAS;6.180237992694924, -75.58113083957399;CAIDA OCUPANTE;NO REPORTADO;NO REPORTADO;RESIDENCIAL;Lluvia;Superficie humeda
2240998;5/10/2024;9:40:00 a. m.;Sábado;2024;Octubre;MOTOCICLETA;PARTICULAR;Motociclista;43;FEMENINO;HERIDOS;0;0;0;;CARRERA 29 A FRENTE AL # 37 SUR-85;;LA PRADERA;6.166049020934308, -75.58020878284626;CHOQUE;VEHICULO;NO REPORTADO;RESIDENCIAL;Normal;No mantener distancia de seguridad
2240998;5/10/2024;9:40:00 a. m.;Sábado;2024;Octubre;MOTOCICLETA;PARTICULAR;Motociclista;18;MASCULINO;HERIDOS;0;0;0;;CARRERA 29 A FRENTE AL # 37 SUR-85;;LA PRADERA;6.166049020934308, -75.58020878284626;CHOQUE;VEHICULO;NO REPORTADO;RESIDENCIAL;Normal;No mantener distancia de seguridad
2241000;5/10/2024;3:00:00 p. m.;Sábado;2024;Octubre;MOTOCICLETA;PARTICULAR;Motociclista;46;MASCULINO;HERIDOS;0;0;0;;KILOMETRO 14+870;medellín palmas envigado (km 12 - km 16+700);VEREDA PALMAS;6.152513080112101, -75.54662877690309;CHOQUE;OBJETO FIJO;BARANDA;NO REPORTADO;Normal;Impericia en el manejo
2241000;5/10/2024;3:00:00 p. m.;Sábado;2024;Octubre;MOTOCICLETA;PARTICULAR;Acompañante;47;FEMENINO;HERIDOS;0;0;0;;KILOMETRO 14+870;medellín palmas envigado (km 12 - km 16+700);VEREDA PALMAS;6.152513080112101, -75.54662877690309;CHOQUE;OBJETO FIJO;BARANDA;NO REPORTADO;Normal;Impericia en el manejo
2241001;5/10/2024;4:35:00 p. m.;Sábado;2024;Octubre;MOTOCICLETA;PARTICULAR;Motociclista;32;MASCULINO;HERIDOS;0;0;0;;CALLE 41 AA SUR CARRERA 29A;;SAN RAFAEL;6.158264588867643, -75.58524813695136;CHOQUE;VEHICULO;NO REPORTADO;RESIDENCIAL;Normal;Desobedecer señales
2241002;5/10/2024;8:10:00 p. m.;Sábado;2024;Octubre;MOTOCICLETA;PARTICULAR;Acompañante;36;MASCULINO;HERIDOS;0;0;0;;CALLE 40 SUR FRENTE AL # 23 A 31;;EL SALADO;6.142179020448705, -75.5743024210384;CAIDA OCUPANTE;NO REPORTADO;NO REPORTADO;RESIDENCIAL;Normal;Desobedecer señales
2240995;6/10/2024;12:10:00 a. m.;Domingo;2024;Octubre;MOTOCICLETA;PARTICULAR;Motociclista;25;MASCULINO;HERIDOS;0;0;0;;KILOMETRO 13+680;medellín palmas envigado (km 12 - km 16+700);VEREDA PALMAS;6.159130697841434, -75.53199903449284;CHOQUE;OBJETO FIJO;ARBOL;NO REPORTADO;Normal;Otra-Conductor
2240999;6/10/2024;8:00:00 a. m.;Domingo;2024;Octubre;AUTOMOVIL;PUBLICO;Peaton;51;MASCULINO;HERIDOS;0;0;0;;CALLE 38 A SUR CARRERA 48;;ALCALA;6.172409792177199, -75.59319165245228;ATROPELLO;NO REPORTADO;NO REPORTADO;RESIDENCIAL;Normal;Transitar por la calzada
2241003;6/10/2024;7:20:00 p. m.;Domingo;2024;Octubre;AUTOMOVIL;PARTICULAR;Conductor;20;FEMENINO;HERIDOS;0;0;0;;CARRERA 43 A FRENTE AL # 44 A SUR-30;;LA PAZ;6.165125659521431, -75.594311093958;CHOQUE;OBJETO FIJO;POSTE;RESIDENCIAL;Normal;Impericia en el manejo
2241003;6/10/2024;7:20:00 p. m.;Domingo;2024;Octubre;AUTOMOVIL;PARTICULAR;Acompañante;20;MASCULINO;HERIDOS;0;0;0;;CARRERA 43 A FRENTE AL # 44 A SUR-30;;LA PAZ;6.165125659521431, -75.594311093958;CHOQUE;OBJETO FIJO;POSTE;RESIDENCIAL;Normal;Impericia en el manejo
2241003;6/10/2024;7:20:00 p. m.;Domingo;2024;Octubre;AUTOMOVIL;PARTICULAR;Acompañante;19;MASCULINO;HERIDOS;0;0;0;;CARRERA 43 A FRENTE AL # 44 A SUR-30;;LA PAZ;6.165125659521431, -75.594311093958;CHOQUE;OBJETO FIJO;POSTE;RESIDENCIAL;Normal;Impericia en el manejo
2240993;7/10/2024;3:35:00 p. m.;Lunes;2024;Octubre;MICROBUS;PUBLICO;Pasajero;72;FEMENINO;HERIDOS;0;0;0;;CALLE 40 SUR FRENTE AL # 26 A 16;;EL SALADO;6.157909788621549, -75.58074856101904;CHOQUE;VEHICULO;NO REPORTADO;RESIDENCIAL;Normal;Fallas en los frenos
2241004;7/10/2024;5:05:00 p. m.;Lunes;2024;Octubre;MOTOCICLETA;PARTICULAR;Acompañante;33;FEMENINO;HERIDOS;0;0;0;;CALLE 40 SUR CARRERA 27;;SAN JOSE;6.158296267501281, -75.58084890031884;OTRO;NO REPORTADO;NO REPORTADO;RESIDENCIAL;Lluvia;Desobedecer señales  -  Superficie humeda
2241005;7/10/2024;10:20:00 a. m.;Lunes;2024;Octubre;MOTOCICLETA;PARTICULAR;Motociclista;50;MASCULINO;HERIDOS;0;0;0;;CARRERA 50 CALLE 43 SUR;;LAS VEGAS;6.171018, -75.600755;CHOQUE;VEHICULO;NO REPORTADO;RESIDENCIAL;Normal;Frenar bruscamente  -  Transitar entre vehiculos
2241005;7/10/2024;10:20:00 a. m.;Lunes;2024;Octubre;MOTOCICLETA;PARTICULAR;Acompañante;20;MASCULINO;HERIDOS;0;0;0;;CARRERA 50 CALLE 43 SUR;;LAS VEGAS;6.171018, -75.600755;CHOQUE;VEHICULO;NO REPORTADO;RESIDENCIAL;Normal;Frenar bruscamente  -  Transitar entre vehiculos
2241006;7/10/2024;3:40:00 p. m.;Lunes;2024;Octubre;MOTOCICLETA;PARTICULAR;Motociclista;25;FEMENINO;HERIDOS;0;0;0;;KILOMETRO 14+840;medellín palmas envigado (km 12 - km 16+700);VEREDA PALMAS;6.152736324914516, -75.5465147519703;CHOQUE;OBJETO FIJO;BARANDA;NO REPORTADO;Normal;Impericia en el manejo
2241006;7/10/2024;3:40:00 p. m.;Lunes;2024;Octubre;MOTOCICLETA;PARTICULAR;Acompañante;32;FEMENINO;HERIDOS;0;0;0;;KILOMETRO 14+840;medellín palmas envigado (km 12 - km 16+700);VEREDA PALMAS;6.152736324914516, -75.5465147519703;CHOQUE;OBJETO FIJO;BARANDA;NO REPORTADO;Normal;Impericia en el manejo
2240997;8/10/2024;7:00:00 a. m.;Martes;2024;Octubre;MOTOCICLETA;PARTICULAR;Motociclista;42;FEMENINO;HERIDOS;0;0;0;;KILOMETRO 10+200;retiro varia palmas enviga (km 5+43 - km 14+ 550);VEREDA PANTANILLO;6.159744613656669, -75.5058645016049;CHOQUE;VEHICULO;NO REPORTADO;NO REPORTADO;Normal;No mantener distancia de seguridad
2241007;8/10/2024;6:10:00 a. m.;Martes;2024;Octubre;MOTOCICLETA;PARTICULAR;Motociclista;21;MASCULINO;HERIDOS;0;0;0;;CALLE 48 C SUR CARRERA 46;;PRIMAVERA;6.162836726920751, -75.59972737367484;CHOQUE;VEHICULO;NO REPORTADO;RESIDENCIAL;Normal;Desobedecer señales
2241008;8/10/2024;4:40:00 p. m.;Martes;2024;Octubre;MOTOCICLETA;PARTICULAR;Motociclista;25;MASCULINO;HERIDOS;0;0;0;;CARRERA 48 ENTRE CALLE 30 SUR y CALLE 31 SUR;;LAS VEGAS;6.178515191264123, -75.58914818543687;CHOQUE;VEHICULO;NO REPORTADO;RESIDENCIAL;Normal;Otra-Conductor
2241009;9/10/2024;8:30:00 a. m.;Miércoles;2024;Octubre;MOTOCICLETA;PARTICULAR;Motociclista;31;MASCULINO;HERIDOS;1;0;0;20;CARRERA 43A CALLE 41 B SUR;;EL DORADO;6.166268322937008, -75.59271719428988;CHOQUE;VEHICULO;NO REPORTADO;RESIDENCIAL;Normal;No mantener distancia de seguridad
2241009;9/10/2024;8:30:00 a. m.;Miércoles;2024;Octubre;MOTOCICLETA;PARTICULAR;Acompañante;27;FEMENINO;HERIDOS;1;0;0;20;CARRERA 43A CALLE 41 B SUR;;EL DORADO;6.166268322937008, -75.59271719428988;CHOQUE;VEHICULO;NO REPORTADO;RESIDENCIAL;Normal;No mantener distancia de seguridad
2241010;9/10/2024;10:00:00 a. m.;Miércoles;2024;Octubre;MOTOCICLETA;PARTICULAR;Motociclista;26;MASCULINO;HERIDOS;0;0;0;;KILOMETRO 6+640;retiro varia palmas enviga (km 5+43 - km 14+ 550);VEREDA PANTANILLO;6.1682463998935155, -75.48715583589328;CHOQUE;VEHICULO;NO REPORTADO;NO REPORTADO;Normal;Desobedecer señales
2241010;9/10/2024;10:00:00 a. m.;Miércoles;2024;Octubre;MOTOCICLETA;PARTICULAR;Motociclista;31;FEMENINO;HERIDOS;0;0;0;;KILOMETRO 6+640;retiro varia palmas enviga (km 5+43 - km 14+ 550);VEREDA PANTANILLO;6.1682463998935155, -75.48715583589328;CHOQUE;VEHICULO;NO REPORTADO;NO REPORTADO;Normal;Desobedecer señales
2241011;9/10/2024;7:57:00 p. m.;Miércoles;2024;Octubre;MOTOCICLETA;PARTICULAR;Motociclista;25;FEMENINO;HERIDOS;0;0;0;;CALLE 37 SUR FRENTE AL # 46 A 81;;EL PORTAL;6.172989525613502, -75.59149695016465;OTRO;NO REPORTADO;NO REPORTADO;RESIDENCIAL;Normal;Superficie humeda
2241012;9/10/2024;3:55:00 p. m.;Miércoles;2024;Octubre;MOTOCICLETA;PARTICULAR;Motociclista;26;FEMENINO;HERIDOS;0;0;0;;KILOMETRO 13+475;medellín palmas envigado (km 12 - km 16+700);VEREDA PALMAS;6.159310296852489, -75.53018676322239;CHOQUE;VEHICULO;NO REPORTADO;NO REPORTADO;Normal;Adelantar cerrando
2241013;10/10/2024;4:20:00 p. m.;Jueves;2024;Octubre;MOTOCICLETA;PARTICULAR;Motociclista;30;MASCULINO;HERIDOS;0;0;0;;CARRERA 50 ENTRE CALLE 47 SUR y CALLE 45 SUR;;LAS VEGAS;6.166087, -75.602677;CHOQUE;VEHICULO;NO REPORTADO;RESIDENCIAL;Normal;Impericia en el manejo  -  No mantener distancia de seguridad
2241022;10/10/2024;4:15:00 p. m.;Jueves;2024;Octubre;MOTOCICLETA;PARTICULAR;Motociclista;29;FEMENINO;HERIDOS;0;0;0;;CARRERA 48 ENTRE CALLE 36 SUR y CALLE 37 SUR;;LAS VEGAS;6.173818061380639, -75.59212149159782;CAIDA OCUPANTE;NO REPORTADO;NO REPORTADO;RESIDENCIAL;Normal;Impericia en el manejo
2241025;10/10/2024;11:45:00 a. m.;Jueves;2024;Octubre;MOTOCICLETA;PARTICULAR;Motociclista;63;MASCULINO;HERIDOS;0;0;0;;CALLE 39 SUR CARRERA 32;;MESA;6.164573921354557, -75.58250501662864;CHOQUE;VEHICULO;NO REPORTADO;RESIDENCIAL;Normal;Desobedecer señales
2241016;11/10/2024;3:45:00 p. m.;Viernes;2024;Octubre;MOTOCICLETA;PARTICULAR;Peaton;58;MASCULINO;HERIDOS;0;0;0;;CARRERA 43 A FRENTE AL # 39SUR-18;;ZONA CENTRO;6.168818461913387, -75.5896309810732;ATROPELLO;NO REPORTADO;NO REPORTADO;RESIDENCIAL;Normal;Exceso de velocidad  -  Pasar semaforo en rojo
2241016;11/10/2024;3:45:00 p. m.;Viernes;2024;Octubre;MOTOCICLETA;PARTICULAR;Motociclista;24;MASCULINO;HERIDOS;0;0;0;;CARRERA 43 A FRENTE AL # 39SUR-18;;ZONA CENTRO;6.168818461913387, -75.5896309810732;ATROPELLO;NO REPORTADO;NO REPORTADO;RESIDENCIAL;Normal;Exceso de velocidad  -  Pasar semaforo en rojo
2241019;11/10/2024;8:33:00 p. m.;Viernes;2024;Octubre;BICICLETA;;Ciclista;14;MASCULINO;HERIDOS;0;0;0;;CARRERA 42B FRENTE AL # 26A SUR-44;;PONTE VEDRA;6.1789946211689335, -75.58183432146305;CHOQUE;VEHICULO;NO REPORTADO;RESIDENCIAL;Normal;Otra-Conductor
2241021;11/10/2024;12:31:00 p. m.;Viernes;2024;Octubre;BICICLETA;;Ciclista;60;MASCULINO;HERIDOS;0;0;0;;TRANSVERSAL 32 A SUR FRENTE AL # 33-39;;LA MAGNOLIA;6.174862461718336, -75.58485876884164;CHOQUE;VEHICULO;NO REPORTADO;RESIDENCIAL;Normal;Desobedecer señales
2241020;12/10/2024;10:10:00 p. m.;Sábado;2024;Octubre;MOTOCICLETA;PARTICULAR;Acompañante;23;FEMENINO;HERIDOS;0;0;0;;KILOMETRO 8+520;retiro varia palmas enviga (km 5+43 - km 14+ 550);VEREDA PALMAS;6.170062910190346, -75.49834625403481;CAIDA OCUPANTE;NO REPORTADO;NO REPORTADO;NO REPORTADO;Normal;Impericia en el manejo
2241020;12/10/2024;10:10:00 p. m.;Sábado;2024;Octubre;MOTOCICLETA;PARTICULAR;Motociclista;23;MASCULINO;HERIDOS;0;0;0;;KILOMETRO 8+520;retiro varia palmas enviga (km 5+43 - km 14+ 550);VEREDA PALMAS;6.170062910190346, -75.49834625403481;CAIDA OCUPANTE;NO REPORTADO;NO REPORTADO;NO REPORTADO;Normal;Impericia en el manejo
2241024;12/10/2024;4:20:00 p. m.;Sábado;2024;Octubre;MOTOCICLETA;PARTICULAR;Motociclista;58;MASCULINO;HERIDOS;0;0;0;;CARRERA 48 FRENTE AL 38B SUR 10;;LAS VEGAS;6.172353712816592, -75.59320034839469;CHOQUE;VEHICULO;NO REPORTADO;RESIDENCIAL;Normal;Desobedecer señales
2241026;12/10/2024;1:18:00 a. m.;Sábado;2024;Octubre;AUTOMOVIL;DIPLOMATICO;Acompañante;30;FEMENINO;HERIDOS;1;0;2;140;KILOMETRO 14+030;retiro varia palmas enviga (km 5+43 - km 14+ 550);VEREDA PALMAS;6.156516504584084, -75.5331669198945;CHOQUE;OBJETO FIJO;POSTE;NO REPORTADO;Normal;Embriaguez o droga
2241027;12/10/2024;2:32:00 p. m.;Sábado;2024;Octubre;BICICLETA;;Ciclista;63;MASCULINO;HERIDOS;0;0;0;;CALLE 39 SUR NUMERO 25 B-130 ;;EL CHINGUÍ;6.156771000781098, -75.57867822081707;CHOQUE;VEHICULO;NO REPORTADO;RESIDENCIAL;Normal;Impericia en el manejo
2241014;13/10/2024;9:50:00 p. m.;Domingo;2024;Octubre;MOTOCICLETA;PARTICULAR;Motociclista;19;MASCULINO;HERIDOS;0;0;0;;CALLE 40 SUR FRENTE AL # 24DD- 26;;EL SALADO;6.1485899019696015, -75.57682244925971;CHOQUE;VEHICULO;NO REPORTADO;RESIDENCIAL;Normal;Desobedecer señales
2241014;13/10/2024;9:50:00 p. m.;Domingo;2024;Octubre;MOTOCICLETA;PARTICULAR;Acompañante;25;FEMENINO;HERIDOS;0;0;0;;CALLE 40 SUR FRENTE AL # 24DD- 26;;EL SALADO;6.1485899019696015, -75.57682244925971;CHOQUE;VEHICULO;NO REPORTADO;RESIDENCIAL;Normal;Desobedecer señales
2241017;13/10/2024;11:20:00 p. m.;Domingo;2024;Octubre;MOTOCICLETA;PARTICULAR;Motociclista;21;MASCULINO;HERIDOS;0;0;0;;KILOMETRO 2+500;el escobero - km 0-13);VEREDA EL ESCOBERO;6.138581731837884, -75.55676181696901;CHOQUE;OBJETO FIJO;BARANDA;NO REPORTADO;Normal;Impericia en el manejo
2241018;13/10/2024;1:05:00 a. m.;Domingo;2024;Octubre;MOTOCICLETA;PARTICULAR;Acompañante;32;FEMENINO;HERIDOS;1;0;0;20;CARRERA 39 CALLE 37 SUR;;ZONA CENTRO;6.169033994450284, -75.58501848033762;CHOQUE;VEHICULO;NO REPORTADO;RESIDENCIAL;Normal;Embriaguez o droga  -  Semaforo en rojo
2241018;13/10/2024;1:05:00 a. m.;Domingo;2024;Octubre;MOTOCICLETA;PARTICULAR;Motociclista;28;MASCULINO;HERIDOS;0;0;0;;CARRERA 39 CALLE 37 SUR;;ZONA CENTRO;6.169033994450284, -75.58501848033762;CHOQUE;VEHICULO;NO REPORTADO;RESIDENCIAL;Normal;Embriaguez o droga  -  Semaforo en rojo
2241023;13/10/2024;12:16:00 a. m.;Domingo;2024;Octubre;MOTOCICLETA;PARTICULAR;Acompañante;23;FEMENINO;HERIDOS;0;0;0;;CALLE 45 A SUR FRENTE AL # 39B-130;;LAS ANTILLAS;6.160365458310325, -75.59019564427156;CAIDA OCUPANTE;NO REPORTADO;NO REPORTADO;RESIDENCIAL;Lluvia;Superficie humeda
2241023;13/10/2024;12:16:00 a. m.;Domingo;2024;Octubre;MOTOCICLETA;PARTICULAR;Motociclista;36;MASCULINO;HERIDOS;0;0;0;;CALLE 45 A SUR FRENTE AL # 39B-130;;LAS ANTILLAS;6.160365458310325, -75.59019564427156;CAIDA OCUPANTE;NO REPORTADO;NO REPORTADO;RESIDENCIAL;Lluvia;Superficie humeda
2241028;13/10/2024;12:25:00 p. m.;Domingo;2024;Octubre;CAMIONETA;PARTICULAR;Conductor;34;MASCULINO;HERIDOS;0;0;0;;KILOMETRO 15+700;medellín palmas envigado (km 12 - km 16+700);VEREDA PALMAS;6.153347888396733, -75.5407650154254;CHOQUE;VEHICULO;NO REPORTADO;NO REPORTADO;Normal;No mantener distancia de seguridad
2241028;13/10/2024;12:25:00 p. m.;Domingo;2024;Octubre;CAMIONETA;PARTICULAR;Acompañante;33;FEMENINO;HERIDOS;0;0;0;;KILOMETRO 15+700;medellín palmas envigado (km 12 - km 16+700);VEREDA PALMAS;6.153347888396733, -75.5407650154254;CHOQUE;VEHICULO;NO REPORTADO;NO REPORTADO;Normal;No mantener distancia de seguridad
2241032;13/10/2024;9:24:00 a. m.;Domingo;2024;Octubre;MOTOCICLETA;PARTICULAR;Motociclista;47;MASCULINO;HERIDOS;0;0;0;;CALLE 40F SUR FRENTE A32-38;;EL DORADO;6.1616194727413, -75.58530339485985;VOLCAMIENTO;NO REPORTADO;NO REPORTADO;RESIDENCIAL;Normal;Impericia en el manejo
2241015;14/10/2024;8:08:00 p. m.;Lunes;2024;Octubre;MOTOCICLETA;PARTICULAR;Motociclista;44;MASCULINO;HERIDOS;0;0;0;;DIAGONAL 31 FRENTE AL # 33 A SUR-56;;LAS FLORES;6.1743637978081845, -75.57915706232617;CAIDA OCUPANTE;NO REPORTADO;NO REPORTADO;RESIDENCIAL;Normal;Impericia en el manejo
2241030;14/10/2024;4:15:00 a. m.;Lunes;2024;Octubre;AUTOMOVIL;PARTICULAR;Conductor;47;FEMENINO;HERIDOS;0;0;0;;CALLE 35 SUR TRANSVERSAL 34C SUR;;ZONA CENTRO;6.170925500619196, -75.58466886398506;CHOQUE;VEHICULO;NO REPORTADO;RESIDENCIAL;Normal;Desobedecer señales
2241031;14/10/2024;3:15:00 a. m.;Lunes;2024;Octubre;MOTOCICLETA;PARTICULAR;Acompañante;19;FEMENINO;HERIDOS;1;0;2;140;CARRERA 43A CALLE 25 SUR;;BOSQUES DE ZUÑIGA;6.181544601777213, -75.58127632520977;CHOQUE;OBJETO FIJO;POSTE;RESIDENCIAL;Normal;Embriaguez aparente
2241031;14/10/2024;3:15:00 a. m.;Lunes;2024;Octubre;MOTOCICLETA;PARTICULAR;Motociclista;21;MASCULINO;HERIDOS;1;0;2;140;CARRERA 43A CALLE 25 SUR;;BOSQUES DE ZUÑIGA;6.181544601777213, -75.58127632520977;CHOQUE;OBJETO FIJO;POSTE;RESIDENCIAL;Normal;Embriaguez aparente
2241034;14/10/2024;1:55:00 p. m.;Lunes;2024;Octubre;MOTOCICLETA;PARTICULAR;Motociclista;33;MASCULINO;HERIDOS;0;0;0;;CARRERA 27 A CON CALLE 36 D SUR;;LA PRADERA;6.163286696668864, -75.57191947478928;CHOQUE;VEHICULO;NO REPORTADO;RESIDENCIAL;Normal;Impericia en el manejo
2241033;15/10/2024;12:10:00 p. m.;Martes;2024;Octubre;MOTOCICLETA;PARTICULAR;Acompañante;50;MASCULINO;HERIDOS;0;0;0;;CARRERA 48 CALLE 39 SUR;;LAS VEGAS;6.171788727776994, -75.59383175353878;CHOQUE;VEHICULO;NO REPORTADO;RESIDENCIAL;Normal;Desobedecer señales
2241033;15/10/2024;12:10:00 p. m.;Martes;2024;Octubre;MOTOCICLETA;PARTICULAR;Motociclista;27;MASCULINO;HERIDOS;0;0;0;;CARRERA 48 CALLE 39 SUR;;LAS VEGAS;6.171788727776994, -75.59383175353878;CHOQUE;VEHICULO;NO REPORTADO;RESIDENCIAL;Normal;Desobedecer señales
2241035;15/10/2024;2:10:00 p. m.;Martes;2024;Octubre;MOTOCICLETA;PARTICULAR;Motociclista;21;MASCULINO;HERIDOS;0;0;0;;TRANSVERSAL 32 C SUR DIAGONAL 33;;LA MAGNOLIA;6.17447849280085, -75.58450636138731;CHOQUE;VEHICULO;NO REPORTADO;RESIDENCIAL;Normal;Desobedecer señales