NRO_RADICADO;FECHA_ACCIDENTE;HORA_ACCIDENTE;Día de la semana;AÑO;MES;CLASE_VEHICULO;TIPO_SERVICIO;TIPO_VICTIMA;EDAD;GENERO;GRAVEDAD;ESTADO_BEODEZ;ESTADO_DROGA;RESULTADO_BEODEZ;RESUL_BEODEZ_GRAMOS;DIRECCION_CARACT_VIA;TRAMO_VIA;LOCALIDAD_O_COMUNA;    GEORREFERENCIACIÓN;DESC_CLASE_ACCIDENTE;DESC_CHOQUE_ACCIDENTE;DESC_OBJETO_FIJO;DESC_SECTOR_ACCIDENTE;CONDICION_CLIMATICA;CAUSA_ACCIDENTE
2241036;15/10/2024;5:30:00 p. m.;Martes;2024;Octubre;MOTOCICLETA;PARTICULAR;Motociclista;22;MASCULINO;HERIDOS;0;0;0;;CALLE 38 SUR NUMERO 39-09;;ZONA CENTRO;6.168151191586528, -75.58542755042754;CHOQUE;VEHICULO;NO REPORTADO;COMERCIAL;Normal;Impericia en el manejo
2241037;15/10/2024;10:04:00 p. m.;Martes;2024;Octubre;MOTOCICLETA;PARTICULAR;Motociclista;24;MASCULINO;HERIDOS;0;0;0;;CARRERA 48 CALLE 30 SUR;;LAS VEGAS;6.179496718217783, -75.58819458527805;CHOQUE;VEHICULO;NO REPORTADO;COMERCIAL;Normal;Desobedecer señales
2241037;15/10/2024;10:04:00 p. m.;Martes;2024;Octubre;MOTOCICLETA;PARTICULAR;Acompañante;35;FEMENINO;HERIDOS;0;0;0;;CARRERA 48 CALLE 30 SUR;;LAS VEGAS;6.179496718217783, -75.58819458527805;CHOQUE;VEHICULO;NO REPORTADO;COMERCIAL;Normal;Desobedecer señales
2241037;15/10/2024;10:04:00 p. m.;Martes;2024;Octubre;MOTOCICLETA;PARTICULAR;Motociclista;21;MASCULINO;HERIDOS;0;0;0;;CARRERA 48 CALLE 30 SUR;;LAS VEGAS;6.179496718217783, -75.58819458527805;CHOQUE;VEHICULO;NO REPORTADO;COMERCIAL;Normal;Desobedecer señales
2241038;15/10/2024;5:00:00 p. m.;Martes;2024;Octubre;MOTOCICLETA;PARTICULAR;Motociclista;30;MASCULINO;HERIDOS;0;0;0;;CARRERA 40 CALLE48 SUR;;EL TRIANON;6.158718289838215, -75.59467515855671;CHOQUE;VEHICULO;NO REPORTADO;RESIDENCIAL;Lluvia;Desobedecer señales
2241039;17/10/2024;6:53:00 p. m.;Jueves;2024;Octubre;CAMPERO;PARTICULAR;Acompañante;22;FEMENINO;HERIDOS;0;0;0;;CARRERA 25 FRENTE AL # 29D SUR-60;;EL SALADO;6.153324190740091, -75.57767349594495;CHOQUE;OBJETO FIJO;POSTE;RESIDENCIAL;Normal;Impericia en el manejo
2241044;17/10/2024;2:05:00 p. m.;Jueves;2024;Octubre;MOTOCICLETA;PARTICULAR;Motociclista;27;FEMENINO;HERIDOS;0;0;0;;KILOMETRO 7 +080;VARIANTE AL AEROPUERTO;VEREDA PANTANILLO;6.171146960508635, -75.49003691231152;CHOQUE;VEHICULO;NO REPORTADO;NO REPORTADO;Normal;Desobedecer señales
2241045;17/10/2024;10:16:00 p. m.;Jueves;2024;Octubre;MOTOCICLETA;PARTICULAR;Acompañante;25;FEMENINO;HERIDOS;0;0;0;;KILOMETRO 15+ 100 DOBLE CALZADA PALMAS;medellín palmas envigado (km 12 - km 16+700);VEREDA PALMAS;6.152143115336785, -75.5445720970376;CAIDA OCUPANTE;NO REPORTADO;NO REPORTADO;NO REPORTADO;Normal;Impericia en el manejo
2241048;17/10/2024;7:50:00 a. m.;Jueves;2024;Octubre;MOTOCICLETA;PARTICULAR;Motociclista;34;MASCULINO;HERIDOS;0;0;0;;CALLE 40 F SUR CARRERA 36 B;;MESA;6.16381512744818, -75.58630180464662;CHOQUE;VEHICULO;NO REPORTADO;RESIDENCIAL;Normal;Impericia en el manejo
2241048;17/10/2024;7:50:00 a. m.;Jueves;2024;Octubre;MOTOCICLETA;PARTICULAR;Acompañante;1;FEMENINO;HERIDOS;0;0;0;;CALLE 40 F SUR CARRERA 36 B;;MESA;6.16381512744818, -75.58630180464662;CHOQUE;VEHICULO;NO REPORTADO;RESIDENCIAL;Normal;Impericia en el manejo
2241046;18/10/2024;4:35:00 p. m.;Viernes;2024;Octubre;MOTOCICLETA;PARTICULAR;Motociclista;52;MASCULINO;HERIDOS;0;0;0;;CARRERA 50 CALLE 30 SUR 62;;LAS VEGAS;6.18118100390624, -75.58989061253826;OTRO;NO REPORTADO;NO REPORTADO;INDUSTRIAL;Normal;Otra-Conductor
2241047;18/10/2024;7:39:00 a. m.;Viernes;2024;Octubre;MOTOCICLETA;PARTICULAR;Acompañante;33;FEMENINO;HERIDOS;0;0;0;;CARRERA 50 CALLE 39 SUR  37 SUR;;LAS VEGAS;6.173867, -75.597029;CHOQUE;VEHICULO;NO REPORTADO;INDUSTRIAL;Normal;No mantener distancia de seguridad
2241047;18/10/2024;7:39:00 a. m.;Viernes;2024;Octubre;MOTOCICLETA;PARTICULAR;Motociclista;39;MASCULINO;HERIDOS;0;0;0;;CARRERA 50 CALLE 39 SUR  37 SUR;;LAS VEGAS;6.173867, -75.597029;CHOQUE;VEHICULO;NO REPORTADO;INDUSTRIAL;Normal;No mantener distancia de seguridad
2241049;18/10/2024;5:44:00 a. m.;Viernes;2024;Octubre;MOTOCICLETA;PARTICULAR;Motociclista;26;MASCULINO;HERIDOS;0;0;0;;CALLE 37 SUR CARRERA 48-49;;LAS VEGAS;6.174205857444778, -75.59334500662467;CHOQUE;VEHICULO;NO REPORTADO;COMERCIAL;Normal;Otra-Conductor
2241040;19/10/2024;6:50:00 a. m.;Sábado;2024;Octubre;MOTOCICLETA;PARTICULAR;Motociclista;34;FEMENINO;HERIDOS;0;0;0;;CARRERA 27 B CALLE39 A SUR 70;;SAN JOSE;6.1589852057328365, -75.57959876149627;VOLCAMIENTO;NO REPORTADO;NO REPORTADO;RESIDENCIAL;Lluvia;Superficie humeda
2241050;19/10/2024;11:30:00 a. m.;Sábado;2024;Octubre;CAMIONETA;PUBLICO;Conductor;50;MASCULINO;HERIDOS;0;0;0;;KILOMETRO 13 TRAMO DOBLE CALZADA PALMAS;medellín palmas envigado (km 12 - km 16+700);VEREDA PALMAS;6.158583140794561, -75.5464388044639;CHOQUE;OBJETO FIJO;VALLA - SEÑAL;NO REPORTADO;Normal;Otra-Conductor
2241051;19/10/2024;7:40:00 a. m.;Sábado;2024;Octubre;MOTOCICLETA;PARTICULAR;Motociclista;27;MASCULINO;HERIDOS;0;0;0;;KILOMETRO 14 TRAMO 900;medellín palmas envigado (km 12 - km 16+700);VEREDA PALMAS;6.152322, -75.546625;CAIDA OCUPANTE;NO REPORTADO;NO REPORTADO;NO REPORTADO;Normal;Impericia en el manejo
2241051;19/10/2024;7:40:00 a. m.;Sábado;2024;Octubre;MOTOCICLETA;PARTICULAR;Acompañante;26;MASCULINO;HERIDOS;0;0;0;;KILOMETRO 14 TRAMO 900;medellín palmas envigado (km 12 - km 16+700);VEREDA PALMAS;6.152322, -75.546625;CAIDA OCUPANTE;NO REPORTADO;NO REPORTADO;NO REPORTADO;Normal;Impericia en el manejo
2241052;19/10/2024;11:30:00 a. m.;Sábado;2024;Octubre;BICICLETA;;Ciclista;63;MASCULINO;HERIDOS;0;0;0;;KILOMETRO 10 TRAMO 760 MT VARIANTE PALMAS;el escobero - km 0-13);VEREDA PANTANILLO;6.1616201604870655, -75.50956274795404;CHOQUE;VEHICULO;NO REPORTADO;NO REPORTADO;Normal;Desobedecer señales
2241053;19/10/2024;7:45:00 p. m.;Sábado;2024;Octubre;MOTOCICLETA;PARTICULAR;Motociclista;45;MASCULINO;HERIDOS;0;0;0;;KILOMETRO 15+50;medellín palmas envigado (km 12 - km 16+700);VEREDA PALMAS;6.152043701233287, -75.54534867404695;CHOQUE;OBJETO FIJO;VEHICULO ESTACIONADO;NO REPORTADO;Normal;Embriaguez o droga
2241041;20/10/2024;5:00:00 p. m.;Domingo;2024;Octubre;MOTOCICLETA;PARTICULAR;Acompañante;30;FEMENINO;HERIDOS;0;0;0;;DIAGONAL 29 NUMERO 34 DD SUR 51;;LA SEBASTIANA;6.170971949702695, -75.57804147105489;CAIDA OCUPANTE;NO REPORTADO;NO REPORTADO;RESIDENCIAL;Normal;Otra-Conductor
2241042;20/10/2024;7:05:00 a. m.;Domingo;2024;Octubre;MOTOCICLETA;PARTICULAR;Motociclista;92;FEMENINO;HERIDOS;1;S;1;51;CARRERA 29 C NUMERO 40 D SUR 24;;SAN JOSE;6.160908321495405, -75.58370139885133;CAIDA OCUPANTE;NO REPORTADO;NO REPORTADO;RESIDENCIAL;Normal;Impericia en el manejo
2241043;20/10/2024;7:30:00 a. m.;Domingo;2024;Octubre;CAMPERO;PARTICULAR;Acompañante;31;FEMENINO;HERIDOS;0;0;0;;CARRERA 43 A CALLE 39 SUR;;ALCALA;6.169049427156639, -75.58956100464654;CHOQUE;VEHICULO;NO REPORTADO;COMERCIAL;Normal;Impericia en el manejo
2241055;21/10/2024;8:35:00 p. m.;Lunes;2024;Octubre;MOTOCICLETA;PARTICULAR;Motociclista;23;MASCULINO;HERIDOS;0;0;0;;CARRERA 42 CALLE 35 SUR;;ZONA CENTRO;6.171642693810526, -75.58609362795814;CHOQUE;VEHICULO;NO REPORTADO;COMERCIAL;Normal;Desobedecer señales
2241057;21/10/2024;11:37:00 p. m.;Lunes;2024;Octubre;MOTOCICLETA;PARTICULAR;Motociclista;54;MASCULINO;HERIDOS;0;0;0;;CALLE 50 SUR 32 B Y 32 C;;LAS VEGAS;6.178263, -75.591897;CHOQUE;VEHICULO;NO REPORTADO;INDUSTRIAL;Normal;Desobedecer señales
2241058;21/10/2024;7:30:00 a. m.;Lunes;2024;Octubre;MOTOCICLETA;PARTICULAR;Motociclista;27;MASCULINO;HERIDOS;0;0;0;;KILOMETRO 15 TRAMO 750 DOBLE CALZADA;el escobero - km 0-13);VEREDA PALMAS;6.153359457320712, -75.54076452432349;CHOQUE;VEHICULO;NO REPORTADO;NO REPORTADO;Normal;No mantener distancia de seguridad
2241059;21/10/2024;5:20:00 p. m.;Lunes;2024;Octubre;MOTOCICLETA;PARTICULAR;Motociclista;22;MASCULINO;HERIDOS;0;0;0;;KILOMETRO 11+200;retiro varia palmas enviga (km 5+43 - km 14+ 550);VEREDA PANTANILLO;6.163186363613741, -75.51339897650485;CAIDA OCUPANTE;NO REPORTADO;NO REPORTADO;NO REPORTADO;Lluvia;Falta de precaucion niebla, lluvia, humo  -  Impericia en el manejo
2241054;22/10/2024;3:15:00 p. m.;Martes;2024;Octubre;MOTOCICLETA;DIPLOMATICO;Motociclista;33;FEMENINO;HERIDOS;0;0;0;;CARRERA 48 CALLE 30 SUR;;LAS VEGAS;6.179822559769017, -75.58816003348228;CHOQUE;VEHICULO;NO REPORTADO;COMERCIAL;Normal;No mantener distancia de seguridad
2241073;23/10/2024;6:09:00 p. m.;Miércoles;2024;Octubre;MOTOCICLETA;PARTICULAR;Motociclista;32;MASCULINO;HERIDOS;0;0;0;;DIAGONAL 31C TRANSVERSAL 32 A SUR;;LAS FLORES;6.175556266605983, -75.58048969900041;CHOQUE;VEHICULO;NO REPORTADO;RESIDENCIAL;Normal;Semaforo en rojo
2241073;23/10/2024;6:09:00 p. m.;Miércoles;2024;Octubre;MOTOCICLETA;PARTICULAR;Acompañante;36;FEMENINO;HERIDOS;0;0;0;;DIAGONAL 31C TRANSVERSAL 32 A SUR;;LAS FLORES;6.175556266605983, -75.58048969900041;CHOQUE;VEHICULO;NO REPORTADO;RESIDENCIAL;Normal;Semaforo en rojo
2241073;23/10/2024;6:09:00 p. m.;Miércoles;2024;Octubre;MOTOCICLETA;PARTICULAR;Motociclista;37;MASCULINO;HERIDOS;0;0;0;;DIAGONAL 31C TRANSVERSAL 32 A SUR;;LAS FLORES;6.175556266605983, -75.58048969900041;CHOQUE;VEHICULO;NO REPORTADO;RESIDENCIAL;Normal;Semaforo en rojo
2241068;24/10/2024;3:45:00 p. m.;Jueves;2024;Octubre;MOTOCICLETA;PARTICULAR;Motociclista;48;MASCULINO;HERIDOS;0;0;0;;calle 30 sur carrera 46a;;JARDINES;6.178681011999083, -75.58728341045207;CHOQUE;VEHICULO;NO REPORTADO;COMERCIAL;Normal;Desobedecer señales
2241078;24/10/2024;7:00:00 p. m.;Jueves;2024;Octubre;MOTOCICLETA;PARTICULAR;Motociclista;24;MASCULINO;HERIDOS;0;0;0;;CARRERA 50 CALLE 46 A SUR 43;;LAS VEGAS;6.167485431625928, -75.60237999694453;CHOQUE;VEHICULO;NO REPORTADO;INDUSTRIAL;Normal;No mantener distancia de seguridad
2241062;25/10/2024;3:30:00 a. m.;Viernes;2024;Octubre;MOTOCICLETA;PARTICULAR;Motociclista;39;MASCULINO;HERIDOS;1;0;3;180;KILOMETRO 14+170;el escobero - km 0-13);VEREDA PALMAS;6.155756354436356, -75.5325435281947;CHOQUE;OBJETO FIJO;VALLA - SEÑAL;NO REPORTADO;Normal;Embriaguez aparente
2241062;25/10/2024;3:30:00 a. m.;Viernes;2024;Octubre;MOTOCICLETA;PARTICULAR;Acompañante;30;FEMENINO;HERIDOS;1;0;3;180;KILOMETRO 14+170;el escobero - km 0-13);VEREDA PALMAS;6.155756354436356, -75.5325435281947;CHOQUE;OBJETO FIJO;VALLA - SEÑAL;NO REPORTADO;Normal;Embriaguez aparente
2241065;25/10/2024;10:00:00 a. m.;Viernes;2024;Octubre;MOTOCICLETA;PARTICULAR;Motociclista;32;MASCULINO;HERIDOS;0;0;0;;CALLE 36 D SUR FRENTE AL # 27 A -105;;LA PRADERA;6.1632309093701085, -75.57228900686874;CHOQUE;VEHICULO;NO REPORTADO;RESIDENCIAL;Normal;Adelantar por la derecha
2241065;25/10/2024;10:00:00 a. m.;Viernes;2024;Octubre;MOTOCICLETA;PARTICULAR;Acompañante;24;MASCULINO;HERIDOS;0;0;0;;CALLE 36 D SUR FRENTE AL # 27 A -105;;LA PRADERA;6.1632309093701085, -75.57228900686874;CHOQUE;VEHICULO;NO REPORTADO;RESIDENCIAL;Normal;Adelantar por la derecha
2241079;25/10/2024;7:30:00 a. m.;Viernes;2024;Octubre;MOTOCICLETA;PARTICULAR;Motociclista;32;MASCULINO;HERIDOS;0;0;0;;CALLE 25 SUR CARRERA 48;;LAS VEGAS;6.185629293049683, -75.5830919652152;CAIDA OCUPANTE;NO REPORTADO;NO REPORTADO;RESIDENCIAL;Normal;Impericia en el manejo
2241079;25/10/2024;7:30:00 a. m.;Viernes;2024;Octubre;MOTOCICLETA;PARTICULAR;Acompañante;31;MASCULINO;HERIDOS;0;0;0;;CALLE 25 SUR CARRERA 48;;LAS VEGAS;6.185629293049683, -75.5830919652152;CAIDA OCUPANTE;NO REPORTADO;NO REPORTADO;RESIDENCIAL;Normal;Impericia en el manejo
2241069;26/10/2024;8:20:00 p. m.;Sábado;2024;Octubre;MOTOCICLETA;PARTICULAR;Motociclista;32;FEMENINO;HERIDOS;0;0;0;;CALLE 46 SUR CARRERA 46 B;;PRIMAVERA;6.16495859200888, -75.59768208745228;CHOQUE;VEHICULO;NO REPORTADO;COMERCIAL;Normal;Adelantar por la derecha  -  Desobedecer señales
2241076;26/10/2024;8:00:00 p. m.;Sábado;2024;Octubre;MOTOCICLETA;PARTICULAR;Acompañante;44;FEMENINO;HERIDOS;0;0;0;;KILOMETRO 2 +700;el escobero - km 0-13);VEREDA SANTA CATALINA;6.161600048974361, -75.55134304521314;CAIDA OCUPANTE;NO REPORTADO;NO REPORTADO;NO REPORTADO;Lluvia;Superficie humeda
2241080;26/10/2024;12:52:00 p. m.;Sábado;2024;Octubre;AUTOMOVIL;PARTICULAR;Acompañante;72;FEMENINO;HERIDOS;0;0;0;;CALLE 38 SUR FRENTE AL # 42-21;;ZONA CENTRO;6.1696398316650205, -75.58758050384226;CAIDA OCUPANTE;NO REPORTADO;NO REPORTADO;RESIDENCIAL;Normal;Arrancar sin precaucion  -  Impericia en el manejo
2241060;27/10/2024;12:25:00 p. m.;Domingo;2024;Octubre;MOTOCICLETA;PARTICULAR;Motociclista;19;MASCULINO;HERIDOS;0;0;0;;CALLE 40 SUR FRENTE AL # 25 A-22;;EL SALADO;6.154381865822549, -75.57929511207851;CHOQUE;VEHICULO;NO REPORTADO;RESIDENCIAL;Normal;Transitar en contravia
2241061;27/10/2024;12:00:00 p. m.;Domingo;2024;Octubre;MOTOCICLETA;PARTICULAR;Motociclista;40;MASCULINO;HERIDOS;0;0;0;;KILOMETRO 10+600;retiro varia palmas enviga (km 5+43 - km 14+ 550);VEREDA PANTANILLO;6.160775805619982, -75.50844731576893;CHOQUE;VEHICULO;NO REPORTADO;NO REPORTADO;Normal;Desobedecer señales
2241061;27/10/2024;12:00:00 p. m.;Domingo;2024;Octubre;MOTOCICLETA;PARTICULAR;Acompañante;56;FEMENINO;HERIDOS;0;0;0;;KILOMETRO 10+600;retiro varia palmas enviga (km 5+43 - km 14+ 550);VEREDA PANTANILLO;6.160775805619982, -75.50844731576893;CHOQUE;VEHICULO;NO REPORTADO;NO REPORTADO;Normal;Desobedecer señales
2241064;27/10/2024;12:09:00 a. m.;Domingo;2024;Octubre;AUTOMOVIL;PARTICULAR;Acompañante;25;FEMENINO;HERIDOS;0;0;0;;CALLE 48C CARRERA 42F 42D;;LOMA DEL BARRO;6.161359178955325, -75.59698405206495;CHOQUE;VEHICULO;NO REPORTADO;RESIDENCIAL;Normal;Desobedecer señales  -  Embriaguez o droga
2241064;27/10/2024;12:09:00 a. m.;Domingo;2024;Octubre;AUTOMOVIL;PARTICULAR;Acompañante;18;MASCULINO;HERIDOS;1;0;2;140;CALLE 48C CARRERA 42F 42D;;LOMA DEL BARRO;6.161359178955325, -75.59698405206495;CHOQUE;VEHICULO;NO REPORTADO;RESIDENCIAL;Normal;Desobedecer señales  -  Embriaguez o droga
2241066;27/10/2024;11:38:00 p. m.;Domingo;2024;Octubre;MOTOCICLETA;PARTICULAR;Motociclista;24;FEMENINO;HERIDOS;0;0;0;;CARRERA 48 ENTRE CALLE 19SUR y CALLE 18C SUR;;BOSQUES DE ZUÑIGA;6.187598373866076, -75.58152961282885;CHOQUE;VEHICULO;NO REPORTADO;RESIDENCIAL;Normal;Otra-Conductor
2241066;27/10/2024;11:38:00 p. m.;Domingo;2024;Octubre;MOTOCICLETA;PARTICULAR;Acompañante;21;FEMENINO;HERIDOS;0;0;0;;CARRERA 48 ENTRE CALLE 19SUR y CALLE 18C SUR;;BOSQUES DE ZUÑIGA;6.187598373866076, -75.58152961282885;CHOQUE;VEHICULO;NO REPORTADO;RESIDENCIAL;Normal;Otra-Conductor
2241067;27/10/2024;9:45:00 p. m.;Domingo;2024;Octubre;MOTOCICLETA;PARTICULAR;Motociclista;18;MASCULINO;HERIDOS;0;0;0;;CALLE 39 SUR CARRERA 36;;MESA;6.1659231604364875, -75.58457710464668;CHOQUE;VEHICULO;NO REPORTADO;RESIDENCIAL;Normal;Desobedecer señales
2241070;27/10/2024;12:50:00 p. m.;Domingo;2024;Octubre;MOTOCICLETA;PARTICULAR;Motociclista;31;MASCULINO;HERIDOS;0;0;0;;KILOMETRO 8 +800;el escobero - km 0-13);VEREDA PANTANILLO;6.170586228750581, -75.50077570608967;CHOQUE;VEHICULO;NO REPORTADO;NO REPORTADO;Normal;Impericia en el manejo
2241072;27/10/2024;7:00:00 p. m.;Domingo;2024;Octubre;BICICLETA;;Ciclista;20;MASCULINO;HERIDOS;0;0;0;;KILOMETRO 13+700;el escobero - km 0-13);VEREDA PALMAS;6.159042697404654, -75.53211567623572;CAIDA OCUPANTE;NO REPORTADO;NO REPORTADO;NO REPORTADO;Normal;Impericia en el manejo
2241072;27/10/2024;7:00:00 p. m.;Domingo;2024;Octubre;BICICLETA;;Acompañante;11;FEMENINO;HERIDOS;0;0;0;;KILOMETRO 13+700;el escobero - km 0-13);VEREDA PALMAS;6.159042697404654, -75.53211567623572;CAIDA OCUPANTE;NO REPORTADO;NO REPORTADO;NO REPORTADO;Normal;Impericia en el manejo
2241074;27/10/2024;3:00:00 p. m.;Domingo;2024;Octubre;MOTOCICLETA;PARTICULAR;Motociclista;18;MASCULINO;HERIDOS;0;0;0;;CALLE 35 SUR CARRERA 27G;;LA INMACULADA;6.1671797328408156, -75.57710427799806;CHOQUE;OBJETO FIJO;OTRO TIPO;RESIDENCIAL;Normal;Impericia en el manejo
2241075;27/10/2024;8:25:00 p. m.;Domingo;2024;Octubre;AUTOMOVIL;PARTICULAR;Acompañante;31;FEMENINO;HERIDOS;0;0;0;;KILOMETRO 13+00;medellín palmas envigado (km 12 - km 16+700);VEREDA PALMAS;6.165880590109472, -75.54512961327842;CHOQUE;VEHICULO;NO REPORTADO;NO REPORTADO;Normal;No mantener distancia de seguridad
2241075;27/10/2024;8:25:00 p. m.;Domingo;2024;Octubre;AUTOMOVIL;PARTICULAR;Conductor;32;MASCULINO;HERIDOS;0;0;0;;KILOMETRO 13+00;medellín palmas envigado (km 12 - km 16+700);VEREDA PALMAS;6.165880590109472, -75.54512961327842;CHOQUE;VEHICULO;NO REPORTADO;NO REPORTADO;Normal;No mantener distancia de seguridad
2241075;27/10/2024;8:25:00 p. m.;Domingo;2024;Octubre;CAMIONETA;PARTICULAR;Acompañante;33;FEMENINO;HERIDOS;0;0;0;;KILOMETRO 13+00;medellín palmas envigado (km 12 - km 16+700);VEREDA PALMAS;6.165880590109472, -75.54512961327842;CHOQUE;VEHICULO;NO REPORTADO;NO REPORTADO;Normal;No mantener distancia de seguridad
2241077;27/10/2024;5:00:00 p. m.;Domingo;2024;Octubre;CAMIONETA;PARTICULAR;Peaton;55;FEMENINO;HERIDOS;0;0;0;;CALLE 46 D SUR CARRERA 42D;;LA PAZ;6.161214460542145, -75.59590430464652;ATROPELLO;NO REPORTADO;NO REPORTADO;RESIDENCIAL;Normal;Impericia en el manejo
2241077;27/10/2024;5:00:00 p. m.;Domingo;2024;Octubre;CAMIONETA;PARTICULAR;Peaton;13;MASCULINO;HERIDOS;0;0;0;;CALLE 46 D SUR CARRERA 42D;;LA PAZ;6.161214460542145, -75.59590430464652;ATROPELLO;NO REPORTADO;NO REPORTADO;RESIDENCIAL;Normal;Impericia en el manejo
2241081;27/10/2024;3:35:00 p. m.;Domingo;2024;Octubre;MOTOCICLETA;PARTICULAR;Motociclista;19;MASCULINO;HERIDOS;0;0;0;;KILOMETRO 10+160;el escobero - km 0-13);VEREDA PANTANILLO;6.159942712490187, -75.50557262074095;CHOQUE;VEHICULO;NO REPORTADO;NO REPORTADO;Normal;Adelantar por la derecha  -  No mantener distancia de seguridad
2241082;27/10/2024;7:05:00 a. m.;Domingo;2024;Octubre;BICICLETA;;Ciclista;60;MASCULINO;HERIDOS;0;0;0;;CALLE 39 SUR CARRERA 27 C;;SAN JOSE;6.159274260731419, -75.57893083348252;CHOQUE;VEHICULO;NO REPORTADO;RESIDENCIAL;Normal;Desobedecer señales
2241083;28/10/2024;4:50:00 p. m.;Lunes;2024;Octubre;MOTOCICLETA;PARTICULAR;Acompañante;24;FEMENINO;HERIDOS;0;0;0;;CALLE 25 AA SUR CARRERA 48- 13;;LAS VEGAS;6.184123181247129, -75.58495266569437;ATROPELLO;NO REPORTADO;NO REPORTADO;COMERCIAL;Normal;Desobedecer señales
2241083;28/10/2024;4:50:00 p. m.;Lunes;2024;Octubre;MOTOCICLETA;PARTICULAR;Motociclista;24;MASCULINO;HERIDOS;0;0;0;;CALLE 25 AA SUR CARRERA 48- 13;;LAS VEGAS;6.184123181247129, -75.58495266569437;ATROPELLO;NO REPORTADO;NO REPORTADO;COMERCIAL;Normal;Desobedecer señales
2241084;28/10/2024;11:45:00 a. m.;Lunes;2024;Octubre;MOTOCICLETA;PARTICULAR;Motociclista;21;FEMENINO;HERIDOS;0;0;0;;TRANSVERSAL 35 SUR DIAGONAL 31;;LA SEBASTIANA;6.170047531869038, -75.5797145214436;CHOQUE;VEHICULO;NO REPORTADO;RESIDENCIAL;Normal;Desobedecer señales  -  No respetar prelacion
2241085;28/10/2024;5:40:00 p. m.;Lunes;2024;Octubre;MOTOCICLETA;PARTICULAR;Motociclista;37;FEMENINO;HERIDOS;0;0;0;;CALLE 40 A SUR CARRERA 23;;VEREDA EL VALLANO;6.143873132982816, -75.58052423406403;CHOQUE;VEHICULO;NO REPORTADO;RESIDENCIAL;Normal;Otra-Conductor
2241086;28/10/2024;5:00:00 p. m.;Lunes;2024;Octubre;MOTOCICLETA;PARTICULAR;Motociclista;38;MASCULINO;HERIDOS;0;0;0;;CARRERA 50 CALE 43 SUR;;LAS VEGAS;6.171054413337666, -75.60053998579305;CHOQUE;VEHICULO;NO REPORTADO;INDUSTRIAL;Normal;Adelantar por la derecha
2241087;28/10/2024;11:10:00 a. m.;Lunes;2024;Octubre;MOTOCICLETA;PARTICULAR;Motociclista;61;MASCULINO;HERIDOS;0;0;0;;CALLE 50 SUR CALLE 43 -46;;LAS CASITAS;6.16066260958433, -75.6026759208448;CHOQUE;VEHICULO;NO REPORTADO;RESIDENCIAL;Normal;No mantener distancia de seguridad
2241088;28/10/2024;6:50:00 p. m.;Lunes;2024;Octubre;MOTOCICLETA;PARTICULAR;Peaton;48;MASCULINO;HERIDOS;0;0;0;;CARRERA 48 CALLE 26 SUR;;LAS VEGAS;6.18331435728337, -75.5854536396344;ATROPELLO;NO REPORTADO;NO REPORTADO;RESIDENCIAL;Normal;Desobedecer al agente
2241093;28/10/2024;12:50:00 p. m.;Lunes;2024;Octubre;MOTOCICLETA;PARTICULAR;Motociclista;66;MASCULINO;HERIDOS;0;0;0;;CALLE 39 SUR CARRERA 43 A  21;;ALCALA;6.169089260524434, -75.5898793046465;CHOQUE;VEHICULO;NO REPORTADO;COMERCIAL;Normal;No mantener distancia de seguridad
2241089;29/10/2024;12:30:00 a. m.;Martes;2024;Octubre;MOTOCICLETA;PARTICULAR;Motociclista;33;MASCULINO;HERIDOS;0;0;1;50;CARRERA 50 CALLE 38 SUR 39;;LAS VEGAS;6.174189231053961, -75.59669384488691;CHOQUE;OBJETO FIJO;OTRO TIPO;INDUSTRIAL;Normal;Embriaguez o droga
2241090;29/10/2024;5:30:00 a. m.;Martes;2024;Octubre;BICICLETA;;Ciclista;62;MASCULINO;HERIDOS;0;0;0;;CARRERA 49 CALLE 39 SUR 42;;LAS VEGAS;6.173610529601536, -75.59725608513354;CHOQUE;VEHICULO;NO REPORTADO;INDUSTRIAL;Normal;Otra-Conductor
2241091;29/10/2024;5:00:00 p. m.;Martes;2024;Octubre;MOTOCICLETA;PARTICULAR;Motociclista;32;MASCULINO;HERIDOS;0;0;0;;CALLE 25 SUR CARRERA 47-48;;BOSQUES DE ZUÑIGA;6.185234146183095, -75.58281711470477;CHOQUE;VEHICULO;NO REPORTADO;COMERCIAL;Normal;Impericia en el manejo
2241092;29/10/2024;7:34:00 a. m.;Martes;2024;Octubre;MOTOCICLETA;PARTICULAR;Acompañante;46;FEMENINO;HERIDOS;0;0;0;;CARRERA 43 A CALLE 36 SUR;;SAN MARCOS;6.1717820938045405, -75.58781164575097;CHOQUE;VEHICULO;NO REPORTADO;COMERCIAL;Normal;No mantener distancia de seguridad
2241092;29/10/2024;7:34:00 a. m.;Martes;2024;Octubre;MOTOCICLETA;PARTICULAR;Motociclista;23;FEMENINO;HERIDOS;0;0;0;;CARRERA 43 A CALLE 36 SUR;;SAN MARCOS;6.1717820938045405, -75.58781164575097;CHOQUE;VEHICULO;NO REPORTADO;COMERCIAL;Normal;No mantener distancia de seguridad