NRO_RADICADO;FECHA_ACCIDENTE;HORA_ACCIDENTE;Día de la semana;AÑO;MES;CLASE_VEHICULO;TIPO_SERVICIO;TIPO_VICTIMA;EDAD;GENERO;GRAVEDAD;ESTADO_BEODEZ;ESTADO_DROGA;RESULTADO_BEODEZ;RESUL_BEODEZ_GRAMOS;DIRECCION_CARACT_VIA;TRAMO_VIA;LOCALIDAD_O_COMUNA;    GEORREFERENCIACIÓN;DESC_CLASE_ACCIDENTE;DESC_CHOQUE_ACCIDENTE;DESC_OBJETO_FIJO;DESC_SECTOR_ACCIDENTE;CONDICION_CLIMATICA;CAUSA_ACCIDENTE
2241092;29/10/2024;7:34:00 a. m.;Martes;2024;Octubre;MOTOCICLETA;PARTICULAR;Motociclista;21;MASCULINO;HERIDOS;0;0;0;;CARRERA 43 A CALLE 36 SUR;;SAN MARCOS;6.1717820938045405, -75.58781164575097;CHOQUE;VEHICULO;NO REPORTADO;COMERCIAL;Normal;No mantener distancia de seguridad
2241094;30/10/2024;3:50:00 p. m.;Miércoles;2024;Octubre;MOTOCICLETA;PARTICULAR;Motociclista;22;MASCULINO;HERIDOS;0;0;0;;CARRERA 42 B CALLE 45B SUR;;LA PAZ;6.164555460816606, -75.59478086354206;CHOQUE;VEHICULO;NO REPORTADO;COMERCIAL;Normal;Semaforo en rojo
2241095;30/10/2024;1:50:00 p. m.;Miércoles;2024;Octubre;MOTOCICLETA;PARTICULAR;Acompañante;21;FEMENINO;HERIDOS;0;0;0;;KILOMETRO 13 TRAMO100;el escobero - km 0-13);VEREDA PALMAS;6.164699652740852, -75.54520910391233;CAIDA OCUPANTE;NO REPORTADO;NO REPORTADO;NO REPORTADO;Normal;Falta de precaucion niebla, lluvia, humo
2241095;30/10/2024;1:50:00 p. m.;Miércoles;2024;Octubre;MOTOCICLETA;PARTICULAR;Motociclista;27;MASCULINO;HERIDOS;0;0;0;;KILOMETRO 13 TRAMO100;el escobero - km 0-13);VEREDA PALMAS;6.164699652740852, -75.54520910391233;CAIDA OCUPANTE;NO REPORTADO;NO REPORTADO;NO REPORTADO;Normal;Falta de precaucion niebla, lluvia, humo
2241096;30/10/2024;10:40:00 a. m.;Miércoles;2024;Octubre;MOTOCICLETA;PARTICULAR;Motociclista;21;MASCULINO;HERIDOS;0;0;0;;CALLE 40 SUR CON CARRERA 32;;SAN JOSE;6.163547334300193, -75.5831287004673;CHOQUE;VEHICULO;NO REPORTADO;RESIDENCIAL;Normal;Ausencia o deficencia en demarcacion  -  No respetar pelacion de interseccion o giros
2241096;30/10/2024;10:40:00 a. m.;Miércoles;2024;Octubre;MOTOCICLETA;PARTICULAR;Acompañante;27;MASCULINO;HERIDOS;0;0;0;;CALLE 40 SUR CON CARRERA 32;;SAN JOSE;6.163547334300193, -75.5831287004673;CHOQUE;VEHICULO;NO REPORTADO;RESIDENCIAL;Normal;Ausencia o deficencia en demarcacion  -  No respetar pelacion de interseccion o giros
2241098;30/10/2024;8:00:00 p. m.;Miércoles;2024;Octubre;CAMIONETA;PARTICULAR;Acompañante;49;MASCULINO;HERIDOS;0;0;0;;TRANSVERSAL 32C SUR CON DIAGONAL 33;;LA MAGNOLIA;6.1742659016616726, -75.58444216119213;CHOQUE;VEHICULO;NO REPORTADO;RESIDENCIAL;Normal;Desobedecer señales
2241098;30/10/2024;8:00:00 p. m.;Miércoles;2024;Octubre;CAMIONETA;PARTICULAR;Conductor;25;MASCULINO;HERIDOS;0;0;0;;TRANSVERSAL 32C SUR CON DIAGONAL 33;;LA MAGNOLIA;6.1742659016616726, -75.58444216119213;CHOQUE;VEHICULO;NO REPORTADO;RESIDENCIAL;Normal;Desobedecer señales
2241099;30/10/2024;7:00:00 p. m.;Miércoles;2024;Octubre;AUTOMOVIL;PARTICULAR;Acompañante;17;FEMENINO;HERIDOS;0;0;0;;CALLE 47 SUR CON CARRERA 40;;EL TRIANON;6.159154060554529, -75.59386568685558;CHOQUE;VEHICULO;NO REPORTADO;RESIDENCIAL;Normal;Desobedecer señales
2241099;30/10/2024;7:00:00 p. m.;Miércoles;2024;Octubre;AUTOMOVIL;PARTICULAR;Acompañante;16;MASCULINO;HERIDOS;0;0;0;;CALLE 47 SUR CON CARRERA 40;;EL TRIANON;6.159154060554529, -75.59386568685558;CHOQUE;VEHICULO;NO REPORTADO;RESIDENCIAL;Normal;Desobedecer señales
2241099;30/10/2024;7:00:00 p. m.;Miércoles;2024;Octubre;AUTOMOVIL;PARTICULAR;Acompañante;17;FEMENINO;HERIDOS;0;0;0;;CALLE 47 SUR CON CARRERA 40;;EL TRIANON;6.159154060554529, -75.59386568685558;CHOQUE;VEHICULO;NO REPORTADO;RESIDENCIAL;Normal;Desobedecer señales
2241100;30/10/2024;4:20:00 p. m.;Miércoles;2024;Octubre;MOTOCICLETA;PARTICULAR;Motociclista;22;MASCULINO;HERIDOS;0;0;0;;KILOMETRO 14 + 040 ;retiro varia palmas enviga (km 5+43 - km 14+ 550);VEREDA PALMAS;6.156422910807669, -75.53318799718397;CAIDA OCUPANTE;NO REPORTADO;NO REPORTADO;NO REPORTADO;Normal;No respetar pelacion de interseccion o giros
2241100;30/10/2024;4:20:00 p. m.;Miércoles;2024;Octubre;MOTOCICLETA;PARTICULAR;Acompañante;18;FEMENINO;HERIDOS;0;0;0;;KILOMETRO 14 + 040 ;retiro varia palmas enviga (km 5+43 - km 14+ 550);VEREDA PALMAS;6.156422910807669, -75.53318799718397;CAIDA OCUPANTE;NO REPORTADO;NO REPORTADO;NO REPORTADO;Normal;No respetar pelacion de interseccion o giros
2241097;31/10/2024;7:24:00 a. m.;Jueves;2024;Octubre;MOTOCICLETA;PARTICULAR;Motociclista;52;MASCULINO;HERIDOS;0;0;0;;CARRERA 48 CON CALLE 48C SUR;;LAS VEGAS;6.163982064110434, -75.60178577672762;CHOQUE;VEHICULO;NO REPORTADO;RESIDENCIAL;Normal;No mantener distancia de seguridad
2241097;31/10/2024;7:24:00 a. m.;Jueves;2024;Octubre;MOTOCICLETA;PARTICULAR;Motociclista;45;MASCULINO;HERIDOS;0;0;0;;CARRERA 48 CON CALLE 48C SUR;;LAS VEGAS;6.163982064110434, -75.60178577672762;CHOQUE;VEHICULO;NO REPORTADO;RESIDENCIAL;Normal;No mantener distancia de seguridad
2241101;31/10/2024;2:00:00 p. m.;Jueves;2024;Octubre;CAMIONETA;PARTICULAR;Acompañante;22;FEMENINO;HERIDOS;0;0;0;;KILOMETRO 12 + 420;medellín palmas envigado (km 12 - km 16+700);VEREDA PALMAS;6.15927076796326, -75.52122243256339;CHOQUE;VEHICULO;NO REPORTADO;NO REPORTADO;Normal;Impericia en el manejo
2241101;31/10/2024;2:00:00 p. m.;Jueves;2024;Octubre;CAMIONETA;PARTICULAR;Acompañante;20;MASCULINO;HERIDOS;0;0;0;;KILOMETRO 12 + 420;medellín palmas envigado (km 12 - km 16+700);VEREDA PALMAS;6.15927076796326, -75.52122243256339;CHOQUE;VEHICULO;NO REPORTADO;NO REPORTADO;Normal;Impericia en el manejo
2241103;31/10/2024;10:30:00 a. m.;Jueves;2024;Octubre;BICICLETA;;Ciclista;55;MASCULINO;HERIDOS;0;0;0;;CARRERA 48 CALLE 25 AA 13;;LAS VEGAS;6.183628246259272, -75.58513570130934;ATROPELLO;NO REPORTADO;NO REPORTADO;INDUSTRIAL;Normal;Arrancar sin precaucion
2241104;31/10/2024;4:35:00 p. m.;Jueves;2024;Octubre;MOTOCICLETA;PARTICULAR;Motociclista;19;MASCULINO;HERIDOS;0;0;0;;CARRERA 28 CALLE 34 AA SUR 65;;URIBE ANGEL;6.171980982373144, -75.57642206218358;CHOQUE;VEHICULO;NO REPORTADO;RESIDENCIAL;Normal;Transitar en contravia
2241110;31/10/2024;12:55:00 p. m.;Jueves;2024;Octubre;MOTOCICLETA;PARTICULAR;Motociclista;19;MASCULINO;HERIDOS;0;0;0;;DIAGONAL 33 CON TRANSVERSAL 34C SUR;;OBRERO;6.171280038538802, -75.5833829841158;CHOQUE;VEHICULO;NO REPORTADO;RESIDENCIAL;Normal;Desobedecer señales
2241111;31/10/2024;6:34:00 a. m.;Jueves;2024;Octubre;AUTOMOVIL;PARTICULAR;Acompañante;41;FEMENINO;HERIDOS;0;0;0;;KILOMETRO 15 + 900;medellín palmas envigado (km 12 - km 16+700);VEREDA PALMAS;6.153096125834417, -75.5394969683142;CHOQUE;VEHICULO;NO REPORTADO;NO REPORTADO;Normal;No mantener distancia de seguridad
2241111;31/10/2024;6:34:00 a. m.;Jueves;2024;Octubre;AUTOMOVIL;PARTICULAR;Conductor;28;FEMENINO;HERIDOS;0;0;0;;KILOMETRO 15 + 900;medellín palmas envigado (km 12 - km 16+700);VEREDA PALMAS;6.153096125834417, -75.5394969683142;CHOQUE;VEHICULO;NO REPORTADO;NO REPORTADO;Normal;No mantener distancia de seguridad
2241106;1/11/2024;1:00:00 p. m.;Viernes;2024;Noviembre;MOTOCICLETA;PARTICULAR;Motociclista;36;MASCULINO;HERIDOS;0;0;0;;KILOMETRO 10 SECTOR LA MANUELA ;pantanill;VEREDA PANTANILLO;6.180932767218203, -75.48549269416738;CHOQUE;VEHICULO;NO REPORTADO;NO REPORTADO;Normal;No respetar prelacion
2241106;1/11/2024;1:00:00 p. m.;Viernes;2024;Noviembre;MOTOCICLETA;PARTICULAR;Acompañante;29;FEMENINO;HERIDOS;0;0;0;;KILOMETRO 10 SECTOR LA MANUELA ;pantanill;VEREDA PANTANILLO;6.180932767218203, -75.48549269416738;CHOQUE;VEHICULO;NO REPORTADO;NO REPORTADO;Normal;No respetar prelacion
2241107;1/11/2024;1:15:00 p. m.;Viernes;2024;Noviembre;MOTOCICLETA;PARTICULAR;Motociclista;24;FEMENINO;HERIDOS;0;0;0;;CALLE 25 SUR CARRERA 44;;ZUÑIGA;6.182104207125554, -75.5815400209493;CHOQUE;VEHICULO;NO REPORTADO;RESIDENCIAL;Lluvia;No mantener distancia de seguridad  -  Superficie humeda
2241112;1/11/2024;10:27:00 a. m.;Viernes;2024;Noviembre;MOTOCICLETA;PARTICULAR;Motociclista;47;MASCULINO;HERIDOS;0;0;0;;CARRERA 48 CALLE 30 SUR;;LAS VEGAS;6.179822559769017, -75.58816003348228;CHOQUE;VEHICULO;NO REPORTADO;COMERCIAL;Normal;Desobedecer señales
2241112;1/11/2024;10:27:00 a. m.;Viernes;2024;Noviembre;MOTOCICLETA;PARTICULAR;Acompañante;42;MASCULINO;HERIDOS;0;0;0;;CARRERA 48 CALLE 30 SUR;;LAS VEGAS;6.179822559769017, -75.58816003348228;CHOQUE;VEHICULO;NO REPORTADO;COMERCIAL;Normal;Desobedecer señales
2241109;2/11/2024;11:09:00 a. m.;Sábado;2024;Noviembre;MOTOCICLETA;PARTICULAR;Motociclista;23;MASCULINO;HERIDOS;0;0;0;;CALLE 40 B SUR CARRERA 27 B 66;;LA MINA;6.1594659055540255, -75.58179319401218;ATROPELLO;NO REPORTADO;NO REPORTADO;RESIDENCIAL;Normal;Impericia en el manejo
2241109;2/11/2024;11:09:00 a. m.;Sábado;2024;Noviembre;MOTOCICLETA;PARTICULAR;Peaton;83;MASCULINO;HERIDOS;0;0;0;;CALLE 40 B SUR CARRERA 27 B 66;;LA MINA;6.1594659055540255, -75.58179319401218;ATROPELLO;NO REPORTADO;NO REPORTADO;RESIDENCIAL;Normal;Impericia en el manejo
2241113;2/11/2024;6:30:00 a. m.;Sábado;2024;Noviembre;MOTOCICLETA;PARTICULAR;Motociclista;58;MASCULINO;HERIDOS;0;0;0;;CALLE 41 A SUR CARRERA 26 -102;;SAN RAFAEL;6.157170947859356, -75.58332677524501;CHOQUE;VEHICULO;NO REPORTADO;RESIDENCIAL;Normal;Impericia en el manejo
2241113;2/11/2024;6:30:00 a. m.;Sábado;2024;Noviembre;MOTOCICLETA;PARTICULAR;Acompañante;16;MASCULINO;HERIDOS;0;0;0;;CALLE 41 A SUR CARRERA 26 -102;;SAN RAFAEL;6.157170947859356, -75.58332677524501;CHOQUE;VEHICULO;NO REPORTADO;RESIDENCIAL;Normal;Impericia en el manejo
2241114;2/11/2024;10:10:00 a. m.;Sábado;2024;Noviembre;AUTOMOVIL;PUBLICO;Conductor;49;MASCULINO;HERIDOS;0;0;0;;CARRERA 43A CON CALLE 27A - 39;;VILLA GRANDE;6.179266873353582, -75.58361097314292;CHOQUE;VEHICULO;NO REPORTADO;RESIDENCIAL;Normal;No mantener distancia de seguridad
2241105;3/11/2024;3:28:00 a. m.;Domingo;2024;Noviembre;MOTOCICLETA;PARTICULAR;Motociclista;30;MASCULINO;HERIDOS;0;0;0;;CARRERA 43A CON CALLE 33 B SUR;;SAN MARCOS;6.17335562714155, -75.58685150464652;CHOQUE;VEHICULO;NO REPORTADO;RESIDENCIAL;Normal;Embriaguez o droga
2241105;3/11/2024;3:28:00 a. m.;Domingo;2024;Noviembre;MOTOCICLETA;PARTICULAR;Acompañante;24;FEMENINO;HERIDOS;0;0;0;;CARRERA 43A CON CALLE 33 B SUR;;SAN MARCOS;6.17335562714155, -75.58685150464652;CHOQUE;VEHICULO;NO REPORTADO;RESIDENCIAL;Normal;Embriaguez o droga
2241108;3/11/2024;12:00:00 a. m.;Domingo;2024;Noviembre;MOTOCICLETA;PARTICULAR;Motociclista;24;MASCULINO;HERIDOS;0;0;0;;CARRERA 27 CALLE 36 SUR 199;;LA INMACULADA;6.1666289912578405, -75.56952922407643;VOLCAMIENTO;NO REPORTADO;NO REPORTADO;COMERCIAL;Normal;Arrancar sin precaucion
2241116;3/11/2024;3:39:00 p. m.;Domingo;2024;Noviembre;MOTOCICLETA;PARTICULAR;Motociclista;30;MASCULINO;HERIDOS;0;0;0;;CARRERA 27 CALLE 25 SUR 180;;EL ESMERALDAL;6.172915429692616, -75.56771880692808;VOLCAMIENTO;NO REPORTADO;NO REPORTADO;COMERCIAL;Normal;Impericia en el manejo  -  Otra-Conductor
2241121;4/11/2024;6:35:00 p. m.;Lunes;2024;Noviembre;MOTOCICLETA;PARTICULAR;Motociclista;22;MASCULINO;HERIDOS;0;0;0;;CARRERA 43 A CALLE 33 B SUR;;SAN MARCOS;6.173363411049634, -75.58684897834063;CHOQUE;VEHICULO;NO REPORTADO;COMERCIAL;Normal;Semaforo en rojo
2241121;4/11/2024;6:35:00 p. m.;Lunes;2024;Noviembre;MOTOCICLETA;PARTICULAR;Motociclista;38;MASCULINO;HERIDOS;0;0;0;;CARRERA 43 A CALLE 33 B SUR;;SAN MARCOS;6.173363411049634, -75.58684897834063;CHOQUE;VEHICULO;NO REPORTADO;COMERCIAL;Normal;Semaforo en rojo
2241115;5/11/2024;12:04:00 p. m.;Martes;2024;Noviembre;MOTOCICLETA;PARTICULAR;Acompañante;28;MASCULINO;HERIDOS;0;0;0;;CALLE 25 SUR CON CARRERA 47;;ZUÑIGA;6.185234146183095, -75.58281711470477;CHOQUE;VEHICULO;NO REPORTADO;RESIDENCIAL;Normal;No respetar prelacion
2241115;5/11/2024;12:04:00 p. m.;Martes;2024;Noviembre;MOTOCICLETA;PARTICULAR;Motociclista;25;FEMENINO;HERIDOS;0;0;0;;CALLE 25 SUR CON CARRERA 47;;ZUÑIGA;6.185234146183095, -75.58281711470477;CHOQUE;VEHICULO;NO REPORTADO;RESIDENCIAL;Normal;No respetar prelacion
2241119;5/11/2024;1:33:00 p. m.;Martes;2024;Noviembre;MOTOCICLETA;PARTICULAR;Motociclista;24;MASCULINO;HERIDOS;0;0;0;;CALLE 36 SUR CON CARRERA 27A - 02;;LA INMACULADA;6.16734429207931, -75.57058473349637;CHOQUE;VEHICULO;NO REPORTADO;RESIDENCIAL;Normal;Desobedecer señales
2241120;5/11/2024;7:15:00 a. m.;Martes;2024;Noviembre;MOTOCICLETA;PARTICULAR;Motociclista;37;MASCULINO;HERIDOS;0;0;0;;KILOMETRO 12 TRAMO 604;el escobero - km 0-13);VEREDA PALMAS;6.139906172192938, -75.52094113017183;CHOQUE;VEHICULO;NO REPORTADO;NO REPORTADO;Normal;Desobedecer señales
2241118;6/11/2024;1:05:00 p. m.;Miércoles;2024;Noviembre;MOTOCICLETA;PARTICULAR;Acompañante;17;FEMENINO;HERIDOS;0;0;0;;CARRERA 47A CON CALLE 38A SUR;;ALCALA;6.1720587604768635, -75.59266498685552;CHOQUE;VEHICULO;NO REPORTADO;RESIDENCIAL;Normal;Transitar en contravia
2241118;6/11/2024;1:05:00 p. m.;Miércoles;2024;Noviembre;MOTOCICLETA;PARTICULAR;Motociclista;19;MASCULINO;HERIDOS;0;0;0;;CARRERA 47A CON CALLE 38A SUR;;ALCALA;6.1720587604768635, -75.59266498685552;CHOQUE;VEHICULO;NO REPORTADO;RESIDENCIAL;Normal;Transitar en contravia
2241122;7/11/2024;7:10:00 a. m.;Jueves;2024;Noviembre;MOTOCICLETA;PARTICULAR;Peaton;56;MASCULINO;HERIDOS;0;0;0;;KILOMETRO 3 TRAMO 500;el escobero - km 0-13);VEREDA PALMAS;6.15206615440803, -75.53267281357371;ATROPELLO;NO REPORTADO;NO REPORTADO;NO REPORTADO;Normal;Cruzar sin observar
2241122;7/11/2024;7:10:00 a. m.;Jueves;2024;Noviembre;AUTOMOVIL;PARTICULAR;Acompañante;53;MASCULINO;HERIDOS;0;0;0;;KILOMETRO 3 TRAMO 500;el escobero - km 0-13);VEREDA PALMAS;6.15206615440803, -75.53267281357371;ATROPELLO;NO REPORTADO;NO REPORTADO;NO REPORTADO;Normal;Cruzar sin observar
2241122;7/11/2024;7:10:00 a. m.;Jueves;2024;Noviembre;MOTOCICLETA;PARTICULAR;Motociclista;51;MASCULINO;HERIDOS;0;0;0;;KILOMETRO 3 TRAMO 500;el escobero - km 0-13);VEREDA PALMAS;6.15206615440803, -75.53267281357371;ATROPELLO;NO REPORTADO;NO REPORTADO;NO REPORTADO;Normal;Cruzar sin observar
2241123;7/11/2024;10:15:00 a. m.;Jueves;2024;Noviembre;AUTOMOVIL;OFICIAL;Peaton;85;MASCULINO;HERIDOS;0;0;0;;CARRERA 42 CALLE 38 A SUR;;ZONA CENTRO;6.168937527237108, -75.58780815127344;ATROPELLO;NO REPORTADO;NO REPORTADO;COMERCIAL;Normal;Impericia en el manejo
2241124;7/11/2024;12:34:00 p. m.;Jueves;2024;Noviembre;MOTOCICLETA;PARTICULAR;Motociclista;35;MASCULINO;HERIDOS;0;0;0;;KILOMETRO 7 TRAMO 100;el escobero - km 0-13);VEREDA PANTANILLO;6.171443977474378, -75.49032343935247;OTRO;NO REPORTADO;NO REPORTADO;NO REPORTADO;Normal;Obstaculos en la via
2241125;8/11/2024;12:01:00 p. m.;Viernes;2024;Noviembre;MOTOCICLETA;PARTICULAR;Peaton;58;MASCULINO;HERIDOS;0;0;0;;CARRERA 41 CALLE 36 SUR 67;;ZONA CENTRO;6.169903219922757, -75.58616040408054;ATROPELLO;NO REPORTADO;NO REPORTADO;COMERCIAL;Normal;Impericia en el manejo
2241126;8/11/2024;9:00:00 a. m.;Viernes;2024;Noviembre;MOTOCICLETA;PARTICULAR;Acompañante;22;MASCULINO;HERIDOS;0;0;0;;CARRERA 27 B CALLE 39 A SUR 70;;SAN JOSE;6.1589852057328365, -75.57959876149627;CAIDA OCUPANTE;NO REPORTADO;NO REPORTADO;RESIDENCIAL;Lluvia;Impericia en el manejo
2241129;8/11/2024;7:50:00 p. m.;Viernes;2024;Noviembre;AUTOMOVIL;PARTICULAR;Pasajero;64;MASCULINO;HERIDOS;0;0;0;;CARRERA 43 A CALLE 28 SUR;;VILLA GRANDE;6.178240393810464, -75.58440298685449;ATROPELLO;NO REPORTADO;NO REPORTADO;COMERCIAL;Lluvia;Otra-Conductor
2241127;9/11/2024;5:40:00 p. m.;Sábado;2024;Noviembre;MOTOCICLETA;PARTICULAR;Motociclista;33;FEMENINO;HERIDOS;0;0;0;;CARRERA 50 CALLE 39 SUR 100;;LAS VEGAS;6.173303607160337, -75.59788796574267;CHOQUE;VEHICULO;NO REPORTADO;INDUSTRIAL;Lluvia;No mantener distancia de seguridad
2241130;9/11/2024;5:10:00 p. m.;Sábado;2024;Noviembre;MOTOCICLETA;PARTICULAR;Motociclista;21;MASCULINO;HERIDOS;0;0;0;;CARRERA 50 CALLE 39 SUR 100;;LAS VEGAS;6.173303607160337, -75.59788796574267;CHOQUE;VEHICULO;NO REPORTADO;INDUSTRIAL;Lluvia;No mantener distancia de seguridad
2241130;9/11/2024;5:10:00 p. m.;Sábado;2024;Noviembre;MOTOCICLETA;PARTICULAR;Acompañante;20;MASCULINO;HERIDOS;0;0;0;;CARRERA 50 CALLE 39 SUR 100;;LAS VEGAS;6.173303607160337, -75.59788796574267;CHOQUE;VEHICULO;NO REPORTADO;INDUSTRIAL;Lluvia;No mantener distancia de seguridad
2241128;11/11/2024;10:55:00 a. m.;Lunes;2024;Noviembre;AUTOMOVIL;PUBLICO;Conductor;62;MASCULINO;MUERTOS;0;0;0;;CARRERA 49 CALLE 30 SUR 29 SUR;;LAS VEGAS;6.180709378667607, -75.5901834865167;INCENDIO;NO REPORTADO;NO REPORTADO;INDUSTRIAL;Normal;Falta de mantenimiento mecanico  -  Otra-Vehículo
2241131;12/11/2024;11:25:00 a. m.;Martes;2024;Noviembre;MOTOCICLETA;PARTICULAR;Motociclista;70;MASCULINO;HERIDOS;0;0;0;;CARRERA 38 CALLE 38 A SUR;;MESA;6.167261343886528, -75.58515544185036;CHOQUE;VEHICULO;NO REPORTADO;COMERCIAL;Normal;No respetar pelacion de interseccion o giros
2241132;12/11/2024;5:50:00 a. m.;Martes;2024;Noviembre;MOTOCICLETA;PARTICULAR;Motociclista;36;MASCULINO;HERIDOS;0;0;0;;KILOMETRO 15 TRAMO 880;el escobero - km 0-13);VEREDA PALMAS;6.153032581467678, -75.5396249312544;CHOQUE;VEHICULO;NO REPORTADO;NO REPORTADO;Normal;Adelantar en curva
2241133;12/11/2024;6:30:00 a. m.;Martes;2024;Noviembre;MOTOCICLETA;PARTICULAR;Motociclista;25;FEMENINO;HERIDOS;0;0;0;;CARRERA 43 A CALLE 25 A SUR 27;;PONTE VEDRA;6.181068511436535, -75.58255316343366;CHOQUE;OBJETO FIJO;OTRO TIPO;RESIDENCIAL;Normal;Otra-Conductor
2241133;12/11/2024;6:30:00 a. m.;Martes;2024;Noviembre;MOTOCICLETA;PARTICULAR;Acompañante;22;FEMENINO;HERIDOS;0;0;0;;CARRERA 43 A CALLE 25 A SUR 27;;PONTE VEDRA;6.181068511436535, -75.58255316343366;CHOQUE;OBJETO FIJO;OTRO TIPO;RESIDENCIAL;Normal;Otra-Conductor
2241134;13/11/2024;7:30:00 a. m.;Miércoles;2024;Noviembre;MOTOCICLETA;PARTICULAR;Acompañante;19;MASCULINO;HERIDOS;0;0;0;;TRANSVERSAL 34 SUR DIAGONAL 33- 46 ;;OBRERO;6.17243975569647, -75.58417904020679;CHOQUE;OBJETO FIJO;VEHICULO ESTACIONADO;RESIDENCIAL;Normal;Impericia en el manejo
2241134;13/11/2024;7:30:00 a. m.;Miércoles;2024;Noviembre;MOTOCICLETA;PARTICULAR;Motociclista;34;FEMENINO;HERIDOS;0;0;0;;TRANSVERSAL 34 SUR DIAGONAL 33- 46 ;;OBRERO;6.17243975569647, -75.58417904020679;CHOQUE;OBJETO FIJO;VEHICULO ESTACIONADO;RESIDENCIAL;Normal;Impericia en el manejo
2241135;13/11/2024;6:55:00 a. m.;Miércoles;2024;Noviembre;MOTOCICLETA;PARTICULAR;Acompañante;31;FEMENINO;HERIDOS;0;0;0;;CARRERA 48 CALLE 39 SUR 66;;LAS VEGAS;6.171464439720715, -75.59438890690176;CHOQUE;VEHICULO;NO REPORTADO;INDUSTRIAL;Normal;Desobedecer señales
2241135;13/11/2024;6:55:00 a. m.;Miércoles;2024;Noviembre;MOTOCICLETA;PARTICULAR;Motociclista;23;MASCULINO;HERIDOS;0;0;0;;CARRERA 48 CALLE 39 SUR 66;;LAS VEGAS;6.171464439720715, -75.59438890690176;CHOQUE;VEHICULO;NO REPORTADO;INDUSTRIAL;Normal;Desobedecer señales
2241135;13/11/2024;6:55:00 a. m.;Miércoles;2024;Noviembre;MOTOCICLETA;PARTICULAR;Motociclista;32;MASCULINO;HERIDOS;0;0;0;;CARRERA 48 CALLE 39 SUR 66;;LAS VEGAS;6.171464439720715, -75.59438890690176;CHOQUE;VEHICULO;NO REPORTADO;INDUSTRIAL;Normal;Desobedecer señales
2241136;13/11/2024;1:20:00 p. m.;Miércoles;2024;Noviembre;AUTOMOVIL;PARTICULAR;Acompañante;25;FEMENINO;HERIDOS;0;0;0;;CALLE 36 D SUR CON CARRERA 28;;LA PRADERA;6.166268759936277, -75.57712188173068;CHOQUE;VEHICULO;NO REPORTADO;RESIDENCIAL;Normal;No mantener distancia de seguridad
2241136;13/11/2024;1:20:00 p. m.;Miércoles;2024;Noviembre;AUTOMOVIL;PARTICULAR;Conductor;20;MASCULINO;HERIDOS;0;0;0;;CALLE 36 D SUR CON CARRERA 28;;LA PRADERA;6.166268759936277, -75.57712188173068;CHOQUE;VEHICULO;NO REPORTADO;RESIDENCIAL;Normal;No mantener distancia de seguridad
2241138;13/11/2024;6:05:00 a. m.;Miércoles;2024;Noviembre;MOTOCICLETA;PARTICULAR;Motociclista;32;FEMENINO;HERIDOS;0;0;0;;CARRERA  48 CALLE 44 SUR 95;;LAS VEGAS;6.166484501670685, -75.5993076504175;CHOQUE;VEHICULO;NO REPORTADO;COMERCIAL;Normal;Desobedecer señales
2241139;13/11/2024;7:50:00 a. m.;Miércoles;2024;Noviembre;MOTOCICLETA;PARTICULAR;Motociclista;55;MASCULINO;HERIDOS;0;0;0;;CALLE 25 SUR CON CARRERA 43A -  62;;BOSQUES DE ZUÑIGA;6.182084766212919, -75.58145131023434;CAIDA OCUPANTE;NO REPORTADO;NO REPORTADO;RESIDENCIAL;Normal;Desobedecer señales  -  Girar bruscamente
2241137;14/11/2024;8:24:00 p. m.;Jueves;2024;Noviembre;CAMIONETA;PARTICULAR;Peaton;8;MASCULINO;HERIDOS;0;0;0;;CALLE 27 A SUR CARRERA 47-50;;VILLA GRANDE;6.181137857878065, -75.58661803811958;ATROPELLO;NO REPORTADO;NO REPORTADO;RESIDENCIAL;Normal;Reverso imprudente
2241140;14/11/2024;5:04:00 p. m.;Jueves;2024;Noviembre;MOTOCICLETA;PARTICULAR;Motociclista;45;MASCULINO;HERIDOS;0;0;0;;DIAGONAL 31 C CON TRANSVERSAL 33 A SUR 130;;LAS FLORES;6.173035437078858, -75.58011135180477;VOLCAMIENTO;NO REPORTADO;NO REPORTADO;RESIDENCIAL;Normal;Superficie humeda
2241140;14/11/2024;5:04:00 p. m.;Jueves;2024;Noviembre;MOTOCICLETA;PARTICULAR;Acompañante;18;FEMENINO;HERIDOS;0;0;0;;DIAGONAL 31 C CON TRANSVERSAL 33 A SUR 130;;LAS FLORES;6.173035437078858, -75.58011135180477;VOLCAMIENTO;NO REPORTADO;NO REPORTADO;RESIDENCIAL;Normal;Superficie humeda
2241141;14/11/2024;5:00:00 p. m.;Jueves;2024;Noviembre;MOTOCICLETA;PARTICULAR;Peaton;66;FEMENINO;HERIDOS;0;0;0;;CARRERA 48 CON CALLE 46A SUR 201;;LAS VEGAS;6.1663692683332, -75.59937680522394;ATROPELLO;NO REPORTADO;NO REPORTADO;RESIDENCIAL;Normal;Desobedecer señales
2241142;14/11/2024;5:20:00 p. m.;Jueves;2024;Noviembre;MOTOCICLETA;PARTICULAR;Peaton;53;FEMENINO;HERIDOS;0;0;0;;CALLE 35 SUR CON CARRERA 41;;ZONA CENTRO;6.171484993656337, -75.58529013246046;ATROPELLO;NO REPORTADO;NO REPORTADO;RESIDENCIAL;Normal;Cruzar sin observar