NRO_RADICADO;FECHA_ACCIDENTE;HORA_ACCIDENTE;Día de la semana;AÑO;MES;CLASE_VEHICULO;TIPO_SERVICIO;TIPO_VICTIMA;EDAD;GENERO;GRAVEDAD;ESTADO_BEODEZ;ESTADO_DROGA;RESULTADO_BEODEZ;RESUL_BEODEZ_GRAMOS;DIRECCION_CARACT_VIA;TRAMO_VIA;LOCALIDAD_O_COMUNA;    GEORREFERENCIACIÓN;DESC_CLASE_ACCIDENTE;DESC_CHOQUE_ACCIDENTE;DESC_OBJETO_FIJO;DESC_SECTOR_ACCIDENTE;CONDICION_CLIMATICA;CAUSA_ACCIDENTE
2241143;15/11/2024;7:00:00 a. m.;Viernes;2024;Noviembre;MOTOCICLETA;PARTICULAR;Motociclista;30;MASCULINO;HERIDOS;0;0;0;;KILOMETRO 13 + 670;medellín palmas envigado (km 12 - km 16+700);VEREDA PALMAS;6.15911265840287, -75.53203134882588;CAIDA OCUPANTE;NO REPORTADO;NO REPORTADO;NO REPORTADO;Normal;Superficie lisa
2241146;15/11/2024;8:35:00 p. m.;Viernes;2024;Noviembre;MOTOCICLETA;PARTICULAR;Motociclista;20;MASCULINO;HERIDOS;0;0;0;;DIAGONAL 31C CON TRANSVERSAL 32A SUR;;LAS FLORES;6.176132434299175, -75.58095450811844;CHOQUE;VEHICULO;NO REPORTADO;RESIDENCIAL;Normal;Semaforo en rojo
2241146;15/11/2024;8:35:00 p. m.;Viernes;2024;Noviembre;MOTOCICLETA;PARTICULAR;Motociclista;28;MASCULINO;HERIDOS;0;0;0;;DIAGONAL 31C CON TRANSVERSAL 32A SUR;;LAS FLORES;6.176132434299175, -75.58095450811844;CHOQUE;VEHICULO;NO REPORTADO;RESIDENCIAL;Normal;Semaforo en rojo
2241147;15/11/2024;7:10:00 a. m.;Viernes;2024;Noviembre;MOTOCICLETA;PARTICULAR;Motociclista;28;FEMENINO;HERIDOS;0;0;0;;KILOMETRO 13 + 670;medellín palmas envigado (km 12 - km 16+700);VEREDA PALMAS;6.15911265840287, -75.53203134882588;CAIDA OCUPANTE;NO REPORTADO;NO REPORTADO;NO REPORTADO;Normal;Superficie lisa
2241144;16/11/2024;10:40:00 a. m.;Sábado;2024;Noviembre;MOTOCICLETA;PARTICULAR;Motociclista;74;MASCULINO;HERIDOS;0;0;0;;KILOMETRO 15 + 570;medellín palmas envigado (km 12 - km 16+700);VEREDA PALMAS;6.153593084663613, -75.54148331636277;CHOQUE;VEHICULO;NO REPORTADO;NO REPORTADO;Normal;No mantener distancia de seguridad
2241148;16/11/2024;1:50:00 p. m.;Sábado;2024;Noviembre;MOTOCICLETA;PARTICULAR;Motociclista;50;MASCULINO;HERIDOS;0;0;0;;TRANSVERSAL 34A SUR CON DIAGONAL 32B;;OBRERO;6.172724993814619, -75.58232936906437;CAIDA OCUPANTE;NO REPORTADO;NO REPORTADO;RESIDENCIAL;Normal;Desobedecer señales
2241149;16/11/2024;12:20:00 p. m.;Sábado;2024;Noviembre;MOTOCICLETA;PARTICULAR;Motociclista;25;MASCULINO;HERIDOS;0;0;0;;kilometro 6 tramo 360;el escobero - km 0-13);VEREDA PANTANILLO;6.1679574596364715, -75.48456853533332;VOLCAMIENTO;NO REPORTADO;NO REPORTADO;NO REPORTADO;Normal;Superficie humeda
2241149;16/11/2024;12:20:00 p. m.;Sábado;2024;Noviembre;MOTOCICLETA;PARTICULAR;Acompañante;57;MASCULINO;HERIDOS;0;0;0;;kilometro 6 tramo 360;el escobero - km 0-13);VEREDA PANTANILLO;6.1679574596364715, -75.48456853533332;VOLCAMIENTO;NO REPORTADO;NO REPORTADO;NO REPORTADO;Normal;Superficie humeda
2241150;16/11/2024;4:00:00 p. m.;Sábado;2024;Noviembre;MOTOCICLETA;PARTICULAR;Motociclista;44;MASCULINO;HERIDOS;0;0;0;;DIAGONAL 32  TRANSVERSAL 35 C SUR;;LOS NARANJOS;6.169292499640189, -75.58075498252784;CHOQUE;VEHICULO;NO REPORTADO;RESIDENCIAL;Normal;Adelantar por la derecha  -  Girar bruscamente
2241154;16/11/2024;9:57:00 a. m.;Sábado;2024;Noviembre;MOTOCICLETA;PARTICULAR;Motociclista;20;MASCULINO;HERIDOS;0;0;0;;CALLE 38 SUR CON CARRERA 31;;MESA;6.165417, -75.581189;CHOQUE;VEHICULO;NO REPORTADO;RESIDENCIAL;Normal;Recoger o dejar pasajeros en calzada
2241155;16/11/2024;3:50:00 p. m.;Sábado;2024;Noviembre;AUTOMOVIL;PARTICULAR;Peaton;81;FEMENINO;HERIDOS;0;0;0;;TRANSVERSAL 35C SUR CON DIAGONAL 33;;LOS NARANJOS;6.16895619388172, -75.58184360464656;ATROPELLO;NO REPORTADO;NO REPORTADO;RESIDENCIAL;Normal;Desobedecer señales
2241152;17/11/2024;3:51:00 p. m.;Domingo;2024;Noviembre;BUSETA;PUBLICO;Pasajero;54;FEMENINO;HERIDOS;0;0;0;;CALLE 39 B SUR CARRERA 30;;SAN JOSE;6.163202762339404, -75.58193018069215;CHOQUE;OBJETO FIJO;BARANDA;COMERCIAL;Normal;Impericia en el manejo
2241156;17/11/2024;2:35:00 p. m.;Domingo;2024;Noviembre;AUTOMOVIL;PARTICULAR;Conductor;53;MASCULINO;HERIDOS;0;0;0;;DIAGONAL 30 TRANSVERSAL 34 F SUR 07;;LA SEBASTIANA;6.170022124453926, -75.57858533458126;CHOQUE;OBJETO FIJO;ARBOL;RESIDENCIAL;Normal;Fallas en los frenos
2241153;18/11/2024;6:55:00 a. m.;Lunes;2024;Noviembre;MOTOCICLETA;PARTICULAR;Motociclista;25;FEMENINO;HERIDOS;0;0;0;;carrera 50 calle 37 sur;;LAS VEGAS;6.1753650944593605, -75.5946873273053;CHOQUE;VEHICULO;NO REPORTADO;RESIDENCIAL;Normal;No mantener distancia de seguridad
2241157;18/11/2024;8:15:00 a. m.;Lunes;2024;Noviembre;MOTOCICLETA;PARTICULAR;Motociclista;59;MASCULINO;HERIDOS;0;0;0;;KILOMETRO 12 TRAMO 57;retiro varia palmas enviga (km 5+43 - km 14+ 550);VEREDA PALMAS;6.143068051879954, -75.52394544655067;VOLCAMIENTO;NO REPORTADO;NO REPORTADO;NO REPORTADO;Normal;Impericia en el manejo
2241158;18/11/2024;12:07:00 p. m.;Lunes;2024;Noviembre;MOTOCICLETA;PARTICULAR;Motociclista;26;MASCULINO;HERIDOS;0;0;0;;CARRERA 43 A CALLE 21 SUR;;ZUÑIGA;6.183699284375079, -75.57949415799028;CHOQUE;VEHICULO;NO REPORTADO;COMERCIAL;Normal;Desobedecer señales
2241160;18/11/2024;7:00:00 p. m.;Lunes;2024;Noviembre;MOTOCICLETA;PARTICULAR;Peaton;66;MASCULINO;HERIDOS;0;0;0;;DIAGONAL 29 CON TRANSVERSAL 28 SUR 03;;LAS ORQUIDEAS;6.175054929812969, -75.57724128244696;ATROPELLO;NO REPORTADO;NO REPORTADO;RESIDENCIAL;Normal;Impericia en el manejo
2241161;19/11/2024;10:30:00 a. m.;Martes;2024;Noviembre;MOTOCICLETA;PARTICULAR;Motociclista;52;MASCULINO;HERIDOS;0;0;0;;CALLE 36D SUR CON CARRERA 25A ;;VEREDA EL ESCOBERO;6.158932932795709, -75.5665533780954;CAIDA OCUPANTE;NO REPORTADO;NO REPORTADO;RESIDENCIAL;Normal;Impericia en el manejo
2241162;19/11/2024;3:40:00 p. m.;Martes;2024;Noviembre;BUS;PUBLICO;Pasajero;68;FEMENINO;HERIDOS;0;0;0;;CALLE 37 SUR CON CARRERA 29A;;LOS NARANJOS;6.165908412653015, -75.58044438562402;CAIDA OCUPANTE;NO REPORTADO;NO REPORTADO;RESIDENCIAL;Normal;Arrancar sin precaucion
2241163;19/11/2024;12:50:00 p. m.;Martes;2024;Noviembre;MOTOCICLETA;PARTICULAR;Motociclista;47;MASCULINO;HERIDOS;0;0;0;;CARRERA 43A CON CALLE 46 SUR;;PRIMAVERA;6.164082493880113, -75.59610576354598;CAIDA OCUPANTE;NO REPORTADO;NO REPORTADO;RESIDENCIAL;Normal;Impericia en el manejo
2241164;19/11/2024;5:18:00 p. m.;Martes;2024;Noviembre;MOTOCICLETA;PARTICULAR;Motociclista;32;MASCULINO;HERIDOS;0;0;0;;CARRERA 27 CON CALLE 36A SUR ;;EL CHOCHO;6.166022996053795, -75.5696267410187;CHOQUE;VEHICULO;NO REPORTADO;RESIDENCIAL;Normal;Desobedecer señales
2241165;19/11/2024;6:15:00 p. m.;Martes;2024;Noviembre;MOTOCICLETA;PARTICULAR;Motociclista;33;FEMENINO;HERIDOS;0;0;0;;DIAGONAL 32D CON TRANSVERSAL 34C SUR;;OBRERO;6.171548041146899, -75.58270960683828;CHOQUE;VEHICULO;NO REPORTADO;RESIDENCIAL;Normal;Desobedecer señales
2241165;19/11/2024;6:15:00 p. m.;Martes;2024;Noviembre;MOTOCICLETA;PARTICULAR;Motociclista;16;MASCULINO;HERIDOS;0;0;0;;DIAGONAL 32D CON TRANSVERSAL 34C SUR;;OBRERO;6.171548041146899, -75.58270960683828;CHOQUE;VEHICULO;NO REPORTADO;RESIDENCIAL;Normal;Desobedecer señales
2241170;19/11/2024;4:00:00 p. m.;Martes;2024;Noviembre;CAMIONETA;PARTICULAR;Conductor;33;MASCULINO;HERIDOS;0;0;0;;KILOMETRO 14 + 880;medellín palmas envigado (km 12 - km 16+700);VEREDA PALMAS;6.152548287314527, -75.54665427951268;CHOQUE;VEHICULO;NO REPORTADO;NO REPORTADO;Normal;Falta de precaucion niebla, lluvia, humo
2241166;20/11/2024;2:10:00 p. m.;Miércoles;2024;Noviembre;MOTOCICLETA;PARTICULAR;Motociclista;18;MASCULINO;HERIDOS;0;0;0;;CALLE 48 SUR CON CARRERA 40;;EL TRIANON;6.158730277591741, -75.5946587374312;CHOQUE;VEHICULO;NO REPORTADO;RESIDENCIAL;Normal;Desobedecer señales
2241167;20/11/2024;5:55:00 a. m.;Miércoles;2024;Noviembre;MOTOCICLETA;PARTICULAR;Acompañante;42;FEMENINO;HERIDOS;0;0;0;;CARRERA 48 CON CALLE 48 C SUR;;PRIMAVERA;6.163717800901373, -75.60177316737119;CHOQUE;VEHICULO;NO REPORTADO;RESIDENCIAL;Normal;Desobedecer señales  -  No respetar pelacion de interseccion o giros
2241167;20/11/2024;5:55:00 a. m.;Miércoles;2024;Noviembre;MOTOCICLETA;PARTICULAR;Motociclista;43;MASCULINO;HERIDOS;0;0;0;;CARRERA 48 CON CALLE 48 C SUR;;PRIMAVERA;6.163717800901373, -75.60177316737119;CHOQUE;VEHICULO;NO REPORTADO;RESIDENCIAL;Normal;Desobedecer señales  -  No respetar pelacion de interseccion o giros
2241168;20/11/2024;9:25:00 a. m.;Miércoles;2024;Noviembre;MOTOCICLETA;PARTICULAR;Motociclista;23;MASCULINO;HERIDOS;0;0;0;;CARRERA 43 A CALLE 39 SUR 40;;ZONA CENTRO;6.168678014602034, -75.58968024702223;CHOQUE;VEHICULO;NO REPORTADO;COMERCIAL;Normal;Transitar entre vehiculos
2241169;20/11/2024;4:00:00 p. m.;Miércoles;2024;Noviembre;MOTOCICLETA;PARTICULAR;Acompañante;23;MASCULINO;HERIDOS;0;0;0;;CARRERA 43 A CALLE 30 SUR ;;JARDINES;6.176985727108613, -75.585276104651;CAIDA OCUPANTE;NO REPORTADO;NO REPORTADO;COMERCIAL;Lluvia;Desobedecer señales
2241172;20/11/2024;12:40:00 p. m.;Miércoles;2024;Noviembre;MOTOCICLETA;PARTICULAR;Motociclista;17;MASCULINO;HERIDOS;0;0;0;;KILOMETRO 10 + 10 SECTOR CHARCO AZUL VARIANTE PALMAS;retiro varia palmas enviga (km 5+43 - km 14+ 550);VEREDA PALMAS;6.162468952012685, -75.49283012337574;CAIDA OCUPANTE;NO REPORTADO;NO REPORTADO;NO REPORTADO;Normal;Impericia en el manejo
2241171;21/11/2024;6:47:00 p. m.;Jueves;2024;Noviembre;MOTOCICLETA;PARTICULAR;Peaton;27;FEMENINO;HERIDOS;0;0;0;;CARRERA 43A CON CALLE 31 SUR 39;;SAN MARCOS;6.176170043487614, -75.58562963976111;ATROPELLO;NO REPORTADO;NO REPORTADO;RESIDENCIAL;Normal;Desobedecer señales
2241173;21/11/2024;7:05:00 a. m.;Jueves;2024;Noviembre;AUTOMOVIL;PARTICULAR;Conductor;34;FEMENINO;HERIDOS;0;0;0;;CARRERA 48 CON CALLE 42 UR ;;LAS VEGAS;6.168673913211692, -75.59689997996499;CHOQUE;VEHICULO;NO REPORTADO;RESIDENCIAL;Normal;No mantener distancia de seguridad
2241174;22/11/2024;1:31:00 a. m.;Viernes;2024;Noviembre;MOTOCICLETA;PARTICULAR;Motociclista;16;MASCULINO;HERIDOS;0;0;0;;CALLE 37 SU CON DIAGONAL 31;;LA PRADERA;6.166075689718103, -75.58038105674432;CHOQUE;VEHICULO;NO REPORTADO;RESIDENCIAL;Normal;Semaforo en rojo
2241175;22/11/2024;6:00:00 a. m.;Viernes;2024;Noviembre;BICICLETA;;Ciclista;46;MASCULINO;HERIDOS;0;0;0;;CARRERA 48 CON CALLE 25 SUR 136;;LAS VEGAS;6.184951883193504, -75.58351511773269;CHOQUE;VEHICULO;NO REPORTADO;RESIDENCIAL;Normal;Desobedecer señales
2241175;22/11/2024;6:00:00 a. m.;Viernes;2024;Noviembre;MOTOCICLETA;PARTICULAR;Acompañante;22;MASCULINO;HERIDOS;0;0;0;;CARRERA 48 CON CALLE 25 SUR 136;;LAS VEGAS;6.184951883193504, -75.58351511773269;CHOQUE;VEHICULO;NO REPORTADO;RESIDENCIAL;Normal;Desobedecer señales
2241177;22/11/2024;9:11:00 p. m.;Viernes;2024;Noviembre;MOTOCICLETA;PARTICULAR;Motociclista;30;MASCULINO;MUERTOS;0;0;0;;CARRERA 50 CALLE 39 SUR 100;;LAS VEGAS;6.173303607160337, -75.59788796574267;CHOQUE;OBJETO FIJO;HIDRANTE;RESIDENCIAL;Normal;Falta de precaucion niebla, lluvia, humo
2241179;22/11/2024;2:30:00 p. m.;Viernes;2024;Noviembre;MOTOCICLETA;PARTICULAR;Peaton;82;FEMENINO;HERIDOS;0;0;0;;CARRERA 48 ENTRE CALLE 36 A SUR y CALLE 37 SUR;;LAS VEGAS;6.173818061380639, -75.59212149159782;ATROPELLO;NO REPORTADO;NO REPORTADO;RESIDENCIAL;Lluvia;Cruzar sin observar
2241179;22/11/2024;2:30:00 p. m.;Viernes;2024;Noviembre;MOTOCICLETA;PARTICULAR;Motociclista;26;MASCULINO;HERIDOS;0;0;0;;CARRERA 48 ENTRE CALLE 36 A SUR y CALLE 37 SUR;;LAS VEGAS;6.173818061380639, -75.59212149159782;ATROPELLO;NO REPORTADO;NO REPORTADO;RESIDENCIAL;Lluvia;Cruzar sin observar
2241190;22/11/2024;12:00:00 p. m.;Viernes;2024;Noviembre;AUTOMOVIL;PARTICULAR;Peaton;69;FEMENINO;HERIDOS;0;0;0;;TRANSVERSAL 32C SUR DIAGONAL 32D;;LA MAGNOLIA;6.1747135259221535, -75.58398000740796;ATROPELLO;NO REPORTADO;NO REPORTADO;RESIDENCIAL;Normal;Desobedecer señales
2241176;23/11/2024;8:10:00 p. m.;Sábado;2024;Noviembre;MOTOCICLETA;PARTICULAR;Motociclista;26;MASCULINO;HERIDOS;0;0;0;;KILOMETRO 15 + 950;medellín palmas envigado (km 12 - km 16+700);VEREDA PALMAS;6.153292679366039, -75.53911662077535;CHOQUE;VEHICULO;NO REPORTADO;NO REPORTADO;Normal;Adelantar por la derecha
2241178;23/11/2024;9:50:00 a. m.;Sábado;2024;Noviembre;MOTOCICLETA;PARTICULAR;Motociclista;16;MASCULINO;HERIDOS;0;0;0;;CALLE 37 SUR CON CARRERA 32;;MESA;6.166533257640097, -75.58119910501532;CHOQUE;VEHICULO;NO REPORTADO;RESIDENCIAL;Normal;Desobedecer señales
2241180;23/11/2024;9:00:00 p. m.;Sábado;2024;Noviembre;MOTOCICLETA;PARTICULAR;Motociclista;39;MASCULINO;HERIDOS;0;0;0;;CALLE 23 SUR FRENTE AL # 27-43;;ZUÑIGA;6.176976803653116, -75.56821706174452;CAIDA OCUPANTE;NO REPORTADO;NO REPORTADO;RESIDENCIAL;Lluvia;Superficie humeda
2241181;23/11/2024;1:12:00 p. m.;Sábado;2024;Noviembre;MOTOCICLETA;PARTICULAR;Acompañante;23;FEMENINO;HERIDOS;0;0;0;;CARRERA 48 FRENTE AL # 44 SUR-95;;LAS VEGAS;6.167717174439522, -75.59810229989641;CHOQUE;VEHICULO;NO REPORTADO;RESIDENCIAL;Normal;No respetar prelacion
2241181;23/11/2024;1:12:00 p. m.;Sábado;2024;Noviembre;MOTOCICLETA;PARTICULAR;Motociclista;24;MASCULINO;HERIDOS;0;0;0;;CARRERA 48 FRENTE AL # 44 SUR-95;;LAS VEGAS;6.167717174439522, -75.59810229989641;CHOQUE;VEHICULO;NO REPORTADO;RESIDENCIAL;Normal;No respetar prelacion
2241182;23/11/2024;5:05:00 p. m.;Sábado;2024;Noviembre;AUTOMOVIL;PARTICULAR;Conductor;30;MASCULINO;HERIDOS;0;0;0;;CARRERA 43A CALLE 44 SUR;;MILAN VALLEJUELOS;6.165561660848237, -75.59410979115408;CHOQUE;VEHICULO;NO REPORTADO;RESIDENCIAL;Lluvia;Desobedecer señales
2241183;23/11/2024;12:30:00 p. m.;Sábado;2024;Noviembre;MOTOCICLETA;PARTICULAR;Motociclista;28;MASCULINO;HERIDOS;0;0;0;;KILOMETRO 15+880;medellín palmas envigado (km 12 - km 16+700);VEREDA PALMAS;6.153032581467678, -75.5396249312544;CHOQUE;VEHICULO;NO REPORTADO;NO REPORTADO;Normal;Desobedecer señales  -  Otra-Conductor
2241183;23/11/2024;12:30:00 p. m.;Sábado;2024;Noviembre;MOTOCICLETA;PARTICULAR;Motociclista;36;MASCULINO;HERIDOS;0;0;0;;KILOMETRO 15+880;medellín palmas envigado (km 12 - km 16+700);VEREDA PALMAS;6.153032581467678, -75.5396249312544;CHOQUE;VEHICULO;NO REPORTADO;NO REPORTADO;Normal;Desobedecer señales  -  Otra-Conductor
2241183;23/11/2024;12:30:00 p. m.;Sábado;2024;Noviembre;MOTOCICLETA;PARTICULAR;Acompañante;22;FEMENINO;HERIDOS;0;0;0;;KILOMETRO 15+880;medellín palmas envigado (km 12 - km 16+700);VEREDA PALMAS;6.153032581467678, -75.5396249312544;CHOQUE;VEHICULO;NO REPORTADO;NO REPORTADO;Normal;Desobedecer señales  -  Otra-Conductor
2241184;23/11/2024;2:55:00 p. m.;Sábado;2024;Noviembre;MOTOCICLETA;PARTICULAR;Motociclista;57;FEMENINO;HERIDOS;0;0;0;;CALLE 39 SUR CARRERA 47A;;ALCALA;6.171395931863049, -75.59341329875879;CHOQUE;VEHICULO;NO REPORTADO;RESIDENCIAL;Lluvia;Desobedecer señales
2241185;23/11/2024;3:30:00 p. m.;Sábado;2024;Noviembre;MOTOCICLETA;PARTICULAR;Motociclista;42;FEMENINO;HERIDOS;0;0;0;;CARRERA 32B # 40 F SUR 25;;EL DORADO;6.162004455635535, -75.58563073949432;CAIDA OCUPANTE;NO REPORTADO;NO REPORTADO;RESIDENCIAL;Normal;Impericia en el manejo
2241186;23/11/2024;8:37:00 a. m.;Sábado;2024;Noviembre;MOTOCICLETA;PARTICULAR;Motociclista;17;MASCULINO;HERIDOS;0;0;0;;CARRERA 43 A CALLE 40 SUR;;ALCALA;6.168023935044304, -75.59036832024142;CHOQUE;VEHICULO;NO REPORTADO;RESIDENCIAL;Normal;Desobedecer señales
2241187;24/11/2024;9:25:00 p. m.;Domingo;2024;Noviembre;MOTOCICLETA;PARTICULAR;Motociclista;32;MASCULINO;HERIDOS;0;0;0;;TRANSVERSAL 32 A SUR DIAGONAL 32B;;LA MAGNOLIA;6.1755824253617435, -75.58323209022237;CHOQUE;VEHICULO;NO REPORTADO;RESIDENCIAL;Normal;Desobedecer señales
2241195;24/11/2024;12:30:00 p. m.;Domingo;2024;Noviembre;AUTOMOVIL;PARTICULAR;Acompañante;65;FEMENINO;HERIDOS;0;0;0;;CALLE 27 SUR CARRERA 28-49;;ALTO DE MISAEL;6.176350454396934, -75.57534451155786;CHOQUE;VEHICULO;NO REPORTADO;RESIDENCIAL;Normal;Impericia en el manejo
2241195;24/11/2024;12:30:00 p. m.;Domingo;2024;Noviembre;MOTOCICLETA;PARTICULAR;Motociclista;29;MASCULINO;HERIDOS;0;0;0;;CALLE 27 SUR CARRERA 28-49;;ALTO DE MISAEL;6.176350454396934, -75.57534451155786;CHOQUE;VEHICULO;NO REPORTADO;RESIDENCIAL;Normal;Impericia en el manejo
2241195;24/11/2024;12:30:00 p. m.;Domingo;2024;Noviembre;AUTOMOVIL;PARTICULAR;Conductor;73;MASCULINO;HERIDOS;0;0;0;;CALLE 27 SUR CARRERA 28-49;;ALTO DE MISAEL;6.176350454396934, -75.57534451155786;CHOQUE;VEHICULO;NO REPORTADO;RESIDENCIAL;Normal;Impericia en el manejo
2241308;24/11/2024;5:00:00 p. m.;Domingo;2024;Noviembre;AUTOMOVIL;PARTICULAR;Acompañante;62;FEMENINO;HERIDOS;0;0;0;;CARRERA 50 CALLE 36 SUR 37;;LAS VEGAS;6.176514503074623, -75.59343426334979;CHOQUE;OBJETO FIJO;MURO;COMERCIAL;Normal;Superficie humeda
2241308;24/11/2024;5:00:00 p. m.;Domingo;2024;Noviembre;AUTOMOVIL;PARTICULAR;Acompañante;67;MASCULINO;HERIDOS;0;0;0;;CARRERA 50 CALLE 36 SUR 37;;LAS VEGAS;6.176514503074623, -75.59343426334979;CHOQUE;OBJETO FIJO;MURO;COMERCIAL;Normal;Superficie humeda
2241188;25/11/2024;5:00:00 p. m.;Lunes;2024;Noviembre;MOTOCICLETA;DIPLOMATICO;Motociclista;47;FEMENINO;HERIDOS;0;0;0;;CALLE 24 SUR FRENTE AL # 40-47;;ZUÑIGA;6.179682302948964, -75.57693949436258;CHOQUE;VEHICULO;NO REPORTADO;RESIDENCIAL;Normal;No mantener distancia de seguridad
2241189;25/11/2024;11:03:00 p. m.;Lunes;2024;Noviembre;MOTOCICLETA;PARTICULAR;Acompañante;24;FEMENINO;HERIDOS;0;0;0;;CARRERA 43A CALLE 25 SUR;;BOSQUES DE ZUÑIGA;6.181544601777213, -75.58127632520977;CHOQUE;VEHICULO;NO REPORTADO;RESIDENCIAL;Normal;Desobedecer señales
2241189;25/11/2024;11:03:00 p. m.;Lunes;2024;Noviembre;MOTOCICLETA;PARTICULAR;Acompañante;18;FEMENINO;HERIDOS;0;0;0;;CARRERA 43A CALLE 25 SUR;;BOSQUES DE ZUÑIGA;6.181544601777213, -75.58127632520977;CHOQUE;VEHICULO;NO REPORTADO;RESIDENCIAL;Normal;Desobedecer señales
2241189;25/11/2024;11:03:00 p. m.;Lunes;2024;Noviembre;MOTOCICLETA;PARTICULAR;Motociclista;19;MASCULINO;HERIDOS;0;0;0;;CARRERA 43A CALLE 25 SUR;;BOSQUES DE ZUÑIGA;6.181544601777213, -75.58127632520977;CHOQUE;VEHICULO;NO REPORTADO;RESIDENCIAL;Normal;Desobedecer señales
2241191;25/11/2024;9:40:00 p. m.;Lunes;2024;Noviembre;MOTOCICLETA;PARTICULAR;Motociclista;34;MASCULINO;HERIDOS;0;0;0;;KILOMETRO 6;retiro varia palmas enviga (km 5+43 - km 14+ 550);VEREDA PANTANILLO;6.171486705105051, -75.49027594910869;CAIDA OCUPANTE;NO REPORTADO;NO REPORTADO;NO REPORTADO;Normal;Impericia en el manejo
2241192;25/11/2024;5:30:00 p. m.;Lunes;2024;Noviembre;MOTOCICLETA;PARTICULAR;Peaton;67;MASCULINO;HERIDOS;0;0;0;;CALLE 37 SUR ENTRE CARRERA 49 y CARRERA 49A;;LAS VEGAS;6.174812725284801, -75.59441794932975;ATROPELLO;NO REPORTADO;NO REPORTADO;RESIDENCIAL;Normal;Cruzar sin observar
2241194;25/11/2024;5:40:00 p. m.;Lunes;2024;Noviembre;BICICLETA;;Ciclista;36;MASCULINO;HERIDOS;0;0;0;;CARRERA 48 CALLE 39  SUR;;LAS VEGAS;6.171911021092646, -75.59371962809902;CHOQUE;VEHICULO;NO REPORTADO;INDUSTRIAL;Normal;Desobedecer señales
2241196;26/11/2024;9:55:00 a. m.;Martes;2024;Noviembre;AUTOMOVIL;PARTICULAR;Conductor;28;MASCULINO;HERIDOS;0;0;0;;CALLE 40 SUR CARRERA 40-76;;EL DORADO;6.166787855380186, -75.58785476932225;CHOQUE;VEHICULO;NO REPORTADO;INDUSTRIAL;Normal;No mantener distancia de seguridad
2241197;26/11/2024;3:45:00 p. m.;Martes;2024;Noviembre;MOTOCICLETA;PARTICULAR;Acompañante;17;MASCULINO;HERIDOS;0;0;0;;CALLE 48 F SUR CARRERA 39 B 314;;LOMA DEL BARRO;6.157893010150537, -75.5981611005574;CHOQUE;VEHICULO;NO REPORTADO;RESIDENCIAL;Normal;No mantener distancia de seguridad
2241198;26/11/2024;7:10:00 p. m.;Martes;2024;Noviembre;CAMIONETA;PARTICULAR;Acompañante;56;FEMENINO;HERIDOS;0;0;0;;CARRERA 43A CALLE 33 B SUR;;ZONA CENTRO;6.173274958099331, -75.58676158310105;CHOQUE;VEHICULO;NO REPORTADO;RESIDENCIAL;Normal;No mantener distancia de seguridad
2241198;26/11/2024;7:10:00 p. m.;Martes;2024;Noviembre;CAMIONETA;PARTICULAR;Acompañante;65;FEMENINO;HERIDOS;0;0;0;;CARRERA 43A CALLE 33 B SUR;;ZONA CENTRO;6.173274958099331, -75.58676158310105;CHOQUE;VEHICULO;NO REPORTADO;RESIDENCIAL;Normal;No mantener distancia de seguridad
2241200;26/11/2024;6:30:00 p. m.;Martes;2024;Noviembre;AUTOMOVIL;PARTICULAR;Peaton;59;FEMENINO;HERIDOS;0;0;0;;CALLE 46 SUR CARRERA 46 AA;;PRIMAVERA;6.164831001037298, -75.59711160292848;ATROPELLO;NO REPORTADO;NO REPORTADO;RESIDENCIAL;Normal;Desobedecer señales
2241193;27/11/2024;3:20:00 p. m.;Miércoles;2024;Noviembre;MOTOCICLETA;PARTICULAR;Motociclista;19;MASCULINO;HERIDOS;0;0;0;;CARRERA 48 FRENTE AL # 25 B SUR 37;;LAS VEGAS;6.182708916454649, -75.586095105906;CHOQUE;VEHICULO;NO REPORTADO;RESIDENCIAL;Normal;Adelantar cerrando  -  Carga sobresaliente sin autorizacion
2241193;27/11/2024;3:20:00 p. m.;Miércoles;2024;Noviembre;MOTOCICLETA;PARTICULAR;Motociclista;29;MASCULINO;HERIDOS;0;0;0;;CARRERA 48 FRENTE AL # 25 B SUR 37;;LAS VEGAS;6.182708916454649, -75.586095105906;CHOQUE;VEHICULO;NO REPORTADO;RESIDENCIAL;Normal;Adelantar cerrando  -  Carga sobresaliente sin autorizacion
2241193;27/11/2024;3:20:00 p. m.;Miércoles;2024;Noviembre;MOTOCICLETA;PARTICULAR;Acompañante;32;MASCULINO;HERIDOS;0;0;0;;CARRERA 48 FRENTE AL # 25 B SUR 37;;LAS VEGAS;6.182708916454649, -75.586095105906;CHOQUE;VEHICULO;NO REPORTADO;RESIDENCIAL;Normal;Adelantar cerrando  -  Carga sobresaliente sin autorizacion
2241199;27/11/2024;8:20:00 a. m.;Miércoles;2024;Noviembre;BICICLETA;;Ciclista;37;MASCULINO;HERIDOS;0;0;0;;CALLE 25 SUR CARRERA 45-46;;BOSQUES DE ZUÑIGA;6.182706025553642, -75.58217703760121;CHOQUE;VEHICULO;NO REPORTADO;RESIDENCIAL;Normal;Arrancar sin precaucion