NRO_RADICADO;FECHA_ACCIDENTE;HORA_ACCIDENTE;Día de la semana;AÑO;MES;CLASE_VEHICULO;TIPO_SERVICIO;TIPO_VICTIMA;EDAD;GENERO;GRAVEDAD;ESTADO_BEODEZ;ESTADO_DROGA;RESULTADO_BEODEZ;RESUL_BEODEZ_GRAMOS;DIRECCION_CARACT_VIA;TRAMO_VIA;LOCALIDAD_O_COMUNA;    GEORREFERENCIACIÓN;DESC_CLASE_ACCIDENTE;DESC_CHOQUE_ACCIDENTE;DESC_OBJETO_FIJO;DESC_SECTOR_ACCIDENTE;CONDICION_CLIMATICA;CAUSA_ACCIDENTE
2241202;27/11/2024;3:30:00 p. m.;Miércoles;2024;Noviembre;CAMIONETA;PARTICULAR;Acompañante;65;FEMENINO;HERIDOS;0;0;0;;CALLE 39 SUR FRENTE AL # 38A 13;;MESA;6.166700557708255, -75.5859147835905;CHOQUE;VEHICULO;NO REPORTADO;RESIDENCIAL;Normal;Poner en marcha un vehiculo sin precauci
2241208;27/11/2024;11:19:00 a. m.;Miércoles;2024;Noviembre;MOTOCICLETA;PARTICULAR;Motociclista;36;MASCULINO;HERIDOS;0;0;0;;CARRERA 48  FRENTE AL # 26 SUR-27;;LAS VEGAS;6.183046726775325, -75.5856874538721;CHOQUE;VEHICULO;NO REPORTADO;RESIDENCIAL;Normal;No mantener distancia de seguridad
2241209;27/11/2024;4:58:00 p. m.;Miércoles;2024;Noviembre;MOTOCICLETA;PARTICULAR;Motociclista;20;MASCULINO;HERIDOS;0;0;0;;CARRERA 30 FRENTE AL # 39B SUR-46;;SAN JOSE;6.162694409931696, -75.58230893514238;ATROPELLO;NO REPORTADO;NO REPORTADO;RESIDENCIAL;Normal;Cruzar sin observar
2241209;27/11/2024;4:58:00 p. m.;Miércoles;2024;Noviembre;MOTOCICLETA;PARTICULAR;Peaton;43;MASCULINO;HERIDOS;0;0;0;;CARRERA 30 FRENTE AL # 39B SUR-46;;SAN JOSE;6.162694409931696, -75.58230893514238;ATROPELLO;NO REPORTADO;NO REPORTADO;RESIDENCIAL;Normal;Cruzar sin observar
2241201;28/11/2024;8:50:00 p. m.;Jueves;2024;Noviembre;MOTOCICLETA;PARTICULAR;Motociclista;17;FEMENINO;HERIDOS;0;0;0;;CALLE 39 SUR CARRERA 33;;MESA;6.164896049003437, -75.58302396980704;CHOQUE;VEHICULO;NO REPORTADO;RESIDENCIAL;Normal;Desobedecer señales
2241204;28/11/2024;3:40:00 p. m.;Jueves;2024;Noviembre;MOTOCICLETA;PARTICULAR;Acompañante;26;FEMENINO;HERIDOS;0;0;0;;CARRERA 42 B CALLE 41 B SUR;;EL DORADO;6.165489920246156, -75.59161396666788;CHOQUE;VEHICULO;NO REPORTADO;RESIDENCIAL;Normal;Desobedecer señales
2241204;28/11/2024;3:40:00 p. m.;Jueves;2024;Noviembre;MOTOCICLETA;PARTICULAR;Motociclista;21;MASCULINO;HERIDOS;0;0;0;;CARRERA 42 B CALLE 41 B SUR;;EL DORADO;6.165489920246156, -75.59161396666788;CHOQUE;VEHICULO;NO REPORTADO;RESIDENCIAL;Normal;Desobedecer señales
2241205;29/11/2024;8:00:00 a. m.;Viernes;2024;Noviembre;MOTOCICLETA;PARTICULAR;Motociclista;36;MASCULINO;HERIDOS;0;0;0;;CALLE 45 B CARRERA 37 -75;;LAS ANTILLAS;6.157701974946359, -75.58909560645084;CHOQUE;VEHICULO;NO REPORTADO;RESIDENCIAL;Normal;Girar bruscamente  -  No mantener distancia de seguridad
2241206;29/11/2024;6:20:00 p. m.;Viernes;2024;Noviembre;MOTOCICLETA;PARTICULAR;Motociclista;25;MASCULINO;HERIDOS;0;0;0;;CARRERA 50 FRENTE AL # 32B SUR 24;;LAS VEGAS;6.1781699506361125, -75.59193475317832;CHOQUE;VEHICULO;NO REPORTADO;RESIDENCIAL;Normal;No mantener distancia de seguridad
2241207;29/11/2024;12:45:00 p. m.;Viernes;2024;Noviembre;MOTOCICLETA;PARTICULAR;Motociclista;42;MASCULINO;HERIDOS;0;0;0;;CARRERA 48 CALLE 39 SUR;;LAS VEGAS;6.1724656002262, -75.59358028219044;CHOQUE;VEHICULO;NO REPORTADO;INDUSTRIAL;Normal;Desobedecer señales
2241210;29/11/2024;6:30:00 p. m.;Viernes;2024;Noviembre;CAMIONETA;PARTICULAR;Peaton;30;FEMENINO;HERIDOS;0;0;0;;CALLE 38 SUR CARRERA 38 ;;MESA;6.167929377982858, -75.58473461337908;ATROPELLO;NO REPORTADO;NO REPORTADO;RESIDENCIAL;Normal;Cruzar sin observar
2241217;29/11/2024;4:50:00 a. m.;Viernes;2024;Noviembre;MOTOCICLETA;PARTICULAR;Motociclista;38;MASCULINO;HERIDOS;0;0;0;;CARRERA 48 CALLE 40 SUR;;LAS VEGAS;6.170156055221228, -75.59573852798471;CHOQUE;VEHICULO;NO REPORTADO;RESIDENCIAL;Lluvia;Semaforo en rojo
2241218;29/11/2024;11:15:00 p. m.;Viernes;2024;Noviembre;MOTOCICLETA;PARTICULAR;Motociclista;39;MASCULINO;HERIDOS;0;0;0;;CALLE 36D SUR CARRERA 27D -28;;LA PRADERA;6.165016569328662, -75.57490127247345;CHOQUE;VEHICULO;NO REPORTADO;RESIDENCIAL;Normal;Desobedecer señales
2241203;30/11/2024;8:19:00 p. m.;Sábado;2024;Noviembre;MOTOCICLETA;PARTICULAR;Motociclista;27;MASCULINO;HERIDOS;0;0;0;;CARRERA 43A CALLE 25 SUR;;BOSQUES DE ZUÑIGA;6.181544601777213, -75.58127632520977;CHOQUE;VEHICULO;NO REPORTADO;RESIDENCIAL;Normal;Adelantar invadiendo carril del mismo sentido en zigzag  -  Desobedecer señales
2241211;30/11/2024;11:50:00 p. m.;Sábado;2024;Noviembre;MOTOCICLETA;PARTICULAR;Motociclista;24;FEMENINO;HERIDOS;0;0;0;;CALLE 39 SUR CARRERA 42 -39;;ZONA CENTRO;6.168299269315276, -75.58838785389314;CHOQUE;VEHICULO;NO REPORTADO;RESIDENCIAL;Normal;Embriaguez o droga
2241212;30/11/2024;12:15:00 p. m.;Sábado;2024;Noviembre;MOTOCICLETA;PARTICULAR;Motociclista;56;MASCULINO;HERIDOS;0;0;0;;CARRERA 50 ENTRE CALLE 36 SUR y CALLE 32B SUR;;LAS VEGAS;6.177842, -75.592285;CHOQUE;VEHICULO;NO REPORTADO;RESIDENCIAL;Normal;Impericia en el manejo
2241212;30/11/2024;12:15:00 p. m.;Sábado;2024;Noviembre;MOTOCICLETA;PARTICULAR;Acompañante;36;MASCULINO;HERIDOS;0;0;0;;CARRERA 50 ENTRE CALLE 36 SUR y CALLE 32B SUR;;LAS VEGAS;6.177842, -75.592285;CHOQUE;VEHICULO;NO REPORTADO;RESIDENCIAL;Normal;Impericia en el manejo
2241212;30/11/2024;12:15:00 p. m.;Sábado;2024;Noviembre;MOTOCICLETA;PARTICULAR;Motociclista;26;MASCULINO;HERIDOS;0;0;0;;CARRERA 50 ENTRE CALLE 36 SUR y CALLE 32B SUR;;LAS VEGAS;6.177842, -75.592285;CHOQUE;VEHICULO;NO REPORTADO;RESIDENCIAL;Normal;Impericia en el manejo
2241212;30/11/2024;12:15:00 p. m.;Sábado;2024;Noviembre;MOTOCICLETA;PARTICULAR;Motociclista;43;MASCULINO;HERIDOS;0;0;0;;CARRERA 50 ENTRE CALLE 36 SUR y CALLE 32B SUR;;LAS VEGAS;6.177842, -75.592285;CHOQUE;VEHICULO;NO REPORTADO;RESIDENCIAL;Normal;Impericia en el manejo
2241212;30/11/2024;12:15:00 p. m.;Sábado;2024;Noviembre;MOTOCICLETA;PARTICULAR;Motociclista;44;MASCULINO;HERIDOS;0;0;0;;CARRERA 50 ENTRE CALLE 36 SUR y CALLE 32B SUR;;LAS VEGAS;6.177842, -75.592285;CHOQUE;VEHICULO;NO REPORTADO;RESIDENCIAL;Normal;Impericia en el manejo
2241213;30/11/2024;9:50:00 p. m.;Sábado;2024;Noviembre;CAMPERO;PARTICULAR;Conductor;36;MASCULINO;HERIDOS;0;0;0;;CARRERA 40 CALLE 48 SUR ;;EL TRIANON;6.158718289838215, -75.59467515855671;CHOQUE;VEHICULO;NO REPORTADO;RESIDENCIAL;Normal;Ausencia parcial o total de se?ales  -  Desobedecer señales
2241214;30/11/2024;12:05:00 a. m.;Sábado;2024;Noviembre;MOTOCICLETA;PARTICULAR;Motociclista;48;MASCULINO;HERIDOS;0;0;0;;CALLE 40 D SUR CARRERA 29 C;;SAN JOSE;6.161065066072243, -75.58359017499681;VOLCAMIENTO;NO REPORTADO;NO REPORTADO;RESIDENCIAL;Normal;Otra-Conductor
2241216;30/11/2024;12:39:00 p. m.;Sábado;2024;Noviembre;MOTOCICLETA;PARTICULAR;Motociclista;37;MASCULINO;HERIDOS;0;0;0;;CARRERA 42B CALLE 46D SUR;;LA PAZ;6.16086212057265, -75.59513807598168;CHOQUE;VEHICULO;NO REPORTADO;RESIDENCIAL;Normal;No mantener distancia de seguridad
2241224;30/11/2024;1:00:00 p. m.;Sábado;2024;Noviembre;MOTOCICLETA;PARTICULAR;Motociclista;45;MASCULINO;HERIDOS;0;0;0;;CARRERA 36D FRENTE AL # 42 SUR-48;;LAS ANTILLAS;6.156194036175285, -75.58734628127371;CAIDA OCUPANTE;NO REPORTADO;NO REPORTADO;RESIDENCIAL;Normal;Impericia en el manejo
2241225;30/11/2024;7:15:00 p. m.;Sábado;2024;Noviembre;MOTOCICLETA;PARTICULAR;Peaton;57;MASCULINO;HERIDOS;0;0;0;;CALLE 40 SUR FRENTE AL # 29 A -18;;SAN JOSE;6.162195199557824, -75.58226079306407;ATROPELLO;NO REPORTADO;NO REPORTADO;RESIDENCIAL;Normal;Transitar por la calzada
2241219;1/12/2024;4:00:00 p. m.;Domingo;2024;Diciembre;AUTOMOVIL;PARTICULAR;Conductor;30;FEMENINO;HERIDOS;0;0;0;;CARRERA 29 A CALLE 38 SUR 45;;MESA;6.164823397650144, -75.58088762686737;CHOQUE;VEHICULO;NO REPORTADO;RESIDENCIAL;Normal;No respetar prelacion
2241220;1/12/2024;8:10:00 p. m.;Domingo;2024;Diciembre;AUTOMOVIL;PARTICULAR;Peaton;73;MASCULINO;HERIDOS;0;0;0;;CALLE 41 SUR CARRERA 30;;SAN RAFAEL;6.1602530603646946, -75.58516164313104;ATROPELLO;NO REPORTADO;NO REPORTADO;RESIDENCIAL;Normal;Cruzar sin observar
2241221;1/12/2024;6:20:00 p. m.;Domingo;2024;Diciembre;BICICLETA;;Ciclista;35;MASCULINO;HERIDOS;0;0;0;;CARRERA 48 CALLE 36 SUR;;EL PORTAL;6.173846498528271, -75.59214693851239;CHOQUE;VEHICULO;NO REPORTADO;COMERCIAL;Normal;No mantener distancia de seguridad
2241223;2/12/2024;10:20:00 p. m.;Lunes;2024;Diciembre;MOTOCICLETA;PARTICULAR;Acompañante;26;MASCULINO;HERIDOS;0;0;0;;CALLE 25 CARRERA 42 A 42B;;LAS ORQUIDEAS;6.179610761647437, -75.58017422548295;VOLCAMIENTO;NO REPORTADO;NO REPORTADO;RESIDENCIAL;Normal;Impericia en el manejo
2241226;2/12/2024;6:40:00 a. m.;Lunes;2024;Diciembre;MOTOCICLETA;PARTICULAR;Motociclista;27;FEMENINO;HERIDOS;0;0;0;;KILOMETRO 11+720;retiro varia palmas enviga (km 5+43 - km 14+ 550);VEREDA PALMAS;6.160128949316552, -75.5156876083705;CHOQUE;VEHICULO;NO REPORTADO;NO REPORTADO;Normal;Adelantar por la derecha
2241236;2/12/2024;8:30:00 a. m.;Lunes;2024;Diciembre;AUTOMOVIL;DIPLOMATICO;Conductor;26;FEMENINO;HERIDOS;0;0;0;;CARRERA 27 CALLE 36 B SUR 04;;EL CHOCHO;6.163260859158327, -75.56863329674322;CHOQUE;VEHICULO;NO REPORTADO;COMERCIAL;Normal;Girar bruscamente  -  Impericia en el manejo
2241222;3/12/2024;8:50:00 p. m.;Martes;2024;Diciembre;MOTOCICLETA;PARTICULAR;Motociclista;48;MASCULINO;HERIDOS;0;0;0;;CARRERA 43 A CALLE 25 SUR;;BOSQUES DE ZUÑIGA;6.181726856423344, -75.58135053615936;CHOQUE;VEHICULO;NO REPORTADO;RESIDENCIAL;Normal;Semaforo en rojo
2241227;3/12/2024;7:05:00 a. m.;Martes;2024;Diciembre;MOTOCICLETA;PARTICULAR;Motociclista;36;MASCULINO;HERIDOS;0;0;0;;CARRERA 48 CALLE 39 SUR 39 B SUR;;LAS VEGAS;6.171535921884562, -75.59427966501273;CHOQUE;VEHICULO;NO REPORTADO;INDUSTRIAL;Normal;Desobedecer señales
2241227;3/12/2024;7:05:00 a. m.;Martes;2024;Diciembre;MOTOCICLETA;PARTICULAR;Motociclista;26;MASCULINO;HERIDOS;0;0;0;;CARRERA 48 CALLE 39 SUR 39 B SUR;;LAS VEGAS;6.171535921884562, -75.59427966501273;CHOQUE;VEHICULO;NO REPORTADO;INDUSTRIAL;Normal;Desobedecer señales
2241228;3/12/2024;9:50:00 p. m.;Martes;2024;Diciembre;MOTOCICLETA;PARTICULAR;Motociclista;30;MASCULINO;HERIDOS;0;0;0;;CARRERA 48 CALLE 40 SUR;;LAS VEGAS;6.169985393957041, -75.59565270185556;CHOQUE;VEHICULO;NO REPORTADO;RESIDENCIAL;Normal;Realizar giro en U
2241229;3/12/2024;5:57:00 p. m.;Martes;2024;Diciembre;MOTOCICLETA;DIPLOMATICO;Motociclista;28;MASCULINO;HERIDOS;0;0;0;;CARRERA 43 A CALLE 46 A SUR 39;;PRIMAVERA;6.163085787566263, -75.5967760165357;VOLCAMIENTO;NO REPORTADO;NO REPORTADO;INDUSTRIAL;Normal;Impericia en el manejo
2241229;3/12/2024;5:57:00 p. m.;Martes;2024;Diciembre;MOTOCICLETA;DIPLOMATICO;Acompañante;20;MASCULINO;HERIDOS;0;0;0;;CARRERA 43 A CALLE 46 A SUR 39;;PRIMAVERA;6.163085787566263, -75.5967760165357;VOLCAMIENTO;NO REPORTADO;NO REPORTADO;INDUSTRIAL;Normal;Impericia en el manejo
2241230;3/12/2024;7:42:00 p. m.;Martes;2024;Diciembre;MOTOCICLETA;PARTICULAR;Motociclista;33;MASCULINO;HERIDOS;0;0;0;;KILOMETRO 14 TRAMO 550;el escobero - km 0-13);VEREDA PALMAS;6.1542404057171005, -75.54471786623367;VOLCAMIENTO;NO REPORTADO;NO REPORTADO;NO REPORTADO;Normal;Superficie lisa
2241231;3/12/2024;4:38:00 p. m.;Martes;2024;Diciembre;BICICLETA;;Ciclista;13;MASCULINO;HERIDOS;0;0;0;;CARRERA 47 A CALLE 38 A SUR;;ALCALA;6.172048323635386, -75.59270855001407;CHOQUE;VEHICULO;NO REPORTADO;COMERCIAL;Normal;Desobedecer señales
2241233;3/12/2024;6:54:00 a. m.;Martes;2024;Diciembre;MOTOCICLETA;PARTICULAR;Motociclista;37;MASCULINO;HERIDOS;0;0;0;;CARRERA 50 CALLE 50 SUR 49;;LAS VEGAS;6.16295211398868, -75.60478576094354;CHOQUE;VEHICULO;NO REPORTADO;COMERCIAL;Normal;No mantener distancia de seguridad
2241240;3/12/2024;9:20:00 a. m.;Martes;2024;Diciembre;CAMIONETA;PARTICULAR;Conductor;57;MASCULINO;HERIDOS;0;0;0;;CALLE 36D SUR FRENTE AL # 25B-58;;VEREDA EL ESCOBERO;6.1604789627596075, -75.56761233713644;CHOQUE;VEHICULO;NO REPORTADO;RESIDENCIAL;Normal;Estacionar sin seguridad
2241240;3/12/2024;9:20:00 a. m.;Martes;2024;Diciembre;CAMION;PUBLICO;Conductor;31;FEMENINO;HERIDOS;0;0;0;;CALLE 36D SUR FRENTE AL # 25B-58;;VEREDA EL ESCOBERO;6.1604789627596075, -75.56761233713644;CHOQUE;VEHICULO;NO REPORTADO;RESIDENCIAL;Normal;Estacionar sin seguridad
2241245;3/12/2024;3:50:00 p. m.;Martes;2024;Diciembre;MOTOCICLETA;PARTICULAR;Motociclista;61;MASCULINO;HERIDOS;0;0;0;;CARRERA 36 CALLE 38 SUR 50;;MESA;6.1667899547299845, -75.58395749641703;CHOQUE;VEHICULO;NO REPORTADO;COMERCIAL;Normal;Otra-Conductor
2241235;4/12/2024;8:20:00 p. m.;Miércoles;2024;Diciembre;MOTOCICLETA;PARTICULAR;Peaton;64;FEMENINO;HERIDOS;0;0;0;;CALLE 39 SUR CARRERA 43;;ZONA CENTRO;6.168698660795656, -75.58883912227444;ATROPELLO;NO REPORTADO;NO REPORTADO;RESIDENCIAL;Normal;Otra-Conductor
2241237;4/12/2024;5:20:00 p. m.;Miércoles;2024;Diciembre;CAMIONETA;PARTICULAR;Peaton;43;MASCULINO;HERIDOS;0;0;0;;CALLE 38 A SUR CARRERA 40-28;;ZONA CENTRO;6.168202674239146, -75.58657869939515;ATROPELLO;NO REPORTADO;NO REPORTADO;RESIDENCIAL;Normal;Otra-Peatón
2241239;4/12/2024;4:00:00 p. m.;Miércoles;2024;Diciembre;MOTOCICLETA;PARTICULAR;Motociclista;40;MASCULINO;HERIDOS;0;0;0;;CALLE 38 A SUR CARRERA 38;;MESA;6.167250212316021, -75.58516271582039;CHOQUE;OBJETO FIJO;VEHICULO ESTACIONADO;RESIDENCIAL;Normal;Desobedecer señales
2241232;5/12/2024;9:55:00 a. m.;Jueves;2024;Diciembre;MOTOCICLETA;DIPLOMATICO;Motociclista;30;MASCULINO;HERIDOS;0;0;0;;CALLE 37 SUR CARRERA 32;;MESA;6.166533257640097, -75.58119910501532;CHOQUE;VEHICULO;NO REPORTADO;COMERCIAL;Normal;Desobedecer señales
2241238;5/12/2024;9:15:00 a. m.;Jueves;2024;Diciembre;BUS;PUBLICO;Pasajero;68;MASCULINO;HERIDOS;0;0;0;;CALLE 39 SUR CARRERA 47 A;;ALCALA;6.171395931863049, -75.59341329875879;CAIDA OCUPANTE;NO REPORTADO;NO REPORTADO;COMERCIAL;Normal;Impericia en el manejo
2241241;5/12/2024;6:45:00 a. m.;Jueves;2024;Diciembre;MOTOCICLETA;PARTICULAR;Motociclista;45;MASCULINO;HERIDOS;0;0;0;;CALLE 25 A SUR  CARRERA 42B;;PONTE VEDRA;6.179423673690671, -75.58129520510566;CHOQUE;VEHICULO;NO REPORTADO;RESIDENCIAL;Normal;Desobedecer señales
2241243;5/12/2024;11:42:00 p. m.;Jueves;2024;Diciembre;MOTOCICLETA;PARTICULAR;Motociclista;29;MASCULINO;MUERTOS;0;0;0;;KILOMETRO 16+020;medellín palmas envigado (km 12 - km 16+700);VEREDA PALMAS;6.153962066278413, -75.53830061536559;CAIDA OCUPANTE;NO REPORTADO;NO REPORTADO;NO REPORTADO;Normal;Exceso de velocidad
2241243;5/12/2024;11:42:00 p. m.;Jueves;2024;Diciembre;MOTOCICLETA;PARTICULAR;Acompañante;23;MASCULINO;HERIDOS;0;0;0;;KILOMETRO 16+020;medellín palmas envigado (km 12 - km 16+700);VEREDA PALMAS;6.153962066278413, -75.53830061536559;CAIDA OCUPANTE;NO REPORTADO;NO REPORTADO;NO REPORTADO;Normal;Exceso de velocidad
2241244;5/12/2024;4:20:00 a. m.;Jueves;2024;Diciembre;AUTOMOVIL;PARTICULAR;Acompañante;24;FEMENINO;HERIDOS;0;0;0;;CARRERA 50 ENTRE CALLE 43 SUR y CALLE 46 A SUR;;LAS VEGAS;6.167889, -75.602347;CHOQUE;VEHICULO;NO REPORTADO;RESIDENCIAL;Normal;Exceso de velocidad  -  No mantener distancia de seguridad
2241244;5/12/2024;4:20:00 a. m.;Jueves;2024;Diciembre;AUTOMOVIL;PARTICULAR;Acompañante;47;FEMENINO;HERIDOS;0;0;0;;CARRERA 50 ENTRE CALLE 43 SUR y CALLE 46 A SUR;;LAS VEGAS;6.167889, -75.602347;CHOQUE;VEHICULO;NO REPORTADO;RESIDENCIAL;Normal;Exceso de velocidad  -  No mantener distancia de seguridad
2241244;5/12/2024;4:20:00 a. m.;Jueves;2024;Diciembre;AUTOMOVIL;PARTICULAR;Acompañante;52;FEMENINO;HERIDOS;0;0;0;;CARRERA 50 ENTRE CALLE 43 SUR y CALLE 46 A SUR;;LAS VEGAS;6.167889, -75.602347;CHOQUE;VEHICULO;NO REPORTADO;RESIDENCIAL;Normal;Exceso de velocidad  -  No mantener distancia de seguridad
2241244;5/12/2024;4:20:00 a. m.;Jueves;2024;Diciembre;AUTOMOVIL;PARTICULAR;Conductor;54;MASCULINO;HERIDOS;0;0;0;;CARRERA 50 ENTRE CALLE 43 SUR y CALLE 46 A SUR;;LAS VEGAS;6.167889, -75.602347;CHOQUE;VEHICULO;NO REPORTADO;RESIDENCIAL;Normal;Exceso de velocidad  -  No mantener distancia de seguridad
2241244;5/12/2024;4:20:00 a. m.;Jueves;2024;Diciembre;AUTOMOVIL;PARTICULAR;Acompañante;40;FEMENINO;HERIDOS;0;0;0;;CARRERA 50 ENTRE CALLE 43 SUR y CALLE 46 A SUR;;LAS VEGAS;6.167889, -75.602347;CHOQUE;VEHICULO;NO REPORTADO;RESIDENCIAL;Normal;Exceso de velocidad  -  No mantener distancia de seguridad
2241249;5/12/2024;9:18:00 a. m.;Jueves;2024;Diciembre;MOTOCICLETA;PARTICULAR;Motociclista;42;FEMENINO;HERIDOS;0;0;0;;CALLE 38 A SUR CARRERA 44;;ALCALA;6.170063522086861, -75.58973950435406;CHOQUE;VEHICULO;NO REPORTADO;RESIDENCIAL;Normal;No mantener distancia de seguridad
2241248;6/12/2024;9:10:00 p. m.;Viernes;2024;Diciembre;MOTOCICLETA;PARTICULAR;Motociclista;29;MASCULINO;HERIDOS;1;S;3;150;CALLE 43 SUR CARRERA46 A;;MILAN VALLEJUELOS;6.167200329544364, -75.59504120029885;CAIDA OCUPANTE;NO REPORTADO;NO REPORTADO;INDUSTRIAL;Normal;Embriaguez o droga
2241251;6/12/2024;8:20:00 p. m.;Viernes;2024;Diciembre;MOTOCICLETA;PARTICULAR;Motociclista;22;MASCULINO;HERIDOS;0;0;0;;CALLE 40 SUR FRENTE AL # 24F-54;;EL SALADO;6.152005894034368, -75.57761314021114;CHOQUE;VEHICULO;NO REPORTADO;RESIDENCIAL;Normal;Embriaguez o droga
2241251;6/12/2024;8:20:00 p. m.;Viernes;2024;Diciembre;MOTOCICLETA;PARTICULAR;Motociclista;28;MASCULINO;HERIDOS;1;0;2;140;CALLE 40 SUR FRENTE AL # 24F-54;;EL SALADO;6.152005894034368, -75.57761314021114;CHOQUE;VEHICULO;NO REPORTADO;RESIDENCIAL;Normal;Embriaguez o droga
2241254;6/12/2024;3:10:00 p. m.;Viernes;2024;Diciembre;MOTOCICLETA;PARTICULAR;Peaton;73;MASCULINO;HERIDOS;0;0;0;;CARRERA 43 A CALLE 32 SUR;;SAN MARCOS;6.1754559293210844, -75.58588490116402;ATROPELLO;NO REPORTADO;NO REPORTADO;COMERCIAL;Normal;No mantener distancia de seguridad  -  Otra-Conductor  -  Semaforo en rojo
2241254;6/12/2024;3:10:00 p. m.;Viernes;2024;Diciembre;MOTOCICLETA;PARTICULAR;Motociclista;38;MASCULINO;HERIDOS;0;0;0;;CARRERA 43 A CALLE 32 SUR;;SAN MARCOS;6.1754559293210844, -75.58588490116402;ATROPELLO;NO REPORTADO;NO REPORTADO;COMERCIAL;Normal;No mantener distancia de seguridad  -  Otra-Conductor  -  Semaforo en rojo
2241242;7/12/2024;11:01:00 a. m.;Sábado;2024;Diciembre;MOTOCICLETA;PARTICULAR;Motociclista;38;MASCULINO;HERIDOS;0;0;0;;CALLE 39 B SUR CARRERA 32;;SAN JOSE;6.163844277286592, -75.58299717390086;CHOQUE;VEHICULO;NO REPORTADO;RESIDENCIAL;Normal;Desobedecer señales
2241252;7/12/2024;2:50:00 p. m.;Sábado;2024;Diciembre;CAMPERO;PARTICULAR;Acompañante;76;FEMENINO;HERIDOS;0;0;0;;CARRERA 48 FRENTE AL # 27 A SUR-89;;LAS VEGAS;6.180994695253614, -75.58711663666644;CHOQUE;VEHICULO;NO REPORTADO;RESIDENCIAL;Normal;No mantener distancia de seguridad
2241258;7/12/2024;11:05:00 p. m.;Sábado;2024;Diciembre;MOTOCICLETA;PARTICULAR;Motociclista;39;MASCULINO;HERIDOS;0;0;0;;CARRERA 24 D CALLE 40 SUR ;;EL SALADO;6.147145172425332, -75.5764881788132;CAIDA OCUPANTE;NO REPORTADO;NO REPORTADO;COMERCIAL;Normal;Reverso imprudente
2241250;8/12/2024;5:06:00 a. m.;Domingo;2024;Diciembre;MOTOCICLETA;PARTICULAR;Motociclista;33;MASCULINO;MUERTOS;0;0;0;;CARRERA 50 FRENTE AL # 39 A SUR-100;;LAS VEGAS;6.173303607160337, -75.59788796574267;CHOQUE;OBJETO FIJO;OTRO TIPO;RESIDENCIAL;Normal;Exceso de velocidad  -  Otra-Conductor
2241253;8/12/2024;4:40:00 p. m.;Domingo;2024;Diciembre;MOTOCICLETA;PARTICULAR;Motociclista;24;MASCULINO;HERIDOS;0;0;0;;KILOMETRO 16+450;medellín palmas envigado (km 12 - km 16+700);VEREDA PALMAS;6.1543166906610285, -75.53499143834985;CHOQUE;VEHICULO;NO REPORTADO;NO REPORTADO;Normal;No mantener distancia de seguridad
2241253;8/12/2024;4:40:00 p. m.;Domingo;2024;Diciembre;MOTOCICLETA;PARTICULAR;Motociclista;23;MASCULINO;HERIDOS;0;0;0;;KILOMETRO 16+450;medellín palmas envigado (km 12 - km 16+700);VEREDA PALMAS;6.1543166906610285, -75.53499143834985;CHOQUE;VEHICULO;NO REPORTADO;NO REPORTADO;Normal;No mantener distancia de seguridad
2241255;8/12/2024;4:47:00 p. m.;Domingo;2024;Diciembre;MOTOCICLETA;PARTICULAR;Motociclista;23;MASCULINO;HERIDOS;0;0;0;;CALLE 39 D SUR  FRENTE AL # 24EE-96;;EL CHINGUÍ;6.15114444758934, -75.57616328777644;CHOQUE;OBJETO FIJO;VEHICULO ESTACIONADO;RESIDENCIAL;Normal;Exceso de velocidad  -  Impericia en el manejo
2241262;9/12/2024;9:00:00 a. m.;Lunes;2024;Diciembre;MOTOCICLETA;PARTICULAR;Motociclista;29;FEMENINO;HERIDOS;0;0;0;;CALLE 40 SUR CARRERA 32;;SAN JOSE;6.163547334300193, -75.5831287004673;CHOQUE;VEHICULO;NO REPORTADO;RESIDENCIAL;Normal;Ausencia parcial o total de se?ales  -  Desobedecer señales
2241263;9/12/2024;8:30:00 p. m.;Lunes;2024;Diciembre;AUTOMOVIL;PARTICULAR;Conductor;36;MASCULINO;HERIDOS;0;0;0;;CARRERA 50 CALLE 27 SUR 30;;LAS VEGAS;6.1837780116744545, -75.5882205418083;CHOQUE;VEHICULO;NO REPORTADO;RESIDENCIAL;Normal;No mantener distancia de seguridad
2241264;9/12/2024;2:11:00 p. m.;Lunes;2024;Diciembre;MOTOCICLETA;PARTICULAR;Motociclista;34;MASCULINO;HERIDOS;0;0;0;;KILOMETRO 8 TRAMO 780;medellín palmas envigado (km 12 - km 16+700);VEREDA PANTANILLO;6.170580934419187, -75.50081703222561;CHOQUE;VEHICULO;NO REPORTADO;NO REPORTADO;Normal;Adelantar en zona prohibida  -  Desobedecer señales
2241264;9/12/2024;2:11:00 p. m.;Lunes;2024;Diciembre;AUTOMOVIL;PARTICULAR;Acompañante;32;MASCULINO;HERIDOS;0;0;0;;KILOMETRO 8 TRAMO 780;medellín palmas envigado (km 12 - km 16+700);VEREDA PANTANILLO;6.170580934419187, -75.50081703222561;CHOQUE;VEHICULO;NO REPORTADO;NO REPORTADO;Normal;Adelantar en zona prohibida  -  Desobedecer señales