NRO_RADICADO;FECHA_ACCIDENTE;HORA_ACCIDENTE;Día de la semana;AÑO;MES;CLASE_VEHICULO;TIPO_SERVICIO;TIPO_VICTIMA;EDAD;GENERO;GRAVEDAD;ESTADO_BEODEZ;ESTADO_DROGA;RESULTADO_BEODEZ;RESUL_BEODEZ_GRAMOS;DIRECCION_CARACT_VIA;TRAMO_VIA;LOCALIDAD_O_COMUNA;    GEORREFERENCIACIÓN;DESC_CLASE_ACCIDENTE;DESC_CHOQUE_ACCIDENTE;DESC_OBJETO_FIJO;DESC_SECTOR_ACCIDENTE;CONDICION_CLIMATICA;CAUSA_ACCIDENTE
2241256;10/12/2024;12:12:00 p. m.;Martes;2024;Diciembre;MOTOCICLETA;PARTICULAR;Motociclista;56;MASCULINO;HERIDOS;0;0;0;;CARRERA 27 FRENTE AL # 22 SUR-51;;ZUÑIGA;6.177095006114412, -75.56749537320346;CHOQUE;VEHICULO;NO REPORTADO;RESIDENCIAL;Normal;Adelantar en zona prohibida
2241257;10/12/2024;3:20:00 p. m.;Martes;2024;Diciembre;BICICLETA;;Peaton;70;FEMENINO;HERIDOS;0;0;0;;DIAGONAL 31 FRENTE AL # 36 A SUR-20;;LA PRADERA;6.166324032793317, -75.58075014139786;ATROPELLO;NO REPORTADO;NO REPORTADO;RESIDENCIAL;Normal;Otra-Conductor
2241259;10/12/2024;4:00:00 p. m.;Martes;2024;Diciembre;MOTOCICLETA;PARTICULAR;Peaton;31;MASCULINO;HERIDOS;0;0;0;;CALLE 38 SUR FRENTE AL # 45 A-87;;ALCALA;6.171752729299335, -75.59114514241118;ATROPELLO;NO REPORTADO;NO REPORTADO;RESIDENCIAL;Normal;Cruzar sin observar
2241259;10/12/2024;4:00:00 p. m.;Martes;2024;Diciembre;MOTOCICLETA;PARTICULAR;Motociclista;22;MASCULINO;HERIDOS;0;0;0;;CALLE 38 SUR FRENTE AL # 45 A-87;;ALCALA;6.171752729299335, -75.59114514241118;ATROPELLO;NO REPORTADO;NO REPORTADO;RESIDENCIAL;Normal;Cruzar sin observar
2241261;10/12/2024;8:30:00 a. m.;Martes;2024;Diciembre;MOTOCICLETA;PARTICULAR;Motociclista;20;MASCULINO;HERIDOS;0;0;0;;DIAGONAL 40 CALLE 33 BSUR;;ZONA CENTRO;6.172349734944852, -75.58537410023094;CHOQUE;VEHICULO;NO REPORTADO;RESIDENCIAL;Normal;No respetar pelacion de interseccion o giros
2241260;11/12/2024;8:10:00 a. m.;Miércoles;2024;Diciembre;MOTOCICLETA;PARTICULAR;Motociclista;35;MASCULINO;HERIDOS;0;0;0;;CALLE 38 A SUR CARRERA 43A;;ALCALA;6.169854541929845, -75.58942210915379;CHOQUE;VEHICULO;NO REPORTADO;RESIDENCIAL;Normal;Desobedecer al agente
2241260;11/12/2024;8:10:00 a. m.;Miércoles;2024;Diciembre;MOTOCICLETA;PARTICULAR;Acompañante;36;FEMENINO;HERIDOS;0;0;0;;CALLE 38 A SUR CARRERA 43A;;ALCALA;6.169854541929845, -75.58942210915379;CHOQUE;VEHICULO;NO REPORTADO;RESIDENCIAL;Normal;Desobedecer al agente
2241265;11/12/2024;12:58:00 p. m.;Miércoles;2024;Diciembre;MOTOCICLETA;PARTICULAR;Motociclista;36;MASCULINO;HERIDOS;0;0;0;;CALLE 25 SUR FRENTE AL # 20-46;;LOMA DEL ATRAVEZADO;6.173265733899133, -75.56245202747851;CAIDA OCUPANTE;NO REPORTADO;NO REPORTADO;RESIDENCIAL;Normal;Impericia en el manejo
2241266;11/12/2024;5:40:00 p. m.;Miércoles;2024;Diciembre;MOTOCICLETA;PARTICULAR;Motociclista;38;FEMENINO;HERIDOS;0;0;0;;CARRERA 27 FRENTE 23 SUR;;ZUÑIGA;6.1764479530418175, -75.5674893604534;CHOQUE;VEHICULO;NO REPORTADO;RESIDENCIAL;Normal;Girar bruscamente
2241271;12/12/2024;6:40:00 p. m.;Jueves;2024;Diciembre;MICROBUS;PUBLICO;Pasajero;31;FEMENINO;HERIDOS;0;0;0;;KILOMETRO 17 VIA LAS PALMAS RETIRO;medellín palmas envigado (km 12 - km 16+700);VEREDA PALMAS;6.153591570245191, -75.53282044519636;CAIDA OCUPANTE;NO REPORTADO;NO REPORTADO;NO REPORTADO;Normal;Impericia en el manejo
2241272;12/12/2024;6:52:00 a. m.;Jueves;2024;Diciembre;MOTOCICLETA;PARTICULAR;Motociclista;30;MASCULINO;HERIDOS;0;0;0;;calle 48 c sur carrera 46;;PRIMAVERA;6.162836726920751, -75.59972737367484;CHOQUE;VEHICULO;NO REPORTADO;INDUSTRIAL;Normal;Impericia en el manejo
2241269;13/12/2024;10:20:00 a. m.;Viernes;2024;Diciembre;MICROBUS;PUBLICO;Pasajero;25;FEMENINO;HERIDOS;0;0;0;;CARRERA 43A FRENTE AL # 41B SUR-96;;EL DORADO;6.1657966626420455, -75.59340140290783;CHOQUE;VEHICULO;NO REPORTADO;RESIDENCIAL;Normal;No mantener distancia de seguridad
2241275;13/12/2024;9:30:00 p. m.;Viernes;2024;Diciembre;MOTOCICLETA;PARTICULAR;Acompañante;54;FEMENINO;HERIDOS;0;0;0;;CARRERA 29 C CALLE 40 C SUR;;SAN JOSE;6.161107719009943, -75.58339545062539;CAIDA OCUPANTE;NO REPORTADO;NO REPORTADO;RESIDENCIAL;Normal;Impericia en el manejo  -  Superficie humeda
2241275;13/12/2024;9:30:00 p. m.;Viernes;2024;Diciembre;MOTOCICLETA;PARTICULAR;Motociclista;40;MASCULINO;HERIDOS;0;0;0;;CARRERA 29 C CALLE 40 C SUR;;SAN JOSE;6.161107719009943, -75.58339545062539;CAIDA OCUPANTE;NO REPORTADO;NO REPORTADO;RESIDENCIAL;Normal;Impericia en el manejo  -  Superficie humeda
2241276;13/12/2024;2:46:00 p. m.;Viernes;2024;Diciembre;MOTOCICLETA;PARTICULAR;Motociclista;19;MASCULINO;HERIDOS;0;0;0;;CALLE 24 SUR CARRERA 44;;BOSQUES DE ZUÑIGA;6.182096273903939, -75.58146481265003;CHOQUE;VEHICULO;NO REPORTADO;RESIDENCIAL;Normal;No respetar pelacion de interseccion o giros
2241277;13/12/2024;3:12:00 p. m.;Viernes;2024;Diciembre;MOTOCICLETA;PARTICULAR;Motociclista;26;MASCULINO;HERIDOS;0;0;0;;CARRERA 50 FRENTE AL # 32B SUR -24;;LAS VEGAS;6.1781699506361125, -75.59193475317832;CHOQUE;VEHICULO;NO REPORTADO;RESIDENCIAL;Normal;No mantener distancia de seguridad
2241278;13/12/2024;3:50:00 p. m.;Viernes;2024;Diciembre;MOTOCICLETA;PARTICULAR;Acompañante;45;MASCULINO;HERIDOS;0;0;0;;CARRERA 50 CALLE 36 SUR 32 B ;;LAS VEGAS;6.1765377265866555, -75.59333585701049;CHOQUE;VEHICULO;NO REPORTADO;COMERCIAL;Normal;Desobedecer señales
2241278;13/12/2024;3:50:00 p. m.;Viernes;2024;Diciembre;MOTOCICLETA;PARTICULAR;Motociclista;27;MASCULINO;HERIDOS;0;0;0;;CARRERA 50 CALLE 36 SUR 32 B ;;LAS VEGAS;6.1765377265866555, -75.59333585701049;CHOQUE;VEHICULO;NO REPORTADO;COMERCIAL;Normal;Desobedecer señales
2241267;14/12/2024;12:35:00 a. m.;Sábado;2024;Diciembre;MOTOCICLETA;PARTICULAR;Motociclista;33;MASCULINO;HERIDOS;0;0;0;;CARRERA 50  ENTRE CALLE 38 SUR y CALLE 37 SUR;;LAS VEGAS;6.175116071156589, -75.5955377819791;CHOQUE;OBJETO FIJO;OTRO TIPO;RESIDENCIAL;Normal;Impericia en el manejo
2241268;14/12/2024;2:05:00 p. m.;Sábado;2024;Diciembre;MOTOCICLETA;PARTICULAR;Motociclista;24;MASCULINO;HERIDOS;0;0;0;;CALLE 39D SUR FRENTE AL # 24D-36;;EL CHINGUÍ;6.149275103768924, -75.57608318635062;CHOQUE;VEHICULO;NO REPORTADO;RESIDENCIAL;Normal;Impericia en el manejo
2241273;14/12/2024;8:38:00 a. m.;Sábado;2024;Diciembre;MOTOCICLETA;PARTICULAR;Motociclista;32;MASCULINO;HERIDOS;0;0;0;;CARRERA  43 A  FRENTE AL # 34 SUR 17;;SAN MARCOS;6.172708865425742, -75.58731480155764;CHOQUE;VEHICULO;NO REPORTADO;RESIDENCIAL;Normal;Impericia en el manejo
2241274;14/12/2024;8:55:00 p. m.;Sábado;2024;Diciembre;MOTOCICLETA;PARTICULAR;Motociclista;31;MASCULINO;HERIDOS;0;0;0;;carrera 43a frente al 45 sur 35;;MILAN VALLEJUELOS;6.164966794596237, -75.59484200488193;CHOQUE;VEHICULO;NO REPORTADO;RESIDENCIAL;Lluvia;Superficie humeda
2241279;14/12/2024;2:02:00 p. m.;Sábado;2024;Diciembre;MOTOCICLETA;PARTICULAR;Motociclista;25;MASCULINO;HERIDOS;0;0;0;;CARRERA 49 A FRENTE AL # 48B SUR-100;;LAS VEGAS;6.166199418595734, -75.6025962339569;OTRO;NO REPORTADO;NO REPORTADO;RESIDENCIAL;Normal;Adelantar cerrando
2241280;14/12/2024;11:07:00 a. m.;Sábado;2024;Diciembre;MOTOCICLETA;PARTICULAR;Motociclista;35;MASCULINO;HERIDOS;0;0;0;;CARRERA 7 ENTRE CALLE 25 A SUR y CALLE 26 SUR;;VEREDA PALMAS;6.1552736253688005, -75.53636772339782;CAIDA OCUPANTE;NO REPORTADO;NO REPORTADO;RESIDENCIAL;Normal;Impericia en el manejo
2241281;15/12/2024;9:30:00 a. m.;Domingo;2024;Diciembre;AUTOMOVIL;PARTICULAR;Peaton;59;FEMENINO;HERIDOS;0;0;0;;CARRERA 42 C FRENTE AL # 48C SUR-82;;LOMA DEL BARRO;6.159929256622747, -75.59696851854767;ATROPELLO;NO REPORTADO;NO REPORTADO;RESIDENCIAL;Normal;Reverso imprudente
2241282;15/12/2024;2:12:00 p. m.;Domingo;2024;Diciembre;AUTOMOVIL;PARTICULAR;Conductor;60;MASCULINO;HERIDOS;0;0;0;;KILOMETRO 9 TRAMO 700;medellín palmas envigado (km 12 - km 16+700);VEREDA PANTANILLO;6.162917609685303, -75.50277257700918;CHOQUE;VEHICULO;NO REPORTADO;NO REPORTADO;Lluvia;Exeso en horas de conduccion
2241283;15/12/2024;9:45:00 a. m.;Domingo;2024;Diciembre;AUTOMOVIL;PARTICULAR;Peaton;49;MASCULINO;HERIDOS;0;0;0;;CARRERA 48 CALLE 49 SUR;;LAS VEGAS;6.16252000378476, -75.6029615839993;ATROPELLO;NO REPORTADO;NO REPORTADO;RESIDENCIAL;Normal;Cruzar sin observar
2241284;16/12/2024;6:00:00 a. m.;Lunes;2024;Diciembre;MOTOCICLETA;PARTICULAR;Motociclista;39;FEMENINO;HERIDOS;0;0;0;;TRANSVERSAL 34 SUR DIAGONAL 31 C 31;;LAS FLORES;6.174145155440414, -75.58045130167925;CHOQUE;VEHICULO;NO REPORTADO;RESIDENCIAL;Lluvia;No mantener distancia de seguridad
2241285;16/12/2024;2:05:00 p. m.;Lunes;2024;Diciembre;MOTOCICLETA;PARTICULAR;Motociclista;22;MASCULINO;HERIDOS;0;0;0;;CALLE 25 SUR CARRERA 49;;LAS VEGAS;6.187078414911787, -75.58418303151339;CHOQUE;OBJETO FIJO;MURO;RESIDENCIAL;Normal;Impericia en el manejo
2241286;16/12/2024;6:30:00 a. m.;Lunes;2024;Diciembre;MOTOCICLETA;PARTICULAR;Motociclista;28;MASCULINO;HERIDOS;0;0;0;;KILOMETRO 13 TRAMO 700;retiro varia palmas enviga (km 5+43 - km 14+ 550);VEREDA PALMAS;6.159042697404654, -75.53211567623572;CHOQUE;VEHICULO;NO REPORTADO;NO REPORTADO;Normal;Superficie humeda
2241286;16/12/2024;6:30:00 a. m.;Lunes;2024;Diciembre;MOTOCICLETA;PARTICULAR;Motociclista;25;MASCULINO;HERIDOS;0;0;0;;KILOMETRO 13 TRAMO 700;retiro varia palmas enviga (km 5+43 - km 14+ 550);VEREDA PALMAS;6.159042697404654, -75.53211567623572;CHOQUE;VEHICULO;NO REPORTADO;NO REPORTADO;Normal;Superficie humeda
2241287;17/12/2024;10:54:00 a. m.;Martes;2024;Diciembre;MOTOCICLETA;PARTICULAR;Motociclista;26;MASCULINO;HERIDOS;0;0;0;;CALLE 50 SUR CARRERA 48;;LAS VEGAS;6.162072458716961, -75.60353659646475;CHOQUE;VEHICULO;NO REPORTADO;RESIDENCIAL;Normal;Impericia en el manejo
2241288;17/12/2024;3:10:00 p. m.;Martes;2024;Diciembre;MOTOCICLETA;PARTICULAR;Motociclista;22;MASCULINO;HERIDOS;0;0;0;;CARRERA 30 CALLE 40F SUR;;SAN RAFAEL;6.160696, -75.584551;CHOQUE;VEHICULO;NO REPORTADO;RESIDENCIAL;Normal;Desobedecer señales
2241289;17/12/2024;7:59:00 a. m.;Martes;2024;Diciembre;MOTOCICLETA;PARTICULAR;Motociclista;29;FEMENINO;HERIDOS;0;0;0;;CARRERA 50 FRENTE AL # 26 SUR-157;;LAS VEGAS;6.184823663543751, -75.5873613179284;CHOQUE;VEHICULO;NO REPORTADO;RESIDENCIAL;Normal;No mantener distancia de seguridad
2241290;18/12/2024;10:30:00 p. m.;Miércoles;2024;Diciembre;CAMIONETA;PARTICULAR;Conductor;51;FEMENINO;HERIDOS;0;0;0;;CARRERA 27 ENTRE CALLE 23 SUR y CALLE 24 SUR;;ZUÑIGA;6.175361034965289, -75.56699512414741;CHOQUE;VEHICULO;NO REPORTADO;RESIDENCIAL;Normal;Embriaguez o droga  -  No mantener distancia de seguridad
2241291;19/12/2024;7:58:00 a. m.;Jueves;2024;Diciembre;BUS;PUBLICO;Pasajero;45;FEMENINO;HERIDOS;0;0;0;;CARRERA 40 FRENTE AL # 40 SUR 29;;EL DORADO;6.166213976733291, -75.5876314249451;CAIDA OCUPANTE;NO REPORTADO;NO REPORTADO;RESIDENCIAL;Normal;Arrancar sin precaucion
2241292;19/12/2024;9:15:00 a. m.;Jueves;2024;Diciembre;MOTOCICLETA;PARTICULAR;Motociclista;44;MASCULINO;HERIDOS;0;0;0;;CARRERA 40B CALLE 52 SUR;;LOMA DEL BARRO;6.156300183647555, -75.60216166743146;CAIDA OCUPANTE;NO REPORTADO;NO REPORTADO;RESIDENCIAL;Normal;Superficie humeda
2241293;19/12/2024;10:20:00 a. m.;Jueves;2024;Diciembre;MOTOCICLETA;PARTICULAR;Motociclista;39;MASCULINO;HERIDOS;0;0;0;;KILOMETRO 11;el escobero - km 0-13);VEREDA EL ESCOBERO;6.1207006234867025, -75.53873839975505;CAIDA OCUPANTE;NO REPORTADO;NO REPORTADO;NO REPORTADO;Normal;Impericia en el manejo
2241300;19/12/2024;6:25:00 p. m.;Jueves;2024;Diciembre;CAMIONETA;PARTICULAR;Conductor;67;FEMENINO;HERIDOS;0;0;0;;CALLE 36 D SUR CARRERA 27;;VEREDA EL ESCOBERO;6.162262648723476, -75.57027649451149;CHOQUE;VEHICULO;NO REPORTADO;RESIDENCIAL;Normal;Impericia en el manejo
2241294;20/12/2024;6:05:00 a. m.;Viernes;2024;Diciembre;MOTOCICLETA;PARTICULAR;Motociclista;22;MASCULINO;HERIDOS;0;0;0;;CARRERA 50 FRENTE AL # 27 A SUR-89;;LAS VEGAS;6.18289227532685, -75.58892573855664;CAIDA OCUPANTE;NO REPORTADO;NO REPORTADO;RESIDENCIAL;Normal;Impericia en el manejo
2241301;20/12/2024;5:00:00 p. m.;Viernes;2024;Diciembre;MOTOCICLETA;PARTICULAR;Motociclista;33;MASCULINO;HERIDOS;0;0;0;;CALLE 40 SUR CARRERA 24D;;VEREDA EL VALLANO;6.153028804680208, -75.58085422510523;CHOQUE;VEHICULO;NO REPORTADO;RESIDENCIAL;Normal;No respetar prelacion
2241302;20/12/2024;8:19:00 p. m.;Viernes;2024;Diciembre;MOTOCICLETA;PARTICULAR;Motociclista;43;MASCULINO;HERIDOS;0;0;0;;KILOMETRO 10 TRAMO 550;medellín palmas envigado (km 12 - km 16+700);VEREDA PANTANILLO;6.1604945606652155, -75.50830557610021;CAIDA OCUPANTE;NO REPORTADO;NO REPORTADO;NO REPORTADO;Normal;Desobedecer señales
2241295;21/12/2024;4:02:00 a. m.;Sábado;2024;Diciembre;MOTOCICLETA;PARTICULAR;Motociclista;38;MASCULINO;HERIDOS;1;0;3;180;CALLE 40B SUR FRENTE AL # 27-05;;LA MINA;6.157902362320492, -75.58168041692976;CHOQUE;OBJETO FIJO;VEHICULO ESTACIONADO;RESIDENCIAL;Normal;Embriaguez aparente
2241297;21/12/2024;5:10:00 p. m.;Sábado;2024;Diciembre;MOTOCICLETA;PARTICULAR;Acompañante;25;FEMENINO;HERIDOS;0;0;0;;CARRERA 27G FRENTE AL # 36D SUR-25;;LA PRADERA;6.166208553407727, -75.57724995223634;CHOQUE;OBJETO FIJO;OTRO TIPO;RESIDENCIAL;Normal;Impericia en el manejo
2241296;22/12/2024;9:32:00 a. m.;Domingo;2024;Diciembre;MOTOCICLETA;;Peaton;67;MASCULINO;HERIDOS;0;0;0;;CALLE 38 SUR CARRERA 40;;ZONA CENTRO;6.168933190596142, -75.58629330598849;ATROPELLO;NO REPORTADO;NO REPORTADO;RESIDENCIAL;Normal;Cruzar sin observar  -  Pasar semaforo en rojo
2241299;22/12/2024;11:25:00 a. m.;Domingo;2024;Diciembre;MOTOCICLETA;PARTICULAR;Motociclista;54;MASCULINO;HERIDOS;0;0;0;;TRANSVERSAL 34 D SUR FRENTE AL # 31E-23;;OBRERO;6.171884842079286, -75.58045197017869;CHOQUE;VEHICULO;NO REPORTADO;RESIDENCIAL;Normal;No mantener distancia de seguridad
2241314;22/12/2024;1:45:00 p. m.;Domingo;2024;Diciembre;MOTOCICLETA;;Peaton;24;FEMENINO;HERIDOS;0;0;0;;CALLE 37 SUR CARRERA 48;;LAS VEGAS;6.173643245908734, -75.59239554469394;ATROPELLO;NO REPORTADO;NO REPORTADO;RESIDENCIAL;Normal;Semaforo en rojo
2241298;23/12/2024;8:40:00 a. m.;Lunes;2024;Diciembre;MOTOCICLETA;PARTICULAR;Acompañante;15;MASCULINO;HERIDOS;0;0;0;;KILOMETRO 8+200;retiro varia palmas enviga (km 5+43 - km 14+ 550);VEREDA PANTANILLO;6.172542307770087, -75.4977491106175;CHOQUE;VEHICULO;NO REPORTADO;NO REPORTADO;Normal;Transitar en contravia
2241298;23/12/2024;8:40:00 a. m.;Lunes;2024;Diciembre;MOTOCICLETA;PARTICULAR;Motociclista;20;MASCULINO;HERIDOS;0;0;0;;KILOMETRO 8+200;retiro varia palmas enviga (km 5+43 - km 14+ 550);VEREDA PANTANILLO;6.172542307770087, -75.4977491106175;CHOQUE;VEHICULO;NO REPORTADO;NO REPORTADO;Normal;Transitar en contravia
2241298;23/12/2024;8:40:00 a. m.;Lunes;2024;Diciembre;MOTOCICLETA;PARTICULAR;Motociclista;21;MASCULINO;HERIDOS;0;0;0;;KILOMETRO 8+200;retiro varia palmas enviga (km 5+43 - km 14+ 550);VEREDA PANTANILLO;6.172542307770087, -75.4977491106175;CHOQUE;VEHICULO;NO REPORTADO;NO REPORTADO;Normal;Transitar en contravia
2241303;23/12/2024;2:30:00 p. m.;Lunes;2024;Diciembre;MOTOCICLETA;PARTICULAR;Motociclista;29;MASCULINO;HERIDOS;0;0;0;;CALLE 37 B SUR CARRERA 27A;;VEREDA EL ESCOBERO;6.159325754936232, -75.57387217913556;CHOQUE;VEHICULO;NO REPORTADO;RESIDENCIAL;Normal;Desobedecer señales
2241303;23/12/2024;2:30:00 p. m.;Lunes;2024;Diciembre;MOTOCICLETA;PARTICULAR;Acompañante;21;MASCULINO;HERIDOS;0;0;0;;CALLE 37 B SUR CARRERA 27A;;VEREDA EL ESCOBERO;6.159325754936232, -75.57387217913556;CHOQUE;VEHICULO;NO REPORTADO;RESIDENCIAL;Normal;Desobedecer señales
2241304;23/12/2024;4:18:00 p. m.;Lunes;2024;Diciembre;CAMIONETA;PUBLICO;Conductor;26;MASCULINO;HERIDOS;0;0;0;;CARRERA 50 ENTRE CALLE 36 SUR y CALLE 37 SUR;;LAS VEGAS;6.177842, -75.592285;CHOQUE;VEHICULO;NO REPORTADO;RESIDENCIAL;Normal;Exceso de velocidad
2241304;23/12/2024;4:18:00 p. m.;Lunes;2024;Diciembre;CAMIONETA;PUBLICO;Acompañante;69;MASCULINO;HERIDOS;0;0;0;;CARRERA 50 ENTRE CALLE 36 SUR y CALLE 37 SUR;;LAS VEGAS;6.177842, -75.592285;CHOQUE;VEHICULO;NO REPORTADO;RESIDENCIAL;Normal;Exceso de velocidad
2241304;23/12/2024;4:18:00 p. m.;Lunes;2024;Diciembre;CAMIONETA;PUBLICO;Acompañante;23;MASCULINO;HERIDOS;0;0;0;;CARRERA 50 ENTRE CALLE 36 SUR y CALLE 37 SUR;;LAS VEGAS;6.177842, -75.592285;CHOQUE;VEHICULO;NO REPORTADO;RESIDENCIAL;Normal;Exceso de velocidad
2241305;23/12/2024;11:05:00 a. m.;Lunes;2024;Diciembre;MOTOCICLETA;PARTICULAR;Acompañante;30;FEMENINO;HERIDOS;0;0;0;;CARRERA 50 FRNTE AL # 32B SUR-102;;LAS VEGAS;6.178196871762178, -75.59194526394901;CHOQUE;VEHICULO;NO REPORTADO;RESIDENCIAL;Normal;No mantener distancia de seguridad
2241305;23/12/2024;11:05:00 a. m.;Lunes;2024;Diciembre;MOTOCICLETA;PARTICULAR;Motociclista;26;MASCULINO;HERIDOS;0;0;0;;CARRERA 50 FRNTE AL # 32B SUR-102;;LAS VEGAS;6.178196871762178, -75.59194526394901;CHOQUE;VEHICULO;NO REPORTADO;RESIDENCIAL;Normal;No mantener distancia de seguridad
2241305;23/12/2024;11:05:00 a. m.;Lunes;2024;Diciembre;MOTOCICLETA;PARTICULAR;Motociclista;21;MASCULINO;HERIDOS;0;0;0;;CARRERA 50 FRNTE AL # 32B SUR-102;;LAS VEGAS;6.178196871762178, -75.59194526394901;CHOQUE;VEHICULO;NO REPORTADO;RESIDENCIAL;Normal;No mantener distancia de seguridad
2241309;24/12/2024;7:25:00 a. m.;Martes;2024;Diciembre;AUTOMOVIL;PARTICULAR;Peaton;55;MASCULINO;HERIDOS;0;0;0;;CALLE 40 D SUR CARRERA 31 -27;;SAN JOSE;6.161839850072161, -75.58402856451433;ATROPELLO;NO REPORTADO;NO REPORTADO;RESIDENCIAL;Normal;Impericia en el manejo
2241306;25/12/2024;12:39:00 p. m.;Miércoles;2024;Diciembre;MOTOCICLETA;PARTICULAR;Motociclista;23;MASCULINO;HERIDOS;0;0;0;;CALLE 36 D SUR CARRERA 27 A 105;;LA PRADERA;6.1632309093701085, -75.57228900686874;CHOQUE;VEHICULO;NO REPORTADO;COMERCIAL;Normal;Girar bruscamente
2241310;26/12/2024;11:19:00 a. m.;Jueves;2024;Diciembre;MOTOCICLETA;PARTICULAR;Motociclista;22;MASCULINO;HERIDOS;0;0;0;;CARRERA 50 CALLE 37 SUR;;LAS VEGAS;6.1753650944593605, -75.5946873273053;CHOQUE;VEHICULO;NO REPORTADO;COMERCIAL;Normal;Adelantar cerrando  -  No mantener distancia de seguridad  -  No respetar prelacion
2241311;26/12/2024;4:40:00 p. m.;Jueves;2024;Diciembre;MOTOCICLETA;PARTICULAR;Motociclista;22;MASCULINO;HERIDOS;0;0;0;;CARRERA 49 CALLE 37 SUR 36;;LAS VEGAS;6.175555, -75.594665;CHOQUE;VEHICULO;NO REPORTADO;INDUSTRIAL;Lluvia;No mantener distancia de seguridad
2241312;26/12/2024;11:23:00 p. m.;Jueves;2024;Diciembre;AUTOMOVIL;PARTICULAR;Peaton;54;MASCULINO;HERIDOS;0;0;0;;CALLE 37 SUR CARRERA 50;;LAS VEGAS;6.175281311262004, -75.59506880040107;ATROPELLO;NO REPORTADO;NO REPORTADO;COMERCIAL;Normal;Otra-Peatón
2241313;26/12/2024;2:48:00 p. m.;Jueves;2024;Diciembre;MOTOCICLETA;PARTICULAR;Motociclista;56;MASCULINO;HERIDOS;0;0;0;;CALLE 39 SUR FRENTE AL # 27C-02;;SAN JOSE;6.159677866017605, -75.57903595329246;OTRO;NO REPORTADO;NO REPORTADO;RESIDENCIAL;Normal;Accidente en la via caida de árbol
2241313;26/12/2024;2:48:00 p. m.;Jueves;2024;Diciembre;MOTOCICLETA;PARTICULAR;Acompañante;52;FEMENINO;HERIDOS;0;0;0;;CALLE 39 SUR FRENTE AL # 27C-02;;SAN JOSE;6.159677866017605, -75.57903595329246;OTRO;NO REPORTADO;NO REPORTADO;RESIDENCIAL;Normal;Accidente en la via caida de árbol
2241315;26/12/2024;6:43:00 p. m.;Jueves;2024;Diciembre;MOTOCICLETA;PARTICULAR;Motociclista;34;MASCULINO;HERIDOS;0;0;0;;CALLE 37 SUR FRENTE AL # 31-35;;MESA;6.165920328450231, -75.5804528376852;CHOQUE;VEHICULO;NO REPORTADO;RESIDENCIAL;Normal;Semaforo en rojo
2241316;27/12/2024;1:34:00 p. m.;Viernes;2024;Diciembre;MOTOCICLETA;PARTICULAR;Motociclista;34;MASCULINO;HERIDOS;0;0;0;;CARRERA 43 A FRENTE AL # 31 SUR-13;;JARDINES;6.176629026518131, -75.58539545883153;CHOQUE;VEHICULO;NO REPORTADO;RESIDENCIAL;Normal;Desobedecer señales
2241319;27/12/2024;3:00:00 p. m.;Viernes;2024;Diciembre;MOTOCICLETA;PARTICULAR;Motociclista;22;MASCULINO;HERIDOS;0;0;0;;CARRERA 42 CALLE 46 SUR 19;;LA PAZ;6.161733144541789, -75.5936744969957;CHOQUE;VEHICULO;NO REPORTADO;COMERCIAL;Normal;Desobedecer señales  -  Impericia en el manejo
2241317;28/12/2024;9:20:00 p. m.;Sábado;2024;Diciembre;MOTOCICLETA;PARTICULAR;Motociclista;32;FEMENINO;HERIDOS;0;0;0;;Carrera 27 entre calle 35 sur y 36 sur;;LOMA DEL ATRAVEZADO;6.168102951655038, -75.56883433240965;CHOQUE;VEHICULO;NO REPORTADO;COMERCIAL;Lluvia;No mantener distancia de seguridad
2241320;28/12/2024;1:39:00 p. m.;Sábado;2024;Diciembre;MOTOCICLETA;PARTICULAR;Acompañante;47;MASCULINO;HERIDOS;0;0;0;;CARRERA 27 B  CALLE 39 A SUR 57;;SAN JOSE;6.158918336159842, -75.58015053962465;CAIDA OCUPANTE;NO REPORTADO;NO REPORTADO;RESIDENCIAL;Normal;Impericia en el manejo
2241320;28/12/2024;1:39:00 p. m.;Sábado;2024;Diciembre;MOTOCICLETA;PARTICULAR;Motociclista;26;FEMENINO;HERIDOS;0;0;0;;CARRERA 27 B  CALLE 39 A SUR 57;;SAN JOSE;6.158918336159842, -75.58015053962465;CAIDA OCUPANTE;NO REPORTADO;NO REPORTADO;RESIDENCIAL;Normal;Impericia en el manejo
2241321;28/12/2024;5:30:00 p. m.;Sábado;2024;Diciembre;CAMIONETA;PARTICULAR;Conductor;32;MASCULINO;HERIDOS;0;0;0;;KILOMETRO 1.3;catedral;VEREDA EL VALLANO;6.138918653364947, -75.58348571776246;CHOQUE;VEHICULO;NO REPORTADO;NO REPORTADO;Lluvia;Impericia en el manejo
2241318;29/12/2024;5:27:00 p. m.;Domingo;2024;Diciembre;MOTOCICLETA;PARTICULAR;Acompañante;25;FEMENINO;HERIDOS;0;0;0;;carrera 48 entre calle 36a y 37 sur;;LAS VEGAS;6.173932043657462, -75.59211015563976;CHOQUE;VEHICULO;NO REPORTADO;COMERCIAL;Normal;Desobedecer señales
2241322;30/12/2024;8:57:00 p. m.;Lunes;2024;Diciembre;MOTOCICLETA;PARTICULAR;Motociclista;22;MASCULINO;HERIDOS;0;0;0;;CARRERA 43A CALLE 30 SUR;;JARDINES;6.176982235291314, -75.58528414672686;CHOQUE;VEHICULO;NO REPORTADO;RESIDENCIAL;Normal;Desobedecer señales