NRO_RADICADO;FECHA_ACCIDENTE;HORA_ACCIDENTE;Día de la semana;AÑO;MES;CLASE_VEHICULO;TIPO_SERVICIO;TIPO_VICTIMA;EDAD;GENERO;GRAVEDAD;ESTADO_BEODEZ;ESTADO_DROGA;RESULTADO_BEODEZ;RESUL_BEODEZ_GRAMOS;DIRECCION_CARACT_VIA;TRAMO_VIA;LOCALIDAD_O_COMUNA;    GEORREFERENCIACIÓN;DESC_CLASE_ACCIDENTE;DESC_CHOQUE_ACCIDENTE;DESC_OBJETO_FIJO;DESC_SECTOR_ACCIDENTE;CONDICION_CLIMATICA;CAUSA_ACCIDENTE
2241323;30/12/2024;5:07:00 p. m.;Lunes;2024;Diciembre;MOTOCICLETA;PARTICULAR;Motociclista;72;MASCULINO;HERIDOS;0;0;0;;CALLE 40 F SUR CARRERA 30;;SAN JOSE;6.1606918512506725, -75.58451169411761;CHOQUE;VEHICULO;NO REPORTADO;RESIDENCIAL;Normal;Desobedecer señales
2241323;30/12/2024;5:07:00 p. m.;Lunes;2024;Diciembre;MOTOCICLETA;PARTICULAR;Acompañante;62;FEMENINO;HERIDOS;0;0;0;;CALLE 40 F SUR CARRERA 30;;SAN JOSE;6.1606918512506725, -75.58451169411761;CHOQUE;VEHICULO;NO REPORTADO;RESIDENCIAL;Normal;Desobedecer señales
2241325;30/12/2024;3:49:00 p. m.;Lunes;2024;Diciembre;MOTOCICLETA;PARTICULAR;Motociclista;30;MASCULINO;HERIDOS;0;0;0;;CARRERA 45 FRENTE AL # 38 A SUR- 29;;ALCALA;6.170359684059801, -75.5905270692627;CHOQUE;VEHICULO;NO REPORTADO;RESIDENCIAL;Normal;Arrancar sin precaucion
2241324;31/12/2024;5:28:00 p. m.;Martes;2024;Diciembre;MOTOCICLETA;PARTICULAR;Motociclista;27;MASCULINO;HERIDOS;0;0;0;;KILOMETRO 15;medellín palmas envigado (km 12 - km 16+700);VEREDA PALMAS;6.152128363410714, -75.5458364089835;CAIDA OCUPANTE;NO REPORTADO;NO REPORTADO;NO REPORTADO;Normal;Arrancar sin precaucion
2250000;1/01/2025;12:05:00 a. m.;Miércoles;2025;Enero;MOTOCICLETA;PARTICULAR;Peaton;55;FEMENINO;HERIDOS;0;0;0;;CALLE 41 B SUR FRENTE AL # 24D-10;;SAN RAFAEL;6.153432835206416, -75.58664875724752;ATROPELLO;NO REPORTADO;NO REPORTADO;RESIDENCIAL;Normal;Otra-Conductor
2250001;1/01/2025;10:10:00 p. m.;Miércoles;2025;Enero;MOTOCICLETA;PARTICULAR;Acompañante;22;FEMENINO;HERIDOS;0;0;0;;CARRERA 43 A  50 MTS ANTES DE LA CALLE 50 SUR;;LAS CASITAS;6.160792015033248, -75.60161471920625;CAIDA OCUPANTE;NO REPORTADO;NO REPORTADO;RESIDENCIAL;Normal;Impericia en el manejo
2250113;3/01/2025;6:55:00 a. m.;Viernes;2025;Enero;MOTOCICLETA;PARTICULAR;Motociclista;30;MASCULINO;HERIDOS;0;0;0;;CALLE 37 SUR CARRERA 49 -50;;LAS VEGAS;6.175281311262004, -75.59506880040107;CHOQUE;VEHICULO;NO REPORTADO;INDUSTRIAL;Normal;Impericia en el manejo
2250003;4/01/2025;9:50:00 a. m.;Sábado;2025;Enero;MOTOCICLETA;PARTICULAR;Motociclista;22;MASCULINO;HERIDOS;0;0;0;;KILOMETRO 12 TRAMO 940;medellín palmas envigado (km 12 - km 16+700);VEREDA PALMAS;6.1659791266915835, -75.54516804575108;CHOQUE;VEHICULO;NO REPORTADO;NO REPORTADO;Normal;Adelantar cerrando  -  Adelantar en curva
2250003;4/01/2025;9:50:00 a. m.;Sábado;2025;Enero;MOTOCICLETA;PARTICULAR;Acompañante;33;FEMENINO;HERIDOS;0;0;0;;KILOMETRO 12 TRAMO 940;medellín palmas envigado (km 12 - km 16+700);VEREDA PALMAS;6.1659791266915835, -75.54516804575108;CHOQUE;VEHICULO;NO REPORTADO;NO REPORTADO;Normal;Adelantar cerrando  -  Adelantar en curva
2250005;4/01/2025;11:10:00 p. m.;Sábado;2025;Enero;MOTOCICLETA;PARTICULAR;Motociclista;35;MASCULINO;HERIDOS;0;0;0;;KILOMETRO 13 +980;medellín palmas envigado (km 12 - km 16+700);VEREDA PALMAS;6.157018, -75.533237;CHOQUE;OBJETO FIJO;ARBOL;NO REPORTADO;Lluvia;Accidente en la via caida de árbol
2250004;6/01/2025;11:20:00 p. m.;Lunes;2025;Enero;MOTOCICLETA;PARTICULAR;Motociclista;19;MASCULINO;HERIDOS;0;0;0;;KILOMETRO 14+270;retiro varia palmas enviga (km 5+43 - km 14+ 550);VEREDA PALMAS;6.155454328793046, -75.53134396693899;CAIDA OCUPANTE;NO REPORTADO;NO REPORTADO;NO REPORTADO;Normal;Exceso de velocidad
2250006;6/01/2025;8:04:00 p. m.;Lunes;2025;Enero;MOTOCICLETA;PARTICULAR;Motociclista;24;MASCULINO;HERIDOS;0;0;0;;CARRERA 43A CALLE 48C SUR;;LAS CASITAS;6.162212707297709, -75.59769400015111;CHOQUE;VEHICULO;NO REPORTADO;RESIDENCIAL;Normal;Girar bruscamente
2250007;6/01/2025;6:30:00 p. m.;Lunes;2025;Enero;MOTOCICLETA;PARTICULAR;Motociclista;61;MASCULINO;HERIDOS;0;0;0;;CALLE 38 B SUR CARRERA 44;;ALCALA;6.1696369919804095, -75.58987140579629;CHOQUE;VEHICULO;NO REPORTADO;RESIDENCIAL;Normal;Transitar en contravia
2250008;7/01/2025;3:40:00 p. m.;Martes;2025;Enero;MOTOCICLETA;PARTICULAR;Motociclista;27;MASCULINO;HERIDOS;0;0;0;;CARRERA 48 CALLE 32 B SUR;;LAS VEGAS;6.1771312587881235, -75.59004749247258;CHOQUE;VEHICULO;NO REPORTADO;COMERCIAL;Normal;No mantener distancia de seguridad
2250009;7/01/2025;4:20:00 p. m.;Martes;2025;Enero;MOTOCICLETA;;Peaton;60;MASCULINO;HERIDOS;0;0;0;;CARRERA 48 CALLE 48 SUR;;LAS VEGAS;6.164512513178264, -75.60127474635934;ATROPELLO;NO REPORTADO;NO REPORTADO;RESIDENCIAL;Normal;Desobedecer señales
2250010;7/01/2025;3:10:00 p. m.;Martes;2025;Enero;MOTOCICLETA;;Peaton;20;MASCULINO;HERIDOS;0;0;0;;CARRERA 48 ENTRE CALLE 39A SUR y CALLE 40 SUR;;LAS VEGAS;6.171708112441942, -75.59371121740966;ATROPELLO;NO REPORTADO;NO REPORTADO;RESIDENCIAL;Lluvia;Desobedecer señales
2250011;8/01/2025;7:20:00 p. m.;Miércoles;2025;Enero;CAMIONETA;PARTICULAR;Conductor;39;MASCULINO;HERIDOS;0;0;0;;KILOMETRO 13+10;medellín palmas envigado (km 12 - km 16+700);VEREDA PALMAS;6.165484733606752, -75.5450561294298;CHOQUE;OBJETO FIJO;MURO;NO REPORTADO;Normal;Impericia en el manejo
2250012;8/01/2025;7:25:00 a. m.;Miércoles;2025;Enero;BICICLETA;;Ciclista;55;MASCULINO;HERIDOS;0;0;0;;KILOMETRO 7+520;retiro varia palmas enviga (km 5+43 - km 14+ 550);VEREDA PANTANILLO;6.1742517304135305, -75.49238766392115;CHOQUE;VEHICULO;NO REPORTADO;NO REPORTADO;Normal;Adelantar en curva
2250012;8/01/2025;7:25:00 a. m.;Miércoles;2025;Enero;MOTOCICLETA;PARTICULAR;Motociclista;24;FEMENINO;HERIDOS;0;0;0;;KILOMETRO 7+520;retiro varia palmas enviga (km 5+43 - km 14+ 550);VEREDA PANTANILLO;6.1742517304135305, -75.49238766392115;CHOQUE;VEHICULO;NO REPORTADO;NO REPORTADO;Normal;Adelantar en curva
2250013;8/01/2025;6:10:00 p. m.;Miércoles;2025;Enero;MICROBUS;PUBLICO;Pasajero;60;FEMENINO;HERIDOS;0;0;0;;CALLE 34DD SUR FRENTE AL # 28-58;;URIBE ANGEL;6.17095338415985, -75.5770933030441;CAIDA OCUPANTE;NO REPORTADO;NO REPORTADO;RESIDENCIAL;Normal;Recoger o dejar pasajeros en calzada
2250014;8/01/2025;10:25:00 p. m.;Miércoles;2025;Enero;MOTOCICLETA;PARTICULAR;Motociclista;26;FEMENINO;HERIDOS;0;0;0;;KILOMETRO 13+600;retiro varia palmas enviga (km 5+43 - km 14+ 550);VEREDA PALMAS;6.160400853792298, -75.54502350028011;CHOQUE;VEHICULO;NO REPORTADO;NO REPORTADO;Normal;Adelantar invadiendo carril de sentido contrario
2250015;8/01/2025;8:30:00 p. m.;Miércoles;2025;Enero;MOTOCICLETA;PARTICULAR;Motociclista;42;FEMENINO;HERIDOS;0;0;0;;CALLE 40 SUR FRENTE AL # 45-02;;ALCALA;6.168342426605758, -75.59159297238989;CHOQUE;VEHICULO;NO REPORTADO;RESIDENCIAL;Normal;Girar bruscamente
2250017;8/01/2025;6:35:00 a. m.;Miércoles;2025;Enero;MOTOCICLETA;PARTICULAR;Motociclista;32;FEMENINO;HERIDOS;0;0;0;;CALLE 38 A SUR CARRERA 42;;ZONA CENTRO;6.168916840665078, -75.58780272440713;CAIDA OCUPANTE;NO REPORTADO;NO REPORTADO;COMERCIAL;Lluvia;Falta de precaucion niebla, lluvia, humo
2250018;8/01/2025;7:45:00 p. m.;Miércoles;2025;Enero;MOTOCICLETA;PARTICULAR;Motociclista;24;MASCULINO;HERIDOS;0;0;0;;CARRERA 50 ENTRE CALLE 37 SUR y CALLE 33 SUR;;LAS VEGAS;6.176210, -75.593880;CHOQUE;VEHICULO;NO REPORTADO;COMERCIAL;Normal;Girar bruscamente
2250020;8/01/2025;5:40:00 p. m.;Miércoles;2025;Enero;MOTOCICLETA;PARTICULAR;Motociclista;39;MASCULINO;HERIDOS;0;0;0;;CARRERA 30 CALLE 41 BB SUR;;SAN RAFAEL;6.158555906312018, -75.58604104855827;CHOQUE;VEHICULO;NO REPORTADO;RESIDENCIAL;Normal;Ausencia parcial o total de se?ales
2250022;8/01/2025;9:01:00 a. m.;Miércoles;2025;Enero;MOTOCICLETA;PARTICULAR;Motociclista;46;MASCULINO;HERIDOS;0;0;0;;CARRERA 50 CALLE 25 A SUR;;LAS VEGAS;6.186597, -75.584900;CHOQUE;VEHICULO;NO REPORTADO;INDUSTRIAL;Normal;No mantener distancia de seguridad
2250022;8/01/2025;9:01:00 a. m.;Miércoles;2025;Enero;MOTOCICLETA;PARTICULAR;Acompañante;46;MASCULINO;HERIDOS;0;0;0;;CARRERA 50 CALLE 25 A SUR;;LAS VEGAS;6.186597, -75.584900;CHOQUE;VEHICULO;NO REPORTADO;INDUSTRIAL;Normal;No mantener distancia de seguridad
2250016;9/01/2025;8:21:00 a. m.;Jueves;2025;Enero;MICROBUS;PUBLICO;Pasajero;29;FEMENINO;HERIDOS;0;0;0;;CALLE 40F SUR CARRERA 30;;SAN RAFAEL;6.160708818484501, -75.58454221377255;CAIDA OCUPANTE;NO REPORTADO;NO REPORTADO;RESIDENCIAL;Normal;Transitar con las puertas abiertas
2250021;10/01/2025;6:44:00 p. m.;Viernes;2025;Enero;BUS;PUBLICO;Pasajero;59;FEMENINO;HERIDOS;0;0;0;;CALLE 25 SUR FRENTE AL # 45-93;;BOSQUES DE ZUÑIGA;6.182992088745779, -75.58263268683189;CHOQUE;VEHICULO;NO REPORTADO;RESIDENCIAL;Normal;No respetar prelacion
2250025;10/01/2025;12:10:00 p. m.;Viernes;2025;Enero;AUTOMOVIL;PARTICULAR;Peaton;19;MASCULINO;HERIDOS;0;0;0;;TRANSVERSAL 27 A SUR FRENTE AL # 42B 80;;PONTE VEDRA;6.178369941391629, -75.582744976293;ATROPELLO;NO REPORTADO;NO REPORTADO;RESIDENCIAL;Normal;Impericia en el manejo
2250023;11/01/2025;2:22:00 a. m.;Sábado;2025;Enero;MOTOCICLETA;PARTICULAR;Acompañante;26;FEMENINO;HERIDOS;0;0;0;;CARRERA 50 ENTRE CALLE 26 SUR y CALLE 30 SUR;;LAS VEGAS;6.1832903364003515, -75.58865977647362;CHOQUE;OBJETO FIJO;OTRO TIPO;RESIDENCIAL;Normal;Embriaguez aparente  -  Exceso de velocidad
2250023;11/01/2025;2:22:00 a. m.;Sábado;2025;Enero;MOTOCICLETA;PARTICULAR;Motociclista;21;MASCULINO;HERIDOS;0;0;0;;CARRERA 50 ENTRE CALLE 26 SUR y CALLE 30 SUR;;LAS VEGAS;6.1832903364003515, -75.58865977647362;CHOQUE;OBJETO FIJO;OTRO TIPO;RESIDENCIAL;Normal;Embriaguez aparente  -  Exceso de velocidad
2250024;11/01/2025;12:35:00 p. m.;Sábado;2025;Enero;MOTOCICLETA;PARTICULAR;Motociclista;55;MASCULINO;HERIDOS;0;0;0;;CALLE 37 CARRERA 38;;ZONA CENTRO;6.168586751950674, -75.58431594386306;CHOQUE;VEHICULO;NO REPORTADO;COMERCIAL;Normal;Arrancar sin precaucion
2250027;11/01/2025;9:50:00 p. m.;Sábado;2025;Enero;MOTOCICLETA;PARTICULAR;Motociclista;37;MASCULINO;HERIDOS;0;0;0;;CARRERA 50 CALLE 30 SUR 29;;LAS VEGAS;6.181402979317868, -75.58979069129407;CHOQUE;VEHICULO;NO REPORTADO;COMERCIAL;Normal;Adelantar cerrando  -  No mantener distancia de seguridad
2250027;11/01/2025;9:50:00 p. m.;Sábado;2025;Enero;MOTOCICLETA;PARTICULAR;Motociclista;19;MASCULINO;HERIDOS;0;0;0;;CARRERA 50 CALLE 30 SUR 29;;LAS VEGAS;6.181402979317868, -75.58979069129407;CHOQUE;VEHICULO;NO REPORTADO;COMERCIAL;Normal;Adelantar cerrando  -  No mantener distancia de seguridad
2250029;11/01/2025;7:15:00 p. m.;Sábado;2025;Enero;MOTOCICLETA;PARTICULAR;Motociclista;24;MASCULINO;HERIDOS;0;0;0;;CARRERA 29D FRENTE AL # 41 SUR-33;;SAN RAFAEL;6.159791819361837, -75.58515628113922;ATROPELLO;NO REPORTADO;NO REPORTADO;RESIDENCIAL;Normal;Cruzar sin observar
2250029;11/01/2025;7:15:00 p. m.;Sábado;2025;Enero;MOTOCICLETA;PARTICULAR;Peaton;66;FEMENINO;HERIDOS;0;0;0;;CARRERA 29D FRENTE AL # 41 SUR-33;;SAN RAFAEL;6.159791819361837, -75.58515628113922;ATROPELLO;NO REPORTADO;NO REPORTADO;RESIDENCIAL;Normal;Cruzar sin observar
2250032;11/01/2025;8:05:00 p. m.;Sábado;2025;Enero;MOTOCICLETA;PARTICULAR;Motociclista;31;MASCULINO;HERIDOS;0;0;0;;CARRERA 33 CALLE 38 A SUR;;MESA;6.165591160598235, -75.58259278685554;CHOQUE;VEHICULO;NO REPORTADO;RESIDENCIAL;Normal;Otra-Conductor
2250019;12/01/2025;2:00:00 p. m.;Domingo;2025;Enero;MOTOCICLETA;PARTICULAR;Motociclista;33;MASCULINO;HERIDOS;0;0;0;;KILOMETRO 13+300;retiro varia palmas enviga (km 5+43 - km 14+ 550);VEREDA PALMAS;6.159421531186217, -75.5286586161267;CHOQUE;VEHICULO;NO REPORTADO;NO REPORTADO;Normal;Desobedecer señales
2250035;12/01/2025;2:30:00 p. m.;Domingo;2025;Enero;MOTOCICLETA;PARTICULAR;Motociclista;19;MASCULINO;HERIDOS;0;0;0;;CARRERA 27 FRENTE AL # 28 SUR-81;;EL ESMERALDAL;6.170065483051755, -75.56886598661559;CHOQUE;VEHICULO;NO REPORTADO;RESIDENCIAL;Normal;Otra-Conductor
2250035;12/01/2025;2:30:00 p. m.;Domingo;2025;Enero;MOTOCICLETA;PARTICULAR;Motociclista;31;MASCULINO;HERIDOS;0;0;0;;CARRERA 27 FRENTE AL # 28 SUR-81;;EL ESMERALDAL;6.170065483051755, -75.56886598661559;CHOQUE;VEHICULO;NO REPORTADO;RESIDENCIAL;Normal;Otra-Conductor
2250028;13/01/2025;7:51:00 a. m.;Lunes;2025;Enero;MOTOCICLETA;PARTICULAR;Motociclista;19;MASCULINO;HERIDOS;0;0;0;;CARRERA 43 A CALLE 40 SUR;;ALCALA;6.168023935044304, -75.59036832024142;CHOQUE;VEHICULO;NO REPORTADO;COMERCIAL;Normal;Desobedecer señales
2250030;13/01/2025;8:30:00 a. m.;Lunes;2025;Enero;MOTOCICLETA;PARTICULAR;Motociclista;21;MASCULINO;HERIDOS;0;0;0;;CARRERA 48 CALLE 37 SUR;;LAS VEGAS;6.173473352424915, -75.59256588595376;CHOQUE;VEHICULO;NO REPORTADO;COMERCIAL;Normal;Desobedecer señales
2250031;13/01/2025;10:00:00 a. m.;Lunes;2025;Enero;MOTOCICLETA;PARTICULAR;Motociclista;25;MASCULINO;HERIDOS;0;0;0;;DIAGONAL 31 CC TRANSVERSAL 32 SUR 20;;LA MAGNOLIA;6.176493549473897, -75.58074574596546;CHOQUE;VEHICULO;NO REPORTADO;RESIDENCIAL;Normal;Adelantar por la derecha
2250036;13/01/2025;3:01:00 p. m.;Lunes;2025;Enero;MOTOCICLETA;PARTICULAR;Motociclista;19;MASCULINO;HERIDOS;0;0;0;;CARRERA 43 A CALLE 25 SUR;;BOSQUES DE ZUÑIGA;6.181726856423344, -75.58135053615936;CHOQUE;VEHICULO;NO REPORTADO;RESIDENCIAL;Normal;Otra-Conductor
2250034;14/01/2025;10:40:00 a. m.;Martes;2025;Enero;MOTOCICLETA;OFICIAL;Acompañante;38;FEMENINO;HERIDOS;0;0;0;;CARRERA 48 ENTRE CALLE 34 SUR y CALLE 32C SUR;;LAS VEGAS;6.17630425796039, -75.59041142616134;CHOQUE;VEHICULO;NO REPORTADO;RESIDENCIAL;Normal;Estacionar sin seguridad
2250034;14/01/2025;10:40:00 a. m.;Martes;2025;Enero;MOTOCICLETA;OFICIAL;Motociclista;33;MASCULINO;HERIDOS;0;0;0;;CARRERA 48 ENTRE CALLE 34 SUR y CALLE 32C SUR;;LAS VEGAS;6.17630425796039, -75.59041142616134;CHOQUE;VEHICULO;NO REPORTADO;RESIDENCIAL;Normal;Estacionar sin seguridad
2250037;14/01/2025;7:45:00 p. m.;Martes;2025;Enero;MOTOCICLETA;PARTICULAR;Motociclista;19;MASCULINO;HERIDOS;0;0;0;;CARRERA 48 CALLE 48 C SUR;;LAS VEGAS;6.163752014289914, -75.60186040840237;CHOQUE;VEHICULO;NO REPORTADO;RESIDENCIAL;Normal;Desobedecer señales
2250038;14/01/2025;4:15:00 p. m.;Martes;2025;Enero;MICROBUS;PUBLICO;Pasajero;40;MASCULINO;HERIDOS;0;0;0;;KILOMETRO 6+600;el escobero - km 0-13);VEREDA EL ESCOBERO;6.120547352245668, -75.53914908989383;CAIDA OCUPANTE;NO REPORTADO;NO REPORTADO;NO REPORTADO;Normal;Pasajeros obstruyendo conductor/sobrecup
2250033;15/01/2025;2:30:00 p. m.;Miércoles;2025;Enero;MOTOCICLETA;PARTICULAR;Motociclista;33;MASCULINO;HERIDOS;0;0;0;;CARRERA 24C FRENTE AL # 41 SUR-60;;VEREDA EL VALLANO;6.151651662634282, -75.58594622792069;CHOQUE;OBJETO FIJO;OTRO TIPO;RESIDENCIAL;Normal;Impericia en el manejo
2250039;15/01/2025;11:00:00 a. m.;Miércoles;2025;Enero;MOTOCICLETA;PARTICULAR;Motociclista;38;MASCULINO;HERIDOS;0;0;0;;CALLE 27 SUR FRENTE AL # 28-181;;ALTO DE MISAEL;6.178305490246882, -75.57713547508109;CHOQUE;VEHICULO;NO REPORTADO;RESIDENCIAL;Normal;No mantener distancia de seguridad
2250041;16/01/2025;6:40:00 p. m.;Jueves;2025;Enero;MOTOCICLETA;PARTICULAR;Acompañante;10;MASCULINO;HERIDOS;0;0;0;;CALLE 48C SUR FRENTE AL # 42D-46;;LOMA DEL BARRO;6.161804579224115, -75.59694985385197;CHOQUE;VEHICULO;NO REPORTADO;RESIDENCIAL;Normal;No mantener distancia de seguridad
2250042;16/01/2025;5:19:00 p. m.;Jueves;2025;Enero;MOTOCICLETA;PARTICULAR;Motociclista;53;MASCULINO;HERIDOS;0;0;0;;CARRERA 40A CALLE 40D SUR;;EL DORADO;6.165522303902815, -75.58845389454474;CHOQUE;VEHICULO;NO REPORTADO;RESIDENCIAL;Normal;Desobedecer señales
2250043;17/01/2025;7:50:00 a. m.;Viernes;2025;Enero;MOTOCICLETA;PARTICULAR;Motociclista;50;FEMENINO;HERIDOS;0;0;0;;CALLE 39 SUR CARRERA 40;;ZONA CENTRO;6.167342803558549, -75.58678174709443;CHOQUE;VEHICULO;NO REPORTADO;RESIDENCIAL;Normal;Otra-Conductor
2250044;18/01/2025;3:40:00 p. m.;Sábado;2025;Enero;MOTOCICLETA;PARTICULAR;Acompañante;36;MASCULINO;HERIDOS;0;0;0;;CARRERA 40 AA FRENTE AL # 53 SUR-44;;LOMA DEL BARRO;6.1559163495296465, -75.60214192998862;CAIDA OCUPANTE;NO REPORTADO;NO REPORTADO;RESIDENCIAL;Normal;Impericia en el manejo
2250044;18/01/2025;3:40:00 p. m.;Sábado;2025;Enero;MOTOCICLETA;PARTICULAR;Motociclista;44;MASCULINO;HERIDOS;0;0;0;;CARRERA 40 AA FRENTE AL # 53 SUR-44;;LOMA DEL BARRO;6.1559163495296465, -75.60214192998862;CAIDA OCUPANTE;NO REPORTADO;NO REPORTADO;RESIDENCIAL;Normal;Impericia en el manejo
2250045;18/01/2025;2:07:00 a. m.;Sábado;2025;Enero;AUTOMOVIL;PARTICULAR;Acompañante;22;FEMENINO;HERIDOS;0;0;0;;CARRERA 43 A CALLE 38 A SUR 07;;ALCALA;6.169738662351713, -75.58925655527366;CHOQUE;VEHICULO;NO REPORTADO;RESIDENCIAL;Normal;Desobedecer señales
2250045;18/01/2025;2:07:00 a. m.;Sábado;2025;Enero;AUTOMOVIL;PARTICULAR;Acompañante;29;MASCULINO;HERIDOS;0;0;0;;CARRERA 43 A CALLE 38 A SUR 07;;ALCALA;6.169738662351713, -75.58925655527366;CHOQUE;VEHICULO;NO REPORTADO;RESIDENCIAL;Normal;Desobedecer señales
2250046;18/01/2025;11:30:00 a. m.;Sábado;2025;Enero;MOTOCICLETA;PARTICULAR;Motociclista;28;MASCULINO;HERIDOS;0;0;0;;CARRERA 42B ENTRE CALLE 40 A SUR y CALLE 41 A SUR;;EL DORADO;6.165576486687077, -75.59148393660895;CHOQUE;OBJETO FIJO;OTRO TIPO;RESIDENCIAL;Normal;Otra-Conductor
2250048;18/01/2025;2:50:00 p. m.;Sábado;2025;Enero;MOTOCICLETA;PARTICULAR;Acompañante;13;FEMENINO;HERIDOS;0;0;0;;CARRERA 25 CALLE 40G SUR;;LA MINA;6.153025629975266, -75.58390857142498;CHOQUE;VEHICULO;NO REPORTADO;RESIDENCIAL;Normal;Impericia en el manejo
2250048;18/01/2025;2:50:00 p. m.;Sábado;2025;Enero;MOTOCICLETA;PARTICULAR;Motociclista;45;MASCULINO;HERIDOS;0;0;0;;CARRERA 25 CALLE 40G SUR;;LA MINA;6.153025629975266, -75.58390857142498;CHOQUE;VEHICULO;NO REPORTADO;RESIDENCIAL;Normal;Impericia en el manejo
2250049;18/01/2025;2:00:00 p. m.;Sábado;2025;Enero;AUTOMOVIL;PARTICULAR;Acompañante;50;FEMENINO;HERIDOS;0;0;0;;CARRERA 48 FRENTE AL # 29 SUR-140;;LAS VEGAS;6.180671264987676, -75.5873325065528;CHOQUE;VEHICULO;NO REPORTADO;RESIDENCIAL;Normal;No mantener distancia de seguridad
2250050;18/01/2025;4:30:00 p. m.;Sábado;2025;Enero;MOTOCICLETA;PARTICULAR;Motociclista;20;MASCULINO;HERIDOS;0;0;0;;KILOMETRO 12+120;retiro varia palmas enviga (km 5+43 - km 14+ 550);VEREDA PALMAS;6.158904221220679, -75.51857262777662;CHOQUE;VEHICULO;NO REPORTADO;NO REPORTADO;Normal;Adelantar en zona prohibida  -  Adelantar invadiendo carril del mismo sentido en zigzag
2250050;18/01/2025;4:30:00 p. m.;Sábado;2025;Enero;MOTOCICLETA;PARTICULAR;Acompañante;19;FEMENINO;HERIDOS;0;0;0;;KILOMETRO 12+120;retiro varia palmas enviga (km 5+43 - km 14+ 550);VEREDA PALMAS;6.158904221220679, -75.51857262777662;CHOQUE;VEHICULO;NO REPORTADO;NO REPORTADO;Normal;Adelantar en zona prohibida  -  Adelantar invadiendo carril del mismo sentido en zigzag
2250055;18/01/2025;11:40:00 a. m.;Sábado;2025;Enero;MOTOCICLETA;PARTICULAR;Motociclista;39;MASCULINO;HERIDOS;0;0;0;;CARRERA 29C CALLE 40C SUR;;SAN JOSE;6.16116807337696, -75.58338204389011;CHOQUE;VEHICULO;NO REPORTADO;RESIDENCIAL;Normal;Defectos fisicos y psiquicos
2250040;19/01/2025;4:40:00 p. m.;Domingo;2025;Enero;MOTOCICLETA;PARTICULAR;Motociclista;31;MASCULINO;HERIDOS;0;0;0;;KILOMETRO 12+930;medellín palmas envigado (km 12 - km 16+700);VEREDA PALMAS;6.159889447057277, -75.52529201260728;CHOQUE;OBJETO FIJO;MURO;NO REPORTADO;Normal;Exceso de velocidad
2250040;19/01/2025;4:40:00 p. m.;Domingo;2025;Enero;MOTOCICLETA;PARTICULAR;Acompañante;23;FEMENINO;HERIDOS;0;0;0;;KILOMETRO 12+930;medellín palmas envigado (km 12 - km 16+700);VEREDA PALMAS;6.159889447057277, -75.52529201260728;CHOQUE;OBJETO FIJO;MURO;NO REPORTADO;Normal;Exceso de velocidad
2250051;19/01/2025;12:01:00 a. m.;Domingo;2025;Enero;MOTOCICLETA;PARTICULAR;Motociclista;32;MASCULINO;HERIDOS;1;0;1;40;CARRERA 49 ENTRE CALLE 39 SUR y CALLE 43 SUR;;LAS VEGAS;6.172598454845314, -75.5986050570555;CAIDA OCUPANTE;NO REPORTADO;NO REPORTADO;RESIDENCIAL;Normal;Embriaguez o droga
2250052;19/01/2025;4:40:00 p. m.;Domingo;2025;Enero;MOTOCICLETA;PARTICULAR;Motociclista;26;MASCULINO;HERIDOS;0;0;0;;CALLE 39 SUR CARRERA 33;;MESA;6.164896049003437, -75.58302396980704;CHOQUE;VEHICULO;NO REPORTADO;RESIDENCIAL;Normal;Desobedecer señales
2250047;20/01/2025;1:45:00 p. m.;Lunes;2025;Enero;MOTOCICLETA;PARTICULAR;Peaton;59;MASCULINO;HERIDOS;0;0;0;;CALLE 40 A SUR CARRERA 25B-25;;EL SALADO;6.15657687287384, -75.58069339405368;ATROPELLO;NO REPORTADO;NO REPORTADO;RESIDENCIAL;Normal;Cruzar sin observar
2250056;20/01/2025;4:40:00 p. m.;Lunes;2025;Enero;MOTOCICLETA;PARTICULAR;Acompañante;27;MASCULINO;HERIDOS;0;0;0;;CALLE 45 B CARRERA 37;;LAS ANTILLAS;6.157680643515507, -75.5890796543242;CHOQUE;VEHICULO;NO REPORTADO;RESIDENCIAL;Normal;Impericia en el manejo
2250057;20/01/2025;5:40:00 p. m.;Lunes;2025;Enero;MOTOCICLETA;PARTICULAR;Motociclista;30;MASCULINO;HERIDOS;0;0;0;;TRANSVERSAL 27 A DIAGONAL 42 B 21;;PONTE VEDRA;6.178438589562872, -75.58288420260513;CHOQUE;OBJETO FIJO;VEHICULO ESTACIONADO;RESIDENCIAL;Normal;Desobedecer señales
2250058;20/01/2025;2:40:00 p. m.;Lunes;2025;Enero;MOTOCICLETA;PARTICULAR;Motociclista;27;MASCULINO;HERIDOS;0;0;0;;CARRERA 50 CALLE 27 SUR 28;;LAS VEGAS;6.183860, -75.588200;CAIDA OCUPANTE;NO REPORTADO;NO REPORTADO;RESIDENCIAL;Normal;Desobedecer señales
2250058;20/01/2025;2:40:00 p. m.;Lunes;2025;Enero;MOTOCICLETA;PARTICULAR;Acompañante;24;MASCULINO;HERIDOS;0;0;0;;CARRERA 50 CALLE 27 SUR 28;;LAS VEGAS;6.183860, -75.588200;CAIDA OCUPANTE;NO REPORTADO;NO REPORTADO;RESIDENCIAL;Normal;Desobedecer señales