NRO_RADICADO;FECHA_ACCIDENTE;HORA_ACCIDENTE;Día de la semana;AÑO;MES;CLASE_VEHICULO;TIPO_SERVICIO;TIPO_VICTIMA;EDAD;GENERO;GRAVEDAD;ESTADO_BEODEZ;ESTADO_DROGA;RESULTADO_BEODEZ;RESUL_BEODEZ_GRAMOS;DIRECCION_CARACT_VIA;TRAMO_VIA;LOCALIDAD_O_COMUNA;    GEORREFERENCIACIÓN;DESC_CLASE_ACCIDENTE;DESC_CHOQUE_ACCIDENTE;DESC_OBJETO_FIJO;DESC_SECTOR_ACCIDENTE;CONDICION_CLIMATICA;CAUSA_ACCIDENTE
2250053;21/01/2025;2:08:00 a. m.;Martes;2025;Enero;MOTOCICLETA;PARTICULAR;Motociclista;39;MASCULINO;HERIDOS;0;0;0;;CARRERA 42 CALLE 44 SUR;;EL DORADO;6.16465094608183, -75.59215811991326;CAIDA OCUPANTE;NO REPORTADO;NO REPORTADO;RESIDENCIAL;Normal;Impericia en el manejo
2250059;21/01/2025;3:50:00 p. m.;Martes;2025;Enero;MOTOCICLETA;PARTICULAR;Motociclista;22;MASCULINO;HERIDOS;0;0;0;;CARRERA 42 B CALLE 45 SUR;;LA PAZ;6.163617360204344, -75.59318892278996;CHOQUE;VEHICULO;NO REPORTADO;RESIDENCIAL;Normal;Desobedecer señales
2250060;21/01/2025;7:40:00 a. m.;Martes;2025;Enero;MOTOCICLETA;PARTICULAR;Motociclista;29;MASCULINO;HERIDOS;0;0;0;;TRANSVERSAL 32 C SUR DIAGONAL 32-13;;LA MAGNOLIA;6.175018063738932, -75.58246519549401;CHOQUE;VEHICULO;NO REPORTADO;RESIDENCIAL;Normal;No respetar pelacion de interseccion o giros
2250061;21/01/2025;7:30:00 a. m.;Martes;2025;Enero;MOTOCICLETA;PARTICULAR;Motociclista;29;MASCULINO;HERIDOS;0;0;0;;KILOMETRO 15 TRAMO 110;el escobero - km 0-13);VEREDA PALMAS;6.152050564638626, -75.54494395753734;CHOQUE;VEHICULO;NO REPORTADO;NO REPORTADO;Normal;No mantener distancia de seguridad
2250054;22/01/2025;7:20:00 a. m.;Miércoles;2025;Enero;BICICLETA;;Ciclista;58;MASCULINO;HERIDOS;0;0;0;;CALLE 37 SUR CARRERA 50;;LAS VEGAS;6.175281311262004, -75.59506880040107;CHOQUE;VEHICULO;NO REPORTADO;RESIDENCIAL;Normal;Otra-Conductor
2250062;22/01/2025;8:02:00 a. m.;Miércoles;2025;Enero;MOTOCICLETA;PARTICULAR;Motociclista;31;MASCULINO;HERIDOS;0;0;0;;CALLE 25 SUR CARRERA 48- 49;;LAS VEGAS;6.186060389899621, -75.5837046435629;CHOQUE;VEHICULO;NO REPORTADO;RESIDENCIAL;Normal;No mantener distancia de seguridad
2250063;22/01/2025;5:40:00 p. m.;Miércoles;2025;Enero;MOTOCICLETA;PARTICULAR;Motociclista;40;FEMENINO;HERIDOS;0;0;0;;CARRERA 43 A CALLE 32 SUR 39;;SAN MARCOS;6.175401263106596, -75.58591842877436;CHOQUE;VEHICULO;NO REPORTADO;COMERCIAL;Normal;No mantener distancia de seguridad
2250067;22/01/2025;11:30:00 a. m.;Miércoles;2025;Enero;BICICLETA;;Ciclista;27;MASCULINO;HERIDOS;0;0;0;;CARRERA 24D CALLE 24 ;;VEREDA PALMAS;0;CHOQUE;VEHICULO;NO REPORTADO;RESIDENCIAL;Normal;Impericia en el manejo
2250069;22/01/2025;2:40:00 p. m.;Miércoles;2025;Enero;AUTOMOVIL;PUBLICO;Acompañante;39;FEMENINO;HERIDOS;0;0;0;;CARRERA 43 A CALLE 27 A SUR 86;;PONTE VEDRA;6.17921977048441, -75.58350617342029;CHOQUE;VEHICULO;NO REPORTADO;COMERCIAL;Normal;No mantener distancia de seguridad
2250065;23/01/2025;8:10:00 a. m.;Jueves;2025;Enero;MOTOCICLETA;PARTICULAR;Motociclista;30;MASCULINO;HERIDOS;0;0;0;;CALLE 37 SUR CARRERA 40 -48;;ZONA CENTRO;6.169556039495045, -75.58591054833082;CAIDA OCUPANTE;NO REPORTADO;NO REPORTADO;COMERCIAL;Normal;Otra-Via
2250068;23/01/2025;1:40:00 p. m.;Jueves;2025;Enero;MOTOCICLETA;PARTICULAR;Motociclista;35;FEMENINO;HERIDOS;0;0;0;;CALLE 39 B SUR CARRERA 34;;MESA;6.164489328958996, -75.5839950198532;CHOQUE;VEHICULO;NO REPORTADO;RESIDENCIAL;Normal;No mantener distancia de seguridad
2250072;23/01/2025;11:30:00 a. m.;Jueves;2025;Enero;MOTOCICLETA;PARTICULAR;Motociclista;17;MASCULINO;HERIDOS;0;0;0;;calle 41 sur carrera 24-20;;LA MINA;6.150921755766179, -75.58458240155639;CHOQUE;VEHICULO;NO REPORTADO;RESIDENCIAL;Normal;Impericia en el manejo
2250076;23/01/2025;5:05:00 p. m.;Jueves;2025;Enero;MOTOCICLETA;PARTICULAR;Motociclista;24;FEMENINO;HERIDOS;0;0;0;;CALLE 37 SUR CARRERA 49;;LAS VEGAS;6.174591625761879, -75.59361447478908;CHOQUE;VEHICULO;NO REPORTADO;COMERCIAL;Normal;Desobedecer señales
2250077;23/01/2025;6:08:00 p. m.;Jueves;2025;Enero;MOTOCICLETA;PARTICULAR;Motociclista;44;MASCULINO;HERIDOS;0;0;0;;carrera 41 calle 22 sur -20;;ZUÑIGA;6.181074163451562, -75.57674828663114;CHOQUE;VEHICULO;NO REPORTADO;RESIDENCIAL;Normal;No mantener distancia de seguridad
2250064;24/01/2025;9:15:00 p. m.;Viernes;2025;Enero;MOTOCICLETA;DIPLOMATICO;Acompañante;17;MASCULINO;HERIDOS;0;0;0;;carrera 48 calle 39 a sur 06;;LAS VEGAS;6.171027690213266, -75.59432865503118;CHOQUE;VEHICULO;NO REPORTADO;RESIDENCIAL;Normal;No mantener distancia de seguridad
2250064;24/01/2025;9:15:00 p. m.;Viernes;2025;Enero;MOTOCICLETA;PARTICULAR;Motociclista;42;FEMENINO;HERIDOS;0;0;0;;carrera 48 calle 39 a sur 06;;LAS VEGAS;6.171027690213266, -75.59432865503118;CHOQUE;VEHICULO;NO REPORTADO;RESIDENCIAL;Normal;No mantener distancia de seguridad
2250064;24/01/2025;9:15:00 p. m.;Viernes;2025;Enero;MOTOCICLETA;DIPLOMATICO;Motociclista;37;MASCULINO;HERIDOS;0;0;0;;carrera 48 calle 39 a sur 06;;LAS VEGAS;6.171027690213266, -75.59432865503118;CHOQUE;VEHICULO;NO REPORTADO;RESIDENCIAL;Normal;No mantener distancia de seguridad
2250073;24/01/2025;7:20:00 a. m.;Viernes;2025;Enero;MOTOCICLETA;PARTICULAR;Motociclista;22;FEMENINO;HERIDOS;0;0;0;;tranSversal 34 D SUR  DIAGONAL 33 ;;LOS NARANJOS;6.170824364932556, -75.58321546361397;CHOQUE;VEHICULO;NO REPORTADO;RESIDENCIAL;Normal;Desobedecer señales
2250078;24/01/2025;9:00:00 a. m.;Viernes;2025;Enero;MOTOCICLETA;PARTICULAR;Motociclista;38;FEMENINO;HERIDOS;0;0;0;;CALLE 25 SUR CARRERA 42 -73;;LAS ORQUIDEAS;6.179489483938392, -75.57960606071948;CHOQUE;VEHICULO;NO REPORTADO;RESIDENCIAL;Normal;Adelantar en zona prohibida
2250080;24/01/2025;12:00:00 a. m.;Viernes;2025;Enero;MOTOCICLETA;PARTICULAR;Motociclista;29;MASCULINO;HERIDOS;0;0;0;;CARRERA 48 CALLE 25 CALLE 25 AA SUR 70;;LAS VEGAS;6.183201728984719, -75.58497263422214;CHOQUE;OBJETO FIJO;OTRO TIPO;RESIDENCIAL;Normal;Impericia en el manejo
2250083;24/01/2025;9:40:00 p. m.;Viernes;2025;Enero;MOTOCICLETA;PARTICULAR;Acompañante;23;FEMENINO;HERIDOS;0;0;0;;CARRERA  49 CALLE 25 AA SUR 26 SUR;;LAS VEGAS;6.185248320836925, -75.58627054371169;CHOQUE;OBJETO FIJO;OTRO TIPO;COMERCIAL;Normal;Ausencia parcial o total de se?ales
2250083;24/01/2025;9:40:00 p. m.;Viernes;2025;Enero;MOTOCICLETA;PARTICULAR;Motociclista;36;MASCULINO;HERIDOS;0;0;0;;CARRERA  49 CALLE 25 AA SUR 26 SUR;;LAS VEGAS;6.185248320836925, -75.58627054371169;CHOQUE;OBJETO FIJO;OTRO TIPO;COMERCIAL;Normal;Ausencia parcial o total de se?ales
2250070;25/01/2025;11:50:00 a. m.;Sábado;2025;Enero;MOTOCICLETA;PARTICULAR;Motociclista;43;MASCULINO;HERIDOS;0;0;0;;CARRERA 50 CALLE 32 B SUR 30;;LAS VEGAS;6.17821226399006, -75.59194333401746;CAIDA OCUPANTE;NO REPORTADO;NO REPORTADO;INDUSTRIAL;Normal;Fallas en las llantas
2250071;25/01/2025;4:05:00 a. m.;Sábado;2025;Enero;MOTOCICLETA;PARTICULAR;Acompañante;22;MASCULINO;HERIDOS;0;0;0;;CARRERA 41 CALLE 38 A SUR;;ZONA CENTRO;6.168463360695233, -75.58704156906445;CHOQUE;VEHICULO;NO REPORTADO;COMERCIAL;Normal;Desobedecer señales  -  Semaforo en rojo
2250079;25/01/2025;9:46:00 p. m.;Sábado;2025;Enero;MOTOCICLETA;PARTICULAR;Motociclista;28;MASCULINO;HERIDOS;0;0;0;;CARRERA 50 CALLE 46 A SUR;;LAS VEGAS;6.168548, -75.602176;CHOQUE;VEHICULO;NO REPORTADO;INDUSTRIAL;Normal;No mantener distancia de seguridad
2250082;25/01/2025;11:20:00 p. m.;Sábado;2025;Enero;MOTOCICLETA;PARTICULAR;Motociclista;21;MASCULINO;HERIDOS;0;0;0;;CALLE 41 A  CARRERA 29 A 29 B;;SAN RAFAEL;6.159109177023668, -75.5855198059484;CAIDA OCUPANTE;NO REPORTADO;NO REPORTADO;RESIDENCIAL;Normal;Obstaculos en la via  -  Superficie humeda
2250084;25/01/2025;1:50:00 a. m.;Sábado;2025;Enero;MOTOCICLETA;PARTICULAR;Peaton;35;MASCULINO;HERIDOS;0;0;0;;CALLE 38 A SUR CARRERA 43 -06;;ZONA CENTRO;6.1692922289262215, -75.58836450572498;ATROPELLO;NO REPORTADO;NO REPORTADO;COMERCIAL;Normal;Cruzar sin observar
2250074;26/01/2025;11:00:00 a. m.;Domingo;2025;Enero;MOTOCICLETA;PARTICULAR;Motociclista;20;MASCULINO;HERIDOS;0;0;0;;CALLE 39 B SUR CARRERA 31;;SAN JOSE;6.163534649603921, -75.58247085457553;CHOQUE;VEHICULO;NO REPORTADO;RESIDENCIAL;Normal;Girar bruscamente
2250074;26/01/2025;11:00:00 a. m.;Domingo;2025;Enero;MOTOCICLETA;;Motociclista;72;FEMENINO;HERIDOS;0;0;0;;CALLE 39 B SUR CARRERA 31;;SAN JOSE;6.163534649603921, -75.58247085457553;CHOQUE;VEHICULO;NO REPORTADO;RESIDENCIAL;Normal;Girar bruscamente
2250075;26/01/2025;7:44:00 a. m.;Domingo;2025;Enero;MOTOCICLETA;PARTICULAR;Acompañante;59;MASCULINO;HERIDOS;0;0;0;;CALLE 36 D SUR CARRERA 26 A 62;;VEREDA EL ESCOBERO;6.162011945386838, -75.56928732803676;CAIDA OCUPANTE;NO REPORTADO;NO REPORTADO;RESIDENCIAL;Normal;Impericia en el manejo
2250081;26/01/2025;5:12:00 p. m.;Domingo;2025;Enero;MOTOCICLETA;PARTICULAR;Motociclista;42;MASCULINO;HERIDOS;0;0;0;;CALLE 49 D SUR CARRERA 40 A 44;;LOMA DEL BARRO;6.156280544506149, -75.60060219550697;CAIDA OCUPANTE;NO REPORTADO;NO REPORTADO;RESIDENCIAL;Normal;Impericia en el manejo
2250088;28/01/2025;10:15:00 p. m.;Martes;2025;Enero;MOTOCICLETA;PARTICULAR;Acompañante;20;MASCULINO;HERIDOS;0;0;0;;CALLE 46 F SUR CARRERA 37 -171;;EL TRIANON;6.15681736539961, -75.59222694320064;CAIDA OCUPANTE;NO REPORTADO;NO REPORTADO;RESIDENCIAL;Normal;Impericia en el manejo
2250088;28/01/2025;10:15:00 p. m.;Martes;2025;Enero;MOTOCICLETA;PARTICULAR;Motociclista;21;MASCULINO;HERIDOS;0;0;0;;CALLE 46 F SUR CARRERA 37 -171;;EL TRIANON;6.15681736539961, -75.59222694320064;CAIDA OCUPANTE;NO REPORTADO;NO REPORTADO;RESIDENCIAL;Normal;Impericia en el manejo
2250091;28/01/2025;5:30:00 a. m.;Martes;2025;Enero;MOTOCICLETA;PARTICULAR;Motociclista;57;MASCULINO;HERIDOS;0;0;0;;CARRERA 50 CALLE 39 SUR 100;;LAS VEGAS;6.173303607160337, -75.59788796574267;CHOQUE;VEHICULO;NO REPORTADO;INDUSTRIAL;Normal;Impericia en el manejo
2250093;28/01/2025;11:30:00 p. m.;Martes;2025;Enero;AUTOMOVIL;PARTICULAR;Conductor;26;MASCULINO;HERIDOS;1;0;0;20;CARRERA 50 CALLE 50 SUR;;LAS VEGAS;6.162818, -75.604956;CHOQUE;OBJETO FIJO;ARBOL;RESIDENCIAL;Normal;Embriaguez o droga
2250093;28/01/2025;11:30:00 p. m.;Martes;2025;Enero;AUTOMOVIL;PARTICULAR;Acompañante;25;FEMENINO;HERIDOS;1;0;0;20;CARRERA 50 CALLE 50 SUR;;LAS VEGAS;6.162818, -75.604956;CHOQUE;OBJETO FIJO;ARBOL;RESIDENCIAL;Normal;Embriaguez o droga
2250093;28/01/2025;11:30:00 p. m.;Martes;2025;Enero;AUTOMOVIL;PARTICULAR;Acompañante;22;MASCULINO;HERIDOS;1;0;0;20;CARRERA 50 CALLE 50 SUR;;LAS VEGAS;6.162818, -75.604956;CHOQUE;OBJETO FIJO;ARBOL;RESIDENCIAL;Normal;Embriaguez o droga
2250095;28/01/2025;11:06:00 a. m.;Martes;2025;Enero;MOTOCICLETA;PARTICULAR;Peaton;68;MASCULINO;HERIDOS;0;0;0;;DIAGONAL 31 E TRANSVERSAL34 D SUR;;OBRERO;6.171964191331117, -75.58035658096706;ATROPELLO;NO REPORTADO;NO REPORTADO;RESIDENCIAL;Normal;Otra-Conductor
2250095;28/01/2025;11:06:00 a. m.;Martes;2025;Enero;MOTOCICLETA;PARTICULAR;Motociclista;28;MASCULINO;HERIDOS;0;0;0;;DIAGONAL 31 E TRANSVERSAL34 D SUR;;OBRERO;6.171964191331117, -75.58035658096706;ATROPELLO;NO REPORTADO;NO REPORTADO;RESIDENCIAL;Normal;Otra-Conductor
2250087;29/01/2025;8:45:00 a. m.;Miércoles;2025;Enero;BUS;PUBLICO;Pasajero;60;MASCULINO;HERIDOS;0;0;0;;carrera 26 calle 41 b 5;;SAN RAFAEL;6.156116987338976, -75.58463090761434;CAIDA OCUPANTE;NO REPORTADO;NO REPORTADO;RESIDENCIAL;Normal;Frenar bruscamente
2250092;29/01/2025;12:40:00 p. m.;Miércoles;2025;Enero;MOTOCICLETA;PARTICULAR;Acompañante;48;FEMENINO;HERIDOS;0;0;0;;DIAGONAL 29 TRANSVERSAL 34 A SUR 21;;URIBE ANGEL;6.172558224394466, -75.5771538381283;CHOQUE;VEHICULO;NO REPORTADO;RESIDENCIAL;Normal;Desobedecer señales
2250094;29/01/2025;9:47:00 a. m.;Miércoles;2025;Enero;MOTOCICLETA;PARTICULAR;Motociclista;24;MASCULINO;HERIDOS;0;0;0;;CALLE 40 SUR CARRERA 25 B 60;;EL SALADO;6.156727501574919, -75.58058591670476;CHOQUE;OBJETO FIJO;VEHICULO ESTACIONADO;RESIDENCIAL;Normal;Otra-Conductor
2250096;29/01/2025;7:20:00 a. m.;Miércoles;2025;Enero;AUTOMOVIL;PARTICULAR;Conductor;58;FEMENINO;HERIDOS;0;0;0;;CARRERA 43 A CALLE 23 SUR 85;;BOSQUES DE ZUÑIGA;6.181701445685191, -75.5809462523741;CHOQUE;VEHICULO;NO REPORTADO;COMERCIAL;Normal;No mantener distancia de seguridad
2250085;30/01/2025;11:29:00 a. m.;Jueves;2025;Enero;MOTOCICLETA;PARTICULAR;Motociclista;39;FEMENINO;HERIDOS;0;0;0;;CALLE 37 SUR CARRERA 48;;LAS VEGAS;6.173643245908734, -75.59239554469394;CAIDA OCUPANTE;NO REPORTADO;NO REPORTADO;COMERCIAL;Normal;Otra-Conductor
2250086;30/01/2025;5:50:00 a. m.;Jueves;2025;Enero;MOTOCICLETA;DIPLOMATICO;Acompañante;30;MASCULINO;HERIDOS;0;0;0;;TRANSVERSAL 32 C SUR DIAGONAL 31 BA 35;;LAS FLORES;6.176398943648377, -75.58005776193392;CAIDA OCUPANTE;NO REPORTADO;NO REPORTADO;RESIDENCIAL;Normal;Otra-Via
2250089;30/01/2025;7:29:00 a. m.;Jueves;2025;Enero;MOTOCICLETA;PARTICULAR;Motociclista;25;MASCULINO;HERIDOS;0;0;0;;CARRERA 50 CALLE 27 A -89;;LAS VEGAS;6.182811453440288, -75.58886975868006;CHOQUE;VEHICULO;NO REPORTADO;INDUSTRIAL;Normal;Otra-Conductor
2250090;30/01/2025;4:47:00 p. m.;Jueves;2025;Enero;CAMIONETA;PARTICULAR;Peaton;81;MASCULINO;HERIDOS;0;0;0;;CARRERA 43 CALLE 36 SUR;;ZONA CENTRO;6.171540426967832, -75.58712719343858;ATROPELLO;NO REPORTADO;NO REPORTADO;COMERCIAL;Normal;Otra-Conductor
2250097;30/01/2025;12:00:00 p. m.;Jueves;2025;Enero;MOTOCICLETA;PARTICULAR;Motociclista;50;MASCULINO;HERIDOS;0;0;0;;CARRERA 50 CALLE 48 SUR 46 A ;;LAS VEGAS;6.166066967212749, -75.60265028851136;CHOQUE;VEHICULO;NO REPORTADO;INDUSTRIAL;Normal;No mantener distancia de seguridad
2250098;30/01/2025;10:17:00 a. m.;Jueves;2025;Enero;MOTOCICLETA;PARTICULAR;Motociclista;20;MASCULINO;HERIDOS;0;0;0;;CARRERA 43 A CALLE 46 A SUR 25;;PRIMAVERA;6.1639158140358425, -75.59631843444839;CHOQUE;VEHICULO;NO REPORTADO;RESIDENCIAL;Normal;No mantener distancia de seguridad
2250098;30/01/2025;10:17:00 a. m.;Jueves;2025;Enero;MOTOCICLETA;PARTICULAR;Acompañante;45;MASCULINO;HERIDOS;0;0;0;;CARRERA 43 A CALLE 46 A SUR 25;;PRIMAVERA;6.1639158140358425, -75.59631843444839;CHOQUE;VEHICULO;NO REPORTADO;RESIDENCIAL;Normal;No mantener distancia de seguridad
2250112;30/01/2025;6:00:00 p. m.;Jueves;2025;Enero;BICICLETA;;Ciclista;73;MASCULINO;HERIDOS;0;0;0;;CALLE 40 B SUR CARRERA 28;;LA MINA;6.159648037848365, -75.58185753172756;CHOQUE;VEHICULO;NO REPORTADO;RESIDENCIAL;Normal;Transitar en contravia
2250101;31/01/2025;4:16:00 a. m.;Viernes;2025;Enero;MOTOCICLETA;PARTICULAR;Acompañante;25;MASCULINO;HERIDOS;0;0;0;;carrera 43 a calle 25 sur;;BOSQUES DE ZUÑIGA;6.181726856423344, -75.58135053615936;CAIDA OCUPANTE;NO REPORTADO;NO REPORTADO;RESIDENCIAL;Normal;Impericia en el manejo
2250101;31/01/2025;4:16:00 a. m.;Viernes;2025;Enero;MOTOCICLETA;PARTICULAR;Motociclista;21;MASCULINO;HERIDOS;0;0;0;;carrera 43 a calle 25 sur;;BOSQUES DE ZUÑIGA;6.181726856423344, -75.58135053615936;CAIDA OCUPANTE;NO REPORTADO;NO REPORTADO;RESIDENCIAL;Normal;Impericia en el manejo
2250102;31/01/2025;7:05:00 p. m.;Viernes;2025;Enero;MOTOCICLETA;PARTICULAR;Motociclista;27;MASCULINO;HERIDOS;0;0;2;110;diagonal 31c transversal 33 a sur;;LAS FLORES;6.1730802597163486, -75.58010736275189;CHOQUE;VEHICULO;NO REPORTADO;RESIDENCIAL;Normal;Embriaguez o droga
2250102;31/01/2025;7:05:00 p. m.;Viernes;2025;Enero;MOTOCICLETA;PARTICULAR;Acompañante;32;MASCULINO;HERIDOS;0;0;2;110;diagonal 31c transversal 33 a sur;;LAS FLORES;6.1730802597163486, -75.58010736275189;CHOQUE;VEHICULO;NO REPORTADO;RESIDENCIAL;Normal;Embriaguez o droga
2250102;31/01/2025;7:05:00 p. m.;Viernes;2025;Enero;MOTOCICLETA;PARTICULAR;Motociclista;29;FEMENINO;HERIDOS;0;0;0;;diagonal 31c transversal 33 a sur;;LAS FLORES;6.1730802597163486, -75.58010736275189;CHOQUE;VEHICULO;NO REPORTADO;RESIDENCIAL;Normal;Embriaguez o droga
2250108;31/01/2025;3:30:00 p. m.;Viernes;2025;Enero;BUS;PUBLICO;Pasajero;62;FEMENINO;HERIDOS;0;0;0;;carrera 43  calle 32 c sur;;ZONA CENTRO;6.17402364066403, -75.58548994971879;CAIDA OCUPANTE;NO REPORTADO;NO REPORTADO;COMERCIAL;Normal;Otra-Conductor
2250111;31/01/2025;6:04:00 p. m.;Viernes;2025;Enero;AUTOMOVIL;PARTICULAR;Conductor;19;MASCULINO;HERIDOS;0;0;0;;CALLE 37 B SUR CARRERA 27 E 90;;LOMA DE LAS BRUJAS;6.164325982705879, -75.5788003366446;CHOQUE;VEHICULO;NO REPORTADO;RESIDENCIAL;Normal;Fallas en los frenos
2250115;31/01/2025;5:52:00 a. m.;Viernes;2025;Enero;MOTOCICLETA;PARTICULAR;Motociclista;50;MASCULINO;MUERTOS;0;0;0;;carrera 50 con calle 46a sur - 16;;LAS VEGAS;6.167704953881532, -75.60239847850494;CHOQUE;VEHICULO;NO REPORTADO;INDUSTRIAL;Normal;Reverso imprudente
2250100;1/02/2025;8:10:00 p. m.;Sábado;2025;Febrero;BICICLETA;;Ciclista;57;MASCULINO;HERIDOS;0;0;0;;TRANSVERSAL 34 D SUR DIAGONAL 32-13;;LOS NARANJOS;6.171598310631704, -75.58116968968473;CHOQUE;OBJETO FIJO;VEHICULO ESTACIONADO;RESIDENCIAL;Normal;Embriaguez aparente
2250103;1/02/2025;12:18:00 a. m.;Sábado;2025;Febrero;AUTOMOVIL;PARTICULAR;Peaton;63;MASCULINO;HERIDOS;0;0;0;;CARRERA 42 CALLE 38 A SUR;;ZONA CENTRO;6.168937527237108, -75.58780815127344;ATROPELLO;NO REPORTADO;NO REPORTADO;COMERCIAL;Normal;Otra-Conductor
2250104;1/02/2025;11:55:00 a. m.;Sábado;2025;Febrero;MOTOCICLETA;PARTICULAR;Motociclista;52;FEMENINO;HERIDOS;0;0;0;;CARRERA 42 B CALLE 26 B SUR;;PONTE VEDRA;6.1788206482675765, -75.58188939944866;CHOQUE;VEHICULO;NO REPORTADO;RESIDENCIAL;Normal;Desobedecer señales
2250105;1/02/2025;9:20:00 p. m.;Sábado;2025;Febrero;MOTOCICLETA;DIPLOMATICO;Motociclista;25;MASCULINO;HERIDOS;0;0;0;;CARRERA 50 CALLE 25 SUR ;;LAS VEGAS;6.186957, -75.584471;CHOQUE;VEHICULO;NO REPORTADO;INDUSTRIAL;Normal;Girar bruscamente
2250110;1/02/2025;3:00:00 p. m.;Sábado;2025;Febrero;MOTOCICLETA;PARTICULAR;Motociclista;22;MASCULINO;HERIDOS;0;0;0;;CALLE 37 SUR CARRERA 39-18;;ZONA CENTRO;6.169092355178808, -75.58518343157428;CHOQUE;VEHICULO;NO REPORTADO;COMERCIAL;Normal;Otra-Conductor
2250107;2/02/2025;11:30:00 p. m.;Domingo;2025;Febrero;MOTOCICLETA;PARTICULAR;Motociclista;27;MASCULINO;HERIDOS;0;0;0;;kilometro 15 tramo 400;el escobero - km 0-13);VEREDA PALMAS;6.153836168716407, -75.54340792477396;CAIDA OCUPANTE;NO REPORTADO;NO REPORTADO;NO REPORTADO;Normal;Superficie lisa
2250107;2/02/2025;11:30:00 p. m.;Domingo;2025;Febrero;MOTOCICLETA;PARTICULAR;Acompañante;25;MASCULINO;HERIDOS;0;0;0;;kilometro 15 tramo 400;el escobero - km 0-13);VEREDA PALMAS;6.153836168716407, -75.54340792477396;CAIDA OCUPANTE;NO REPORTADO;NO REPORTADO;NO REPORTADO;Normal;Superficie lisa
2250124;2/02/2025;10:00:00 a. m.;Domingo;2025;Febrero;BICICLETA;;Ciclista;39;MASCULINO;HERIDOS;0;0;0;;KILOMETRO 15 TRAMO 750;el escobero - km 0-13);VEREDA PALMAS;6.153359457320712, -75.54076452432349;CHOQUE;VEHICULO;NO REPORTADO;NO REPORTADO;Normal;Poner en marcha un vehiculo sin precauci
2250099;3/02/2025;5:35:00 a. m.;Lunes;2025;Febrero;MOTOCICLETA;PARTICULAR;Acompañante;65;FEMENINO;HERIDOS;0;0;0;;transversal 35 c sur diagonal 33;;LOS NARANJOS;6.16895619388172, -75.58184360464656;CAIDA OCUPANTE;NO REPORTADO;NO REPORTADO;RESIDENCIAL;Normal;Superficie humeda
2250099;3/02/2025;5:35:00 a. m.;Lunes;2025;Febrero;MOTOCICLETA;PARTICULAR;Motociclista;64;MASCULINO;HERIDOS;0;0;0;;transversal 35 c sur diagonal 33;;LOS NARANJOS;6.16895619388172, -75.58184360464656;CAIDA OCUPANTE;NO REPORTADO;NO REPORTADO;RESIDENCIAL;Normal;Superficie humeda
2250106;3/02/2025;7:50:00 a. m.;Lunes;2025;Febrero;MOTOCICLETA;PARTICULAR;Motociclista;53;MASCULINO;HERIDOS;0;0;0;;carrera 48 calle 49 b sur 50;;LAS VEGAS;6.162474456164896, -75.60300707435991;CHOQUE;VEHICULO;NO REPORTADO;RESIDENCIAL;Normal;Adelantar en curva
2250116;3/02/2025;4:07:00 p. m.;Lunes;2025;Febrero;MOTOCICLETA;PARTICULAR;Motociclista;22;FEMENINO;HERIDOS;0;0;0;;CARRERA 50 CALLE 26 SUR 27;;LAS VEGAS;6.184782342468732, -75.58713417813546;CAIDA OCUPANTE;NO REPORTADO;NO REPORTADO;INDUSTRIAL;Lluvia;Frenar bruscamente
2250117;3/02/2025;6:06:00 p. m.;Lunes;2025;Febrero;MOTOCICLETA;PARTICULAR;Motociclista;28;MASCULINO;HERIDOS;0;0;0;;CALLE 39 B SUR CARRERA 28 -85;;SAN JOSE;6.1615844333290894, -75.58121795980689;CAIDA OCUPANTE;NO REPORTADO;NO REPORTADO;RESIDENCIAL;Normal;Impericia en el manejo
2250118;3/02/2025;8:00:00 a. m.;Lunes;2025;Febrero;MOTOCICLETA;PARTICULAR;Motociclista;34;MASCULINO;HERIDOS;0;0;0;;CARRERA 26 CALLE 41 B SUR;;SAN RAFAEL;6.156114320597267, -75.58459268613855;CAIDA OCUPANTE;NO REPORTADO;NO REPORTADO;RESIDENCIAL;Normal;Impericia en el manejo
2250119;3/02/2025;9:15:00 p. m.;Lunes;2025;Febrero;MOTOCICLETA;PARTICULAR;Motociclista;33;MASCULINO;HERIDOS;0;0;0;;CARRERA 48 CALLE 36 -37 SUR;;LAS VEGAS;6.174513023260941, -75.59201264517324;CHOQUE;VEHICULO;NO REPORTADO;RESIDENCIAL;Normal;Adelantar cerrando
2250120;3/02/2025;8:45:00 a. m.;Lunes;2025;Febrero;MOTOCICLETA;PARTICULAR;Motociclista;26;MASCULINO;HERIDOS;0;0;0;;KILOMETRO 13 TRAMO 13;medellín palmas envigado (km 12 - km 16+700);VEREDA PALMAS;6.165588, -75.545119;CAIDA OCUPANTE;NO REPORTADO;NO REPORTADO;NO REPORTADO;Normal;Otra-Via
2250135;3/02/2025;6:16:00 a. m.;Lunes;2025;Febrero;MOTOCICLETA;PARTICULAR;Motociclista;32;MASCULINO;HERIDOS;0;0;0;;CALLE 46 D SUR  # 42D 80;;LA PAZ;#N/A;CHOQUE;VEHICULO;NO REPORTADO;RESIDENCIAL;Normal;Adelantar por la derecha
2250109;4/02/2025;8:00:00 a. m.;Martes;2025;Febrero;MOTOCICLETA;PARTICULAR;Motociclista;18;FEMENINO;HERIDOS;0;0;0;;CALLE 39 SUR CARRERA 38 A 39;;MESA;6.166761180864826, -75.58601820089604;CHOQUE;VEHICULO;NO REPORTADO;RESIDENCIAL;Normal;Adelantar por la derecha