NRO_RADICADO;FECHA_ACCIDENTE;HORA_ACCIDENTE;Día de la semana;AÑO;MES;CLASE_VEHICULO;TIPO_SERVICIO;TIPO_VICTIMA;EDAD;GENERO;GRAVEDAD;ESTADO_BEODEZ;ESTADO_DROGA;RESULTADO_BEODEZ;RESUL_BEODEZ_GRAMOS;DIRECCION_CARACT_VIA;TRAMO_VIA;LOCALIDAD_O_COMUNA;    GEORREFERENCIACIÓN;DESC_CLASE_ACCIDENTE;DESC_CHOQUE_ACCIDENTE;DESC_OBJETO_FIJO;DESC_SECTOR_ACCIDENTE;CONDICION_CLIMATICA;CAUSA_ACCIDENTE
2250109;4/02/2025;8:00:00 a. m.;Martes;2025;Febrero;MOTOCICLETA;PARTICULAR;Acompañante;16;FEMENINO;HERIDOS;0;0;0;;CALLE 39 SUR CARRERA 38 A 39;;MESA;6.166761180864826, -75.58601820089604;CHOQUE;VEHICULO;NO REPORTADO;RESIDENCIAL;Normal;Adelantar por la derecha
2250114;4/02/2025;7:00:00 p. m.;Martes;2025;Febrero;MOTOCICLETA;PARTICULAR;Motociclista;67;MASCULINO;HERIDOS;0;0;0;;calle 36 d carrera 10-126 ;;VEREDA EL ESCOBERO;6.13554751306319, -75.55462131676008;CAIDA OCUPANTE;NO REPORTADO;NO REPORTADO;RESIDENCIAL;Niebla;Huecos
2250121;4/02/2025;7:15:00 a. m.;Martes;2025;Febrero;MOTOCICLETA;PARTICULAR;Motociclista;24;FEMENINO;HERIDOS;0;0;0;;CARRERA 48 CALLE 42 SUR 43;;MILAN VALLEJUELOS;6.168696762602977, -75.59721478023711;CAIDA OCUPANTE;NO REPORTADO;NO REPORTADO;COMERCIAL;Lluvia;Impericia en el manejo  -  Superficie humeda
2250122;4/02/2025;9:00:00 a. m.;Martes;2025;Febrero;MOTOCICLETA;PARTICULAR;Motociclista;43;MASCULINO;HERIDOS;0;0;0;;CARRERA 29 C CALLE 40 C SUR 06;;SAN JOSE;6.161041901960099, -75.58345262875542;CAIDA OCUPANTE;NO REPORTADO;NO REPORTADO;RESIDENCIAL;Normal;Impericia en el manejo
2250123;4/02/2025;6:15:00 p. m.;Martes;2025;Febrero;MOTOCICLETA;PARTICULAR;Motociclista;21;MASCULINO;HERIDOS;0;0;0;;carrera 48 calle 34  sur;;LAS VEGAS;6.1756065598411105, -75.5909600334823;CHOQUE;VEHICULO;NO REPORTADO;COMERCIAL;Lluvia;Impericia en el manejo
2250137;4/02/2025;2:35:00 p. m.;Martes;2025;Febrero;MOTOCICLETA;PARTICULAR;Motociclista;19;MASCULINO;HERIDOS;0;0;0;;DIAGONAL 40 TRANSVERSAL 33 SUR;;LA MAGNOLIA;#N/A;OTRO;NO REPORTADO;NO REPORTADO;RESIDENCIAL;Normal;Otra-Via
2250138;4/02/2025;8:30:00 a. m.;Martes;2025;Febrero;MOTOCICLETA;PARTICULAR;Motociclista;52;MASCULINO;HERIDOS;0;0;0;;CALLE 48 F SUR  FRENTE AL # 42C-103;;LOMA DEL BARRO;#N/A;OTRO;NO REPORTADO;NO REPORTADO;RESIDENCIAL;Normal;Huecos
2250125;5/02/2025;7:10:00 a. m.;Miércoles;2025;Febrero;MOTOCICLETA;PARTICULAR;Motociclista;30;FEMENINO;HERIDOS;0;0;0;;CARRERA 50 CALLE 30 SUR ;;LAS VEGAS;6.181402979317868, -75.58979069129407;CAIDA OCUPANTE;NO REPORTADO;NO REPORTADO;COMERCIAL;Normal;Impericia en el manejo
2250128;5/02/2025;11:35:00 a. m.;Miércoles;2025;Febrero;MOTOCICLETA;PARTICULAR;Motociclista;49;MASCULINO;HERIDOS;0;0;0;;CARRERA 27 CALLE 36 SUR 18;;EL CHOCHO;6.166941959419194, -75.56927259104924;CAIDA OCUPANTE;NO REPORTADO;NO REPORTADO;RESIDENCIAL;Normal;Impericia en el manejo
2250129;5/02/2025;9:30:00 a. m.;Miércoles;2025;Febrero;MOTOCICLETA;PARTICULAR;Motociclista;22;MASCULINO;HERIDOS;0;0;0;;CALLE 40 F SUR CARRERA 31;;SAN JOSE;6.161016054909842, -75.58478154298678;CAIDA OCUPANTE;NO REPORTADO;NO REPORTADO;RESIDENCIAL;Normal;Otra-Conductor
2250130;5/02/2025;10:20:00 a. m.;Miércoles;2025;Febrero;MOTOCICLETA;PARTICULAR;Motociclista;39;MASCULINO;HERIDOS;0;0;0;;CARRERA 27 B CALLE 40 SUR;;SAN JOSE;6.158744572776812, -75.58098144203676;CAIDA OCUPANTE;NO REPORTADO;NO REPORTADO;COMERCIAL;Lluvia;Superficie humeda
2250131;5/02/2025;5:35:00 p. m.;Miércoles;2025;Febrero;MOTOCICLETA;PARTICULAR;Motociclista;51;MASCULINO;HERIDOS;0;0;0;;CARRERA 20  CALLE 25 SUR 81;;LOMA DEL ATRAVEZADO;6.172303839197439, -75.5622958671663;CAIDA OCUPANTE;NO REPORTADO;NO REPORTADO;RESIDENCIAL;Normal;Superficie lisa
2250132;5/02/2025;2:20:00 p. m.;Miércoles;2025;Febrero;AUTOMOVIL;PARTICULAR;Conductor;24;MASCULINO;HERIDOS;0;0;0;;KILOMETRO 14+590;medellín palmas envigado (km 12 - km 16+700);VEREDA PALMAS;#N/A;CHOQUE;VEHICULO;NO REPORTADO;NO REPORTADO;Normal;Impericia en el manejo
2250132;5/02/2025;2:20:00 p. m.;Miércoles;2025;Febrero;AUTOMOVIL;PARTICULAR;Acompañante;49;FEMENINO;HERIDOS;0;0;0;;KILOMETRO 14+590;medellín palmas envigado (km 12 - km 16+700);VEREDA PALMAS;#N/A;CHOQUE;VEHICULO;NO REPORTADO;NO REPORTADO;Normal;Impericia en el manejo
2250141;5/02/2025;9:08:00 a. m.;Miércoles;2025;Febrero;MOTOCICLETA;PARTICULAR;Motociclista;23;MASCULINO;HERIDOS;0;0;0;;CARRERA 25 FRENTE AL # 39 SUR-15;;EL CHINGUÍ;#N/A;CHOQUE;VEHICULO;NO REPORTADO;RESIDENCIAL;Normal;Adelantar por la derecha
2250142;5/02/2025;1:00:00 p. m.;Miércoles;2025;Febrero;CAMIONETA;PARTICULAR;Conductor;55;MASCULINO;HERIDOS;0;0;0;;CALLE 40 SUR  FRENTE AL # 24E 113;;EL SALADO;#N/A;CHOQUE;OBJETO FIJO;VEHICULO ESTACIONADO;RESIDENCIAL;Normal;Fallas en los frenos
2250147;5/02/2025;6:39:00 a. m.;Miércoles;2025;Febrero;MOTOCICLETA;PARTICULAR;Motociclista;28;FEMENINO;HERIDOS;0;0;0;;carrera 41 calle 24sur 05;;ZUÑIGA;#N/A;OTRO;NO REPORTADO;NO REPORTADO;RESIDENCIAL;Normal;Impericia en el manejo  -  Superficie humeda
2250148;5/02/2025;6:00:00 p. m.;Miércoles;2025;Febrero;MOTOCICLETA;PARTICULAR;Motociclista;34;FEMENINO;HERIDOS;0;0;0;;CARRERA 30 CALLE 39 A SUR;;MESA;#N/A;CAIDA OCUPANTE;NO REPORTADO;NO REPORTADO;COMERCIAL;Normal;Reverso imprudente
2250126;6/02/2025;9:20:00 p. m.;Jueves;2025;Febrero;MOTOCICLETA;PARTICULAR;Motociclista;29;MASCULINO;HERIDOS;0;0;0;;CARRERA 50 ENTRE CALLE 39 SUR y CALLE 43 SUR;;LAS VEGAS;6.172553994293901, -75.59899686972197;CHOQUE;VEHICULO;NO REPORTADO;INDUSTRIAL;Normal;No mantener distancia de seguridad
2250127;6/02/2025;5:15:00 p. m.;Jueves;2025;Febrero;MOTOCICLETA;OFICIAL;Acompañante;56;FEMENINO;HERIDOS;0;0;0;;CARRERA 27 D A CALLE 34 DD SUR 71;;LA INMACULADA;0;CAIDA OCUPANTE;NO REPORTADO;NO REPORTADO;RESIDENCIAL;Normal;Otra-Conductor
2250133;6/02/2025;1:33:00 p. m.;Jueves;2025;Febrero;MOTOCICLETA;PARTICULAR;Motociclista;23;MASCULINO;HERIDOS;0;0;0;;TRANSVERSAL 34 SUR DIAGONAL 32D;;LA MAGNOLIA;#N/A;CHOQUE;VEHICULO;NO REPORTADO;RESIDENCIAL;Normal;Desobedecer señales
2250133;6/02/2025;1:33:00 p. m.;Jueves;2025;Febrero;MOTOCICLETA;PARTICULAR;Acompañante;20;FEMENINO;HERIDOS;0;0;0;;TRANSVERSAL 34 SUR DIAGONAL 32D;;LA MAGNOLIA;#N/A;CHOQUE;VEHICULO;NO REPORTADO;RESIDENCIAL;Normal;Desobedecer señales
2250140;6/02/2025;4:00:00 p. m.;Jueves;2025;Febrero;MOTOCICLETA;PARTICULAR;Motociclista;33;MASCULINO;HERIDOS;0;0;0;;KILOMETRO 13+980;retiro varia palmas enviga (km 5+43 - km 14+ 550);VEREDA PALMAS;#N/A;CHOQUE;VEHICULO;NO REPORTADO;NO REPORTADO;Normal;Frenar bruscamente  -  No mantener distancia de seguridad
2250143;6/02/2025;7:00:00 a. m.;Jueves;2025;Febrero;BICICLETA;;Ciclista;36;MASCULINO;HERIDOS;0;0;0;;CARRERA 49 ENTRE CALLE 35 SUR y CALLE 36 SUR;;LAS VEGAS;#N/A;CHOQUE;VEHICULO;NO REPORTADO;RESIDENCIAL;Normal;Impericia en el manejo
2250134;7/02/2025;7:48:00 p. m.;Viernes;2025;Febrero;MOTOCICLETA;PARTICULAR;Motociclista;34;MASCULINO;HERIDOS;0;0;0;;CALLE 50 SUR CARRERA 48;;LAS VEGAS;#N/A;CHOQUE;VEHICULO;NO REPORTADO;RESIDENCIAL;Normal;Desobedecer señales
2250146;7/02/2025;5:30:00 p. m.;Viernes;2025;Febrero;MOTOCICLETA;PARTICULAR;Motociclista;30;FEMENINO;HERIDOS;0;0;0;;CARRERA 43 A CALLE 29 SUR 35;;LAS VEGAS;#N/A;CHOQUE;VEHICULO;NO REPORTADO;RESIDENCIAL;Normal;Superficie humeda
2250149;7/02/2025;4:35:00 p. m.;Viernes;2025;Febrero;MOTOCICLETA;PARTICULAR;Motociclista;34;MASCULINO;HERIDOS;0;0;0;;CARRERA 43 A CALLE 29 SUR;;JARDINES;#N/A;CAIDA OCUPANTE;NO REPORTADO;NO REPORTADO;COMERCIAL;Normal;Superficie humeda
2250150;7/02/2025;11:40:00 a. m.;Viernes;2025;Febrero;MOTOCICLETA;PARTICULAR;Motociclista;36;MASCULINO;HERIDOS;0;0;0;;CARRERA 48 CALLE 26 -181;;LAS VEGAS;#N/A;CAIDA OCUPANTE;NO REPORTADO;NO REPORTADO;COMERCIAL;Normal;Impericia en el manejo
2250151;7/02/2025;10:20:00 a. m.;Viernes;2025;Febrero;MOTOCICLETA;PARTICULAR;Motociclista;29;MASCULINO;HERIDOS;0;0;0;;CALLE 39 SUR CARRERA 27 C -27 D;;ZONA CENTRO;#N/A;OTRO;NO REPORTADO;NO REPORTADO;RESIDENCIAL;Normal;Impericia en el manejo
2250152;7/02/2025;6:51:00 a. m.;Viernes;2025;Febrero;AUTOMOVIL;PARTICULAR;Conductor;42;FEMENINO;HERIDOS;0;0;0;;CARRERA 27 FRENTE AL # 35 SUR-162;;EL CHOCHO;#N/A;CHOQUE;VEHICULO;NO REPORTADO;RESIDENCIAL;Normal;No mantener distancia de seguridad
2250154;7/02/2025;6:40:00 p. m.;Viernes;2025;Febrero;MOTOCICLETA;PARTICULAR;Peaton;57;MASCULINO;HERIDOS;0;0;0;;CARRERA 48 FRENTE AL # 30 SUR-119;;LAS VEGAS;#N/A;ATROPELLO;NO REPORTADO;NO REPORTADO;RESIDENCIAL;Lluvia;Impericia en el manejo
2250154;7/02/2025;6:40:00 p. m.;Viernes;2025;Febrero;MOTOCICLETA;PARTICULAR;Motociclista;22;MASCULINO;HERIDOS;0;0;0;;CARRERA 48 FRENTE AL # 30 SUR-119;;LAS VEGAS;#N/A;ATROPELLO;NO REPORTADO;NO REPORTADO;RESIDENCIAL;Lluvia;Impericia en el manejo
2250159;7/02/2025;4:30:00 p. m.;Viernes;2025;Febrero;MOTOCICLETA;PARTICULAR;Acompañante;31;MASCULINO;HERIDOS;0;0;0;;CALLE 40 DD CARRERA 40 -46;;EL DORADO;#N/A;CAIDA OCUPANTE;NO REPORTADO;NO REPORTADO;RESIDENCIAL;Normal;Superficie humeda
2250159;7/02/2025;4:30:00 p. m.;Viernes;2025;Febrero;MOTOCICLETA;PARTICULAR;Motociclista;41;MASCULINO;HERIDOS;0;0;0;;CALLE 40 DD CARRERA 40 -46;;EL DORADO;#N/A;CAIDA OCUPANTE;NO REPORTADO;NO REPORTADO;RESIDENCIAL;Normal;Superficie humeda
2250144;8/02/2025;6:09:00 p. m.;Sábado;2025;Febrero;AUTOMOVIL;PUBLICO;Peaton;32;MASCULINO;HERIDOS;0;0;0;;CALLE 38 SUR FRENTE AL # 33-45;;MESA;#N/A;ATROPELLO;NO REPORTADO;NO REPORTADO;RESIDENCIAL;Normal;Otra-Conductor
2250144;8/02/2025;6:09:00 p. m.;Sábado;2025;Febrero;AUTOMOVIL;PUBLICO;Peaton;32;FEMENINO;HERIDOS;0;0;0;;CALLE 38 SUR FRENTE AL # 33-45;;MESA;#N/A;ATROPELLO;NO REPORTADO;NO REPORTADO;RESIDENCIAL;Normal;Otra-Conductor
2250153;8/02/2025;5:05:00 p. m.;Sábado;2025;Febrero;MOTOCICLETA;PARTICULAR;Motociclista;23;MASCULINO;HERIDOS;0;0;0;;CARRERA 48 CALLE 44 SUR;;LAS VEGAS;#N/A;CHOQUE;VEHICULO;NO REPORTADO;RESIDENCIAL;Normal;No mantener distancia de seguridad
2250153;8/02/2025;5:05:00 p. m.;Sábado;2025;Febrero;MOTOCICLETA;PARTICULAR;Acompañante;37;MASCULINO;HERIDOS;0;0;0;;CARRERA 48 CALLE 44 SUR;;LAS VEGAS;#N/A;CHOQUE;VEHICULO;NO REPORTADO;RESIDENCIAL;Normal;No mantener distancia de seguridad
2250155;8/02/2025;9:30:00 p. m.;Sábado;2025;Febrero;MOTOCICLETA;PARTICULAR;Motociclista;22;MASCULINO;HERIDOS;0;0;0;;CARRERA 50 FRENTE AL # 30 SUR-66;;LAS VEGAS;#N/A;CHOQUE;VEHICULO;NO REPORTADO;RESIDENCIAL;Normal;Otra-Conductor
2250155;8/02/2025;9:30:00 p. m.;Sábado;2025;Febrero;MOTOCICLETA;PARTICULAR;Acompañante;26;FEMENINO;HERIDOS;0;0;0;;CARRERA 50 FRENTE AL # 30 SUR-66;;LAS VEGAS;#N/A;CHOQUE;VEHICULO;NO REPORTADO;RESIDENCIAL;Normal;Otra-Conductor
2250155;8/02/2025;9:30:00 p. m.;Sábado;2025;Febrero;MOTOCICLETA;PARTICULAR;Motociclista;20;MASCULINO;HERIDOS;0;0;0;;CARRERA 50 FRENTE AL # 30 SUR-66;;LAS VEGAS;#N/A;CHOQUE;VEHICULO;NO REPORTADO;RESIDENCIAL;Normal;Otra-Conductor
2250156;8/02/2025;5:40:00 a. m.;Sábado;2025;Febrero;MOTOCICLETA;PARTICULAR;Motociclista;34;FEMENINO;HERIDOS;0;0;0;;CALLE 38 SUR CARRERA 34-33;;MESA;#N/A;OTRO;NO REPORTADO;NO REPORTADO;RESIDENCIAL;Normal;Impericia en el manejo
2250136;9/02/2025;6:45:00 a. m.;Domingo;2025;Febrero;MOTOCICLETA;PARTICULAR;Acompañante;23;FEMENINO;HERIDOS;0;0;0;;DIAGONAL 29 FRENTE AL # 25 SUR-80;;ALTO DE MISAEL;#N/A;CAIDA OCUPANTE;NO REPORTADO;NO REPORTADO;RESIDENCIAL;Lluvia;Impericia en el manejo
2250157;9/02/2025;12:00:00 p. m.;Domingo;2025;Febrero;MOTOCICLETA;PARTICULAR;Motociclista;23;FEMENINO;HERIDOS;0;0;0;;DIAGONAL 31 TRANSVERSAL 35  D SUR 20;;LA SEBASTIANA;#N/A;OTRO;NO REPORTADO;NO REPORTADO;RESIDENCIAL;Lluvia;Impericia en el manejo
2250158;9/02/2025;2:00:00 p. m.;Domingo;2025;Febrero;MOTOCICLETA;PARTICULAR;Motociclista;37;MASCULINO;HERIDOS;0;0;0;;CARRERA 27 G CALLE 35 SUR 175;;ZONA CENTRO;#N/A;CAIDA OCUPANTE;NO REPORTADO;NO REPORTADO;RESIDENCIAL;Lluvia;Impericia en el manejo
2250160;9/02/2025;1:05:00 p. m.;Domingo;2025;Febrero;AUTOMOVIL;PARTICULAR;Acompañante;32;FEMENINO;HERIDOS;0;0;0;;KILOMETRO 0 TRAMO 900;el escobero - km 0-13);VEREDA EL ESCOBERO;#N/A;VOLCAMIENTO;NO REPORTADO;NO REPORTADO;NO REPORTADO;Lluvia;Impericia en el manejo
2250160;9/02/2025;1:05:00 p. m.;Domingo;2025;Febrero;AUTOMOVIL;PARTICULAR;Conductor;47;MASCULINO;HERIDOS;0;0;0;;KILOMETRO 0 TRAMO 900;el escobero - km 0-13);VEREDA EL ESCOBERO;#N/A;VOLCAMIENTO;NO REPORTADO;NO REPORTADO;NO REPORTADO;Lluvia;Impericia en el manejo
2250170;9/02/2025;2:40:00 a. m.;Domingo;2025;Febrero;AUTOMOVIL;PUBLICO;Conductor;38;MASCULINO;HERIDOS;0;0;0;;CARRERA 43 A CALLE 21 SUR;;ZUÑIGA;#N/A;CHOQUE;VEHICULO;NO REPORTADO;RESIDENCIAL;Normal;Desobedecer señales
2250170;9/02/2025;2:40:00 a. m.;Domingo;2025;Febrero;AUTOMOVIL;PUBLICO;Pasajero;67;FEMENINO;HERIDOS;0;0;0;;CARRERA 43 A CALLE 21 SUR;;ZUÑIGA;#N/A;CHOQUE;VEHICULO;NO REPORTADO;RESIDENCIAL;Normal;Desobedecer señales
2250171;9/02/2025;11:25:00 a. m.;Domingo;2025;Febrero;MICROBUS;PUBLICO;Pasajero;59;MASCULINO;HERIDOS;0;0;0;;DIAGONAL 29 FRENTE AL # 34F SUR-81;;ALTO DE MISAEL;#N/A;CHOQUE;OBJETO FIJO;POSTE;RESIDENCIAL;Lluvia;Impericia en el manejo
2250171;9/02/2025;11:25:00 a. m.;Domingo;2025;Febrero;MICROBUS;PUBLICO;Pasajero;25;FEMENINO;HERIDOS;0;0;0;;DIAGONAL 29 FRENTE AL # 34F SUR-81;;ALTO DE MISAEL;#N/A;CHOQUE;OBJETO FIJO;POSTE;RESIDENCIAL;Lluvia;Impericia en el manejo
2250139;10/02/2025;6:40:00 p. m.;Lunes;2025;Febrero;MOTOCICLETA;PARTICULAR;Motociclista;25;MASCULINO;HERIDOS;0;0;0;;KILOMETRO 8+70;retiro varia palmas enviga (km 5+43 - km 14+ 550);VEREDA PALMAS;#N/A;CHOQUE;VEHICULO;NO REPORTADO;NO REPORTADO;Normal;Desobedecer señales
2250139;10/02/2025;6:40:00 p. m.;Lunes;2025;Febrero;MOTOCICLETA;PARTICULAR;Motociclista;41;MASCULINO;HERIDOS;0;0;0;;KILOMETRO 8+70;retiro varia palmas enviga (km 5+43 - km 14+ 550);VEREDA PALMAS;#N/A;CHOQUE;VEHICULO;NO REPORTADO;NO REPORTADO;Normal;Desobedecer señales
2250161;10/02/2025;3:00:00 p. m.;Lunes;2025;Febrero;MOTOCICLETA;PARTICULAR;Motociclista;21;MASCULINO;HERIDOS;0;0;0;;CALLE 30 SUR CARRERA 46 A 74;;JARDINES;#N/A;CAIDA OCUPANTE;NO REPORTADO;NO REPORTADO;COMERCIAL;Normal;Impericia en el manejo
2250162;10/02/2025;9:55:00 a. m.;Lunes;2025;Febrero;MOTOCICLETA;PARTICULAR;Motociclista;20;MASCULINO;HERIDOS;0;0;0;;CALLE 25 SUR CARRERA 46;;ZUÑIGA;#N/A;CAIDA OCUPANTE;NO REPORTADO;NO REPORTADO;RESIDENCIAL;Normal;Desobedecer señales
2250169;10/02/2025;4:05:00 p. m.;Lunes;2025;Febrero;MOTOCICLETA;PARTICULAR;Motociclista;67;MASCULINO;HERIDOS;0;0;0;;CARRERA 48 FRENTE AL # 39B SUR 12;;LAS VEGAS;#N/A;CHOQUE;VEHICULO;NO REPORTADO;RESIDENCIAL;Normal;Desobedecer señales
2250169;10/02/2025;4:05:00 p. m.;Lunes;2025;Febrero;MOTOCICLETA;PARTICULAR;Motociclista;39;MASCULINO;HERIDOS;0;0;0;;CARRERA 48 FRENTE AL # 39B SUR 12;;LAS VEGAS;#N/A;CHOQUE;VEHICULO;NO REPORTADO;RESIDENCIAL;Normal;Desobedecer señales
2250172;10/02/2025;1:05:00 p. m.;Lunes;2025;Febrero;MOTOCICLETA;PARTICULAR;Motociclista;19;MASCULINO;HERIDOS;0;0;0;;CARRERA 43 A CALLE 26 SUR;;VILLA GRANDE;#N/A;CHOQUE;VEHICULO;NO REPORTADO;RESIDENCIAL;Normal;No mantener distancia de seguridad
2250173;10/02/2025;10:30:00 a. m.;Lunes;2025;Febrero;MOTOCICLETA;PARTICULAR;Motociclista;73;MASCULINO;HERIDOS;0;0;0;;DIAGONAL 31C TRANSVERSAL 32C SUR;;LA MAGNOLIA;#N/A;CHOQUE;VEHICULO;NO REPORTADO;RESIDENCIAL;Normal;Adelantar invadiendo carril del mismo sentido en zigzag
2250178;10/02/2025;3:00:00 p. m.;Lunes;2025;Febrero;BICICLETA;;Ciclista;25;FEMENINO;HERIDOS;0;0;0;;CARRERA 49 ENTRE CALLE 39 SUR y CALLE 43 SUR;;LAS VEGAS;#N/A;CHOQUE;VEHICULO;NO REPORTADO;RESIDENCIAL;Normal;Desobedecer señales
2250163;11/02/2025;5:32:00 p. m.;Martes;2025;Febrero;MOTOCICLETA;PARTICULAR;Motociclista;49;MASCULINO;HERIDOS;0;0;0;;CALLE 39 SUR CARRERA 48 -49;;LAS VEGAS;#N/A;CAIDA OCUPANTE;NO REPORTADO;NO REPORTADO;INDUSTRIAL;Normal;Otra-Conductor
2250164;11/02/2025;10:25:00 p. m.;Martes;2025;Febrero;MOTOCICLETA;PARTICULAR;Motociclista;29;MASCULINO;HERIDOS;0;0;0;;CARRERA 42 A CALLE 26 A SUR;;LAS ORQUIDEAS;#N/A;CAIDA OCUPANTE;NO REPORTADO;NO REPORTADO;RESIDENCIAL;Normal;Superficie humeda
2250175;11/02/2025;2:35:00 p. m.;Martes;2025;Febrero;MOTOCICLETA;OFICIAL;Acompañante;34;FEMENINO;HERIDOS;0;0;0;;KILOMETRO 16+200;medellín palmas envigado (km 12 - km 16+700);VEREDA PALMAS;#N/A;CHOQUE;VEHICULO;NO REPORTADO;NO REPORTADO;Normal;No mantener distancia de seguridad
2250175;11/02/2025;2:35:00 p. m.;Martes;2025;Febrero;MOTOCICLETA;OFICIAL;Motociclista;39;MASCULINO;HERIDOS;0;0;0;;KILOMETRO 16+200;medellín palmas envigado (km 12 - km 16+700);VEREDA PALMAS;#N/A;CHOQUE;VEHICULO;NO REPORTADO;NO REPORTADO;Normal;No mantener distancia de seguridad
2250177;11/02/2025;6:00:00 p. m.;Martes;2025;Febrero;MOTOCICLETA;PARTICULAR;Motociclista;24;MASCULINO;HERIDOS;0;0;0;;CARRERA 43 A FRENTE AL # 27A SUR-138;;LAS VEGAS;#N/A;CHOQUE;VEHICULO;NO REPORTADO;RESIDENCIAL;Normal;Impericia en el manejo
2250177;11/02/2025;6:00:00 p. m.;Martes;2025;Febrero;MOTOCICLETA;PARTICULAR;Peaton;60;FEMENINO;HERIDOS;0;0;0;;CARRERA 43 A FRENTE AL # 27A SUR-138;;LAS VEGAS;#N/A;CHOQUE;VEHICULO;NO REPORTADO;RESIDENCIAL;Normal;Impericia en el manejo
2250145;12/02/2025;5:42:00 a. m.;Miércoles;2025;Febrero;CAMIONETA;PUBLICO;Acompañante;22;MASCULINO;HERIDOS;0;0;0;;KILOMETRO 12+930;medellín palmas envigado (km 12 - km 16+700);VEREDA PALMAS;#N/A;CHOQUE;OBJETO FIJO;MURO;NO REPORTADO;Normal;Otra-Conductor
2250145;12/02/2025;5:42:00 a. m.;Miércoles;2025;Febrero;CAMIONETA;PUBLICO;Conductor;46;MASCULINO;HERIDOS;0;0;0;;KILOMETRO 12+930;medellín palmas envigado (km 12 - km 16+700);VEREDA PALMAS;#N/A;CHOQUE;OBJETO FIJO;MURO;NO REPORTADO;Normal;Otra-Conductor
2250165;12/02/2025;12:00:00 p. m.;Miércoles;2025;Febrero;MOTOCICLETA;PARTICULAR;Motociclista;27;MASCULINO;HERIDOS;0;0;0;;CALLE 39 B SUR  CARRERA 31-34;;SAN JOSE;#N/A;CAIDA OCUPANTE;NO REPORTADO;NO REPORTADO;RESIDENCIAL;Normal;Impericia en el manejo
2250166;12/02/2025;9:50:00 p. m.;Miércoles;2025;Febrero;MOTOCICLETA;PARTICULAR;Motociclista;32;FEMENINO;HERIDOS;0;0;0;;CARRERA 48 CALLE 45 SUR 46;;LAS VEGAS;#N/A;CAIDA OCUPANTE;NO REPORTADO;NO REPORTADO;RESIDENCIAL;Normal;Arrancar sin precaucion
2250167;12/02/2025;8:00:00 a. m.;Miércoles;2025;Febrero;MOTOCICLETA;PARTICULAR;Motociclista;56;MASCULINO;HERIDOS;0;0;0;;CARRERA 42 B  CALLE 25 SUR 130;;LAS ORQUIDEAS;#N/A;CAIDA OCUPANTE;NO REPORTADO;NO REPORTADO;RESIDENCIAL;Normal;Otra-Conductor
2250168;12/02/2025;12:55:00 p. m.;Miércoles;2025;Febrero;MOTOCICLETA;PARTICULAR;Acompañante;29;FEMENINO;HERIDOS;0;0;0;;DIAGONAL 31C TRANSVERSAL  32 C SUR;;LAS FLORES;#N/A;CHOQUE;VEHICULO;NO REPORTADO;RESIDENCIAL;Normal;No mantener distancia de seguridad
2250168;12/02/2025;12:55:00 p. m.;Miércoles;2025;Febrero;MOTOCICLETA;PARTICULAR;Motociclista;34;MASCULINO;HERIDOS;0;0;0;;DIAGONAL 31C TRANSVERSAL  32 C SUR;;LAS FLORES;#N/A;CHOQUE;VEHICULO;NO REPORTADO;RESIDENCIAL;Normal;No mantener distancia de seguridad
2250176;12/02/2025;8:05:00 a. m.;Miércoles;2025;Febrero;MOTOCICLETA;PARTICULAR;Motociclista;31;MASCULINO;HERIDOS;0;0;0;;CARRERA 41 A FRENTE AL # 22 SUR-87;;ZUÑIGA;#N/A;CHOQUE;VEHICULO;NO REPORTADO;RESIDENCIAL;Normal;Desobedecer señales
2250181;14/02/2025;1:12:00 p. m.;Viernes;2025;Febrero;MOTOCICLETA;PARTICULAR;Motociclista;60;MASCULINO;HERIDOS;0;0;0;;CARRERA 40 A CALLE 40 D SUR;;EL DORADO;#N/A;CAIDA OCUPANTE;NO REPORTADO;NO REPORTADO;RESIDENCIAL;Normal;Impericia en el manejo
2250182;14/02/2025;7:10:00 p. m.;Viernes;2025;Febrero;MOTOCICLETA;PARTICULAR;Motociclista;46;MASCULINO;HERIDOS;0;0;0;;KILOMETRO 16 TRAMO 600;medellín palmas envigado (km 12 - km 16+700);VEREDA PALMAS;#N/A;CAIDA OCUPANTE;NO REPORTADO;NO REPORTADO;NO REPORTADO;Lluvia;Impericia en el manejo
2250183;14/02/2025;12:30:00 p. m.;Viernes;2025;Febrero;MOTOCICLETA;PARTICULAR;Motociclista;55;MASCULINO;HERIDOS;0;0;0;;KILOMETRO 1 TRAMO 900;medellín palmas envigado (km 12 - km 16+700);VEREDA EL ESCOBERO;#N/A;CAIDA OCUPANTE;NO REPORTADO;NO REPORTADO;NO REPORTADO;Normal;Impericia en el manejo
2250184;14/02/2025;9:50:00 p. m.;Viernes;2025;Febrero;MOTOCICLETA;PARTICULAR;Motociclista;21;MASCULINO;HERIDOS;0;0;0;;carrera 49 entre calle 43 sur y calle 39 sur ;;LAS VEGAS;#N/A;CAIDA OCUPANTE;NO REPORTADO;NO REPORTADO;INDUSTRIAL;Normal;Fallas en las llantas
2250184;14/02/2025;9:50:00 p. m.;Viernes;2025;Febrero;MOTOCICLETA;PARTICULAR;Acompañante;20;MASCULINO;HERIDOS;0;0;0;;carrera 49 entre calle 43 sur y calle 39 sur ;;LAS VEGAS;#N/A;CAIDA OCUPANTE;NO REPORTADO;NO REPORTADO;INDUSTRIAL;Normal;Fallas en las llantas
2250179;15/02/2025;10:00:00 p. m.;Sábado;2025;Febrero;AUTOMOVIL;PARTICULAR;Conductor;26;MASCULINO;HERIDOS;1;0;1;80;KILOMETRO 2+700;el escobero - km 0-13);VEREDA EL ESCOBERO;#N/A;CHOQUE;VEHICULO;NO REPORTADO;NO REPORTADO;Normal;Desobedecer señales  -  Embriaguez o droga
2250179;15/02/2025;10:00:00 p. m.;Sábado;2025;Febrero;AUTOMOVIL;PARTICULAR;Conductor;23;FEMENINO;HERIDOS;0;0;0;;KILOMETRO 2+700;el escobero - km 0-13);VEREDA EL ESCOBERO;#N/A;CHOQUE;VEHICULO;NO REPORTADO;NO REPORTADO;Normal;Desobedecer señales  -  Embriaguez o droga
2250174;16/02/2025;2:49:00 a. m.;Domingo;2025;Febrero;MOTOCICLETA;PARTICULAR;Motociclista;24;MASCULINO;MUERTOS;0;0;0;;CARRERA 50 ENTRE CALLE 37 SUR y CALLE 39 SUR;;LAS VEGAS;#N/A;CAIDA OCUPANTE;NO REPORTADO;NO REPORTADO;INDUSTRIAL;Lluvia;Embriaguez aparente